time,value
2006-01-01,13.903892914824649
2006-01-02,13.888349181371371
2006-01-03,13.8572764701809
2006-01-04,13.810674779941232
2006-01-05,13.74854411147932
2006-01-06,13.67088446439109
2006-01-07,13.57769583998552
2006-01-08,13.468978235530713
2006-01-09,13.41233048420603
2006-01-10,13.407752585044241
2006-01-11,13.455244540163921
2006-01-12,13.554806347394765
2006-01-13,13.706438006908506
2006-01-14,13.91013951906019
2006-01-15,14.165910885248902
2006-01-16,14.194851062261444
2006-01-17,13.996960050983976
2006-01-18,13.572237851143612
2006-01-19,12.920684462329694
2006-01-20,12.042299885824026
2006-01-21,10.93708412048394
2006-01-22,9.605037166128549
2006-01-23,9.129026987113962
2006-01-24,9.509053582911744
2006-01-25,10.745116954512453
2006-01-26,12.837217101593009
2006-01-27,15.78535402411865
2006-01-28,19.589527722176186
2006-01-29,24.249738197139212
2006-01-30,27.538183296382126
2006-01-31,29.454863020288833
2006-02-01,29.999777369454055
2006-02-02,29.175122106518952
2006-02-03,26.980897231557318
2006-02-04,23.417102744983488
2006-02-05,18.48373864616212
2006-02-06,14.407239362566955
2006-02-07,11.187604892751777
2006-02-08,8.824835237101794
2006-02-09,7.318930395313877
2006-02-10,6.669890367401211
2006-02-11,6.877715153296769
2006-02-12,7.9424047522770636
2006-02-13,8.788100789135868
2006-02-14,9.414803265232804
2006-02-15,9.822512179800118
2006-02-16,10.011227532103955
2006-02-17,9.980949324521095
2006-02-18,9.73167755317896
2006-02-19,9.263412221476253
2006-02-20,8.827507542425089
2006-02-21,8.423963513635872
2006-02-22,8.052780136986716
2006-02-23,7.713957411397456
2006-02-24,7.407495337404017
2006-02-25,7.13339391573231
2006-02-26,6.891653144950684
2006-02-27,6.721295270159221
2006-02-28,6.622320291900168
2006-03-01,6.59472820912023
2006-03-02,6.666426547711829
2006-03-03,6.837415305646568
2006-03-04,7.107694483826155
2006-03-05,7.477264082324826
2006-03-06,7.53380312879538
2006-03-07,7.27731162370816
2006-03-08,6.707789567895316
2006-03-09,5.8252369597082865
2006-03-10,4.629653800027782
2006-03-11,3.1210400879842934
2006-03-12,1.2993958243247699
2006-03-13,0.8265227728599962
2006-03-14,1.7024209332399929
2006-03-15,3.9270903053452213
2006-03-16,7.500530888560265
2006-03-17,12.4227426861692
2006-03-18,18.6937256966885
2006-03-19,26.31347992002549
2006-03-20,31.85497429763056
2006-03-21,35.31820882865353
2006-03-22,36.70318351492361
2006-03-23,36.00989835691319
2006-03-24,33.23835335280687
2006-03-25,28.3885485021702
2006-03-26,21.46048380618102
2006-03-27,15.882119876066835
2006-03-28,11.65345671055239
2006-03-29,8.774494309255418
2006-03-30,7.245232671174377
2006-03-31,7.065671798657205
2006-04-01,8.235811689726763
2006-04-02,10.695591750198249
2006-04-03,12.778446264638884
2006-04-04,14.484375233322282
2006-04-05,15.813378657351649
2006-04-06,16.765456536059325
2006-04-07,17.340608868781658
2006-04-08,17.538835656523357
2006-04-09,17.360136899287507
2006-04-10,17.235555318285815
2006-04-11,17.165090912219007
2006-04-12,17.14874368319744
2006-04-13,17.186513629398625
2006-04-14,17.278400752130885
2006-04-15,17.42440505075094
2006-04-16,17.624526525236476
2006-04-17,17.767279665344685
2006-04-18,17.852664472222887
2006-04-19,17.880680943626587
2006-04-20,17.85132908196568
2006-04-21,17.764608885409963
2006-04-22,17.62052035383565
2006-04-23,17.419063489203513
2006-04-24,17.189073299803752
2006-04-25,16.930549784636604
2006-04-26,16.64349294595098
2006-04-27,16.32790278189104
2006-04-28,15.9837792934295
2006-04-29,15.611122479968309
2006-04-30,15.209932342002462
2006-05-01,14.772749973538266
2006-05-02,14.355860642303833
2006-05-03,13.959264347790786
2006-05-04,13.582961089602469
2006-05-05,13.226950867625892
2006-05-06,12.891233683989984
2006-05-07,12.575809535248027
2006-05-08,12.282611398890463
2006-05-09,12.011639274336037
2006-05-10,11.76289316185912
2006-05-11,11.536373061610334
2006-05-12,11.332078972756806
2006-05-13,11.150010895296589
2006-05-14,10.990168829643554
2006-05-15,10.852038159093997
2006-05-16,10.735618882590659
2006-05-17,10.640910999019184
2006-05-18,10.567914509162513
2006-05-19,10.516629414163658
2006-05-20,10.48705571322477
2006-05-21,10.479193405876048
2006-05-22,10.493232314179119
2006-05-23,10.529172437604503
2006-05-24,10.5870137782021
2006-05-25,10.666756334083619
2006-05-26,10.768400105356841
2006-05-27,10.89194509204705
2006-05-28,11.037391294146484
2006-05-29,11.204470318042397
2006-05-30,11.393182161361612
2006-05-31,11.603526824031317
2006-06-01,11.835504306849753
2006-06-02,12.053276537988001
2006-06-03,12.256843517502013
2006-06-04,12.44620524471367
2006-06-05,12.622279031113056
2006-06-06,12.785064874235196
2006-06-07,12.934562776045606
2006-06-08,13.070772734811273
2006-06-09,13.193694752045396
2006-06-10,13.303328828098362
2006-06-11,13.39967496172373
2006-06-12,13.479217646333845
2006-06-13,13.541956883232082
2006-06-14,13.587892672901997
2006-06-15,13.617025013922206
2006-06-16,13.62935390690733
2006-06-17,13.624879351826316
2006-06-18,13.603601348015694
2006-06-19,13.579104049810182
2006-06-20,13.551387456926916
2006-06-21,13.520451566868925
2006-06-22,13.486296382176667
2006-06-23,13.448921902708571
2006-06-24,13.408328127203983
2006-06-25,13.364515056832683
2006-06-26,13.264963565856023
2006-06-27,13.109673656159767
2006-06-28,12.898645327577315
2006-06-29,12.631878579014042
2006-06-30,12.309373411476475
2006-07-01,11.93112982453353
2006-07-02,11.522760177921057
2006-07-03,11.190106635713008
2006-07-04,10.933169199826512
2006-07-05,10.751947869398553
2006-07-06,16.0904864114734
2006-07-07,10.616653525985845
2006-07-08,10.662580512032298
2006-07-09,10.784223603517086
2006-07-10,10.889148191544193
2006-07-11,10.977354274843282
2006-07-12,11.048841854171332
2006-07-13,11.103610927741675
2006-07-14,11.141661498146892
2006-07-15,11.162993564441757
2006-07-16,11.167607126298403
2006-07-17,11.139307580926381
2006-07-18,11.078094928648458
2006-07-19,10.98396917166189
2006-07-20,10.856930307218098
2006-07-21,10.696978336069417
2006-07-22,10.5041132583751
2006-07-23,17.476771682228918
2006-07-24,10.147552684313625
2006-07-25,10.111766086567483
2006-07-26,10.17097528200225
2006-07-27,10.325180270780113
2006-07-28,10.574381052992882
2006-07-29,10.918577628939708
2006-07-30,11.357769998084354
2006-07-31,11.76615908335232
2006-08-01,12.143744886732588
2006-08-02,12.473217919329226
2006-08-03,12.754578180146225
2006-08-04,12.987825669323987
2006-08-05,13.172960387046166
2006-08-06,13.309982332778613
2006-08-07,13.40427326229532
2006-08-08,13.455833175606088
2006-08-09,13.464662071531759
2006-08-10,13.43075995055303
2006-08-11,13.354126813245273
2006-08-12,13.234762659205241
2006-08-13,13.072667488440583
2006-08-14,12.983067690391128
2006-08-15,12.965963264446524
2006-08-16,19.568675949714976
2006-08-17,13.149240529568027
2006-08-18,13.349622219892357
2006-08-19,13.622499283658707
2006-08-20,13.967871718593983
2006-08-21,14.25579829709867
2006-08-22,14.486279017702799
2006-08-23,14.659313881084056
2006-08-24,14.774902886253447
2006-08-25,14.833046034156117
2006-08-26,14.833743324451454
2006-08-27,14.776994757962076
2006-08-28,14.732832137632423
2006-08-29,14.701255465879576
2006-08-30,14.682264740901969
2006-08-31,14.675859963210238
2006-09-01,14.682041132668779
2006-09-02,14.696594313513284
2006-09-03,14.71951950432453
2006-09-04,14.708793201761452
2006-09-05,14.664415403789768
2006-09-06,14.58638611078488
2006-09-07,14.474705325251806
2006-09-08,14.329373044465115
2006-09-09,14.150389268296617
2006-09-10,13.937753999883508
2006-09-11,13.794782387929649
2006-09-12,13.721474436469268
2006-09-13,13.71783014301799
2006-09-14,13.783849508268403
2006-09-15,13.919532532498863
2006-09-16,14.124879215091607
2006-09-17,14.399889555514454
2006-09-18,14.360412053958388
2006-09-19,14.006446708491255
2006-09-20,13.33799351965856
2006-09-21,12.355052487346228
2006-09-22,11.057623611046216
2006-09-23,9.445706892177872
2006-09-24,7.519302328569289
2006-09-25,6.759719715725755
2006-09-26,7.166959051711317
2006-09-27,8.741020338615908
2006-09-28,11.481903575458619
2006-09-29,15.38960876279523
2006-09-30,20.464135899514712
2006-10-01,26.705484989249452
2006-10-02,31.07784082736676
2006-10-03,33.581203415913166
2006-10-04,34.21557275487764
2006-10-05,32.980948843051976
2006-10-06,29.877331682208954
2006-10-07,24.904721272326977
2006-10-08,18.063117609451265
2006-10-09,12.476879730079341
2006-10-10,8.146007632683345
2006-10-11,5.070501316898793
2006-10-12,3.250360781621289
2006-10-13,2.68558602803933
2006-10-14,3.376177053996333
2006-10-15,5.3221338627531205
2006-10-16,6.6993038832236245
2006-10-17,7.507687115380087
2006-10-18,7.74728356098019
2006-10-19,7.41809321849129
2006-10-20,6.5201160888864065
2006-10-21,5.05335217206608
2006-10-22,3.017801466048541
2006-10-23,2.144945770042483
2006-10-24,2.4347850817148577
2006-10-25,3.8873194011346657
2006-10-26,6.502548729210499
2006-10-27,10.280473065668334
2006-10-28,15.221092411380665
2006-10-29,21.324406767269217
2006-10-30,25.71482629067619
2006-10-31,28.39235098234493
2006-11-01,29.35698084405913
2006-11-02,28.60448281466357
2006-11-03,26.134856893735545
2006-11-04,21.948103080714674
2006-11-05,16.044221374908375
2006-11-06,11.225678070549298
2006-11-07,7.492473165752008
2006-11-08,4.844606659912234
2006-11-09,3.2820785534670494
2006-11-10,2.8048888461892476
2006-11-11,3.413037538050375
2006-11-12,5.1065246294342925
2006-11-13,6.528626509547817
2006-11-14,7.679343181668587
2006-11-15,8.558674643971855
2006-11-16,9.166620896405961
2006-11-17,9.50318194094764
2006-11-18,9.568357773945099
2006-11-19,9.362148398620453
2006-11-20,9.235952408994802
2006-11-21,9.189769806902316
2006-11-22,9.223600590808935
2006-11-23,9.337444760691465
2006-11-24,9.531302316282167
2006-11-25,9.805173259245233
2006-11-26,10.159057588938122
2006-11-27,10.500159707314413
2006-11-28,10.828479613430654
2006-11-29,11.144017308428085
2006-11-30,11.44677279234184
2006-12-01,11.736746066126202
2006-12-02,11.988363163580669
2006-12-03,12.201624086495737
2006-12-04,12.4079120773487
2006-12-05,12.607227136758894
2006-12-06,12.799569265674483
2006-12-07,12.98493846312028
2006-12-08,13.163334728328032
2006-12-09,13.33475806240465
2006-12-10,13.499208464263466
2006-12-11,13.62002565585303
2006-12-12,13.69720963568021
2006-12-13,13.730760403428427
2006-12-14,13.720677959760712
2006-12-15,13.666962303859794
2006-12-16,13.569613437093228
2006-12-17,13.42863135930292
2006-12-18,13.363856480650444
2006-12-19,13.37528880136632
2006-12-20,13.462928322515912
2006-12-21,13.626775043157927
2006-12-22,13.866828964148278
2006-12-23,14.183090084627832
2006-12-24,14.575558404248019
2006-12-25,14.586552507967333
2006-12-26,14.216072394894333
2006-12-27,13.464118064414949
2006-12-28,12.330689517055182
2006-12-29,10.815786752567707
2006-12-30,8.919409771166809
2006-12-31,6.641558572949012
2007-01-01,5.6211391308561165
2007-01-02,5.885383396316154
2007-01-03,7.434291367346093
2007-01-04,10.267863046139812
2007-01-05,21.620708086253753
2007-01-06,19.788997520831607
2007-01-07,26.47656032007584
2007-01-08,31.271696332849647
2007-01-09,34.17440555946399
2007-01-10,35.18468800069101
2007-01-11,34.30254365495556
2007-01-12,31.527972524887815
2007-01-13,26.86097460874027
2007-01-14,20.301549905926688
2007-01-15,14.71428175640349
2007-01-16,10.099170158654958
2007-01-17,6.456215112778031
2007-01-18,3.785416619728926
2007-01-19,2.08677467658634
2007-01-20,1.3602892852204085
2007-01-21,1.6059604447454285
2007-01-22,2.528102430347661
2007-01-23,4.126715243727528
2007-01-24,6.401798883351393
2007-01-25,9.353353349932458
2007-01-26,12.98137864381996
2007-01-27,17.28587476575985
2007-01-28,22.266841715473802
2007-01-29,25.77780825475532
2007-01-30,27.818774382982316
2007-01-31,28.389740100659985
2007-02-01,27.49070540791946
2007-02-02,25.122412793066395
2007-02-03,21.284862257002796
2007-02-04,15.97805379672943
2007-02-05,11.642200944910478
2007-02-06,8.27730370119886
2007-02-07,5.883362064825348
2007-02-08,4.460376035305773
2007-02-09,4.008345612096543
2007-02-10,4.527270795880996
2007-02-11,6.017151587260838
2007-02-12,7.26824446568109
2007-02-13,8.280549430117809
2007-02-14,9.054066481559587
2007-02-15,9.58879562104827
2007-02-16,9.884736848199633
2007-02-17,9.941890162365159
2007-02-18,9.760255562864444
2007-02-19,9.653256191974345
2007-02-20,9.620892050726933
2007-02-21,9.663163138424219
2007-02-22,9.78006945329088
2007-02-23,9.971610997577775
2007-02-24,10.237787770002216
2007-02-25,10.578599772502711
2007-02-26,10.910920063359326
2007-02-27,11.234748646183528
2007-02-28,11.550085518826512
2007-03-01,11.85693068275627
2007-03-02,12.129186012877447
2007-03-03,12.36685150920898
2007-03-04,12.569927172656207
2007-03-05,12.767888482640517
2007-03-06,12.960735437701828
2007-03-07,13.148468040282793
2007-03-08,13.331086288239923
2007-03-09,13.50859018180487
2007-03-10,13.680979723026397
2007-03-11,13.848254910746437
2007-03-12,13.971956328812634
2007-03-13,14.052083979843296
2007-03-14,14.088637860735187
2007-03-15,14.081617974552598
2007-03-16,14.031024320754042
2007-03-17,13.936856897244573
2007-03-18,13.799115705014454
2007-03-19,13.68517472720432
2007-03-20,13.595033962611744
2007-03-21,13.52869341273254
2007-03-22,13.4861530758298
2007-03-23,16.927967904944186
2007-03-24,13.472473043259766
2007-03-25,13.501333348147732
2007-03-26,13.499922476747978
2007-03-27,13.468240430730223
2007-03-28,13.406287209459821
2007-03-29,13.314062812057857
2007-03-30,13.19156723974622
2007-03-31,13.038800491279336
2007-04-01,12.855762567116258
2007-04-02,12.640857171186799
2007-04-03,12.394084301098692
2007-04-04,12.1154439580748
2007-04-05,11.804936141925744
2007-04-06,11.462560853023152
2007-04-07,11.088318090668485
2007-04-08,10.682207855809907
2007-04-09,10.366944980648148
2007-04-10,10.142529465993048
2007-04-11,10.0089613115004
2007-04-12,9.96624051837248
2007-04-13,10.014367084805393
2007-04-14,16.63434549554166
2007-04-15,10.383162298372948
2007-04-16,10.574545300940306
2007-04-17,10.727490017564591
2007-04-18,10.84199644985886
2007-04-19,10.91806459588466
2007-04-20,10.955694457398964
2007-04-21,10.954886033624256
2007-04-22,10.915639325165051
2007-04-23,10.901346117172029
2007-04-24,10.912006409310983
2007-04-25,10.947620202095868
2007-04-26,11.008187493942648
2007-04-27,11.093708287734545
2007-04-28,11.204182581693015
2007-04-29,11.339610375386929
2007-04-30,11.48351842352714
2007-05-01,11.635906724785348
2007-05-02,11.775214690208998
2007-05-03,11.901442318783367
2007-05-04,12.014589610118346
2007-05-05,12.114656563932444
2007-05-06,12.20164318229046
2007-05-07,12.280109818424403
2007-05-08,12.350056473486816
2007-05-09,12.411483147615465
2007-05-10,12.464389839911739
2007-05-11,12.508776551488838
2007-05-12,12.544643281587728
2007-05-13,12.571990030724747
2007-05-14,12.588478578513339
2007-05-15,12.594108926313254
2007-05-16,12.588881072782087
2007-05-17,12.5727950179777
2007-05-18,12.545850761574101
2007-05-19,12.508048305706025
2007-05-20,12.459387648488002
2007-05-21,12.404953590787617
2007-05-22,12.344746132990121
2007-05-23,12.278765274820241
2007-05-24,12.207011016541161
2007-05-25,12.129483358705896
2007-05-26,12.046182299880087
2007-05-27,11.95710784195664
2007-05-28,11.843623399205645
2007-05-29,11.705728972617491
2007-05-30,11.543424562948957
2007-05-31,11.356710169502543
2007-06-01,11.14558579183844
2007-06-02,10.925643559692892
2007-06-03,10.696883471183774
2007-06-04,10.531096636415976
2007-06-05,10.428283053958872
2007-06-06,10.388442722247879
2007-06-07,10.411575642499479
2007-06-08,10.497681815254799
2007-06-09,10.646761240231069
2007-06-10,10.858813917631906
2007-06-11,10.856338113634
2007-06-12,10.639333828783455
2007-06-13,10.207801063174452
2007-06-14,9.561739817398289
2007-06-15,8.701150089814243
2007-06-16,7.626031881133801
2007-06-17,6.336385192115587
2007-06-18,5.905113562678584
2007-06-19,6.332216995197404
2007-06-20,7.617695489261623
2007-06-21,9.761549044261052
2007-06-22,12.763777658681276
2007-06-23,16.624381336254526
2007-06-24,21.343360075173205
2007-06-25,24.71376828036618
2007-06-26,26.735605951356717
2007-06-27,27.40887308637357
2007-06-28,26.733569688522092
2007-06-29,24.709695757643917
2007-06-30,21.337251291390245
2007-07-01,16.61623629148905
2007-07-02,12.752672360563142
2007-07-03,9.746559498945675
2007-07-04,7.597897707796833
2007-07-05,6.30668698477294
2007-07-06,5.872927329689135
2007-07-07,6.296618743626789
2007-07-08,7.577761225927636
2007-07-09,8.643645517248784
2007-07-10,9.494271615166305
2007-07-11,10.129639521481645
2007-07-12,10.549749236035908
2007-07-13,10.754600759588373
2007-07-14,10.744194091206705
2007-07-15,10.518529230605237
2007-07-16,10.354344407845625
2007-07-17,10.25163962263462
2007-07-18,10.210414875065862
2007-07-19,10.230670165397646
2007-07-20,10.31240549186007
2007-07-21,10.455620857268125
2007-07-22,10.660316259920062
2007-07-23,10.857655766681402
2007-07-24,11.047639375090272
2007-07-25,11.230267086418818
2007-07-26,11.405538901593557
2007-07-27,11.573454819492163
2007-07-28,11.734014840695114
2007-07-29,11.887218964256544
2007-07-30,12.040277191460248
2007-07-31,12.193189523480907
2007-08-01,12.345955959165849
2007-08-02,12.470041923041228
2007-08-03,12.565447415521279
2007-08-04,12.632172436542
2007-08-05,12.67021698598189
2007-08-06,12.718675746431131
2007-08-07,12.77754871685924
2007-08-08,12.84683589822208
2007-08-09,12.92653728977896
2007-08-10,13.016652892522568
2007-08-11,13.11718270537298
2007-08-12,13.228126728746677
2007-08-13,13.18100939665881
2007-08-14,12.975830709867134
2007-08-15,12.612590667969993
2007-08-16,12.09128926989598
2007-08-17,11.411926516049938
2007-08-18,10.57450240755734
2007-08-19,9.579016943253169
2007-08-20,9.081337151996923
2007-08-21,9.081463032607344
2007-08-22,9.579394586245431
2007-08-23,10.575131812927102
2007-08-24,12.068674712491326
2007-08-25,14.060023285772807
2007-08-26,16.549177530494646
2007-08-27,18.68411698623447
2007-08-28,20.464841651968484
2007-08-29,21.891351527263513
2007-08-30,22.9636466125653
2007-08-31,23.681726908874502
2007-09-01,24.045592414737197
2007-09-02,24.107379947429855
2007-09-03,23.634837126881227
2007-09-04,22.627963955084866
2007-09-05,21.086760431636357
2007-09-06,19.011226556467772
2007-09-07,16.40136232970198
2007-09-08,13.257167749884337
2007-09-09,9.578642815970872
2007-09-10,6.33902553295145
2007-09-11,3.5383158974091513
2007-09-12,1.1765139096835346
2007-09-13,-0.7463804299508938
2007-09-14,-2.2303671228037043
2007-09-15,-3.2754461668079227
2007-09-16,-3.8816175637927444
2007-09-17,-3.624501244217692
2007-09-18,-2.504097206939707
2007-09-19,-0.5204054529946847
2007-09-20,2.3265740185920842
2007-09-21,6.036841209033808
2007-09-22,10.610396116134416
2007-09-23,16.047238742485632
2007-09-24,19.948157006248145
2007-09-25,22.313150907735995
2007-09-26,23.142220447513054
2007-09-27,22.435365625679843
2007-09-28,20.19258644107612
2007-09-29,16.413882895140816
2007-09-30,11.099254986199199
2007-10-01,6.8556014448131615
2007-10-02,3.651804643745196
2007-10-03,1.4878645815476021
2007-10-04,0.36378125771111236
2007-10-05,0.27955467373117937
2007-10-06,1.235184829240529
2007-10-07,3.2306717230455106
2007-10-08,4.777241211659296
2007-10-09,5.874893294252455
2007-10-10,6.523627971018643
2007-10-11,6.723445243333076
2007-10-12,6.474345109661352
2007-10-13,5.7763275699294825
2007-10-14,4.629392624872708
2007-10-15,4.279344551737051
2007-10-16,4.726183351051278
2007-10-17,5.969909022066782
2007-10-18,8.010521565143955
2007-10-19,10.848020980273121
2007-10-20,14.482407268233262
2007-10-21,18.913680428717026
2007-10-22,22.160293031020725
2007-10-23,24.22224507506997
2007-10-24,25.099536560942788
2007-10-25,24.792167489450797
2007-10-26,23.300137860193853
2007-10-27,20.623447672941644
2007-10-28,16.762096928234875
2007-10-29,13.63830128751351
2007-10-30,11.252060751787294
2007-10-31,9.603375320941385
2007-11-01,8.692244993530528
2007-11-02,8.49892610951322
2007-11-03,9.023418667188707
2007-11-04,10.265722666971193
2007-11-05,11.284109144051246
2007-11-06,12.078578098329508
2007-11-07,12.649129529609189
2007-11-08,12.995763438080605
2007-11-09,13.118479822761374
2007-11-10,13.017278684686936
2007-11-11,12.69216002454521
2007-11-12,12.43691909301307
2007-11-13,12.251555890308085
2007-11-14,12.136070415874883
2007-11-15,12.090462670525463
2007-11-16,12.114732654742758
2007-11-17,12.208880367900441
2007-11-18,12.372905809538969
2007-11-19,12.336632530650974
2007-11-20,12.100060534833595
2007-11-21,11.663189819643847
2007-11-22,11.02602038470091
2007-11-23,10.188552230806437
2007-11-24,9.15078535666597
2007-11-25,7.912719765342711
2007-11-26,7.295038049916353
2007-11-27,7.297740209304952
2007-11-28,7.920826245253794
2007-11-29,9.164296158377544
2007-11-30,11.028149947073656
2007-12-01,13.512387612828627
2007-12-02,16.66248572427854
2007-12-03,18.82586144340768
2007-12-04,20.00251476950228
2007-12-05,20.192445701892215
2007-12-06,19.395654240528813
2007-12-07,17.61214038698797
2007-12-08,14.841904139550081
2007-12-09,11.08494549870044
2007-12-10,7.949816825032102
2007-12-11,5.436518119921184
2007-12-12,3.5450493814007222
2007-12-13,2.275410610931054
2007-12-14,1.6276018059148765
2007-12-15,1.6016229690733539
2007-12-16,2.1974740982254213
2007-12-17,8.812366507105821
2007-12-18,3.142737762065149
2007-12-19,3.4921502970482994
2007-12-20,3.759416633005203
2007-12-21,3.9445367719503883
2007-12-22,4.047510711444896
2007-12-23,4.068338454220605
2007-12-24,4.166662227718127
2007-12-25,4.3424820351363325
2007-12-26,4.595797874639545
2007-12-27,4.926609745974156
2007-12-28,5.3349176500584266
2007-12-29,5.820721587198433
2007-12-30,6.384021556444605
2007-12-31,6.743420193560921
2008-01-01,6.898917498958126
2008-01-02,6.818608996437996
2008-01-03,6.502494685463944
2008-01-04,5.950574566656078
2008-01-05,5.162848639279975
2008-01-06,4.139316903664149
2008-01-07,3.9900510340196043
2008-01-08,4.715051030445716
2008-01-09,6.314316894279453
2008-01-10,8.787848622929959
2008-01-11,12.135646218999034
2008-01-12,16.357709682529467
2008-01-13,21.454039012876787
2008-01-14,25.13837794165878
2008-01-15,27.410726469438288
2008-01-16,28.271084595217733
2008-01-17,27.71945232020605
2008-01-18,25.75582964414986
2008-01-19,22.38021656675643
2008-01-20,17.59261308673726
2008-01-21,13.679578563673164
2008-01-22,10.641112997732977
2008-01-23,8.47721638704388
2008-01-24,7.187888731854555
2008-01-25,6.7731300329131505
2008-01-26,7.232940288880501
2008-01-27,8.567319500980656
2008-01-28,9.664642663077018
2008-01-29,10.52490977356664
2008-01-30,11.148120834584208
2008-01-31,11.534275845948724
2008-02-01,11.683374806344355
2008-02-02,11.597616722206764
2008-02-03,11.27700159290848
2008-02-04,11.009031184952102
2008-02-05,10.793705501150606
2008-02-06,10.631024539563514
2008-02-07,10.520988300946783
2008-02-08,10.46359678494903
2008-02-09,10.458849991162989
2008-02-10,10.506747920459816
2008-02-11,10.532970784891372
2008-02-12,10.537518582395226
2008-02-13,10.520391313391555
2008-02-14,10.481588979415573
2008-02-15,10.421111579225398
2008-02-16,10.33895911378096
2008-02-17,10.235131581608634
2008-02-18,10.128696341891176
2008-02-19,10.019653395444278
2008-02-20,9.908002741536631
2008-02-21,9.793744380573255
2008-02-22,9.67687831147712
2008-02-23,9.557404535574122
2008-02-24,9.435323052546613
2008-02-25,9.306300798053169
2008-02-26,9.17033777230332
2008-02-27,9.02743397511488
2008-02-28,8.877589406510463
2008-02-29,8.720804067037927
2008-03-01,8.557077954817672
2008-03-02,8.399116432860188
2008-03-03,8.245726031049378
2008-03-04,8.09690674912761
2008-03-05,7.952658586759345
2008-03-06,7.812981544155448
2008-03-07,7.67787562198456
2008-03-08,7.547340819099787
2008-03-09,7.421377137909988
2008-03-10,7.309240703882583
2008-03-11,7.210931517079194
2008-03-12,7.126449578878721
2008-03-13,7.055794889527036
2008-03-14,6.998967448264477
2008-03-15,6.955967254968101
2008-03-16,6.926794308213141
2008-03-17,6.87446055091921
2008-03-18,6.798965983090186
2008-03-19,6.7003106038156925
2008-03-20,6.578494412770443
2008-03-21,6.433517410248876
2008-03-22,6.2653795967220605
2008-03-23,6.07408097308603
2008-03-24,5.917353136938909
2008-03-25,5.7951960890297105
2008-03-26,10.500538726610877
2008-03-27,5.654594357338672
2008-03-28,5.636149674002593
2008-03-29,5.652275779803221
2008-03-30,5.702972672062275
2008-03-31,5.785068410324174
2008-04-01,5.898562994279656
2008-04-02,9.326449390622653
2008-04-03,6.193485416791977
2008-04-04,6.374913255969874
2008-04-05,6.578985512552008
2008-04-06,6.805702188997226
2008-04-07,6.929995510385511
2008-04-08,6.951865476870935
2008-04-09,6.871312089801458
2008-04-10,6.688335348761486
2008-04-11,6.40293525250682
2008-04-12,6.015111802351484
2008-04-13,5.524864996962883
2008-04-14,5.360515746235999
2008-04-15,5.522064050691222
2008-04-16,6.009509909210378
2008-04-17,6.8228533215277976
2008-04-18,7.962094289261536
2008-04-19,9.427232812660089
2008-04-20,11.21826888955931
2008-04-21,13.09004880502852
2008-04-22,15.042572556382682
2008-04-23,17.075840146723277
2008-04-24,19.189851574150467
2008-04-25,21.384606839417003
2008-04-26,23.660105944061268
2008-04-27,26.016348885779855
2008-04-28,27.29957375878038
2008-04-29,27.509780562354507
2008-04-30,26.646969296118833
2008-05-01,24.711139959633094
2008-05-02,21.717239968812674
2008-05-03,17.665269322042157
2008-05-04,12.555228021023451
2008-05-05,8.445522099506922
2008-05-06,5.336151557536338
2008-05-07,3.2271163960143916
2008-05-08,2.118416613667273
2008-05-09,2.0100522102872174
2008-05-10,10.136632843801689
2008-05-11,4.79432954234721
2008-05-12,6.229844872608839
2008-05-13,7.208569177463886
2008-05-14,7.730502455205336
2008-05-15,7.795644709218443
2008-05-16,7.403995936822941
2008-05-17,6.555556138421665
2008-05-18,5.250325315544444
2008-05-19,4.776212393061365
2008-05-20,5.133217370912568
2008-05-21,6.3213402499745435
2008-05-22,8.340581028515091
2008-05-23,11.190939709359613
2008-05-24,14.87241629111067
2008-05-25,19.38501077452427
2008-05-26,22.703704554514438
2008-05-27,24.82849763420831
2008-05-28,25.75939001107776
2008-05-29,25.496381686905842
2008-05-30,24.039472660585695
2008-05-31,21.388662932830496
2008-06-01,17.54395250272295
2008-06-02,14.422631271266004
2008-06-03,12.024699239516835
2008-06-04,10.350156406377613
2008-06-05,9.399002770134484
2008-06-06,9.171238332821032
2008-06-07,9.66686309361384
2008-06-08,10.885877053359641
2008-06-09,11.866297505757398
2008-06-10,12.608124449846954
2008-06-11,13.111357886706617
2008-06-12,13.375997817035397
2008-06-13,13.402044240517576
2008-06-14,13.18949715604646
2008-06-15,12.73835656362867
2008-06-16,12.354088027362943
2008-06-17,12.03669154728441
2008-06-18,11.786167122176254
2008-06-19,11.602514751647542
2008-06-20,11.485734437677333
2008-06-21,11.435826178455427
2008-06-22,11.45278997507877
2008-06-23,11.238563086003735
2008-06-24,10.793145510562558
2008-06-25,10.116537249484091
2008-06-26,9.20873830343416
2008-06-27,8.069748671303735
2008-06-28,6.699568352978884
2008-06-29,5.098197348358194
2008-06-30,4.189678901543969
2008-07-01,3.9740130116147094
2008-07-02,4.51862378212542
2008-07-03,5.823511213475089
2008-07-04,7.8886753063115655
2008-07-05,10.714116059589282
2008-07-06,14.299833474081831
2008-07-07,16.67518380544408
2008-07-08,17.84016705474913
2008-07-09,17.794783220514155
2008-07-10,16.539032303450217
2008-07-11,14.072914304386465
2008-07-12,10.396429221347123
2008-07-13,5.509577055142517
2008-07-14,1.9883043256689348
2008-07-15,-0.16738896889653088
2008-07-16,-0.9575028267751797
2008-07-17,-0.38203724917073334
2008-07-18,1.5590077640113078
2008-07-19,4.865632212463065
2008-07-20,9.537836098102032
2008-07-21,13.027033771621824
2008-07-22,15.333225234689406
2008-07-23,16.456410486818584
2008-07-24,16.396589527367652
2008-07-25,15.15376235769981
2008-07-26,12.727928976887085
2008-07-27,9.119089384687367
2008-07-28,6.288338000558394
2008-07-29,4.235674823131453
2008-07-30,2.9610998525517864
2008-07-31,2.4646130894773433
2008-08-01,2.746214533073729
2008-08-02,3.7361714260400376
2008-08-03,5.434483769429802
2008-08-04,6.733125701043113
2008-08-05,7.6320972201973785
2008-08-06,8.131398327365659
2008-08-07,8.231029023232345
2008-08-08,7.930989307205934
2008-08-09,7.231279179551191
2008-08-10,6.13189863951565
2008-08-11,5.7647256302313865
2008-08-12,6.129760153054893
2008-08-13,7.227002205985985
2008-08-14,9.05645179002502
2008-08-15,11.61810890471539
2008-08-16,14.911973551137567
2008-08-17,18.938045730647247
2008-08-18,21.63850555707766
2008-08-19,23.01335303081514
2008-08-20,23.062588153105942
2008-08-21,21.78621092422849
2008-08-22,19.184221343665996
2008-08-23,15.256619410917471
2008-08-24,10.00340512476729
2008-08-25,6.271755254791593
2008-08-26,4.061669801222448
2008-08-27,3.3731487625417853
2008-08-28,4.206192139224468
2008-08-29,6.5607999310215295
2008-08-30,10.43697213838666
2008-08-31,15.834708761850248
2008-09-01,20.06337168830526
2008-09-02,23.191865435290175
2008-09-03,25.220190005766103
2008-09-04,26.14834539771837
2008-09-05,25.976331612661074
2008-09-06,24.704148650072987
2008-09-07,22.331796510082157
2008-09-08,19.79007966783881
2008-09-09,17.07899812547017
2008-09-10,14.198551880798528
2008-09-11,11.14874093500168
2008-09-12,7.929565286800557
2008-09-13,4.5410249358140256
2008-09-14,0.9831198820856653
2008-09-15,-1.359992817958915
2008-09-16,-2.4883131637439098
2008-09-17,-2.401841155892459
2008-09-18,-1.1005767951424144
2008-09-19,1.415479920371931
2008-09-20,5.14632898906464
2008-09-21,10.091970413464143
2008-09-22,14.019338373735222
2008-09-23,16.92843287051683
2008-09-24,18.819253905372477
2008-09-25,19.69180147783937
2008-09-26,19.54607558737195
2008-09-27,18.382076234701778
2008-09-28,16.199803418247235
2008-09-29,14.741155053872713
2008-09-30,14.006131140946092
2008-10-01,13.99473167932726
2008-10-02,14.647813814885318
2008-10-03,15.96537754863845
2008-10-04,17.94742288285624
2008-10-05,20.593949816446127
2008-10-06,22.32517441391616
2008-10-07,23.141096674880963
2008-10-08,23.04171660014636
2008-10-09,22.027034190843228
2008-10-10,20.09704944621405
2008-10-11,17.251762364659953
2008-10-12,13.491172947091316
2008-10-13,10.459753438812161
2008-10-14,8.157503840436531
2008-10-15,6.584424150233136
2008-10-16,5.740514368405141
2008-10-17,5.625774494494849
2008-10-18,6.240204529488017
2008-10-19,7.583804473273507
2008-10-20,8.532559530548678
2008-10-21,9.086469702411083
2008-10-22,9.245534987451938
2008-10-23,9.009755387846708
2008-10-24,8.379130903178975
2008-10-25,7.353661531858574
2008-10-26,5.933347274416744
2008-10-27,5.264311005011673
2008-10-28,5.346552722474794
2008-10-29,6.180072427958015
2008-10-30,7.764870119850179
2008-10-31,10.100945798728949
2008-11-01,13.18829946616203
2008-11-02,17.066001602157744
2008-11-03,20.30368191135746
2008-11-04,22.90134039557752
2008-11-05,24.858977053494446
2008-11-06,26.176591887023825
2008-11-07,26.854184895101795
2008-11-08,26.891756077368388
2008-11-09,26.289305434848572
2008-11-10,25.232383476742307
2008-11-11,23.72099020409328
2008-11-12,21.755125615925746
2008-11-13,19.33478971250002
2008-11-14,16.459982493178817
2008-11-15,13.130703958622398
2008-11-16,9.34695410671865
2008-11-17,6.31009956057242
2008-11-18,4.020140320014519
2008-11-19,2.4770763844380483
2008-11-20,8.91551741071312
2008-11-21,1.6316344284238675
2008-11-22,2.32925640699115
2008-11-23,3.773773690905523
2008-11-24,4.892728723112549
2008-11-25,5.686121502161841
2008-11-26,6.1539520283802664
2008-11-27,6.29622030352707
2008-11-28,6.112926324694902
2008-11-29,5.604070094438846
2008-11-30,4.769651611636995
2008-12-01,4.493112089986678
2008-12-02,4.742886788634568
2008-12-03,5.518975707298058
2008-12-04,6.821378845541151
2008-12-05,8.650096205634611
2008-12-06,11.005127784644117
2008-12-07,13.886473585274196
2008-12-08,16.445535170648178
2008-12-09,18.68231254252741
2008-12-10,20.59680569831486
2008-12-11,22.18901464061174
2008-12-12,23.458939368595207
2008-12-13,24.40657988375879
2008-12-14,25.031936184434123
2008-12-15,24.9413377212628
2008-12-16,24.134784493580803
2008-12-17,22.612276502424844
2008-12-18,20.373813747586127
2008-12-19,17.41939622823502
2008-12-20,13.749023943783127
2008-12-21,9.362696894415077
2008-12-22,6.201300817285308
2008-12-23,4.264835712778469
2008-12-24,3.553301579316297
2008-12-25,4.0666984178352665
2008-12-26,5.805026227705056
2008-12-27,8.768285009970757
2008-12-28,12.956474764366414
2008-12-29,16.360347675028123
2008-12-30,18.97990374064902
2008-12-31,20.815142963323858
2009-01-01,21.866065342358993
2009-01-02,22.16497689267787
2009-01-03,21.71187761417963
2009-01-04,20.506767506775944
2009-01-05,19.38241699370228
2009-01-06,18.338826073931706
2009-01-07,17.375994748151935
2009-01-08,16.49392301548498
2009-01-09,15.692610876474703
2009-01-10,14.972058331111642
2009-01-11,14.332265378693545
2009-01-12,13.744520689907105
2009-01-13,13.20882426381199
2009-01-14,12.725176101128879
2009-01-15,12.293576201932108
2009-01-16,11.914024565513575
2009-01-17,11.586521191695185
2009-01-18,11.311066082250429
2009-01-19,11.358412598505376
2009-01-20,11.728560740214906
2009-01-21,12.421510508199537
2009-01-22,13.437261902133331
2009-01-23,14.775814922548944
2009-01-24,16.437169569361586
2009-01-25,18.42132584246751
2009-01-26,19.863290386535695
2009-01-27,20.763063200825002
2009-01-28,21.120644287271887
2009-01-29,20.93603364492795
2009-01-30,20.209231273255337
2009-01-31,18.940237172062794
2009-02-01,17.12905134282461
2009-02-02,15.638836922614928
2009-02-03,14.469593909802871
2009-02-04,13.621322305039314
2009-02-05,13.094022109784321
2009-02-06,12.887693322245516
2009-02-07,13.002335942825583
2009-02-08,13.437949971412008
2009-02-09,13.788942757840854
2009-02-10,14.055314302013723
2009-02-11,14.237064605001514
2009-02-12,14.334193664773686
2009-02-13,14.346701483140558
2009-02-14,14.274588058992133
2009-02-15,14.117853392249257
2009-02-16,13.946979039005017
2009-02-17,13.761964999909676
2009-02-18,13.562811273259722
2009-02-19,13.349517860519967
2009-02-20,13.122084761198284
2009-02-21,12.880511974999216
2009-02-22,12.624799502581594
2009-02-23,12.465782803693918
2009-02-24,12.403461877611852
2009-02-25,12.437836724454307
2009-02-26,12.568907344465774
2009-02-27,12.796673738031942
2009-02-28,13.121135904418626
2009-03-01,13.542293844433939
2009-03-02,14.147820446185921
2009-03-03,14.937715711565557
2009-03-04,15.911979640422112
2009-03-05,17.070612232477245
2009-03-06,18.413613487254025
2009-03-07,19.940983405540244
2009-03-08,21.65272198754935
2009-03-09,22.803641424277416
2009-03-10,23.3937417141913
2009-03-11,23.42302285903375
2009-03-12,22.891484856583943
2009-03-13,21.79912770910446
2009-03-14,20.145951415968014
2009-03-15,17.9319559770097
2009-03-16,16.003358131866705
2009-03-17,14.360157881377702
2009-03-18,13.002355224908632
2009-03-19,11.92995016430154
2009-03-20,11.142942697545378
2009-03-21,10.641332823830771
2009-03-22,10.42512054474161
2009-03-23,10.787046712582466
2009-03-24,11.727111328194942
2009-03-25,13.245314391078772
2009-03-26,15.341655900885986
2009-03-27,18.016135857499407
2009-03-28,21.268754262322453
2009-03-29,25.09951111628151
2009-03-30,27.492328410844664
2009-03-31,28.447206147448888
2009-04-01,27.96414432511435
2009-04-02,26.009698581169943
2009-04-03,22.583868913124434
2009-04-04,17.686655320913452
2009-04-05,11.318057804249495
2009-04-06,6.629610452931352
2009-04-07,3.621313265997351
2009-04-08,2.293166242747378
2009-04-09,2.6451693831105856
2009-04-10,4.677322687503894
2009-04-11,8.389626155134902
2009-04-12,13.782079788956064
2009-04-13,17.703653170514013
2009-04-14,20.15434630127821
2009-04-15,21.134159183485636
2009-04-16,20.64309181496298
2009-04-17,18.68114419633718
2009-04-18,15.24831632736504
2009-04-19,10.344608206851106
2009-04-20,6.890075331711618
2009-04-21,4.884717699503195
2009-04-22,4.328535310542801
2009-04-23,5.221528164212935
2009-04-24,7.563696261960002
2009-04-25,11.355039603449425
2009-04-26,16.59555818825646
2009-04-27,20.343055031369232
2009-04-28,22.597530132543728
2009-04-29,23.358983494404967
2009-04-30,22.627415114935616
2009-05-01,20.402824994014715
2009-05-02,16.704956635582555
2009-05-03,11.533810040595057
2009-05-04,7.603547367212359
2009-05-05,4.9141686173265535
2009-05-06,3.465673787753246
2009-05-07,3.2580628797865736
2009-05-08,4.2913358941164255
2009-05-09,6.565492830000778
2009-05-10,10.08053368752493
2009-05-11,13.111467781225453
2009-05-12,15.65829511144828
2009-05-13,17.721015677790305
2009-05-14,19.299629481980332
2009-05-15,20.394136522723244
2009-05-16,21.00453679992233
2009-05-17,21.130830315057434
2009-05-18,20.63865401700079
2009-05-19,19.528007905521797
2009-05-20,17.798891981001503
2009-05-21,15.451306242428249
2009-05-22,12.485250689653821
2009-05-23,8.900725323858977
2009-05-24,4.697730142357945
2009-05-25,8.791841964371088
2009-05-26,0.4559041201042575
2009-05-27,0.4170732781016788
2009-05-28,1.7662972152113134
2009-05-29,4.503575933046772
2009-05-30,8.628909430261299
2009-05-31,14.14229770716094
2009-06-01,18.2010152982364
2009-06-02,20.813363446016744
2009-06-03,21.979342146993424
2009-06-04,21.69895140235502
2009-06-05,19.972191210751774
2009-06-06,16.799061575159158
2009-06-07,12.179562492906456
2009-06-08,8.30039409102584
2009-06-09,5.161556367524414
2009-06-10,2.763049323272668
2009-06-11,1.104872958063555
2009-06-12,0.18702727209051773
2009-06-13,0.009512264196036568
2009-06-14,0.572327934452292
2009-06-15,1.4889546589857545
2009-06-16,2.7593924389246083
2009-06-17,4.383641272702401
2009-06-18,6.361701161261845
2009-06-19,8.693572104766403
2009-06-20,11.37925410421662
2009-06-21,14.418747158115993
2009-06-22,17.026392683047156
2009-06-23,19.202190679608297
2009-06-24,20.946141148460285
2009-06-25,22.258244088176358
2009-06-26,23.13849950057109
2009-06-27,23.58690738397759
2009-06-28,23.603467740375624
2009-06-29,23.760936443545873
2009-06-30,24.05931349263107
2009-07-01,24.498598888180894
2009-07-02,25.040964830288285
2009-07-03,25.68641131757938
2009-07-04,26.43493835108332
2009-07-05,27.2865459305655
2009-07-06,27.510410996288265
2009-07-07,27.106533549340618
2009-07-08,26.07491359022229
2009-07-09,24.41555111789021
2009-07-10,22.128446133078196
2009-07-11,19.213598633805834
2009-07-12,15.671008621126386
2009-07-13,12.773584525194117
2009-07-14,10.52132634551357
2009-07-15,8.914234080366896
2009-07-16,7.952307731567302
2009-07-17,7.635547297623997
2009-07-18,7.963952779690416
2009-07-19,8.937524177896767
2009-07-20,9.575209395961727
2009-07-21,9.877008434917142
2009-07-22,9.842921296225244
2009-07-23,9.47294797813884
2009-07-24,8.76708848050424
2009-07-25,7.725342803219222
2009-07-26,6.347710947818799
2009-07-27,5.550881717213159
2009-07-28,5.334855109286129
2009-07-29,5.699631124311965
2009-07-30,6.645209763880933
2009-07-31,8.171591027749447
2009-08-01,10.278774915854635
2009-08-02,13.016831356319763
2009-08-03,15.25744284406001
2009-08-04,17.00060938058407
2009-08-05,18.24633096466099
2009-08-06,18.994607597499474
2009-08-07,19.245439277688423
2009-08-08,18.99882600702101
2009-08-09,18.254767783911454
2009-08-10,17.574474318266834
2009-08-11,16.95794560805932
2009-08-12,16.405181653817237
2009-08-13,15.91618245577576
2009-08-14,15.490948013457746
2009-08-15,15.129478326647618
2009-08-16,14.831773396428463
2009-08-17,14.46194390507252
2009-08-18,20.567311591965343
2009-08-19,13.505911239493427
2009-08-20,12.919708065589614
2009-08-21,12.26138033051855
2009-08-22,11.530928034774881
2009-08-23,10.728351177351378
2009-08-24,10.317654781300153
2009-08-25,10.29883884755455
2009-08-26,10.671903374755459
2009-08-27,11.436848363054164
2009-08-28,12.593673812407939
2009-08-29,14.142379724500003
2009-08-30,16.082966097458225
2009-08-31,17.541368600532362
2009-09-01,18.517587233361947
2009-09-02,18.978709505399255
2009-09-03,18.92473541647911
2009-09-04,18.355664967742253
2009-09-05,17.271498156842938
2009-09-06,15.67223498644677
2009-09-07,14.618279326284924
2009-09-08,14.109631176407975
2009-09-09,14.146290537367216
2009-09-10,14.728257408968721
2009-09-11,15.85553179115184
2009-09-12,17.528113683909773
2009-09-13,19.746003086823066
2009-09-14,21.03288777274454
2009-09-15,21.388767742730764
2009-09-16,20.813642995170106
2009-09-17,19.307513529845533
2009-09-18,16.87037934772991
2009-09-19,13.502240448228015
2009-09-20,9.203096830852767
2009-09-21,6.088946983727382
2009-09-22,4.1597909048097605
2009-09-23,3.4156285948753724
2009-09-24,3.856460054203507
2009-09-25,5.482285282475696
2009-09-26,8.293104279685357
2009-09-27,12.28891704672263
2009-09-28,15.699196814679519
2009-09-29,18.523943584868835
2009-09-30,20.763157357434604
2009-10-01,22.416838131437178
2009-10-02,23.48686122439966
2009-10-03,23.973226637542137
2009-10-04,23.875934370021177
2009-10-05,23.224091302636467
2009-10-06,22.01769743548036
2009-10-07,20.256752766208713
2009-10-08,17.941257297816087
2009-10-09,15.071211028500624
2009-10-10,11.646613957677854
2009-10-11,7.667466085873238
2009-10-12,4.874695709172418
2009-10-13,3.2683028274941592
2009-10-14,2.8482874408369607
2009-10-15,3.6146495493632376
2009-10-16,5.567389152547577
2009-10-17,8.706506250863061
2009-10-18,13.032000844875219
2009-10-19,16.082005795274707
2009-10-20,17.856521102409594
2009-10-21,18.35554676781836
2009-10-22,17.579082789411625
2009-10-23,15.527129168780885
2009-10-24,12.199685904289833
2009-10-25,7.5967529973285055
2009-10-26,4.156288368066389
2009-10-27,1.8782920155884284
2009-10-28,0.7627639398059527
2009-10-29,0.8097041423665754
2009-10-30,2.019112620995754
2009-10-31,4.390989377898349
2009-11-01,7.925334412011931
2009-11-02,10.827962697662592
2009-11-03,13.098874236999317
2009-11-04,14.738069029826729
2009-11-05,15.745547075261804
2009-11-06,16.12130837442352
2009-11-07,15.865352926563311
2009-11-08,14.97768073146148
2009-11-09,14.183585346693118
2009-11-10,13.483066768927921
2009-11-11,12.876124999920515
2009-11-12,12.362760038910455
2009-11-13,11.942971886966248
2009-11-14,11.616760543981664
2009-11-15,11.384126008642541
2009-11-16,11.291241180382155
2009-11-17,11.338106060126794
2009-11-18,11.524720646629476
2009-11-19,11.851084941329951
2009-11-20,12.317198943803628
2009-11-21,12.923062652131255
2009-11-22,13.668676069989088
2009-11-23,14.363608838362472
2009-11-24,15.0078609584559
2009-11-25,15.601432429472542
2009-11-26,16.14432325163428
2009-11-27,16.63653342500833
2009-11-28,17.07806295103008
2009-11-29,17.46891182775444
2009-11-30,17.426319096640107
2009-12-01,16.95028475695381
2009-12-02,15.995350055879634
2009-12-03,14.561514994285444
2009-12-04,12.648779570674094
2009-12-05,10.257143785389863
2009-12-06,7.38660763890076
2009-12-07,5.614445598472383
2009-12-08,4.940657666083877
2009-12-09,5.365243839707952
2009-12-10,6.888204120925157
2009-12-11,9.509538509623443
2009-12-12,13.229247005293546
2009-12-13,18.047329608087505
2009-12-14,21.584371047239475
2009-12-15,23.840371321208334
2009-12-16,24.815330430391192
2009-12-17,24.509248374761682
2009-12-18,22.922125154191136
2009-12-19,20.053960770237854
2009-12-20,15.904755221189031
2009-12-21,12.316117614721946
2009-12-22,9.288047952932384
2009-12-23,6.820546235982665
2009-12-24,4.9136124633496845
2009-12-25,3.5672466335175477
2009-12-26,2.781448747199015
2009-12-27,2.556218803209493
2009-12-28,2.7757192074098604
2009-12-29,3.439949958615275
2009-12-30,4.5489110562531145
2009-12-31,6.102602499957767
2010-01-01,14.395134693993523
2010-01-02,10.586082071756035
2010-01-03,20.792385495208016
2010-01-04,15.84730698635109
2010-01-05,17.454675516705134
2010-01-06,18.37988142746161
2010-01-07,18.622924722174652
2010-01-08,18.183805397308074
2010-01-09,17.06252345483132
2010-01-10,15.259078894194623
2010-01-11,13.840733122566967
2010-01-12,12.80748614102786
2010-01-13,12.159337948354732
2010-01-14,11.896288544556437
2010-01-15,12.018337930544734
2010-01-16,12.525486105196647
2010-01-17,13.417733069683521
2010-01-18,14.29380602194034
2010-01-19,15.153704961489137
2010-01-20,15.997429888298509
2010-01-21,16.824980804017706
2010-01-22,17.636357706438822
2010-01-23,18.431560597682722
2010-01-24,19.210589476014945
2010-01-25,19.850783598109597
2010-01-26,20.352142964946204
2010-01-27,20.714667576336304
2010-01-28,20.938357431249703
2010-01-29,21.023212531619727
2010-01-30,20.96923287406385
2010-01-31,20.776418461743834
2010-02-01,20.17141799766428
2010-02-02,19.12353914441531
2010-02-03,17.63278190437289
2010-02-04,15.699146276501024
2010-02-05,13.32263225962803
2010-02-06,10.50323985630851
2010-02-07,7.240969063862977
2010-02-08,4.871998769594192
2010-02-09,3.396328974102108
2010-02-10,2.813959675632206
2010-02-11,3.1248908758903635
2010-02-12,4.329122574755987
2010-02-13,6.42665477130242
2010-02-14,9.417487465746582
2010-02-15,11.903575496545074
2010-02-16,13.884918861972189
2010-02-17,15.361517563191201
2010-02-18,16.33337160146341
2010-02-19,16.800480974070613
2010-02-20,16.76284568326043
2010-02-21,16.220465728224717
2010-02-22,15.697414307000297
2010-02-23,15.193691418721523
2010-02-24,14.709297064207057
2010-02-25,14.244231242082616
2010-02-26,13.79849395394358
2010-02-27,13.372085199756668
2010-02-28,12.96500497803424
2010-03-01,12.79015678505743
2010-03-02,19.149843702947344
2010-03-03,13.234080623609135
2010-03-04,13.852852655805085
2010-03-05,14.736164761696354
2010-03-06,15.88401694280024
2010-03-07,17.296409198992464
2010-03-08,18.23864782992336
2010-03-09,18.710732836641668
2010-03-10,18.712664218209373
2010-03-11,18.244441974718594
2010-03-12,17.306066105942257
2010-03-13,15.89753661262565
2010-03-14,14.018853494105286
2010-03-15,12.624440779672513
2010-03-16,11.714298468473281
2010-03-17,11.288426560795573
2010-03-18,11.346825057291912
2010-03-19,11.889493956996313
2010-03-20,12.916433259825425
2010-03-21,14.427642967099702
2010-03-22,15.435574682594721
2010-03-23,15.940228407885149
2010-03-24,15.941604141955352
2010-03-25,15.4397018853685
2010-03-26,14.434521637871919
2010-03-27,12.926063400230246
2010-03-28,10.914327170427786
2010-03-29,9.177143388040646
2010-03-30,7.714512051810555
2010-03-31,6.526433160926437
2010-04-01,5.612906716659349
2010-04-02,4.925474986640911
2010-04-03,4.46413797075378
2010-04-04,4.228895669909532
2010-04-05,4.711044958010483
2010-04-06,5.910585836099336
2010-04-07,7.8275183056664
2010-04-08,10.461842365213016
2010-04-09,13.813558015843014
2010-04-10,17.882665257298697
2010-04-11,22.66916409043926
2010-04-12,25.974612497764877
2010-04-13,27.799010479367713
2010-04-14,28.14235803417569
2010-04-15,27.004655163966827
2010-04-16,24.385901868398896
2010-04-17,20.286098146402804
2010-04-18,14.705243997686054
2010-04-19,10.568556885724364
2010-04-20,7.876036810937727
2010-04-21,6.6276837725827376
2010-04-22,6.823497769755909
2010-04-23,8.463478803544644
2010-04-24,11.547626873843143
2010-04-25,16.075941980658243
2010-04-26,19.545539866539567
2010-04-27,21.956420530173997
2010-04-28,23.30858397297275
2010-04-29,23.602030195763625
2010-04-30,22.836759197521797
2010-05-01,21.01277097867696
2010-05-02,18.184105086880834
2010-05-03,15.840840325124663
2010-05-04,13.982976693908416
2010-05-05,12.610514192846342
2010-05-06,11.723452820644509
2010-05-07,11.321792577054968
2010-05-08,11.405533463676406
2010-05-09,11.974675479481242
2010-05-10,12.458547696902826
2010-05-11,12.857150115248768
2010-05-12,13.170482734613266
2010-05-13,13.398545556643555
2010-05-14,13.541338579898818
2010-05-15,13.598861804353499
2010-05-16,13.571115231000089
2010-05-17,13.256532611272117
2010-05-18,12.655113945589704
2010-05-19,11.766859234424818
2010-05-20,10.591768476954183
2010-05-21,9.129841673517127
2010-05-22,7.381078823563371
2010-05-23,5.345479926925003
2010-05-24,3.7373371911315667
2010-05-25,2.5566506150878334
2010-05-26,1.8034201977976787
2010-05-27,1.4776459411925709
2010-05-28,1.5793278442254204
2010-05-29,2.108465907288047
2010-05-30,3.0650601294335997
2010-05-31,3.83092347942935
2010-06-01,4.406055956945938
2010-06-02,4.743056798884235
2010-06-03,4.841926003224095
2010-06-04,4.702663571297423
2010-06-05,4.325269502418141
2010-06-06,3.7097437969115283
2010-06-07,3.5573831862836087
2010-06-08,3.8681876709925946
2010-06-09,4.6421572504038755
2010-06-10,5.8792919246085935
2010-06-11,7.579591693919941
2010-06-12,9.74305655903363
2010-06-13,12.369686520656096
2010-06-14,14.641893136227981
2010-06-15,16.559676407768354
2010-06-16,18.12303633536193
2010-06-17,19.331972919162432
2010-06-18,20.186486158979918
2010-06-19,20.686576054637637
2010-06-20,20.832242606372237
2010-06-21,20.99330537980235
2010-06-22,21.169764373513996
2010-06-23,21.36161958819866
2010-06-24,21.56887102357002
2010-06-25,21.79151868043816
2010-06-26,22.02956255751908
2010-06-27,22.28300265709349
2010-06-28,22.212644927780747
2010-06-29,21.818489370968656
2010-06-30,21.100535986830188
2010-07-01,20.058784775028606
2010-07-02,18.74380833733813
2010-07-03,17.155606674786966
2010-07-04,15.294179783730705
2010-07-05,13.70090784344021
2010-07-06,12.375790852322078
2010-07-07,11.318828810547682
2010-07-08,10.530021717337531
2010-07-09,10.009369573225978
2010-07-10,9.756872377402736
2010-07-11,9.77253013223071
2010-07-12,9.84695644178451
2010-07-13,9.980151308381167
2010-07-14,10.172114730794826
2010-07-15,10.42284671049408
2010-07-16,10.73234724696499
2010-07-17,11.10061633851384
2010-07-18,11.527653987112963
2010-07-19,12.038353019219109
2010-07-20,12.632713433868146
2010-07-21,13.310735231567033
2010-07-22,14.072418411783396
2010-07-23,14.917762975402034
2010-07-24,15.846768922730753
2010-07-25,16.85943625343651
2010-07-26,17.37985073678773
2010-07-27,17.408012373873582
2010-07-28,16.943921165148765
2010-07-29,15.987577109336513
2010-07-30,14.538980206408397
2010-07-31,12.598130455980478
2010-08-01,10.165027859170417
2010-08-02,8.084488714193036
2010-08-03,6.356513019317244
2010-08-04,4.981100773900744
2010-08-05,3.9582519801901714
2010-08-06,3.2879666367151663
2010-08-07,2.970244744198224
2010-08-08,3.005086301314014
2010-08-09,3.6217313741858153
2010-08-10,4.820179963636135
2010-08-11,6.600432068998417
2010-08-12,8.962487690341941
2010-08-13,11.906346828479704
2010-08-14,15.43200948335564
2010-08-15,19.539475655403276
2010-08-16,22.38807952731842
2010-08-17,23.977821101705388
2010-08-18,24.308700377798644
2010-08-19,23.380717355285423
2010-08-20,21.19387203385242
2010-08-21,17.748164413656003
2010-08-22,13.043594495248525
2010-08-23,9.47618560149239
2010-08-24,7.045937730748801
2010-08-25,5.752850884882248
2010-08-26,5.596925062857126
2010-08-27,6.578160264785559
2010-08-28,8.696556491083523
2010-08-29,11.95211374107326
2010-08-30,14.485406276838773
2010-08-31,16.296434099107838
2010-09-01,24.61980686516059
2010-09-02,17.793831151962735
2010-09-03,17.52233593170889
2010-09-04,16.570711546750903
2010-09-05,14.938957997091228
2010-09-06,13.696010867717938
2010-09-07,12.84187015821887
2010-09-08,12.376535868234381
2010-09-09,12.300007999167173
2010-09-10,12.612286548860013
2010-09-11,13.31337151916108
2010-09-12,14.40326290935867
2010-09-13,15.160254712968744
2010-09-14,15.584346931241807
2010-09-15,15.675539564458486
2010-09-16,15.433832610785752
2010-09-17,14.859226070808903
2010-09-18,13.951719946159809
2010-09-19,12.711314234652047
2010-09-20,11.852378142799374
2010-09-21,11.37491167023362
2010-09-22,11.278914816253058
2010-09-23,11.56438758277584
2010-09-24,12.231329968578684
2010-09-25,13.279741972376243
2010-09-26,14.709623597125784
2010-09-27,15.47591753537802
2010-09-28,15.578623788074001
2010-09-29,15.01774235480921
2010-09-30,13.793273235840635
2010-10-01,11.905216431943298
2010-10-02,9.331632923532649
2010-10-03,6.07252271068011
2010-10-04,3.7681841796374815
2010-10-05,2.418617328565409
2010-10-06,2.023822158887744
2010-10-07,2.583798669081906
2010-10-08,4.098546859270292
2010-10-09,6.568066730692312
2010-10-10,9.99235828396141
2010-10-11,12.428901146269734
2010-10-12,13.877695319410197
2010-10-13,14.3387408021416
2010-10-14,13.812037596767158
2010-10-15,12.297585701758461
2010-10-16,9.795385116681835
2010-10-17,6.3054358416503
2010-10-18,3.9195231936457082
2010-10-19,2.6376471711003626
2010-10-20,2.459807774625605
2010-10-21,3.386005003942638
2010-10-22,5.416238859341558
2010-10-23,8.550509341136618
2010-10-24,12.788816449314718
2010-10-25,16.221483012702087
2010-10-26,18.84850903115661
2010-10-27,20.669894505941368
2010-10-28,21.685639436089428
2010-10-29,21.89574382304061
2010-10-30,21.300207666193025
2010-10-31,19.89903096494615
2010-11-01,18.73158564598607
2010-11-02,17.80522338409238
2010-11-03,17.119944179893878
2010-11-04,16.675748034523195
2010-11-05,16.472634944320223
2010-11-06,16.510604912514186
2010-11-07,16.789657937885373
2010-11-08,16.995931673371427
2010-11-09,17.12942611933308
2010-11-10,17.19014127556399
2010-11-11,17.17807714069819
2010-11-12,17.093233717478526
2010-11-13,16.935611004022565
2010-11-14,16.705209000512696
2010-11-15,16.38659130209773
2010-11-16,15.979757910433436
2010-11-17,15.484708824160112
2010-11-18,14.901444044641234
2010-11-19,14.229963570003367
2010-11-20,13.470267400883383
2010-11-21,12.622355537356354
2010-11-22,12.081957309906592
2010-11-23,11.849072717430099
2010-11-24,11.92370175885372
2010-11-25,12.305844436277969
2010-11-26,12.995500748625256
2010-11-27,13.99267069636053
2010-11-28,15.297354278697002
2010-11-29,15.930902237495914
2010-11-30,15.893314571839483
2010-12-01,15.184591283055607
2010-12-02,13.804877938076572
2010-12-03,11.754174537108732
2010-12-04,9.03248108003757
2010-12-05,5.639797565642039
2010-12-06,3.155419865860825
2010-12-07,1.579347979036342
2010-12-08,0.9115819056513965
2010-12-09,1.1521216446056552
2010-12-10,2.3009671973386716
2010-12-11,4.358118562770854
2010-12-12,7.323575741710401
2010-12-13,9.83922766583208
2010-12-14,11.90507433531765
2010-12-15,13.521115750580577
2010-12-16,14.687351911734318
2010-12-17,15.403782818285459
2010-12-18,15.670408471343451
2010-12-19,15.487228870957075
2010-12-20,15.298667740304342
2010-12-21,15.104725080076577
2010-12-22,14.90540088977702
2010-12-23,14.700695170663685
2010-12-24,14.490607920773016
2010-12-25,14.275139140646925
2010-12-26,14.054288830816908
2010-12-27,13.834156542236856
2010-12-28,13.614742275313905
2010-12-29,13.396046030295981
2010-12-30,13.17806780529542
2010-12-31,12.960807602342532
2011-01-01,12.744265421122304
2011-01-02,12.52716550416477
2011-01-03,12.468005473246631
2011-01-04,12.566785329120785
2011-01-05,12.823505070219888
2011-01-06,13.238164698140285
2011-01-07,13.810764213161288
2011-01-08,14.54130361420477
2011-01-09,15.429782900525137
2011-01-10,16.068035227983643
2011-01-11,16.45606059406165
2011-01-12,16.59385899957169
2011-01-13,16.48143044467114
2011-01-14,16.118774928291288
2011-01-15,15.505892452253654
2011-01-16,14.642783015305977
2011-01-17,13.882411516115559
2011-01-18,13.224777953949157
2011-01-19,18.11392609771747
2011-01-20,12.217724646555663
2011-01-21,11.868304898730432
2011-01-22,11.621623088916781
2011-01-23,11.47767921748665
2011-01-24,11.37016533836427
2011-01-25,11.299081452257637
2011-01-26,11.264427558051018
2011-01-27,18.223486608675966
2011-01-28,11.30440974681833
2011-01-29,11.379045830617802
2011-01-30,11.490111906732807
2011-01-31,11.557721660048351
2011-02-01,11.5818750926273
2011-02-02,11.561546198365608
2011-02-03,11.496734977782538
2011-02-04,11.387441428898224
2011-02-05,11.233665553049883
2011-02-06,11.035407351049976
2011-02-07,10.9360085563716
2011-02-08,10.935469168405355
2011-02-09,11.033789187224535
2011-02-10,11.230968614145674
2011-02-11,11.527007448172782
2011-02-12,11.921905689668485
2011-02-13,12.415663338231981
2011-02-14,12.737972984471796
2011-02-15,12.888834629478705
2011-02-16,12.868248272151359
2011-02-17,12.676213913130882
2011-02-18,12.312731552222761
2011-02-19,11.777801188945059
2011-02-20,11.07142282437847
2011-02-21,10.624981323710209
2011-02-22,10.43847668792759
2011-02-23,10.511908915261042
2011-02-24,10.845278008188446
2011-02-25,11.438583965431688
2011-02-26,12.291826787206382
2011-02-27,13.405006473052378
2011-02-28,14.257113862006058
2011-03-01,14.848148952665785
2011-03-02,15.180240760817341
2011-03-03,21.203855727455526
2011-03-04,15.067594524916583
2011-03-05,14.622856481091395
2011-03-06,13.919175154292502
2011-03-07,13.246579896870134
2011-03-08,12.605070710460385
2011-03-09,11.994647593427366
2011-03-10,11.415310546663656
2011-03-11,10.867059570798101
2011-03-12,10.34989466500031
2011-03-13,9.863815827817403
2011-03-14,9.502808022805262
2011-03-15,9.266871249747503
2011-03-16,9.1560055071946
2011-03-17,9.170210796260193
2011-03-18,9.309487115891006
2011-03-19,9.573834466637333
2011-03-20,9.96325284940584
2011-03-21,10.33092286281008
2011-03-22,10.676844505121654
2011-03-23,11.001017778664487
2011-03-24,11.303442683038108
2011-03-25,11.584119219026348
2011-03-26,11.843047385117181
2011-03-27,12.080227181358502
2011-03-28,12.244723141312786
2011-03-29,12.336535267683036
2011-03-30,12.355663557866166
2011-03-31,12.302108012513482
2011-04-01,12.175868630987193
2011-04-02,11.97711400476737
2011-04-03,11.705844132709615
2011-04-04,11.448022032484023
2011-04-05,11.203647701892189
2011-04-06,10.972721142211302
2011-04-07,10.755242354508102
2011-04-08,10.551211337772767
2011-04-09,10.360628091317675
2011-04-10,10.183492615375007
2011-04-11,10.12177125369291
2011-04-12,10.175464004726795
2011-04-13,10.344570871422512
2011-04-14,10.629091849696852
2011-04-15,11.029026941899376
2011-04-16,11.54437614905146
2011-04-17,12.175139469654944
2011-04-18,12.726953614733583
2011-04-19,13.199818582895597
2011-04-20,13.593734373594634
2011-04-21,13.90870099019939
2011-04-22,14.144718429873148
2011-04-23,14.301786693671584
2011-04-24,14.379905780166222
2011-04-25,14.316331304309887
2011-04-26,14.11106326554896
2011-04-27,13.764101663724475
2011-04-28,13.275446498566591
2011-04-29,12.645097769697518
2011-04-30,11.873055477769455
2011-05-01,10.95931962321946
2011-05-02,10.286160487597678
2011-05-03,9.853578070983904
2011-05-04,9.661572373790825
2011-05-05,9.710143395515043
2011-05-06,9.99929113588427
2011-05-07,10.529015596084333
2011-05-08,11.299316775384828
2011-05-09,11.930458991628996
2011-05-10,12.42244224636122
2011-05-11,12.775266538262649
2011-05-12,12.988931868126198
2011-05-13,13.063438236473058
2011-05-14,12.998785642130613
2011-05-15,12.794974085286945
2011-05-16,12.722123388412744
2011-05-17,12.780233549926457
2011-05-18,12.969304571804905
2011-05-19,13.28933645186467
2011-05-20,13.7403291914727
2011-05-21,14.322282790472375
2011-05-22,15.035197249548181
2011-05-23,15.513972565418616
2011-05-24,15.75860873889761
2011-05-25,15.769105769557502
2011-05-26,15.54546365806019
2011-05-27,15.08768240433933
2011-05-28,14.395762007470257
2011-05-29,13.4697024677746
2011-05-30,12.693520052054188
2011-05-31,12.06721476051147
2011-06-01,11.590786592776647
2011-06-02,11.268127175178506
2011-06-03,11.09923650790468
2011-06-04,11.084114590862455
2011-06-05,11.222761424957774
2011-06-06,11.51003559086243
2011-06-07,11.945937089732327
2011-06-08,12.53046592071209
2011-06-09,13.263622085566013
2011-06-10,14.145405582085177
2011-06-11,15.17581641086906
2011-06-12,16.354854572910455
2011-06-13,17.166857193493524
2011-06-14,17.61182427251688
2011-06-15,17.68975581083689
2011-06-16,17.400651807846902
2011-06-17,16.744512262806836
2011-06-18,15.721337178606372
2011-06-19,14.331126550803173
2011-06-20,13.093068872790495
2011-06-21,12.007164144666541
2011-06-22,11.073412364328311
2011-06-23,10.291813534417976
2011-06-24,9.662367652006628
2011-06-25,9.18507471749574
2011-06-26,8.859934733249212
2011-06-27,8.74695148596819
2011-06-28,8.84612497410091
2011-06-29,9.157455199531412
2011-06-30,9.680942160578187
2011-07-01,10.416585859989398
2011-07-02,11.368615267379234
2011-07-03,12.537030383128203
2011-07-04,13.494489128302046
2011-07-05,14.240991504188148
2011-07-06,14.776537510263111
2011-07-07,15.101127145833436
2011-07-08,15.214760411409673
2011-07-09,15.11743730709361
2011-07-10,14.809157833021366
2011-07-11,14.329028137083867
2011-07-12,18.922140219609112
2011-07-13,12.853218077199298
2011-07-14,11.857537714865321
2011-07-15,10.69000713009897
2011-07-16,9.350626321848667
2011-07-17,7.839395290852699
2011-07-18,13.534383816398314
2011-07-19,6.847886253626853
2011-07-20,7.367608246600272
2011-07-21,8.564314580650617
2011-07-22,10.438005255987258
2011-07-23,12.988680273543434
2011-07-24,16.21633963238631
2011-07-25,18.706001098825578
2011-07-26,20.45766467127563
2011-07-27,27.24696039326335
2011-07-28,21.746998137252596
2011-07-29,21.284668030803637
2011-07-30,20.084340031044277
2011-07-31,18.146014138252035
2011-08-01,16.468622838983332
2011-08-02,15.03833151116925
2011-08-03,19.776389903864807
2011-08-04,12.919048766369517
2011-08-05,12.2300573481963
2011-08-06,11.788165900295247
2011-08-07,11.593374422196957
2011-08-08,11.538495479099652
2011-08-09,11.62352906944598
2011-08-10,11.84847519350504
2011-08-11,12.21333385356655
2011-08-12,12.718105046640929
2011-08-13,13.362788774461002
2011-08-14,14.147385037276043
2011-08-15,14.79232424270247
2011-08-16,15.297606392478581
2011-08-17,15.663231485611078
2011-08-18,15.889199521628491
2011-08-19,15.975510502502907
2011-08-20,15.922164426330756
2011-08-21,15.729161294921562
2011-08-22,15.6049837460815
2011-08-23,15.549631781097709
2011-08-24,15.563105400820385
2011-08-25,15.645404605050283
2011-08-26,15.796529391999933
2011-08-27,16.016479763776026
2011-08-28,16.305255718564617
2011-08-29,23.561115339608307
2011-08-30,16.080229655209823
2011-08-31,15.566427636145153
2011-09-01,14.785099623770044
2011-09-02,20.319361751024818
2011-09-03,12.468815411282904
2011-09-04,10.933859209588988
2011-09-05,9.900216583990726
2011-09-06,9.367887534935289
2011-09-07,9.336872063057065
2011-09-08,9.807170167720454
2011-09-09,10.778781848154964
2011-09-10,12.251707105287853
2011-09-11,14.225945939772764
2011-09-12,15.607560472451608
2011-09-13,16.39655070513613
2011-09-14,16.59291663662522
2011-09-15,16.196658267696687
2011-09-16,15.207775598598465
2011-09-17,13.626268628482116
2011-09-18,11.452137357019094
2011-09-19,9.821268898151416
2011-09-20,8.733663251549586
2011-09-21,8.189320416413548
2011-09-22,8.188240392719031
2011-09-23,8.730423180612085
2011-09-24,9.815868780951343
2011-09-25,11.444577193752703
2011-09-26,12.860526098237372
2011-09-27,14.06371549569614
2011-09-28,15.054145386527853
2011-09-29,15.831815771373691
2011-09-30,16.396726648951226
2011-10-01,16.74887801958371
2011-10-02,16.87773890103731
2011-10-03,16.862544123619116
2011-10-04,23.381394910353
2011-10-05,16.399987595281814
2011-10-06,15.952625842874768
2011-10-07,15.361208433239504
2011-10-08,14.625735364734453
2011-10-09,13.746206637354485
2011-10-10,13.08611858608836
2011-10-11,12.64547120965669
2011-10-12,12.42426450817054
2011-10-13,12.422498481983286
2011-10-14,12.640173130980472
2011-10-15,13.077288454622003
2011-10-16,13.733844453138962
2011-10-17,14.154832294359188
2011-10-18,14.340251977781485
2011-10-19,14.290103502782616
2011-10-20,14.00438687095333
2011-10-21,13.483102081188456
2011-10-22,12.726249132688654
2011-10-23,11.733828027975822
2011-10-24,10.967455346049258
2011-10-25,10.427131088080966
2011-10-26,10.11285525403462
2011-10-27,10.024627843207504
2011-10-28,10.162448856685597
2011-10-29,10.526318293547892
2011-10-30,11.116236154319127
2011-10-31,11.636502315674761
2011-11-01,12.087116779294288
2011-11-02,12.476495179963365
2011-11-03,12.80463751898706
2011-11-04,13.071543795317112
2011-11-05,13.27721401008273
2011-11-06,13.421648163387603
2011-11-07,13.496368807531685
2011-11-08,13.50137594363514
2011-11-09,13.436669572380364
2011-11-10,13.302249692378568
2011-11-11,13.098116304907105
2011-11-12,12.824269408620568
2011-11-13,12.480709003266199
2011-11-14,12.223045020247435
2011-11-15,12.051277456463978
2011-11-16,11.965406314176256
2011-11-17,18.164935559471683
2011-11-18,12.051353290486361
2011-11-19,12.22317140995392
2011-11-20,12.480885949649412
2011-11-21,12.79880842263912
2011-11-22,13.176938829225302
2011-11-23,13.615277168030417
2011-11-24,14.113823441395194
2011-11-25,14.672577647261871
2011-11-26,15.2915397862547
2011-11-27,15.970709859301612
2011-11-28,20.771569797488393
2011-11-29,16.83460093517226
2011-11-30,17.019321940645664
2011-12-01,22.520834673519474
2011-12-02,16.880006056662648
2011-12-03,16.541660344635524
2011-12-04,16.024189453289264
2011-12-05,15.703426812921215
2011-12-06,15.579372425449371
2011-12-07,15.65202628716959
2011-12-08,15.921388401824206
2011-12-09,16.387458766939904
2011-12-10,17.050237384156755
2011-12-11,17.909724252567447
2011-12-12,18.536027387977438
2011-12-13,18.92914678936943
2011-12-14,19.089082458143654
2011-12-15,19.01583439444736
2011-12-16,18.709402596231055
2011-12-17,18.16978706578056
2011-12-18,17.396987801931935
2011-12-19,16.417421548014296
2011-12-20,15.23108830388375
2011-12-21,13.837988070363444
2011-12-22,12.238120846626433
2011-12-23,10.431486632624232
2011-12-24,8.418085426804222
2011-12-25,6.197917231197781
2011-12-26,4.60957957450403
2011-12-27,3.653072455773123
2011-12-28,3.328395875705012
2011-12-29,3.6355498331442853
2011-12-30,4.574534329365307
2011-12-31,6.1453493643981085
2012-01-01,8.347994937272063
2012-01-02,10.322383293970782
2012-01-03,12.068514435161552
2012-01-04,13.586388359484992
2012-01-05,20.428567979845063
2012-01-06,15.937364560693824
2012-01-07,16.770466838335857
2012-01-08,17.375311899800174
2012-01-09,17.740070919949385
2012-01-10,17.864743897730012
2012-01-11,17.74933083385771
2012-01-12,22.295279770431392
2012-01-13,16.79824658117563
2012-01-14,15.962575391198081
2012-01-15,14.886818159436007
2012-01-16,13.983208968316557
2012-01-17,13.251747819026404
2012-01-18,12.69243470970772
2012-01-19,12.305269640707031
2012-01-20,12.090252612302319
2012-01-21,12.04738362443736
2012-01-22,12.176662677220154
2012-01-23,12.423458353026408
2012-01-24,12.787770652235356
2012-01-25,18.581008830695396
2012-01-26,13.868945121225288
2012-01-27,14.585807290877309
2012-01-28,15.420186084235425
2012-01-29,16.372081501550507
2012-01-30,17.07212978367604
2012-01-31,17.52033093086206
2012-02-01,17.716684942430803
2012-02-02,17.660085510747596
2012-02-03,17.350532637117325
2012-02-04,16.7880263205104
2012-02-05,15.972566560878185
2012-02-06,15.190625855335607
2012-02-07,14.442204203293706
2012-02-08,19.370297137470935
2012-02-09,13.045918060404874
2012-02-10,12.398053569283636
2012-02-11,11.783708131747822
2012-02-12,11.202881747245897
2012-02-13,10.908077854115689
2012-02-14,10.899296451911503
2012-02-15,11.176537541515742
2012-02-16,11.739801122421706
2012-02-17,12.58908719522876
2012-02-18,13.724395758586152
2012-02-19,15.1457268138513
2012-02-20,16.261890708187337
2012-02-21,23.801074422778285
2012-02-22,17.57871701441332
2012-02-23,22.934038806043947
2012-02-24,17.67487467505815
2012-02-25,17.26520276517227
2012-02-26,16.55036369413329
2012-02-27,15.859805600045592
2012-02-28,15.193528482445945
2012-02-29,14.551532342272232
2012-03-01,13.933817179557133
2012-03-02,13.33011076508475
2012-03-03,12.74041309920467
2012-03-04,12.1647241817763
2012-03-05,11.77306322924373
2012-03-06,11.565430240355738
2012-03-07,11.541825216348588
2012-03-08,11.702248156536086
2012-03-09,12.04669906082055
2012-03-10,12.575177929254437
2012-03-11,13.28768476275711
2012-03-12,13.83430727379828
2012-03-13,14.215045462773983
2012-03-14,14.429899329835894
2012-03-15,14.478868874645375
2012-03-16,14.361954097924816
2012-03-17,14.07915499989578
2012-03-18,13.630471579188818
2012-03-19,13.198637944340845
2012-03-20,12.783654095515159
2012-03-21,12.385520032642116
2012-03-22,12.004235756144855
2012-03-23,11.639801264414821
2012-03-24,11.292216559041405
2012-03-25,10.9614816392255
2012-03-26,10.755667668670835
2012-03-27,10.674774647276237
2012-03-28,16.880278467435563
2012-03-29,10.887751454331486
2012-03-30,11.181621281233655
2012-03-31,11.600412058365642
2012-04-01,12.144123784090066
2012-04-02,12.515538861527148
2012-04-03,12.71465728937608
2012-04-04,12.741479066990703
2012-04-05,12.596004196009076
2012-04-06,12.27823267595106
2012-04-07,11.788164506627536
2012-04-08,11.125799687347584
2012-04-09,10.599710856941996
2012-04-10,10.209898016244765
2012-04-11,9.956361164377448
2012-04-12,9.839100301601267
2012-04-13,9.858115427023641
2012-04-14,10.013406540620888
2012-04-15,10.304973644504347
2012-04-16,10.558844465528118
2012-04-17,10.77501900436258
2012-04-18,10.95349726021959
2012-04-19,11.094279234491394
2012-04-20,11.197364926229252
2012-04-21,11.262754335654225
2012-04-22,11.290447462320362
2012-04-23,11.414614532712104
2012-04-24,16.795943768942713
2012-04-25,11.952370505133414
2012-04-26,12.365959405797728
2012-04-27,12.876022250728752
2012-04-28,13.482559038359724
2012-04-29,14.185569770065964
2012-04-30,14.640083364071344
2012-05-01,14.846099820010183
2012-05-02,14.78711851721567
2012-05-03,14.463139456584871
2012-05-04,13.874162638191223
2012-05-05,13.020188061107085
2012-05-06,11.901215725836025
2012-05-07,11.050291384828427
2012-05-08,10.467415036451891
2012-05-09,10.15258668121259
2012-05-10,10.105806319855247
2012-05-11,10.327073951468
2012-05-12,10.816389576620569
2012-05-13,11.573753195335474
2012-05-14,12.120355405973568
2012-05-15,12.4561962090729
2012-05-16,12.581275607084912
2012-05-17,12.495593595806033
2012-05-18,12.199150177956078
2012-05-19,11.69194535170875
2012-05-20,10.973979118879424
2012-05-21,10.438123879090572
2012-05-22,10.084379630257084
2012-05-23,9.912746373285295
2012-05-24,9.923224109293349
2012-05-25,10.11581283796864
2012-05-26,10.49051255956164
2012-05-27,11.047323272849411
2012-05-28,11.513352402551577
2012-05-29,11.888599949618701
2012-05-30,18.328049205939198
2012-05-31,12.366750294390958
2012-06-01,12.469653092181249
2012-06-02,12.49239781345781
2012-06-03,12.434984460063088
2012-06-04,12.465331612460215
2012-06-05,12.583439270086828
2012-06-06,12.789307433994805
2012-06-07,13.082936103412752
2012-06-08,13.464325278244576
2012-06-09,13.933474960509438
2012-06-10,14.49038514732477
2012-06-11,14.87181533209537
2012-06-12,15.077765516969384
2012-06-13,15.108235700408397
2012-06-14,14.963225882365833
2012-06-15,14.64273606233608
2012-06-16,14.14676624108306
2012-06-17,13.475316419370504
2012-06-18,12.992817868694864
2012-06-19,12.699270589105568
2012-06-20,12.59467458008897
2012-06-21,12.679029843874437
2012-06-22,12.95233637902291
2012-06-23,13.414594185254167
2012-06-24,14.065803262237518
2012-06-25,14.589446569327887
2012-06-26,14.985524104640751
2012-06-27,15.254035869653428
2012-06-28,15.394981862878467
2012-06-29,15.408362085671538
2012-06-30,15.294176538253227
2012-07-01,15.052425219784993
2012-07-02,14.939159907891776
2012-07-03,14.954380602635222
2012-07-04,15.098087305339071
2012-07-05,15.370280015407076
2012-07-06,15.770958732459356
2012-07-07,16.300123455980206
2012-07-08,16.957774187056266
2012-07-09,17.391626917561595
2012-07-10,17.601681647027362
2012-07-11,17.587938376964416
2012-07-12,17.350397104789995
2012-07-13,16.889057832737144
2012-07-14,16.203920558802224
2012-07-15,15.29498528534537
2012-07-16,14.630244804501418
2012-07-17,14.20969911518713
2012-07-18,14.033348218931163
2012-07-19,14.101192116339266
2012-07-20,14.413230806588189
2012-07-21,14.969464288459875
2012-07-22,15.76989256362841
2012-07-23,16.46965798234401
2012-07-24,17.06876054669818
2012-07-25,17.567200254258722
2012-07-26,17.964977105127137
2012-07-27,18.262091099679505
2012-07-28,18.458542239848732
2012-07-29,18.55433052410345
2012-07-30,18.464827636616278
2012-07-31,18.19003357876593
2012-08-01,17.729948350851465
2012-08-02,17.094661933060976
2012-08-03,16.284174326463436
2012-08-04,15.298485530122921
2012-08-05,14.137595544058524
2012-08-06,13.23536001815321
2012-08-07,12.591778951610937
2012-08-08,12.206852343779927
2012-08-09,12.080580196789604
2012-08-10,12.212962508580993
2012-08-11,12.603999279776442
2012-08-12,13.253690510904924
2012-08-13,13.797686682883276
2012-08-14,14.235987797538655
2012-08-15,14.568593853346565
2012-08-16,14.795504850311385
2012-08-17,14.916720788221475
2012-08-18,14.932241668764053
2012-08-19,14.842067490584709
2012-08-20,14.718886394697858
2012-08-21,14.562698380165246
2012-08-22,14.373503447540482
2012-08-23,14.151301597303494
2012-08-24,13.896092828729966
2012-08-25,13.607877141424684
2012-08-26,13.286654537090774
2012-08-27,13.1150461789805
2012-08-28,13.09305206878445
2012-08-29,13.220672206039419
2012-08-30,13.49790659129001
2012-08-31,13.92475522432677
2012-09-01,14.501218104006037
2012-09-02,15.212805875312927
2012-09-03,15.807734828034217
2012-09-04,16.286004960394287
2012-09-05,16.647616273479706
2012-09-06,16.892568767019036
2012-09-07,17.020862440688354
2012-09-08,17.032497295324667
2012-09-09,16.92747333066528
2012-09-10,16.78023930746859
2012-09-11,16.590795226205707
2012-09-12,16.3591410860527
2012-09-13,16.085276887353842
2012-09-14,15.769202630989646
2012-09-15,15.410918314400078
2012-09-16,15.01042394060465
2012-09-17,14.716937088348152
2012-09-18,14.53045775839059
2012-09-19,14.450985951226514
2012-09-20,14.47852166637938
2012-09-21,14.613064901723652
2012-09-22,14.854615660704049
2012-09-23,15.203173941185572
2012-09-24,15.486279184246214
2012-09-25,15.703931385768032
2012-09-26,15.856130548658394
2012-09-27,15.942876672015462
2012-09-28,15.964169756845026
2012-09-29,15.92000980179392
2012-09-30,15.810396808670188
2012-10-01,15.76932093130996
2012-10-02,15.803849847252408
2012-10-03,22.280440053859675
2012-10-04,16.099722057159678
2012-10-05,16.361065348861484
2012-10-06,16.698013434246853
2012-10-07,17.110566310563794
2012-10-08,17.29048218500598
2012-10-09,17.23776105428201
2012-10-10,16.952402920398082
2012-10-11,16.43440778299334
2012-10-12,15.683775641941153
2012-10-13,14.700506496196349
2012-10-14,13.484600347550371
2012-10-15,12.5872152281333
2012-10-16,12.008351141116727
2012-10-17,11.748008084801574
2012-10-18,11.806186059781126
2012-10-19,12.18288506400815
2012-10-20,12.87810510080833
2012-10-21,13.891846167796418
2012-10-22,14.610154286301773
2012-10-23,15.033029455161568
2012-10-24,15.160471674926685
2012-10-25,14.99248094451363
2012-10-26,14.52905726643479
2012-10-27,13.7702006380554
2012-10-28,12.715911061431967
2012-10-29,11.969219194851334
2012-10-30,11.530125040801185
2012-10-31,11.398628597974218
2012-11-01,11.57472986759396
2012-11-02,12.062614433423057
2012-11-03,12.862282298099089
2012-11-04,13.973733459165675
2012-11-05,14.910587338208686
2012-11-06,15.67284393467531
2012-11-07,16.26050324761801
2012-11-08,16.673565277072168
2012-11-09,16.91203002433709
2012-11-10,16.975897488819427
2012-11-11,24.09977732798982
2012-11-12,16.640169295069896
2012-11-13,16.300902360426193
2012-11-14,15.847366867890262
2012-11-15,15.279562818890216
2012-11-16,14.597490211428212
2012-11-17,13.801149045496938
2012-11-18,12.890539321905948
2012-11-19,12.310296203094442
2012-11-20,12.060419690583933
2012-11-21,12.140909782704176
2012-11-22,19.279953458613285
2012-11-23,13.292989779565136
2012-11-24,14.364579686438194
2012-11-25,15.766536197835485
2012-11-26,16.791051807523353
2012-11-27,17.43812651291846
2012-11-28,17.707760316407523
2012-11-29,17.599953217946712
2012-11-30,17.114705216940926
2012-12-01,16.25201631173602
2012-12-02,15.00590131900063
2012-12-03,14.009031684936986
2012-12-04,13.261407409923727
2012-12-05,12.763028492243825
2012-12-06,12.513894933120508
2012-12-07,12.514006733127303
2012-12-08,12.76336389085559
2012-12-09,13.261966407603525
2012-12-10,13.754113455685665
2012-12-11,14.239805034716339
2012-12-12,21.00758646463185
2012-12-13,15.1918217922729
2012-12-14,15.658146968669982
2012-12-15,16.118016677827857
2012-12-16,16.5714309178777
2012-12-17,16.693892193407482
2012-12-18,16.48540050418197
2012-12-19,15.945955847994899
2012-12-20,15.075558227234602
2012-12-21,13.87420764122564
2012-12-22,12.341904089172354
2012-12-23,10.478647571717408
2012-12-24,9.101759466715219
2012-12-25,8.211239772041296
2012-12-26,7.807088491158216
2012-12-27,7.889305621190979
2012-12-28,8.457891164021902
2012-12-29,9.512845118358186
2012-12-30,11.054167485361937
2012-12-31,12.299352412144966
2013-01-01,13.248399900799345
2013-01-02,13.902383951129615
2013-01-03,14.261304564219163
2013-01-04,14.325161740292359
2013-01-05,14.093955479522196
2013-01-06,13.56768578102285
2013-01-07,13.274643235055404
2013-01-08,13.214827840655248
2013-01-09,13.388239598554351
2013-01-10,13.794878507991928
2013-01-11,14.434744569924197
2013-01-12,15.307837783550509
2013-01-13,16.414158149492096
2013-01-14,22.534202283807396
2013-01-15,24.431785191648448
2013-01-16,18.127871562984495
2013-01-17,18.164026806416672
2013-01-18,17.93264076879229
2013-01-19,17.433713451307266
2013-01-20,16.667244854535085
2013-01-21,20.70106673939786
2013-01-22,15.500036372895188
2013-01-23,15.099296487627221
2013-01-24,14.82046617419461
2013-01-25,14.663545432532757
2013-01-26,14.628534260896103
2013-01-27,14.715432660180053
2013-01-28,14.772924538311322
2013-01-29,14.801009895897934
2013-01-30,14.799688732860794
2013-01-31,14.768961048079305
2013-02-01,14.70882684217868
2013-02-02,14.621767323510879
2013-02-03,14.50778249210061
2013-02-04,19.434240538674583
2013-02-05,14.407412947788586
2013-02-06,14.421028234563778
2013-02-07,14.477176893772162
2013-02-08,14.575858925475675
2013-02-09,14.717074330998278
2013-02-10,14.900823108912167
2013-02-11,15.042615265967155
2013-02-12,15.142450803113292
2013-02-13,15.200329719736043
2013-02-14,15.216252015950346
2013-02-15,15.190217692138223
2013-02-16,22.10362506558343
2013-02-17,15.01227918163409
2013-02-18,14.896325373745476
2013-02-19,14.774365322496571
2013-02-20,14.646399028187371
2013-02-21,20.842709940760642
2013-02-22,14.372447710970416
2013-02-23,14.22646268709963
2013-02-24,14.07447142037918
2013-02-25,14.034506782218148
2013-02-26,14.106568774915711
2013-02-27,19.282538060156437
2013-02-28,14.586772648242224
2013-03-01,21.174476944603917
2013-03-02,15.510892337827597
2013-03-03,16.134706072579462
2013-03-04,16.659520974253557
2013-03-05,17.08533704410692
2013-03-06,17.41215427996616
2013-03-07,17.639972683426034
2013-03-08,17.76879225353779
2013-03-09,17.798612990807538
2013-03-10,17.72943489578712
2013-03-11,22.64450399130689
2013-03-12,17.28435898417669
2013-03-13,16.908461167338963
2013-03-14,16.430323443961655
2013-03-15,15.849945813832331
2013-03-16,15.167328276624257
2013-03-17,14.382470832324177
2013-03-18,13.764175011172428
2013-03-19,13.31244081609778
2013-03-20,13.027268244742121
2013-03-21,12.908657297154262
2013-03-22,12.956607974141413
2013-03-23,13.171120275691464
2013-03-24,13.552194201820068
2013-03-25,13.770944753109301
2013-03-26,13.827371929424846
2013-03-27,13.721475731593337
2013-03-28,13.453256160608486
2013-03-29,13.02271321487773
2013-03-30,12.429846893647522
2013-03-31,11.674657198096298
2013-04-01,11.160788421826688
2013-04-02,10.89460264352207
2013-04-03,10.876099863446504
2013-04-04,17.073833047236334
2013-04-05,11.582143296065833
2013-04-06,12.306689509492958
2013-04-07,13.278918721570655
2013-04-08,13.923455739247807
2013-04-09,14.240300563955955
2013-04-10,14.229453194377905
2013-04-11,13.890913632206638
2013-04-12,13.22468187573566
2013-04-13,12.230757926454029
2013-04-14,10.909141782561122
2013-04-15,9.914726426201266
2013-04-16,9.2475118563501
2013-04-17,8.907498073038404
2013-04-18,8.894685075339353
2013-04-19,9.209072865616982
2013-04-20,9.850661440304584
2013-04-21,10.81945080248053
2013-04-22,11.643961765755115
2013-04-23,12.324194329990462
2013-04-24,12.86014849529132
2013-04-25,13.251824261879857
2013-04-26,13.49922162951108
2013-04-27,13.602340599204922
2013-04-28,13.561181169906401
2013-04-29,13.468046821121451
2013-04-30,13.322937553119072
2013-05-01,13.125853365222387
2013-05-02,12.87000688833399
2013-05-03,12.555398119729455
2013-05-04,12.18202706153656
2013-05-05,11.749893713411726
2013-05-06,11.417357446394156
2013-05-07,11.184418260024803
2013-05-08,11.051076155808635
2013-05-09,11.017331132772556
2013-05-10,11.083183190951722
2013-05-11,11.24863233009544
2013-05-12,11.513678550984274
2013-05-13,11.82533145177669
2013-05-14,12.183591032245896
2013-05-15,12.588457290335498
2013-05-16,13.039930229502765
2013-05-17,13.538009847296404
2013-05-18,14.082696145589217
2013-05-19,14.673989122461276
2013-05-20,15.118631259705655
2013-05-21,15.416622555980329
2013-05-22,15.567963014077023
2013-05-23,15.572652630421395
2013-05-24,15.43069140677848
2013-05-25,15.142079343755753
2013-05-26,14.706816440753347
2013-05-27,21.091905425077062
2013-05-28,14.022352734805736
2013-05-29,13.773151930711421
2013-05-30,19.216909678387864
2013-05-31,13.46081242743998
2013-06-01,13.397673725907678
2013-06-02,13.402996900167258
2013-06-03,13.429494667438739
2013-06-04,13.47716702627717
2013-06-05,13.546013978583762
2013-06-06,13.636035521769642
2013-06-07,13.747231656887624
2013-06-08,13.879602384107187
2013-06-09,14.033147703905666
2013-06-10,14.098695714760083
2013-06-11,14.076246416791317
2013-06-12,19.301324432527796
2013-06-13,13.767355896226032
2013-06-14,13.480914672716168
2013-06-15,13.106476140236786
2013-06-16,12.644040299249863
2013-06-17,12.354454019780395
2013-06-18,12.237717300857891
2013-06-19,12.29383014254934
2013-06-20,12.522792545690198
2013-06-21,12.924604509308752
2013-06-22,13.499266033713596
2013-06-23,14.246777119976201
2013-06-24,14.932242988391124
2013-06-25,15.555663641357022
2013-06-26,16.117039077584725
2013-06-27,16.616369296009175
2013-06-28,17.053654297969356
2013-06-29,17.428894084266553
2013-06-30,17.742088653309327
2013-07-01,24.00697043778208
2013-07-02,17.984891110563254
2013-07-03,17.907067007381503
2013-07-04,24.551218666630028
2013-07-05,17.352968137602943
2013-07-06,16.876693370659027
2013-07-07,16.267601714853136
2013-07-08,15.939387176341796
2013-07-09,15.892049754065964
2013-07-10,16.125589447807876
2013-07-11,16.640006257632855
2013-07-12,17.435300184528817
2013-07-13,18.51147122755593
2013-07-14,19.868519387761786
2013-07-15,26.292744956587132
2013-07-16,21.379670537252785
2013-07-17,21.533773527284126
2013-07-18,21.286894793093865
2013-07-19,20.63903433537785
2013-07-20,19.590192155150767
2013-07-21,18.140368250514392
2013-07-22,16.88220828210597
2013-07-23,15.815712251019908
2013-07-24,14.940880156630609
2013-07-25,14.257711999081085
2013-07-26,13.766207778085594
2013-07-27,13.466367492697678
2013-07-28,13.358191143848307
2013-07-29,13.404463843795323
2013-07-30,13.605185590490903
2013-07-31,13.960356384935512
2013-08-01,14.46997622710472
2013-08-02,15.141940802426982
2013-08-03,15.976250111260631
2013-08-04,16.972904154615666
2013-08-05,17.63007510792782
2013-08-06,17.947762972148603
2013-08-07,17.925967747361227
2013-08-08,17.564689433527203
2013-08-09,16.863928030756338
2013-08-10,15.823683539943843
2013-08-11,14.443955957059671
2013-08-12,13.313174546007469
2013-08-13,12.431339303847711
2013-08-14,11.798450231520714
2013-08-15,11.414507328196443
2013-08-16,11.27951059385028
2013-08-17,11.393460028407828
2013-08-18,11.756355633833458
2013-08-19,12.089141167588341
2013-08-20,12.39181663014826
2013-08-21,12.664382021155356
2013-08-22,12.906837341812848
2013-08-23,13.119182591621332
2013-08-24,13.301417770131705
2013-08-25,13.453542877551172
2013-08-26,13.729875821528363
2013-08-27,14.13041660225673
2013-08-28,14.655165218022862
2013-08-29,15.304121670982855
2013-08-30,16.077285959536127
2013-08-31,16.974658085652198
2013-09-01,17.996238047160993
2013-09-02,25.916735455829418
2013-09-03,19.032321342228553
2013-09-04,19.046824676755254
2013-09-05,18.725635801466897
2013-09-06,18.06875471788581
2013-09-07,17.076181423388192
2013-09-08,15.747915920640366
2013-09-09,14.723896259960853
2013-09-10,14.004122440987178
2013-09-11,13.588594463060756
2013-09-12,13.477312327169752
2013-09-13,13.670276032031152
2013-09-14,14.167485579265634
2013-09-15,14.968940967649717
2013-09-16,15.705241722402086
2013-09-17,16.376387842572576
2013-09-18,16.982379329085294
2013-09-19,17.523216181612373
2013-09-20,17.998898400589518
2013-09-21,18.409425986653066
2013-09-22,18.754798937153357
2013-09-23,18.959341787052505
2013-09-24,19.023054535783444
2013-09-25,24.677974064601017
2013-09-26,18.72798972853343
2013-09-27,18.36921217174305
2013-09-28,17.869604513441832
2013-09-29,17.22916675468661
2013-09-30,16.72557825433554
2013-10-01,16.358839013023594
2013-10-02,16.1258209168986
2013-10-03,16.026523965499717
2013-10-04,16.060948160503237
2013-10-05,16.229093499646748
2013-10-06,16.530959983601285
2013-10-07,16.77195626010199
2013-10-08,23.21836730816772
2013-10-09,17.071338190262452
2013-10-10,17.129723843887145
2013-10-11,17.127239290528493
2013-10-12,17.063884528383483
2013-10-13,16.939659560572686
2013-10-14,16.815901942804537
2013-10-15,16.69261167792054
2013-10-16,16.569788763239266
2013-10-17,16.447433200898207
2013-10-18,16.3255449892461
2013-10-19,16.204124129504116
2013-10-20,16.083170620166037
2013-10-21,21.21090951323191
2013-10-22,15.793631417007589
2013-10-23,15.625045722093965
2013-10-24,15.440582631519767
2013-10-25,15.240242145822682
2013-10-26,15.024024264310793
2013-10-27,14.791928988157807
2013-10-28,14.674742211055461
2013-10-29,19.567883136899702
2013-10-30,14.78509416025799
2013-10-31,15.012632884635487
2013-11-01,15.35508011006559
2013-11-02,15.817238399165767
2013-11-03,16.399107751363548
2013-11-04,16.77474587673809
2013-11-05,22.01394461616574
2013-11-06,16.907328439557123
2013-11-07,16.66427287962144
2013-11-08,16.214986090620513
2013-11-09,15.55946807445082
2013-11-10,14.697718829596198
2013-11-11,14.03711593663402
2013-11-12,13.577659398521394
2013-11-13,13.319349214398562
2013-11-14,13.262185382010422
2013-11-15,13.406167904327056
2013-11-16,13.75129677916142
2013-11-17,14.297572007794889
2013-11-18,14.67234992864006
2013-11-19,14.875630540606672
2013-11-20,14.907413844033698
2013-11-21,14.7676998408502
2013-11-22,14.456488528130665
2013-11-23,13.97377990776431
2013-11-24,13.319573978781253
2013-11-25,12.861022349904868
2013-11-26,12.598125020528174
2013-11-27,12.530881992022813
2013-11-28,12.659293261674579
2013-11-29,12.98335883185231
2013-11-30,13.503078701472283
2013-12-01,14.218452871606411
2013-12-02,14.756049975843176
2013-12-03,15.115870014246724
2013-12-04,15.297912986767585
2013-12-05,15.302178894835176
2013-12-06,15.128667736230128
2013-12-07,14.777379512379856
2013-12-08,14.248314222344714
2013-12-09,13.77449465780403
2013-12-10,13.355920816311077
2013-12-11,12.992592701014075
2013-12-12,12.684510309824036
2013-12-13,12.431673643406999
2013-12-14,12.234082701014922
2013-12-15,12.091737483354866
2013-12-16,11.991065780334788
2013-12-17,11.932067592718646
2013-12-18,11.9147429186744
2013-12-19,11.93909175924652
2013-12-20,12.005114113310501
2013-12-21,12.112809983083896
2013-12-22,12.262179367449802
2013-12-23,12.448706624608661
2013-12-24,12.67239175408093
2013-12-25,12.933234757119855
2013-12-26,13.231235633865055
2013-12-27,13.566394384518924
2013-12-28,13.938711007769875
2013-12-29,14.348185503662712
2013-12-30,14.746929411208814
2013-12-31,15.13494273034156
2014-01-01,15.512225460502224
2014-01-02,15.867574134585077
2014-01-03,16.20098875138241
2014-01-04,16.512469313465935
2014-01-05,16.802015819556104
2014-01-06,17.11870856800301
2014-01-07,23.255800367201907
2014-01-08,17.833532788926338
2014-01-09,23.25971797306778
2014-01-10,18.656941976686696
2014-01-11,19.10936593269666
2014-01-12,19.58893613098559
2014-01-13,19.912570097381476
2014-01-14,24.47529319890666
2014-01-15,20.092029335335553
2014-01-16,19.947854607244327
2014-01-17,24.38641297144358
2014-01-18,19.191696454553902
2014-01-19,18.579713030466333
2014-01-20,18.142667539495005
2014-01-21,22.026547821044776
2014-01-22,17.793390353162067
2014-01-23,17.881158657618297
2014-01-24,18.143864895723226
2014-01-25,18.581509065408852
2014-01-26,25.066182672375387
2014-01-27,19.66558688647225
2014-01-28,24.26441592127301
2014-01-29,20.18531917687338
2014-01-30,20.233555748753233
2014-01-31,20.140705937890026
2014-02-01,19.906769744257893
2014-02-02,19.540454455342218
2014-02-03,19.154276883405938
2014-02-04,18.748237029057226
2014-02-05,18.32233489266354
2014-02-06,17.876570473014716
2014-02-07,17.410943770240433
2014-02-08,16.925454785046668
2014-02-09,16.420103516952242
2014-02-10,15.963620761208823
2014-02-11,15.556006517603967
2014-02-12,15.197260786202698
2014-02-13,14.887383567481596
2014-02-14,14.626374860612
2014-02-15,14.41423466567096
2014-02-16,14.25096298363223
2014-02-17,18.40260731843955
2014-02-18,19.439780061686072
2014-02-19,15.05297120673699
2014-02-20,15.750915037670895
2014-02-21,16.66416274641124
2014-02-22,17.792714335644092
2014-02-23,19.136569802306344
2014-02-24,26.270020197494194
2014-02-25,20.889503088890347
2014-02-26,28.400556056510297
2014-02-27,21.396066180881885
2014-02-28,21.18195890487775
2014-03-01,20.656259077793333
2014-03-02,19.81392365376335
2014-03-03,19.012139501484576
2014-03-04,18.250906621116876
2014-03-05,17.53022501151863
2014-03-06,16.85009467480096
2014-03-07,16.210515607495203
2014-03-08,15.611487814209923
2014-03-09,15.053011290863264
2014-03-10,14.54010304890899
2014-03-11,14.072763086322215
2014-03-12,13.650991404536226
2014-03-13,13.274788002330192
2014-03-14,12.944152881339411
2014-03-15,12.659086039733936
2014-03-16,12.419587478040416
2014-03-17,12.250120580436107
2014-03-18,17.112421802983913
2014-03-19,12.121281776493047
2014-03-20,12.161909870151886
2014-03-21,12.272569627631537
2014-03-22,12.453261048889624
2014-03-23,12.703984134164275
2014-03-24,17.455699499088972
2014-03-25,13.577590616201132
2014-03-26,14.200474012477944
2014-03-27,14.947410847141327
2014-03-28,15.818401117989268
2014-03-29,16.813444827616735
2014-03-30,17.932541974227355
2014-03-31,18.760000608651765
2014-04-01,23.43160592001766
2014-04-02,19.54290640979942
2014-04-03,19.501257641813158
2014-04-04,19.170874427828224
2014-04-05,18.551756767933654
2014-04-06,17.64390466191716
2014-04-07,16.925061660366477
2014-04-08,16.39522776249767
2014-04-09,19.906832611117146
2014-04-10,22.027890120954215
2014-04-11,15.939780693077191
2014-04-12,16.165983210682484
2014-04-13,16.581194832935267
2014-04-14,16.76035360916658
2014-04-15,16.703459540010314
2014-04-16,16.410512624462925
2014-04-17,15.88151286404256
2014-04-18,15.116460256644977
2014-04-19,14.115354804015402
2014-04-20,12.878196506009093
2014-04-21,17.832921956151683
2014-04-22,11.750030002177716
2014-04-23,11.859021797150735
2014-04-24,12.416730289878547
2014-04-25,13.42315548102955
2014-04-26,14.878297369020206
2014-04-27,16.78215595536087
2014-04-28,18.241233596387524
2014-04-29,19.255530293685997
2014-04-30,19.825046046170968
2014-05-01,19.949780853551722
2014-05-02,19.6298531048675
2014-05-03,18.865262801679417
2014-05-04,22.336245881431303
2014-05-05,21.89531735915977
2014-05-06,15.58913262416836
2014-05-07,14.731508166155026
2014-05-08,13.991093174363538
2014-05-09,13.367887649938458
2014-05-10,12.861891592121053
2014-05-11,12.47310500084275
2014-05-12,12.217612104712451
2014-05-13,12.095412904871775
2014-05-14,12.106507399109683
2014-05-15,16.133469438996148
2014-05-16,12.5285774751306
2014-05-17,12.93955305567048
2014-05-18,18.29483775371544
2014-05-19,13.987751615385234
2014-05-20,14.451340906464736
2014-05-21,14.874590205838658
2014-05-22,15.257499511504971
2014-05-23,15.600068825127472
2014-05-24,15.902298147361972
2014-05-25,22.253317270920284
2014-05-26,16.357705308746503
2014-05-27,16.48285164328393
2014-05-28,16.539626479999672
2014-05-29,16.528029819225203
2014-05-30,16.44806166123061
2014-05-31,16.299722005328967
2014-06-01,22.099794549929143
2014-06-02,15.945316437519168
2014-06-03,15.886638760274675
2014-06-04,15.906977822937677
2014-06-05,16.006333623667615
2014-06-06,16.184706163047768
2014-06-07,16.442095441512848
2014-06-08,16.778501457861488
2014-06-09,17.093163431340106
2014-06-10,17.386081362830925
2014-06-11,17.657255250131726
2014-06-12,17.90668509533262
2014-06-13,18.134370897548706
2014-06-14,18.34031265672558
2014-06-15,18.524510373916577
2014-06-16,18.66414831316193
2014-06-17,18.759226474416696
2014-06-18,23.41206961780157
2014-06-19,18.81570346628812
2014-06-20,18.777102296129677
2014-06-21,18.693941348767687
2014-06-22,18.56622062311263
2014-06-23,18.591627672911287
2014-06-24,22.447755741244947
2014-06-25,22.94822590037604
2014-06-26,19.586615475456806
2014-06-27,20.22453362747155
2014-06-28,21.015579554057442
2014-06-29,21.959753257117164
2014-06-30,22.66719969981875
2014-07-01,23.1379188815693
2014-07-02,23.368614692951063
2014-07-03,23.35928713483997
2014-07-04,23.109936205773412
2014-07-05,22.620561906310126
2014-07-06,21.891164235872363
2014-07-07,21.287097838032725
2014-07-08,20.808362712823893
2014-07-09,24.657061302381884
2014-07-10,24.844978776117298
2014-07-11,24.48902612960363
2014-07-12,20.14673493374588
2014-07-13,20.294656169748784
2014-07-14,20.40656891344115
2014-07-15,24.30475860075516
2014-07-16,20.522368926484244
2014-07-17,20.526256196203423
2014-07-18,20.494134973062987
2014-07-19,20.42600525963148
2014-07-20,20.32186705350252
2014-07-21,20.33731621927953
2014-07-22,24.005253805026875
2014-07-23,24.573377464978993
2014-07-24,21.101187942383895
2014-07-25,21.5949865930393
2014-07-26,22.2083726140554
2014-07-27,22.941346006334175
2014-07-28,23.727248432325407
2014-07-29,24.566079891223406
2014-07-30,25.457840385379804
2014-07-31,32.009352396766594
2014-08-01,27.40014847360896
2014-08-02,28.452241882793018
2014-08-03,29.55881014062365
2014-08-04,34.768990340856725
2014-08-05,30.644495047188098
2014-08-06,35.02466590388888
2014-08-07,30.226911142320677
2014-08-08,29.454393386669707
2014-08-09,28.306058427683794
2014-08-10,26.781906265309868
2014-08-11,28.73900561616255
2014-08-12,24.338287347493818
2014-08-13,23.41882059105277
2014-08-14,22.700915636753003
2014-08-15,22.18457248435927
2014-08-16,21.869791133406405
2014-08-17,21.756571584093265
2014-08-18,21.79409578436534
2014-08-19,21.98236373511591
2014-08-20,26.08337245789265
2014-08-21,30.0457405445377
2014-08-22,23.451630088855776
2014-08-23,24.24287304037753
2014-08-24,25.18485974269985
2014-08-25,29.640684328010646
2014-08-26,26.54139402020212
2014-08-27,26.95594159688688
2014-08-28,27.194676129791233
2014-08-29,27.257597622569826
2014-08-30,27.144706072842858
2014-08-31,26.856001481121258
2014-09-01,26.576056718139057
2014-09-02,29.70183172961224
2014-09-03,31.124579079881897
2014-09-04,25.768941841577366
2014-09-05,25.510810018390544
2014-09-06,25.258131430537695
2014-09-07,25.010906077742767
2014-09-08,29.583030564437284
2014-09-09,28.683272651123062
2014-09-10,29.045848162941695
2014-09-11,24.828809801256597
2014-09-12,24.984987015553955
2014-09-13,25.221844743490998
2014-09-14,29.608850916868317
2014-09-15,29.0824028368641
2014-09-16,31.135886583335356
2014-09-17,24.973038513850906
2014-09-18,24.277937291758064
2014-09-19,23.32967620273958
2014-09-20,22.128255247483878
2014-09-21,20.673674426120858
2014-09-22,19.61122879333374
2014-09-23,18.94091834906265
2014-09-24,18.66274309324984
2014-09-25,22.40606553655499
2014-09-26,19.282798146462163
2014-09-27,20.18102845598212
2014-09-28,21.471393954858296
2014-09-29,22.550770233596545
2014-09-30,26.90382761121216
2014-10-01,28.467406686570705
2014-10-02,28.218465367512298
2014-10-03,24.77593522057379
2014-10-04,24.81791746773007
2014-10-05,24.654761182481906
2014-10-06,24.330162202413664
2014-10-07,27.33481968678121
2014-10-08,23.196636155685162
2014-10-09,22.387709088795745
2014-10-10,21.41733932522277
2014-10-11,20.28552686618458
2014-10-12,18.99227171206526
2014-10-13,17.971653117000137
2014-10-14,17.22367108170386
2014-10-15,20.998658779098065
2014-10-16,16.545616690614015
2014-10-17,16.615544335065074
2014-10-18,16.95810854002098
2014-10-19,17.573309302795593
2014-10-20,18.060344362905994
2014-10-21,21.650672700022486
2014-10-22,18.649917374509016
2014-10-23,22.369760153565554
2014-10-24,18.726827573375665
2014-10-25,18.573034116992215
2014-10-26,18.291074959047844
2014-10-27,18.08762414708142
2014-10-28,17.962681680456654
2014-10-29,21.316514098970202
2014-10-30,17.948321784955084
2014-10-31,22.844876896918812
2014-11-01,18.247995272150884
2014-11-02,18.514092992525875
2014-11-03,18.76477655208014
2014-11-04,24.4204381092142
2014-11-05,19.21990118933132
2014-11-06,19.424342268130186
2014-11-07,19.613369185807446
2014-11-08,19.78698194258356
2014-11-09,19.94518053843732
2014-11-10,23.92027778868274
2014-11-11,19.90177342623726
2014-11-12,24.45089472519392
2014-11-13,19.378627238923773
2014-11-14,23.193514005806115
2014-11-15,18.3757419758898
2014-11-16,17.694397191490005
2014-11-17,17.23876492271373
2014-11-18,17.00884516931486
2014-11-19,17.00463792940082
2014-11-20,21.349870710307155
2014-11-21,17.673360998082032
2014-11-22,24.82126694767915
2014-11-23,19.24493412641216
2014-11-24,20.09669463218212
2014-11-25,20.90157282191287
2014-11-26,21.659568697541243
2014-11-27,22.370682256244404
2014-11-28,23.03491349924784
2014-11-29,23.652262427892808
2014-11-30,24.22272904003167
2014-12-01,28.452732119838362
2014-12-02,28.331450928207232
2014-12-03,24.743733876961098
2014-12-04,24.51793946545096
2014-12-05,24.092413709851673
2014-12-06,23.46715660786109
2014-12-07,22.64216816190733
2014-12-08,25.92483559579854
2014-12-09,25.21842493633802
2014-12-10,20.975099286030908
2014-12-11,20.688708481136448
2014-12-12,20.53696708653774
2014-12-13,20.51987510287815
2014-12-14,20.637432528927892
2014-12-15,20.561790831777063
2014-12-16,20.29295001000021
2014-12-17,19.8309100654959
2014-12-18,19.17567099806869
2014-12-19,18.327232807486993
2014-12-20,22.68743736936608
2014-12-21,16.050759053118966
2014-12-22,19.207223546413726
2014-12-23,14.745536941412439
2014-12-24,14.675151266906935
2014-12-25,14.992915846240194
2014-12-26,15.698830679537378
2014-12-27,16.792895769525455
2014-12-28,18.275111113485185
2014-12-29,24.30884634559707
2014-12-30,20.171670815567445
2014-12-31,20.586015174792088
2015-01-01,20.644402540455367
2015-01-02,20.350925175003216
2015-01-03,19.705583078566118
2015-01-04,18.7083762502735
2015-01-05,18.031725372775153
2015-01-06,17.675630442191043
2015-01-07,17.640091459439457
2015-01-08,23.839401820538896
2015-01-09,22.8352740862903
2015-01-10,19.45681020306419
2015-01-11,20.70349501490341
2015-01-12,21.61669657560151
2015-01-13,22.19641488847614
2015-01-14,26.532986949685125
2015-01-15,26.356697413072318
2015-01-16,21.934670327696917
2015-01-17,21.180455642710683
2015-01-18,20.09275770751068
2015-01-19,19.284361065191973
2015-01-20,22.993541204729617
2015-01-21,23.39486201615494
2015-01-22,18.534978891305204
2015-01-23,18.84378741942707
2015-01-24,19.43189723889585
2015-01-25,20.2993083517897
2015-01-26,24.83866022903324
2015-01-27,26.062525712930107
2015-01-28,22.180338909749274
2015-01-29,22.566948169080263
2015-01-30,26.74004617969785
2015-01-31,22.979565298920512
2015-02-01,23.00557316820887
2015-02-02,27.791463208233264
2015-02-03,26.86421042309913
2015-02-04,22.726711503609486
2015-02-05,26.867619334141168
2015-02-06,22.243399331271288
2015-02-07,21.912521926689266
2015-02-08,21.522163642698697
2015-02-09,24.889438246199408
2015-02-10,20.764527723135956
2015-02-11,20.397250087149935
2015-02-12,24.842652580113157
2015-02-13,19.685775463311412
2015-02-14,19.341578474552392
2015-02-15,19.005075035510774
2015-02-16,23.60668607995739
2015-02-17,23.040218425909153
2015-02-18,24.892273315916707
2015-02-19,25.801539801532126
2015-02-20,20.77335467535984
2015-02-21,21.817169971365523
2015-02-22,23.091038389858838
2015-02-23,29.404385176821002
2015-02-24,29.073315735404762
2015-02-25,30.25485245409032
2015-02-26,29.259344408722693
2015-02-27,23.391899501742873
2015-02-28,22.238375527789312
2015-03-01,25.75564308350026
2015-03-02,23.63921183474342
2015-03-03,18.34606652503647
2015-03-04,17.569936268418633
2015-03-05,17.054459050485203
2015-03-06,16.79963487116934
2015-03-07,16.80546373084843
2015-03-08,17.071945628696028
2015-03-09,21.23061865782766
2015-03-10,17.362463406442103
2015-03-11,17.38649928567761
2015-03-12,22.369831219561558
2015-03-13,17.192125025125286
2015-03-14,16.973714885861305
2015-03-15,16.67448940582755
2015-03-16,22.448608280346537
2015-03-17,16.665884283869154
2015-03-18,16.956504641344928
2015-03-19,23.683591107146675
2015-03-20,18.127591194225346
2015-03-21,19.008057389143488
2015-03-22,20.08513886320865
2015-03-23,20.924525498001405
2015-03-24,21.52621729380047
2015-03-25,21.890214249715804
2015-03-26,22.01651636617364
2015-03-27,21.905123644176495
2015-03-28,21.55603608132629
2015-03-29,20.969253680568773
2015-03-30,20.4205681071553
2015-03-31,25.831229110880745
2015-04-01,19.437487443489935
2015-04-02,18.994627495534633
2015-04-03,18.581399517642588
2015-04-04,18.197803510598785
2015-04-05,17.84383947369173
2015-04-06,17.614928599732952
2015-04-07,17.511070887704207
2015-04-08,17.532266338928622
2015-04-09,17.678514953367607
2015-04-10,17.94981673001229
2015-04-11,18.346171669487298
2015-04-12,18.86757977186272
2015-04-13,26.23361870888676
2015-04-14,19.75330486360043
2015-04-15,24.85350863640003
2015-04-16,20.429575138018603
2015-04-17,25.783535686613224
2015-04-18,20.89639059608998
2015-04-19,21.051252768670803
2015-04-20,25.136834462132626
2015-04-21,20.72769358919221
2015-04-22,20.24927223714208
2015-04-23,19.559756376563552
2015-04-24,18.659146007580944
2015-04-25,17.54744113066911
2015-04-26,16.224641744889844
2015-04-27,15.385176733675543
2015-04-28,15.029046098531953
2015-04-29,15.156249838106643
2015-04-30,15.766787954278207
2015-05-01,16.860660444666493
2015-05-02,18.438680351146452
2015-05-03,20.50084767425461
2015-05-04,21.93980364291711
2015-05-05,22.75554825647328
2015-05-06,22.948081516470705
2015-05-07,22.51740342045043
2015-05-08,21.463513970377434
2015-05-09,19.78641316539823
2015-05-10,22.791481421026965
2015-05-11,19.98854930610645
2015-05-12,14.597018117816804
2015-05-13,14.008247388013993
2015-05-14,13.98999046959077
2015-05-15,14.542247361283334
2015-05-16,15.665018063445292
2015-05-17,17.358302575291777
2015-05-18,18.71241747100724
2015-05-19,19.727362750124602
2015-05-20,20.403138414476928
2015-05-21,20.739744462112586
2015-05-22,20.737180892423446
2015-05-23,20.395447708153554
2015-05-24,19.714544906954373
2015-05-25,19.19187295812118
2015-05-26,23.041591985498066
2015-05-27,18.621221613265423
2015-05-28,18.573242217949833
2015-05-29,18.6834936747463
2015-05-30,18.9519759815504
2015-05-31,26.44449123825729
2015-06-01,19.62167748265861
2015-06-02,19.69295709528621
2015-06-03,19.592527977891013
2015-06-04,19.320390129616843
2015-06-05,18.876543551374365
2015-06-06,18.26098824437593
2015-06-07,17.473724205643343
2015-06-08,20.9196616001227
2015-06-09,16.408483155632236
2015-06-10,16.130506143236904
2015-06-11,16.022291473537358
2015-06-12,16.08383914534329
2015-06-13,16.315149158648573
2015-06-14,16.71622151448337
2015-06-15,23.074431508296062
2015-06-16,17.492467863097243
2015-06-17,22.28678258764481
2015-06-18,18.234183059875747
2015-06-19,18.592091476772882
2015-06-20,18.94136710609483
2015-06-21,19.28200994695433
2015-06-22,23.859668973353045
2015-06-23,24.55952368685588
2015-06-24,19.93465215475369
2015-06-25,20.02910411943735
2015-06-26,20.062008364573444
2015-06-27,20.03336489012227
2015-06-28,19.943173696419326
2015-06-29,24.30354578780069
2015-06-30,25.301102733315936
2015-07-01,27.51173514282572
2015-07-02,26.004873202961427
2015-07-03,21.069901300484737
2015-07-04,21.569216266775143
2015-07-05,22.155235796172608
2015-07-06,22.621145208726364
2015-07-07,28.242180713642384
2015-07-08,23.192633686436135
2015-07-09,29.68275577516694
2015-07-10,23.28368170263193
2015-07-11,23.14904053666123
2015-07-12,22.894289254800885
2015-07-13,29.1130853754829
2015-07-14,22.238592320795227
2015-07-15,21.837646668405853
2015-07-16,21.387969558479117
2015-07-17,20.889560991635467
2015-07-18,20.342420966998368
2015-07-19,19.746549486112215
2015-07-20,23.990805306052895
2015-07-21,19.16665136032361
2015-07-22,19.18262471603011
2015-07-23,19.402546350881142
2015-07-24,19.826416265140438
2015-07-25,20.454234458903834
2015-07-26,21.286000930106137
2015-07-27,26.724572495740617
2015-07-28,22.174124173061177
2015-07-29,22.230480943030695
2015-07-30,22.028367812745724
2015-07-31,26.90330940201454
2015-08-01,20.84873184717233
2015-08-02,19.894097762799188
2015-08-03,24.619608747203056
2015-08-04,18.367576065217133
2015-08-05,17.795688453764388
2015-08-06,17.35138299917019
2015-08-07,17.034659703239875
2015-08-08,16.84551856444681
2015-08-09,16.783959582167
2015-08-10,16.76389320770305
2015-08-11,16.785319440656952
2015-08-12,16.848238280874426
2015-08-13,16.952649728599
2015-08-14,17.09855378206424
2015-08-15,17.2859504436987
2015-08-16,17.514839712125273
2015-08-17,21.712965787289153
2015-08-18,22.531171026824943
2015-08-19,17.817159056012336
2015-08-20,17.789816016567244
2015-08-21,17.698414901286988
2015-08-22,17.542955708351993
2015-08-23,17.323438438657774
2015-08-24,22.239190276431536
2015-08-25,21.70356575668683
2015-08-26,17.669909487708036
2015-08-27,18.120407457464818
2015-08-28,18.738409236221116
2015-08-29,19.523914826032676
2015-08-30,20.47692422529782
2015-08-31,28.382880140389904
2015-09-01,27.530621936340417
2015-09-02,21.812176552693664
2015-09-03,21.72978567406216
2015-09-04,21.38121359016508
2015-09-05,20.766460299572834
2015-09-06,19.885525803524402
2015-09-07,24.576834358838003
2015-09-08,25.610229811407
2015-09-09,24.3482303127351
2015-09-10,18.849548939182494
2015-09-11,19.21249500342578
2015-09-12,19.82421717973627
2015-09-13,20.68471546834686
2015-09-14,27.32268726312689
2015-09-15,26.02019963978681
2015-09-16,22.10303832257852
2015-09-17,22.188088603721347
2015-09-18,22.07927688374396
2015-09-19,21.776603161146706
2015-09-20,21.28006743729971
2015-09-21,24.9065723850536
2015-09-22,24.951258719356037
2015-09-23,20.220415845554406
2015-09-24,20.01051717489267
2015-09-25,19.872277765745753
2015-09-26,19.80569762151401
2015-09-27,19.810776739937793
2015-09-28,19.789680458686487
2015-09-29,24.767679946301477
2015-09-30,24.260156286423182
2015-10-01,24.59136408575652
2015-10-02,19.447522124667373
2015-10-03,19.303510418315142
2015-10-04,19.13730410015346
2015-10-05,18.933391623474062
2015-10-06,23.78614395503128
2015-10-07,18.412448194379486
2015-10-08,18.095417241388084
2015-10-09,17.740680128915535
2015-10-10,17.348236858024542
2015-10-11,16.91808742829865
2015-10-12,20.78065759531985
2015-10-13,16.481288580347663
2015-10-14,21.633472355931442
2015-10-15,16.609156415067748
2015-10-16,16.884840337306596
2015-10-17,17.301690931084078
2015-10-18,17.859708195123936
2015-10-19,22.39766679451025
2015-10-20,23.283053541480797
2015-10-21,18.707216023823392
2015-10-22,23.941209455522007
2015-10-23,18.583434607642822
2015-10-24,18.314907907947106
2015-10-25,17.90862388243464
2015-10-26,17.602484748532458
2015-10-27,21.959859676266245
2015-10-28,17.290641159024723
2015-10-29,22.722024114714486
2015-10-30,17.379377139049154
2015-10-31,17.573962468716548
2015-11-01,17.868692689477665
2015-11-02,23.923572312994935
2015-11-03,23.072005596699867
2015-11-04,18.840864749405682
2015-11-05,23.60736112458847
2015-11-06,19.56229728501492
2015-11-07,19.94500890133089
2015-11-08,20.342384084898157
2015-11-09,25.172996087419666
2015-11-10,25.886092804501363
2015-11-11,20.28068337416228
2015-11-12,19.842174385126256
2015-11-13,25.21055053670231
2015-11-14,18.338243277635335
2015-11-15,17.272821158799516
2015-11-16,16.614793584933796
2015-11-17,22.495492238431282
2015-11-18,16.520922068943452
2015-11-19,21.932266597784285
2015-11-20,18.056628730385867
2015-11-21,19.43557387778718
2015-11-22,21.22191356969604
2015-11-23,27.327716559692224
2015-11-24,29.559787411774007
2015-11-25,28.72923716970642
2015-11-26,24.53694255029893
2015-11-27,24.408117348386536
2015-11-28,23.896259168859064
2015-11-29,23.00136801045001
2015-11-30,26.161545472248722
2015-12-01,27.67350760877088
2015-12-02,20.542055439819435
2015-12-03,19.779004002834867
2015-12-04,19.042012166888494
2015-12-05,18.331079929273514
2015-12-06,23.06613569243195
2015-12-07,17.189454055067838
2015-12-08,16.960820219704722
2015-12-09,23.23030082262818
2015-12-10,17.18791075477197
2015-12-11,17.643635123322294
2015-12-12,24.50472252394431
2015-12-13,19.239442066568017
2015-12-14,24.65299573512942
2015-12-15,20.40639149729916
2015-12-16,27.841727840021797
2015-12-17,20.69737170913032
2015-12-18,20.51437335871521
2015-12-19,20.112382703431127
2015-12-20,19.491399742655894
2015-12-21,19.005577573686935
2015-12-22,18.654916195892707
2015-12-23,18.439415608217253
2015-12-24,18.359075811458904
2015-12-25,18.413896805279382
2015-12-26,18.603878590296638
2015-12-27,18.92902116628223
2015-12-28,19.28067704550254
2015-12-29,19.658846228289608
2015-12-30,26.478215943544644
2015-12-31,20.494724505047927
2016-01-01,20.95243360015001
2016-01-02,21.444844064691743
2016-01-03,21.97195589726335
2016-01-04,22.26670851550066
2016-01-05,22.32910191932063
2016-01-06,22.159136108598304
2016-01-07,21.75681108182276
2016-01-08,21.12212683935498
2016-01-09,20.255083382110797
2016-01-10,19.15568071064726
2016-01-11,18.437806922933806
2016-01-12,18.101462018753324
2016-01-13,18.14664599732348
2016-01-14,23.456720378974275
2016-01-15,24.078068043967363
2016-01-16,20.571371239415402
2016-01-17,22.142670753839326
2016-01-18,23.275566434082602
2016-01-19,23.970058278381924
2016-01-20,28.964815615045406
2016-01-21,24.043830465102673
2016-01-22,23.42311080488015
2016-01-23,22.36398731022415
2016-01-24,20.866459981474925
2016-01-25,24.785803560964
2016-01-26,19.046204540655452
2016-01-27,22.93624528266114
2016-01-28,18.792348056350054
2016-01-29,19.252819423770458
2016-01-30,20.104890530076492
2016-01-31,21.348561375339763
2016-02-01,28.69800870544543
2016-02-02,23.09018268936191
2016-02-03,23.588279773237154
2016-02-04,23.837901139073104
2016-02-05,28.209956790586304
2016-02-06,23.591716724308313
2016-02-07,23.095910942272663
2016-02-08,22.552178064021223
2016-02-09,21.9605180886686
2016-02-10,21.320931016577273
2016-02-11,20.63341684872495
2016-02-12,19.897975583014397
2016-02-13,19.11460722103964
2016-02-14,18.28331176198362
2016-02-15,17.681716604232143
2016-02-16,22.349933141636885
2016-02-17,17.167627191789578
2016-02-18,17.25513293716457
2016-02-19,17.572338984525977
2016-02-20,18.11924533177966
2016-02-21,18.895851980345835
2016-02-22,19.576082131160007
2016-02-23,20.159935783578256
2016-02-24,20.647412938405388
2016-02-25,21.03851359507598
2016-02-26,21.333237753833863
2016-02-27,21.53158541571113
2016-02-28,25.775370607434617
2016-02-29,25.478875592473653
2016-03-01,21.36556133444316
2016-03-02,25.36390778494112
2016-03-03,24.20443506651973
2016-03-04,19.768141688406228
2016-03-05,18.915849143624587
2016-03-06,17.903646932112302
2016-03-07,22.688115329290262
2016-03-08,16.304094689983412
2016-03-09,15.716744660456905
2016-03-10,19.027443960259458
2016-03-11,19.00158293412123
2016-03-12,14.804398928432894
2016-03-13,14.78351847185983
2016-03-14,14.850479063791067
2016-03-15,15.00528070536787
2016-03-16,15.247923394511895
2016-03-17,19.575528968792185
2016-03-18,15.996731921184084
2016-03-19,16.502897757886945
2016-03-20,17.096904643204944
2016-03-21,17.659798817158993
2016-03-22,18.19158027698397
2016-03-23,18.692249025972757
2016-03-24,19.16180506177871
2016-03-25,19.600248385230692
2016-03-26,20.007578996690192
2016-03-27,20.383796894972964
2016-03-28,20.61553035125161
2016-03-29,20.702779366486926
2016-03-30,26.99391391427355
2016-03-31,20.443824071483917
2016-04-01,20.09761976060422
2016-04-02,19.60622293315164
2016-04-03,18.969633590609206
2016-04-04,18.50494130438205
2016-04-05,22.221325591372956
2016-04-06,18.091247897430556
2016-04-07,18.142246777645425
2016-04-08,18.365142713462
2016-04-09,18.75993570563693
2016-04-10,19.32662575356658
2016-04-11,19.728533623056233
2016-04-12,19.965659316696616
2016-04-13,20.038002833541917
2016-04-14,19.94556417267207
2016-04-15,24.71639704674521
2016-04-16,19.26634032029328
2016-04-17,18.67955512768161
2016-04-18,18.16349087566059
2016-04-19,17.7181475613878
2016-04-20,17.34352518654826
2016-04-21,17.03962374969147
2016-04-22,16.80644325240394
2016-04-23,16.64398369334709
2016-04-24,16.552245073393436
2016-04-25,22.7184007162386
2016-04-26,20.23358964695026
2016-04-27,20.37638281554334
2016-04-28,16.546590182407787
2016-04-29,22.001170185862904
2016-04-30,16.760542490469962
2016-05-01,16.921713582929907
2016-05-02,20.92165093534051
2016-05-03,17.112632997933627
2016-05-04,17.142381320539165
2016-05-05,17.128322053812987
2016-05-06,17.07045519591052
2016-05-07,16.968780749105775
2016-05-08,16.823298711867128
2016-05-09,21.623059516422295
2016-05-10,16.292249657072084
2016-05-11,20.199217702672552
2016-05-12,19.082507487523376
2016-05-13,14.895463621938399
2016-05-14,14.269811622996126
2016-05-15,13.564131297043348
2016-05-16,13.073808687501838
2016-05-17,12.798843792794335
2016-05-18,12.739236614106233
2016-05-19,12.894987151818604
2016-05-20,13.266095404861769
2016-05-21,13.852561372950243
2016-05-22,14.654385058837576
2016-05-23,15.368427820637056
2016-05-24,15.994689659405493
2016-05-25,16.533170576446555
2016-05-26,16.983870569780606
2016-05-27,17.34678964136625
2016-05-28,17.621927789844637
2016-05-29,17.809285015885248
2016-05-30,17.988578853189058
2016-05-31,18.159809302741348
2016-06-01,23.351030075771526
2016-06-02,18.47177645516685
2016-06-03,23.41722499771023
2016-06-04,18.726275728571938
2016-06-05,18.831974911150002
2016-06-06,18.93090265993743
2016-06-07,19.023058974971974
2016-06-08,19.10844385529961
2016-06-09,19.187057302610075
2016-06-10,19.258899315651384
2016-06-11,19.323969894111176
2016-06-12,19.382269038870145
2016-06-13,19.388998461527503
2016-06-14,19.344158162195807
2016-06-15,19.247748141463294
2016-06-16,23.235553584333594
2016-06-17,18.900218932648873
2016-06-18,18.649099745330904
2016-06-19,18.346410837106873
2016-06-20,18.15275185256014
2016-06-21,22.879138214704295
2016-06-22,18.092523658394164
2016-06-23,18.225954449662073
2016-06-24,18.468415165017042
2016-06-25,18.8199058055972
2016-06-26,19.280426370695643
2016-06-27,19.70573379025252
2016-06-28,20.095828064708563
2016-06-29,20.45070919249827
2016-06-30,20.770377173702762
2016-07-01,21.05483201018761
2016-07-02,21.302568389169686
2016-07-03,21.513586312346224
2016-07-04,21.670121432053595
2016-07-05,25.268901750189826
2016-07-06,21.819743265581423
2016-07-07,21.812829978432767
2016-07-08,21.75143388858521
2016-07-09,21.63555499648006
2016-07-10,21.46519330236983
2016-07-11,25.009716984989723
2016-07-12,21.200173267501636
2016-07-13,21.10551492609062
2016-07-14,21.036091036336302
2016-07-15,20.991901597632207
2016-07-16,20.972946609762733
2016-07-17,28.213835730126075
2016-07-18,20.931778772997426
2016-07-19,20.830604710684632
2016-07-20,20.675703885174546
2016-07-21,20.467076296495797
2016-07-22,24.82930704075366
2016-07-23,19.888640830631875
2016-07-24,19.518832952150387
2016-07-25,22.846222007265318
2016-07-26,24.402648860140133
2016-07-27,19.03345413179697
2016-07-28,22.739182847059727
2016-07-29,19.229905594998698
2016-07-30,19.484142530115566
2016-07-31,25.15379618960237
2016-08-01,25.108650835154048
2016-08-02,19.82659320274914
2016-08-03,19.460192178977938
2016-08-04,18.85478838089432
2016-08-05,18.010381808224334
2016-08-06,16.926972462628676
2016-08-07,15.604560343852283
2016-08-08,14.516726343449742
2016-08-09,13.663470463316006
2016-08-10,17.252923984233995
2016-08-11,12.66069305652094
2016-08-12,12.511171533629884
2016-08-13,12.596228127605682
2016-08-14,12.915862840343697
2016-08-15,13.328185426361014
2016-08-16,13.833195885074577
2016-08-17,14.430894218377922
2016-08-18,15.121280423586152
2016-08-19,15.904354502018286
2016-08-20,16.78011645400561
2016-08-21,17.748566279388545
2016-08-22,18.538600081971964
2016-08-23,19.15021786344705
2016-08-24,19.583419621460486
2016-08-25,19.838205357708546
2016-08-26,19.91457507263266
2016-08-27,19.812528764716365
2016-08-28,19.53206643518764
2016-08-29,19.336043992506905
2016-08-30,23.028660347136057
2016-08-31,23.87569967808345
2016-09-01,19.254615985724513
2016-09-02,19.386444523056394
2016-09-03,19.59280437846225
2016-09-04,19.873695552876622
2016-09-05,25.058191550242068
2016-09-06,20.18734563254801
2016-09-07,24.388352716787473
2016-09-08,25.06186182923476
2016-09-09,20.037490074261946
2016-09-10,19.822116708253066
2016-09-11,19.524032585690353
2016-09-12,19.31246889938417
2016-09-13,19.18742564948346
2016-09-14,19.148902835688865
2016-09-15,19.19690045990401
2016-09-16,23.943482176715985
2016-09-17,19.552457017648003
2016-09-18,19.86001595082504
2016-09-19,20.101432232704294
2016-09-20,23.899575776170998
2016-09-21,20.385836843266926
2016-09-22,24.34664455307084
2016-09-23,20.405670844964483
2016-09-24,20.316373869345043
2016-09-25,20.1609342423065
2016-09-26,23.598926500754025
2016-09-27,23.703211897237416
2016-09-28,19.298166363523737
2016-09-29,18.878427405264198
2016-09-30,18.39261361443087
2016-10-01,17.84072499038286
2016-10-02,17.23198821656505
2016-10-03,16.693758437099348
2016-10-04,16.226035651069278
2016-10-05,19.56299145910584
2016-10-06,15.50211106171746
2016-10-07,15.245909257880585
2016-10-08,15.060214448211887
2016-10-09,14.945026631927288
2016-10-10,14.94643420109895
2016-10-11,15.064437154032182
2016-10-12,15.29903549130342
2016-10-13,15.650229211966037
2016-10-14,16.11801831745671
2016-10-15,16.702402807330916
2016-10-16,17.40338268115829
2016-10-17,17.885114921516056
2016-10-18,18.147599528100443
2016-10-19,18.190836500987338
2016-10-20,18.01482584073067
2016-10-21,17.61956754622144
2016-10-22,17.005061618674077
2016-10-23,16.171308056979907
2016-10-24,20.28476447255308
2016-10-25,15.183682461136534
2016-10-26,15.029810426147783
2016-10-27,15.102565566632384
2016-10-28,15.40194788329741
2016-10-29,15.927957374871017
2016-10-30,16.680594041871043
2016-10-31,17.218536378281343
2016-11-01,17.54178438492779
2016-11-02,17.646025965975817
2016-11-03,17.531261122601737
2016-11-04,17.197489854557542
2016-11-05,16.64471216240137
2016-11-06,15.872928045027098
2016-11-07,15.331602446042686
2016-11-08,15.020735363588365
2016-11-09,14.940326800332585
2016-11-10,15.090376754007167
2016-11-11,15.47088522536612
2016-11-12,16.081852215008794
2016-11-13,16.92327772199339
2016-11-14,17.51787643736274
2016-11-15,21.989375865783515
2016-11-16,17.966593493386608
2016-11-17,17.820711833577473
2016-11-18,17.428003382657057
2016-11-19,16.788468140060218
2016-11-20,15.902106106036769
2016-11-21,15.281575754606562
2016-11-22,14.926877083155253
2016-11-23,14.838010095543956
2016-11-24,15.014974789917472
2016-11-25,15.45777116667948
2016-11-26,16.166399224889272
2016-11-27,17.140858964950414
2016-11-28,17.868569697185603
2016-11-29,22.07535539685736
2016-11-30,18.58374414099378
2016-12-01,18.571207851656155
2016-12-02,18.315112869828894
2016-12-03,17.815459196676603
2016-12-04,17.072246831491473
2016-12-05,16.472379683403666
2016-12-06,16.01585775039658
2016-12-07,15.702681034837388
2016-12-08,15.53284953561707
2016-12-09,15.506363252793882
2016-12-10,15.623222186798682
2016-12-11,15.883426336497923
2016-12-12,16.143945874484647
2016-12-13,16.40478080027369
2016-12-14,16.66593111163704
2016-12-15,16.927396812032182
2016-12-16,17.18917790019701
2016-12-17,17.451274375330332
2016-12-18,17.713686237640523
2016-12-19,21.8290476710022
2016-12-20,22.401361572009744
2016-12-21,18.378827000484694
2016-12-22,18.559842312966577
2016-12-23,18.720508487787313
2016-12-24,18.860825524358393
2016-12-25,18.980793424792946
2016-12-26,19.063136625967637
2016-12-27,19.107855128213213
2016-12-28,19.114948930958246
2016-12-29,19.084418035027216
2016-12-30,19.016262440443427
2016-12-31,18.910482147048274
2017-01-01,18.767077154700818
2017-01-02,18.676956771878704
2017-01-03,18.64012099836067
2017-01-04,18.656569836330117
2017-01-05,18.72630328419806
2017-01-06,18.849321341279467
2017-01-07,19.02562400869674
2017-01-08,19.255211286686286
2017-01-09,23.039933111275666
2017-01-10,19.708740240417654
2017-01-11,23.98406332312243
2017-01-12,20.154741723925522
2017-01-13,20.37491966690658
2017-01-14,24.837520073124928
2017-01-15,20.809629948402307
2017-01-16,20.924480982493655
2017-01-17,24.892688788621406
2017-01-18,20.849493531018787
2017-01-19,20.659655045263584
2017-01-20,20.368253384185568
2017-01-21,19.975288551163693
2017-01-22,19.480760544415663
2017-01-23,22.667226854622886
2017-01-24,22.20361636232001
2017-01-25,21.876041453416864
2017-01-26,18.380697053437334
2017-01-27,18.3251933146855
2017-01-28,18.357494429949835
2017-01-29,25.27813347594629
2017-01-30,18.580459462710852
2017-01-31,22.789799128394897
2017-02-01,23.79866364143524
2017-02-02,18.799327576319115
2017-02-03,18.860743709746423
2017-02-04,18.918685279741474
2017-02-05,18.973152286850468
2017-02-06,23.3610084260892
2017-02-07,18.876308530230624
2017-02-08,23.029590511455496
2017-02-09,18.50509441046594
2017-02-10,18.216598463582095
2017-02-11,17.859509926589197
2017-02-12,17.43382879897349
2017-02-13,20.437009664032978
2017-02-14,16.88529119581672
2017-02-15,20.379739547944652
2017-02-16,16.74051979520392
2017-02-17,16.81954642080558
2017-02-18,16.999514597217907
2017-02-19,17.280424323863357
2017-02-20,17.54486589695245
2017-02-21,17.79283931533972
2017-02-22,18.024344579693434
2017-02-23,18.23938168916466
2017-02-24,18.437950645203394
2017-02-25,18.620051445907702
2017-02-26,18.78568409278202
2017-02-27,18.890617770459983
2017-02-28,18.934852478409656
2017-03-01,18.918388216095533
2017-03-02,18.82545204644581
2017-03-03,18.65604396787136
2017-03-04,18.410163982389303
2017-03-05,18.087812089176225
2017-03-06,21.877572667551124
2017-03-07,20.86881815682206
2017-03-08,21.132591827710623
2017-03-09,17.767445637530983
2017-03-10,17.929614305844602
2017-03-11,18.188687086000144
2017-03-12,18.544663977816516
2017-03-13,22.220528149912585
2017-03-14,22.500150304940988
2017-03-15,18.949453862382658
2017-03-16,18.863336892569887
2017-03-17,18.66669645754128
2017-03-18,18.359532557333452
2017-03-19,17.941845192119917
2017-03-20,21.710736866794065
2017-03-21,17.428587093521305
2017-03-22,17.33301636056051
2017-03-23,17.344817838828266
2017-03-24,17.46399152709451
2017-03-25,17.69053742539996
2017-03-26,18.02445553531389
2017-03-27,21.9293476406393
2017-03-28,25.570870621806566
2017-03-29,18.314148284175126
2017-03-30,18.173358673012007
2017-03-31,17.913892133343104
2017-04-01,17.535748662586947
2017-04-02,17.056146629021384
2017-04-03,16.623474758143956
2017-04-04,16.237733053563836
2017-04-05,15.89892151239271
2017-04-06,15.607040134743137
2017-04-07,15.362088919981584
2017-04-08,15.164067869974067
2017-04-09,15.012976983975962
2017-04-10,18.629093811602534
2017-04-11,14.871119478914647
2017-04-12,14.880352860032
2017-04-13,14.943027664414661
2017-04-14,15.059143892382027
2017-04-15,15.22870154138585
2017-04-16,15.451700613168263
2017-04-17,15.60970614641278
2017-04-18,15.702718141582803
2017-04-19,15.73073659793633
2017-04-20,15.693761513929898
2017-04-21,19.558770520157495
2017-04-22,15.424830731186383
2017-04-23,15.192875031207832
2017-04-24,18.529587325523728
2017-04-25,14.908610562210301
2017-04-26,14.856301793304038
2017-04-27,18.746449183952556
2017-04-28,14.931331186406913
2017-04-29,15.058669347529207
2017-04-30,15.245889819768923
2017-05-01,15.399509188228503
2017-05-02,15.50725464817906
2017-05-03,15.569126199194217
2017-05-04,15.585123842108409
2017-05-05,15.555247575205426
2017-05-06,15.479497400165828
2017-05-07,15.357873315517548
2017-05-08,19.037396070260833
2017-05-09,18.837321746953176
2017-05-10,15.300246066892242
2017-05-11,15.383451984188948
2017-05-12,15.51786540356859
2017-05-13,15.703486322738154
2017-05-14,15.940314742847157
2017-05-15,16.162191520958956
2017-05-16,16.369116656206465
2017-05-17,21.070663503142843
2017-05-18,16.738112003772038
2017-05-19,16.90018221359615
2017-05-20,17.047300783436288
2017-05-21,17.179467710925493
2017-05-22,23.113103210337222
2017-05-23,17.376624962766304
2017-05-24,17.441615287049544
2017-05-25,17.484213410308612
2017-05-26,17.504419333032235
2017-05-27,17.50223305444282
2017-05-28,17.47765457490688
2017-05-29,17.438895454132922
2017-05-30,17.385955690154365
2017-05-31,21.683716443852525
2017-06-01,21.144223450238307
2017-06-02,17.148439394043468
2017-06-03,17.05155076023829
2017-06-04,16.946868334054734
2017-06-05,16.894785664962768
2017-06-06,16.89530275302704
2017-06-07,16.948419598915205
2017-06-08,17.05413620215841
2017-06-09,17.21245256255202
2017-06-10,17.42336868106109
2017-06-11,17.686884556231714
2017-06-12,17.886989630621414
2017-06-13,23.27480474566695
2017-06-14,18.096967375347113
2017-06-15,18.106840045206987
2017-06-16,18.053301913848465
2017-06-17,17.936352980923846
2017-06-18,17.75599324704087
2017-06-19,22.403758498957103
2017-06-20,17.72207414647146
2017-06-21,17.868514779121213
2017-06-22,18.12388886833125
2017-06-23,18.488196414213405
2017-06-24,18.96143741517492
2017-06-25,19.543611871603495
2017-06-26,20.009617827550272
2017-06-27,20.35945528163128
2017-06-28,25.44031270576403
2017-06-29,25.71456303347385
2017-06-30,20.711956637476124
2017-07-01,20.597120087089706
2017-07-02,20.355216067851977
2017-07-03,26.32743179717702
2017-07-04,19.98203638575215
2017-07-05,19.85076072097475
2017-07-06,19.75636117607387
2017-07-07,19.698837749766422
2017-07-08,19.678190440872186
2017-07-09,19.694419250986428
2017-07-10,24.57862514388851
2017-07-11,23.9672297881955
2017-07-12,19.54227992873065
2017-07-13,19.424624903203593
2017-07-14,19.273498919622003
2017-07-15,19.08890197742519
2017-07-16,18.870834076276743
2017-07-17,18.68188830178901
2017-07-18,22.924046375268105
2017-07-19,23.576166717440078
2017-07-20,18.289783734218968
2017-07-21,18.21732646347355
2017-07-22,18.173991318274688
2017-07-23,18.1597783007722
2017-07-24,18.17090615886408
2017-07-25,22.46373690893627
2017-07-26,23.526334190748063
2017-07-27,18.356334995157084
2017-07-28,18.46882636172373
2017-07-29,18.606658605158568
2017-07-30,18.769831723683964
2017-07-31,18.791829743016695
2017-08-01,18.672652660375604
2017-08-02,18.43050852261874
2017-08-03,18.06539732818008
2017-08-04,17.57731907716595
2017-08-05,16.96627376954603
2017-08-06,16.23226140664653
2017-08-07,15.639503433797586
2017-08-08,15.187999852954237
2017-08-09,14.877750661955396
2017-08-10,19.375079090734122
2017-08-11,20.613395372258104
2017-08-12,14.794529435771642
2017-08-13,15.04929780836547
2017-08-14,15.217571016984124
2017-08-15,20.61075831757852
2017-08-16,19.752264508237168
2017-08-17,15.203419659672367
2017-08-18,15.025712212094378
2017-08-19,14.761509600760258
2017-08-20,14.410811825400351
2017-08-21,14.235574083345853
2017-08-22,20.05965714800572
2017-08-23,14.411478697603874
2017-08-24,14.762621052933808
2017-08-25,15.28922344314531
2017-08-26,15.991285865133221
2017-08-27,16.868808319999776
2017-08-28,17.51807316141217
2017-08-29,17.939080389049682
2017-08-30,18.131830003335942
2017-08-31,18.096322004666042
2017-09-01,17.832556391924253
2017-09-02,17.321977376735195
2017-09-03,16.56458495909707
2017-09-04,16.027710357004537
2017-09-05,22.216473420975646
2017-09-06,15.615514601594839
2017-09-07,15.740193447042111
2017-09-08,22.210692953134643
2017-09-09,16.65110458815887
2017-09-10,17.437336882933977
2017-09-11,23.601824359085754
2017-09-12,22.634721152030647
2017-09-13,18.569322146230345
2017-09-14,18.53774669473212
2017-09-15,18.301719306131414
2017-09-16,17.86123998056417
2017-09-17,17.216308719397716
2017-09-18,20.868207062431782
2017-09-19,16.462447749153274
2017-09-20,16.353518039874782
2017-09-21,16.423255515465687
2017-09-22,16.671660174683524
2017-09-23,17.098732018794472
2017-09-24,17.704471046117153
2017-09-25,18.131149830033973
2017-09-26,24.08205231890152
2017-09-27,22.47459271375896
2017-09-28,18.336824726709654
2017-09-29,22.91856637506423
2017-09-30,17.578640109193152
2017-10-01,16.930957435706304
2017-10-02,21.80540258679218
2017-10-03,20.14800285723726
2017-10-04,21.268680611219235
2017-10-05,15.413234250153524
2017-10-06,15.302055330587564
2017-10-07,15.29817716221878
2017-10-08,15.401599744324024
2017-10-09,15.529424430085864
2017-10-10,15.681651219461278
2017-10-11,15.858280110936217
2017-10-12,16.059311106352794
2017-10-13,16.284744205021692
2017-10-14,16.534579407458473
2017-10-15,16.80881671276675
2017-10-16,16.977862886563578
2017-10-17,22.76818972907742
2017-10-18,23.238841402358457
2017-10-19,16.85385462656376
2017-10-20,16.602136278913655
2017-10-21,16.2452267996091
2017-10-22,20.17212271462353
2017-10-23,15.4415574204824
2017-10-24,15.220520491085209
2017-10-25,19.50901192748063
2017-10-26,15.140042154688519
2017-10-27,15.280600746379267
2017-10-28,15.541691178392616
2017-10-29,22.555038970264015
2017-10-30,16.29060885943864
2017-10-31,16.64357740319354
2017-11-01,16.98221908262968
2017-11-02,17.294354550959707
2017-11-03,17.579983810385862
2017-11-04,17.839106860585595
2017-11-05,18.0717236984749
2017-11-06,18.207560232990403
2017-11-07,18.246616463052558
2017-11-08,21.938831726691213
2017-11-09,18.034388009288417
2017-11-10,17.78310332471719
2017-11-11,17.435038335362652
2017-11-12,16.990193041956214
2017-11-13,20.872119683150608
2017-11-14,16.47451093123875
2017-11-15,20.304798244045678
2017-11-16,16.457506788288878
2017-11-17,22.301264824864756
2017-11-18,16.939180614661584
2017-11-19,22.467421573176804
2017-11-20,17.65082540820157
2017-11-21,22.97539513068188
2017-11-22,17.786320169845833
2017-11-23,17.63801128849932
2017-11-24,17.34566489960848
2017-11-25,16.9092810013756
2017-11-26,20.633452341484684
2017-11-27,19.627482334164903
2017-11-28,22.343806595421377
2017-11-29,15.072839825826886
2017-11-30,14.815914717719856
2017-12-01,14.63986368418775
2017-12-02,14.559571822683365
2017-12-03,14.575039130013085
2017-12-04,14.588790424463104
2017-12-05,19.827831182464518
2017-12-06,14.611144972195861
2017-12-07,14.619748227265765
2017-12-08,14.626635467517305
2017-12-09,14.631806694048015
2017-12-10,19.28952745363341
2017-12-11,18.192048792734564
2017-12-12,14.830069870460873
2017-12-13,15.021422619684193
2017-12-14,15.275407880091008
2017-12-15,15.592025653130708
2017-12-16,15.971275938349239
2017-12-17,16.413158736041144
2017-12-18,16.650080207796492
2017-12-19,21.818613213268325
2017-12-20,16.50903918069639
2017-12-21,16.131076682424915
2017-12-22,15.548152858358211
2017-12-23,14.760267711000324
2017-12-24,13.767421239430139
2017-12-25,13.077302456248763
2017-12-26,19.924521015648626
2017-12-27,12.605247950537768
2017-12-28,12.823312228435096
2017-12-29,13.344104194268299
2017-12-30,14.167623846611939
2017-12-31,15.29387118724653
2018-01-01,16.244298029926373
2018-01-02,22.318044777568527
2018-01-03,21.043757398558355
2018-01-04,17.947564654118196
2018-01-05,18.132648894788026
2018-01-06,18.126397485409004
2018-01-07,17.928810424976582
2018-01-08,17.79109889677742
2018-01-09,21.487317603566613
2018-01-10,22.946423277416518
2018-01-11,23.283751571663636
2018-01-12,17.83900810037739
2018-01-13,18.000674230305727
2018-01-14,23.55913178528324
2018-01-15,24.279279399435975
2018-01-16,18.54167752729201
2018-01-17,22.329248424280376
2018-01-18,22.32567275386598
2018-01-19,18.711815755310116
2018-01-20,18.686114038663522
2018-01-21,18.619205091824075
2018-01-22,18.547019412150885
2018-01-23,23.618187535395254
2018-01-24,18.38681784693531
2018-01-25,18.29880196265003
2018-01-26,18.20550934388345
2018-01-27,18.106939991309698
2018-01-28,18.003093903971816
2018-01-29,17.900416110379513
2018-01-30,21.866983274150016
2018-01-31,17.698565410335245
2018-02-01,17.599392502754
2018-02-02,17.50819064919413
2018-02-03,17.42495985012831
2018-02-04,17.349700105496147
2018-02-05,21.147812239698982
2018-02-06,20.987831297019216
2018-02-07,16.815497706573353
2018-02-08,16.534622518504285
2018-02-09,16.20234346880942
2018-02-10,15.818660558696925
2018-02-11,15.383573786592718
2018-02-12,15.089818920182905
2018-02-13,18.8440851753886
2018-02-14,20.797468896224853
2018-02-15,15.056545756073145
2018-02-16,20.648339152105493
2018-02-17,15.741023174722423
2018-02-18,16.295259742974398
2018-02-19,16.70769413303578
2018-02-20,22.81424480072356
2018-02-21,17.10715637788758
2018-02-22,17.09418423380305
2018-02-23,16.939409911860317
2018-02-24,16.642833410811235
2018-02-25,16.20445473233678
2018-02-26,20.170192008642317
2018-02-27,15.51774785813002
2018-02-28,20.200084398392274
2018-03-01,15.084441629557503
2018-03-02,14.967963899022072
2018-03-03,14.919986471990514
2018-03-04,14.940509347289614
2018-03-05,14.930329553513099
2018-03-06,18.97097270282049
2018-03-07,14.817861953290395
2018-03-08,14.715574147123588
2018-03-09,14.582583671034321
2018-03-10,14.418890524614387
2018-03-11,14.224494708130683
2018-03-12,14.069761030294142
2018-03-13,13.954689494479574
2018-03-14,17.891705914648153
2018-03-15,13.843532841520362
2018-03-16,13.847447725280476
2018-03-17,13.89102475047802
2018-03-18,13.974263914449732
2018-03-19,13.996882009048942
2018-03-20,13.958879031849813
2018-03-21,13.860254984085278
2018-03-22,13.701009865780675
2018-03-23,19.17236993997743
2018-03-24,13.200656415998361
2018-03-25,12.859548085773001
2018-03-26,16.82074863550282
2018-03-27,12.622642933458867
2018-03-28,16.808371727090968
2018-03-29,18.633612162611403
2018-03-30,19.780410983853702
2018-03-31,19.747910602155187
2018-04-01,14.628030528108972
2018-04-02,15.22579200670113
2018-04-03,15.723363105087989
2018-04-04,16.120743822581417
2018-04-05,20.42108483638449
2018-04-06,16.614934116738777
2018-04-07,16.71174369314652
2018-04-08,16.708362890631747
2018-04-09,16.67986347353587
2018-04-10,16.626245444026523
2018-04-11,16.54750880186378
2018-04-12,16.443653546299483
2018-04-13,16.31467967802218
2018-04-14,16.1605871976242
2018-04-15,15.981376102281487
2018-04-16,15.87588108673325
2018-04-17,15.844102149669041
2018-04-18,15.886039292031429
2018-04-19,16.00169251300903
2018-04-20,16.191061811672906
2018-04-21,16.454147188769287
2018-04-22,16.790948646336176
2018-04-23,17.021885799771404
2018-04-24,17.146958649918403
2018-04-25,22.766960839343742
2018-04-26,17.07951143911855
2018-04-27,16.886991380206926
2018-04-28,16.58860701746329
2018-04-29,21.332061375843004
2018-04-30,15.853176520433474
2018-05-01,15.595061527405104
2018-05-02,19.69805669822224
2018-05-03,15.320729890880777
2018-05-04,19.687480929339156
2018-05-05,15.368929383081005
2018-05-06,15.513978303366118
2018-05-07,15.654837909546185
2018-05-08,20.22873545583982
2018-05-09,15.923989175050663
2018-05-10,16.05228083549304
2018-05-11,16.176383180904583
2018-05-12,16.29629621166226
2018-05-13,16.412019926822154
2018-05-14,16.480827948545564
2018-05-15,16.502720277325015
2018-05-16,16.47769691094422
2018-05-17,16.405757851118146
2018-05-18,16.286903097269217
2018-05-19,16.12113265021976
2018-05-20,15.908446510052828
2018-05-21,15.759858602381165
2018-05-22,15.675368926882566
2018-05-23,15.654977486415163
2018-05-24,15.6986842785755
2018-05-25,15.80648930436437
2018-05-26,15.978392562794737
2018-05-27,16.214394054320753
2018-05-28,20.717584367133842
2018-05-29,16.41558035937875
2018-05-30,21.43293424745756
2018-05-31,21.58517353636843
2018-06-01,16.04031811485792
2018-06-02,15.727919101220094
2018-06-03,15.318480714466816
2018-06-04,21.597719037636338
2018-06-05,19.602049765034504
2018-06-06,19.942233726528674
2018-06-07,14.792834809556599
2018-06-08,14.939450242439625
2018-06-09,15.197276440711597
2018-06-10,15.566313402372183
2018-06-11,19.98137539187613
2018-06-12,16.071279894158497
2018-06-13,16.20720942290472
2018-06-14,21.96964793401058
2018-06-15,16.245961049497957
2018-06-16,16.148783146678973
2018-06-17,15.973902765354838
2018-06-18,21.369091926637516
2018-06-19,15.893700185319677
2018-06-20,15.988377986732603
2018-06-21,16.172908514706698
2018-06-22,20.84834597858165
2018-06-23,16.811527752639932
2018-06-24,17.26561646290523
2018-06-25,21.884089282668818
2018-06-26,17.771254497187414
2018-06-27,17.822803820820816
2018-06-28,17.740173349662687
2018-06-29,17.523363082528842
2018-06-30,17.172373021038783
2018-07-01,16.687203162753335
2018-07-02,22.630631880362927
2018-07-03,20.26214199956139
2018-07-04,15.966276540170544
2018-07-05,20.462315477949126
2018-07-06,16.097811250433775
2018-07-07,16.347224342594473
2018-07-08,16.719067928109506
2018-07-09,16.99941366706501
2018-07-10,17.188261558876494
2018-07-11,17.28561160505521
2018-07-12,17.291463805821053
2018-07-13,23.127067909421054
2018-07-14,17.02867466826023
2018-07-15,16.7600333294939
2018-07-16,16.489622416835335
2018-07-17,16.217441929926853
2018-07-18,15.943491866973297
2018-07-19,15.66777223031569
2018-07-20,15.390283017912495
2018-07-21,15.111024230617932
2018-07-22,14.829995868741243
2018-07-23,18.880972449467635
2018-07-24,20.31269986096726
2018-07-25,14.621633592651303
2018-07-26,14.763753770552114
2018-07-27,15.011661083303157
2018-07-28,15.365355531786708
2018-07-29,15.824837114230894
2018-07-30,16.12249416760994
2018-07-31,16.258326689344234
2018-08-01,16.232334680947005
2018-08-02,16.050282395743995
2018-08-03,15.71216983416644
2018-08-04,15.217996995529543
2018-08-05,14.567763880021754
2018-08-06,19.063117651109298
2018-08-07,13.764589367119195
2018-08-08,18.96525911549969
2018-08-09,13.624470476859106
2018-08-10,18.421149387524714
2018-08-11,14.147407209582502
2018-08-12,14.65752143428265
2018-08-13,15.073345409558387
2018-08-14,15.394879134221146
2018-08-15,15.622122608891097
2018-08-16,15.755075834241962
2018-08-17,15.793738809146463
2018-08-18,15.738111534557392
2018-08-19,15.588194008993124
2018-08-20,20.098787878376605
2018-08-21,15.433702174435517
2018-08-22,15.429127864540222
2018-08-23,15.473001292138173
2018-08-24,15.565322459309666
2018-08-25,15.706091364477405
2018-08-26,15.895308007632945
2018-08-27,16.082104586964395
2018-08-28,20.9629485370347
2018-08-29,16.44843755223098
2018-08-30,21.89718130616728
2018-08-31,16.805090261540645
2018-09-01,16.97978651935672
2018-09-02,17.139331284894272
2018-09-03,22.717605008710198
2018-09-04,17.472909011615773
2018-09-05,17.646941972344706
2018-09-06,17.825804331548966
2018-09-07,18.00949609051898
2018-09-08,25.070896420976958
2018-09-09,18.391367803172788
2018-09-10,18.518151979546108
2018-09-11,18.578369776854764
2018-09-12,18.57202119567291
2018-09-13,18.499106235647737
2018-09-14,18.35962489622481
2018-09-15,18.153577178817713
2018-09-16,17.880963081099075
2018-09-17,22.332963462678585
2018-09-18,17.456349064766194
2018-09-19,21.22912488523352
2018-09-20,24.08351965186406
2018-09-21,17.120963487804627
2018-09-22,17.089577746039183
2018-09-23,17.098396731905517
2018-09-24,21.09798791801205
2018-09-25,20.903503496430105
2018-09-26,21.23274372438982
2018-09-27,17.070176329944
2018-09-28,17.04724714387107
2018-09-29,17.01796832398831
2018-09-30,16.982339868925248
2018-10-01,16.934452585716798
2018-10-02,20.865047328870872
2018-10-03,16.837018167445958
2018-10-04,16.78747103412178
2018-10-05,20.933444218628104
2018-10-06,16.686716917427695
2018-10-07,16.635509934344785
2018-10-08,20.15647193576305
2018-10-09,20.81080032676742
2018-10-10,20.390452268710025
2018-10-11,16.220477216929325
2018-10-12,16.06416784130073
2018-10-13,15.886837987462924
2018-10-14,21.54249263464471
2018-10-15,20.581286774258665
2018-10-16,15.426814641624597
2018-10-17,15.363491961678918
2018-10-18,15.345178498568263
2018-10-19,15.371874253595369
2018-10-20,15.443579226083148
2018-10-21,15.560293416543434
2018-10-22,15.668879717344755
2018-10-23,15.769338129076553
2018-10-24,15.861668651521246
2018-10-25,15.945871286279928
2018-10-26,16.021946031820725
2018-10-27,16.08989288778572
2018-10-28,16.149711854343423
2018-10-29,16.18821676306226
2018-10-30,20.256789023319207
2018-10-31,16.201284408285794
2018-11-01,16.17584714378414
2018-11-02,16.121345489638145
2018-11-03,16.03777944599427
2018-11-04,15.925149014757485
2018-11-05,15.816097103215363
2018-11-06,20.087562551718666
2018-11-07,19.985667679321327
2018-11-08,19.77883218141376
2018-11-09,15.415674651231747
2018-11-10,15.324515338432006
2018-11-11,15.236934544508212
2018-11-12,20.29792630140704
2018-11-13,19.750182559635324
2018-11-14,15.313314382128706
2018-11-15,15.451815066863755
2018-11-16,15.646836121101366
2018-11-17,15.898377545078617
2018-11-18,16.20643933941353
2018-11-19,16.44149084062158
2018-11-20,16.603532047790594
2018-11-21,16.69256296221317
2018-11-22,16.708583584332747
2018-11-23,16.651593913165964
2018-11-24,16.521593949967745
2018-11-25,16.31858369191113
2018-11-26,19.355066786617524
2018-11-27,15.981186967466552
2018-11-28,20.187566293427558
2018-11-29,15.735288627139466
2018-11-30,15.64665135142458
2018-12-01,15.580888670303118
2018-12-02,15.54807685274688
2018-12-03,18.956302701560183
2018-12-04,21.24776213447484
2018-12-05,19.69741884825011
2018-12-06,15.342233559392296
2018-12-07,15.272123731333185
2018-12-08,15.19455430308887
2018-12-09,15.109525271632195
2018-12-10,15.064270928724856
2018-12-11,18.84861371703956
2018-12-12,15.093086306353525
2018-12-13,15.167156026938981
2018-12-14,19.11534355369075
2018-12-15,15.434619531590538
2018-12-16,15.628013315943624
2018-12-17,19.827515044561654
2018-12-18,15.824720921522772
2018-12-19,15.828034743903993
2018-12-20,15.767988578402413
2018-12-21,15.644582424583074
2018-12-22,15.457816284623007
2018-12-23,15.207690155773737
2018-12-24,15.06346054696033
2018-12-25,15.025127456051823
2018-12-26,15.092690884159541
2018-12-27,15.26615083063837
2018-12-28,15.545507296390882
2018-12-29,15.930760279582067
2018-12-30,16.421909782975
2018-12-31,16.865412195307474
2019-01-01,21.023264538984293
2019-01-02,21.888855834352697
2019-01-03,17.870571956886575
2019-01-04,18.084021073987614
2019-01-05,18.236668123052645
2019-01-06,18.328513102765115
2019-01-07,21.79319390108042
2019-01-08,18.502256998204025
2019-01-09,21.589301461636175
2019-01-10,18.662739471728266
2019-01-11,18.738007675348598
2019-01-12,18.80996052430025
2019-01-13,18.878598018057502
2019-01-14,22.693000377510636
2019-01-15,18.967176538765294
2019-01-16,18.987117566055886
2019-01-17,18.990826436919868
2019-01-18,22.30019475447797
2019-01-19,18.949547713474544
2019-01-20,18.904560118530526
2019-01-21,22.769009094467908
2019-01-22,18.822826997312685
2019-01-23,21.88026836995575
2019-01-24,18.752083300055403
2019-01-25,18.72083248536159
2019-01-26,18.692329028049443
2019-01-27,18.6665729251946
2019-01-28,22.07701061306142
2019-01-29,18.505804185711405
2019-01-30,18.370791549179362
2019-01-31,22.178395378751862
2019-02-01,17.991509742439725
2019-02-02,17.75483675836464
2019-02-03,17.489341118229678
2019-02-04,21.975740603877206
2019-02-05,24.3411560407015
2019-02-06,16.98924728997728
2019-02-07,16.921347044923504
2019-02-08,20.386588451303584
2019-02-09,16.933743099109265
2019-02-10,21.243503506148674
2019-02-11,17.083783609929583
2019-02-12,20.04284843442508
2019-02-13,22.171438741042166
2019-02-14,17.229703700254248
2019-02-15,17.257239550548306
2019-02-16,17.274223311732154
2019-02-17,17.28065498199377
2019-02-18,17.269332276277453
2019-02-19,17.24025519515591
2019-02-20,17.193423739339643
2019-02-21,17.12883790763977
2019-02-22,17.04649770041994
2019-02-23,16.946403117002777
2019-02-24,16.82855415854531
2019-02-25,20.03882034083471
2019-02-26,21.067768155884085
2019-02-27,19.98403364390842
2019-02-28,21.285132476406968
2019-03-01,16.99351623361592
2019-03-02,21.22907715329137
2019-03-03,17.412501439197072
2019-03-04,22.542196635040987
2019-03-05,17.699658489275595
2019-03-06,17.75200984696867
2019-03-07,17.74354309172189
2019-03-08,17.674258224970544
2019-03-09,17.544155246993274
2019-03-10,17.353234156336377
2019-03-11,23.079340529004618
2019-03-12,17.08811332747058
2019-03-13,17.013913589188764
2019-03-14,16.978620968312196
2019-03-15,20.418675052246225
2019-03-16,17.024757078938997
2019-03-17,17.10618581093929
2019-03-18,20.789575964024415
2019-03-19,17.223013052525644
2019-03-20,17.2584115631985
2019-03-21,17.27846666566731
2019-03-22,17.28317836101741
2019-03-23,17.27254664924638
2019-03-24,17.246571530412787
2019-03-25,17.244796152296544
2019-03-26,17.26722051643515
2019-03-27,17.313844619854756
2019-03-28,17.384668466457015
2019-03-29,21.368294743704446
2019-03-30,17.59891538245615
2019-03-31,17.742338452460316
2019-04-01,17.821458375552393
2019-04-02,17.829049942693675
2019-04-03,17.76511315472468
2019-04-04,17.62964800858535
2019-04-05,17.422654507209007
2019-04-06,17.144132648607567
2019-04-07,16.794082434184425
2019-04-08,20.805208783716107
2019-04-09,20.134249625844475
2019-04-10,20.713584878562116
2019-04-11,16.098846865299137
2019-04-12,16.101279294274583
2019-04-13,16.174208251847354
2019-04-14,16.31763373875875
2019-04-15,16.41605733222224
2019-04-16,16.46947903404105
2019-04-17,16.477898842585525
2019-04-18,16.441316756655173
2019-04-19,16.359732778577875
2019-04-20,16.23314690884972
2019-04-21,16.06155914547392
2019-04-22,15.933502427874796
2019-04-23,19.293763970340553
2019-04-24,15.807982131733016
2019-04-25,15.81051855323676
2019-04-26,15.856586019997572
2019-04-27,15.946184532798991
2019-04-28,16.07931409248881
2019-04-29,16.097848934310587
2019-04-30,16.001789059397748
2019-05-01,15.79113446657932
2019-05-02,15.481247111635028
2019-05-03,15.072126994441444
2019-05-04,14.563774114921099
2019-05-05,13.95618847111468
2019-05-06,13.453016992389706
2019-05-07,13.054259675487693
2019-05-08,12.759916522166774
2019-05-09,12.569987532710122
2019-05-10,18.163641285894517
2019-05-11,12.503372041269806
2019-05-12,12.626685541068426
2019-05-13,16.162142480468386
2019-05-14,12.818510624329532
2019-05-15,12.887022207186906
2019-05-16,12.937266485691994
2019-05-17,12.969243458385531
2019-05-18,17.29357471333922
2019-05-19,12.97839548745525
2019-05-20,17.346922525298567
2019-05-21,13.030063804527554
2019-05-22,16.890488671111584
2019-05-23,13.162776912389916
2019-05-24,13.259525262711337
2019-05-25,13.376534810044458
2019-05-26,13.513805556184321
2019-05-27,13.673804528362265
2019-05-28,13.856531729156165
2019-05-29,14.061987156909463
2019-05-30,14.290170812411022
2019-05-31,18.52614684832575
2019-06-01,14.814722806924195
2019-06-02,15.098089693509966
2019-06-03,20.46989760918175
2019-06-04,15.556601033021472
2019-06-05,15.731745484827918
2019-06-06,15.870815793325242
2019-06-07,15.973811956246209
2019-06-08,16.04073397419471
2019-06-09,16.071581848086097
2019-06-10,16.10721697624631
2019-06-11,19.722742298468813
2019-06-12,16.192848998817638
2019-06-13,19.884266086933756
2019-06-14,16.297630042156243
2019-06-15,16.357201446501122
2019-06-16,16.421560106032707
2019-06-17,16.49000169478673
2019-06-18,16.562526213267137
2019-06-19,16.63913365991694
2019-06-20,16.719824036104825
2019-06-21,16.804597341456674
2019-06-22,16.893453576056977
2019-06-23,16.986392739475797
2019-06-24,22.3056539062772
2019-06-25,22.770086772928774
2019-06-26,17.1025044820497
2019-06-27,21.578459976200854
2019-06-28,17.04432418865442
2019-06-29,16.97455760466653
2019-06-30,16.877673395291417
2019-07-01,21.89844531853688
2019-07-02,20.494671245123833
2019-07-03,22.02914183758444
2019-07-04,21.22059204661541
2019-07-05,16.622099943317888
2019-07-06,16.613755043521795
2019-07-07,16.61966674225413
2019-07-08,20.67554926365889
2019-07-09,16.694039397020855
2019-07-10,21.030920050463166
2019-07-11,21.120230760592744
2019-07-12,16.96197152474177
2019-07-13,17.09298174037106
2019-07-14,22.483904867807215
2019-07-15,17.38262895310486
2019-07-16,17.506343475236385
2019-07-17,17.6159852751402
2019-07-18,17.711554351008818
2019-07-19,17.793050704897038
2019-07-20,17.86047433557078
2019-07-21,17.91382524322654
2019-07-22,17.88128704725483
2019-07-23,22.69908956788099
2019-07-24,17.55854334481657
2019-07-25,17.268337837934354
2019-07-26,16.892243226665585
2019-07-27,16.430259511265945
2019-07-28,22.128266363323203
2019-07-29,15.44947947383346
2019-07-30,21.088033136886892
2019-07-31,21.258845280662605
2019-08-01,14.840551407978706
2019-08-02,14.88538193101183
2019-08-03,15.063053399460461
2019-08-04,15.373565813434208
2019-08-05,19.612944533397865
2019-08-06,15.717477956363052
2019-08-07,15.750877686362807
2019-08-08,15.691906520558137
2019-08-09,15.54056446065303
2019-08-10,15.296851505060776
2019-08-11,14.96076765489271
2019-08-12,18.562147898700413
2019-08-13,14.417097642393074
2019-08-14,14.20951147991289
2019-08-15,14.044757880942448
2019-08-16,13.922836844409591
2019-08-17,13.843748371498199
2019-08-18,13.807492460279107
2019-08-19,17.764038439482444
2019-08-20,18.563180428867305
2019-08-21,13.853670291585903
2019-08-22,13.920711422647415
2019-08-23,14.013576814428603
2019-08-24,14.132266464870284
2019-08-25,14.276780376974607
2019-08-26,18.548227673812168
2019-08-27,18.9583935265224
2019-08-28,19.329563369272062
2019-08-29,15.369202138696428
2019-08-30,15.770899108698753
2019-08-31,16.224032689533153
2019-09-01,16.728602881967586
2019-09-02,22.304794051928095
2019-09-03,17.48862805807424
2019-09-04,17.74408304178681
2019-09-05,17.916499623608228
2019-09-06,18.005877801483027
2019-09-07,18.012217577853036
2019-09-08,17.93551895003916
2019-09-09,21.298079135381556
2019-09-10,17.89909851599762
2019-09-11,22.81068054383655
2019-09-12,18.018647174785663
2019-09-13,18.136909914297867
2019-09-14,18.29416492693896
2019-09-15,18.490412213628492
2019-09-16,18.638983710026686
2019-09-17,18.739879416645763
2019-09-18,22.543038672056788
2019-09-19,18.798643460125618
2019-09-20,18.75651179704743
2019-09-21,18.666704345182488
2019-09-22,18.529221102431794
2019-09-23,18.397284914314497
2019-09-24,21.61551147552345
2019-09-25,22.30995425467522
2019-09-26,18.034758677639374
2019-09-27,17.92501070753118
2019-09-28,17.82080979162194
2019-09-29,17.722155930475807
2019-09-30,22.233206373993678
2019-10-01,17.445424058291323
2019-10-02,17.289039226027057
2019-10-03,17.127872858759375
2019-10-04,16.961924954537984
2019-10-05,16.791195515152744
2019-10-06,16.615684537948916
2019-10-07,21.267289052526493
2019-10-08,16.25452940562554
2019-10-09,16.068885250703968
2019-10-10,15.879863368546687
2019-10-11,15.687463761004167
2019-10-12,15.491686426189432
2019-10-13,15.292531365962855
2019-10-14,21.30790025058485
2019-10-15,15.089538456483773
2019-10-16,20.005235174045914
2019-10-17,15.146968497001263
2019-10-18,15.273342123308682
2019-10-19,15.464821487511724
2019-10-20,15.721406587582289
2019-10-21,15.9209925523331
2019-10-22,19.096550351970155
2019-10-23,16.149167071815327
2019-10-24,16.177755627210587
2019-10-25,16.149345045860816
2019-10-26,16.063935328301447
2019-10-27,15.921526473912543
2019-10-28,19.07850369900253
2019-10-29,15.768143964727425
2019-10-30,15.757170309813608
2019-10-31,20.00416851106767
2019-11-01,15.866658196393532
2019-11-02,15.96700582960024
2019-11-03,19.3466256317574
2019-11-04,16.204457097221102
2019-11-05,18.60003801485324
2019-11-06,19.014939426328088
2019-11-07,16.48083665403876
2019-11-08,16.551683880899272
2019-11-09,16.61189146166418
2019-11-10,16.661459397400268
2019-11-11,16.693415718459153
2019-11-12,20.156257694359436
2019-11-13,16.70449351669756
2019-11-14,16.683614994692256
2019-11-15,16.64512485814712
2019-11-16,16.589023106694682
2019-11-17,16.515309741119424
2019-11-18,18.587649645542736
2019-11-19,16.294894128814434
2019-11-20,16.148191881984857
2019-11-21,18.68179100273538
2019-11-22,15.78179850662376
2019-11-23,15.562107378633698
2019-11-24,15.318086623855358
2019-11-25,18.04837639471163
2019-11-26,17.730164153695874
2019-11-27,18.239994907448466
2019-11-28,14.543786103959961
2019-11-29,17.071433331493637
2019-11-30,14.277705344380044
2019-12-01,14.174932340329029
2019-12-02,16.380830775326025
2019-12-03,16.868134607377883
2019-12-04,13.90053751970241
2019-12-05,15.93511269810384
2019-12-06,13.745877801657251
2019-12-07,13.677028991183091
2019-12-08,13.613834213466452
2019-12-09,13.587422880995177
2019-12-10,15.370274362731163
2019-12-11,15.887679550886496
2019-12-12,13.72888956427881
2019-12-13,13.849612018341347
2019-12-14,14.007117918795638
2019-12-15,14.2014072647022
2019-12-16,14.410379414806087
2019-12-17,14.634034367540563
2019-12-18,17.51300464912653
2019-12-19,15.125392685713544
2019-12-20,15.393096049247376
2019-12-21,15.675482216572007
2019-12-22,15.972551188942909
2019-12-23,16.286708809554515
2019-12-24,16.617955080196054
2019-12-25,16.966290000251405
2019-12-26,17.331713568580724
2019-12-27,17.714225787477986
2019-12-28,18.113826655141796
2019-12-29,18.530516172650366
2019-12-30,18.97453820898925
2019-12-31,19.445892764390514
2020-01-01,19.944579838847424
2020-01-02,22.564079513021277
2020-01-03,20.757070047318308
2020-01-04,21.07087318037624
2020-01-05,22.936922795581776
2020-01-06,21.529481320502626
2020-01-07,23.654646916386042
2020-01-08,21.805120793788376
2020-01-09,23.248903114189822
2020-01-10,21.897791599674335
2020-01-11,21.875513753178396
2020-01-12,21.80749373955907
2020-01-13,22.829772178298285
2020-01-14,23.54365787039633
2020-01-15,21.19999914548754
2020-01-16,20.863022764285546
2020-01-17,20.458807289746794
2020-01-18,19.98735272250198
2020-01-19,19.44865906408839
2020-01-20,20.073705432852076
2020-01-21,18.039278878390345
2020-01-22,17.168592350746486
2020-01-23,16.187241532812884
2020-01-24,15.095226427095618
2020-01-25,13.892547030338747
2020-01-26,12.579203344139911
2020-01-27,12.36371949550157
2020-01-28,11.781087030907733
2020-01-29,8.498144334607977
2020-01-30,8.73665571095384
2020-01-31,6.781279530959959
2020-02-01,4.205543395752409
2020-02-02,3.0274281636338145
2020-02-03,3.6657891429230665
2020-02-04,1.3457839564506475
2020-02-05,1.9719671051146115
2020-02-06,0.5635880923222825
2020-02-07,0.5097832887822182
2020-02-08,0.6808405702008784
2020-02-09,1.0767599367293368
2020-02-10,2.573852947546012
2020-02-11,3.3634671901309368
2020-02-12,3.7349870472737816
2020-02-13,5.111219087274564
2020-02-14,7.624797819812813
2020-02-15,8.598917672912034
2020-02-16,10.710384219700968
2020-02-17,13.032656188897047
2020-02-18,16.64535994509679
2020-02-19,18.30961639693475
2020-02-20,21.264304637464136
2020-02-21,25.247865701324237
2020-02-22,27.806097390347205
2020-02-23,31.39320190242693
2020-02-24,35.79260717993299
2020-02-25,40.22056384277445
2020-02-26,44.49017780928287
2020-02-27,48.80040084315499
2020-02-28,54.52580878247348
2020-02-29,59.339268851958835
2020-03-01,65.06751999379601
2020-03-02,71.23172897151817
2020-03-03,74.88379235090234
2020-03-04,78.97181356702157
2020-03-05,83.01951415234015
2020-03-06,85.94170265767599
2020-03-07,87.95541737370561
2020-03-08,89.85646536232466
2020-03-09,92.61221030851816
2020-03-10,95.354499052559
2020-03-11,98.95148475398115
2020-03-12,103.4031674132836
2020-03-13,108.85423922524298
2020-03-14,113.93012435321192
2020-03-15,121.09059008260246
2020-03-16,130.2934675739769
2020-03-17,133.0019174342629
2020-03-18,132.11534861129675
2020-03-19,130.34395718220537
2020-03-20,126.40220866246219
2020-03-21,121.18979168968724
2020-03-22,115.07121928802766
2020-03-23,111.18436203838114
2020-03-24,105.44166548420219
2020-03-25,100.82740610783654
2020-03-26,96.12978679287497
2020-03-27,92.25916258610181
2020-03-28,88.53427441107966
2020-03-29,85.5640352477714
2020-03-30,82.29835974182697
2020-03-31,78.21876753408863
2020-04-01,73.78947941215301
2020-04-02,69.02413687452126
2020-04-03,64.19171899880872
2020-04-04,59.695230642851456
2020-04-05,54.065489538320556
2020-04-06,51.178561311843154
2020-04-07,46.4599466290002
2020-04-08,42.00768228748499
2020-04-09,39.160171074006534
2020-04-10,36.04244331885849
2020-04-11,32.56406640218026
2020-04-12,30.690442611772735
2020-04-13,27.57552504788641
2020-04-14,26.25784976504987
2020-04-15,24.114870762598017
2020-04-16,21.803731751340873
2020-04-17,20.166151738796664
2020-04-18,17.64761716344893
2020-04-19,17.083074743653967
2020-04-20,16.186379114441653
2020-04-21,14.862923840775867
2020-04-22,14.152452182598765
2020-04-23,13.068552937157738
2020-04-24,12.853167429991716
2020-04-25,11.745873978042633
2020-04-26,11.844709382171926
2020-04-27,13.190602847478587
2020-04-28,13.492594649487067
2020-04-29,13.829847397389033
2020-04-30,14.546005047489714
2020-05-01,14.839231697685426
2020-05-02,14.609780199237864
2020-05-03,15.07547651048349
2020-05-04,16.9146744526221
2020-05-05,17.350396934287758
2020-05-06,17.62226649507392
2020-05-07,18.86648785757752
2020-05-08,17.97217886764919
2020-05-09,18.665163498760823
2020-05-10,21.12630699403659
2020-05-11,21.349705999436367
2020-05-12,22.1508294411558
2020-05-13,21.11211192411789
2020-05-14,23.147059174667184
2020-05-15,23.41451156363483
2020-05-16,22.113420858458035
2020-05-17,23.963442343576844
2020-05-18,23.91536951313079
2020-05-19,23.80568020224748
2020-05-20,24.544265703141434
2020-05-21,23.039721658931214
2020-05-22,23.240475416458224
2020-05-23,23.446393705230577
2020-05-24,23.65747652664649
2020-05-25,25.581518440700926
2020-05-26,25.233455292737702
2020-05-27,25.892976796291595
2020-05-28,26.155362907336205
2020-05-29,25.218777723455048
2020-05-30,23.92725903891933
2020-05-31,23.80610372065688
2020-06-01,23.67297918818535
2020-06-02,24.789101442098264
2020-06-03,24.917306570368233
2020-06-04,25.504516506847157
2020-06-05,25.258704166006773
2020-06-06,23.38127994382773
2020-06-07,23.39772477739694
2020-06-08,25.517715024480673
2020-06-09,25.147273551609707
2020-06-10,24.87277331326372
2020-06-11,23.15685975543498
2020-06-12,23.019982410667197
2020-06-13,22.852440630723866
2020-06-14,24.209675491301418
2020-06-15,25.234956989745438
2020-06-16,24.594056153300066
2020-06-17,23.84380532887754
2020-06-18,23.987310971448636
2020-06-19,24.156419921559326
2020-06-20,24.333045655050128
2020-06-21,22.606972968509275
2020-06-22,24.46203177524268
2020-06-23,25.551427438744604
2020-06-24,22.80045085549031
2020-06-25,25.421171655153223
2020-06-26,24.870721601904663
2020-06-27,22.668368722544866
2020-06-28,24.776637143892806
2020-06-29,25.254198130928305
2020-06-30,26.446270983861027
2020-07-01,26.122648147328974
2020-07-02,24.951700968370293
2020-07-03,25.41870336637715
2020-07-04,24.10669355024612
2020-07-05,24.710887528875816
2020-07-06,28.66362341226488
2020-07-07,25.438544149358687
2020-07-08,25.562006790450635
2020-07-09,25.525225652131645
2020-07-10,25.328200734915704
2020-07-11,24.97093203875743
2020-07-12,24.453419563165085
2020-07-13,27.281597547146937
2020-07-14,26.829769313334072
2020-07-15,26.033980614074764
2020-07-16,25.73316791522116
2020-07-17,25.28781027297475
2020-07-18,23.240783101896547
2020-07-19,23.35408342326861
2020-07-20,23.437944617365275
2020-07-21,23.492366684588625
2020-07-22,25.46466539044536
2020-07-23,27.576332528894497
2020-07-24,26.258294001489944
2020-07-25,23.41566368433508
2020-07-26,23.322890116654854
2020-07-27,25.739494268442698
2020-07-28,25.776085779379542
2020-07-29,25.096624869723676
2020-07-30,25.88355211933107
2020-07-31,22.698852603790655
2020-08-01,22.542011167130582
2020-08-02,25.888897235040567
2020-08-03,25.886823327084002
2020-08-04,22.09614778056683
2020-08-05,25.74442827320351
2020-08-06,21.795734402774606
2020-08-07,21.64457637685851
2020-08-08,21.492784126423658
2020-08-09,21.340357652994996
2020-08-10,21.186655482306698
2020-08-11,21.03167761593516
2020-08-12,23.311075970606606
2020-08-13,22.99076799419814
2020-08-14,23.235895411627354
2020-08-15,23.05911950714061
2020-08-16,23.93286884860076
2020-08-17,23.75639628274316
2020-08-18,22.827897577990058
2020-08-19,22.848433519339096
2020-08-20,23.168744264389794
2020-08-21,20.038890474498366
2020-08-22,20.120741876296563
2020-08-23,20.24312790299627
2020-08-24,23.79518245268946
2020-08-25,25.61621730529413
2020-08-26,23.16206139612666
2020-08-27,24.43901608015662
2020-08-28,24.316537341880416
2020-08-29,21.215068739791587
2020-08-30,21.41666299214311
2020-08-31,26.509677280094234
2020-09-01,27.372938352755295
2020-09-02,27.43873862842578
2020-09-03,27.569666180653257
2020-09-04,25.92553311879672
2020-09-05,22.90702551537862
2020-09-06,23.17211897355729
2020-09-07,26.953354495425437
2020-09-08,28.137486920180002
2020-09-09,27.40577532611062
2020-09-10,24.064902953068476
2020-09-11,24.246201485041002
2020-09-12,24.410741032067516
2020-09-13,24.55852159369322
2020-09-14,29.628982020725847
2020-09-15,28.107962791760542
2020-09-16,27.82553758484061
2020-09-17,24.847191768178476
2020-09-18,29.06208023155793
2020-09-19,24.810055611150098
2020-09-20,28.170501626321567
2020-09-21,24.66072817672871
2020-09-22,27.984291720822462
2020-09-23,27.855988864577256
2020-09-24,27.83283602035929
2020-09-25,28.10172727312058
2020-09-26,23.911935613139455
2020-09-27,23.697810131959308
2020-09-28,28.424308109772944
2020-09-29,28.224534989980576
2020-09-30,30.43327194853304
2020-10-01,28.454039001349962
2020-10-02,27.226179133138707
2020-10-03,27.863172970596374
2020-10-04,24.1585601945509
2020-10-05,24.38994129325954
2020-10-06,27.97854749631199
2020-10-07,27.55110579511396
2020-10-08,28.901332755441196
2020-10-09,28.6651348885853
2020-10-10,24.810792648741142
2020-10-11,24.74775209039678
2020-10-12,29.32263305479502
2020-10-13,28.702395250055545
2020-10-14,28.08065364636779
2020-10-15,27.323382462254457
2020-10-16,23.916091083514466
2020-10-17,23.646467237573837
2020-10-18,23.342412844886255
2020-10-19,27.950266908227817
2020-10-20,25.82230788099897
2020-10-21,28.027488537548763
2020-10-22,27.258853124994893
2020-10-23,25.68678454204609
2020-10-24,25.674588606976712
2020-10-25,22.350961485853492
2020-10-26,22.30339926474339
2020-10-27,28.425745806070694
2020-10-28,25.935282046163465
2020-10-29,27.514835221156655
2020-10-30,28.84775490081651
2020-10-31,26.836144131485657
2020-11-01,28.30279632715203
2020-11-02,28.079644575436404
2020-11-03,24.62145045502186
2020-11-04,24.783934130065226
2020-11-05,21.211445356403168
2020-11-06,24.593119905478446
2020-11-07,21.478612654982356
2020-11-08,21.706992739516416
2020-11-09,27.531422159734156
2020-11-10,22.004827796182784
2020-11-11,25.932741252730388
2020-11-12,22.090762705909448
2020-11-13,25.282016529186972
2020-11-14,21.964797468200835
2020-11-15,21.82235229435122
2020-11-16,26.693905301191737
2020-11-17,24.531048868910524
2020-11-18,24.64695165840626
2020-11-19,21.306794246351032
2020-11-20,21.19146039638242
2020-11-21,21.081548811260383
2020-11-22,20.977059491522752
2020-11-23,24.832213085302822
2020-11-24,23.350536186486504
2020-11-25,20.54723715198905
2020-11-26,25.067674523158665
2020-11-27,24.323627496992927
2020-11-28,19.942883245918757
2020-11-29,19.70264715101669
2020-11-30,25.75689074221538
2020-12-01,23.185622872766828
2020-12-02,22.567391582828137
2020-12-03,23.14349037013262
2020-12-04,23.52635820337788
2020-12-05,20.267497814359736
2020-12-06,20.697980321006092
2020-12-07,25.094097559538447
2020-12-08,24.65976995739864
2020-12-09,21.438774740242653
2020-12-10,24.124701181159182
2020-12-11,21.473760104470102
2020-12-12,21.353589511363538
2020-12-13,21.14164340173118
2020-12-14,20.969923531871324
2020-12-15,24.060613740050165
2020-12-16,23.897000252870534
2020-12-17,26.411462987124775
2020-12-18,25.749533205758226
2020-12-19,20.714717772904834
2020-12-20,20.784355339454773
2020-12-21,24.744147324771387
2020-12-22,24.081369699121257
2020-12-23,26.77820844978597
2020-12-24,25.52770782484513
2020-12-25,21.607982196185986
2020-12-26,21.867795372266087
2020-12-27,22.159304483618357
2020-12-28,25.931627907077583
2020-12-29,27.62524637606745
2020-12-30,26.76156263611208
2020-12-31,23.24040516890038
2021-01-01,23.489446401271863
2021-01-02,23.71382472303486
2021-01-03,23.913540133948665
2021-01-04,29.701100127854367
2021-01-05,27.149881112606316
2021-01-06,23.9647423766125
2021-01-07,27.127082234990226
2021-01-08,23.542257210510325
2021-01-09,23.194028629700245
2021-01-10,26.082396492216432
2021-01-11,27.97840571102184
2021-01-12,28.166942947289076
2021-01-13,22.209853428609044
2021-01-14,26.638220223657207
2021-01-15,26.916043004887342
2021-01-16,26.148638841709932
2021-01-17,26.44888475741817
2021-01-18,28.188009742449204
2021-01-19,23.883757884665343
2021-01-20,27.474810459337967
2021-01-21,24.033756205078987
2021-01-22,27.029026766387798
2021-01-23,23.739766831994235
2021-01-24,23.42627676090405
2021-01-25,27.25476367089627
2021-01-26,28.32823302310764
2021-01-27,25.967744525926253
2021-01-28,25.84782919065329
2021-01-29,22.313433801157757
2021-01-30,22.18178668897947
2021-01-31,22.08044673592444
2021-02-01,26.906715208146764
2021-02-02,24.65070386226948
2021-02-03,25.814654383445756
2021-02-04,21.49999689262622
2021-02-05,24.536105849235625
2021-02-06,21.14707869743134
2021-02-07,20.954946281213978
2021-02-08,24.04767218369127
2021-02-09,24.01056917516296
2021-02-10,23.032106676447555
2021-02-11,23.293333997498962
2021-02-12,20.071813307248945
2021-02-13,19.910692533899876
2021-02-14,19.754740367548365
2021-02-15,23.406461164238404
2021-02-16,23.186038518894982
2021-02-17,19.39398698738202
2021-02-18,22.058588569072008
2021-02-19,19.242737332721845
2021-02-20,19.193888284800828
2021-02-21,19.162889756379826
2021-02-22,22.16934005332137
2021-02-23,23.221358512526315
2021-02-24,19.063370787840817
2021-02-25,19.028023336379626
2021-02-26,26.226198310062706
2021-02-27,18.954066739879543
2021-02-28,18.91545759645404
2021-03-01,23.214672163770295
2021-03-02,22.2230099920664
2021-03-03,18.76196884716025
2021-03-04,21.874810800942523
2021-03-05,21.143697947719847
2021-03-06,18.52197489461787
2021-03-07,18.42275352957489
2021-03-08,21.24824619434034
2021-03-09,18.31692130133573
2021-03-10,21.34884649285032
2021-03-11,21.590144083700785
2021-03-12,22.58577280579154
2021-03-13,18.475698837565563
2021-03-14,18.592568637018843
2021-03-15,18.65991414806518
2021-03-16,23.14510683290552
2021-03-17,22.305539020838843
2021-03-18,21.561139113336612
2021-03-19,18.434053303737166
2021-03-20,18.253777371866967
2021-03-21,18.023977150361286
2021-03-22,21.384054097739664
2021-03-23,20.882360267668343
2021-03-24,22.28849685993442
2021-03-25,20.83967918504694
2021-03-26,18.0913483185592
2021-03-27,18.348097006889734
2021-03-28,18.685937179902773
2021-03-29,22.81945669838653
2021-03-30,18.978502159095076
2021-03-31,18.933226966557037
2021-04-01,22.8357434248681
2021-04-02,18.459365786904005
2021-04-03,21.370562497744476
2021-04-04,21.7664374716811
2021-04-05,20.812239361673143
2021-04-06,19.979005462542453
2021-04-07,21.786791472170925
2021-04-08,19.941486989507535
2021-04-09,16.50495576653529
2021-04-10,16.674059073688497
2021-04-11,16.964126592026233
2021-04-12,20.961269268857578
2021-04-13,21.12479780756881
2021-04-14,20.287340143890834
2021-04-15,20.620670445370862
2021-04-16,18.008017562363108
2021-04-17,18.135506431445243
2021-04-18,18.23589885982276
2021-04-19,20.883469617852956
2021-04-20,18.21058070400243
2021-04-21,18.084870117696376
2021-04-22,20.9585009660602
2021-04-23,17.607345935193045
2021-04-24,17.25553233740044
2021-04-25,20.662694186515182
2021-04-26,20.345286371470486
2021-04-27,16.3575684653418
2021-04-28,19.17442048902563
2021-04-29,19.258679133536106
2021-04-30,20.25176459377586
2021-05-01,16.950323001017367
2021-05-02,17.419796456129014
2021-05-03,17.799053630233445
2021-05-04,18.088094524873007
2021-05-05,18.28691913856968
2021-05-06,18.395527473504956
2021-05-07,21.38010948716976
2021-05-08,18.342095301839336
2021-05-09,18.18005479601402
2021-05-10,18.02111283592008
2021-05-11,20.517959628413124
2021-05-12,17.712524552152573
2021-05-13,21.057751200185514
2021-05-14,17.41633044965045
2021-05-15,17.272881216511415
2021-05-16,20.49662402020665
2021-05-17,21.394079315897834
2021-05-18,16.962884097536154
2021-05-19,19.54407666941211
2021-05-20,16.941310921163055
2021-05-21,16.986051804064406
2021-05-22,17.06781100117483
2021-05-23,17.18658851190831
2021-05-24,17.30286675289882
2021-05-25,21.56448859383402
2021-05-26,17.52792542451133
2021-05-27,21.56009032222687
2021-05-28,17.742987013730268
2021-05-29,17.84676890365422
2021-05-30,17.94805152394133
2021-05-31,21.946177028759813
2021-06-01,18.012558630045994
2021-06-02,17.9720128761813
2021-06-03,17.881677504122727
2021-06-04,17.741552513177577
2021-06-05,17.551637904183846
2021-06-06,17.311933675649286
2021-06-07,20.700611726698785
2021-06-08,16.974276717725065
2021-06-09,19.770167849602956
2021-06-10,16.825621755236725
2021-06-11,16.82217002350186
2021-06-12,16.865968788596142
2021-06-13,16.95701805517288
2021-06-14,20.365885993308442
2021-06-15,17.000292132027663
2021-06-16,21.26916737237384
2021-06-17,16.858466937140637
2021-06-18,16.718142111747092
2021-06-19,16.531542469407498
2021-06-20,16.298668007113985
2021-06-21,19.984310192094362
2021-06-22,20.11270571202444
2021-06-23,20.132351835917262
2021-06-24,15.726598134200284
2021-06-25,15.673437658542618
2021-06-26,15.656219979931072
2021-06-27,15.674945098467767
2021-06-28,18.908263262894742
2021-06-29,20.371713921506302
2021-06-30,15.885918727690814
2021-07-01,18.974032654271504
2021-07-02,16.163017037158333
2021-07-03,16.351441753627263
2021-07-04,16.573116842917166
2021-07-05,16.720115387533124
2021-07-06,16.792437387841442
2021-07-07,16.790082841475332
2021-07-08,19.896279998203475
2021-07-09,16.561344111444164
2021-07-10,16.334959928721233
2021-07-11,16.033899200544727
2021-07-12,18.77908455196215
2021-07-13,15.571774585384874
2021-07-14,15.410710700134308
2021-07-15,15.296312428816385
2021-07-16,18.95440374472142
2021-07-17,15.207512727737804
2021-07-18,15.233111298369788
2021-07-19,18.32014624125306
2021-07-20,18.970314218360066
2021-07-21,15.121751475418808
2021-07-22,15.021913022730947
2021-07-23,20.208153411712978
2021-07-24,14.728158350107389
2021-07-25,14.534242130820985
2021-07-26,14.45756279317963
2021-07-27,18.23229194013058
2021-07-28,17.98383521248793
2021-07-29,19.681673091678388
2021-07-30,18.795826916813123
2021-07-31,19.655004797138602
2021-08-01,19.78738176865403
2021-08-02,16.97422122265254
2021-08-03,17.376999050120126
2021-08-04,17.66779480862555
2021-08-05,17.846608498846955
2021-08-06,17.9134401203505
2021-08-07,17.868289673276276
2021-08-08,17.71115715735545
2021-08-09,17.615755973211822
2021-08-10,17.5820861202289
2021-08-11,21.29423344010237
2021-08-12,17.699940409494022
2021-08-13,17.851464552044114
2021-08-14,18.0647200252032
2021-08-15,18.339706830625488
2021-08-16,18.544698286483
2021-08-17,18.67969439328482
2021-08-18,18.744695150301766
2021-08-19,18.739700559093077
2021-08-20,22.028804108785376
2021-08-21,18.51972532844642
2021-08-22,18.30474468848282
2021-08-23,22.306853043824578
2021-08-24,17.865483491340797
2021-08-25,17.641202934324745
2021-08-26,22.216490198088003
2021-08-27,20.728300631198948
2021-08-28,16.94976142312452
2021-08-29,22.139038216212086
2021-08-30,20.53630745844596
2021-08-31,23.933982891644554
2021-09-01,21.480150029403397
2021-09-02,20.762398923043918
2021-09-03,17.801694258706476
2021-09-04,18.45806986128362
2021-09-05,19.258913094089465
2021-09-06,19.859758994604043
2021-09-07,20.26060756224373
2021-09-08,24.151109722921433
2021-09-09,20.46231270040375
2021-09-10,20.263169270695574
2021-09-11,19.86402850864635
2021-09-12,19.264890414216723
2021-09-13,22.95922549643111
2021-09-14,22.369847501344516
2021-09-15,23.216271868121336
2021-09-16,18.009286331996343
2021-09-17,17.98062238602779
2021-09-18,18.06605326918698
2021-09-19,18.2655789823105
2021-09-20,21.915714844074476
2021-09-21,18.453930754390555
2021-09-22,23.50698357503029
2021-09-23,23.353230321162968
2021-09-24,18.20970928314964
2021-09-25,17.987835690241653
2021-09-26,17.69572887937339
2021-09-27,20.664362695925142
2021-09-28,17.29396663374316
2021-09-29,20.608693101423494
2021-09-30,17.135472885244752
2021-10-01,21.837890292628877
2021-10-02,21.627967645460043
2021-10-03,17.410031151218334
2021-10-04,17.503782751780555
2021-10-05,20.87226173037837
2021-10-06,17.459360664319608
2021-10-07,17.32118697624655
2021-10-08,17.105704857787657
2021-10-09,16.81291430903195
2021-10-10,16.442815330938494
2021-10-11,19.46568593868504
2021-10-12,15.931155309169014
2021-10-13,19.424985616717546
2021-10-14,15.724212530102285
2021-10-15,15.735010107597533
2021-10-16,15.82198699607476
2021-10-17,20.45251465819731
2021-10-18,16.141705213693893
2021-10-19,16.291673050703707
2021-10-20,16.435046708505535
2021-10-21,16.571826184884888
2021-10-22,16.70201148046811
2021-10-23,16.82560259581364
2021-10-24,16.942599529818708
2021-10-25,17.026858447519974
2021-10-26,17.078379349258867
2021-10-27,17.09716223264129
2021-10-28,21.592780453925776
2021-10-29,17.03651395248522
2021-10-30,16.957082786382
2021-10-31,16.844913604600762
2021-11-01,16.798246129799676
2021-11-02,22.079255939402934
2021-11-03,16.844147886944654
2021-11-04,16.93671711785057
2021-11-05,20.668888048013287
2021-11-06,17.26109228783441
2021-11-07,17.49289822625458
2021-11-08,21.208829516354108
2021-11-09,17.89087673158242
2021-11-10,21.46288092269862
2021-11-11,18.201344077866562
2021-11-12,18.323761065097717
2021-11-13,18.42430026192777
2021-11-14,18.502961668920364
2021-11-15,18.483956762780046
2021-11-16,18.36728554335354
2021-11-17,18.152948010299415
2021-11-18,17.840944163576076
2021-11-19,17.431274003316403
2021-11-20,23.30848055215501
2021-11-21,16.31893474265207
2021-11-22,22.371830114419062
2021-11-23,19.412737383159154
2021-11-24,18.79860243801403
2021-11-25,20.611510273580773
2021-11-26,20.221310709532254
2021-11-27,15.390839836693058
2021-11-28,19.88255125564845
2021-11-29,20.362526036122883
2021-11-30,21.06301082633999
2021-12-01,16.37718314271369
2021-12-02,16.564792404158
2021-12-03,16.7424770930813
2021-12-04,16.91023720850414
2021-12-05,17.068072751665245
2021-12-06,17.153077942783998
2021-12-07,17.165252781111015
2021-12-08,17.104597268148034
2021-12-09,20.465984376078488
2021-12-10,16.76479518562092
2021-12-11,16.48564861703767
2021-12-12,16.13367169544108
2021-12-13,22.27734281056771
2021-12-14,15.78111941812722
2021-12-15,15.780544060431279
2021-12-16,20.22581066845383
2021-12-17,16.130794909456903
2021-12-18,16.481621115988705
2021-12-19,16.949581176947483
2021-12-20,21.733600868998106
2021-12-21,17.63051756870322
2021-12-22,17.843493900572035
2021-12-23,17.971475655797708
2021-12-24,18.01446283503732
2021-12-25,17.972455436729756
2021-12-26,17.84545346295264
2021-12-27,24.508681274066937
2021-12-28,17.99461621856707
2021-12-29,18.27078094789193
2021-12-30,18.681334578470278
2021-12-31,19.226277111031195
2022-01-01,19.905608544116202
2022-01-02,20.6886371765413
2022-01-03,26.45120869169138
2022-01-04,21.566566231331734
2022-01-05,21.661466654884194
2022-01-06,21.52699100881894
2022-01-07,21.1631392929064
2022-01-08,20.5699115073038
2022-01-09,19.747307651830905
2022-01-10,22.612591338205164
2022-01-11,23.956843614963446
2022-01-12,23.365465695008126
2022-01-13,23.338571725007547
2022-01-14,24.573188520597395
2022-01-15,20.033658190216972
2022-01-16,20.951712225620213
2022-01-17,26.71625959252343
2022-01-18,22.08036043843544
2022-01-19,27.02962394206471
2022-01-20,22.26572884205085
2022-01-21,22.00468311486371
2022-01-22,21.5078174348178
2022-01-23,20.775131801722303
2022-01-24,26.628096360431904
2022-01-25,25.443384618505334
2022-01-26,19.12425542318978
2022-01-27,23.68794905285703
2022-01-28,22.63955548909846
2022-01-29,18.294149823248762
2022-01-30,18.19984146217815
2022-01-31,22.02422540243203
2022-02-01,25.173324512704518
2022-02-02,23.1657637077885
2022-02-03,23.06734508728745
2022-02-04,18.4392660558959
2022-02-05,18.67446148504196
2022-02-06,18.973973636488978
2022-02-07,22.46305451133268
2022-02-08,19.157942783040806
2022-02-09,19.042399777841972
2022-02-10,18.788505054260984
2022-02-11,18.396258612628642
2022-02-12,17.865660450951538
2022-02-13,17.196710571274345
2022-02-14,22.781091886225152
2022-02-15,20.318392642373773
2022-02-16,19.31006685494016
2022-02-17,20.129902687586874
2022-02-18,19.48012390755226
2022-02-19,15.36518401810666
2022-02-20,18.492305309517377
2022-02-21,19.28928246548126
2022-02-22,18.492097891425782
2022-02-23,21.585605973414935
2022-02-24,15.72002694421718
2022-02-25,15.809786865393281
2022-02-26,18.799654426720494
2022-02-27,16.008098041788287
2022-02-28,19.526534345597064
2022-03-01,19.94997078532927
2022-03-02,19.868923838621296
2022-03-03,20.079200566305285
2022-03-04,19.869397686081896
2022-03-05,16.815920964840117
2022-03-06,21.023108554480373
2022-03-07,22.08003575024881
2022-03-08,20.07574390274192
2022-03-09,21.784795694082966
2022-03-10,17.261457875625588
2022-03-11,17.268603583259356
2022-03-12,17.24842873239242
2022-03-13,17.200933322755162
2022-03-14,17.23458873748546
2022-03-15,21.32843028698788
2022-03-16,23.06174190138272
2022-03-17,21.439764752644773
2022-03-18,18.180718633966833
2022-03-19,18.620128167201013
2022-03-20,19.140688525052674
2022-03-21,19.475368430121165
2022-03-22,23.25955923451641
2022-03-23,19.587086880522904
2022-03-24,19.36412542654181
2022-03-25,18.955283519048855
2022-03-26,18.36056115938797
2022-03-27,21.197263174395303
2022-03-28,20.555782138708075
2022-03-29,21.45211408190493
2022-03-30,21.354145623749474
2022-03-31,22.528721122908667
2022-04-01,18.754076274670886
2022-04-02,15.816840042871359
2022-04-03,19.62527698142587
2022-04-04,22.388950940487305
2022-04-05,20.369980262850166
2022-04-06,16.82393929518947
2022-04-07,20.504705721570254
2022-04-08,21.332056754045656
2022-04-09,18.003762655049343
2022-04-10,18.47789404553134
2022-04-11,18.78718480650558
2022-04-12,22.33190147624719
2022-04-13,18.911244439577565
2022-04-14,18.72601331108393
2022-04-15,18.375941553212755
2022-04-16,17.86102916598869
2022-04-17,21.986262728469846
2022-04-18,16.633466737303227
2022-04-19,18.89440650818518
2022-04-20,15.933678738194939
2022-04-21,18.633342122095634
2022-04-22,18.655509029196516
2022-04-23,19.234884738668242
2022-04-24,16.117426021794117
2022-04-25,16.288873361621874
2022-04-26,20.80102769836887
2022-04-27,20.827665254318404
2022-04-28,19.986090854890005
2022-04-29,20.157303013863533
2022-04-30,16.060036679009727
2022-05-01,15.797054666439667
2022-05-02,22.76427986836562
2022-05-03,18.91136119281169
2022-05-04,15.198732266575014
2022-05-05,18.96952189336763
2022-05-06,14.95870369542676
2022-05-07,14.886345319491593
2022-05-08,14.84575754907937
2022-05-09,14.81529964836801
2022-05-10,17.966142181530422
2022-05-11,18.721606873491886
2022-05-12,14.784705157124193
2022-05-13,14.79476673209253
2022-05-14,19.216012383267596
2022-05-15,14.845279487714192
2022-05-16,19.13196609613928
2022-05-17,19.05980366930116
2022-05-18,18.97558684029771
2022-05-19,14.96659755444188
2022-05-20,14.996935275082613
2022-05-21,15.027276277979553
2022-05-22,15.057620561590898
2022-05-23,18.195772019593267
2022-05-24,19.203131247299424
2022-05-25,15.263765564361957
2022-05-26,15.37085128178451
2022-05-27,15.49712235731177
2022-05-28,20.03157531674578
2022-05-29,15.807220583979431
2022-05-30,15.996070511156281
2022-05-31,22.225912271771637
2022-06-01,21.775890550548084
2022-06-02,20.00647858150326
2022-06-03,16.941791728388473
2022-06-04,17.19992248866692
2022-06-05,17.465008104795288
2022-06-06,17.693498756468927
2022-06-07,17.885394445689606
2022-06-08,18.040695171170793
2022-06-09,21.650100092523086
2022-06-10,21.6779513194932
2022-06-11,18.28702756846453
2022-06-12,18.295948441260705
2022-06-13,21.79408734960183
2022-06-14,18.255087242903834
2022-06-15,21.623658234574258
2022-06-16,21.84369290271055
2022-06-17,18.047038087077276
2022-06-18,17.93855307322776
2022-06-19,17.810500410720724
2022-06-20,21.461266839806214
2022-06-21,23.27289970661443
2022-06-22,17.31023655147371
2022-06-23,21.40102509251026
2022-06-24,16.87997241734658
2022-06-25,21.977367344181687
2022-06-26,21.24360820229184
2022-06-27,16.208819724818156
2022-06-28,21.23370208096621
2022-06-29,21.6802283985104
2022-06-30,22.455875562700808
2022-07-01,19.931281059697525
2022-07-02,16.905282265519816
2022-07-03,17.36897217379497
2022-07-04,22.604836469544928
2022-07-05,17.8904445028611
2022-07-06,17.948226925523535
2022-07-07,22.155821801462746
2022-07-08,17.657884282126837
2022-07-09,17.309759217758952
2022-07-10,16.826331659220514
2022-07-11,23.05521136971806
2022-07-12,20.6710835616749
2022-07-13,16.293616069608696
2022-07-14,16.42189990553566
2022-07-15,20.766550678765284
2022-07-16,17.137251119764827
2022-07-17,17.724318499696217
2022-07-18,18.139950350729897
2022-07-19,22.845489295530648
2022-07-20,18.45690746930611
2022-07-21,18.358232734545695
2022-07-22,18.088122472064722
2022-07-23,17.64657668064468
2022-07-24,17.033595361015752
2022-07-25,16.55231484586178
2022-07-26,20.471154831322764
2022-07-27,22.532177965106534
2022-07-28,20.130924770970225
2022-07-29,20.35731271267028
2022-07-30,16.121424324959342
2022-07-31,20.40938394352581
2022-08-01,23.437580257148973
2022-08-02,16.947044896332017
2022-08-03,22.56926073366556
2022-08-04,17.298169062780318
2022-08-05,21.819188415733045
2022-08-06,17.483721132776274
2022-08-07,17.514407630749965
2022-08-08,21.83724683702912
2022-08-09,17.683152708510246
2022-08-10,22.077573302893143
2022-08-11,23.07737384458632
2022-08-12,18.204700527818787
2022-08-13,18.450131188484615
2022-08-14,18.731352543406743
2022-08-15,24.644748090294406
2022-08-16,18.990033369355142
2022-08-17,22.572739986744725
2022-08-18,18.84369835277328
2022-08-19,18.618649902871283
2022-08-20,18.292347490989982
2022-08-21,17.864791118918223
2022-08-22,17.466728468276816
2022-08-23,21.776540450142917
2022-08-24,22.08858011096362
2022-08-25,20.163269132894158
2022-08-26,20.10021965733926
2022-08-27,15.918821031946734
2022-08-28,20.810178199372302
2022-08-29,19.51745985622695
2022-08-30,20.722197593277986
2022-08-31,21.409970720219853
2022-09-01,21.89427898754849
2022-09-02,15.895369534688754
2022-09-03,16.218501453364016
2022-09-04,16.641910439185356
2022-09-05,16.965425916123536
2022-09-06,21.42964215770978
2022-09-07,17.312776336882997
2022-09-08,22.517704812940845
2022-09-09,17.26055271588785
2022-09-10,17.084600640198584
2022-09-11,16.808755054407072
2022-09-12,20.76751042895407
2022-09-13,16.48116510715942
2022-09-14,20.372283010951108
2022-09-15,22.004939707185507
2022-09-16,16.550033252762788
2022-09-17,16.7223901181689
2022-09-18,16.969447392156017
2022-09-19,20.70354714201696
2022-09-20,17.239727412456276
2022-09-21,20.179054357784388
2022-09-22,17.21156139526212
2022-09-23,17.085561123457744
2022-09-24,16.88494934115723
2022-09-25,16.60972605033566
2022-09-26,21.830378315650783
2022-09-27,19.874281556556994
2022-09-28,19.93541887888989
2022-09-29,19.98207073438116
2022-09-30,21.26823613328677
2022-10-01,16.300065238671845
2022-10-02,20.20519695192405
2022-10-03,22.594000729192757
2022-10-04,16.901068306563086
2022-10-05,20.725515187561825
2022-10-06,20.90545312444724
2022-10-07,22.009816371133173
2022-10-08,18.334393466139552
2022-10-09,18.80557970945989
2022-10-10,23.30284929416337
2022-10-11,24.65790981887571
2022-10-12,19.416235172344997
2022-10-13,19.352152570974468
2022-10-14,19.154252758900277
2022-10-15,18.822535735869167
2022-10-16,23.318737957137586
2022-10-17,22.83524515901306
2022-10-18,21.0496505834269
2022-10-19,22.69876852821602
2022-10-20,17.82248927365399
2022-10-21,18.020767394643734
2022-10-22,18.351807986308568
2022-10-23,18.81561104874983
2022-10-24,22.46383854694792
2022-10-25,19.258469583073676
2022-10-26,19.237525052507287
2022-10-27,22.835081539748877
2022-10-28,22.61757761901208
2022-10-29,18.20519628378573
2022-10-30,17.537921632995854
2022-10-31,21.69235934973812
2022-11-01,20.26875805193071
2022-11-02,23.393469434577028
2022-11-03,20.360662474391404
2022-11-04,20.699152854741044
2022-11-05,16.197658613440037
2022-11-06,20.067690001407854
2022-11-07,16.63058602797923
2022-11-08,20.733991743166445
2022-11-09,20.145851742290844
2022-11-10,21.497891545788793
2022-11-11,16.759694432509747
2022-11-12,16.63848269531983
2022-11-13,16.455875422501748
2022-11-14,20.578624527461848
2022-11-15,20.590467443561508
2022-11-16,16.274365879929906
2022-11-17,22.14776988077913
2022-11-18,19.703063922688237
2022-11-19,16.642324748043755
2022-11-20,16.88708179540187
2022-11-21,20.195501833180888
2022-11-22,17.268328909131498
2022-11-23,21.07638337720865
2022-11-24,17.50522004928719
2022-11-25,17.569532129453833
2022-11-26,17.59775521494239
2022-11-27,17.589889308137952
2022-11-28,17.58443952706574
2022-11-29,22.163325322694924
2022-11-30,17.580788344612998
2022-12-01,22.930169248553508
2022-12-02,21.03266033235815
2022-12-03,17.567430178342864
2022-12-04,21.54064029174213
2022-12-05,21.995103682879357
2022-12-06,22.197524864221812
2022-12-07,17.723661777906617
2022-12-08,17.85607511990858
2022-12-09,18.025830639495062
2022-12-10,18.23292833463021
2022-12-11,18.477368208605135
2022-12-12,21.857194862636426
2022-12-13,18.71420440709653
2022-12-14,21.99834812388432
2022-12-15,23.17278662281283
2022-12-16,18.439349831279827
2022-12-17,22.448122305552456
2022-12-18,17.836040866927807
2022-12-19,22.525658538987386
2022-12-20,23.4835477673073
2022-12-21,20.92674684555734
2022-12-22,23.27244585262768
2022-12-23,23.09682226387472
2022-12-24,17.695245085059984
2022-12-25,17.991974897657112
2022-12-26,22.06943365080798
2022-12-27,23.567193689492825
2022-12-28,22.804783603923212
2022-12-29,23.025720058875002
2022-12-30,23.524628612153933
2022-12-31,19.152878725142802
2023-01-01,25.036833421285493
2023-01-02,24.80669746565022
2023-01-03,23.74512717599448
2023-01-04,24.528464370463137
2023-01-05,19.410111632009105
2023-01-06,19.40337089087065
2023-01-07,19.37723437561395
2023-01-08,19.331702086723865
2023-01-09,23.423860591158594
2023-01-10,22.923947571966778
2023-01-11,23.4267278299387
2023-01-12,23.94347137661672
2023-01-13,22.78610262721365
2023-01-14,18.84531476797534
2023-01-15,22.587176434339167
2023-01-16,18.67653456226543
2023-01-17,23.40795613052798
2023-01-18,22.47175424447692
2023-01-19,22.757503332164173
2023-01-20,22.651328930782356
2023-01-21,19.38181903380812
2023-01-22,19.71611621148101
2023-01-23,24.382778592924524
2023-01-24,23.66934271459899
2023-01-25,19.800451045678376
2023-01-26,19.52237709000745
2023-01-27,19.0912103514056
2023-01-28,18.50695082874916
2023-01-29,21.00708634480312
2023-01-30,21.402409899585088
2023-01-31,23.491091564431223
2023-02-01,20.611725369632158
2023-02-02,19.780171412958893
2023-02-03,15.946115646368595
2023-02-04,15.993567413707861
2023-02-05,16.182790027765353
2023-02-06,19.987814443755788
2023-02-07,19.486743087150977
2023-02-08,21.347474524140885
2023-02-09,16.442342906308753
2023-02-10,20.036374606915263
2023-02-11,16.273716796735776
2023-02-12,16.11480310494663
2023-02-13,18.914407161103043
2023-02-14,15.918651279964202
2023-02-15,19.751929313765253
2023-02-16,18.884313997648828
2023-02-17,20.31389890652555
2023-02-18,16.013049862181635
2023-02-19,16.13804580671176
2023-02-20,19.89965541817578
2023-02-21,19.51974580267327
2023-02-22,19.418385204946755
2023-02-23,20.750792387613807
2023-02-24,16.38484799541305
2023-02-25,16.358572926741473
2023-02-26,20.165544506179128
2023-02-27,19.91173143353756
2023-02-28,21.77669612457644
2023-03-01,20.895163584491293
2023-03-02,21.165858354652165
2023-03-03,17.277371179673345
2023-03-04,17.67007999382767
2023-03-05,18.12379582975548
2023-03-06,22.70706416117596
2023-03-07,22.521315109595974
2023-03-08,22.992505920709633
2023-03-09,21.371484921519478
2023-03-10,18.309366983905793
2023-03-11,17.929879610041155
2023-03-12,20.522407187145177
2023-03-13,20.409884187597207
2023-03-14,22.22246079157123
2023-03-15,22.053447783690373
2023-03-16,21.639151482878678
2023-03-17,24.886261102446994
2023-03-18,18.266056584824202
2023-03-19,19.069255010886906
2023-03-20,19.684027127729006
2023-03-21,20.110372935949414
2023-03-22,20.348292435326048
2023-03-23,23.978917406130655
2023-03-24,20.25885250778127
2023-03-25,19.931493081557633
2023-03-26,19.415707346455623
2023-03-27,22.78086937986132
2023-03-28,21.4780821064042
2023-03-29,23.26043553956095
2023-03-30,17.456880435876585
2023-03-31,21.743979724293325
2023-04-01,16.540056599228578
2023-04-02,16.11772867934699
2023-04-03,21.554706863159858
2023-04-04,21.075272660274557
2023-04-05,19.309576253224897
2023-04-06,21.196630004072336
2023-04-07,15.748174860095956
2023-04-08,16.02268125110184
2023-04-09,16.413326695374106
2023-04-10,16.711265164181917
2023-04-11,16.916496661167987
2023-04-12,17.029021183483948
2023-04-13,19.918567229408808
2023-04-14,21.02733071422753
2023-04-15,16.810352907910648
2023-04-16,16.552049534296817
2023-04-17,20.410847321418217
2023-04-18,16.099040020825875
2023-04-19,19.911194612903092
2023-04-20,15.730826815966159
2023-04-21,15.578518829350557
2023-04-22,15.447409920780096
2023-04-23,15.337500088853234
2023-04-24,20.478384501422532
2023-04-25,19.9277160526636
2023-04-26,15.259022342111452
2023-04-27,18.825399359202997
2023-04-28,15.416080301394583
2023-04-29,15.557422218830185
2023-04-30,15.740639426582064
2023-05-01,15.920146065050186
2023-05-02,20.36446007810541
2023-05-03,16.234931869023477
2023-05-04,21.241514870409155
2023-05-05,16.49074770892862
2023-05-06,16.59654189294875
2023-05-07,16.6875935863727
2023-05-08,16.71687172188582
2023-05-09,20.132873569176468
2023-05-10,20.496796534372063
2023-05-11,16.434064782669758
2023-05-12,16.216248688108205
2023-05-13,15.936659035330536
2023-05-14,19.18848528730203
2023-05-15,19.045523377821205
2023-05-16,19.173308865969297
2023-05-17,18.477375162552132
2023-05-18,15.490395026175403
2023-05-19,15.779307836775136
2023-05-20,16.194275851894638
2023-05-21,16.7352990714337
2023-05-22,20.62611465528836
2023-05-23,17.43079817222738
2023-05-24,17.585274052608913
2023-05-25,17.6109008221962
2023-05-26,17.507678477976146
2023-05-27,17.275607022085666
2023-05-28,16.91468645250806
2023-05-29,16.602721360177057
2023-05-30,19.96304541677582
2023-05-31,21.431038026666133
2023-06-01,20.35697558905379
2023-06-02,15.854887112011674
2023-06-03,15.808642092738914
2023-06-04,15.821823893617346
2023-06-05,19.567977474562724
2023-06-06,20.28274280553189
2023-06-07,15.904256134000901
2023-06-08,15.946029160965
2023-06-09,15.994949993549879
2023-06-10,16.051018633136685
2023-06-11,16.114235079189523
2023-06-12,20.449900735575763
2023-06-13,16.252756509858756
2023-06-14,16.328061494844142
2023-06-15,20.929027028579224
2023-06-16,16.49076000379419
2023-06-17,16.578153526956548
2023-06-18,16.66957656446406
2023-06-19,16.73172705595068
2023-06-20,20.92450555639827
2023-06-21,16.76821040531651
2023-06-22,23.241634270678695
2023-06-23,16.687603574797727
2023-06-24,16.603391342691324
2023-06-25,16.489906565241057
2023-06-26,20.491403684010308
2023-06-27,20.76436006256188
2023-06-28,22.668415688669036
2023-06-29,20.584690396035423
2023-06-30,16.333894280357967
2023-07-01,20.753565358849677
2023-07-02,22.090410963190237
2023-07-03,23.50331156648188
2023-07-04,21.924514420844115
2023-07-05,21.61687413982129
2023-07-06,21.097295743181878
2023-07-07,21.31833616948351
2023-07-08,17.77645090776118
2023-07-09,18.164441558822247
2023-07-10,23.045281625350533
2023-07-11,18.81790495512675
2023-07-12,24.171719824882526
2023-07-13,19.308011142778845
2023-07-14,23.22968694030341
2023-07-15,19.634760124016726
2023-07-16,19.736875660997462
2023-07-17,19.77356266277365
2023-07-18,25.255182149867146
2023-07-19,22.851965830269865
2023-07-20,19.49105245066602
2023-07-21,19.266025307707167
2023-07-22,18.975569627823262
2023-07-23,18.6196854135176
2023-07-24,21.637124081194763
2023-07-25,17.989864734617264
2023-07-26,21.278973526857484
2023-07-27,22.14165979367497
2023-07-28,22.47097972913205
2023-07-29,17.058014380933614
2023-07-30,16.893341583870217
2023-07-31,20.269511339481873
2023-08-01,16.518256946737274
2023-08-02,20.271370094429198
2023-08-03,19.665018460194034
2023-08-04,19.908120995349528
2023-08-05,15.852047162703595
2023-08-06,15.714107763876001
2023-08-07,18.899083445245232
2023-08-08,18.90788319772377
2023-08-09,20.15361891288864
2023-08-10,15.534315444454741
2023-08-11,15.582358683415269
2023-08-12,15.667598450922913
2023-08-13,15.790034745104947
2023-08-14,15.83456011524994
2023-08-15,15.801174562865032
2023-08-16,15.68987808581417
2023-08-17,19.23252349998237
2023-08-18,15.23355236125281
2023-08-19,14.888523111947165
2023-08-20,14.465582940093636
2023-08-21,14.154073315595724
2023-08-22,18.01743332586993
2023-08-23,17.283698764087816
2023-08-24,19.295998432214645
2023-08-25,18.08577936337856
2023-08-26,14.267983378042747
2023-08-27,14.625057029090684
2023-08-28,20.597561313456392
2023-08-29,18.626631968954168
2023-08-30,15.675580787696619
2023-08-31,20.426403115562373
2023-09-01,16.358682298338078
2023-09-02,16.658538294406842
2023-09-03,16.918424295499577
2023-09-04,22.708356110765745
2023-09-05,17.117433666791
2023-09-06,22.259447149682032
2023-09-07,16.888759532144093
2023-09-08,16.614041149785397
2023-09-09,16.232401889578213
2023-09-10,15.74384175327161
2023-09-11,18.917209061978703
2023-09-12,19.1931243937741
2023-09-13,18.579191927588287
2023-09-14,19.175767249122472
2023-09-15,15.779032733200614
2023-09-16,16.281669261669933
2023-09-17,16.94950523422107
2023-09-18,21.215056894334968
2023-09-19,18.19301925128428
2023-09-20,18.76869729634566
2023-09-21,19.31365603301443
2023-09-22,24.92829526861345
2023-09-23,20.311415580316407
2023-09-24,24.85177084694191
2023-09-25,26.21396740944131
2023-09-26,21.35946921266156
2023-09-27,25.517129583115867
2023-09-28,25.375266753039252
2023-09-29,21.476476446934413
2023-09-30,21.308579656738335
2023-10-01,21.037233267747485
2023-10-02,26.22877108858238
2023-10-03,24.78284471081751
2023-10-04,23.868210293985484
2023-10-05,20.09851401032249
2023-10-06,19.900500770974737
2023-10-07,19.717154161578236
2023-10-08,19.548474181921613
2023-10-09,19.312906631707037
2023-10-10,22.356458475640707
2023-10-11,18.64110881542813
2023-10-12,18.204878548971003
2023-10-13,21.0779118834646
2023-10-14,17.13175530049657
2023-10-15,16.494862318483737
2023-10-16,20.47557101716876
2023-10-17,15.417164396945807
2023-10-18,18.738356479733017
2023-10-19,18.061472152816375
2023-10-20,14.29083762413408
2023-10-21,18.50746334917564
2023-10-22,13.866766513311543
2023-10-23,18.137608481464724
2023-10-24,18.20123041028204
2023-10-25,14.274670588464152
2023-10-26,14.725960853720407
2023-10-27,15.334912237893604
2023-10-28,16.101524742503496
2023-10-29,17.025798366562164
2023-10-30,22.73973196023937
2023-10-31,22.029680554044766
2023-11-01,18.919200135200786
2023-11-02,19.228916580535703
2023-11-03,19.363785399641134
2023-11-04,19.32380659259947
2023-11-05,19.108980159000595
2023-11-06,22.86010648833689
2023-11-07,18.784771840835383
2023-11-08,18.675389956575895
2023-11-09,22.031567000861976
2023-11-10,22.046741055861872
2023-11-11,18.558133402602188
2023-11-12,18.58934425085571
2023-11-13,22.72310642824759
2023-11-14,22.56170764772929
2023-11-15,23.069203152180357
2023-11-16,18.112869985215358
2023-11-17,17.84342200337635
2023-11-18,17.51384225640267
2023-11-19,17.12413074384394
2023-11-20,20.71235384580757
2023-11-21,20.236037162428552
2023-11-22,17.322967864232087
2023-11-23,23.126502508133715
2023-11-24,18.595502329658828
2023-11-25,19.57376247774104
2023-11-26,20.78001790208235
2023-11-27,25.399592520989728
2023-11-28,22.074149170771978
2023-11-29,26.66974333926421
2023-11-30,27.38654117324925
2023-12-01,25.38208021805142
2023-12-02,20.196695668553225
2023-12-03,18.809003302172222
2023-12-04,20.88952477256033
2023-12-05,21.036418204973614
2023-12-06,22.81875769512735
2023-12-07,16.409531792028375
2023-12-08,16.597488402088718
2023-12-09,17.100574808666984
2023-12-10,17.918791010046537
2023-12-11,22.66414254551344
2023-12-12,22.60686709517591
2023-12-13,23.175704442799947
2023-12-14,19.286022522201634
2023-12-15,23.024720785279918
2023-12-16,18.8262583015843
2023-12-17,18.31053119788441
2023-12-18,17.844728451978305
2023-12-19,24.2776138715066
2023-12-20,17.0628960335737
2023-12-21,21.54582409981335
2023-12-22,16.48076104615943
2023-12-23,16.264580089865856
2023-12-24,16.09832349148374
2023-12-25,16.02944381787111
2023-12-26,16.057941071757856
2023-12-27,19.451447278890132
2023-12-28,20.2692348950631
2023-12-29,22.18147705087116
2023-12-30,17.14569934360906
2023-12-31,17.661081225833204
2024-01-01,23.171973368346677
2024-01-02,22.96951437594571
2024-01-03,23.21935395386978
2024-01-04,22.334515548047758
2024-01-05,19.48301904692849
2024-01-06,19.69894700398136
2024-01-07,19.865388427063586
2024-01-08,25.41692526463163
2024-01-09,23.91605774983035
2024-01-10,19.432253813288526
2024-01-11,23.118870010114392
2024-01-12,22.334353479621885
2024-01-13,21.195475369657967
2024-01-14,16.67900360665042
2024-01-15,20.88011269195124
2024-01-16,15.46184968795336
2024-01-17,18.5663895807355
2024-01-18,19.962324789195073
2024-01-19,19.31204019514834
2024-01-20,15.530344352390134
2024-01-21,16.068885206049043
2024-01-22,16.546881191853394
2024-01-23,21.220694324787182
2024-01-24,20.383889980058886
2024-01-25,17.61759994026083
2024-01-26,21.579240427443487
2024-01-27,18.028688100296364
2024-01-28,18.143414878173854
2024-01-29,18.261525036199362
2024-01-30,21.90571696639048
2024-01-31,21.958247787095708
2024-02-01,22.235374089393357
2024-02-02,18.755827164313143
2024-02-03,18.866909628924986
2024-02-04,18.969403178168555
2024-02-05,19.074491537142574
2024-02-06,22.781393012337546
2024-02-07,22.469652096020823
2024-02-08,19.405325479566514
2024-02-09,19.52079308193469
2024-02-10,19.638855494036644
2024-02-11,19.759512717491404
2024-02-12,19.807922105354642
2024-02-13,24.041373186077028
2024-02-14,23.62807709458819
2024-02-15,19.519663255372883
2024-02-16,19.279081300653854
2024-02-17,18.966251510062172
2024-02-18,18.581173884521075
2024-02-19,21.818093862796868
2024-02-20,18.548557925999994
2024-02-21,22.67507429760025
2024-02-22,19.499327691201977
2024-02-23,20.343482220847815
2024-02-24,26.11186409324882
2024-02-25,22.769330573793166
2024-02-26,27.17582205357954
2024-02-27,28.10841842381769
2024-02-28,27.381337183724064
2024-02-29,29.880722393430535
2024-03-01,27.119820417188418
2024-03-02,21.65599391802107
2024-03-03,19.972566165834586
2024-03-04,22.921098740659613
2024-03-05,21.38598347472332
2024-03-06,16.343892671154567
2024-03-07,20.003230126375737
2024-03-08,15.109451808202712
2024-03-09,14.847633815843377
2024-03-10,14.822750784074886
2024-03-11,19.513875216371652
2024-03-12,19.104198317803274
2024-03-13,18.496559401316404
2024-03-14,15.581791497192308
2024-03-15,15.986194886429988
2024-03-16,16.476455559808215
2024-03-17,17.05257351587923
2024-03-18,22.204291168781946
2024-03-19,24.190576184434146
2024-03-20,18.09189399608028
2024-03-21,21.777730456870234
2024-03-22,18.21057982379958
2024-03-23,18.097664389024605
2024-03-24,22.560348652147795
2024-03-25,20.861675761136325
2024-03-26,17.66796894517871
2024-03-27,17.69378216356551
2024-03-28,17.80411789977469
2024-03-29,17.998976153771732
2024-03-30,18.278356924388138
2024-03-31,18.64226021120696
2024-04-01,18.8905966687779
2024-04-02,23.269776029737613
2024-04-03,24.521073270404383
2024-04-04,23.657333742706296
2024-04-05,18.628751377828717
2024-04-06,18.249492274907816
2024-04-07,17.74471405886735
2024-04-08,17.40037367439568
2024-04-09,20.15251687370243
2024-04-10,17.193006399055253
2024-04-11,20.85082287488614
2024-04-12,17.627390449568313
2024-04-13,18.08523922157743
2024-04-14,18.703525824761744
2024-04-15,21.863289389244365
2024-04-16,22.862033638889862
2024-04-17,24.810640724300814
2024-04-18,23.80242143234399
2024-04-19,24.68456423218086
2024-04-20,19.57134459850689
2024-04-21,22.497905265064286
2024-04-22,23.73372802293526
2024-04-23,18.93804707896037
2024-04-24,22.07365907116359
2024-04-25,19.1054212637079
2024-04-26,19.365980114726735
2024-04-27,19.744453471919883
2024-04-28,20.24084133558125
2024-04-29,27.676051825360418
2024-04-30,23.74652250958321
2024-05-01,19.95528274247855
2024-05-02,22.239123024857093
2024-05-03,18.299206940663936
2024-05-04,17.034104367341605
2024-05-05,15.477625345162444
2024-05-06,14.342438078541157
2024-05-07,18.041654456176268
2024-05-08,13.335938808167008
2024-05-09,13.464626806285475
2024-05-10,14.014606557916096
2024-05-11,14.985878064502572
2024-05-12,16.378441326865037
2024-05-13,17.45081576218033
2024-05-14,21.82030620206871
2024-05-15,18.63499815895546
2024-05-16,22.002380463513393
2024-05-17,18.538425252530395
2024-05-18,18.00985556135668
2024-05-19,17.161097044510715
2024-05-20,21.102887717876513
2024-05-21,19.562081867034394
2024-05-22,15.577215549100286
2024-05-23,15.370053068864728
2024-05-24,15.323289597565818
2024-05-25,15.436925135396908
2024-05-26,15.710959681796048
2024-05-27,19.567493895790093
2024-05-28,19.77191812175353
2024-05-29,19.652152799778452
2024-05-30,22.102041794563217
2024-05-31,16.559055005061325
2024-06-01,16.624258588320963
2024-06-02,16.655623605971787
2024-06-03,16.588814783698695
2024-06-04,16.42383212021413
2024-06-05,19.271557771117596
2024-06-06,18.83788133152219
2024-06-07,15.339841093037954
2024-06-08,14.782163070587545
2024-06-09,14.126311206353613
2024-06-10,16.846255268676167
2024-06-11,13.392310509327675
2024-06-12,16.56973602000399
2024-06-13,16.46711657268444
2024-06-14,13.735567033350915
2024-06-15,14.23512122643327
2024-06-16,14.92724309808651
2024-06-17,15.455490263528453
2024-06-18,15.8198627236972
2024-06-19,16.020360478902212
2024-06-20,16.056983528669818
2024-06-21,15.929731875579389
2024-06-22,15.638605516338036
2024-06-23,15.183604450315347
2024-06-24,17.41801744634256
2024-06-25,16.426159838391303
2024-06-26,15.28812031166483
2024-06-27,15.848971664083184
2024-06-28,18.485606793682816
2024-06-29,16.26333503850982
2024-06-30,17.963624719516506
2024-07-01,23.638301364891156
2024-07-02,18.648706247908482
2024-07-03,18.697887323304972
2024-07-04,20.28018292332982
2024-07-05,20.283171708534915
2024-07-06,17.187602149245226
2024-07-07,16.405443390696817
2024-07-08,17.472808632159172
2024-07-09,15.755700720876906
2024-07-10,15.62273916389163
2024-07-11,17.114076458765933
2024-07-12,15.309111773854418
2024-07-13,15.652737887027973
2024-07-14,16.871282728156707
2024-07-15,17.680301455500558
2024-07-16,20.066748939297224
2024-07-17,17.476314033663265
2024-07-18,17.231122943140566
2024-07-19,20.094665791935014
2024-07-20,17.301834806893652
2024-07-21,17.527441739815938
2024-07-22,21.6759687351458
2024-07-23,20.18263288688302
2024-07-24,17.37019494474938
2024-07-25,18.579073221652425
2024-07-26,18.763889109981953
2024-07-27,19.18458327778302
2024-07-28,20.21381890678181
2024-07-29,23.295354069499982
2024-07-30,23.40794316566701
2024-07-31,27.37853945093262
2024-08-01,25.668099447480834
2024-08-02,21.253325898465953
2024-08-03,19.369733426895454
2024-08-04,18.61225651702206
2024-08-05,17.589495956940443
2024-08-06,16.898914375768253
2024-08-07,18.564716709956294
2024-08-08,17.47873798207503
2024-08-09,15.699212135545368
2024-08-10,14.391606801183498
2024-08-11,14.211815484946776
2024-08-12,17.92925943250438
2024-08-13,15.122902830976106
2024-08-14,14.64067217450564
2024-08-15,14.95757101451577
2024-08-16,20.57974209018444
2024-08-17,16.324564428484713
2024-08-18,18.220550109441287
2024-08-19,22.245016827064532
2024-08-20,22.0431731810719
2024-08-21,19.356273114606815
2024-08-22,20.01991357923061
2024-08-23,19.643035631004334
2024-08-24,19.427682530021173
2024-08-25,19.326311761825163
2024-08-26,20.77577275589929
2024-08-27,22.550977905388187
2024-08-28,22.98675517500129
2024-08-29,23.632059184789
2024-08-30,19.968170349718463
2024-08-31,19.91013877471029
2024-09-01,20.018651847367767
2024-09-02,25.09435047952908
2024-09-03,22.168505694820723
2024-09-04,25.540740736648864
2024-09-05,20.06071127311927
2024-09-06,20.04921739556027
2024-09-07,17.473468002532137
2024-09-08,17.192327024041127
2024-09-09,17.473673133493413
2024-09-10,15.842396467909463
2024-09-11,15.289692122908576
2024-09-12,15.310165870896489
2024-09-13,15.947111096487445
2024-09-14,16.752080513544584
2024-09-15,17.90254272111126
2024-09-16,23.046433721755548
2024-09-17,23.66888589787139
2024-09-18,23.970260025380327
2024-09-19,22.872331317998327
2024-09-20,20.781309710281292
2024-09-21,19.90943447700177
2024-09-22,19.807398280526595
2024-09-23,19.645363462946083
2024-09-24,20.626015885142607
2024-09-25,22.38980088747522
2024-09-26,22.263720584606
2024-09-27,21.661289975408085
2024-09-28,19.922259765931866
2024-09-29,20.70463475232464
2024-09-30,26.40957135570683
2024-10-01,26.71569313117575
2024-10-02,24.357999809447968
2024-10-03,21.883856321171393
2024-10-04,21.070328450770646
2024-10-05,19.668225146218383
2024-10-06,19.100705022264783
2024-10-07,21.55781082891385
2024-10-08,18.939186695349292
2024-10-09,18.766824440306532
2024-10-10,19.0572934369465
2024-10-11,17.390209238827623
2024-10-12,16.728214794773265
2024-10-13,18.525374329021105
2024-10-14,18.678164064068014
2024-10-15,20.34506197592306
2024-10-16,22.19559607190523
2024-10-17,20.089106782425784
2024-10-18,21.375649661900447
2024-10-19,20.51176919873239
2024-10-20,21.553977728387295
2024-10-21,26.227456374932903
2024-10-22,23.201974473240327
2024-10-23,26.141314870547486
2024-10-24,22.812629480720283
2024-10-25,23.257669952165298
2024-10-26,21.73473899812699
2024-10-27,18.00769929067249
2024-10-28,17.636171851819867
2024-10-29,17.935312650733852
2024-10-30,17.196682015777505
2024-10-31,15.291128768697238
2024-11-01,15.114640356987447
2024-11-02,14.99567546383016
2024-11-03,15.709151186503977
2024-11-04,19.638124093065628
2024-11-05,17.172135371918316
2024-11-06,17.64174957929576
2024-11-07,20.037244213382937
2024-11-08,19.88148889877587
2024-11-09,19.167904856679282
2024-11-10,20.066874982944935
2024-11-11,24.267575075123325
2024-11-12,23.210377961845616
2024-11-13,23.874950155878896
2024-11-14,21.873285262708357
2024-11-15,19.923585240380014
2024-11-16,18.89127104030901
2024-11-17,17.99218383633127
2024-11-18,20.9062557207714
2024-11-19,18.79670143948318
2024-11-20,17.74708954954005
2024-11-21,18.260761938318698
2024-11-22,17.878315211757105
2024-11-23,18.816424055993096
2024-11-24,20.295149336786118
2024-11-25,25.076924562907585
2024-11-26,24.962062019785062
2024-11-27,22.1068622457904
2024-11-28,26.647396209451095
2024-11-29,22.358057210427972
2024-11-30,21.06655344163832
2024-12-01,20.14026015275173
2024-12-02,19.529589101063298
2024-12-03,20.044706115364896
2024-12-04,19.861495494513804
2024-12-05,17.975395790218286
2024-12-06,18.24394505283805
2024-12-07,16.84780254224833
2024-12-08,17.497142842909213
2024-12-09,19.369120320401773
2024-12-10,18.040670504898138
2024-12-11,22.378474339992376
2024-12-12,20.5134529244656
2024-12-13,20.5253710819835
2024-12-14,22.480117995860564
2024-12-15,22.142420136862977
2024-12-16,25.433778936451738
2024-12-17,23.62802067831743
2024-12-18,26.442273517362626
2024-12-19,22.850963845269582
2024-12-20,20.44264318665579
2024-12-21,18.03786892019103
2024-12-22,15.949913567708993
2024-12-23,14.112817615019157
2024-12-24,13.254354044290343
2024-12-25,12.825510210250048
2024-12-26,14.284783289992125
2024-12-27,14.664671397536328
2024-12-28,15.737329213712474
2024-12-29,19.027189019861233
2024-12-30,22.027392924489476
2024-12-31,22.724061834213565
2025-01-01,23.422919981665302
2025-01-02,26.255346854361648
2025-01-03,22.699759717697457
2025-01-04,21.00115282906324
2025-01-05,19.82530667896416
2025-01-06,20.0870115129744
2025-01-07,22.325594714635432
2025-01-08,18.926183151257653
2025-01-09,22.752056257189764
2025-01-10,18.85152891819066
2025-01-11,18.798649243201076
2025-01-12,20.078000384917726
2025-01-13,23.380050568801973
2025-01-14,23.60513821179945
2025-01-15,24.33218041867569
2025-01-16,26.1907217150105
2025-01-17,21.81007293117764
2025-01-18,20.75525518713214
2025-01-19,19.805206335649373
2025-01-20,21.91805350343362
2025-01-21,22.585048114809222
2025-01-22,21.30405959264992
2025-01-23,19.11248394031141
2025-01-24,20.590096719477668
2025-01-25,20.390688847222627
2025-01-26,22.40421800756364
2025-01-27,24.93201980620863
2025-01-28,26.207286839920688
2025-01-29,25.71940117640122
2025-01-30,25.845381409812685
2025-01-31,26.53912643102801
2025-02-01,21.122251080767985
2025-02-02,19.583646956902832
2025-02-03,20.342834985656992
2025-02-04,20.127308754886172
2025-02-05,18.568667574541784
2025-02-06,17.87622343224563
2025-02-07,17.04422217392613
2025-02-08,17.896317206484568
2025-02-09,18.27499181376865
2025-02-10,22.981837684873938
2025-02-11,19.641180231911193
2025-02-12,20.2973599544462
2025-02-13,22.25904689416479
2025-02-14,21.15792961198259
2025-02-15,19.040884557331296
2025-02-16,19.65120798953062
2025-02-17,21.052903083841347
2025-02-18,18.83050665931618
2025-02-19,21.83729900264676
2025-02-20,19.218498123334854
2025-02-21,20.009840484517134
2025-02-22,18.948505622902342
2025-02-23,19.358882234387586
2025-02-24,24.341170973568488
2025-02-25,21.88392472581148
2025-02-26,22.015047989174867
2025-02-27,23.631246567992267
2025-02-28,24.738658001459356
2025-03-01,20.59662302634405
2025-03-02,20.766860250315474
2025-03-03,23.746107267311324
2025-03-04,21.954287790382093
2025-03-05,23.731392529947094
2025-03-06,23.870461032998566
2025-03-07,22.48895868907342
2025-03-08,19.76440690343774
2025-03-09,19.542432013872553
2025-03-10,21.517205794011772
2025-03-11,19.959958095437145
2025-03-12,21.193141038607063
2025-03-13,23.7283850025568
2025-03-14,18.409563829380065
2025-03-15,17.901722173880383
2025-03-16,18.554840087656732
2025-03-17,20.158493089676888
2025-03-18,18.159870838304432
2025-03-19,20.261942271963264
2025-03-20,17.895752607903844
2025-03-21,17.186700061457966
2025-03-22,16.408937738443257
2025-03-23,15.75106016434899
2025-03-24,17.45885047472364
2025-03-25,16.324626402054626
2025-03-26,16.764394095437382
2025-03-27,18.071586715404436
2025-03-28,17.3206618221541
2025-03-29,17.410653464216256
2025-03-30,18.611813178193252
2025-03-31,21.81720888445306
2025-04-01,23.133903105625805
2025-04-02,21.983603592806027
2025-04-03,21.114266210117794
2025-04-04,21.154285564967676
2025-04-05,19.2881429087275
2025-04-06,18.903548845699213
2025-04-07,18.669256441522325
2025-04-08,18.798118674840335
2025-04-09,20.17442718607761
2025-04-10,19.83854525365429
2025-04-11,16.924242335128536
2025-04-12,15.524566484361202
2025-04-13,15.850768303942505
2025-04-14,15.825600222805088
2025-04-15,18.17737823668141
2025-04-16,15.166806317650089
2025-04-17,14.854310572267929
2025-04-18,15.077410351046947
2025-04-19,15.531099065353485
2025-04-20,15.94991781190122
2025-04-21,16.557951101191637
2025-04-22,18.669391412239424
2025-04-23,18.394837876168516
2025-04-24,17.622485377212964
2025-04-25,17.278373843274004
2025-04-26,17.590517822651
2025-04-27,16.648458001593646
2025-04-28,16.561187464907285
2025-04-29,18.587564558704802
2025-04-30,20.65536417980842
2025-05-01,15.842497393159292
2025-05-02,15.402923252271993
2025-05-03,15.062499648742783
2025-05-04,15.188610560997354
2025-05-05,16.067044731178605
2025-05-06,18.006868939543388
2025-05-07,16.381167459397066
2025-05-08,16.384639996147357
2025-05-09,15.776722729079903
2025-05-10,15.992357740946407
2025-05-11,16.579073068193736
2025-05-12,20.649229924231754
2025-05-13,18.276138865647244
2025-05-14,21.608346606949222
2025-05-15,19.15208048854693
2025-05-16,18.317547227050774
2025-05-17,16.423512832601798
2025-05-18,16.153127983625353
2025-05-19,16.24006598813015
2025-05-20,18.312372739436018
2025-05-21,15.955407607548082
2025-05-22,15.923825978689745
2025-05-23,15.412545568163008
2025-05-24,15.362470783181145
2025-05-25,15.9734599588757
2025-05-26,18.755652604424167
2025-05-27,20.541898288653243
2025-05-28,17.08852410164993
2025-05-29,16.541227055341288
2025-05-30,16.894532977367508
2025-05-31,16.37316177889807
2025-06-01,16.070584444450205
2025-06-02,18.533964721777167
2025-06-03,16.351662837349082
2025-06-04,15.500358784596854
2025-06-05,15.641630188979004
2025-06-06,15.579785146730433
2025-06-07,15.865061575883235
2025-06-08,16.18809621419105
2025-06-09,16.550481130302764
2025-06-10,19.08356884402221
2025-06-11,18.79037058798385
2025-06-12,21.422431875940003
2025-06-13,18.154060884965475
2025-06-14,16.470926963681
2025-06-15,16.560253569474817
2025-06-16,19.630613567535036
2025-06-17,17.95629622517537
2025-06-18,16.174028640581515
2025-06-19,16.112927561884888
2025-06-20,16.396593217059984
2025-06-21,16.61563884521243
2025-06-22,16.704747660407286
2025-06-23,18.500478638416663
2025-06-24,18.784066870318753
2025-06-25,19.713699636535186
2025-06-26,21.836398817631494
2025-06-27,21.50850022102943
2025-06-28,20.70549016472237
2025-06-29,22.093068575887287
2025-06-30,27.89000038565578
2025-07-01,28.437879610253365
2025-07-02,26.73083792175122
2025-07-03,27.319270101307072
2025-07-04,23.308549167420125
2025-07-05,22.642081312751014
2025-07-06,22.527698612577137
2025-07-07,21.20877544933238
2025-07-08,22.473352632423452
2025-07-09,22.331365213627095
2025-07-10,19.236714766177254
2025-07-11,19.078995222394937
2025-07-12,17.998534195661293
2025-07-13,18.07174395938297
2025-07-14,21.657264665227032
2025-07-15,18.12360433203263
2025-07-16,18.611994587136348
2025-07-17,18.43843999456775
2025-07-18,17.160281059270158
2025-07-19,16.149764411237314
2025-07-20,15.861769482977493
2025-07-21,16.310029626196325
2025-07-22,15.75077178494908
2025-07-23,16.03089309238957
2025-07-24,16.355728604107632
2025-07-25,17.24547411606783
2025-07-26,16.49251976025191
2025-07-27,17.517357899918736
2025-07-28,20.89374439553489
2025-07-29,19.86580332148911
2025-07-30,20.160281636546536
2025-07-31,23.014160886171883
2025-08-01,21.938455797704066
2025-08-02,20.076833570676584
2025-08-03,20.816660280778997
2025-08-04,22.988959827200045
2025-08-05,20.742811831437315
2025-08-06,20.904415106468203
2025-08-07,19.408237549925655
2025-08-08,18.586557943289474
2025-08-09,16.872206389798862
2025-08-10,16.126958148082963
2025-08-11,16.39379781553499
2025-08-12,15.63422329616181
2025-08-13,15.308470065753774
2025-08-14,15.481149646028417
2025-08-15,14.047106512390439
2025-08-16,14.429453338985624
2025-08-17,16.692920844970452
2025-08-18,19.175381928857153
2025-08-19,17.46372469971237
2025-08-20,19.08194320183403
2025-08-21,18.170003612498512
2025-08-22,17.838788084311293
2025-08-23,18.450027100204085
2025-08-24,19.014990673981
2025-08-25,19.508760300576455
2025-08-26,19.931335979339778
2025-08-27,25.563982759235287
2025-08-28,20.562905493869835
2025-08-29,20.771899329694655
2025-08-30,20.909699218217426
2025-08-31,20.976305159250888
2025-09-01,25.503497225877425
2025-09-02,26.304019955916598
2025-09-03,24.68010308817786
2025-09-04,26.274742152622828
2025-09-05,19.729599990609522
2025-09-06,19.152165430852843
2025-09-07,18.465366363663836
2025-09-08,23.04924815592591
2025-09-09,17.711130529916574
2025-09-10,21.622729074686877
2025-09-11,22.05113079602144
2025-09-12,22.324256133125935
2025-09-13,18.680108068281083
2025-09-14,24.35802227182849
2025-09-15,27.063316265632423
2025-09-16,24.67986672624877
2025-09-17,20.372815378954474
2025-09-18,20.237320857030916
2025-09-19,19.878357798315232
2025-09-20,19.29592619931049
2025-09-21,18.490026060247665
2025-09-22,22.987639324997318
2025-09-23,24.08914788039436
2025-09-24,23.205300609213783
2025-09-25,19.467944354998558
2025-09-26,24.868444620746786
2025-09-27,22.477814810351553
2025-09-28,24.612977865877284
2025-09-29,26.17578328317215
2025-09-30,32.6790036189433
2025-10-01,27.584321199462934
2025-10-02,32.983588559884154
2025-10-03,26.7389001518876
2025-10-04,25.475388968490094
2025-10-05,23.65134400816447
2025-10-06,27.214244891121524
2025-10-07,20.710965392448593
2025-10-08,23.790705336844816
2025-10-09,25.355573512829395
2025-10-10,18.069675727064084
2025-10-11,17.661053372836403
2025-10-12,22.813007493019043
2025-10-13,22.616999980813617
2025-10-14,17.290069122465205
2025-10-15,17.264522043843957
2025-10-16,21.375586591399237
2025-10-17,21.30346165932558
2025-10-18,17.48222382763835
2025-10-19,17.652905428297395
2025-10-20,21.81886865242448
2025-10-21,17.93448842377232
2025-10-22,21.590348552189894
2025-10-23,18.13636448163382
2025-10-24,18.20741240797426
2025-10-25,18.258533598528537
2025-10-26,18.2897280556272
2025-10-27,18.374850160623666
2025-10-28,18.5138999105446
2025-10-29,22.64973957109999
2025-10-30,23.16019111056957
2025-10-31,19.254615044120904
2025-11-01,24.13617399662271
2025-11-02,25.260245805940517
2025-11-03,26.354536074387028
2025-11-04,20.53583047224231
2025-11-05,26.159367212607314
2025-11-06,24.756221357777616
2025-11-07,20.63615323363796
2025-11-08,20.486009192386305
2025-11-09,20.244072670638037
2025-11-10,23.789570258798626
2025-11-11,19.898521831801837
2025-11-12,19.794907514406503
2025-11-13,19.737400598620155
2025-11-14,19.72600108393224
2025-11-15,19.76070897129832
2025-11-16,24.489760964507404
2025-11-17,24.14238060124276
2025-11-18,19.885148689478783
2025-11-19,24.13446405135204
2025-11-20,19.771431587812607
2025-11-21,19.655569962773612
2025-11-22,19.500372955946375
2025-11-23,19.30584056645204
2025-11-24,22.988067252118686
2025-11-25,19.2881917333809
2025-11-26,23.579759532710405
2025-11-27,19.76576416282566
2025-11-28,20.190258350739356
2025-11-29,20.738557853718444
2025-11-30,21.41066267286157
2025-12-01,27.435264565598676
2025-12-02,27.55189102719445
2025-12-03,28.24757538092993
2025-12-04,21.684823833355594
2025-12-05,21.151202786935343
2025-12-06,20.37671720629422
2025-12-07,19.361367089918765
2025-12-08,18.625010343332015
2025-12-09,18.16764696476285
2025-12-10,17.989276955315024
2025-12-11,18.08990031451018
2025-12-12,18.46951704237589
2025-12-13,19.12812713794427
2025-12-14,20.0657306038394
2025-12-15,24.507688144050476
2025-12-16,21.023316501838266
2025-12-17,24.781180590006915
2025-12-18,20.757407688904564
2025-12-19,24.168793443184402
2025-12-20,19.268004167080235
2025-12-21,18.064491889014914
2025-12-22,22.378123356842934
2025-12-23,16.799180000244363
2025-12-24,16.737380388305684
2025-12-25,17.056151666101915
2025-12-26,17.75549383235723
2025-12-27,18.83540688695244
2025-12-28,20.295890831071112
2025-12-29,28.063952915509933
2025-12-30,27.98387357829076
2025-12-31,22.73245839535726
2026-01-01,27.526503007641363
2026-01-02,22.7409758989394
2026-01-03,22.266327605229122
2026-01-04,21.472407949702603
2026-01-05,20.80172860923302
2026-01-06,24.281555624646046
2026-01-07,24.219087393612128
2026-01-08,19.529132469287063
2026-01-09,24.198602853567706
2026-01-10,19.296936612285464
2026-01-11,19.365699154616973
2026-01-12,22.73558159205848
2026-01-13,19.350476501490878
2026-01-14,24.258371970138583
2026-01-15,19.13159019882413
2026-01-16,23.937653841385554
2026-01-17,18.709040245336222
2026-01-18,22.424542076464043
2026-01-19,23.497199214710424
2026-01-20,22.915741645502397
2026-01-21,21.91005301047904
2026-01-22,23.51866936599211
2026-01-23,19.30121277966274
2026-01-24,19.940790176705267
2026-01-25,20.73490528165327
2026-01-26,21.430571043505914
2026-01-27,26.77851447006257
2026-01-28,28.483049823569957
2026-01-29,22.926872273316967
2026-01-30,28.148275232183785
2026-01-31,23.432159715487927
2026-02-01,23.537129421593594
2026-02-02,28.953218816987548
2026-02-03,26.784736188719325
2026-02-04,27.35908682095504
2026-02-05,27.31217722244965
2026-02-06,21.52552106193643
2026-02-07,20.61590801071423
2026-02-08,19.537197833294968
2026-02-09,22.14568740172742
2026-02-10,21.351459250828803
2026-02-11,20.48243382401423
2026-02-12,20.858927383931164
2026-02-13,20.491422273888777
2026-02-14,16.051998052129782
2026-02-15,15.968974968792317
2026-02-16,20.482592160161058
2026-02-17,20.040581090790553
2026-02-18,20.51589452755927
2026-02-19,22.045473296395826
2026-02-20,18.0354874529126
2026-02-21,18.945115531103454
2026-02-22,20.020185468694006
2026-02-23,24.26133710434962
2026-02-24,25.147086591809067
2026-02-25,25.40591528642907
2026-02-26,26.474409961927865
2026-02-27,27.567098714378616
2026-02-28,20.684570294307502
2026-03-01,23.448266793251538
2026-03-02,23.104516195694615
2026-03-03,23.72795401017993
2026-03-04,19.535887838242285
2026-03-05,22.52866058665112
2026-03-06,19.470683476426593
2026-03-07,19.46585789787603
2026-03-08,20.663296275539675
2026-03-09,21.910334682608916
2026-03-10,25.269794496310183
2026-03-11,25.871481116721263
2026-03-12,26.821187519510957
2026-03-13,20.848516384593324
2026-03-14,20.313432151413455
2026-03-15,19.51121728688566
2026-03-16,22.986429852720704
2026-03-17,19.341896707191047
2026-03-18,18.461900475125347
2026-03-19,21.712945091304533
2026-03-20,17.640623848145225
2026-03-21,18.12183792134214
2026-03-22,20.363992238510153
2026-03-23,22.936110746233677
2026-03-24,23.346568858370755
2026-03-25,19.815408824251584
2026-03-26,20.63328565053284
2026-03-27,20.32988130434025
2026-03-28,21.900500398600176
2026-03-29,21.956845638967636
2026-03-30,25.27680650246399
2026-03-31,27.40855104927258
2026-04-01,23.683676054760017
2026-04-02,22.800122838467527
2026-04-03,20.543630563601607
2026-04-04,19.596301982683325
2026-04-05,18.6004890832919
2026-04-06,17.94366495941559
2026-04-07,22.487460870961783
2026-04-08,18.941593330015976
2026-04-09,17.939107108056255
2026-04-10,17.753656447263875
2026-04-11,17.20532527967679
2026-04-12,18.491887504212993
2026-04-13,19.644724444239266
2026-04-14,21.680790028114934
2026-04-15,22.07648833154841
2026-04-16,21.77193527175654
2026-04-17,20.389502598238195
2026-04-18,18.632589906433992
2026-04-19,19.484382049200022
2026-04-20,21.07772237858579
2026-04-21,23.411727919836615
2026-04-22,19.922262260184613
2026-04-23,19.748291017540772
2026-04-24,19.90237974006478
2026-04-25,20.365486680301487
2026-04-26,23.798401030651846
2026-04-27,25.002274490793308
2026-04-28,25.16244813663672
2026-04-29,28.19354882190386
2026-04-30,22.780058814209188
2026-05-01,21.881201266343183
2026-05-02,20.443695821878407
2026-05-03,19.290931327860953
2026-05-04,20.452418904749113
2026-05-05,17.75082227744442
2026-05-06,17.141340871818123
2026-05-07,16.631229998457762
2026-05-08,18.54765581690646
2026-05-09,16.39165670429515
2026-05-10,17.27729492873625
2026-05-11,21.407127182991516
2026-05-12,20.948205234808775
2026-05-13,20.96692367603394
2026-05-14,18.70554564024811
2026-05-15,19.31172366818123
2026-05-16,19.59120375774328
2026-05-17,22.23495111209107
2026-05-18,23.557350929185226
2026-05-19,21.7639876908032
2026-05-20,22.15545967959332
2026-05-21,25.59410681762584
2026-05-22,22.6004149051147
2026-05-23,20.19130211395497
2026-05-24,19.667450971478477
2026-05-25,19.17040062406453
2026-05-26,19.644160012106905
2026-05-27,22.894912363277534
2026-05-28,20.553766496543034
2026-05-29,22.448737643744675
2026-05-30,18.69364924127131
2026-05-31,20.075171134992722
2026-06-01,24.04171349746521
2026-06-02,21.06711515718893
2026-06-03,19.921232080229544
2026-06-04,19.38483280960856
2026-06-05,19.92261895936037
2026-06-06,19.66601956913678
2026-06-07,20.512011428819847
2026-06-08,21.093637283012782
2026-06-09,24.72106392987368
2026-06-10,23.342219589734245
2026-06-11,24.02321869263116
2026-06-12,19.97445980374667
2026-06-13,19.413567426782244
2026-06-14,19.782241557616143
2026-06-15,22.627729436469792
2026-06-16,19.737058471118026
2026-06-17,18.23714633288771
2026-06-18,18.15458044615847
2026-06-19,17.872315938269285
2026-06-20,17.214968331844496
2026-06-21,17.418121266110198
2026-06-22,18.019870510317006
2026-06-23,18.420839616861375
2026-06-24,22.382587146352908
2026-06-25,18.20565313053264
2026-06-26,19.160065525061224
2026-06-27,18.266399085703192
2026-06-28,18.399643843753058
2026-06-29,22.05004959815484
2026-06-30,22.164771170830825
2026-07-01,22.904558469384195
2026-07-02,20.371914212207876
2026-07-03,19.425290331482337
2026-07-04,19.70079029642956
2026-07-05,21.19191595240744
2026-07-06,22.923389190042748
2026-07-07,23.79095731526661
2026-07-08,20.299047553776845
2026-07-09,20.32342059551039
2026-07-10,20.242006305351836
2026-07-11,19.96036486334217
2026-07-12,19.292215903891517
2026-07-13,23.019770753720337
2026-07-14,22.15353574705985
2026-07-15,21.103611051150242
2026-07-16,22.391539838959005
2026-07-17,19.30367137581935
2026-07-18,18.548692563603836
2026-07-19,18.376830709886306
2026-07-20,18.9985525554918
2026-07-21,19.78152283592016
2026-07-22,19.259997165227816
2026-07-23,19.06767599639827
2026-07-24,18.75311158559867
2026-07-25,18.31194356836434
2026-07-26,18.400854545616177
2026-07-27,18.844726508832423
2026-07-28,21.544728508355774
2026-07-29,19.03361486537043
2026-07-30,19.467319465819664
2026-07-31,21.961402688134644
2026-08-01,18.676115186947207
2026-08-02,18.76335221990695
2026-08-03,22.63656578590642
2026-08-04,22.580816773614234
2026-08-05,20.591949962174574
2026-08-06,18.68998993768789
2026-08-07,18.232799489655623
2026-08-08,17.96556998627664
2026-08-09,17.536157334015822
2026-08-10,18.640005212379204
2026-08-11,19.137059717955314
2026-08-12,17.59762550331505
2026-08-13,17.018089959959312
2026-08-14,17.330650896536024
2026-08-15,17.785735005398017
2026-08-16,17.06991850927244
2026-08-17,17.432884836975465
2026-08-18,18.000944751850287
2026-08-19,18.03331860455131
2026-08-20,18.159523238541894
2026-08-21,17.448180191266623
2026-08-22,17.386236458732395
2026-08-23,17.413726264849682
2026-08-24,21.62225901768433
2026-08-25,21.679338559719913
2026-08-26,18.80099938455733
2026-08-27,19.988375331257686
2026-08-28,20.91073507877336
2026-08-29,20.875209798285994
2026-08-30,23.012101963403044
2026-08-31,27.851268007232772
2026-09-01,26.918006485360472
2026-09-02,27.53464428472988
2026-09-03,24.354826638211797
2026-09-04,23.304928811312813
2026-09-05,21.461678697864414
2026-09-06,22.511626401605
2026-09-07,22.983812876184345
2026-09-08,19.585662392643286
2026-09-09,19.05653302368627
2026-09-10,19.025923232354636
2026-09-11,19.17720215872833
2026-09-12,18.707413634302778
2026-09-13,19.907959609380868
2026-09-14,20.886430580394894
2026-09-15,21.103496163479207
2026-09-16,21.148947529486612
2026-09-17,20.342327386344895
2026-09-18,20.322586951258362
2026-09-19,17.65990358855041
2026-09-20,18.451284414089564
2026-09-21,18.169613652464097
2026-09-22,18.886484441296425
2026-09-23,19.046289496182933
2026-09-24,20.072339343727055
2026-09-25,20.140032202762256
2026-09-26,20.466283795737912
2026-09-27,22.57435942624598
2026-09-28,25.511823994549964
2026-09-29,26.19053269502104
2026-09-30,27.943103768811756
2026-10-01,27.4988359578056
2026-10-02,25.478955695018023
2026-10-03,23.240335941221915
2026-10-04,22.687832196598208
2026-10-05,23.037500018209702
2026-10-06,21.93008151814403
2026-10-07,21.610372722451423
2026-10-08,21.16681281529345
2026-10-09,20.3244866276952
2026-10-10,18.79400978106861
