time,value
2006-01-01,92.82922588502
2006-01-02,90.24970553923806
2006-01-03,85.09052430442306
2006-01-04,77.35168217932979
2006-01-05,67.03317916894176
2006-01-06,54.13501526860231
2006-01-07,38.65719047395768
2006-01-08,20.599704788851316
2006-01-09,7.496876481899832
2006-01-10,-0.6512944496860626
2006-01-11,-3.8448080004291825
2006-01-12,-2.0836641748361195
2006-01-13,4.632137027910726
2006-01-14,16.302595610002786
2006-01-15,32.92771156995889
2006-01-16,46.53028210855176
2006-01-17,57.11030723196913
2006-01-18,64.66778693670106
2006-01-19,69.20272122101993
2006-01-20,70.7151100861064
2006-01-21,69.20495353771818
2006-01-22,64.67225157177107
2006-01-23,60.53648199960894
2006-01-24,56.79764481963058
2006-01-25,53.455740031907794
2006-01-26,50.510767639329174
2006-01-27,47.96272764113458
2006-01-28,45.81162003258495
2006-01-29,44.05744481753376
2006-01-30,42.89336301026728
2006-01-31,42.319374609309655
2006-02-01,42.335479613494925
2006-02-02,42.92052207869987
2006-02-03,44.07450199867343
2006-02-04,45.79741937536396
2006-02-05,48.089274208095986
2006-02-06,49.951917992309035
2006-02-07,51.38535073647587
2006-02-08,52.38957243618018
2006-02-09,52.96458309118333
2006-02-10,53.110382699553455
2006-02-11,52.8269712651086
2006-02-12,52.11434878621742
2006-02-13,51.44873271137891
2006-02-14,50.830123039897
2006-02-15,50.258519774037524
2006-02-16,49.73392291262142
2006-02-17,49.256332453210305
2006-02-18,48.825748399450404
2006-02-19,48.442170749438716
2006-02-20,47.8289478490183
2006-02-21,46.98607969687792
2006-02-22,45.91356629539544
2006-02-23,44.6114076406028
2006-02-24,43.079603731812576
2006-02-25,41.31815457397507
2006-02-26,39.32706016471534
2006-02-27,37.88622393322197
2006-02-28,36.99564588851256
2006-03-01,36.65532602498351
2006-03-02,36.9439388638964
2006-03-03,37.861484410531276
2006-03-04,39.4079626593502
2006-03-05,41.583373612127666
2006-03-06,43.17125931077474
2006-03-07,44.17161975690387
2006-03-08,44.58445494772292
2006-03-09,44.409764885679095
2006-03-10,43.647549571814174
2006-03-11,42.297809002229386
2006-03-12,40.360543174297554
2006-03-13,38.97055204820936
2006-03-14,38.127835621492494
2006-03-15,37.83239388842817
2006-03-16,38.084226854870245
2006-03-17,38.88333452010199
2006-03-18,40.22971687905628
2006-03-19,42.12337393940869
2006-03-20,44.54769795874355
2006-03-21,47.50268893058029
2006-03-22,50.98834686145347
2006-03-23,55.00467175355152
2006-03-24,59.55166359995086
2006-03-25,64.62932240906659
2006-03-26,70.2376481726961
2006-03-27,73.35649021555261
2006-03-28,73.98584853725784
2006-03-29,72.12572313886298
2006-03-30,67.77611400979569
2006-03-31,60.93702116195455
2006-04-01,51.608444590795756
2006-04-02,39.66301612340624
2006-04-03,29.530168821236497
2006-04-04,21.20990268300943
2006-04-05,14.702217710596473
2006-04-06,10.007113907386813
2006-04-07,7.124591264803714
2006-04-08,6.054649785538249
2006-04-09,6.797289471115251
2006-04-10,9.387312481258341
2006-04-11,13.824718821973976
2006-04-12,20.10950849157374
2006-04-13,28.24168148734362
2006-04-14,38.221237813369264
2006-04-15,50.048177469858
2006-04-16,63.72250045975238
2006-04-17,74.67121478777145
2006-04-18,82.89432045606658
2006-04-19,88.39181746449944
2006-04-20,91.16370581478937
2006-04-21,91.20998550631764
2006-04-22,88.53065654163196
2006-04-23,83.12571891345975
2006-04-24,77.04377312111826
2006-04-25,70.28481915577419
2006-04-26,62.84885702144557
2006-04-27,54.73588671615152
2006-04-28,45.945908238792356
2006-04-29,36.47892158662597
2006-04-30,26.334926763069852
2006-05-01,19.222003768906102
2006-05-02,15.27201057813817
2006-05-03,14.484947187355033
2006-05-04,16.860813598641474
2006-05-05,22.399609808634914
2006-05-06,31.101335822087222
2006-05-07,42.96599164014352
2006-05-08,53.406687940745435
2006-05-09,62.4234247252697
2006-05-10,70.01620199534474
2006-05-11,76.18501975310966
2006-05-12,80.92987799828708
2006-05-13,84.2507767307028
2006-05-14,86.14771595205718
2006-05-15,85.972807207192
2006-05-16,83.72605049680182
2006-05-17,79.40744582546843
2006-05-18,73.01699318888353
2006-05-19,64.5546925787319
2006-05-20,54.020544009361096
2006-05-21,41.41454746957828
2006-05-22,31.23774486547306
2006-05-23,23.49013619455262
2006-05-24,18.171721458104052
2006-05-25,15.28250065138246
2006-05-26,14.82247377626052
2006-05-27,16.791640834598972
2006-05-28,21.19000182569474
2006-05-29,25.03991181673229
2006-05-30,28.341370808534965
2006-05-31,31.09437880079141
2006-06-01,33.29893579895562
2006-06-02,34.79974396276751
2006-06-03,35.596803299212816
2006-06-04,35.69011379811195
2006-06-05,35.850517907154746
2006-06-06,36.0780156215853
2006-06-07,36.3726069436214
2006-06-08,36.734291868032365
2006-06-09,37.16307040073666
2006-06-10,37.65894253763964
2006-06-11,38.221908282156846
2006-06-12,38.649887512128565
2006-06-13,38.942880230015064
2006-06-14,39.10088643241986
2006-06-15,39.12390612611126
2006-06-16,39.01193930293821
2006-06-17,38.76498596772988
2006-06-18,38.38304612124218
2006-06-19,37.9288578159843
2006-06-20,37.40242104493797
2006-06-21,36.803735819160494
2006-06-22,36.13280212878172
2006-06-23,35.389619979453975
2006-06-24,34.57418936933945
2006-06-25,33.686510296834534
2006-06-26,32.66986841899465
2006-06-27,31.52426373321708
2006-06-28,30.249696236240904
2006-06-29,28.846165932101346
2006-06-30,27.31367282013993
2006-07-01,25.65221689969318
2006-07-02,24.009600026037546
2006-07-03,22.55703082823934
2006-07-04,21.294509308563196
2006-07-05,20.22203546359891
2006-07-06,19.339609293633373
2006-07-07,18.647230802363588
2006-07-08,18.144899985346843
2006-07-09,17.832616842220705
2006-07-10,17.060860129324038
2006-07-11,15.829629844935422
2006-07-12,14.138925992874999
2006-07-13,11.98874856912736
2006-07-14,9.3790975720351355
2006-07-15,6.309973002076159
2006-07-16,2.781374865206402
2006-07-17,1.3013696647703021
2006-07-18,1.8699574039390185
2006-07-19,4.487138081808009
2006-07-20,9.152911700934027
2006-07-21,15.867278256091986
2006-07-22,24.630237756421472
2006-07-23,35.44179019361655
2006-07-24,44.92698664591093
2006-07-25,53.085827109920274
2006-07-26,59.91831159055532
2006-07-27,65.42444008189467
2006-07-28,69.60421259335699
2006-07-29,72.45762911812061
2006-07-30,73.98468965894499
2006-07-31,73.18624924969917
2006-08-01,70.06230789244842
2006-08-02,64.54858572840037
2006-08-03,56.64508275014816
2006-08-04,46.351798966983296
2006-08-05,33.66873437236312
2006-08-06,18.59588896578332
2006-08-07,7.9400878395898005
2006-08-08,1.7013309934916485
2006-08-09,-0.12038157361367041
2006-08-10,2.4749501424406724
2006-08-11,9.487326139421135
2006-08-12,20.91674641309041
2006-08-13,36.76321097204341
2006-08-14,49.45251675044541
2006-08-15,58.9846637513169
2006-08-16,65.35965197328807
2006-08-17,115.52232250751324
2006-08-18,68.63815209094639
2006-08-19,65.54166398682003
2006-08-20,59.288017100916235
2006-08-21,54.53191230635875
2006-08-22,51.27334958995618
2006-08-23,49.51232896330198
2006-08-24,49.248850414801296
2006-08-25,50.48291395181871
2006-08-26,53.214519572622926
2006-08-27,57.44366727630714
2006-08-28,62.13135645883503
2006-08-29,67.27758712076577
2006-08-30,72.8823592605356
2006-08-31,78.94567289159019
2006-09-01,85.46752799411541
2006-09-02,92.45519205487838
2006-09-03,99.90866506532754
2006-09-04,102.89558262534766
2006-09-05,101.4159447342319
2006-09-06,95.46975139364272
2006-09-07,85.05700259885741
2006-09-08,70.1776983490184
2006-09-09,50.83183864754743
2006-09-10,27.019423483979505
2006-09-11,10.011369946542636
2006-09-12,-0.1923219752030576
2006-09-13,-3.5916522831229756
2006-09-14,-0.1866209701253112
2006-09-15,10.022771959058304
2006-09-16,27.036526505985922
2006-09-17,50.85464267229992
2006-09-18,67.84562317104738
2006-09-19,78.00946800440404
2006-09-20,81.34617718056492
2006-09-21,77.85575068555917
2006-09-22,67.53818852931616
2006-09-23,50.39349071070983
2006-09-24,26.42165722040579
2006-09-25,8.293484068823588
2006-09-26,-3.9910287501423767
2006-09-27,-10.431881237942207
2006-09-28,-11.02907339460841
2006-09-29,51.70087365564212
2006-09-30,5.307523287658299
2006-10-01,22.24131212582823
2006-10-02,35.90639286783214
2006-10-03,46.30276551680478
2006-10-04,53.430430074075474
2006-10-05,57.28938654160805
2006-10-06,57.879634912280785
2006-10-07,55.20117519269188
2006-10-08,49.254007382555656
2006-10-09,44.559277352483576
2006-10-10,41.11698509728226
2006-10-11,38.927130619351935
2006-10-12,37.989713917512724
2006-10-13,38.304734993745186
2006-10-14,39.87219384797327
2006-10-15,42.692090477024884
2006-10-16,44.81387799424269
2006-10-17,46.23755640099384
2006-10-18,46.96312569309414
2006-10-19,46.99058587690009
2006-10-20,46.319936946111966
2006-10-21,44.95117890734963
2006-10-22,42.88431174964418
2006-10-23,42.035136289520665
2006-10-24,42.40365251955977
2006-10-25,43.989860441688506
2006-10-26,46.79376005088691
2006-10-27,50.81535135585092
2006-10-28,56.054634349932215
2006-10-29,62.511609041669615
2006-10-30,67.10746407908509
2006-10-31,69.8421994590917
2006-11-01,70.71581518867197
2006-11-02,69.67426517039668
2006-11-03,66.71754940141032
2006-11-04,61.845667881121955
2006-11-05,55.05862060825234
2006-11-06,49.78500417104547
2006-11-07,46.024818560988734
2006-11-08,43.77806377850671
2006-11-09,43.04473982705135
2006-11-10,43.824846701493314
2006-11-11,46.118384406203404
2006-11-12,49.925352940035516
2006-11-13,51.53730217637141
2006-11-14,50.95423211232671
2006-11-15,48.17614275100792
2006-11-16,43.203034087115014
2006-11-17,36.03490612614135
2006-11-18,26.67175886371818
2006-11-19,15.113592300496254
2006-11-20,6.677996847031007
2006-11-21,1.3649725034980023
2006-11-22,-0.8254807356075169
2006-11-23,0.10663714074791741
2006-11-24,4.161326121396016
2006-11-25,11.338586212560585
2006-11-26,21.638417412159484
2006-11-27,31.085877035843176
2006-11-28,39.6809650797461
2006-11-29,47.42368154904139
2006-11-30,54.31402643906254
2006-12-01,60.351999753220255
2006-12-02,65.65669314168296
2006-12-03,70.22810660659192
2006-12-04,72.50267992539638
2006-12-05,72.48041310976666
2006-12-06,70.16130615091421
2006-12-07,65.54535905371387
2006-12-08,58.63257181321034
2006-12-09,49.422944431343744
2006-12-10,37.91647691053779
2006-12-11,29.13595604739387
2006-12-12,23.081381837628022
2006-12-13,19.75275428231612
2006-12-14,19.15007338616534
2006-12-15,21.273339140988973
2006-12-16,26.122551552298837
2006-12-17,33.69771061825664
2006-12-18,40.01451106657086
2006-12-19,45.07295290139803
2006-12-20,48.87303612647348
2006-12-21,51.414760731313145
2006-12-22,52.69812671944373
2006-12-23,52.72313410217146
2006-12-24,51.48978286584648
2006-12-25,50.06659315109179
2006-12-26,48.45356495836251
2006-12-27,46.650698281185484
2006-12-28,44.657993126464675
2006-12-29,42.47544949142986
2006-12-30,40.10306737638735
2006-12-31,37.54084678043662
2007-01-01,35.62970826022609
2007-01-02,34.253384063144416
2007-01-03,33.41187419342756
2007-01-04,33.10517864571862
2007-01-05,33.333297424396186
2007-01-06,34.09623052884564
2007-01-07,35.39397795557193
2007-01-08,36.48200480699455
2007-01-09,37.36031108139504
2007-01-10,38.02889677518054
2007-01-11,38.48776189458569
2007-01-12,38.736906434979545
2007-01-13,38.77633040004633
2007-01-14,38.606033785617996
2007-01-15,38.732310466372894
2007-01-16,39.15516044204494
2007-01-17,39.874583709483744
2007-01-18,40.890580276786466
2007-01-19,42.20315013517505
2007-01-20,43.81229328878388
2007-01-21,45.71800973959035
2007-01-22,47.265968986250584
2007-01-23,48.456171033675446
2007-01-24,49.28861587809695
2007-01-25,49.76330352038602
2007-01-26,49.880233961075064
2007-01-27,49.63940720283356
2007-01-28,49.040823242090696
2007-01-29,48.78317505768884
2007-01-30,48.86646264708956
2007-01-31,49.290686014132504
2007-02-01,50.055845157442725
2007-02-02,51.210895815994235
2007-02-03,52.755837994923425
2007-02-04,54.69067168752369
2007-02-05,55.70708129387722
2007-02-06,55.805066817030365
2007-02-07,54.9846282533801
2007-02-08,53.24576559805967
2007-02-09,50.58847885547311
2007-02-10,47.012768030247855
2007-02-11,42.518633119121915
2007-02-12,39.160728521893034
2007-02-13,36.93905424558142
2007-02-14,35.853610289853194
2007-02-15,35.90439665565258
2007-02-16,37.091413341645556
2007-02-17,39.41466034865307
2007-02-18,42.87413766971177
2007-02-19,45.819486057772274
2007-02-20,48.25070550219469
2007-02-21,50.16779600969308
2007-02-22,51.5707575800774
2007-02-23,52.459590207840726
2007-02-24,52.83429389810284
2007-02-25,52.69486864989447
2007-02-26,52.082147058753975
2007-02-27,50.996129121001346
2007-02-28,49.43681483642633
2007-03-01,47.40420420819984
2007-03-02,44.89150655475282
2007-03-03,41.89872187998182
2007-03-04,38.42585018060943
2007-03-05,35.610017859684405
2007-03-06,33.451224916031606
2007-03-07,31.949471353728505
2007-03-08,31.104757172775415
2007-03-09,30.917082365309923
2007-03-10,31.38644693919852
2007-03-11,32.512850887921665
2007-03-12,33.47253053431642
2007-03-13,34.26548587193567
2007-03-14,34.89171690421527
2007-03-15,35.35122363013728
2007-03-16,35.64400605357149
2007-03-17,35.770064167621335
2007-03-18,35.72939797479005
2007-03-19,35.59918301461076
2007-03-20,35.379419274464965
2007-03-21,35.07010675567135
2007-03-22,34.67124546184441
2007-03-23,34.182835395308935
2007-03-24,33.604876551395364
2007-03-25,32.93736892902186
2007-03-26,33.03052556385613
2007-03-27,33.88434645567114
2007-03-28,35.49883160967552
2007-03-29,37.873981018455005
2007-03-30,41.00979468535465
2007-03-31,44.90627260688191
2007-04-01,49.56341479399482
2007-04-02,53.011795726221095
2007-04-03,55.25141540533366
2007-04-04,56.28227383667165
2007-04-05,56.104371018661254
2007-04-06,54.71770694893769
2007-04-07,52.122281627653265
2007-04-08,48.31809505898184
2007-04-09,44.85617984826172
2007-04-10,41.73653599270837
2007-04-11,38.95916349475652
2007-04-12,36.52406235253568
2007-04-13,34.43123257105889
2007-04-14,32.680674144309194
2007-04-15,31.272387073091423
2007-04-16,30.495851841253135
2007-04-17,30.351068444797384
2007-04-18,30.838036888981087
2007-04-19,31.956757168442536
2007-04-20,33.707229286927515
2007-04-21,36.08945324303559
2007-04-22,39.103429037096554
2007-04-23,41.72800913099396
2007-04-24,43.96319351505977
2007-04-25,45.808982201714244
2007-04-26,47.265375184130484
2007-04-27,48.332372466011975
2007-04-28,49.009974044371205
2007-04-29,49.2981799202295
2007-04-30,48.982162293032765
2007-05-01,48.06192116765165
2007-05-02,46.524309004905064
2007-05-03,44.36932580769454
2007-05-04,41.59697157341138
2007-05-05,38.20724630398451
2007-05-06,34.200149997673734
2007-05-07,30.90833085532334
2007-05-08,28.33178886587854
2007-05-09,26.470524041050062
2007-05-10,25.324536372329966
2007-05-11,24.893825865289028
2007-05-12,25.178392517848966
2007-05-13,26.178236326758853
2007-05-14,27.093390623276004
2007-05-15,27.923855413584864
2007-05-16,28.669630690454206
2007-05-17,29.330716455624184
2007-05-18,29.907112711974293
2007-05-19,30.398819455582448
2007-05-20,30.805836688076525
2007-05-21,71.02420988355935
2007-05-22,32.06313776060438
2007-05-23,32.913421598129155
2007-05-24,33.91146096987535
2007-05-25,92.54073475107936
2007-05-26,36.350806315102396
2007-05-27,37.792112288615144
2007-05-28,38.90983791293487
2007-05-29,39.70398318303874
2007-05-30,40.17454810278582
2007-05-31,40.32153266824321
2007-06-01,40.144936884360916
2007-06-02,39.67684646341373
2007-06-03,38.917261411684905
2007-06-04,38.166471898687625
2007-06-05,37.424477935025116
2007-06-06,36.69127951993719
2007-06-07,35.96687664624966
2007-06-08,35.25126931809997
2007-06-09,34.544457535494566
2007-06-10,33.84644129533675
2007-06-11,32.86036793025933
2007-06-12,31.58623743797962
2007-06-13,30.024049816911315
2007-06-14,28.173805071503118
2007-06-15,26.035503192868255
2007-06-16,23.60914418882861
2007-06-17,20.894728056509514
2007-06-18,20.141922009762695
2007-06-19,21.350726054551416
2007-06-20,24.521140186449685
2007-06-21,71.28078369155801
2007-06-22,36.746798715920576
2007-06-23,45.80204311720038
2007-06-24,56.81889760527809
2007-06-25,64.76838067433572
2007-06-26,69.65049231633981
2007-06-27,71.4652325346172
2007-06-28,70.21260133252898
2007-06-29,65.8925987064443
2007-06-30,58.50522465607594
2007-07-01,48.0504791829714
2007-07-02,40.28564576930985
2007-07-03,35.2107244172334
2007-07-04,32.825715126820626
2007-07-05,33.130617890418755
2007-07-06,36.12543271601872
2007-07-07,41.810159602824
2007-07-08,50.184798549062656
2007-07-09,56.404361924972044
2007-07-10,60.46884972836086
2007-07-11,62.37826195720227
2007-07-12,62.1325986237225
2007-07-13,59.73185971847431
2007-07-14,55.176045241299974
2007-07-15,48.46515519490656
2007-07-16,42.975134657032726
2007-07-17,38.705983626202894
2007-07-18,35.65770210845204
2007-07-19,33.83029010149018
2007-07-20,33.22374760042126
2007-07-21,33.83807460811531
2007-07-22,35.673271126600966
2007-07-23,38.1535787799374
2007-07-24,41.278997576048255
2007-07-25,45.049527506288356
2007-07-26,49.465168578006825
2007-07-27,54.525920788962374
2007-07-28,60.23178413911191
2007-07-29,66.58275862906548
2007-07-30,70.62404479915685
2007-07-31,72.35564264280848
2007-08-01,71.77755216895578
2007-08-02,68.91258932844424
2007-08-03,63.76075412485067
2007-08-04,56.32204656007945
2007-08-05,46.59646662997429
2007-08-06,38.95822583528441
2007-08-07,33.40732417573281
2007-08-08,29.943761646997256
2007-08-09,28.567538259442106
2007-08-10,29.278654005701462
2007-08-11,32.07710888434518
2007-08-12,36.962902897032215
2007-08-13,40.915157438673866
2007-08-14,43.93387250192511
2007-08-15,46.019048095526784
2007-08-16,47.17068421569208
2007-08-17,47.38878085679572
2007-08-18,46.673338027659796
2007-08-19,45.02435572401011
2007-08-20,43.17304729033739
2007-08-21,41.119412725778346
2007-08-22,38.86345203087906
2007-08-23,36.4051652052263
2007-08-24,33.74455224808015
2007-08-25,30.881613159334456
2007-08-26,27.81634793959823
2007-08-27,25.702708188620434
2007-08-28,24.540693907966613
2007-08-29,24.330305093089372
2007-08-30,25.071541747495033
2007-08-31,26.76440387227821
2007-09-01,29.40889146510107
2007-09-02,33.02925049683444
2007-09-03,35.46726857218991
2007-09-04,36.72294569172376
2007-09-05,36.79628186274872
2007-09-06,35.687277076541875
2007-09-07,33.39593133709593
2007-09-08,29.922244642973403
2007-09-09,25.26621699160564
2007-09-10,21.88961394393622
2007-09-11,19.792435499675378
2007-09-12,18.97468165027827
2007-09-13,19.43635240631682
2007-09-14,21.177447762606995
2007-09-15,24.197967719021435
2007-09-16,28.497912278051643
2007-09-17,32.17214949042848
2007-09-18,35.220679362087616
2007-09-19,37.643501893297866
2007-09-20,39.44061707862766
2007-09-21,40.61202492494627
2007-09-22,41.157725430216296
2007-09-23,41.0777185916754
2007-09-24,40.59693197226896
2007-09-25,39.715365562143305
2007-09-26,38.43301936581582
2007-09-27,36.74989338837241
2007-09-28,34.66598762108106
2007-09-29,32.18130206949539
2007-09-30,29.295836728105684
2007-10-01,28.02129260716628
2007-10-02,28.318495138565346
2007-10-03,30.187444327977403
2007-10-04,33.62814016688753
2007-10-05,38.64058266206272
2007-10-06,45.2247718077697
2007-10-07,53.38070761372482
2007-10-08,58.96633457553931
2007-10-09,99.83231263431239
2007-10-10,62.4266619779884
2007-10-11,60.30136241587361
2007-10-12,55.60575401637519
2007-10-13,48.33983677697985
2007-10-14,38.50361069215133
2007-10-15,30.78632483452414
2007-10-16,25.187979202383147
2007-10-17,21.70857379794784
2007-10-18,20.348108618505762
2007-10-19,21.10658366629974
2007-10-20,23.98399893479658
2007-10-21,28.98035443004831
2007-10-22,33.3483725557982
2007-10-23,37.08805330435632
2007-10-24,40.19939668222723
2007-10-25,42.68240268890246
2007-10-26,44.53707132003562
2007-10-27,45.76340258427682
2007-10-28,46.361396472172274
2007-10-29,46.869193254819706
2007-10-30,47.28679292882956
2007-10-31,47.614195496266305
2007-11-01,47.851400949667294
2007-11-02,48.03735050807749
2007-11-03,48.17204416511716
2007-11-04,48.25548191973291
2007-11-05,48.470314369530826
2007-11-06,48.81654151959228
2007-11-07,49.294163365773116
2007-11-08,49.90317991014853
2007-11-09,50.643591150551
2007-11-10,51.51539709017517
2007-11-11,52.51859772723239
2007-11-12,52.821350289399646
2007-11-13,52.42365478127339
2007-11-14,51.325511204027706
2007-11-15,49.52691954796565
2007-11-16,47.02787982208993
2007-11-17,43.828392023766185
2007-11-18,39.928456150849954
2007-11-19,36.73784818230777
2007-11-20,34.256568111796184
2007-11-21,32.484615941323725
2007-11-22,31.42199167413695
2007-11-23,31.068695303889438
2007-11-24,31.42472683655758
2007-11-25,32.49008626679439
2007-11-26,33.3748353861898
2007-11-27,34.0789741961037
2007-11-28,34.60250269365077
2007-11-29,34.945420877506265
2007-11-30,82.62740462275033
2007-12-01,35.08942631223682
2007-12-02,34.83452039902892
2007-12-03,34.89741336999663
2007-12-04,35.278105222661665
2007-12-05,35.97659595171629
2007-12-06,36.992885568071955
2007-12-07,38.32697406134077
2007-12-08,39.97886143765422
2007-12-09,41.94854769388368
2007-12-10,43.9712141260193
2007-12-11,46.04686072917508
2007-12-12,48.175487506953495
2007-12-13,50.35709446295381
2007-12-14,52.59168159098476
2007-12-15,54.87924889601176
2007-12-16,57.21979637163426
2007-12-17,57.55188037893788
2007-12-18,55.875500914980485
2007-12-19,52.19065798119516
2007-12-20,46.49735156657529
2007-12-21,38.795581691582186
2007-12-22,29.08534833556928
2007-12-23,17.36665150846521
2007-12-24,9.074713657369234
2007-12-25,4.209534780346157
2007-12-26,2.7711148824106324
2007-12-27,4.75945395913806
2007-12-28,10.174552013650288
2007-12-29,19.016409043477488
2007-12-30,31.285025049909017
2007-12-31,41.90761393284728
2008-01-01,50.88417569208393
2008-01-02,58.27586159326847
2008-01-03,64.08267163181934
2008-01-04,68.30460581116924
2008-01-05,70.94166413270919
2008-01-06,71.99384659285622
2008-01-07,72.12484175518506
2008-01-08,71.33464961650628
2008-01-09,69.62327017854331
2008-01-10,66.99070344605548
2008-01-11,63.4369494097819
2008-01-12,58.962008074693216
2008-01-13,53.56587943968161
2008-01-14,48.54923905343051
2008-01-15,43.91208691351726
2008-01-16,39.65442302040069
2008-01-17,35.7762473748199
2008-01-18,32.27755997536503
2008-01-19,29.158360823656636
2008-01-20,26.41864991461408
2008-01-21,24.58062186437582
2008-01-22,23.64427667093772
2008-01-23,23.609614334818517
2008-01-24,24.47663485132653
2008-01-25,26.24533822618001
2008-01-26,28.9157244539201
2008-01-27,32.48779354452677
2008-01-28,35.46857936794608
2008-01-29,95.3415608047618
2008-01-30,39.656301222049734
2008-01-31,40.86323725348106
2008-02-01,41.47889002023347
2008-02-02,41.468065723645566
2008-02-03,40.83076436574757
2008-02-04,40.23745242220941
2008-02-05,39.68812990099962
2008-02-06,39.18279680286737
2008-02-07,38.721453128048196
2008-02-08,38.304098871852986
2008-02-09,37.930734033863054
2008-02-10,37.6013586190928
2008-02-11,37.79097015394309
2008-02-12,38.49956863220624
2008-02-13,39.727154057190546
2008-02-14,41.47372642551757
2008-02-15,43.73928574496669
2008-02-16,46.523832008686206
2008-02-17,49.82736522133264
2008-02-18,52.04654479709697
2008-02-19,53.181370736882016
2008-02-20,53.23184304183259
2008-02-21,52.19796171132148
2008-02-22,50.079726744668534
2008-02-23,46.87713814267494
2008-02-24,42.59019590380001
2008-02-25,39.44326106122767
2008-02-26,37.43633361216065
2008-02-27,36.56941355647926
2008-02-28,75.83546073067595
2008-02-29,38.255595621950775
2008-03-01,40.8086977453802
2008-03-02,44.5056578004954
2008-03-03,47.311219778273475
2008-03-04,49.22538368365939
2008-03-05,50.2481495188587
2008-03-06,50.37951728110287
2008-03-07,49.619486969967355
2008-03-08,47.96805858729128
2008-03-09,45.42523213016411
2008-03-10,43.19984893117187
2008-03-11,41.29190898683859
2008-03-12,39.70141229314129
2008-03-13,38.42835885478611
2008-03-14,37.47274867094255
2008-03-15,36.834581741203564
2008-03-16,36.51385806267153
2008-03-17,36.094590877894554
2008-03-18,35.57678018706452
2008-03-19,34.960425987558956
2008-03-20,34.24552828085249
2008-03-21,33.432087063381076
2008-03-22,32.52010234301213
2008-03-23,31.50957411479006
2008-03-24,30.677740836644663
2008-03-25,30.024602512226842
2008-03-26,29.550159136101477
2008-03-27,29.254410711596385
2008-03-28,29.137357238955744
2008-03-29,29.19899871731125
2008-03-30,29.439335143707687
2008-03-31,30.39500547973894
2008-04-01,32.06600972438227
2008-04-02,34.46573917951145
2008-04-03,37.59419384739264
2008-04-04,41.45137373125322
2008-04-05,46.03727882777096
2008-04-06,51.351909140876636
2008-04-07,55.01932331465063
2008-04-08,57.03952134659201
2008-04-09,57.41250324366454
2008-04-10,56.138269000151524
2008-04-11,53.216818621252564
2008-04-12,48.648152099483724
2008-04-13,42.43226944202178
2008-04-14,37.741851182795486
2008-04-15,34.576897325751005
2008-04-16,32.937407869975665
2008-04-17,32.8233828105008
2008-04-18,34.234822155647606
2008-04-19,37.17172589801523
2008-04-20,41.634094043176404
2008-04-21,44.95585695369493
2008-04-22,47.1370146296764
2008-04-23,48.177567078326604
2008-04-24,48.07751429582828
2008-04-25,46.83685627776697
2008-04-26,44.45559302859441
2008-04-27,40.93372454791995
2008-04-28,38.68468803788366
2008-04-29,37.70848349545648
2008-04-30,38.00511092356537
2008-05-01,39.57457031800447
2008-05-02,42.38751690515813
2008-05-03,46.443950680471836
2008-05-04,51.74387164627173
2008-05-05,54.69492615650013
2008-05-06,55.29711420873988
2008-05-07,53.550435808090114
2008-05-08,49.45489094920592
2008-05-09,43.01047963618615
2008-05-10,34.21720186524203
2008-05-11,23.075057635055533
2008-05-12,14.51843632234517
2008-05-13,8.547337922886427
2008-05-14,5.1617624390147405
2008-05-15,4.3617098653531166
2008-05-16,6.14718020714546
2008-05-17,10.518173458270478
2008-05-18,17.474689631285685
2008-05-19,23.91257434240676
2008-05-20,29.8318276027137
2008-05-21,35.232449407382454
2008-05-22,40.11443975859928
2008-05-23,44.477798656209885
2008-05-24,48.3225261031493
2008-05-25,51.6486220964304
2008-05-26,54.15652725480099
2008-05-27,55.84624157797535
2008-05-28,56.71776506502495
2008-05-29,56.77109771699688
2008-05-30,56.006239534242056
2008-05-31,54.423190518012944
2008-06-01,52.021950662092635
2008-06-02,49.56132761991078
2008-06-03,47.041321387032326
2008-06-04,44.46193196563645
2008-06-05,41.823159352726265
2008-06-06,39.12500355102229
2008-06-07,36.367464558532674
2008-06-08,33.55054237271456
2008-06-09,31.225366375230013
2008-06-10,29.39193656203634
2008-06-11,28.050252932575546
2008-06-12,27.20031549100553
2008-06-13,26.842124231495912
2008-06-14,26.975679156220824
2008-06-15,27.60098026664761
2008-06-16,28.15790972240603
2008-06-17,28.64646752276764
2008-06-18,29.06665366500948
2008-06-19,29.418468158974324
2008-06-20,29.701910998479256
2008-06-21,29.916982181903045
2008-06-22,30.06368171148093
2008-06-23,30.761615995235484
2008-06-24,32.0107850354307
2008-06-25,33.81118883058464
2008-06-26,36.16282737814432
2008-06-27,39.06570068152318
2008-06-28,42.51980874112948
2008-06-29,46.52515155596252
2008-06-30,49.287102935112806
2008-07-01,50.80566287010213
2008-07-02,51.026738718636
2008-07-03,49.950330475121454
2008-07-04,47.576438135911715
2008-07-05,43.905061712717114
2008-07-06,38.93620119242614
2008-07-07,35.268001954883786
2008-07-08,32.90046399770295
2008-07-09,31.833587322036298
2008-07-10,87.82634644093727
2008-07-11,33.601817818750305
2008-07-12,36.436924986634025
2008-07-13,40.572693437422075
2008-07-14,44.2906374077935
2008-07-15,47.59075689723173
2008-07-16,50.47305190322276
2008-07-17,52.93752243098842
2008-07-18,54.984168478427065
2008-07-19,56.612990043891244
2008-07-20,57.82398713366055
2008-07-21,58.31564580135377
2008-07-22,58.08796605251001
2008-07-23,57.14094789051079
2008-07-24,55.47459130951766
2008-07-25,53.08889630898277
2008-07-26,49.983862892900305
2008-07-27,46.159491059195005
2008-07-28,43.54985874170846
2008-07-29,42.15496594624811
2008-07-30,41.974812665636506
2008-07-31,43.00939889986552
2008-08-01,45.258724659488195
2008-08-02,48.76371203696399
2008-08-03,53.52436104343383
2008-08-04,57.21290997992573
2008-08-05,59.829358844399025
2008-08-06,61.3737076404197
2008-08-07,61.84595636590288
2008-08-08,61.246105021239174
2008-08-09,59.574153607337365
2008-08-10,56.83010212226421
2008-08-11,53.91853619148267
2008-08-12,50.83945581590133
2008-08-13,47.592860995058444
2008-08-14,44.178751724636754
2008-08-15,40.597128008763896
2008-08-16,36.84798984880614
2008-08-17,32.93133723755894
2008-08-18,30.102150096032176
2008-08-19,28.36042842326727
2008-08-20,82.80187581482826
2008-08-21,28.139381472790383
2008-08-22,29.66005619759241
2008-08-23,32.26819639418643
2008-08-24,35.9638020541736
2008-08-25,39.4029299124908
2008-08-26,42.5855799711694
2008-08-27,45.51175222795601
2008-08-28,48.18144668392469
2008-08-29,50.59466334314695
2008-08-30,52.75140219929862
2008-08-31,54.65166325239842
2008-09-01,55.65229641170311
2008-09-02,55.730366880045025
2008-09-03,54.885874664012924
2008-09-04,53.11881976176666
2008-09-05,50.42920217562424
2008-09-06,46.81702190214827
2008-09-07,42.28227894041805
2008-09-08,38.6495309824231
2008-09-09,35.91877801922372
2008-09-10,34.09002005660106
2008-09-11,33.16325709511294
2008-09-12,33.138489126837186
2008-09-13,34.01571615978743
2008-09-14,35.79493819109902
2008-09-15,37.41921390627762
2008-09-16,38.88854330743325
2008-09-17,40.20292639711411
2008-09-18,41.362363169336035
2008-09-19,42.366853632211864
2008-09-20,43.21639777855441
2008-09-21,43.91099561391359
2008-09-22,44.174539173761644
2008-09-23,44.00702845639632
2008-09-24,43.408463466910845
2008-09-25,42.37884420474127
2008-09-26,40.91817066457252
2008-09-27,39.026442851761644
2008-09-28,36.703660759970404
2008-09-29,35.07405737850473
2008-09-30,34.13763270466885
2008-10-01,33.89438673875469
2008-10-02,34.35612610957659
2008-10-03,35.52285082959611
2008-10-04,37.394560888117766
2008-10-05,39.97125629209749
2008-10-06,42.03897457201731
2008-10-07,43.59771572123664
2008-10-08,44.64747974568961
2008-10-09,45.1882666477365
2008-10-10,45.22007641842378
2008-10-11,44.742909067802664
2008-10-12,43.7567645874314
2008-10-13,78.07035361048604
2008-10-14,42.77632718418745
2008-10-15,42.7820342569226
2008-10-16,79.18924151324806
2008-10-17,83.53733650939168
2008-10-18,44.78285859257709
2008-10-19,46.1110344067654
2008-10-20,47.063675987949374
2008-10-21,47.64078334178496
2008-10-22,47.84235646685052
2008-10-23,47.668395357715625
2008-10-24,47.1189000222153
2008-10-25,46.193870453706324
2008-10-26,44.89330665655214
2008-10-27,43.85355738633369
2008-10-28,61.948364874158656
2008-10-29,42.55650242807822
2008-10-30,42.299196736740114
2008-10-31,42.302705570403674
2008-11-01,42.56702893501838
2008-11-02,43.08527238693716
2008-11-03,87.91117864271246
2008-11-04,43.5946405859242
2008-11-05,43.58576532720036
2008-11-06,43.40118383385799
2008-11-07,43.04089610558822
2008-11-08,42.50490213771245
2008-11-09,41.79320193490305
2008-11-10,41.394066086509184
2008-11-11,41.30749459008306
2008-11-12,41.53348745140124
2008-11-13,42.07204466765894
2008-11-14,42.92316623631037
2008-11-15,44.086852158458356
2008-11-16,45.563102437079294
2008-11-17,80.42020647757076
2008-11-18,89.27330879207376
2008-11-19,50.76508607880501
2008-11-20,52.75682488968464
2008-11-21,54.877435839326644
2008-11-22,57.12691892036766
2008-11-23,59.50527413935456
2008-11-24,60.945380668250706
2008-11-25,61.447238512449644
2008-11-26,61.01084767016889
2008-11-27,59.636208137864436
2008-11-28,57.3233199173161
2008-11-29,54.072183012949914
2008-11-30,49.88279742126768
2008-12-01,46.570592149356344
2008-12-02,44.13803482066224
2008-12-03,42.5851254409044
2008-12-04,41.91186400913746
2008-12-05,42.118250522990635
2008-12-06,43.20428498349652
2008-12-07,45.16996738777214
2008-12-08,46.947538699123584
2008-12-09,48.53699890909766
2008-12-10,49.93834802221287
2008-12-11,51.151586038342955
2008-12-12,52.17671295739126
2008-12-13,53.013728779335565
2008-12-14,53.66263350611466
2008-12-15,53.879684225221965
2008-12-16,53.66488093780757
2008-12-17,53.018223648568785
2008-12-18,51.939712359214425
2008-12-19,50.429347060542
2008-12-20,48.48712775457278
2008-12-21,46.11305444645374
2008-12-22,44.22497734917174
2008-12-23,42.822896462148194
2008-12-24,41.90681178387484
2008-12-25,41.47672331167834
2008-12-26,41.532631055002796
2008-12-27,42.07453500663216
2008-12-28,43.1024351644232
2008-12-29,44.15961442815373
2008-12-30,45.246072795470454
2008-12-31,46.36181026967212
2009-01-01,47.50682684997846
2009-01-02,48.689568759539604
2009-01-03,49.9100360019936
2009-01-04,51.16822857945828
2009-01-05,52.44183221931527
2009-01-06,53.730846925036765
2009-01-07,55.03527269760252
2009-01-08,56.35510953035992
2009-01-09,57.69035742971225
2009-01-10,59.04101639313945
2009-01-11,60.40708642459499
2009-01-12,61.39088815946272
2009-01-13,61.99242159129254
2009-01-14,99.33643350077998
2009-01-15,62.04868356594659
2009-01-16,61.50341210658872
2009-01-17,60.57587234483694
2009-01-18,59.266064290701244
2009-01-19,58.344573020149625
2009-01-20,57.81139854302223
2009-01-21,57.66654085126368
2009-01-22,57.909999946947536
2009-01-23,58.5417758329239
2009-01-24,59.56186850788667
2009-01-25,60.970277971452845
2009-01-26,62.280356857650055
2009-01-27,63.492105163148665
2009-01-28,64.60552289739506
2009-01-29,65.62061005205825
2009-01-30,66.53736663017388
2009-01-31,67.35579263572338
2009-02-01,68.07588806135658
2009-02-02,123.965424977161
2009-02-03,70.26790930224195
2009-02-04,111.02021234945519
2009-02-05,113.60500047699402
2009-02-06,75.43551713388392
2009-02-07,77.6592733371615
2009-02-08,80.13363967026267
2009-02-09,82.04940265972672
2009-02-10,113.393777118271
2009-02-11,84.20511860491652
2009-02-12,84.44507156185934
2009-02-13,84.12642117478703
2009-02-14,83.24916744597435
2009-02-15,81.81331037147206
2009-02-16,80.50372909841185
2009-02-17,112.70505943739211
2009-02-18,78.26339395867664
2009-02-19,77.3326400868976
2009-02-20,126.29927414572936
2009-02-21,75.84995975134397
2009-02-22,112.90180904730421
2009-02-23,102.09180507444957
2009-02-24,73.88619164201924
2009-02-25,73.02627647086052
2009-02-26,72.06369839984612
2009-02-27,70.99845742656959
2009-02-28,69.83055355308844
2009-03-01,68.55998677951801
2009-03-02,68.01110095696978
2009-03-03,68.18389608639811
2009-03-04,69.07837217096552
2009-03-05,70.69452920479186
2009-03-06,73.032367194295
2009-03-07,76.09188613664435
2009-03-08,79.87308603525837
2009-03-09,112.03642594365537
2009-03-10,83.76993100706498
2009-03-11,114.06440249550272
2009-03-12,124.16747434570388
2009-03-13,80.45131142295959
2009-03-14,76.90140168433973
2009-03-15,129.0382844266794
2009-03-16,68.1987718321252
2009-03-17,101.01386143690193
2009-03-18,91.26613249086492
2009-03-19,96.18112518306188
2009-03-20,60.88422621848695
2009-03-21,61.15782191251912
2009-03-22,62.27231044625431
2009-03-23,63.42683533265131
2009-03-24,101.65033754434015
2009-03-25,65.8559941500082
2009-03-26,67.13062808010952
2009-03-27,68.44529836493159
2009-03-28,69.80000499451086
2009-03-29,71.1947479774378
2009-03-30,72.41957372507403
2009-03-31,73.47448223491413
2009-04-01,114.8189990260699
2009-04-02,75.01099803004898
2009-04-03,75.4290558007134
2009-04-04,75.61364681037897
2009-04-05,75.56477106993752
2009-04-06,75.68697770489709
2009-04-07,75.98026671440431
2009-04-08,76.44463810120614
2009-04-09,77.08009186482622
2009-04-10,77.88662800591341
2009-04-11,78.86424652464909
2009-04-12,80.01294741824552
2009-04-13,80.54421557894224
2009-04-14,80.45805099889635
2009-04-15,79.75445368836338
2009-04-16,78.43342364011659
2009-04-17,76.49496085676815
2009-04-18,73.93906533534945
2009-04-19,70.76573707819372
2009-04-20,102.49208824323956
2009-04-21,65.21673076043925
2009-04-22,62.841052691147894
2009-04-23,60.731258023409936
2009-04-24,58.88734675051715
2009-04-25,57.30931887472435
2009-04-26,55.99717439375567
2009-04-27,85.88979144788273
2009-04-28,55.157312535459994
2009-04-29,94.2872347030765
2009-04-30,100.07460433812675
2009-05-01,58.35858750918474
2009-05-02,60.70906682604152
2009-05-03,63.74812476953417
2009-05-04,98.11947166390893
2009-05-05,102.79481409864226
2009-05-06,70.58871722115747
2009-05-07,72.11005424585278
2009-05-08,73.25196104244071
2009-05-09,74.01443761174122
2009-05-10,74.39748395030314
2009-05-11,74.21429004698669
2009-05-12,108.05074902559414
2009-05-13,115.35759646866319
2009-05-14,70.26726688087238
2009-05-15,67.81911200294499
2009-05-16,64.80471688244972
2009-05-17,61.224081518736014
2009-05-18,59.19983718314997
2009-05-19,58.73198387632539
2009-05-20,94.35851182250346
2009-05-21,62.465450346885305
2009-05-22,66.66677012630076
2009-05-23,72.42448093371871
2009-05-24,79.73858277262876
2009-05-25,111.58311559691144
2009-05-26,88.48716986215874
2009-05-27,89.92165511793695
2009-05-28,89.39626817686906
2009-05-29,86.91100904398311
2009-05-30,82.46587771700803
2009-05-31,76.06087419544394
2009-06-01,71.2232343570931
2009-06-02,106.37564871665583
2009-06-03,65.97632473578513
2009-06-04,123.05053382991979
2009-06-05,66.63390852275568
2009-06-06,69.17688544510543
2009-06-07,73.19598572155154
2009-06-08,76.4936994754748
2009-06-09,111.26077488145724
2009-06-10,80.92496742697611
2009-06-11,82.05852162266898
2009-06-12,82.47068930180481
2009-06-13,82.16147046114511
2009-06-14,81.13086510249772
2009-06-15,109.28924293310354
2009-06-16,111.49668229530623
2009-06-17,79.13066135236477
2009-06-18,78.82779754519333
2009-06-19,78.70686912784386
2009-06-20,78.76787609471877
2009-06-21,79.01081845083236
2009-06-22,121.0885586499946
2009-06-23,115.66218993530484
2009-06-24,80.12046467245636
2009-06-25,124.16102171200927
2009-06-26,81.1775781087194
2009-06-27,81.80133961445331
2009-06-28,82.48857097998126
2009-06-29,114.28985139525558
2009-06-30,82.49009489088783
2009-07-01,81.80438743245698
2009-07-02,80.70333565492557
2009-07-03,79.18693955164477
2009-07-04,77.25519912748169
2009-07-05,74.90811437660616
2009-07-06,99.25320467949852
2009-07-07,102.38757097405605
2009-07-08,69.9403435309233
2009-07-09,68.97558105353423
2009-07-10,68.35639914013466
2009-07-11,68.08279778942061
2009-07-12,68.15477701121264
2009-07-13,67.86580136273167
2009-07-14,67.21587085213672
2009-07-15,66.20498547090217
2009-07-16,64.83314522520291
2009-07-17,63.100350115599184
2009-07-18,61.006600137759776
2009-07-19,58.551895292501136
2009-07-20,104.18032836445238
2009-07-21,55.620289127690896
2009-07-22,55.14338780606842
2009-07-23,55.32575432275655
2009-07-24,56.16738868148315
2009-07-25,109.25971317531895
2009-07-26,59.828460921190434
2009-07-27,101.80060520881523
2009-07-28,98.3654663066158
2009-07-29,63.75020524201164
2009-07-30,64.20453141708504
2009-07-31,64.23239662229824
2009-08-01,63.833800861188074
2009-08-02,63.02154008752255
2009-08-03,62.04890008513446
2009-08-04,99.04658850672729
2009-08-05,59.62248238933027
2009-08-06,58.16870470026211
2009-08-07,56.554547780925915
2009-08-08,54.78001163213911
2009-08-09,52.84509625283482
2009-08-10,81.1553711801094
2009-08-11,50.03660936439347
2009-08-12,49.16303785156904
2009-08-13,48.64324762661752
2009-08-14,48.47723869147083
2009-08-15,48.66501104278814
2009-08-16,49.206564685395406
2009-08-17,82.80030741826741
2009-08-18,50.28723818123778
2009-08-19,50.8263580425385
2009-08-20,51.364666639078436
2009-08-21,51.902163977266255
2009-08-22,52.43885005029436
2009-08-23,52.97472486455436
2009-08-24,53.15041598420575
2009-08-25,52.96592340533296
2009-08-26,52.42124712388876
2009-08-27,51.51638714376361
2009-08-28,50.251343467771875
2009-08-29,48.626116095042065
2009-08-30,46.640705024513444
2009-08-31,45.0666913807798
2009-09-01,43.90407517564913
2009-09-02,43.119143660023795
2009-09-03,42.71189683212171
2009-09-04,83.49560469974429
2009-09-05,43.03045724735238
2009-09-06,43.756264487765094
2009-09-07,44.896021050158545
2009-09-08,46.44972692727224
2009-09-09,48.417382121730846
2009-09-10,50.79898663652827
2009-09-11,53.594540471991394
2009-09-12,56.80404362219265
2009-09-13,60.42749609590177
2009-09-14,91.47595375102085
2009-09-15,104.93543082053561
2009-09-16,64.45868142904585
2009-09-17,63.52268584551244
2009-09-18,61.446828249897635
2009-09-19,58.23110863597581
2009-09-20,53.87552701162136
2009-09-21,49.95592074305625
2009-09-22,46.472289829305154
2009-09-23,43.42463427724509
2009-09-24,40.81295407659807
2009-09-25,38.63724923104056
2009-09-26,85.32735069734659
2009-09-27,35.59376561187661
2009-09-28,35.02165214727327
2009-09-29,35.1811793572515
2009-09-30,36.07234723162302
2009-10-01,66.83485776173211
2009-10-02,40.08920859159438
2009-10-03,98.63025698606992
2009-10-04,47.19104701520073
2009-10-05,49.770079610120085
2009-10-06,50.99160345508743
2009-10-07,50.85561855185797
2009-10-08,49.36212489698461
2009-10-09,46.511122490529964
2009-10-10,42.30261133582206
2009-10-11,36.736591431107044
2009-10-12,79.8308304361351
2009-10-13,31.369857958481855
2009-10-14,31.569144395568575
2009-10-15,33.69019961173696
2009-10-16,37.733023607309406
2009-10-17,43.69761638703503
2009-10-18,51.58397794553811
2009-10-19,57.8951174838469
2009-10-20,62.63103499867683
2009-10-21,65.79173049522299
2009-10-22,67.37720397156315
2009-10-23,67.38745542336777
2009-10-24,65.82248485737688
2009-10-25,62.6822922691038
2009-10-26,60.38163234936488
2009-10-27,58.92050509158567
2009-10-28,58.29891050187492
2009-10-29,58.516848573362815
2009-10-30,59.57431931033002
2009-10-31,61.47132271515318
2009-11-01,64.2078587804791
2009-11-02,102.408971442406
2009-11-03,67.71830301803469
2009-11-04,68.49221119274216
2009-11-05,100.51524084207938
2009-11-06,117.99222046427607
2009-11-07,66.88867991471702
2009-11-08,65.04575089287002
2009-11-09,63.53010338198652
2009-11-10,62.34173737519434
2009-11-11,61.48065287740945
2009-11-12,60.94684989149391
2009-11-13,60.740328410925365
2009-11-14,60.86108844063439
2009-11-15,61.309129976975754
2009-11-16,61.49589017965364
2009-11-17,90.06730268470476
2009-11-18,61.08556657265516
2009-11-19,60.488482760985704
2009-11-20,59.63011761304024
2009-11-21,58.510471128905166
2009-11-22,57.12954330785
2009-11-23,56.085856979179596
2009-11-24,55.37941214726453
2009-11-25,55.010208803539854
2009-11-26,54.97824695874512
2009-11-27,55.283526604669355
2009-11-28,55.92604774836141
2009-11-29,56.90581038394859
2009-11-30,57.05258593860179
2009-12-01,56.366374414664286
2009-12-02,54.904892621335016
2009-12-03,93.28979896981852
2009-12-04,49.65611823583272
2009-12-05,45.868825639533256
2009-12-06,41.3062627752485
2009-12-07,38.354022382787065
2009-12-08,37.012104463460545
2009-12-09,37.280509016046054
2009-12-10,39.15923603982434
2009-12-11,42.64828553792969
2009-12-12,47.74765750894186
2009-12-13,54.457351951397584
2009-12-14,59.00225907243485
2009-12-15,61.38237887241573
2009-12-16,61.59771134592382
2009-12-17,59.64825650180362
2009-12-18,55.53401433347855
2009-12-19,49.254984842604834
2009-12-20,40.81116802676992
2009-12-21,34.73858868817949
2009-12-22,31.037246825733657
2009-12-23,29.707142438705976
2009-12-24,30.748275522817035
2009-12-25,34.16064608680469
2009-12-26,39.944254126292606
2009-12-27,48.09909963877712
2009-12-28,54.160173434503726
2009-12-29,58.12747551495736
2009-12-30,60.00100588116452
2009-12-31,59.78076452571874
2010-01-01,57.46675145774428
2010-01-02,52.99645255022273
2010-01-03,46.36986779977404
2010-01-04,41.00813303290735
2010-01-05,36.91124824283469
2010-01-06,34.07921343429368
2010-01-07,32.51202860638195
2010-01-08,32.20969376013445
2010-01-09,33.172208889475094
2010-01-10,35.39957400078837
2010-01-11,37.825547479269844
2010-01-12,40.450129327008426
2010-01-13,79.48791123551865
2010-01-14,89.80568983090572
2010-01-15,49.51552507760714
2010-01-16,52.93454040010268
2010-01-17,56.55216409285145
2010-01-18,59.542937434004145
2010-01-19,61.90686042803051
2010-01-20,63.643933074201385
2010-01-21,111.0762587654705
2010-01-22,65.2375273208636
2010-01-23,65.09404891925247
2010-01-24,64.32372016975671
2010-01-25,63.65546396419043
2010-01-26,63.08928030064917
2010-01-27,62.62516917862281
2010-01-28,105.33152169875527
2010-01-29,62.00316456717232
2010-01-30,61.845271076822684
2010-01-31,61.78945012834343
2010-02-01,109.20971547649674
2010-02-02,60.43596101079731
2010-02-03,59.176883927898295
2010-02-04,57.52958516300067
2010-02-05,55.49406471540057
2010-02-06,53.07032258428114
2010-02-07,50.25835876842132
2010-02-08,47.80986911970638
2010-02-09,45.724853628762794
2010-02-10,44.00331230066226
2010-02-11,42.64524513023423
2010-02-12,41.65065212467709
2010-02-13,41.01953327603031
2010-02-14,40.75188859245051
2010-02-15,40.834662951299215
2010-02-16,41.26785635082619
2010-02-17,42.05146878927194
2010-02-18,43.18550027430293
2010-02-19,44.669950797840094
2010-02-20,46.50482036613613
2010-02-21,48.69010897634547
2010-02-22,50.670798677071055
2010-02-23,52.44688947387256
2010-02-24,54.01838136371886
2010-02-25,55.38527434258474
2010-02-26,56.5475684221674
2010-02-27,57.505263590907255
2010-02-28,58.25835985569856
2010-03-01,58.76684372000122
2010-03-02,59.03322860470709
2010-03-03,59.05751451060539
2010-03-04,99.26974825173971
2010-03-05,58.37978938856985
2010-03-06,57.677778358427226
2010-03-07,56.733668348310076
2010-03-08,55.20956319390133
2010-03-09,53.10546289228362
2010-03-10,50.42136744223494
2010-03-11,47.157276844609754
2010-03-12,43.31319109963355
2010-03-13,38.88911020765659
2010-03-14,33.88503416875676
2010-03-15,78.14646094674258
2010-03-16,28.395819442698322
2010-03-17,27.910680763375357
2010-03-18,74.6791231403289
2010-03-19,31.45934075434013
2010-03-20,35.49313943205856
2010-03-21,41.033250559218864
2010-03-22,45.64431514578094
2010-03-23,49.3263331835857
2010-03-24,52.079304681929784
2010-03-25,53.90322963760646
2010-03-26,54.798108048627725
2010-03-27,54.763939917248706
2010-03-28,53.800725241162795
2010-03-29,52.604686502302584
2010-03-30,51.175823695137694
2010-03-31,49.51413681951303
2010-04-01,47.619625874505125
2010-04-02,45.477658821221645
2010-04-03,43.08823566340898
2010-04-04,40.45135640004301
2010-04-05,38.62973685189155
2010-04-06,37.6233770156552
2010-04-07,37.43227689624668
2010-04-08,38.056436493458584
2010-04-09,39.495855808399696
2010-04-10,41.75053483772765
2010-04-11,44.82047358478648
2010-04-12,47.17771773275833
2010-04-13,48.82226727464702
2010-04-14,49.7541222160545
2010-04-15,49.973282557982685
2010-04-16,49.4797482961562
2010-04-17,48.27351943433132
2010-04-18,46.35459597357097
2010-04-19,44.87474963237641
2010-04-20,43.833980418758294
2010-04-21,43.232288332163094
2010-04-22,43.06967336574499
2010-04-23,43.34613552901999
2010-04-24,44.06167481277854
2010-04-25,45.21629121969882
2010-04-26,46.13182135446249
2010-04-27,46.8082652110069
2010-04-28,47.2456227848098
2010-04-29,47.443894088833275
2010-04-30,47.40307911032043
2010-05-01,47.12317785852184
2010-05-02,46.59877335733269
2010-05-03,45.913987502422856
2010-05-04,45.068820284605195
2010-05-05,76.82885467059837
2010-05-06,77.96226389092546
2010-05-07,41.5710304781489
2010-05-08,40.084337824634424
2010-05-09,38.43726381145389
2010-05-10,37.15223501214322
2010-05-11,36.229251423211
2010-05-12,35.66831304979125
2010-05-13,35.4694198876181
2010-05-14,35.632571940954854
2010-05-15,36.15776920512206
2010-05-16,37.045011681506736
2010-05-17,37.8724894881269
2010-05-18,38.64020262455176
2010-05-19,39.34815108702049
2010-05-20,39.9963348811239
2010-05-21,40.58475400141718
2010-05-22,41.11340845145715
2010-05-23,41.58229822874752
2010-05-24,41.65002832146072
2010-05-25,41.31659871962398
2010-05-26,40.582009434046924
2010-05-27,72.59506660383666
2010-05-28,37.909351785048564
2010-05-29,35.971283428245215
2010-05-30,33.6320553802796
2010-05-31,31.985458178002997
2010-06-01,31.031491819322184
2010-06-02,30.805323645957856
2010-06-03,31.306953659854393
2010-06-04,32.53638186417585
2010-06-05,34.49360825403417
2010-06-06,37.17863283318674
2010-06-07,39.471069644492204
2010-06-08,41.3709186891087
2010-06-09,42.87817996813541
2010-06-10,43.99285348008239
2010-06-11,44.714939228646514
2010-06-12,45.04443720983372
2010-06-13,44.98134742540152
2010-06-14,44.76481523156684
2010-06-15,44.39484062783412
2010-06-16,43.87142361747085
2010-06-17,43.19456419613134
2010-06-18,42.36426236306966
2010-06-19,41.380518122073056
2010-06-20,40.24333147136346
2010-06-21,39.471713292613515
2010-06-22,39.06566358506333
2010-06-23,39.02518235240207
2010-06-24,39.35026958896376
2010-06-25,40.040925301217875
2010-06-26,41.09714948444328
2010-06-27,42.51894213975656
2010-06-28,43.49872774241713
2010-06-29,44.03650629903785
2010-06-30,44.13227780612786
2010-07-01,43.7860422636702
2010-07-02,42.941883588713395
2010-07-03,41.59980178531245
2010-07-04,39.759796854524055
2010-07-05,38.42652739628299
2010-07-06,37.599993411487226
2010-07-07,37.28019490085823
2010-07-08,37.46713186163425
2010-07-09,38.16080429777617
2010-07-10,39.361212205880484
2010-07-11,41.06835558634329
2010-07-12,42.3435094428832
2010-07-13,43.18667378235476
2010-07-14,43.597848594869014
2010-07-15,43.57703389056826
2010-07-16,43.124229664777445
2010-07-17,42.23943591418122
2010-07-18,40.922652645088824
2010-07-19,39.98834404729844
2010-07-20,39.4365101243076
2010-07-21,39.26715087510192
2010-07-22,39.480266293028905
2010-07-23,40.07585638644132
2010-07-24,41.05392114935839
2010-07-25,42.41446058811064
2010-07-26,43.4005166396677
2010-07-27,44.01208931567866
2010-07-28,44.24917860091011
2010-07-29,44.111784510837
2010-07-30,43.59990703431746
2010-07-31,100.19702505324315
2010-08-01,41.45270193519609
2010-08-02,40.59100104675451
2010-08-03,40.12844350687264
2010-08-04,40.0650293233966
2010-08-05,40.40075849071185
2010-08-06,41.13563100992366
2010-08-07,42.26964688182336
2010-08-08,43.802806105678485
2010-08-09,45.01045227232939
2010-08-10,45.89258538035108
2010-08-11,46.449205432068396
2010-08-12,46.680312424859174
2010-08-13,46.585906364203794
2010-08-14,46.16598724335185
2010-08-15,45.42055506316633
2010-08-16,45.36673169082293
2010-08-17,46.00451712079041
2010-08-18,47.333911359453495
2010-08-19,75.60570308338517
2010-08-20,52.067526242894104
2010-08-21,55.47174689112626
2010-08-22,59.56757634955153
2010-08-23,61.99777936499133
2010-08-24,62.76235593781251
2010-08-25,61.861306066041735
2010-08-26,59.294629757685485
2010-08-27,55.062327005097714
2010-08-28,49.164397811960086
2010-08-29,41.60084217441673
2010-08-30,36.01375284059303
2010-08-31,32.403129807495105
2010-09-01,30.768973073924457
2010-09-02,31.06737973978136
2010-09-03,33.29834980555469
2010-09-04,37.4618832664312
2010-09-05,43.55798012618391
2010-09-06,74.06383704956974
2010-09-07,51.089340162182204
2010-09-08,52.5246033400347
2010-09-09,52.40625529132484
2010-09-10,50.73429601293029
2010-09-11,47.50872550721917
2010-09-12,42.729543775436866
2010-09-13,39.26573063410433
2010-09-14,37.1172860799618
2010-09-15,64.30740606929146
2010-09-16,36.76650274113835
2010-09-17,38.564163957077426
2010-09-18,41.677193761201934
2010-09-19,46.10559215498108
2010-09-20,49.577851391692235
2010-09-21,52.09397146514118
2010-09-22,53.65395238455904
2010-09-23,54.25779414422317
2010-09-24,53.90549674245588
2010-09-25,52.597060187159066
2010-09-26,50.33248447171523
2010-09-27,74.83753061144705
2010-09-28,46.784997761745835
2010-09-29,45.50208676538405
2010-09-30,44.546397343743635
2010-10-01,43.91792949628781
2010-10-02,43.65225068116659
2010-10-03,43.7493608930606
2010-10-04,44.153262703674514
2010-10-05,44.863956111723
2010-10-06,45.881441120029145
2010-10-07,47.205717723522575
2010-10-08,48.836785928483394
2010-10-09,50.77464573266039
2010-10-10,53.019297131462636
2010-10-11,54.42824844325737
2010-10-12,55.001499669332006
2010-10-13,54.73905080669879
2010-10-14,53.64090185931856
2010-10-15,87.6821300179491
2010-10-16,48.937503695935064
2010-10-17,45.33225448442525
2010-10-18,42.514232736382425
2010-10-19,40.48343845464495
2010-10-20,76.8436474028816
2010-10-21,81.1296950545285
2010-10-22,39.114420393963385
2010-10-23,40.23253596802334
2010-10-24,42.13787900699299
2010-10-25,43.40026047230865
2010-10-26,44.01968036053415
2010-10-27,71.30079114296517
2010-10-28,43.329635413241334
2010-10-29,42.020170576856145
2010-10-30,40.06774416626777
2010-10-31,37.47235618043068
2010-11-01,35.83448365299961
2010-11-02,35.12418560433771
2010-11-03,64.08320147244996
2010-11-04,36.48631294273231
2010-11-05,38.55873832472983
2010-11-06,41.558738184476354
2010-11-07,45.48631252303394
2010-11-08,80.4646588765743
2010-11-09,51.24807454250707
2010-11-10,53.0822622248987
2010-11-11,54.218654352978845
2010-11-12,54.6572509301144
2010-11-13,54.39805195137953
2010-11-14,53.44105742193654
2010-11-15,82.02931787450916
2010-11-16,53.075362802748806
2010-11-17,53.66666270841041
2010-11-18,54.77406076300673
2010-11-19,56.39755696367309
2010-11-20,58.53715130773065
2010-11-21,61.19284379893759
2010-11-22,62.59097616523298
2010-11-23,92.6671754839046
2010-11-24,101.7203415598453
2010-11-25,59.240012523750565
2010-11-26,55.60790440022565
2010-11-27,50.718236146205776
2010-11-28,44.57100776997552
2010-11-29,68.2248297243826
2010-11-30,36.029318483053395
2010-12-01,33.634857574302586
2010-12-02,32.50318137495513
2010-12-03,32.634289885943474
2010-12-04,85.57170250595765
2010-12-05,76.9232962687086
2010-12-06,39.365372738660426
2010-12-07,42.06971817348156
2010-12-08,44.79789734920427
2010-12-09,47.549910279414114
2010-12-10,50.32575695192186
2010-12-11,53.125437373611646
2010-12-12,55.948951541934385
2010-12-13,57.87077554762578
2010-12-14,58.890909393901815
2010-12-15,59.0093530793222
2010-12-16,103.54224911290834
2010-12-17,56.54116995765767
2010-12-18,53.9545431572258
2010-12-19,50.46622619114699
2010-12-20,86.58667951472754
2010-12-21,45.62444099727689
2010-12-22,44.27097276519717
2010-12-23,89.8812122432388
2010-12-24,43.698885034618044
2010-12-25,44.48026553626948
2010-12-26,45.97326227877326
2010-12-27,47.223790983054926
2010-12-28,48.231851647694626
2010-12-29,96.32550855021742
2010-12-30,49.520568863178504
2010-12-31,49.8012254143467
2011-01-01,49.839413927501354
2011-01-02,49.638752841608444
2011-01-03,74.37933008746326
2011-01-04,49.33262312518429
2011-01-05,49.22715450000166
2011-01-06,49.1534166842213
2011-01-07,49.11140969464833
2011-01-08,49.101133521512196
2011-01-09,49.12258816976073
2011-01-10,78.62302151184763
2011-01-11,72.64610243112399
2011-01-12,75.88523574688543
2011-01-13,46.04216158678213
2011-01-14,77.19817371039782
2011-01-15,42.60220119423879
2011-01-16,40.4072842222388
2011-01-17,71.33372711593955
2011-01-18,38.809285360401844
2011-01-19,67.90842840183802
2011-01-20,70.20608942000509
2011-01-21,43.39187473481671
2011-01-22,46.7806279119163
2011-01-23,51.09999277991534
2011-01-24,82.24075366045034
2011-01-25,56.365467515831085
2011-01-26,88.59217047893674
2011-01-27,57.13326892679788
2011-01-28,86.53630043343713
2011-01-29,53.403397004172554
2011-01-30,49.85183354685839
2011-01-31,84.49831821524732
2011-02-01,67.81233266049088
2011-02-02,67.85616097842528
2011-02-03,43.481212878483284
2011-02-04,43.83586279523544
2011-02-05,44.96866119989359
2011-02-06,46.879608087405146
2011-02-07,48.449507265741076
2011-02-08,87.92698121813822
2011-02-09,50.56616249324936
2011-02-10,83.44737540707258
2011-02-11,51.31862687591245
2011-02-12,51.1832875025633
2011-02-13,84.62215295627591
2011-02-14,50.099226484859116
2011-02-15,49.360265697408394
2011-02-16,48.49001806092937
2011-02-17,73.5955635653423
2011-02-18,46.35566223570217
2011-02-19,45.09155404605485
2011-02-20,43.69615900555234
2011-02-21,69.2221633800001
2011-02-22,67.1929164155917
2011-02-23,41.588043573661494
2011-02-24,71.18201994521854
2011-02-25,41.91435802799586
2011-02-26,42.59703267761185
2011-02-27,43.62605227360976
2011-02-28,44.37495410651326
2011-03-01,44.84373818005836
2011-03-02,72.71763044186697
2011-03-03,44.933003911491014
2011-03-04,44.55348556988262
2011-03-05,43.89119975763852
2011-03-06,42.946146474076905
2011-03-07,64.58037734866724
2011-03-08,67.295242436196
2011-03-09,40.27942590441374
2011-03-10,39.44666547812298
2011-03-11,38.64197826574692
2011-03-12,37.86536426247384
2011-03-13,37.11682347531823
2011-03-14,36.495580168171514
2011-03-15,67.13851873798438
2011-03-16,35.634986007444326
2011-03-17,35.39563514721397
2011-03-18,35.28358176839804
2011-03-19,35.298825868671535
2011-03-20,35.44136745693139
2011-03-21,35.573411811953974
2011-03-22,35.694958930658814
2011-03-23,62.00889460011477
2011-03-24,35.9065614625309
2011-03-25,35.99661688180824
2011-03-26,36.07617506523737
2011-03-27,36.145236015148434
2011-03-28,36.28850381704922
2011-03-29,73.34330785747245
2011-03-30,36.79765999225308
2011-03-31,37.16354835757681
2011-04-01,37.6036435753882
2011-04-02,38.149509549901126
2011-04-03,38.80114626832503
2011-04-04,39.20298787955082
2011-04-05,39.35503437579179
2011-04-06,39.25728575923728
2011-04-07,38.90974203255111
2011-04-08,38.3124031924868
2011-04-09,37.46526924082662
2011-04-10,36.368340177600494
2011-04-11,35.44590612661126
2011-04-12,34.697967097001076
2011-04-13,34.12452308049859
2011-04-14,33.72557408229116
2011-04-15,33.50112009821437
2011-04-16,33.451161132042735
2011-04-17,77.93378171209486
2011-04-18,33.484789577075304
2011-04-19,33.178438323645985
2011-04-20,67.01407655826546
2011-04-21,31.91940486062149
2011-04-22,30.966722652887146
2011-04-23,29.79859679609247
2011-04-24,28.415027285612915
2011-04-25,27.840394180812158
2011-04-26,28.074697481099793
2011-04-27,29.117937183009264
2011-04-28,30.97011329122675
2011-04-29,62.18135364654066
2011-04-30,37.10127471815926
2011-05-01,41.38026004131015
2011-05-02,44.84114108425648
2011-05-03,47.48391784552192
2011-05-04,49.30859032830732
2011-05-05,50.31515853262292
2011-05-06,50.50362245649779
2011-05-07,49.87398210185597
2011-05-08,48.42623746931515
2011-05-09,47.098885299992816
2011-05-10,70.27450122286385
2011-05-11,44.80535835891359
2011-05-12,43.839183583720754
2011-05-13,42.993401277222524
2011-05-14,42.26801143109166
2011-05-15,41.66301405253499
2011-05-16,64.42025050102394
2011-05-17,40.69729395023536
2011-05-18,40.33657122875387
2011-05-19,67.21821715986022
2011-05-20,39.859400441328276
2011-05-21,39.74295237737399
2011-05-22,39.707929194802134
2011-05-23,39.69223044288019
2011-05-24,39.69585611217241
2011-05-25,39.71880620950449
2011-05-26,39.76108073055331
2011-05-27,74.16905830749018
2011-05-28,39.90360304703785
2011-05-29,40.00385084410952
2011-05-30,40.26946027454137
2011-05-31,40.70043133648282
2011-06-01,41.29676402975761
2011-06-02,42.112183439530114
2011-06-03,43.14668957301004
2011-06-04,44.40028242204794
2011-06-05,45.8729619917967
2011-06-06,46.83091212279031
2011-06-07,70.89026205603757
2011-06-08,47.20262407521662
2011-06-09,46.616385897950686
2011-06-10,45.51541828002199
2011-06-11,43.89972122938097
2011-06-12,41.76929473687726
2011-06-13,39.75820080191325
2011-06-14,37.86643941456205
2011-06-15,36.094010578453336
2011-06-16,65.48199289001388
2011-06-17,63.469200168487035
2011-06-18,31.492719384701708
2011-06-19,30.197620756780612
2011-06-20,50.97483045676877
2011-06-21,30.415649488283915
2011-06-22,64.6464569138506
2011-06-23,34.37797954911126
2011-06-24,37.76325757432507
2011-06-25,42.08461093251333
2011-06-26,47.34203961779548
2011-06-27,51.515234032636116
2011-06-28,86.22010754772921
2011-06-29,56.60892002114876
2011-06-30,57.529411597468496
2011-07-01,57.36566890139053
2011-07-02,56.06610326689733
2011-07-03,53.63071469728957
2011-07-04,74.70669994885351
2011-07-05,73.1746217402357
2011-07-06,45.71812552231346
2011-07-07,69.75198102369731
2011-07-08,39.93771319502338
2011-07-09,36.895901161546334
2011-07-10,33.753018553590564
2011-07-11,31.88435404507607
2011-07-12,58.16343400994711
2011-07-13,64.112524599842
2011-07-14,33.92366911570663
2011-07-15,37.151877005925655
2011-07-16,90.7068716417063
2011-07-17,47.43094708952555
2011-07-18,51.95054359684437
2011-07-19,79.13506334653812
2011-07-20,81.14056469020211
2011-07-21,57.967047628706595
2011-07-22,57.45845380736043
2011-07-23,55.692812404073564
2011-07-24,52.67012342185073
2011-07-25,74.82433845851268
2011-07-26,48.00176976375455
2011-07-27,103.83958396128847
2011-07-28,69.31250963704207
2011-07-29,44.441800037075765
2011-07-30,44.17315966118968
2011-07-31,44.363527388741076
2011-08-01,70.64738136101263
2011-08-02,69.60970001201511
2011-08-03,46.423996450591076
2011-08-04,47.65188856465129
2011-08-05,49.15031522444604
2011-08-06,50.919276429519115
2011-08-07,52.958772187046435
2011-08-08,90.1296404676
2011-08-09,54.36294098849635
2011-08-10,53.72761403482019
2011-08-11,52.200679514374784
2011-08-12,49.78213742121609
2011-08-13,46.47198776057978
2011-08-14,42.27023052668136
2011-08-15,39.06263422839133
2011-08-16,36.84919886712245
2011-08-17,35.62992443549397
2011-08-18,35.404810935579206
2011-08-19,36.17385837394653
2011-08-20,37.93706674236773
2011-08-21,40.694436049630895
2011-08-22,43.13216018549886
2011-08-23,72.26747422527676
2011-08-24,47.04867295981154
2011-08-25,48.527461595238094
2011-08-26,49.68660506690257
2011-08-27,50.526103369218
2011-08-28,51.04595650809891
2011-08-29,51.221593982062686
2011-08-30,82.18990018489878
2011-08-31,50.54022194177324
2011-09-01,49.6832124256642
2011-09-02,48.443669355646506
2011-09-03,46.821592729378935
2011-09-04,44.81698254970098
2011-09-05,64.05549860808819
2011-09-06,70.40079805354566
2011-09-07,42.36290340960853
2011-09-08,73.05399593466413
2011-09-09,43.693310142913234
2011-09-10,45.24845135964009
2011-09-11,47.396884477885386
2011-09-12,69.90366820511059
2011-09-13,50.25551926250137
2011-09-14,50.96572093225765
2011-09-15,51.19651211914559
2011-09-16,50.94789282494805
2011-09-17,50.219863048740336
2011-09-18,49.01242278628525
2011-09-19,47.79559601973838
2011-09-20,68.14779634390176
2011-09-21,45.33378294792792
2011-09-22,44.088796645782125
2011-09-23,42.834423833960244
2011-09-24,41.57066451212058
2011-09-25,68.46442332423163
2011-09-26,63.4961610799569
2011-09-27,60.96435350299041
2011-09-28,65.46767890415936
2011-09-29,38.49220643651245
2011-09-30,38.86269615174466
2011-10-01,39.56191297375274
2011-10-02,40.62612944016472
2011-10-03,67.22149935017603
2011-10-04,67.61289171498233
2011-10-05,70.23251955000525
2011-10-06,45.498500261241716
2011-10-07,71.87578251887952
2011-10-08,48.30398864869848
2011-10-09,49.79905858626356
2011-10-10,50.60808803550539
2011-10-11,50.73107699462608
2011-10-12,50.16802546662689
2011-10-13,79.67259464951141
2011-10-14,72.89926933782678
2011-10-15,44.36262794863478
2011-10-16,41.05541446756019
2011-10-17,38.62722689391052
2011-10-18,37.07806522944699
2011-10-19,62.452367213151845
2011-10-20,36.61681962965467
2011-10-21,37.7047356954597
2011-10-22,39.671677670815
2011-10-23,42.51764555596898
2011-10-24,44.78564476071958
2011-10-25,46.47567529078893
2011-10-26,47.58773713733944
2011-10-27,48.12183031183257
2011-10-28,48.077954807320765
2011-10-29,47.456110625160846
2011-10-30,46.25629776197709
2011-10-31,45.449280390386775
2011-11-01,45.035058504489854
2011-11-02,72.38730504009006
2011-11-03,68.65178122696261
2011-11-04,45.90001764085296
2011-11-05,46.89087894636963
2011-11-06,48.23301105185475
2011-11-07,49.07530440976524
2011-11-08,71.78841288771036
2011-11-09,49.26037489208034
2011-11-10,78.78197842683733
2011-11-11,47.44609039530306
2011-11-12,45.78919003084551
2011-11-13,43.63245091572059
2011-11-14,68.3030869967233
2011-11-15,41.336149600705184
2011-11-16,41.196587395651896
2011-11-17,66.49153146982606
2011-11-18,42.93463988939416
2011-11-19,44.812254592343784
2011-11-20,47.36226159378255
2011-11-21,71.54546985137272
2011-11-22,77.31505574643523
2011-11-23,51.449819138054316
2011-11-24,79.79175514533362
2011-11-25,83.97172090595109
2011-11-26,50.1936814823831
2011-11-27,92.8497598480799
2011-11-28,82.2807354181801
2011-11-29,84.20938571603574
2011-11-30,85.03128740561445
2011-12-01,75.26903614313278
2011-12-02,41.25040539018394
2011-12-03,40.00195406636916
2011-12-04,38.84653532299215
2011-12-05,60.90025523293724
2011-12-06,59.31407851411791
2011-12-07,61.53636632798298
2011-12-08,37.819418348200045
2011-12-09,38.46127860508214
2011-12-10,39.46259465861641
2011-12-11,40.82336651233175
2011-12-12,41.94246485532562
2011-12-13,63.370233382019094
2011-12-14,64.5808194895688
2011-12-15,43.84971880548696
2011-12-16,70.79826786544538
2011-12-17,43.91285387926598
2011-12-18,43.58191114931722
2011-12-19,43.395757236850166
2011-12-20,65.29391992143468
2011-12-21,67.696682807678
2011-12-22,43.70602843820659
2011-12-23,44.09902981216693
2011-12-24,44.636820008652165
2011-12-25,45.319399026426865
2011-12-26,46.03377545394849
2011-12-27,46.77994929070181
2011-12-28,73.42548602892435
2011-12-29,48.36768918678416
2011-12-30,49.20925524906656
2011-12-31,50.08261872044827
2012-01-01,50.9877796016699
2012-01-02,51.51441946736439
2012-01-03,51.66253831385329
2012-01-04,76.28268624474347
2012-01-05,50.82321296812325
2012-01-06,49.83576876991987
2012-01-07,48.46980355834895
2012-01-08,46.725317327086884
2012-01-09,74.1452211840591
2012-01-10,75.92859860001957
2012-01-11,69.36839612774385
2012-01-12,77.07478213629953
2012-01-13,47.935363317037485
2012-01-14,50.1638679416577
2012-01-15,53.05453771144844
2012-01-16,85.60271067010196
2012-01-17,79.97788174666121
2012-01-18,93.22134920700803
2012-01-19,100.21725459724456
2012-01-20,116.83988168767075
2012-01-21,88.87788810222588
2012-01-22,82.2161842366879
2012-01-23,111.3759850298828
2012-01-24,86.68306342576945
2012-01-25,95.51230732267094
2012-01-26,79.23056826074932
2012-01-27,102.79417737760164
2012-01-28,89.17527297123183
2012-01-29,86.65997730325851
2012-01-30,81.1666722202955
2012-01-31,102.98472927632393
2012-02-01,85.65440328483645
2012-02-02,91.30556726777087
2012-02-03,88.54339814805157
2012-02-04,53.04796255700018
2012-02-05,78.66472459056318
2012-02-06,79.81960995897273
2012-02-07,80.22455369193521
2012-02-08,71.06542236520379
2012-02-09,73.9943263553088
2012-02-10,49.491373933766155
2012-02-11,50.29765697030942
2012-02-12,51.50366795250764
2012-02-13,84.31113168314924
2012-02-14,88.17446859094788
2012-02-15,88.6185541897979
2012-02-16,79.43443579644838
2012-02-17,53.72409595232702
2012-02-18,80.86567184841007
2012-02-19,52.83444126220165
2012-02-20,93.71889533169997
2012-02-21,89.64278846288892
2012-02-22,80.17391528749354
2012-02-23,81.31184409310637
2012-02-24,77.63184137736755
2012-02-25,48.823077939679436
2012-02-26,48.057771740583135
2012-02-27,69.55493495521765
2012-02-28,76.71675269639618
2012-02-29,73.522850428622
2012-03-01,67.53451652432699
2012-03-02,46.23014914825921
2012-03-03,46.31073866114096
2012-03-04,46.55161593958312
2012-03-05,79.85062132423899
2012-03-06,78.08983234824876
2012-03-07,44.71825774501208
2012-03-08,43.255141670326125
2012-03-09,75.99982328229214
2012-03-10,39.05091450766708
2012-03-11,36.3098034177881
2012-03-12,69.38462959960691
2012-03-13,68.0018401230873
2012-03-14,68.37602668585191
2012-03-15,58.28089550498254
2012-03-16,63.60612110855877
2012-03-17,41.67022042974322
2012-03-18,46.19813719391969
2012-03-19,49.54393777471537
2012-03-20,88.49704864695946
2012-03-21,52.68919036998315
2012-03-22,52.48864239181579
2012-03-23,51.10597823031615
2012-03-24,80.15711126202622
2012-03-25,44.79430134564791
2012-03-26,62.48639535165214
2012-03-27,81.11503910093369
2012-03-28,74.2378323104629
2012-03-29,63.8901085455411
2012-03-30,37.23389085878289
2012-03-31,37.95662319954407
2012-04-01,39.42429368647342
2012-04-02,69.78812250131062
2012-04-03,73.46969221364937
2012-04-04,78.6469619969316
2012-04-05,66.6341163687179
2012-04-06,41.119678561074295
2012-04-07,69.69463915290838
2012-04-08,39.16444765709186
2012-04-09,38.234036365980714
2012-04-10,66.32857049153856
2012-04-11,37.07912302069131
2012-04-12,60.80607050235197
2012-04-13,66.80473391162438
2012-04-14,63.465490260522515
2012-04-15,37.59293328438436
2012-04-16,59.71992423799474
2012-04-17,70.01942702665833
2012-04-18,76.31803839676132
2012-04-19,68.60036760204633
2012-04-20,71.1200209196309
2012-04-21,38.17763264844429
2012-04-22,62.034186380604226
2012-04-23,85.21556120221499
2012-04-24,62.02239140321802
2012-04-25,78.39247790780253
2012-04-26,63.90855909147167
2012-04-27,39.26468734848251
2012-04-28,40.10061957975939
2012-04-29,41.12362508415396
2012-04-30,41.89602768422246
2012-05-01,42.4178273884827
2012-05-02,65.88029204242126
2012-05-03,65.91341535695156
2012-05-04,71.21103387491857
2012-05-05,42.06164427264211
2012-05-06,41.36175301675259
2012-05-07,40.95347738446954
2012-05-08,62.53683065889437
2012-05-09,66.49611530957404
2012-05-10,80.27969250290552
2012-05-11,42.23653114407869
2012-05-12,43.28633365223341
2012-05-13,44.62775179033361
2012-05-14,65.4510729427518
2012-05-15,67.41923850628243
2012-05-16,67.1140212317181
2012-05-17,44.504639635499565
2012-05-18,43.10166542169821
2012-05-19,41.149812736740934
2012-05-20,38.64908158093546
2012-05-21,36.903127523302544
2012-05-22,61.013069670274646
2012-05-23,59.81861182410785
2012-05-24,69.72595727123446
2012-05-25,37.46708225553414
2012-05-26,39.49501367838197
2012-05-27,42.277722199919495
2012-05-28,44.47198927316386
2012-05-29,84.68018187346384
2012-05-30,47.095199089727146
2012-05-31,70.95971399068269
2012-06-01,75.39889359688482
2012-06-02,46.636112357473635
2012-06-03,45.338549517011884
2012-06-04,88.23974609362584
2012-06-05,69.13897486176461
2012-06-06,43.651501636513686
2012-06-07,43.82436588605879
2012-06-08,44.364836909072025
2012-06-09,45.27291470703734
2012-06-10,46.548599277245664
2012-06-11,79.58113489791198
2012-06-12,75.821473008716
2012-06-13,76.2708103699748
2012-06-14,87.6171286583872
2012-06-15,48.57419577919439
2012-06-16,48.10874980937287
2012-06-17,47.353115414856305
2012-06-18,46.91803409055005
2012-06-19,87.52097003492446
2012-06-20,76.99674545320215
2012-06-21,78.0981581177844
2012-06-22,72.14307739376707
2012-06-23,49.55092346857075
2012-06-24,83.32571451638367
2012-06-25,75.7952944321582
2012-06-26,87.1257044486622
2012-06-27,88.28778772912993
2012-06-28,52.072697601291786
2012-06-29,51.10122905191988
2012-06-30,49.63781937724938
2012-07-01,47.682468577810994
2012-07-02,85.69753387834729
2012-07-03,77.50569985398525
2012-07-04,45.38181457603252
2012-07-05,82.9281428175166
2012-07-06,86.14749070754378
2012-07-07,48.42925817432017
2012-07-08,50.63353883728596
2012-07-09,78.09328014842545
2012-07-10,98.28241364186428
2012-07-11,84.95015063081105
2012-07-12,98.07092074634984
2012-07-13,93.02133108260954
2012-07-14,55.02886454487673
2012-07-15,54.289692451772545
2012-07-16,78.03927930246513
2012-07-17,84.88952030386481
2012-07-18,101.8576505314537
2012-07-19,112.27346110552506
2012-07-20,95.44289963710084
2012-07-21,88.15539260510326
2012-07-22,58.7950266270805
2012-07-23,116.2595967094569
2012-07-24,97.29602285078104
2012-07-25,91.00369729944448
2012-07-26,89.90976781034115
2012-07-27,96.88840832242046
2012-07-28,57.330313904386045
2012-07-29,55.16136371650135
2012-07-30,110.36672668222879
2012-07-31,100.1012605701722
2012-08-01,83.5471547597672
2012-08-02,94.5214464898533
2012-08-03,78.60644242374053
2012-08-04,54.101050007218205
2012-08-05,56.02228844907263
2012-08-06,97.63391261570047
2012-08-07,81.30981420720461
2012-08-08,108.17301315049068
2012-08-09,58.70577627631466
2012-08-10,58.12628174292551
2012-08-11,57.04664061112461
2012-08-12,55.46685288972214
2012-08-13,99.20414014134171
2012-08-14,98.09787665691105
2012-08-15,50.688866431305634
2012-08-16,77.15442870630389
2012-08-17,47.471356059962744
2012-08-18,45.85294505288395
2012-08-19,44.22809683228943
2012-08-20,77.98063826552999
2012-08-21,80.52553965713822
2012-08-22,83.57452018230393
2012-08-23,73.90637970275522
2012-08-24,42.227955796381956
2012-08-25,43.05274760263375
2012-08-26,44.28581274546165
2012-08-27,74.91849800168707
2012-08-28,82.77349177299365
2012-08-29,71.56511116091187
2012-08-30,74.79959163659123
2012-08-31,73.80585708299681
2012-09-01,44.14237445917959
2012-09-02,42.82403418541061
2012-09-03,76.3237848354409
2012-09-04,77.67337351670058
2012-09-05,72.5966570320119
2012-09-06,77.18900946135514
2012-09-07,73.63055235481909
2012-09-08,44.81995074404567
2012-09-09,46.80359653627123
2012-09-10,74.69009871157681
2012-09-11,81.59725843295067
2012-09-12,50.379522680159695
2012-09-13,78.76986005426804
2012-09-14,85.09751249510254
2012-09-15,50.392931968019006
2012-09-16,49.60573131898615
2012-09-17,78.83172869509472
2012-09-18,48.971531845452525
2012-09-19,96.45259729420607
2012-09-20,85.99713809146672
2012-09-21,82.94470855608157
2012-09-22,51.46394019200047
2012-09-23,52.87054379935071
2012-09-24,80.62796886883575
2012-09-25,90.28232506622618
2012-09-26,92.31329277822384
2012-09-27,53.74893809185434
2012-09-28,87.62536344165996
2012-09-29,84.45865059945183
2012-09-30,49.42231266422545
2012-10-01,75.70996588859403
2012-10-02,68.61412391418993
2012-10-03,89.40259463729241
2012-10-04,80.5918991804004
2012-10-05,68.04960303976861
2012-10-06,43.96753367108267
2012-10-07,70.28413956053676
2012-10-08,76.76978566095481
2012-10-09,67.208800995383
2012-10-10,87.92328896616725
2012-10-11,95.65324687630336
2012-10-12,82.03777641632482
2012-10-13,45.78718415295661
2012-10-14,46.24210751340986
2012-10-15,78.92491038000527
2012-10-16,88.69935593125975
2012-10-17,96.97804005118037
2012-10-18,77.51017404842034
2012-10-19,78.8213946769091
2012-10-20,47.73948397889821
2012-10-21,47.78368610837136
2012-10-22,72.59264664610336
2012-10-23,83.89194924381832
2012-10-24,70.18489812162213
2012-10-25,46.99203257705099
2012-10-26,46.55200368303899
2012-10-27,46.01512858568416
2012-10-28,45.38140728099001
2012-10-29,83.88780891923594
2012-10-30,70.35300755504419
2012-10-31,85.22807974440644
2012-11-01,44.244456358243966
2012-11-02,44.31024907461179
2012-11-03,44.51638209136485
2012-11-04,44.862855408884215
2012-11-05,67.25134728113864
2012-11-06,86.77235019757174
2012-11-07,68.40884493913495
2012-11-08,71.75203793725066
2012-11-09,45.258409810923965
2012-11-10,45.07015825442067
2012-11-11,44.79278588728231
2012-11-12,75.49159144950443
2012-11-13,76.85314018475425
2012-11-14,67.8027620603185
2012-11-15,72.90727462221749
2012-11-16,47.07531049115873
2012-11-17,48.265692703836294
2012-11-18,49.70070067936794
2012-11-19,50.699307928669676
2012-11-20,90.15866848836264
2012-11-21,90.85930906472589
2012-11-22,79.57895023816916
2012-11-23,50.3297296275484
2012-11-24,49.14633323393149
2012-11-25,47.52653610958674
2012-11-26,67.27377975009514
2012-11-27,75.71091731882781
2012-11-28,74.07605451941936
2012-11-29,71.34545766134833
2012-11-30,63.948518347190436
2012-12-01,38.94039931480259
2012-12-02,37.69903545978442
2012-12-03,71.42903889092179
2012-12-04,54.815346380970325
2012-12-05,64.88581961474127
2012-12-06,62.31217847092272
2012-12-07,39.42995909133141
2012-12-08,41.363692398342465
2012-12-09,43.82660856654953
2012-12-10,76.37894308526067
2012-12-11,75.21403439723545
2012-12-12,97.24052659664662
2012-12-13,71.84217678220654
2012-12-14,74.36287550643964
2012-12-15,42.33355755067177
2012-12-16,39.37295770825414
2012-12-17,65.10446458906281
2012-12-18,70.04438345054479
2012-12-19,65.49779848016469
2012-12-20,62.53027935872637
2012-12-21,66.9380768752034
2012-12-22,45.71609357338388
2012-12-23,50.791072036996425
2012-12-24,54.43097918406039
2012-12-25,56.635815015722656
2012-12-26,57.40557953572806
2012-12-27,80.26428101885452
2012-12-28,80.6401143059703
2012-12-29,51.10444520303647
2012-12-30,46.13392446433053
2012-12-31,42.36094031362326
2013-01-01,39.78549276391215
2013-01-02,38.40503366900014
2013-01-03,63.7039053382866
2013-01-04,68.30614059366293
2013-01-05,69.12146280830191
2013-01-06,44.833081893955864
2013-01-07,69.18355874480139
2013-01-08,82.72539562230978
2013-01-09,79.30122757692249
2013-01-10,75.25331286652279
2013-01-11,84.78670347960697
2013-01-12,50.50635666674252
2013-01-13,48.9979535122114
2013-01-14,80.9483491846856
2013-01-15,73.78465160669025
2013-01-16,78.90667147075848
2013-01-17,64.55478669707246
2013-01-18,81.88929348978142
2013-01-19,48.46930255622571
2013-01-20,49.80148872512798
2013-01-21,100.67018341834937
2013-01-22,71.11482148235281
2013-01-23,72.17432293808353
2013-01-24,78.93181060167335
2013-01-25,51.50627857969042
2013-01-26,50.85600835181316
2013-01-27,80.03204610286872
2013-01-28,63.28289930025371
2013-01-29,80.08684716429744
2013-01-30,64.23839834791838
2013-01-31,71.5849634881144
2013-02-01,74.1991524270388
2013-02-02,46.19771130748864
2013-02-03,64.17737573681451
2013-02-04,65.91136804994008
2013-02-05,74.00985661012128
2013-02-06,70.50925426672215
2013-02-07,66.90625679125068
2013-02-08,62.98714356460526
2013-02-09,65.08615177203397
2013-02-10,47.8663326511805
2013-02-11,73.4881500035204
2013-02-12,64.48156152988327
2013-02-13,70.68032161029146
2013-02-14,80.93779411436901
2013-02-15,69.83964867388745
2013-02-16,66.6066537094698
2013-02-17,64.67611205883553
2013-02-18,76.42439359602344
2013-02-19,67.6488283872279
2013-02-20,71.9293486828921
2013-02-21,73.3621919847173
2013-02-22,71.56413510840375
2013-02-23,47.613532921242914
2013-02-24,48.2157120088589
2013-02-25,64.54248753259226
2013-02-26,80.71957571638464
2013-02-27,78.04273688666599
2013-02-28,81.60572048660595
2013-03-01,72.16630043967892
2013-03-02,48.73017555809386
2013-03-03,65.57133048913299
2013-03-04,61.056195242366215
2013-03-05,72.07000208800271
2013-03-06,67.38006083848357
2013-03-07,70.74620943183038
2013-03-08,59.98940559841773
2013-03-09,44.402811760662686
2013-03-10,43.43500493725359
2013-03-11,43.063202950933615
2013-03-12,64.74790458459533
2013-03-13,61.49636585657562
2013-03-14,64.39756825911597
2013-03-15,64.34996097086257
2013-03-16,50.14426561400789
2013-03-17,53.348492668342615
2013-03-18,68.81968671090657
2013-03-19,74.4267083785366
2013-03-20,79.271108495341707
2013-03-21,78.99372324118552
2013-03-22,52.90050022110414
2013-03-23,49.517076187132275
2013-03-24,61.27479308844466
2013-03-25,62.3827251218681
2013-03-26,61.14281317519654
2013-03-27,61.62680367151323
2013-03-28,56.63452239509532
2013-03-29,59.77776235937744
2013-03-30,52.18278133702757
2013-03-31,75.86042180019356
2013-04-01,64.47988030442099
2013-04-02,105.30529316864691
2013-04-03,108.23130724955425
2013-04-04,104.15529244400042
2013-04-05,96.62206328674213
2013-04-06,69.24882829237147
2013-04-07,65.72303141115316
2013-04-08,93.56126782513898
2013-04-09,73.33684604673692
2013-04-10,74.1736494256822
2013-04-11,72.7061177364491
2013-04-12,79.23705911240872
2013-04-13,58.39202501659686
2013-04-14,59.47415309859215
2013-04-15,72.5502313725211
2013-04-16,79.800381391704
2013-04-17,82.56588432238497
2013-04-18,73.94872270442356
2013-04-19,76.1758417001654
2013-04-20,60.313890273684535
2013-04-21,59.51167458979192
2013-04-22,75.90121302345571
2013-04-23,77.48336900572683
2013-04-24,80.13242632185563
2013-04-25,72.57277949798166
2013-04-26,67.78979901733376
2013-04-27,53.579300135468685
2013-04-28,52.40405767647806
2013-04-29,64.18898677586604
2013-04-30,67.09036546928583
2013-05-01,68.00621121388521
2013-05-02,61.97142502911413
2013-05-03,64.2191288103642
2013-05-04,49.31288315752397
2013-05-05,49.587144943515995
2013-05-06,70.17938946505357
2013-05-07,67.54588148471356
2013-05-08,50.740268923170476
2013-05-09,51.23475645777887
2013-05-10,51.78430043388806
2013-05-11,52.388900849429376
2013-05-12,53.04855770117743
2013-05-13,71.59777589433625
2013-05-14,69.23520718377335
2013-05-15,67.90037933409208
2013-05-16,73.245834448978
2013-05-17,55.95499829443855
2013-05-18,56.45791767862041
2013-05-19,56.93471415306514
2013-05-20,57.3960356536662
2013-05-21,77.29045920489534
2013-05-22,69.7689495195332
2013-05-23,75.26155340975063
2013-05-24,70.9812302701388
2013-05-25,59.47051859341339
2013-05-26,59.83899027005858
2013-05-27,73.73824055037888
2013-05-28,82.00710981495092
2013-05-29,73.29261097528614
2013-05-30,70.58813559264624
2013-05-31,75.52238223076405
2013-06-01,62.51520279038588
2013-06-02,63.00205091092126
2013-06-03,72.77142179860134
2013-06-04,79.46436749319966
2013-06-05,75.368521247724
2013-06-06,72.17219043388641
2013-06-07,71.07294752227223
2013-06-08,56.64605902311712
2013-06-09,63.6358661047605
2013-06-10,65.70859732334623
2013-06-11,63.35065134585074
2013-06-12,72.39209389269776
2013-06-13,78.41783718022741
2013-06-14,81.42788121876373
2013-06-15,83.72156515892274
2013-06-16,96.22074998617661
2013-06-17,121.16157938485438
2013-06-18,145.3228532205426
2013-06-19,172.72841500064249
2013-06-20,141.29610755483114
2013-06-21,130.35313171977867
2013-06-22,116.90609595498726
2013-06-23,106.65913008173031
2013-06-24,113.30800574183331
2013-06-25,111.16202967932773
2013-06-26,102.34735365407266
2013-06-27,98.64440599363724
2013-06-28,105.72783781516587
2013-06-29,101.03538365322285
2013-06-30,107.22511478322593
2013-07-01,137.04805787809084
2013-07-02,133.02354386697414
2013-07-03,131.7493876395256
2013-07-04,132.69865729960853
2013-07-05,125.38061795353829
2013-07-06,117.89085955063285
2013-07-07,104.04990810274846
2013-07-08,120.21301558443962
2013-07-09,119.59378895897167
2013-07-10,109.54716565241876
2013-07-11,117.87156648059552
2013-07-12,109.68999608214784
2013-07-13,104.93006046174874
2013-07-14,92.76570444027456
2013-07-15,92.24086954593943
2013-07-16,92.14627740138411
2013-07-17,91.42806422196452
2013-07-18,86.49351258190893
2013-07-19,89.12673564861612
2013-07-20,73.74758532459258
2013-07-21,74.7982460360208
2013-07-22,98.49307692706074
2013-07-23,99.05533068252237
2013-07-24,86.88730607967909
2013-07-25,93.75967971357124
2013-07-26,91.14811760952774
2013-07-27,68.7387571168144
2013-07-28,65.66826676499855
2013-07-29,74.6603333615963
2013-07-30,82.8290770516776
2013-07-31,73.64799765728078
2013-08-01,80.69702742445085
2013-08-02,67.85501612403576
2013-08-03,55.384890053136296
2013-08-04,55.214471083557754
2013-08-05,54.764725719224096
2013-08-06,54.03565395870656
2013-08-07,67.48656164428935
2013-08-08,51.739531257749945
2013-08-09,63.920612346194744
2013-08-10,48.32610297880555
2013-08-11,46.20039924573612
2013-08-12,58.308706400576156
2013-08-13,42.68808486062141
2013-08-14,53.51671346772634
2013-08-15,40.16122790842722
2013-08-16,39.26734597300727
2013-08-17,38.61982839396046
2013-08-18,38.21867517465216
2013-08-19,57.30424789034487
2013-08-20,53.29086927031152
2013-08-21,36.9566916064455
2013-08-22,36.51652245031906
2013-08-23,53.665387458847654
2013-08-24,53.47470353474844
2013-08-25,35.13749107117516
2013-08-26,53.21935854142272
2013-08-27,49.757798071973625
2013-08-28,50.380860665955026
2013-08-29,49.436004231817165
2013-08-30,35.13911559990457
2013-08-31,35.60919652244692
2013-09-01,36.235862783242396
2013-09-02,36.541753004150166
2013-09-03,51.472571694436645
2013-09-04,52.95721999197741
2013-09-05,35.53476741553581
2013-09-06,34.5575534702977
2013-09-07,33.25956348261876
2013-09-08,31.640797447816357
2013-09-09,51.224286513996205
2013-09-10,47.92462418173994
2013-09-11,44.22669431120576
2013-09-12,46.188371205494335
2013-09-13,45.35663560572058
2013-09-14,31.671878704791457
2013-09-15,33.30100515325407
2013-09-16,54.04999949547961
2013-09-17,51.04576706878093
2013-09-18,52.167795124031066
2013-09-19,53.871269138086504
2013-09-20,37.95308745763781
2013-09-21,38.184793930907205
2013-09-22,38.183597074728596
2013-09-23,37.992804377548865
2013-09-24,55.87447489456409
2013-09-25,37.042431457216864
2013-09-26,36.2828512327864
2013-09-27,35.33367516930636
2013-09-28,34.19490326181183
2013-09-29,32.866535517453364
2013-09-30,45.67453576122432
2013-10-01,58.2001313846527
2013-10-02,53.595608268245016
2013-10-03,53.70468838606084
2013-10-04,30.695787388785
2013-10-05,31.178426060573276
2013-10-06,31.967601255493594
2013-10-07,32.688778318339715
2013-10-08,33.341957257576084
2013-10-09,50.02251215441647
2013-10-10,34.44432075510191
2013-10-11,34.89350531064822
2013-10-12,35.274691739542746
2013-10-13,35.587880041328845
2013-10-14,35.868585855599065
2013-10-15,63.421461645815725
2013-10-16,36.33255001321591
2013-10-17,36.515808361836065
2013-10-18,55.300811956690715
2013-10-19,36.78487759161849
2013-10-20,36.870688472295065
2013-10-21,55.409513119259614
2013-10-22,36.81924926594351
2013-10-23,64.40672322084666
2013-10-24,36.470395434153986
2013-10-25,60.51911075631891
2013-10-26,35.824126975474215
2013-10-27,35.38946226504552
2013-10-28,34.893210513788915
2013-10-29,55.17313282083589
2013-10-30,56.757240352836085
2013-10-31,60.674905804110104
2013-11-01,32.29233314935222
2013-11-02,31.46574919056666
2013-11-03,30.555181166875983
2013-11-04,50.76327781314467
2013-11-05,52.747019643318055
2013-11-06,57.45471290029825
2013-11-07,52.906947980533346
2013-11-08,53.032413996628705
2013-11-09,35.01459164019893
2013-11-10,37.41162982075207
2013-11-11,38.950665404631735
2013-11-12,62.050255154925296
2013-11-13,62.40021743698318
2013-11-14,67.78423370725297
2013-11-15,65.17271541936572
2013-11-16,33.77580438457095
2013-11-17,30.166824390581112
2013-11-18,58.01082817364154
2013-11-19,49.285699071274166
2013-11-20,65.29977819539455
2013-11-21,52.416557957592815
2013-11-22,29.07865449140013
2013-11-23,60.10974475346356
2013-11-24,36.5565272321006
2013-11-25,73.11274807045467
2013-11-26,41.75606709380949
2013-11-27,42.65144625093597
2013-11-28,42.41056489199283
2013-11-29,41.03342302074311
2013-11-30,38.52002062910211
2013-12-01,34.87035772105148
2013-12-02,31.808776154663885
2013-12-03,65.21454733345597
2013-12-04,55.185635610159316
2013-12-05,52.860228158881775
2013-12-06,25.443263311002337
2013-12-07,25.322088454924586
2013-12-08,25.78899494148347
2013-12-09,49.39439402651651
2013-12-10,49.816182321186595
2013-12-11,53.44885720662222
2013-12-12,29.10763139310966
2013-12-13,30.30004313759383
2013-12-14,31.63755593390665
2013-12-15,33.12016977808281
2013-12-16,60.259743235112644
2013-12-17,34.591327637123854
2013-12-18,60.160019754212556
2013-12-19,67.07548984699145
2013-12-20,33.0628898485759
2013-12-21,31.557364030728998
2013-12-22,29.553814938066797
2013-12-23,28.085456050761778
2013-12-24,27.152287363586545
2013-12-25,26.754308882248157
2013-12-26,54.29197887208934
2013-12-27,27.56392253715441
2013-12-28,28.771514666106278
2013-12-29,30.514296999548087
2013-12-30,31.891292969809694
2013-12-31,32.90250257093801
2014-01-01,33.54792580993977
2014-01-02,33.80701184145458
2014-01-03,33.67976067460167
2014-01-04,33.16617230619491
2014-01-05,32.26624673488003
2014-01-06,31.409783130384895
2014-01-07,58.32150553907548
2014-01-08,29.827241831888013
2014-01-09,56.93274849309623
2014-01-10,74.21371991372074
2014-01-11,58.10192975559285
2014-01-12,60.95524669873328
2014-01-13,74.14969120233374
2014-01-14,59.98568170277542
2014-01-15,50.3665489763276
2014-01-16,51.615475699640804
2014-01-17,25.553851319753733
2014-01-18,25.49760249232544
2014-01-19,25.53126082835984
2014-01-20,45.74472296432987
2014-01-21,45.05941053422821
2014-01-22,55.975598135476965
2014-01-23,63.10540065530981
2014-01-24,58.13582268179462
2014-01-25,26.0769416512485
2014-01-26,26.225176922093606
2014-01-27,63.152719236773414
2014-01-28,53.89174740746498
2014-01-29,58.7999142588273
2014-01-30,56.991555799520384
2014-01-31,56.51435907056984
2014-02-01,26.902080267857222
2014-02-02,59.74901421742739
2014-02-03,69.29787366194981
2014-02-04,59.83781049198076
2014-02-05,54.406434314992445
2014-02-06,27.357269945065347
2014-02-07,80.96669171947303
2014-02-08,27.573250132542945
2014-02-09,27.688505435160977
2014-02-10,53.91885084897416
2014-02-11,70.19340338001656
2014-02-12,56.967780202151054
2014-02-13,67.55790798205265
2014-02-14,61.00680801651844
2014-02-15,30.560171541282287
2014-02-16,60.86242119383097
2014-02-17,61.081573025632665
2014-02-18,78.97313256433351
2014-02-19,59.02132463292694
2014-02-20,73.73271422014992
2014-02-21,66.72927396910546
2014-02-22,35.446356363360636
2014-02-23,35.95246233170678
2014-02-24,75.59560199868402
2014-02-25,57.61191926227212
2014-02-26,65.83148747346065
2014-02-27,61.74037579035371
2014-02-28,36.33283918997513
2014-03-01,35.97888396254949
2014-03-02,63.550391663913636
2014-03-03,35.00363098564244
2014-03-04,58.02431901256265
2014-03-05,34.124095274761544
2014-03-06,33.720221393148094
2014-03-07,64.66877281711082
2014-03-08,32.98426158062452
2014-03-09,32.6521756536237
2014-03-10,80.55636972457333
2014-03-11,75.76543547055795
2014-03-12,68.76902850962823
2014-03-13,57.79474156920327
2014-03-14,60.854064702272815
2014-03-15,32.63085539178909
2014-03-16,32.955834569660595
2014-03-17,80.71159766363714
2014-03-18,66.24840871327848
2014-03-19,55.14533653947157
2014-03-20,32.887802723895675
2014-03-21,57.467793842341415
2014-03-22,61.349591890300765
2014-03-23,31.400432849833226
2014-03-24,75.13387168380315
2014-03-25,64.93658529380568
2014-03-26,64.61523522747858
2014-03-27,59.7989517706242
2014-03-28,60.83476111418583
2014-03-29,29.783567204367365
2014-03-30,58.618936243025345
2014-03-31,52.00882427125861
2014-04-01,86.40625819853655
2014-04-02,67.54096098921241
2014-04-03,70.71628996972952
2014-04-04,52.20058313947079
2014-04-05,22.47352087447561
2014-04-06,46.31456205931017
2014-04-07,51.1471196427634
2014-04-08,55.90389326747615
2014-04-09,50.809006687737266
2014-04-10,50.85606731481615
2014-04-11,46.70400982597813
2014-04-12,27.047750040808694
2014-04-13,31.982014483233705
2014-04-14,35.77759410101903
2014-04-15,68.32589791444212
2014-04-16,77.31696014450269
2014-04-17,40.33222402789247
2014-04-18,39.573064361206484
2014-04-19,37.67521987395202
2014-04-20,34.63869056607439
2014-04-21,32.18501228226422
2014-04-22,51.00823741696277
2014-04-23,29.02620879009659
2014-04-24,54.092843276652665
2014-04-25,28.198809392050503
2014-04-26,28.65938623140462
2014-04-27,29.70281409625522
2014-04-28,57.571154281968546
2014-04-29,63.88247873744503
2014-04-30,31.679161191278297
2014-05-01,31.95329805402071
2014-05-02,32.04368757516775
2014-05-03,31.950329750962652
2014-05-04,31.673224576317708
2014-05-05,61.634562999574314
2014-05-06,69.77863307984609
2014-05-07,72.665098548514493
2014-05-08,29.61334358204134
2014-05-09,28.860508252015816
2014-05-10,28.01252689645526
2014-05-11,27.06939950449179
2014-05-12,59.05944748683138
2014-05-13,53.56540921289356
2014-05-14,66.2025505012399
2014-05-15,52.70859261559542
2014-05-16,52.74713597577039
2014-05-17,27.947958436344713
2014-05-18,29.183938802540602
2014-05-19,58.103208398149505
2014-05-20,30.735670003757235
2014-05-21,31.051420837198318
2014-05-22,69.95758253695077
2014-05-23,57.77992804997439
2014-05-24,30.15821427753666
2014-05-25,29.246992404172644
2014-05-26,52.73819641508413
2014-05-27,65.56690419748966
2014-05-28,28.06951532019924
2014-05-29,28.195752469117213
2014-05-30,28.58135437406703
2014-05-31,29.226321038617126
2014-06-01,30.130652456327674
2014-06-02,69.75618846655837
2014-06-03,66.83013355486482
2014-06-04,77.5536428303486
2014-06-05,65.32890141697678
2014-06-06,61.90447687032885
2014-06-07,31.86170259433927
2014-06-08,31.534387890709116
2014-06-09,31.357453148897726
2014-06-10,31.33089837634022
2014-06-11,62.49580216455247
2014-06-12,55.05764057555763
2014-06-13,70.42793021345317
2014-06-14,32.72847895123098
2014-06-15,33.45382401423857
2014-06-16,34.078946473156314
2014-06-17,34.603846333019966
2014-06-18,69.253302550325
2014-06-19,35.3529782484442
2014-06-20,35.57721030691815
2014-06-21,35.70121976778281
2014-06-22,35.72500662385541
2014-06-23,65.95063786804376
2014-06-24,63.14628673629978
2014-06-25,60.93978836759792
2014-06-26,67.37882980838529
2014-06-27,36.189210562798564
2014-06-28,36.35110527997459
2014-06-29,36.536017975336065
2014-06-30,70.17724483860832
2014-07-01,61.97142854356538
2014-07-02,65.08338341823412
2014-07-03,66.00449193038608
2014-07-04,34.84334505689217
2014-07-05,33.96951738395338
2014-07-06,32.91676510432281
2014-07-07,62.878800332585215
2014-07-08,32.45689164624955
2014-07-09,61.216675109569266
2014-07-10,60.873107747557945
2014-07-11,72.910100156479
2014-07-12,38.119669084437064
2014-07-13,40.906722690739976
2014-07-14,42.99887004739985
2014-07-15,84.29922607269543
2014-07-16,45.09844600748243
2014-07-17,45.105874619000836
2014-07-18,44.4183969780579
2014-07-19,43.03601309020565
2014-07-20,40.958722952162994
2014-07-21,39.00138895651044
2014-07-22,77.01922311634138
2014-07-23,70.7031230799233
2014-07-24,63.16569800960082
2014-07-25,32.3716143335705
2014-07-26,31.01406101748266
2014-07-27,29.77646384060015
2014-07-28,54.91689833334392
2014-07-29,28.257833215094077
2014-07-30,66.10750742517415
2014-07-31,28.014620897618908
2014-08-01,59.98720998862534
2014-08-02,29.06445139732357
2014-08-03,63.03654048186816
2014-08-04,30.552809005363933
2014-08-05,30.440622589370985
2014-08-06,29.75752602067941
2014-08-07,80.38235898999017
2014-08-08,26.678602436191962
2014-08-09,24.28277542356182
2014-08-10,53.65049512497862
2014-08-11,52.10192987286135
2014-08-12,44.78610166500677
2014-08-13,49.52288896113687
2014-08-14,19.31954777645286
2014-08-15,55.92183572476404
2014-08-16,24.2435774443593
2014-08-17,28.186161007023887
2014-08-18,31.33837546608792
2014-08-19,33.70022082309782
2014-08-20,35.271697074657986
2014-08-21,67.76452340793837
2014-08-22,36.04354227653222
2014-08-23,35.24391122357756
2014-08-24,33.65391106929075
2014-08-25,32.11196129930796
2014-08-26,30.61806191297258
2014-08-27,29.17221291060972
2014-08-28,27.77441429343483
2014-08-29,26.424666056442067
2014-08-30,25.122968205523613
2014-08-31,23.86932073704224
2014-09-01,47.408252769231396
2014-09-02,54.081449196925945
2014-09-03,65.51154168424443
2014-09-04,63.613343418987455
2014-09-05,25.968297638814366
2014-09-06,28.05663391783682
2014-09-07,30.701150493275197
2014-09-08,61.317494055891586
2014-09-09,33.536737588261076
2014-09-10,33.72780810911192
2014-09-11,33.10106327753573
2014-09-12,61.59581500944502
2014-09-13,29.394127552524562
2014-09-14,26.31393666307482
2014-09-15,52.72559159856712
2014-09-16,45.39726559548234
2014-09-17,21.57400231330471
2014-09-18,21.494236970536836
2014-09-19,53.82470945767135
2014-09-20,23.585025445546545
2014-09-21,25.755579262349688
2014-09-22,54.6435665368923
2014-09-23,55.63968232590665
2014-09-24,30.468431012511445
2014-09-25,31.439778356911187
2014-09-26,60.85306352557321
2014-09-27,32.48306820225815
2014-09-28,32.555010698223846
2014-09-29,60.483102150505715
2014-09-30,31.766628608017957
2014-10-01,88.38978289474747
2014-10-02,61.91817978785149
2014-10-03,58.12142041057477
2014-10-04,26.414043356703395
2014-10-05,24.27952750419534
2014-10-06,47.973824933393374
2014-10-07,48.635978599563416
2014-10-08,49.259380053838655
2014-10-09,21.102289855586296
2014-10-10,46.366082803338045
2014-10-11,22.73016648974378
2014-10-12,24.34822867465362
2014-10-13,52.24366572890733
2014-10-14,56.4058510362689
2014-10-15,59.25334135270511
2014-10-16,29.17022329999779
2014-10-17,53.97356537662952
2014-10-18,30.591068152189273
2014-10-19,31.0539524613912
2014-10-20,68.14901884368999
2014-10-21,66.9561331551815
2014-10-22,30.924304136828106
2014-10-23,53.799505246444305
2014-10-24,29.572620866166872
2014-10-25,28.517203915236212
2014-10-26,27.20873675387748
2014-10-27,47.7567112209352
2014-10-28,49.778983393889334
2014-10-29,70.73562034907157
2014-10-30,60.90341285567645
2014-10-31,63.57184231269957
2014-11-01,23.648889961215637
2014-11-02,23.779395169650503
2014-11-03,57.997440785968074
2014-11-04,24.557269208669688
2014-11-05,65.1556558549477
2014-11-06,71.3404372575577
2014-11-07,53.26702800960999
2014-11-08,28.180471781762567
2014-11-09,29.516992110340908
2014-11-10,55.008282240384574
2014-11-11,31.07548920710821
2014-11-12,63.48821414807156
2014-11-13,71.76958663120868
2014-11-14,68.18274881911825
2014-11-15,29.73430915896793
2014-11-16,28.470227843837204
2014-11-17,53.861362471427505
2014-11-18,58.41751587533811
2014-11-19,58.94155111235048
2014-11-20,62.33148564796791
2014-11-21,70.4186841577513
2014-11-22,25.354868768626098
2014-11-23,25.58049705953538
2014-11-24,53.92608408600873
2014-11-25,58.12956696774876
2014-11-26,69.32783010006332
2014-11-27,64.287967435181
2014-11-28,60.2071197371177
2014-11-29,23.93648085432416
2014-11-30,54.73454248360119
2014-12-01,54.98875212922169
2014-12-02,48.515108639029485
2014-12-03,58.70496611213783
2014-12-04,55.53426134962058
2014-12-05,60.02131252730778
2014-12-06,27.77118672797738
2014-12-07,30.063397760570375
2014-12-08,31.792833686497275
2014-12-09,77.3175790392052
2014-12-10,70.73602989292118
2014-12-11,61.57978387956054
2014-12-12,58.56716862889654
2014-12-13,31.998386720577024
2014-12-14,30.351172006503056
2014-12-15,63.820889348526435
2014-12-16,63.5600182722156
2014-12-17,58.31029822196396
2014-12-18,53.64320483610525
2014-12-19,67.9681907166901
2014-12-20,28.060147376751345
2014-12-21,28.94368721641451
2014-12-22,29.73629686346584
2014-12-23,56.97618240029951
2014-12-24,31.048725579201445
2014-12-25,31.568544648677133
2014-12-26,69.45750059438055
2014-12-27,32.3353922138258
2014-12-28,32.58242070741194
2014-12-29,32.66248616957516
2014-12-30,32.57558860003685
2014-12-31,32.32172799948438
2015-01-01,31.90090436817014
2015-01-02,31.339710537929328
2015-01-03,30.638146510211413
2015-01-04,29.79621228574509
2015-01-05,28.869402442589465
2015-01-06,27.857716987107096
2015-01-07,61.155437430078344
2015-01-08,25.579719206390273
2015-01-09,24.313406889598575
2015-01-10,22.962218950888865
2015-01-11,21.526155397274618
2015-01-12,52.18736417013119
2015-01-13,53.63013446655688
2015-01-14,39.517847035123125
2015-01-15,47.42111409868973
2015-01-16,51.45763080450298
2015-01-17,18.99446837847244
2015-01-18,19.586636257108506
2015-01-19,60.58407050377295
2015-01-20,53.558019444694
2015-01-21,45.40542126008688
2015-01-22,62.80819073639361
2015-01-23,51.82766351610344
2015-01-24,23.625215091609405
2015-01-25,24.379240157196737
2015-01-26,61.56388650840557
2015-01-27,25.673126896739536
2015-01-28,49.78121491085751
2015-01-29,66.25662674885695
2015-01-30,27.078548527360212
2015-01-31,27.404246813451348
2015-02-01,27.658557299276445
2015-02-02,79.24332888761384
2015-02-03,71.22281701515705
2015-02-04,75.73141800358135
2015-02-05,28.1665452013171
2015-02-06,28.166228664703308
2015-02-07,28.114986724015576
2015-02-08,28.012819379683943
2015-02-09,56.14245987235843
2015-02-10,62.58908737960812
2015-02-11,27.520901690192936
2015-02-12,67.15033593288929
2015-02-13,27.03844352342352
2015-02-14,26.750860528336606
2015-02-15,26.43237492361623
2015-02-16,48.441890633990965
2015-02-17,25.65639155891978
2015-02-18,25.19889380380552
2015-02-19,51.137458945423816
2015-02-20,60.83850681992894
2015-02-21,23.548376224395664
2015-02-22,22.905528932070812
2015-02-23,22.29647011998098
2015-02-24,43.133795668902465
2015-02-25,51.741767537296084
2015-02-26,64.31156561298664
2015-02-27,44.48488950343595
2015-02-28,19.758003269447862
2015-03-01,59.0594938268047
2015-03-02,52.05354909526418
2015-03-03,48.404420891855466
2015-03-04,52.28334626929345
2015-03-05,55.83424978346706
2015-03-06,23.89640351616669
2015-03-07,26.12062271828688
2015-03-08,28.783266440160556
2015-03-09,56.92956631311887
2015-03-10,80.38069592988852
2015-03-11,53.820512770865705
2015-03-12,31.76251597648368
2015-03-13,30.589497025964235
2015-03-14,28.649345537093605
2015-03-15,25.94206151303524
2015-03-16,54.55116238139442
2015-03-17,57.35796827063862
2015-03-18,53.44625719517198
2015-03-19,49.35661729425429
2015-03-20,47.10097033295049
2015-03-21,21.051265311389127
2015-03-22,22.128283931291886
2015-03-23,49.55433225012678
2015-03-24,65.15079971218583
2015-03-25,58.04372822470063
2015-03-26,55.15454706965774
2015-03-27,58.01614901328985
2015-03-28,23.61173069630904
2015-03-29,23.029194327981493
2015-03-30,60.72846618656858
2015-03-31,50.92650855947234
2015-04-01,44.65096347079826
2015-04-02,55.17111876192466
2015-04-03,19.940527611096876
2015-04-04,52.14268599418134
2015-04-05,18.60753451234593
2015-04-06,46.81323091514578
2015-04-07,48.33102353163021
2015-04-08,49.36379814757529
2015-04-09,62.5100172184744
2015-04-10,52.56104993357555
2015-04-11,26.510719555008485
2015-04-12,29.81887729223409
2015-04-13,65.6085199392827
2015-04-14,33.5709768519298
2015-04-15,34.014918672788525
2015-04-16,59.76964989010841
2015-04-17,68.82801287115824
2015-04-18,29.61831228581644
2015-04-19,55.70358246445385
2015-04-20,46.70450177677982
2015-04-21,57.32618095068688
2015-04-22,20.312949698699253
2015-04-23,46.99114544993243
2015-04-24,19.854956797543124
2015-04-25,20.67463244364578
2015-04-26,22.193422818130443
2015-04-27,45.4767708342531
2015-04-28,24.562384473773413
2015-04-29,56.1441079180237
2015-04-30,63.89051393000946
2015-05-01,26.44427919902838
2015-05-02,26.632772368351045
2015-05-03,26.605333495445887
2015-05-04,51.008344728362445
2015-05-05,82.16563630667383
2015-05-06,53.396372740413256
2015-05-07,50.54254914705223
2015-05-08,28.623343309009424
2015-05-09,29.457986103630983
2015-05-10,30.436309179323196
2015-05-11,31.422029823943717
2015-05-12,32.415148037485665
2015-05-13,33.415663821454004
2015-05-14,34.423577175459286
2015-05-15,35.43888810144942
2015-05-16,36.46159659664501
2015-05-17,37.4917026608108
2015-05-18,37.98362410480208
2015-05-19,37.93736092556502
2015-05-20,37.3529131293461
2015-05-21,56.34949831583438
2015-05-22,34.569463664493504
2015-05-23,32.37046199965631
2015-05-24,29.63327571092754
2015-05-25,27.537534890955722
2015-05-26,49.9388832724168
2015-05-27,61.676592939911075
2015-05-28,47.996570981927505
2015-05-29,49.623651280129906
2015-05-30,26.68051278568404
2015-05-31,28.433444763969703
2015-06-01,29.811829043081186
2015-06-02,63.914737656850214
2015-06-03,60.899743759744545
2015-06-04,31.688708345403388
2015-06-05,31.561576929697374
2015-06-06,31.05806659417924
2015-06-07,30.178177327696893
2015-06-08,53.224376491632185
2015-06-09,65.56286805524854
2015-06-10,56.51130552835672
2015-06-11,66.9787647142007
2015-06-12,28.272488353056037
2015-06-13,28.390102027462788
2015-06-14,28.673966189856984
2015-06-15,50.215329105148456
2015-06-16,60.58024326927769
2015-06-17,58.28740364900561
2015-06-18,53.12374100371376
2015-06-19,63.77138597526783
2015-06-20,26.42367700292172
2015-06-21,25.389716443519184
2015-06-22,45.17822065825638
2015-06-23,25.144119421865327
2015-06-24,45.09364258503169
2015-06-25,54.44132873013501
2015-06-26,53.47459525240843
2015-06-27,61.54621338025727
2015-06-28,35.16035075377283
2015-06-29,37.641619822282294
2015-06-30,65.69577506491807
2015-07-01,80.15298439662298
2015-07-02,40.646812815337135
2015-07-03,40.14573288595293
2015-07-04,38.8903383863306
2015-07-05,36.880629320267545
2015-07-06,63.855095173349376
2015-07-07,70.66536150749889
2015-07-08,68.95183279239193
2015-07-09,50.85843358755869
2015-07-10,61.12647161669889
2015-07-11,30.919480919761234
2015-07-12,30.942140520630396
2015-07-13,56.94164758831214
2015-07-14,56.91756277805615
2015-07-15,58.498804328321505
2015-07-16,33.894321106337664
2015-07-17,61.981763679618396
2015-07-18,37.0873367105347
2015-07-19,39.11307584509245
2015-07-20,65.7913388578946
2015-07-21,66.15344113612868
2015-07-22,68.74951053275568
2015-07-23,40.8139640848122
2015-07-24,71.92522304220957
2015-07-25,37.82316722816962
2015-07-26,35.36745855826079
2015-07-27,33.39690262246084
2015-07-28,31.911499419816636
2015-07-29,55.01009201953582
2015-07-30,51.42552390428658
2015-07-31,66.82031240109616
2015-08-01,30.82141394615957
2015-08-02,31.792371290194648
2015-08-03,32.48669873122506
2015-08-04,32.90439627133775
2015-08-05,59.67947578450125
2015-08-06,66.82515417294101
2015-08-07,54.4372372388665
2015-08-08,31.80888739411125
2015-08-09,30.84343541859029
2015-08-10,30.087242824007863
2015-08-11,48.36614894779239
2015-08-12,29.202635791649076
2015-08-13,51.00637944113845
2015-08-14,29.155066285805468
2015-08-15,29.44517061046944
2015-08-16,29.944534314231007
2015-08-17,51.299530783741645
2015-08-18,46.948542124097116
2015-08-19,59.90837169224215
2015-08-20,30.683618855993945
2015-08-21,30.553797422389184
2015-08-22,30.298138958127577
2015-08-23,29.91664346723889
2015-08-24,46.02836158316729
2015-08-25,30.059753661103006
2015-08-26,30.584359347099884
2015-08-27,31.410998760779272
2015-08-28,58.67254575467571
2015-08-29,33.97037876356042
2015-08-30,35.7031193557429
2015-08-31,37.00174484883047
2015-09-01,37.86625524604892
2015-09-02,38.27263210261012
2015-09-03,62.795062634430394
2015-09-04,37.710985180930344
2015-09-05,36.74296140395387
2015-09-06,35.316804082746316
2015-09-07,59.371175985629996
2015-09-08,49.171161977701516
2015-09-09,32.165123226468324
2015-09-10,54.86677471655251
2015-09-11,53.554206187617595
2015-09-12,30.703629027094856
2015-09-13,30.592061330049987
2015-09-14,47.30824638625661
2015-09-15,49.45736112250009
2015-09-16,65.56005466486906
2015-09-17,53.05644362014155
2015-09-18,51.99335160483085
2015-09-19,38.80255228311266
2015-09-20,41.650950301388804
2015-09-21,67.17198711784127
2015-09-22,69.47468543145874
2015-09-23,85.92330651498304
2015-09-24,75.12974557773445
2015-09-25,59.608365174387224
2015-09-26,43.957843616104405
2015-09-27,57.84112994211183
2015-09-28,55.59675610878065
2015-09-29,53.05478784034071
2015-09-30,49.6846084072705
2015-10-01,57.49510611407458
2015-10-02,34.98997747304401
2015-10-03,34.33547956112755
2015-10-04,33.927404900673565
2015-10-05,55.98915565207257
2015-10-06,33.55247892610845
2015-10-07,46.95053644935129
2015-10-08,48.424137861364365
2015-10-09,48.17660065734665
2015-10-10,51.429340837638605
2015-10-11,35.18896685068433
2015-10-12,35.82880232263565
2015-10-13,57.00420693212639
2015-10-14,56.61958692263342
2015-10-15,56.44496749450293
2015-10-16,59.649309663453494
2015-10-17,39.303814479672006
2015-10-18,40.05398387483234
2015-10-19,53.12406438295499
2015-10-20,79.3763081933348
2015-10-21,56.24952912553815
2015-10-22,55.023240983090105
2015-10-23,38.90801728906611
2015-10-24,37.6994612610292
2015-10-25,36.16445099892394
2015-10-26,34.979742495369976
2015-10-27,46.21686631302671
2015-10-28,50.77362024748204
2015-10-29,48.07516950680413
2015-10-30,48.92914508622853
2015-10-31,34.31072638128023
2015-11-01,35.227828439470656
2015-11-02,55.50125672929825
2015-11-03,51.0603441105319
2015-11-04,52.515043082359234
2015-11-05,51.673957909392854
2015-11-06,51.98609732433195
2015-11-07,40.80509597328374
2015-11-08,41.74708309121026
2015-11-09,42.124396746104736
2015-11-10,58.253501323216554
2015-11-11,41.1850036569336
2015-11-12,51.93982747547131
2015-11-13,37.98691670042195
2015-11-14,35.540863019400874
2015-11-15,32.53013587708196
2015-11-16,30.71631899637861
2015-11-17,43.320612521089544
2015-11-18,30.67941602573419
2015-11-19,32.45632993760883
2015-11-20,35.430154115482125
2015-11-21,39.60088855794706
2015-11-22,44.96853326167194
2015-11-23,66.47125291496835
2015-11-24,67.89445582733191
2015-11-25,96.94942946180394
2015-11-26,118.57125170806869
2015-11-27,90.2221481955919
2015-11-28,65.93658906340623
2015-11-29,87.67751390196594
2015-11-30,113.42876286932027
2015-12-01,116.17310089317371
2015-12-02,107.97833000465948
2015-12-03,94.01796330648911
2015-12-04,90.96220967180705
2015-12-05,70.64416445006074
2015-12-06,46.28502778154195
2015-12-07,53.208923051415766
2015-12-08,51.17741504566104
2015-12-09,47.088521230507155
2015-12-10,60.13287993734133
2015-12-11,34.46308053275128
2015-12-12,66.69558559272753
2015-12-13,54.42136659526318
2015-12-14,60.08625636146026
2015-12-15,62.56139156895659
2015-12-16,63.044344692693514
2015-12-17,70.3013462630492
2015-12-18,63.73414968242073
2015-12-19,44.01339553346348
2015-12-20,42.32387111392446
2015-12-21,53.30710136074548
2015-12-22,57.80192664625466
2015-12-23,38.563303309235195
2015-12-24,37.74578253050663
2015-12-25,37.146262655402424
2015-12-26,60.33297003059822
2015-12-27,36.60122563609768
2015-12-28,36.420336696662716
2015-12-29,57.29935246584961
2015-12-30,36.00644617587168
2015-12-31,35.77344458664517
2016-01-01,35.52307211796351
2016-01-02,35.266988449589476
2016-01-03,35.00519357888095
2016-01-04,55.25844229951317
2016-01-05,34.80682960852995
2016-01-06,50.4387027052679
2016-01-07,35.042100002526254
2016-01-08,48.87886852017169
2016-01-09,35.71100475972996
2016-01-10,36.2080700255455
2016-01-11,36.46189184517236
2016-01-12,56.193725281660406
2016-01-13,57.24338397084051
2016-01-14,53.5837750872644
2016-01-15,55.02025358270538
2016-01-16,34.082349263436676
2016-01-17,49.97804537840979
2016-01-18,52.61023991745131
2016-01-19,55.67916202202211
2016-01-20,51.52034783648985
2016-01-21,48.995833687052944
2016-01-22,50.59657032571804
2016-01-23,48.610191008900856
2016-01-24,31.30048545881824
2016-01-25,50.09210494207995
2016-01-26,56.03565629114615
2016-01-27,49.17535757176236
2016-01-28,54.494413059220165
2016-01-29,51.90308385544952
2016-01-30,49.5743415064996
2016-01-31,29.224017927851634
2016-02-01,55.35736656195547
2016-02-02,51.46852688573392
2016-02-03,55.400789157698014
2016-02-04,48.28041114909884
2016-02-05,53.24449310927557
2016-02-06,34.17424913925193
2016-02-07,36.72114205260368
2016-02-08,57.766740233388006
2016-02-09,69.40944739707544
2016-02-10,68.95196184061446
2016-02-11,67.05083619040795
2016-02-12,63.57341626193998
2016-02-13,36.5433259000074
2016-02-14,53.864766945220225
2016-02-15,55.675396993135934
2016-02-16,53.66352341863569
2016-02-17,59.23003619028681
2016-02-18,59.10583227430465
2016-02-19,29.674782433327795
2016-02-20,30.57599599141347
2016-02-21,32.061772641122445
2016-02-22,68.74525768560717
2016-02-23,56.54580874766138
2016-02-24,57.25816562605244
2016-02-25,73.18903715152118
2016-02-26,62.33126568101128
2016-02-27,33.7053355941883
2016-02-28,32.767413258623726
2016-02-29,60.732260359180344
2016-03-01,63.804921245719854
2016-03-02,56.35070561473164
2016-03-03,61.31510211800952
2016-03-04,60.01598011926811
2016-03-05,34.48975247513361
2016-03-06,35.992521172460215
2016-03-07,37.24055148478361
2016-03-08,63.19125381579454
2016-03-09,59.18005066031836
2016-03-10,39.456212067759125
2016-03-11,59.58341611795927
2016-03-12,39.659627168350056
2016-03-13,39.379227133951076
2016-03-14,77.886353472537
2016-03-15,77.29089230531343
2016-03-16,68.5860193296634
2016-03-17,54.55010269063691
2016-03-18,64.30810501741014
2016-03-19,31.370802410431914
2016-03-20,28.981727535612954
2016-03-21,27.27274513413183
2016-03-22,48.27918877606858
2016-03-23,25.89505774867428
2016-03-24,26.2263527626819
2016-03-25,67.21086709893514
2016-03-26,51.878393696838216
2016-03-27,31.300792635029836
2016-03-28,33.112401948186644
2016-03-29,54.100042558083516
2016-03-30,35.055731222777545
2016-03-31,60.28857029678254
2016-04-01,34.759208036780024
2016-04-02,33.77685974697158
2016-04-03,32.240406319954616
2016-04-04,52.20952250577896
2016-04-05,30.164964142957785
2016-04-06,56.40369597150321
2016-04-07,55.143331664474474
2016-04-08,51.52183872056244
2016-04-09,30.003938485633878
2016-04-10,30.79490263295348
2016-04-11,62.46030645719518
2016-04-12,62.87008986605079
2016-04-13,66.32272859852345
2016-04-14,62.99812833916441
2016-04-15,71.8179342231077
2016-04-16,32.04127023386237
2016-04-17,31.665761952052133
2016-04-18,59.72998921214189
2016-04-19,68.13944134804947
2016-04-20,54.73848790651748
2016-04-21,54.7836625971854
2016-04-22,28.132336001792027
2016-04-23,27.09447389961607
2016-04-24,25.946219493175967
2016-04-25,43.98199232788534
2016-04-26,25.221727593404328
2016-04-27,25.64549009615571
2016-04-28,55.09548317455949
2016-04-29,62.02818744266314
2016-04-30,30.060811415700766
2016-05-01,32.58059646569406
2016-05-02,55.856785771556886
2016-05-03,55.579197705428854
2016-05-04,66.14211379444349
2016-05-05,34.66073347266825
2016-05-06,33.18101692721356
2016-05-07,30.901400064823978
2016-05-08,27.82188288182957
2016-05-09,50.66250249573711
2016-05-10,49.412632273367066
2016-05-11,52.09546817729537
2016-05-12,57.27392323026453
2016-05-13,65.37912352644993
2016-05-14,48.244164411785356
2016-05-15,23.832633042304348
2016-05-16,25.044187186109646
2016-05-17,59.8307080938944
2016-05-18,52.31400364722154
2016-05-19,62.851726664241525
2016-05-20,28.882690966897933
2016-05-21,29.590388711522724
2016-05-22,30.197315176540258
2016-05-23,30.647175160488985
2016-05-24,30.939968662482524
2016-05-25,31.075695681070158
2016-05-26,31.054356217649755
2016-05-27,64.16846512162024
2016-05-28,30.540477847779975
2016-05-29,30.047938936397497
2016-05-30,29.671661953197834
2016-05-31,69.2668589134674
2016-06-01,59.54252596382129
2016-06-02,29.237102679585636
2016-06-03,67.30627262047351
2016-06-04,29.514406707866744
2016-06-05,29.822501811144253
2016-06-06,71.61413735774343
2016-06-07,53.50835473209911
2016-06-08,55.97096984935122
2016-06-09,28.656035793999727
2016-06-10,56.28535681837717
2016-06-11,26.63349492544777
2016-06-12,25.262397522996118
2016-06-13,54.42026295027278
2016-06-14,52.695574599495956
2016-06-15,44.42300519798191
2016-06-16,24.23743004630737
2016-06-17,25.096043705464236
2016-06-18,26.400599576870484
2016-06-19,28.151097662706693
2016-06-20,50.08873815699205
2016-06-21,52.83733803684248
2016-06-22,30.93596680696888
2016-06-23,31.04204815095067
2016-06-24,30.737025317646573
2016-06-25,30.020898294914936
2016-06-26,28.893667089011906
2016-06-27,49.52664202877175
2016-06-28,51.872999492086045
2016-06-29,27.022800259772247
2016-06-30,49.65666397040508
2016-07-01,27.034578032206966
2016-07-02,27.415197535056432
2016-07-03,28.044645415336525
2016-07-04,28.48241755753914
2016-07-05,56.08106932541266
2016-07-06,76.54212498716237
2016-07-07,53.09826709037401
2016-07-08,28.3167487150946
2016-07-09,27.79614215021301
2016-07-10,27.08385984726913
2016-07-11,51.29140664049682
2016-07-12,26.26509478301937
2016-07-13,66.39704723224474
2016-07-14,26.254062441277895
2016-07-15,26.551446044920823
2016-07-16,63.26535452077715
2016-07-17,27.7520127927027
2016-07-18,65.69130981703947
2016-07-19,74.18781840008761
2016-07-20,86.58195629672642
2016-07-21,81.6048363171453
2016-07-22,67.92319835651642
2016-07-23,29.30901414477605
2016-07-24,29.126764630962548
2016-07-25,81.28204884049087
2016-07-26,81.05912941898131
2016-07-27,69.89401405392087
2016-07-28,54.68472021289788
2016-07-29,57.849804657403574
2016-07-30,27.606233499801395
2016-07-31,60.047222260574586
2016-08-01,27.140088540572954
2016-08-02,56.504610658929934
2016-08-03,27.425482982478332
2016-08-04,27.852428185054414
2016-08-05,55.53401001724788
2016-08-06,29.27481455872915
2016-08-07,30.270255734164078
2016-08-08,30.974371715789687
2016-08-09,31.38716251536419
2016-08-10,59.10069798622416
2016-08-11,78.57102702515456
2016-08-12,30.87758378265222
2016-08-13,30.12507383451842
2016-08-14,29.081238699567987
2016-08-15,28.25091690810294
2016-08-16,27.634108467855572
2016-08-17,53.09837886763041
2016-08-18,27.04103162348753
2016-08-19,27.064763220846338
2016-08-20,27.302008163867402
2016-08-21,27.752766457593996
2016-08-22,62.357784521866364
2016-08-23,28.973342204075458
2016-08-24,29.74315965901377
2016-08-25,30.61933016805809
2016-08-26,72.55883243450344
2016-08-27,32.69073035472669
2016-08-28,33.8859600273931
2016-08-29,34.62783415552704
2016-08-30,84.49585326799809
2016-08-31,75.13365967865845
2016-09-01,34.1333232538003
2016-09-02,33.05222281885794
2016-09-03,31.508214462411143
2016-09-04,29.50129818452683
2016-09-05,51.60927145611409
2016-09-06,55.33857797059744
2016-09-07,49.444393735946704
2016-09-08,25.171542746882018
2016-09-09,59.10570608569046
2016-09-10,25.225410829157887
2016-09-11,25.80703132391997
2016-09-12,61.052074162087976
2016-09-13,26.91544257469124
2016-09-14,51.202071268611725
2016-09-15,54.009924602558826
2016-09-16,52.58404624222463
2016-09-17,28.912946136109948
2016-09-18,29.36663058456605
2016-09-19,65.79243308658863
2016-09-20,52.539970122210434
2016-09-21,56.51116749202709
2016-09-22,32.58886395315911
2016-09-23,33.746296193628694
2016-09-24,35.044477994748064
2016-09-25,36.48340935150419
2016-09-26,37.276131293928074
2016-09-27,71.57741085166796
2016-09-28,62.215677630158005
2016-09-29,35.777040613373444
2016-09-30,33.984924882227
2016-10-01,31.546599735730393
2016-10-02,28.485123500703857
2016-10-03,54.67293292283196
2016-10-04,45.72853166406654
2016-10-05,22.34597211601958
2016-10-06,48.02238940304393
2016-10-07,44.049635538167834
2016-10-08,20.774736699609832
2016-10-09,21.266084001702012
2016-10-10,54.14130849955117
2016-10-11,21.965913490966585
2016-10-12,50.62871772494641
2016-10-13,65.11378126229395
2016-10-14,50.4753995957349
2016-10-15,22.234112023569715
2016-10-16,22.065440727906026
2016-10-17,52.36645535662751
2016-10-18,55.36625963947981
2016-10-19,59.23175822146473
2016-10-20,58.78943800446464
2016-10-21,51.187234079804185
2016-10-22,27.16146273203968
2016-10-23,29.028808028069545
2016-10-24,64.14797404635834
2016-10-25,62.868145545387065
2016-10-26,32.08733999193359
2016-10-27,67.08442362303964
2016-10-28,56.72467061356235
2016-10-29,31.330616063872952
2016-10-30,30.230540112517648
2016-10-31,65.4040462307504
2016-11-01,28.9259028308443
2016-11-02,28.682162061666936
2016-11-03,70.99600660249457
2016-11-04,28.972656831118503
2016-11-05,29.50689237192595
2016-11-06,30.300453347803778
2016-11-07,57.26151944451084
2016-11-08,63.12098380124353
2016-11-09,70.68062637442128
2016-11-10,80.45632453826515
2016-11-11,33.46118535308433
2016-11-12,33.93191718213819
2016-11-13,34.348844151953905
2016-11-14,55.62164251635163
2016-11-15,55.59576110901339
2016-11-16,61.28843498722581
2016-11-17,31.886394159604627
2016-11-18,56.680642473957136
2016-11-19,28.17707443281248
2016-11-20,25.702890889280688
2016-11-21,81.35064672210862
2016-11-22,55.78923273736085
2016-11-23,78.1796041759205
2016-11-24,46.23433216805533
2016-11-25,62.78251682784859
2016-11-26,62.90099056293614
2016-11-27,31.21292277576074
2016-11-28,33.6874662856001
2016-11-29,35.40340767954204
2016-11-30,64.52765160804177
2016-12-01,62.28334091493241
2016-12-02,59.02994751994189
2016-12-03,34.79196251192975
2016-12-04,32.8257037424609
2016-12-05,54.87880040657302
2016-12-06,52.753566373572724
2016-12-07,67.26327163929442
2016-12-08,27.703237189012718
2016-12-09,27.108262679125204
2016-12-10,26.787545023471623
2016-12-11,26.74108421721329
2016-12-12,57.35558268153206
2016-12-13,51.13585563660786
2016-12-14,64.46361527498972
2016-12-15,58.25009596866752
2016-12-16,27.27388171298832
2016-12-17,27.533461516406266
2016-12-18,27.84404809192183
2016-12-19,68.87668925152845
2016-12-20,61.4435566199319
2016-12-21,28.49382368299382
2016-12-22,54.17445991186595
2016-12-23,28.692020643851198
2016-12-24,28.72062308960016
2016-12-25,28.70222818427064
2016-12-26,28.23312675945566
2016-12-27,52.94136981964349
2016-12-28,56.84017425691148
2016-12-29,24.121583383465723
2016-12-30,21.849655889281124
2016-12-31,19.127021873941786
2017-01-01,15.953681344021245
2017-01-02,40.85900178533467
2017-01-03,46.45227667136673
2017-01-04,34.31430167368893
2017-01-05,10.521375292330784
2017-01-06,40.33935508825884
2017-01-07,44.9716569376715
2017-01-08,38.78915055600535
2017-01-09,43.72527549294365
2017-01-10,44.35898309091817
2017-01-11,63.97108229525844
2017-01-12,21.79728528033839
2017-01-13,51.34297174378088
2017-01-14,25.713362058508313
2017-01-15,27.684665813142875
2017-01-16,60.24242023136907
2017-01-17,56.41837242106715
2017-01-18,59.54622184392589
2017-01-19,29.586514559996434
2017-01-20,49.923458487312956
2017-01-21,26.94741917475493
2017-01-22,24.730366541800915
2017-01-23,50.50283839755298
2017-01-24,22.207168637255936
2017-01-25,21.90102336005759
2017-01-26,49.536499671615125
2017-01-27,65.25838554587497
2017-01-28,56.132898237160276
2017-01-29,27.046133446370703
2017-01-30,28.695072530729686
2017-01-31,80.62409831089175
2017-02-01,82.81195753716007
2017-02-02,84.12236966533723
2017-02-03,72.70489443743776
2017-02-04,28.06446073123625
2017-02-05,26.167696785598977
2017-02-06,61.326420483599804
2017-02-07,52.024636976532385
2017-02-08,46.72534075943177
2017-02-09,48.72277735527527
2017-02-10,57.825335168796336
2017-02-11,23.160135385708678
2017-02-12,56.91576762490877
2017-02-13,56.44736840495226
2017-02-14,52.36489022311426
2017-02-15,59.03920280616671
2017-02-16,64.97361037462323
2017-02-17,27.486629865572326
2017-02-18,27.96528678537803
2017-02-19,28.374679275523192
2017-02-20,67.91626763086822
2017-02-21,28.527829850622663
2017-02-22,64.05505352815314
2017-02-23,62.85838998623926
2017-02-24,51.90717139076621
2017-02-25,26.17159334164349
2017-02-26,25.027838871809855
2017-02-27,54.57568600392035
2017-02-28,60.25373270284713
2017-03-01,48.57677324266835
2017-03-02,51.20902027203718
2017-03-03,52.48622580153729
2017-03-04,47.62915443633419
2017-03-05,21.994258417700255
2017-03-06,43.221174847373135
2017-03-07,49.935235515665696
2017-03-08,43.57352738537253
2017-03-09,55.4166435522844
2017-03-10,48.10032274621334
2017-03-11,29.67225200280541
2017-03-12,32.13156790692991
2017-03-13,58.637840248525094
2017-03-14,34.893672572569535
2017-03-15,64.27352106993678
2017-03-16,34.78040772207939
2017-03-17,33.64551172516161
2017-03-18,31.791773348577987
2017-03-19,29.219192594515796
2017-03-20,53.76036004566012
2017-03-21,62.464799437261334
2017-03-22,48.79929230212777
2017-03-23,45.168307437246014
2017-03-24,44.14689548977593
2017-03-25,22.310538816802893
2017-03-26,22.580234978486818
2017-03-27,44.17952066874868
2017-03-28,23.301734334690238
2017-03-29,58.91426544203362
2017-03-30,24.26604306780929
2017-03-31,47.018293218191744
2017-04-01,25.473161178908082
2017-04-02,26.16874435117158
2017-04-03,50.94627569584162
2017-04-04,47.76109779214688
2017-04-05,26.56227429650638
2017-04-06,26.129044421031892
2017-04-07,47.832168044068446
2017-04-08,24.415974888073343
2017-04-09,23.136135223531284
2017-04-10,51.09171906725891
2017-04-11,43.470103981072555
2017-04-12,59.67088480760317
2017-04-13,21.516530265792447
2017-04-14,43.54287203024463
2017-04-15,22.806580002420695
2017-04-16,23.976567925335114
2017-04-17,24.941701908099038
2017-04-18,46.307598226346975
2017-04-19,26.257408058060715
2017-04-20,49.512935659276394
2017-04-21,26.753698461000003
2017-04-22,26.694562756312322
2017-04-23,26.430573110730304
2017-04-24,43.29920570301745
2017-04-25,48.60662398871604
2017-04-26,43.16717725084357
2017-04-27,43.21994827192424
2017-04-28,50.68105302395706
2017-04-29,26.50962875530522
2017-04-30,26.799970281590465
2017-05-01,26.780830209063545
2017-05-02,57.25685431770136
2017-05-03,42.49355918475116
2017-05-04,44.69470166348303
2017-05-05,23.64027073294927
2017-05-06,22.089131065572516
2017-05-07,20.231591477201547
2017-05-08,37.644828725974136
2017-05-09,38.40166850794106
2017-05-10,40.89682406692515
2017-05-11,45.08239249743292
2017-05-12,40.467638913317714
2017-05-13,51.1477215395018
2017-05-14,44.40496031660799
2017-05-15,48.60757608083918
2017-05-16,56.13900789087947
2017-05-17,27.479364009403543
2017-05-18,51.38534673255148
2017-05-19,27.47458864770943
2017-05-20,26.717077137832874
2017-05-21,25.45614974260131
2017-05-22,44.52159699154424
2017-05-23,47.938341677789566
2017-05-24,23.778561937433366
2017-05-25,23.92109745973363
2017-05-26,24.41449871363895
2017-05-27,25.25876569571663
2017-05-28,26.453898403815174
2017-05-29,47.32274658255766
2017-05-30,45.47124456450581
2017-05-31,52.13208254314754
2017-06-01,57.05404010855442
2017-06-02,52.95380167035985
2017-06-03,22.228894249511676
2017-06-04,19.60653760301418
2017-06-05,44.80960464169146
2017-06-06,38.72591791478632
2017-06-07,42.45616482110342
2017-06-08,36.26435094469366
2017-06-09,50.71252589751353
2017-06-10,18.832436775511884
2017-06-11,48.405606483635964
2017-06-12,23.261230958333922
2017-06-13,43.707980850838254
2017-06-14,46.51402939014787
2017-06-15,27.65553305389088
2017-06-16,46.43628088685661
2017-06-17,29.08580832855084
2017-06-18,29.351168126848467
2017-06-19,29.72961220603612
2017-06-20,56.040803153149334
2017-06-21,51.136582386570005
2017-06-22,52.47701697756757
2017-06-23,32.37423126772738
2017-06-24,33.31809672082329
2017-06-25,34.37504645118658
2017-06-26,66.61514659637663
2017-06-27,51.90876878572087
2017-06-28,56.026593427850024
2017-06-29,33.31715771906964
2017-06-30,31.731263620157776
2017-07-01,29.616800759492488
2017-07-02,26.986050454872593
2017-07-03,47.21733433313244
2017-07-04,23.983561380189734
2017-07-05,50.629057682487
2017-07-06,41.90877193507306
2017-07-07,25.127356603957253
2017-07-08,27.014629367665158
2017-07-09,29.654905976057286
2017-07-10,45.64934973240527
2017-07-11,32.74760366479829
2017-07-12,56.289222097813564
2017-07-13,70.76645091729192
2017-07-14,53.18589857319547
2017-07-15,30.181576944198184
2017-07-16,27.71685732762887
2017-07-17,47.20292622471298
2017-07-18,39.7788265856632
2017-07-19,37.167332111299274
2017-07-20,41.65304260056749
2017-07-21,38.607149649777995
2017-07-22,20.74841259630625
2017-07-23,40.96163201080308
2017-07-24,21.259328622234094
2017-07-25,38.86097572665606
2017-07-26,37.28905532305067
2017-07-27,23.729002271465447
2017-07-28,25.00644005326365
2017-07-29,26.510984450941486
2017-07-30,28.24263546018255
2017-07-31,29.4077112778553
2017-08-01,44.46551774599141
2017-08-02,30.028674882429446
2017-08-03,29.475100214838555
2017-08-04,28.345487895735324
2017-08-05,26.639837933951775
2017-08-06,24.358150324388976
2017-08-07,35.852593883461935
2017-08-08,46.84810469115588
2017-08-09,24.86651718699484
2017-08-10,27.487116035507224
2017-08-11,52.41056208961173
2017-08-12,36.40502858677747
2017-08-13,42.702342288170826
2017-08-14,47.33000041380428
2017-08-15,107.24454995352792
2017-08-16,83.23648138822728
2017-08-17,75.47075665835041
2017-08-18,72.90391511519475
2017-08-19,45.42345743585551
2017-08-20,40.03318211777936
2017-08-21,51.04929635479692
2017-08-22,51.358759274547985
2017-08-23,30.901962075503317
2017-08-24,49.940751779345604
2017-08-25,30.680820302299093
2017-08-26,32.33015089320692
2017-08-27,35.15274913378724
2017-08-28,37.47601390031702
2017-08-29,39.29994518905764
2017-08-30,55.857664905592955
2017-08-31,73.4194652076748
2017-09-01,41.7757382022197
2017-09-02,41.60569369383618
2017-09-03,40.93967381372024
2017-09-04,40.079089479799364
2017-09-05,54.68818868211244
2017-09-06,55.594105891101236
2017-09-07,61.47897174511351
2017-09-08,34.69110757654174
2017-09-09,32.85770096010418
2017-09-10,30.829729884253677
2017-09-11,29.294492066722214
2017-09-12,42.76656591692775
2017-09-13,41.64195981468171
2017-09-14,41.58492175610364
2017-09-15,41.92112631688168
2017-09-16,29.009301771635677
2017-09-17,30.43046347807295
2017-09-18,31.518620959412427
2017-09-19,58.4066480804681
2017-09-20,49.940966929745386
2017-09-21,50.60494654377182
2017-09-22,50.361087149300594
2017-09-23,31.964345084903304
2017-09-24,31.054477251962176
2017-09-25,42.882865001155224
2017-09-26,47.90512551069099
2017-09-27,52.252829861765264
2017-09-28,50.36924176647436
2017-09-29,33.63183939068769
2017-09-30,35.57265207829663
2017-10-01,37.98857818641578
2017-10-02,72.24919208369572
2017-10-03,67.07497996276172
2017-10-04,67.16671632317787
2017-10-05,52.13987519705858
2017-10-06,51.98535623601779
2017-10-07,36.859653326742965
2017-10-08,34.067418928634936
2017-10-09,58.68883667176638
2017-10-10,44.0430710531444
2017-10-11,53.02662854838822
2017-10-12,40.65868693619774
2017-10-13,26.77104642771873
2017-10-14,26.64473182340553
2017-10-15,26.962737184475394
2017-10-16,27.32462023039056
2017-10-17,47.3631999028824
2017-10-18,40.0304596446658
2017-10-19,42.46957042048317
2017-10-20,43.86921639227488
2017-10-21,47.612079209993304
2017-10-22,30.417349920070613
2017-10-23,48.67446783905274
2017-10-24,50.36088458129344
2017-10-25,58.46999169814866
2017-10-26,47.996475878430815
2017-10-27,50.843667897556344
2017-10-28,36.257906558020096
2017-10-29,37.57960961256687
2017-10-30,56.263313981267785
2017-10-31,57.37675173875345
2017-11-01,40.919922883409015
2017-11-02,80.72724972993043
2017-11-03,62.05286483686825
2017-11-04,59.74320556126058
2017-11-05,43.818426772451744
2017-11-06,60.87613056318378
2017-11-07,64.49840774422057
2017-11-08,62.397625059303294
2017-11-09,63.435818837539955
2017-11-10,71.54102680388198
2017-11-11,40.63066005268725
2017-11-12,57.21735430171333
2017-11-13,53.75913885640568
2017-11-14,57.72648390992499
2017-11-15,53.02770021933194
2017-11-16,53.624640438528004
2017-11-17,49.524022861451726
2017-11-18,31.882235344104114
2017-11-19,31.121303635868188
2017-11-20,47.951693773626914
2017-11-21,42.51819373660517
2017-11-22,50.07733723563993
2017-11-23,51.85118783375219
2017-11-24,46.306852763080556
2017-11-25,33.82755521579413
2017-11-26,35.49057078604844
2017-11-27,56.15551577391814
2017-11-28,54.62589699063075
2017-11-29,51.55154877525182
2017-11-30,55.053854928041645
2017-12-01,49.42066456135605
2017-12-02,30.08039521948596
2017-12-03,40.311473779718924
2017-12-04,39.15737793971954
2017-12-05,39.695599137992396
2017-12-06,38.477128649121084
2017-12-07,24.148979389314476
2017-12-08,26.315142984827094
2017-12-09,29.598788830474817
2017-12-10,46.50257358590996
2017-12-11,37.28378017574119
2017-12-12,56.69542223232935
2017-12-13,76.57059510084981
2017-12-14,65.8129476159174
2017-12-15,62.90324707685169
2017-12-16,51.13812106854331
2017-12-17,54.30688623013068
2017-12-18,47.07425523492581
2017-12-19,40.99588127030641
2017-12-20,47.28841239277059
2017-12-21,50.43130931005686
2017-12-22,49.94554303035857
2017-12-23,35.38828155212939
2017-12-24,39.429302046419714
2017-12-25,42.44275388974563
2017-12-26,44.42863709068243
2017-12-27,61.865548920583045
2017-12-28,61.125654243934235
2017-12-29,67.65644697154579
2017-12-30,42.09648342869596
2017-12-31,38.94452339635205
2018-01-01,36.60538571246441
2018-01-02,35.03466293920675
2018-01-03,34.23235507877522
2018-01-04,34.198462133363364
2018-01-05,47.67515525068549
2018-01-06,36.43592097647743
2018-01-07,38.7072727670039
2018-01-08,54.260130044373426
2018-01-09,61.72979981828581
2018-01-10,68.5412314493661
2018-01-11,72.39508578231815
2018-01-12,74.53683819499867
2018-01-13,70.73629420948265
2018-01-14,53.612722541339245
2018-01-15,77.51327203275079
2018-01-16,68.24003687133036
2018-01-17,75.71520756548217
2018-01-18,88.44208833353315
2018-01-19,79.97827889529718
2018-01-20,50.67752373588823
2018-01-21,61.472310465662204
2018-01-22,68.18264804628241
2018-01-23,67.35952775290087
2018-01-24,64.75129746942518
2018-01-25,63.80696592854963
2018-01-26,83.49608116234656
2018-01-27,52.53912935836724
2018-01-28,57.16132883508004
2018-01-29,87.96764661372941
2018-01-30,74.8282384565781
2018-01-31,120.06369677438005
2018-02-01,94.33619408312312
2018-02-02,87.93211837545226
2018-02-03,55.439521331729864
2018-02-04,50.318038318765005
2018-02-05,76.84574979233003
2018-02-06,61.443802792660705
2018-02-07,56.99699789222296
2018-02-08,52.58347409253206
2018-02-09,52.80190971064239
2018-02-10,44.431104607522045
2018-02-11,31.494902295301884
2018-02-12,46.93601932463106
2018-02-13,50.38336629129188
2018-02-14,49.70775799942041
2018-02-15,51.85142997410122
2018-02-16,44.47754328834143
2018-02-17,31.654159524883585
2018-02-18,32.57191701298221
2018-02-19,33.10757177327248
2018-02-20,46.865547149196786
2018-02-21,33.03257312763574
2018-02-22,32.42191971449037
2018-02-23,31.4291635763449
2018-02-24,30.054304713639134
2018-02-25,28.297343126110476
2018-02-26,42.50832200369351
2018-02-27,53.93878361335641
2018-02-28,42.11576587545363
2018-03-01,49.975005695207955
2018-03-02,47.43820828685739
2018-03-03,27.120957522151418
2018-03-04,28.46576351749592
2018-03-05,50.35653617504748
2018-03-06,42.39942568227151
2018-03-07,30.461997532970035
2018-03-08,47.02241729436889
2018-03-09,47.43518303032744
2018-03-10,29.400955594974892
2018-03-11,43.6968079931014
2018-03-12,46.29890765214903
2018-03-13,44.967524225887914
2018-03-14,43.45382318882555
2018-03-15,47.233474388703954
2018-03-16,25.994997234141408
2018-03-17,45.09637024484783
2018-03-18,26.349007627538217
2018-03-19,48.61665133907499
2018-03-20,54.41582250206124
2018-03-21,47.435044344354054
2018-03-22,49.37433014562896
2018-03-23,24.977146191059493
2018-03-24,24.158313305293415
2018-03-25,23.157993555089295
2018-03-26,42.48412833331887
2018-03-27,49.41903758580497
2018-03-28,39.98678068503646
2018-03-29,23.145199757674597
2018-03-30,24.139122611622227
2018-03-31,25.531893988962285
2018-04-01,27.32351388561673
2018-04-02,28.752115979983447
2018-04-03,29.817700269620943
2018-04-04,30.520266753294575
2018-04-05,49.97307215929182
2018-04-06,51.76991320249269
2018-04-07,30.449859381919165
2018-04-08,29.70035465131711
2018-04-09,47.496283090247616
2018-04-10,28.653504979103428
2018-04-11,59.25352993636783
2018-04-12,28.209535030362467
2018-04-13,28.213629950360424
2018-04-14,28.368444800894576
2018-04-15,28.67397958467641
2018-04-16,48.28307920187184
2018-04-17,48.34649251168409
2018-04-18,29.295345606257996
2018-04-19,29.404054840672313
2018-04-20,52.888075328938704
2018-04-21,29.47385414406556
2018-04-22,29.434944214244243
2018-04-23,50.11069869329454
2018-04-24,50.40043018198662
2018-04-25,54.15978241366078
2018-04-26,47.25740016360866
2018-04-27,25.95685730862663
2018-04-28,24.604532473233714
2018-04-29,23.033305156469925
2018-04-30,56.102304124431555
2018-05-01,21.269846681050392
2018-05-02,21.081616849508926
2018-05-03,51.34426854022115
2018-05-04,41.257316940175556
2018-05-05,23.298927612268354
2018-05-06,24.96536461972923
2018-05-07,26.332675728454696
2018-05-08,50.87328147405272
2018-05-09,47.905914650098495
2018-05-10,28.639853637400513
2018-05-11,48.69036425087749
2018-05-12,50.71767630331051
2018-05-13,51.204071924116235
2018-05-14,50.81907068190446
2018-05-15,26.864068103259093
2018-05-16,25.900682075906587
2018-05-17,24.758648806678025
2018-05-18,23.437968297762673
2018-05-19,21.93864054574737
2018-05-20,47.661123819284995
2018-05-21,18.967230233527264
2018-05-22,18.058334584767078
2018-05-23,17.53397860799813
2018-05-24,17.394162301012393
2018-05-25,17.63888566745903
2018-05-26,18.2681487038878
2018-05-27,19.281951413512523
2018-05-28,20.215661524737513
2018-05-29,40.96740634273053
2018-05-30,52.35695066186215
2018-05-31,22.53623627620471
2018-06-01,23.149576002614705
2018-06-02,23.67637736541193
2018-06-03,24.116640370530128
2018-06-04,55.63469479761104
2018-06-05,48.00489062799696
2018-06-06,24.50803679531169
2018-06-07,24.32870474480412
2018-06-08,45.64658430519105
2018-06-09,23.50534434927817
2018-06-10,22.861316005456295
2018-06-11,39.68683724390455
2018-06-12,40.641490311630065
2018-06-13,38.28320444488424
2018-06-14,46.452232635538564
2018-06-15,23.00876305563039
2018-06-16,23.71177022015636
2018-06-17,24.63928330232945
2018-06-18,61.541590211570764
2018-06-19,43.738503017996614
2018-06-20,54.245745801685075
2018-06-21,27.86747293562398
2018-06-22,56.8167651214583
2018-06-23,29.19245013684128
2018-06-24,29.782659336510147
2018-06-25,29.73193691176342
2018-06-26,29.04028286834669
2018-06-27,27.707697203398755
2018-06-28,43.02344164294282
2018-06-29,23.119731012118734
2018-06-30,19.864350484803666
2018-07-01,15.968038334705998
2018-07-02,35.49146262710224
2018-07-03,32.25622866188445
2018-07-04,11.435849537849101
2018-07-05,33.3400751768045
2018-07-06,36.605291879610306
2018-07-07,17.63878221281812
2018-07-08,22.09200898728799
2018-07-09,25.371847483776794
2018-07-10,27.47829770124646
2018-07-11,28.411359639894002
2018-07-12,28.171033297862046
2018-07-13,53.55346344783087
2018-07-14,24.17021577807724
2018-07-15,20.409724603935558
2018-07-16,39.33086653777707
2018-07-17,43.713089011522925
2018-07-18,36.3347601690253
2018-07-19,35.20737006288513
2018-07-20,44.78588830042041
2018-07-21,17.45483321448298
2018-07-22,20.230360592003695
2018-07-23,48.04029359180629
2018-07-24,48.38305483638155
2018-07-25,25.569905246176642
2018-07-26,26.354074295940656
2018-07-27,26.640403766540896
2018-07-28,26.428893658944283
2018-07-29,25.719543971496577
2018-07-30,52.79612937226182
2018-07-31,67.65972915041777
2018-08-01,55.89157068235932
2018-08-02,51.87693077613919
2018-08-03,48.095054281773315
2018-08-04,24.474626488791024
2018-08-05,24.7509942439412
2018-08-06,52.43496261833458
2018-08-07,25.037739420887597
2018-08-08,53.11921569591853
2018-08-09,24.969830820385386
2018-08-10,24.80288135576341
2018-08-11,24.547268445319364
2018-08-12,24.202992093785717
2018-08-13,51.02882507634683
2018-08-14,56.978159640269034
2018-08-15,23.22515644719598
2018-08-16,22.917542370277317
2018-08-17,22.619093863569418
2018-08-18,22.329810926807898
2018-08-19,22.04969355955773
2018-08-20,43.569094482086015
2018-08-21,53.35598434025257
2018-08-22,58.93111830088267
2018-08-23,21.924274199992443
2018-08-24,22.141681888480896
2018-08-25,22.458594589817324
2018-08-26,22.875012297112157
2018-08-27,43.5398706638717
2018-08-28,23.43224596417676
2018-08-29,23.573061920410847
2018-08-30,42.16043256412774
2018-08-31,23.57909208084026
2018-09-01,23.444306285385498
2018-09-02,23.230937923592016
2018-09-03,44.10979035576451
2018-09-04,44.932273281659015
2018-09-05,23.830173635523963
2018-09-06,24.44303246963313
2018-09-07,25.262448101507147
2018-09-08,26.288420532919467
2018-09-09,27.520949761730954
2018-09-10,28.14743182606564
2018-09-11,28.16786672587243
2018-09-12,47.215073394792014
2018-09-13,26.390595025016097
2018-09-14,24.592888424995337
2018-09-15,22.189134658654716
2018-09-16,19.179333727624858
2018-09-17,37.42621016627658
2018-09-18,40.7151722773416
2018-09-19,45.71642893832863
2018-09-20,52.42998014680035
2018-09-21,21.1922254804133
2018-09-22,25.007183109990155
2018-09-23,29.959600501206214
2018-09-24,91.05324211208878
2018-09-25,85.93673405427248
2018-09-26,60.375769130514925
2018-09-27,36.34672348696603
2018-09-28,34.58786759039631
2018-09-29,31.486757034582748
2018-09-30,27.043391821727646
2018-10-01,47.05285803494017
2018-10-02,45.41227058816967
2018-10-03,45.68985582347659
2018-10-04,46.879652854306016
2018-10-05,17.1741367043209
2018-10-06,17.649503680547767
2018-10-07,18.94127666013496
2018-10-08,39.10825099539896
2018-10-09,66.12679902950906
2018-10-10,44.18267367179306
2018-10-11,50.8454078615909
2018-10-12,23.98494151637054
2018-10-13,24.710634482521623
2018-10-14,25.34198078151354
2018-10-15,47.60305378379798
2018-10-16,50.77638928849064
2018-10-17,50.095109195544865
2018-10-18,47.09210627591689
2018-10-19,45.5038066506742
2018-10-20,24.636157935488175
2018-10-21,56.53512031416195
2018-10-22,53.65733234558412
2018-10-23,57.19928722019299
2018-10-24,48.28724270989956
2018-10-25,22.22671470344082
2018-10-26,22.321923962434077
2018-10-27,22.609499185352504
2018-10-28,23.089440377107444
2018-10-29,50.967826494782074
2018-10-30,65.00026144572352
2018-10-31,66.62383219926647
2018-11-01,51.95840393804757
2018-11-02,22.607726771649016
2018-11-03,43.959257922114965
2018-11-04,41.42818355512913
2018-11-05,42.45781352722135
2018-11-06,53.94616530162769
2018-11-07,55.77402127315402
2018-11-08,59.43807721904615
2018-11-09,48.30128780516506
2018-11-10,18.67144497302902
2018-11-11,18.646744213044855
2018-11-12,37.527242042727764
2018-11-13,19.59818200662
2018-11-14,38.96903380091241
2018-11-15,47.943249309087804
2018-11-16,23.527436981589155
2018-11-17,25.504414843919925
2018-11-18,27.815005819374193
2018-11-19,29.461217479609694
2018-11-20,56.5022269235487
2018-11-21,53.17905963880481
2018-11-22,59.1553160494347
2018-11-23,29.40227103498998
2018-11-24,27.726586158081275
2018-11-25,25.386521964103878
2018-11-26,23.48324240531433
2018-11-27,49.033982546491515
2018-11-28,41.90217986761961
2018-11-29,43.38750304684639
2018-11-30,53.0035534080008
2018-12-01,20.51861403016143
2018-12-02,21.216027867959262
2018-12-03,52.38871555458973
2018-12-04,61.39139101940182
2018-12-05,50.37968472478815
2018-12-06,61.69975943475721
2018-12-07,81.98670631715838
2018-12-08,25.590141844995753
2018-12-09,26.3507659989037
2018-12-10,58.30607076378987
2018-12-11,73.12571582354823
2018-12-12,64.0885559469589
2018-12-13,73.28281523034686
2018-12-14,52.25286884629112
2018-12-15,26.711519075628896
2018-12-16,62.18993184356047
2018-12-17,52.61451540975493
2018-12-18,60.97758204303331
2018-12-19,45.65151246204316
2018-12-20,65.02994062486769
2018-12-21,49.222536792399396
2018-12-22,22.707682388302647
2018-12-23,22.22690099525658
2018-12-24,21.967124870616207
2018-12-25,21.928354016018968
2018-12-26,22.110588432335877
2018-12-27,22.513828113260608
2018-12-28,23.138073064233584
2018-12-29,44.8689872791215
2018-12-30,25.04957877871254
2018-12-31,25.73545238906526
2019-01-01,26.040944122960845
2019-01-02,25.985878676585344
2019-01-03,25.57025605340801
2019-01-04,47.7395649023925
2019-01-05,23.657339262948042
2019-01-06,42.80619459399913
2019-01-07,49.14603312595849
2019-01-08,53.775588081340004
2019-01-09,43.46628964845211
2019-01-10,19.813672846786012
2019-01-11,39.593727584855515
2019-01-12,20.82616936976035
2019-01-13,21.878838286314732
2019-01-14,48.88539958752722
2019-01-15,49.34427588261542
2019-01-16,58.17668059627425
2019-01-17,63.023665771488396
2019-01-18,53.298690711316254
2019-01-19,53.71965133934839
2019-01-20,54.70596783589061
2019-01-21,59.06109596271944
2019-01-22,60.2702414452865
2019-01-23,58.8308574675361
2019-01-24,66.01117982710761
2019-01-25,51.282322464403514
2019-01-26,25.168183815699916
2019-01-27,22.910558242962658
2019-01-28,54.65157338403883
2019-01-29,44.75255160780118
2019-01-30,43.31992534255736
2019-01-31,43.50358001532497
2019-02-01,37.39953728580688
2019-02-02,43.08741517137368
2019-02-03,20.089263964698063
2019-02-04,45.472293332727475
2019-02-05,48.004892366129894
2019-02-06,57.91379037516093
2019-02-07,53.64636761950588
2019-02-08,48.99865902541735
2019-02-09,50.67707047049532
2019-02-10,28.082703960881858
2019-02-11,29.009517491430227
2019-02-12,48.118180230906376
2019-02-13,62.60691222754557
2019-02-14,68.21235545964515
2019-02-15,59.66519103849882
2019-02-16,28.29499422635829
2019-02-17,48.83028756562774
2019-02-18,50.26177074492088
2019-02-19,53.13978745880584
2019-02-20,62.92526820865584
2019-02-21,26.63760662029541
2019-02-22,56.81176711516146
2019-02-23,29.058660176739938
2019-02-24,30.930045942556507
2019-02-25,32.34139712696525
2019-02-26,33.29271373361158
2019-02-27,33.78399575901495
2019-02-28,57.38346954580414
2019-03-01,56.33194472625071
2019-03-02,32.526794257807744
2019-03-03,31.23625776006351
2019-03-04,54.938110907240436
2019-03-05,60.519744542009015
2019-03-06,56.55577759658839
2019-03-07,81.94336411558298
2019-03-08,55.87031337329487
2019-03-09,23.22164178901479
2019-03-10,43.419053240960146
2019-03-11,57.87695660202004
2019-03-12,47.54842223997434
2019-03-13,39.620187792109974
2019-03-14,52.774383893072084
2019-03-15,45.718711549596286
2019-03-16,20.70460702084447
2019-03-17,21.7069316429211
2019-03-18,48.8219667208379
2019-03-19,51.51215373388136
2019-03-20,61.010182877484894
2019-03-21,55.37652637960502
2019-03-22,46.73061770468361
2019-03-23,23.81527556637426
2019-03-24,43.98869434365421
2019-03-25,39.85562335603756
2019-03-26,42.70402537027015
2019-03-27,51.36580661442105
2019-03-28,46.200778470689805
2019-03-29,21.556398854932333
2019-03-30,21.07220881263045
2019-03-31,20.557244315625695
2019-04-01,43.72870395068476
2019-04-02,64.60766530006183
2019-04-03,70.21244271405372
2019-04-04,56.18387237629549
2019-04-05,55.2396343541237
2019-04-06,26.75807023309386
2019-04-07,29.324425574613088
2019-04-08,31.160784593405225
2019-04-09,63.9714967868638
2019-04-10,57.22875538813562
2019-04-11,59.78614776102016
2019-04-12,65.60053895066122
2019-04-13,29.392634819420252
2019-04-14,26.849015896617097
2019-04-15,46.82514481954691
2019-04-16,23.21502089129037
2019-04-17,22.12464480868254
2019-04-18,40.96726003140989
2019-04-19,46.73776909975885
2019-04-20,21.760002258377938
2019-04-21,22.607283303262538
2019-04-22,23.220246302475797
2019-04-23,46.06166606970915
2019-04-24,23.743218144859522
2019-04-25,46.69083660702737
2019-04-26,23.32891779172269
2019-04-27,22.770290541720826
2019-04-28,21.977345241016096
2019-04-29,44.54921250407426
2019-04-30,44.02008024203873
2019-05-01,20.10253105809413
2019-05-02,19.645828275921403
2019-05-03,38.43451678555988
2019-05-04,18.98511770714836
2019-05-05,36.31357097278465
2019-05-06,40.568874884895266
2019-05-07,37.69098892777429
2019-05-08,48.70560094924913
2019-05-09,43.271751654741124
2019-05-10,20.70037626496889
2019-05-11,21.67209058708442
2019-05-12,22.839758605155907
2019-05-13,47.45568592600608
2019-05-14,50.34743873090213
2019-05-15,59.9214361673685
2019-05-16,54.28605336245043
2019-05-17,44.36315130566624
2019-05-18,22.296654545852142
2019-05-19,20.947951842362393
2019-05-20,41.802524869913455
2019-05-21,19.90404250198405
2019-05-22,42.77110132450476
2019-05-23,50.11606044201754
2019-05-24,42.67957238076497
2019-05-25,24.43020808274072
2019-05-26,26.939662867916443
2019-05-27,43.616795282097755
2019-05-28,53.28852394045564
2019-05-29,30.374700743373776
2019-05-30,30.155271210620104
2019-05-31,29.25362059794903
2019-06-01,27.669748901911795
2019-06-02,25.405385756273606
2019-06-03,43.35935089225508
2019-06-04,53.74796285394809
2019-06-05,42.48776931639533
2019-06-06,40.619848873468555
2019-06-07,17.725860619635085
2019-06-08,38.850571810910395
2019-06-09,16.353786177706223
2019-06-10,16.175251814225813
2019-06-11,31.232709335011343
2019-06-12,36.80826281810594
2019-06-13,40.422667422560316
2019-06-14,35.6569346715207
2019-06-15,42.055447375223395
2019-06-16,23.212002257087264
2019-06-17,24.650948150218188
2019-06-18,25.390815262282693
2019-06-19,51.682392281020356
2019-06-20,24.77331314444227
2019-06-21,23.415943915286796
2019-06-22,21.359495907538545
2019-06-23,18.603969118472897
2019-06-24,40.71325454434777
2019-06-25,31.91363832803028
2019-06-26,28.67396600531589
2019-06-27,30.286748607057824
2019-06-28,13.662788786016947
2019-06-29,14.441843437856484
2019-06-30,15.809995004373064
2019-07-01,34.31342026418589
2019-07-02,38.6785405103499
2019-07-03,41.98284718998898
2019-07-04,22.14310383585211
2019-07-05,42.4390401078803
2019-07-06,25.842794314099052
2019-07-07,46.17641875025745
2019-07-08,29.053082674925975
2019-07-09,57.16424438722347
2019-07-10,47.538397870948295
2019-07-11,28.198739077338125
2019-07-12,26.4020175716934
2019-07-13,23.849325917728827
2019-07-14,20.54066411033721
2019-07-15,34.48315974916957
2019-07-16,30.75559940983341
2019-07-17,36.47102397425419
2019-07-18,33.71374918218001
2019-07-19,33.40563602517925
2019-07-20,18.9243785285207
2019-07-21,40.75963230304224
2019-07-22,23.817246884064183
2019-07-23,25.293283754044076
2019-07-24,43.65485014485912
2019-07-25,26.304562882147522
2019-07-26,25.83980514025677
2019-07-27,24.72811585923234
2019-07-28,22.96949504208687
2019-07-29,21.92820952546714
2019-07-30,38.70559427970045
2019-07-31,48.44004468743819
2019-08-01,42.125815726748236
2019-08-02,39.96549145161857
2019-08-03,27.444493442073252
2019-08-04,52.32201207029921
2019-08-05,54.81897799675223
2019-08-06,34.50426513178654
2019-08-07,61.37874836299285
2019-08-08,57.55599864647368
2019-08-09,55.702108307788805
2019-08-10,31.70717976555693
2019-08-11,28.827530871390856
2019-08-12,44.420560917272354
2019-08-13,24.308091054667013
2019-08-14,40.24866408689967
2019-08-15,21.44179519644796
2019-08-16,34.951543069877935
2019-08-17,20.228643293183364
2019-08-18,20.24199632587937
2019-08-19,39.37248225746019
2019-08-20,43.225819564288926
2019-08-21,41.55209062215711
2019-08-22,36.55482878834323
2019-08-23,42.066917380706016
2019-08-24,44.690284007020125
2019-08-25,29.832968654182757
2019-08-26,48.79622485723548
2019-08-27,56.69503619845876
2019-08-28,46.583482310625676
2019-08-29,52.4247186303659
2019-08-30,31.72887368379565
2019-08-31,30.09950739003533
2019-09-01,27.80062532456362
2019-09-02,38.53348117925166
2019-09-03,43.136915326893046
2019-09-04,24.940718894988343
2019-09-05,38.244670385894594
2019-09-06,41.12267860938919
2019-09-07,42.81631824619079
2019-09-08,30.54656975677218
2019-09-09,56.56549551965208
2019-09-10,32.70228254838835
2019-09-11,32.44734767753982
2019-09-12,44.52508544364384
2019-09-13,29.271895417526352
2019-09-14,26.35137802578894
2019-09-15,22.542333124542807
2019-09-16,36.059472330383656
2019-09-17,34.71204747335944
2019-09-18,36.89477179511567
2019-09-19,39.73347134970434
2019-09-20,30.5817807829196
2019-09-21,37.606604753821024
2019-09-22,46.43707353394657
2019-09-23,110.58853958150762
2019-09-24,97.2741666923684
2019-09-25,100.19202543163968
2019-09-26,79.67851538147941
2019-09-27,81.14558484992956
2019-09-28,71.25281609005938
2019-09-29,61.496904874358336
2019-09-30,75.7063741008593
2019-10-01,74.21762334488196
2019-10-02,61.05644317776684
2019-10-03,54.61754683482871
2019-10-04,57.20027347551476
2019-10-05,47.4915178496102
2019-10-06,46.141114300490194
2019-10-07,44.70864409414623
2019-10-08,52.347245789698945
2019-10-09,31.560003939532685
2019-10-10,51.92035217500397
2019-10-11,46.238947302740186
2019-10-12,31.185998193827913
2019-10-13,30.808760181684846
2019-10-14,49.595324930985896
2019-10-15,51.235294949312426
2019-10-16,50.38695735452767
2019-10-17,50.83464117139211
2019-10-18,46.39887241826236
2019-10-19,29.606798839716063
2019-10-20,29.583383070730726
2019-10-21,45.75881502638507
2019-10-22,57.837004859771426
2019-10-23,62.8111244407537
2019-10-24,46.18133470435654
2019-10-25,27.70205426008191
2019-10-26,41.5833227196476
2019-10-27,26.126206088676525
2019-10-28,40.65083080512516
2019-10-29,36.3920456288812
2019-10-30,24.990255030603215
2019-10-31,25.079686743358543
2019-11-01,25.403159490230376
2019-11-02,25.950968179332683
2019-11-03,26.723112803909512
2019-11-04,49.31112884062972
2019-11-05,40.034290625201834
2019-11-06,27.811209843026965
2019-11-07,56.06402207490976
2019-11-08,43.343059555213514
2019-11-09,27.056801620919618
2019-11-10,26.395886598885944
2019-11-11,41.744044875227885
2019-11-12,47.61693414460444
2019-11-13,51.726921157068176
2019-11-14,52.541113143473666
2019-11-15,39.9519984006651
2019-11-16,22.630001659217807
2019-11-17,22.035621698546557
2019-11-18,35.709964136314554
2019-11-19,38.00655378027828
2019-11-20,34.80639270181943
2019-11-21,41.57106278568431
2019-11-22,23.279859969272295
2019-11-23,24.371935238620736
2019-11-24,25.745086381023714
2019-11-25,50.58315040497172
2019-11-26,50.0730731625611
2019-11-27,54.633195563150466
2019-11-28,29.24649838680694
2019-11-29,45.5278157425963
2019-11-30,29.802488859883034
2019-12-01,29.781805212261325
2019-12-02,51.26681907540327
2019-12-03,29.732325406652617
2019-12-04,47.78871606544038
2019-12-05,47.97830603831936
2019-12-06,29.637824418025446
2019-12-07,29.600915744293868
2019-12-08,45.60877409053211
2019-12-09,52.77174672965477
2019-12-10,51.71257135499886
2019-12-11,58.09549596017833
2019-12-12,55.25031166641409
2019-12-13,32.49467198919265
2019-12-14,55.93457763036726
2019-12-15,60.85321195868048
2019-12-16,61.05953095842733
2019-12-17,57.559495507435685
2019-12-18,59.88578252150387
2019-12-19,53.468541006658
2019-12-20,32.629435006508665
2019-12-21,30.207744249410784
2019-12-22,27.1454845803969
2019-12-23,24.538757078521975
2019-12-24,41.06969237821349
2019-12-25,20.69189857270354
2019-12-26,19.451767568866888
2019-12-27,18.66716872806162
2019-12-28,18.338102050820765
2019-12-29,18.4645675408319
2019-12-30,18.66868242926314
2019-12-31,18.950446713901393
2020-01-01,37.80037943787257
2020-01-02,19.75303292754026
2020-01-03,20.279964305329536
2020-01-04,20.89065452660879
2020-01-05,21.5851035966527
2020-01-06,22.154748774335516
2020-01-07,43.780041127967564
2020-01-08,41.362243611497966
2020-01-09,45.054388759968155
2020-01-10,46.561905360311584
2020-01-11,23.13091635934451
2020-01-12,41.29854855425533
2020-01-13,38.99991799760186
2020-01-14,47.18029747887024
2020-01-15,41.79243167228881
2020-01-16,41.853771501466674
2020-01-17,43.100958954776615
2020-01-18,39.041308788845896
2020-01-19,39.999738168133916
2020-01-20,44.99070961887557
2020-01-21,47.7794765793561
2020-01-22,44.65172196667396
2020-01-23,37.416701415367385
2020-01-24,43.04309571739097
2020-01-25,23.337554962510218
2020-01-26,36.69371311273978
2020-01-27,39.60073337754715
2020-01-28,39.00453612008466
2020-01-29,23.26471686952533
2020-01-30,41.0506210757257
2020-01-31,41.633078625199076
2020-02-01,22.137915582905308
2020-02-02,34.7281296612641
2020-02-03,34.481348743584356
2020-02-04,33.7786298213823
2020-02-05,21.034840997566043
2020-02-06,46.92387980515067
2020-02-07,36.81671434018964
2020-02-08,22.38453056011354
2020-02-09,23.249092891960977
2020-02-10,24.107662492663138
2020-02-11,43.11543811009355
2020-02-12,43.14767297174794
2020-02-13,44.802613669683296
2020-02-14,42.954650008212155
2020-02-15,28.310619567062425
2020-02-16,29.133232794212155
2020-02-17,45.682073960076735
2020-02-18,58.1916699388166
2020-02-19,62.06334241826944
2020-02-20,52.742631151511326
2020-02-21,54.063070844519046
2020-02-22,33.74547720331695
2020-02-23,34.460278777936004
2020-02-24,68.60616379192128
2020-02-25,62.2210560906114
2020-02-26,63.3036605328341
2020-02-27,59.351320468857914
2020-02-28,53.621433031800535
2020-02-29,33.6113415655212
2020-03-01,32.613560921497786
2020-03-02,57.56466046398079
2020-03-03,47.6648067687341
2020-03-04,58.49610210815038
2020-03-05,48.950489396559284
2020-03-06,39.28721010877383
2020-03-07,35.80733788602063
2020-03-08,17.175658457658173
2020-03-09,51.40494812546423
2020-03-10,27.69580135283565
2020-03-11,26.52508856568174
2020-03-12,25.66586460487278
2020-03-13,29.812613575940482
2020-03-14,35.94745283449201
2020-03-15,20.214738653791642
2020-03-16,22.849593714570105
2020-03-17,41.36106727371054
2020-03-18,26.744493586092076
2020-03-19,41.44682883939625
2020-03-20,58.60928601102957
2020-03-21,42.371017897811406
2020-03-22,29.035052306231407
2020-03-23,44.25936924954122
2020-03-24,44.691845065476514
2020-03-25,50.403794467544074
2020-03-26,50.47335646505901
2020-03-27,46.62503542599534
2020-03-28,49.87649813852473
2020-03-29,41.545613962813285
2020-03-30,43.022213322759264
2020-03-31,43.336532339804435
2020-04-01,56.04509144440902
2020-04-02,46.13314595582419
2020-04-03,49.98110529242179
2020-04-04,46.58539063270051
2020-04-05,44.70117799306901
2020-04-06,65.46055625696172
2020-04-07,49.98717762659225
2020-04-08,52.16074904172113
2020-04-09,57.41878918310947
2020-04-10,48.08512830276
2020-04-11,46.86574054811785
2020-04-12,30.0007879896772
2020-04-13,46.9138922942046
2020-04-14,45.055573194063975
2020-04-15,45.742620769453424
2020-04-16,49.88519010198191
2020-04-17,48.98972870759434
2020-04-18,57.19127664237114
2020-04-19,44.406813296831814
2020-04-20,41.02802601706346
2020-04-21,42.58152099485122
2020-04-22,47.77391995702084
2020-04-23,41.30208907266902
2020-04-24,28.579055931846717
2020-04-25,41.987180307837804
2020-04-26,30.12665150369275
2020-04-27,57.554793371141066
2020-04-28,60.36913856568655
2020-04-29,50.545411850854094
2020-04-30,51.22071347176593
2020-05-01,47.16192153321391
2020-05-02,34.315810931302956
2020-05-03,46.71554904208898
2020-05-04,53.33179118574374
2020-05-05,53.291230660002945
2020-05-06,60.92420396875331
2020-05-07,56.61263152547082
2020-05-08,52.71546128473624
2020-05-09,44.77772363338914
2020-05-10,31.88926349220722
2020-05-11,41.585360176822704
2020-05-12,56.4772613276849
2020-05-13,53.571575399406214
2020-05-14,42.4967850922745
2020-05-15,46.91692255178104
2020-05-16,51.646768773521785
2020-05-17,48.874466372686605
2020-05-18,77.5068586717173
2020-05-19,61.96054062461677
2020-05-20,64.96620097587098
2020-05-21,63.76996267197035
2020-05-22,43.32663056714345
2020-05-23,55.2276269565655
2020-05-24,65.74931089139423
2020-05-25,61.275151326801975
2020-05-26,68.82238333185967
2020-05-27,45.278397753316455
2020-05-28,76.101966517751407
2020-05-29,66.78066977394406
2020-05-30,55.34940937627324
2020-05-31,52.20311442294109
2020-06-01,40.40301466578526
2020-06-02,51.997589039858454
2020-06-03,53.06053048544355
2020-06-04,59.068160243146764
2020-06-05,50.896167068321574
2020-06-06,33.74017309298842
2020-06-07,32.3844013222801
2020-06-08,45.527096550496765
2020-06-09,47.44440198006598
2020-06-10,53.2736337157359
2020-06-11,51.94922207041464
2020-06-12,58.12945416383721
2020-06-13,46.042570294227815
2020-06-14,60.717295585705926
2020-06-15,105.26183918980263
2020-06-16,88.38801484494056
2020-06-17,82.17126144913422
2020-06-18,96.4095642845663
2020-06-19,83.30319975351857
2020-06-20,77.03272876492755
2020-06-21,61.85652171846922
2020-06-22,89.39587280324069
2020-06-23,71.70105933427595
2020-06-24,69.12973413754067
2020-06-25,107.54946270305904
2020-06-26,60.49659150445135
2020-06-27,52.71026970406247
2020-06-28,37.054044618187675
2020-06-29,45.18939869877787
2020-06-30,47.22492293264824
2020-07-01,38.03132226840076
2020-07-02,36.55561905023619
2020-07-03,41.9134520563005
2020-07-04,25.539954093272286
2020-07-05,38.21588300950929
2020-07-06,27.402377164716164
2020-07-07,44.30763566046452
2020-07-08,43.950836281391055
2020-07-09,52.19954451749113
2020-07-10,30.92305271182925
2020-07-11,31.760686062934724
2020-07-12,32.58130519283597
2020-07-13,43.78649998760725
2020-07-14,52.39458479919742
2020-07-15,46.71725225848258
2020-07-16,51.118653793602476
2020-07-17,48.49008476266237
2020-07-18,35.27567611982697
2020-07-19,35.35318062692618
2020-07-20,47.45101604413311
2020-07-21,34.77975588083961
2020-07-22,47.54163835881693
2020-07-23,57.71346752637893
2020-07-24,49.77470408740475
2020-07-25,30.71917130569564
2020-07-26,29.096997017073946
2020-07-27,44.752954463275124
2020-07-28,46.454353452745735
2020-07-29,39.75793027229372
2020-07-30,39.896806832203815
2020-07-31,50.25734960718527
2020-08-01,35.148213959816026
2020-08-02,38.78001227690074
2020-08-03,73.80588143612957
2020-08-04,65.40149310805234
2020-08-05,55.8651071602351
2020-08-06,56.64551647039999
2020-08-07,57.34779194129807
2020-08-08,35.79289130594834
2020-08-09,31.165385999708967
2020-08-10,36.85914599524523
2020-08-11,35.9644479254476
2020-08-12,35.61882374620103
2020-08-13,32.99600241720586
2020-08-14,17.70105483356022
2020-08-15,16.94282767410764
2020-08-16,16.82948020436214
2020-08-17,26.541393471612345
2020-08-18,17.557918341161447
2020-08-19,42.30325058036129
2020-08-20,30.338019537498432
2020-08-21,31.672851834687712
2020-08-22,22.835326932419804
2020-08-23,24.950623314254138
2020-08-24,42.3029660743669
2020-08-25,38.96518091849211
2020-08-26,44.253842074202304
2020-08-27,46.91176825553923
2020-08-28,40.13674779970093
2020-08-29,30.683089480080923
2020-08-30,30.478615156845922
2020-08-31,43.35187074612763
2020-09-01,49.27207476768983
2020-09-02,45.88592502778553
2020-09-03,38.67646105184548
2020-09-04,27.908991205009347
2020-09-05,38.997845856183595
2020-09-06,26.12205963482008
2020-09-07,35.29822066554477
2020-09-08,34.86251266177986
2020-09-09,38.610970553957316
2020-09-10,26.328570939377332
2020-09-11,27.379790946265654
2020-09-12,28.830847826171087
2020-09-13,30.681741575549207
2020-09-14,31.952379026219926
2020-09-15,43.829929526925255
2020-09-16,41.50806104201804
2020-09-17,48.157037363059395
2020-09-18,44.011385367342726
2020-09-19,29.60172178331728
2020-09-20,27.390821437892125
2020-09-21,37.53360179061396
2020-09-22,34.545720535427186
2020-09-23,40.46251125320333
2020-09-24,37.847318675492694
2020-09-25,33.55025737263476
2020-09-26,25.080376588991456
2020-09-27,26.521128656079703
2020-09-28,38.981328365258946
2020-09-29,40.40721795715599
2020-09-30,39.321828626348506
2020-10-01,39.76742808707282
2020-10-02,39.77122472207777
2020-10-03,43.20598367856372
2020-10-04,30.05197798956928
2020-10-05,44.28995785740444
2020-10-06,29.394502389251997
2020-10-07,44.046662935773526
2020-10-08,28.31991276964054
2020-10-09,27.626200207823892
2020-10-10,26.828209140614554
2020-10-11,25.925939564202338
2020-10-12,38.46810013707775
2020-10-13,39.018251446232476
2020-10-14,34.6402286927656
2020-10-15,37.077611817234924
2020-10-16,32.52331137721501
2020-10-17,23.1882304031515
2020-10-18,23.17793025578797
2020-10-19,23.190325796226205
2020-10-20,34.91372439889335
2020-10-21,35.833763503370655
2020-10-22,34.668770738547245
2020-10-23,23.466864859323806
2020-10-24,23.59273885406607
2020-10-25,23.74130853275065
2020-10-26,23.74589011240355
2020-10-27,23.606483587471423
2020-10-28,23.323088963053685
2020-10-29,38.37202747358703
2020-10-30,22.324335404426577
2020-10-31,21.60897647315688
2020-11-01,20.749629437556358
2020-11-02,20.069675964336035
2020-11-03,28.000026279439957
2020-11-04,28.301597607290915
2020-11-05,26.914349430540227
2020-11-06,19.143797641315018
2020-11-07,19.360811956442404
2020-11-08,19.757219831688573
2020-11-09,20.188062518544932
2020-11-10,31.623103907100294
2020-11-11,21.153052342268595
2020-11-12,32.034225671588764
2020-11-13,34.32731198810737
2020-11-14,22.85879818803344
2020-11-15,23.496249764119035
2020-11-16,35.656084699025435
2020-11-17,33.426519429730064
2020-11-18,24.766804881370184
2020-11-19,33.3114944823046
2020-11-20,25.07900860117759
2020-11-21,25.074660555079696
2020-11-22,24.963345908990696
2020-11-23,33.134759868394994
2020-11-24,24.439880431822026
2020-11-25,34.90168769596256
2020-11-26,23.515300060713145
2020-11-27,33.15381219179715
2020-11-28,22.189604793368197
2020-11-29,21.376339073961475
2020-11-30,32.24085540944376
2020-12-01,20.29306647676448
2020-12-02,28.937419035053765
2020-12-03,19.947399630788695
2020-12-04,29.537599961114196
2020-12-05,20.34375874991416
2020-12-06,20.820198046177516
2020-12-07,21.422720636449235
2020-12-08,22.151326523400265
2020-12-09,38.19123470750475
2020-12-10,23.986788177407263
2020-12-11,25.09364394884171
2020-12-12,26.32658301799779
2020-12-13,27.685605379530045
2020-12-14,28.681506295314577
2020-12-15,39.484439725349105
2020-12-16,38.38333787596684
2020-12-17,43.238612416811954
2020-12-18,38.422863743953364
2020-12-19,28.214189224789124
2020-12-20,27.03136147650205
2020-12-21,25.874671684500598
2020-12-22,36.00130112941393
2020-12-23,23.63970596555314
2020-12-24,22.561430041213853
2020-12-25,21.509292072539353
2020-12-26,20.483292054617635
2020-12-27,19.483429994719792
2020-12-28,18.612841025140604
2020-12-29,17.871525147550827
2020-12-30,17.25948236387911
2020-12-31,16.77671267289073
2021-01-01,16.423216073255887
2021-01-02,16.198665303754318
2021-01-03,16.103060360951922
2021-01-04,24.340380037714574
2021-01-05,18.492067567278767
2021-01-06,20.976679714561726
2021-01-07,24.32136422528839
2021-01-08,28.52612110266336
2021-01-09,33.590950344651525
2021-01-10,48.713208569887854
2021-01-11,101.45154112589046
2021-01-12,68.87973933437954
2021-01-13,57.828637791734394
2021-01-14,65.82202509219323
2021-01-15,47.04999037674642
2021-01-16,44.13874414376167
2021-01-17,39.75480660288616
2021-01-18,48.6746059044994
2021-01-19,45.94073163940808
2021-01-20,38.211686775184326
2021-01-21,44.36121354738107
2021-01-22,24.82151732297465
2021-01-23,23.23213915097613
2021-01-24,22.1085208747933
2021-01-25,33.63067723959572
2021-01-26,21.440307857872874
2021-01-27,33.65771725919088
2021-01-28,22.877459557006482
2021-01-29,36.81082222449372
2021-01-30,26.419975970361044
2021-01-31,28.9807459469013
2021-02-01,48.257576782478715
2021-02-02,53.2546673508482
2021-02-03,47.08570609575752
2021-02-04,46.56461058510491
2021-02-05,45.416101042779886
2021-02-06,28.16754106825801
2021-02-07,25.333077365919507
2021-02-08,34.24177629906793
2021-02-09,20.97838532849717
2021-02-10,33.68531801001264
2021-02-11,32.437350400985395
2021-02-12,17.731935671201654
2021-02-13,17.525942694456234
2021-02-14,31.200318619720328
2021-02-15,31.264986031564113
2021-02-16,31.759179200632182
2021-02-17,18.511009678745637
2021-02-18,30.85244243614681
2021-02-19,19.06026824433841
2021-02-20,19.349078795202878
2021-02-21,19.647343523005468
2021-02-22,20.01549999174658
2021-02-23,20.453548194922725
2021-02-24,20.961488136150656
2021-02-25,34.329393863471
2021-02-26,37.972890881517756
2021-02-27,39.61908530820418
2021-02-28,23.692165260625153
2021-03-01,41.16799113807213
2021-03-02,24.662797736142075
2021-03-03,45.01760308271288
2021-03-04,38.875295915296824
2021-03-05,24.630589476987538
2021-03-06,24.22301152931942
2021-03-07,23.61701265571282
2021-03-08,37.51187659976449
2021-03-09,47.84821041710124
2021-03-10,22.004139845094173
2021-03-11,36.001565695063285
2021-03-12,21.099827811982394
2021-03-13,20.69895274737584
2021-03-14,20.33226498560022
2021-03-15,31.550253817242677
2021-03-16,37.107875575955795
2021-03-17,19.76008660186846
2021-03-18,19.74532211050468
2021-03-19,19.818538433686165
2021-03-20,19.979735579276493
2021-03-21,20.228913536134968
2021-03-22,37.21726952027267
2021-03-23,34.73021183617813
2021-03-24,19.09092316314735
2021-03-25,18.08308495473282
2021-03-26,16.760992699765943
2021-03-27,15.124646405141704
2021-03-28,13.174046065221575
2021-03-29,28.468997375792547
2021-03-30,11.264182070490804
2021-03-31,11.304918414730643
2021-04-01,12.009433647465762
2021-04-02,13.372760159940732
2021-04-03,15.394897941934545
2021-04-04,18.075846998872407
2021-04-05,20.24831421541643
2021-04-06,21.912299594851717
2021-04-07,23.067803137832705
2021-04-08,23.714824838032314
2021-04-09,23.85336470597632
2021-04-10,23.48342273562899
2021-04-11,22.60499892427486
2021-04-12,21.72765265592593
2021-04-13,20.851383922622027
2021-04-14,40.09541033592242
2021-04-15,51.72395333780717
2021-04-16,18.229042960614798
2021-04-17,17.357084379809905
2021-04-18,16.486203337508513
2021-04-19,36.27114086028466
2021-04-20,35.37169505105816
2021-04-21,15.081244188008192
2021-04-22,35.37421789768394
2021-04-23,15.151008063311984
2021-04-24,15.4878109928149
2021-04-25,16.025894585517435
2021-04-26,38.476297596204276
2021-04-27,36.686419193178914
2021-04-28,17.189477843420107
2021-04-29,36.44088251633948
2021-04-30,17.589643756659086
2021-05-01,17.677059831249785
2021-05-02,17.6899049726781
2021-05-03,17.801490212936102
2021-05-04,58.681376865050446
2021-05-05,45.81714506447102
2021-05-06,18.728686545821148
2021-05-07,19.235232189734226
2021-05-08,19.84051793854718
2021-05-09,20.54454378196514
2021-05-10,20.91871364089321
2021-05-11,20.963027510913648
2021-05-12,20.677485391855726
2021-05-13,20.06208728774834
2021-05-14,19.116833192911614
2021-05-15,17.84172310870227
2021-05-16,16.236757039809767
2021-05-17,37.71321780860435
2021-05-18,38.248341175419526
2021-05-19,34.08120992380527
2021-05-20,11.176274629514602
2021-05-21,10.250999495548001
2021-05-22,9.46166254466037
2021-05-23,8.80826378597125
2021-05-24,8.586898629506834
2021-05-25,8.797567081040235
2021-05-26,30.900767918957236
2021-05-27,10.515004799655578
2021-05-28,36.73966998387912
2021-05-29,13.960576941716148
2021-05-30,16.33141342329317
2021-05-31,17.93648517106365
2021-06-01,18.775792183587463
2021-06-02,18.857763215926617
2021-06-03,18.182398264359044
2021-06-04,16.74969733033251
2021-06-05,14.559660411364796
2021-06-06,11.612287508045192
2021-06-07,43.57736772526549
2021-06-08,8.27801735488383
2021-06-09,7.891120095298035
2021-06-10,39.30298752079425
2021-06-11,9.67780123364929
2021-06-12,11.851379623799517
2021-06-13,14.878449901174847
2021-06-14,17.2270056377348
2021-06-15,18.897046845620032
2021-06-16,19.888573514767423
2021-06-17,20.201585649294316
2021-06-18,19.83608325079271
2021-06-19,18.792066318745633
2021-06-20,17.06953484764678
2021-06-21,15.488198692142653
2021-06-22,14.048057846276578
2021-06-23,40.82021116291898
2021-06-24,11.591362083176975
2021-06-25,10.574807169110116
2021-06-26,9.699447560903337
2021-06-27,8.965283265178321
2021-06-28,48.84169054304865
2021-06-29,8.21540121011374
2021-06-30,8.19968344800261
2021-07-01,57.04489041787151
2021-07-02,8.872312267807253
2021-07-03,9.546276649344804
2021-07-04,10.44534101017593
2021-07-05,11.141627969072786
2021-07-06,11.635137528315738
2021-07-07,45.17048163874879
2021-07-08,12.013824446562133
2021-07-09,11.899001795902223
2021-07-10,11.581401750278033
2021-07-11,11.06102430271796
2021-07-12,10.723317010679061
2021-07-13,38.399864236283356
2021-07-14,35.21800302541131
2021-07-15,38.206674356544234
2021-07-16,11.199189436347105
2021-07-17,11.774832935239097
2021-07-18,12.533146591301062
2021-07-19,45.984010651572596
2021-07-20,13.830676227519312
2021-07-21,14.369892204254462
2021-07-22,14.836075623105806
2021-07-23,51.30010947300463
2021-07-24,15.549344777686748
2021-07-25,15.796430512792838
2021-07-26,16.157060445817983
2021-07-27,16.631234579044694
2021-07-28,17.21895290512157
2021-07-29,17.920215431199054
2021-07-30,45.36903403279677
2021-07-31,19.663373069700512
2021-08-01,20.705268184638427
2021-08-02,21.218989530051957
2021-08-03,21.20453709612113
2021-08-04,20.661910896698757
2021-08-05,19.59111092123183
2021-08-06,17.992137174752912
2021-08-07,15.86498965472402
2021-08-08,13.209668357796318
2021-08-09,40.92235938120368
2021-08-10,9.903670455317112
2021-08-11,61.651395743800315
2021-08-12,9.270532124661727
2021-08-13,9.95628529894882
2021-08-14,11.310253366759504
2021-08-15,13.332436331123908
2021-08-16,14.928363774928442
2021-08-17,16.098035698547633
2021-08-18,16.841452102286084
2021-08-19,17.15861298664195
2021-08-20,17.049518352166317
2021-08-21,16.514168196834014
2021-08-22,15.55256252388591
2021-08-23,42.06898299754359
2021-08-24,15.011724407912517
2021-08-25,15.43249196639259
2021-08-26,16.314050598705727
2021-08-27,53.87099200998611
2021-08-28,19.459541107972235
2021-08-29,21.72347297660479
2021-08-30,23.396823089395504
2021-08-31,24.479591441731472
2021-09-01,24.971778032824865
2021-09-02,24.867762103295192
2021-09-03,24.167543650333357
2021-09-04,22.87112267927933
2021-09-05,20.978499186029595
2021-09-06,19.257985078115134
2021-09-07,17.70958035988447
2021-09-08,44.78760707775618
2021-09-09,15.129099090640807
2021-09-10,14.097022536597784
2021-09-11,13.237055368942329
2021-09-12,12.549197594522774
2021-09-13,12.136495630935485
2021-09-14,11.998949484504223
2021-09-15,12.136559153416883
2021-09-16,41.19525828014034
2021-09-17,13.237245940937676
2021-09-18,14.20032306015245
2021-09-19,15.438555994456614
2021-09-20,16.45998943469315
2021-09-21,45.335722238915764
2021-09-22,17.852457850841716
2021-09-23,18.223492821629726
2021-09-24,18.377728301763085
2021-09-25,18.31516429482516
2021-09-26,18.035800794996028
2021-09-27,17.700792003727102
2021-09-28,41.011018444939886
2021-09-29,39.09078370984711
2021-09-30,16.361893878180993
2021-10-01,15.804303920815997
2021-10-02,15.188501370909854
2021-10-03,14.514486234901781
2021-10-04,37.381374681842935
2021-10-05,13.659322491081205
2021-10-06,40.687020559266195
2021-10-07,13.46131413533211
2021-10-08,13.608743226384654
2021-10-09,13.920461159277217
2021-10-10,14.396467939342472
2021-10-11,15.078789213904152
2021-10-12,15.967424984858326
2021-10-13,17.062375249457297
2021-10-14,44.374914199757356
2021-10-15,19.871219261369106
2021-10-16,21.585113010676054
2021-10-17,23.505321258341986
2021-10-18,24.649142606991262
2021-10-19,25.016577053831362
2021-10-20,24.607624603252717
2021-10-21,23.422285254933655
2021-10-22,21.460559006706866
2021-10-23,18.72244586334906
2021-10-24,15.20794581708752
2021-10-25,12.644092029135784
2021-10-26,11.03088449952363
2021-10-27,34.378730175540724
2021-10-28,10.656408211789525
2021-10-29,43.31944124291593
2021-10-30,14.084516955627478
2021-10-31,17.224540711372754
2021-11-01,19.58120165971362
2021-11-02,21.160636705936383
2021-11-03,21.962845853095402
2021-11-04,21.987829090418252
2021-11-05,21.23558642886728
2021-11-06,19.706117866026567
2021-11-07,17.399423399396632
2021-11-08,45.83269332633157
2021-11-09,13.076579505490322
2021-11-10,33.39055071727488
2021-11-11,33.85902491232265
2021-11-12,31.94813605483467
2021-11-13,5.593071868754912
2021-11-14,3.9643158224225203
2021-11-15,29.016013842844586
2021-11-16,29.971092920226162
2021-11-17,3.3805443246221216
2021-11-18,34.7031399834128
2021-11-19,41.9291167001691
2021-11-20,45.80042976962105
2021-11-21,12.641341150249126
2021-11-22,15.39073645220482
2021-11-23,17.498703697650477
2021-11-24,41.29536351899041
2021-11-25,40.395970275815294
2021-11-26,19.974037060206975
2021-11-27,19.516292058198083
2021-11-28,18.417118998124998
2021-11-29,51.54733826756449
2021-11-30,74.64467113441694
2021-12-01,17.004438575479362
2021-12-02,40.722164635016675
2021-12-03,43.47725691060982
2021-12-04,18.371697931418783
2021-12-05,19.43995785162583
2021-12-06,20.213732879156296
2021-12-07,52.88377118342243
2021-12-08,20.877828252376304
2021-12-09,20.768148601442757
2021-12-10,47.86761780015131
2021-12-11,19.665334627090726
2021-12-12,18.672200300294755
2021-12-13,40.94566185599178
2021-12-14,17.93667073245411
2021-12-15,50.959858451347905
2021-12-16,18.868793282365797
2021-12-17,19.960224097474022
2021-12-18,21.46856794263406
2021-12-19,23.3938248177794
2021-12-20,24.900085379855785
2021-12-21,25.987349632048623
2021-12-22,26.655617571170865
2021-12-23,26.90488919478335
2021-12-24,26.735164508894037
2021-12-25,26.146443512105872
2021-12-26,25.138726201026742
2021-12-27,24.036733103264115
2021-12-28,22.840464217206325
2021-12-29,21.549919543975385
2021-12-30,20.165099084258422
2021-12-31,18.686002834305846
2022-01-01,17.11263079889791
2022-01-02,15.452563410252537
2022-01-03,14.348833551350133
2022-01-04,13.80144122643759
2022-01-05,62.192314488069485
2022-01-06,14.375669174712776
2022-01-07,15.497289448179686
2022-01-08,17.17524725551241
2022-01-09,19.409542591592547
2022-01-10,20.955397504691483
2022-01-11,45.11572996386823
2022-01-12,21.981786043362355
2022-01-13,21.462319672284572
2022-01-14,20.254412871877292
2022-01-15,18.358065644367038
2022-01-16,15.773277989968555
2022-01-17,40.1027718584284
2022-01-18,12.019346398523588
2022-01-19,44.57384340142888
2022-01-20,36.02050525871867
2022-01-21,9.927558305637696
2022-01-22,10.174058082302402
2022-01-23,10.892439103638964
2022-01-24,36.72649091291603
2022-01-25,40.583978891806126
2022-01-26,13.046456119320268
2022-01-27,48.06256217453409
2022-01-28,14.481529097431292
2022-01-29,15.198784079312091
2022-01-30,15.915851385796024
2022-01-31,58.28899343211393
2022-02-01,17.00422627077552
2022-02-02,42.08830639940227
2022-02-03,40.4179980408348
2022-02-04,43.034379787722926
2022-02-05,17.74670346822313
2022-02-06,17.631381247470344
2022-02-07,17.183590171475338
2022-02-08,50.58389115208126
2022-02-09,39.92006126900445
2022-02-10,13.845403842792905
2022-02-11,12.067737358622118
2022-02-12,9.95760202671265
2022-02-13,7.514997840266915
2022-02-14,29.266377682171303
2022-02-15,28.266900469800795
2022-02-16,4.516566205786766
2022-02-17,24.456695889886305
2022-02-18,35.39410055152382
2022-02-19,40.53827442773115
2022-02-20,35.242636315708324
2022-02-21,36.292857529618935
2022-02-22,45.586629843151975
2022-02-23,14.624110380342628
2022-02-24,14.68481293831993
2022-02-25,14.108606079415274
2022-02-26,12.895489806185957
2022-02-27,11.045464110583119
2022-02-28,32.44830145246347
2022-03-01,8.986079359711574
2022-03-02,34.169444154448534
2022-03-03,27.713137008459626
2022-03-04,10.023792922168766
2022-03-05,11.47184990451192
2022-03-06,36.176957272279566
2022-03-07,15.092124019195687
2022-03-08,16.33527260502126
2022-03-09,17.200428883473506
2022-03-10,39.62712062188604
2022-03-11,17.796764510618942
2022-03-12,17.52794386075763
2022-03-13,16.881130899390087
2022-03-14,34.7161964554144
2022-03-15,46.45895332127584
2022-03-16,37.738531768292944
2022-03-17,14.207473891156361
2022-03-18,13.517458349254063
2022-03-19,12.818802291684293
2022-03-20,12.111505715477378
2022-03-21,37.52565052625849
2022-03-22,44.703152177205745
2022-03-23,36.628729771137856
2022-03-24,10.863020299467223
2022-03-25,10.946074159713987
2022-03-26,11.187198111450883
2022-03-27,11.586392147984476
2022-03-28,29.51368462462701
2022-03-29,31.053823003330216
2022-03-30,30.960900196967884
2022-03-31,35.84551627681833
2022-04-01,30.282937737293167
2022-04-02,7.852350412524395
2022-04-03,6.2054329547015215
2022-04-04,37.559516378806336
2022-04-05,37.72471593875239
2022-04-06,52.112979943845495
2022-04-07,42.97682393647889
2022-04-08,29.823782346136895
2022-04-09,31.888711569886127
2022-04-10,14.681524280521678
2022-04-11,17.285474561595777
2022-04-12,19.13916419042279
2022-04-13,20.2425931776299
2022-04-14,20.595761518122025
2022-04-15,47.5512245798561
2022-04-16,19.05131626429629
2022-04-17,17.15370266812893
2022-04-18,15.558844752193401
2022-04-19,34.00273693311042
2022-04-20,41.923329605482095
2022-04-21,40.51819524439606
2022-04-22,12.20696989704006
2022-04-23,12.125890381412532
2022-04-24,12.347566547558223
2022-04-25,12.558711126306193
2022-04-26,42.84234471835934
2022-04-27,34.40990427288891
2022-04-28,66.68439644415015
2022-04-29,43.9558288980551
2022-04-30,51.012332977802444
2022-05-01,36.59780668145906
2022-05-02,13.625708646340861
2022-05-03,56.920367211583695
2022-05-04,54.38899856711335
2022-05-05,37.45590449380368
2022-05-06,12.44426767256828
2022-05-07,11.83225366745091
2022-05-08,34.17540583187804
2022-05-09,10.48575971711534
2022-05-10,32.95428698660217
2022-05-11,41.99715089197407
2022-05-12,37.94967171523369
2022-05-13,37.67366993729196
2022-05-14,9.409523468526992
2022-05-15,9.586847412698791
2022-05-16,45.52681276208382
2022-05-17,10.597566203548809
2022-05-18,11.4309610529174
2022-05-19,38.82964068611555
2022-05-20,39.812998743524915
2022-05-21,15.243287403305224
2022-05-22,46.09114544297507
2022-05-23,18.2553063430434
2022-05-24,19.154876060530203
2022-05-25,19.65015260895536
2022-05-26,19.741135990059192
2022-05-27,19.427826200431277
2022-05-28,18.71022324357625
2022-05-29,17.58832711747783
2022-05-30,16.610401356395947
2022-05-31,15.776445959093266
2022-06-01,39.708551049656236
2022-06-02,49.330218001798215
2022-06-03,14.17520301586083
2022-06-04,13.953930135516359
2022-06-05,13.888894638195502
2022-06-06,13.954390404496841
2022-06-07,40.50438159710927
2022-06-08,38.53160073418948
2022-06-09,14.934065287592723
2022-06-10,15.52168610635573
2022-06-11,16.23983819217643
2022-06-12,17.088521542464065
2022-06-13,17.516634745448137
2022-06-14,17.524177796353293
2022-06-15,43.074521991854446
2022-06-16,16.2775534514619
2022-06-17,15.023386054517317
2022-06-18,13.348648506831324
2022-06-19,11.253340811788114
2022-06-20,33.37423975059649
2022-06-21,8.575540212624283
2022-06-22,33.24155996120668
2022-06-23,34.843624968049205
2022-06-24,8.340876314180043
2022-06-25,9.271198212166063
2022-06-26,10.70579170703801
2022-06-27,45.02896637608962
2022-06-28,41.104917114374246
2022-06-29,38.30982694507228
2022-06-30,54.94260331174122
2022-07-01,9.664123606790127
2022-07-02,7.798213845864076
2022-07-03,5.370012689021195
2022-07-04,28.050377442244997
2022-07-05,27.265768456400146
2022-07-06,3.01618573662547
2022-07-07,38.542128490699035
2022-07-08,38.08201666545256
2022-07-09,42.88393118233934
2022-07-10,11.382895011349682
2022-07-11,14.03508801440417
2022-07-12,42.40959995535829
2022-07-13,56.17218982142608
2022-07-14,17.958596340977607
2022-07-15,17.922075552947923
2022-07-16,17.21337632205008
2022-07-17,15.832498646020849
2022-07-18,44.439553690601514
2022-07-19,13.791440501651199
2022-07-20,40.00478641735032
2022-07-21,12.711311988732405
2022-07-22,12.53159633938072
2022-07-23,12.592113095073824
2022-07-24,12.892862259816479
2022-07-25,13.35220224549331
2022-07-26,13.970133053164513
2022-07-27,47.320626046893835
2022-07-28,43.22593409711412
2022-07-29,16.77547040558645
2022-07-30,18.027764501992916
2022-07-31,19.438649420558665
2022-08-01,20.491893292665026
2022-08-02,21.19925622122187
2022-08-03,21.56073820537922
2022-08-04,21.576339242403453
2022-08-05,21.246059341681544
2022-08-06,20.569898490316447
2022-08-07,19.547856696790895
2022-08-08,18.273421477496882
2022-08-09,16.74659283199862
2022-08-10,14.967370754311993
2022-08-11,47.18632808424498
2022-08-12,10.651746323079799
2022-08-13,8.115343964119091
2022-08-14,5.326548177837445
2022-08-15,3.308656744188923
2022-08-16,2.0616696568367274
2022-08-17,32.00392781964571
2022-08-18,1.8804085213605433
2022-08-19,40.07088125056087
2022-08-20,36.221805920884925
2022-08-21,7.3902994319917
2022-08-22,44.59342981937262
2022-08-23,39.50800294297695
2022-08-24,46.98283823545052
2022-08-25,42.8269716689847
2022-08-26,12.669533521605295
2022-08-27,12.1736925045401
2022-08-28,11.160622211163819
2022-08-29,42.27534555129998
2022-08-30,9.520452785404956
2022-08-31,8.893353656090689
2022-09-01,44.75321196215253
2022-09-02,47.488649204520655
2022-09-03,7.758600062767428
2022-09-04,7.620730633953528
2022-09-05,34.55963904926561
2022-09-06,58.10908150944048
2022-09-07,46.12252790225301
2022-09-08,54.314734679747716
2022-09-09,63.69035994427998
2022-09-10,12.686808716822476
2022-09-11,14.513370843992114
2022-09-12,52.159438467808734
2022-09-13,49.842625273921705
2022-09-14,17.909957452326978
2022-09-15,45.07760407858838
2022-09-16,18.438432054402604
2022-09-17,18.1818944143753
2022-09-18,17.578173475236206
2022-09-19,53.40944756987811
2022-09-20,42.89950711118802
2022-09-21,15.232272142044863
2022-09-22,39.69744374459246
2022-09-23,13.22272248455429
2022-09-24,46.09532135846028
2022-09-25,10.85668047297925
2022-09-26,33.368974191561314
2022-09-27,9.060173858596208
2022-09-28,55.86721696870308
2022-09-29,36.500394800963235
2022-09-30,59.076550549960025
2022-10-01,37.609980389668756
2022-10-02,8.422225513313407
2022-10-03,51.27616913070112
2022-10-04,45.97238296793094
2022-10-05,63.70194471473873
2022-10-06,58.96446993578155
2022-10-07,55.018658548301524
2022-10-08,10.255315453277355
2022-10-09,10.545914486015697
2022-10-10,10.717700835778857
2022-10-11,58.48196197476877
2022-10-12,38.440614053883415
2022-10-13,36.86677829596324
2022-10-14,45.233738655066496
2022-10-15,9.794442389881993
2022-10-16,9.25335266205041
2022-10-17,8.917677212840537
2022-10-18,8.787416041407234
2022-10-19,37.38321828597507
2022-10-20,46.86114229438463
2022-10-21,42.74844565253673
2022-10-22,36.5418241331931
2022-10-23,11.217324380875894
2022-10-24,11.688572763128242
2022-10-25,11.734259303730546
2022-10-26,11.354384003363378
2022-10-27,48.05691682743128
2022-10-28,46.82591784230472
2022-10-29,39.61262071932261
2022-10-30,49.554125711731686
2022-10-31,33.62708579236751
2022-11-01,3.2802938392497865
2022-11-02,27.23797357758833
2022-11-03,32.82405745255979
2022-11-04,34.729996122138616
2022-11-05,5.979087738600963
2022-11-06,8.167090820751746
2022-11-07,36.5179131024027
2022-11-08,40.084979004457246
2022-11-09,56.64156686481109
2022-11-10,37.861021203352266
2022-11-11,55.74139931291677
2022-11-12,46.571845436556345
2022-11-13,51.45304697455608
2022-11-14,43.13614702370616
2022-11-15,40.63859651502284
2022-11-16,46.690860692089856
2022-11-17,11.378118728141121
2022-11-18,51.41394177906918
2022-11-19,10.329037302371038
2022-11-20,9.76729022168205
2022-11-21,38.5174541438612
2022-11-22,42.98723952975677
2022-11-23,40.970730966210105
2022-11-24,32.71481261988285
2022-11-25,32.678790334747305
2022-11-26,50.251632334809194
2022-11-27,10.656913168805904
2022-11-28,38.884097885551135
2022-11-29,33.90597235644484
2022-11-30,58.28372276103195
2022-12-01,62.15043117786783
2022-12-02,42.402706918594546
2022-12-03,41.56358500382335
2022-12-04,9.61875397114505
2022-12-05,35.63046490123543
2022-12-06,51.50290435121842
2022-12-07,39.62991449424304
2022-12-08,64.59565779297719
2022-12-09,37.746607418704116
2022-12-10,35.392081593340414
2022-12-11,42.44266711031851
2022-12-12,44.54388473992311
2022-12-13,53.86307084563897
2022-12-14,57.65805427764689
2022-12-15,53.48578718576936
2022-12-16,43.21448263081515
2022-12-17,14.389386855613132
2022-12-18,15.009204725282515
2022-12-19,54.052172824360206
2022-12-20,53.60606824633903
2022-12-21,46.74600037834826
2022-12-22,43.682656388832555
2022-12-23,16.083313904062237
2022-12-24,15.893139709584894
2022-12-25,15.567966835002451
2022-12-26,15.28775297445251
2022-12-27,42.59666509873762
2022-12-28,14.862202320613555
2022-12-29,37.71025706571268
2022-12-30,14.616487734685677
2022-12-31,14.56106897143826
2023-01-01,14.55060922463747
2023-01-02,14.545926521365608
2023-01-03,44.39421182188562
2023-01-04,42.45548853884276
2023-01-05,40.74363260321093
2023-01-06,14.584966158145932
2023-01-07,43.542519712436025
2023-01-08,14.639148240575956
2023-01-09,54.4014929823371
2023-01-10,45.65906281777008
2023-01-11,44.410346761544766
2023-01-12,48.2601998584829
2023-01-13,38.574394369856535
2023-01-14,13.24520273838818
2023-01-15,33.39672417228264
2023-01-16,37.38883894036285
2023-01-17,51.1886031735203
2023-01-18,40.287505353365376
2023-01-19,53.008516117574636
2023-01-20,15.065293542015738
2023-01-21,16.485809152130216
2023-01-22,18.225515375588245
2023-01-23,46.25795744017724
2023-01-24,45.0157724372043
2023-01-25,45.444233155952276
2023-01-26,51.85460051958457
2023-01-27,20.367818985145178
2023-01-28,19.48503420374128
2023-01-29,18.165167592068137
2023-01-30,36.9770578096287
2023-01-31,39.70611316241503
2023-02-01,45.34399070715412
2023-02-02,56.06689215024961
2023-02-03,43.94005766120205
2023-02-04,15.419324096729834
2023-02-05,15.783985586790756
2023-02-06,51.6098493406191
2023-02-07,32.743659319627284
2023-02-08,43.734032375382355
2023-02-09,42.618028922173465
2023-02-10,34.377550464851495
2023-02-11,14.22230709387512
2023-02-12,36.80950664668531
2023-02-13,30.985445113697633
2023-02-14,37.65919829859144
2023-02-15,38.48395585663189
2023-02-16,34.31091546063462
2023-02-17,33.34621219938208
2023-02-18,16.977727367781153
2023-02-19,19.076495444243193
2023-02-20,44.8891489401077
2023-02-21,52.78806857087682
2023-02-22,22.797745421526777
2023-02-23,23.17981066274908
2023-02-24,44.88061636522132
2023-02-25,22.65641401304827
2023-02-26,21.75095212465921
2023-02-27,57.53014643983944
2023-02-28,47.3135931715862
2023-03-01,60.17727276711713
2023-03-02,61.8412813195445
2023-03-03,62.14782216497911
2023-03-04,23.283083750312738
2023-03-05,24.736399814447594
2023-03-06,25.768366326295464
2023-03-07,47.935287861136025
2023-03-08,54.16032054277093
2023-03-09,49.04214268609805
2023-03-10,25.682736818136718
2023-03-11,47.02651231582502
2023-03-12,40.069451006099506
2023-03-13,51.92272500344479
2023-03-14,43.78498607379341
2023-03-15,38.93704315758887
2023-03-16,47.43850506045615
2023-03-17,37.38604100532465
2023-03-18,16.827338032084803
2023-03-19,33.38524749140971
2023-03-20,34.246376993109664
2023-03-21,37.63593721214593
2023-03-22,41.86995700485464
2023-03-23,34.637391308673195
2023-03-24,29.3989547687843
2023-03-25,15.280689289515252
2023-03-26,31.946195299322873
2023-03-27,32.772048947499584
2023-03-28,35.53022579014436
2023-03-29,45.96907371201249
2023-03-30,44.30469540469294
2023-03-31,45.5306982660572
2023-04-01,23.635808115942233
2023-04-02,26.03250947272123
2023-04-03,27.757864280926533
2023-04-04,56.625032705748026
2023-04-05,29.194534249010456
2023-04-06,52.09085255555564
2023-04-07,44.99925008374477
2023-04-08,26.314440076763855
2023-04-09,24.011715585827577
2023-04-10,22.331539515435875
2023-04-11,33.728665618161386
2023-04-12,47.47284450964948
2023-04-13,39.804238246094975
2023-04-14,41.57231383109537
2023-04-15,41.855210273769046
2023-04-16,42.37743194547493
2023-04-17,46.222404828475604
2023-04-18,53.28695344718054
2023-04-19,43.28972730497551
2023-04-20,44.983520359706404
2023-04-21,28.399541983272364
2023-04-22,27.57464438890685
2023-04-23,26.26974478605153
2023-04-24,44.48322808280511
2023-04-25,37.809106840781055
2023-04-26,44.905020617029905
2023-04-27,36.023269078072566
2023-04-28,30.564526352944707
2023-04-29,17.89434884740162
2023-04-30,16.407449804987454
2023-05-01,15.666433933658762
2023-05-02,30.675057953608352
2023-05-03,27.25276096435418
2023-05-04,30.1690266231148
2023-05-05,20.299543685796902
2023-05-06,23.35711443483789
2023-05-07,27.17440251074142
2023-05-08,44.39356500179318
2023-05-09,50.0092885992659
2023-05-10,55.61407488027136
2023-05-11,48.75317007694948
2023-05-12,47.725481645255364
2023-05-13,29.729229622152783
2023-05-14,26.7635505821637
2023-05-15,39.40945631005491
2023-05-16,35.38039283901277
2023-05-17,37.55920655818973
2023-05-18,34.79557650548037
2023-05-19,20.486272289978967
2023-05-20,20.941040008076605
2023-05-21,21.96588218604185
2023-05-22,41.35304757626737
2023-05-23,39.774256053726525
2023-05-24,34.7140657701481
2023-05-25,23.346205691391663
2023-05-26,36.2806283060088
2023-05-27,22.404940316423193
2023-05-28,21.52645085026913
2023-05-29,21.761932269821553
2023-05-30,33.79373106409067
2023-05-31,35.53861076997109
2023-06-01,47.01629835673152
2023-06-02,44.38578710552717
2023-06-03,39.57121404922247
2023-06-04,46.412832184394404
2023-06-05,64.09609324639985
2023-06-06,76.52562315594629
2023-06-07,120.49084839058429
2023-06-08,88.49766345426328
2023-06-09,100.6865391956209
2023-06-10,82.90378787166343
2023-06-11,92.63288835297914
2023-06-12,112.24826840014835
2023-06-13,119.331371253749
2023-06-14,101.8106663487595
2023-06-15,86.12855396717812
2023-06-16,77.63541945113265
2023-06-17,55.68142846464687
2023-06-18,46.6647632285857
2023-06-19,50.66106650317698
2023-06-20,44.38952933948616
2023-06-21,49.8854853080476
2023-06-22,45.83214432487239
2023-06-23,40.133484736761524
2023-06-24,33.46014712855715
2023-06-25,38.07527366339444
2023-06-26,56.07339114219853
2023-06-27,68.24543704724404
2023-06-28,60.60376484147899
2023-06-29,60.453027003173574
2023-06-30,71.96077574196272
2023-07-01,55.05807841508759
2023-07-02,46.75712350129952
2023-07-03,42.635778106754245
2023-07-04,49.66575645606097
2023-07-05,46.209687531853355
2023-07-06,50.37486717997746
2023-07-07,43.479164765338425
2023-07-08,28.8757832193976
2023-07-09,47.28218674659895
2023-07-10,46.79700449273615
2023-07-11,44.37786273079654
2023-07-12,43.761187583266704
2023-07-13,48.779210972774315
2023-07-14,48.41426612025581
2023-07-15,31.936103632346693
2023-07-16,31.918694872463334
2023-07-17,46.31284491087632
2023-07-18,42.927805575635816
2023-07-19,48.30178294799265
2023-07-20,43.84845219356617
2023-07-21,45.71109029206267
2023-07-22,42.009778278075274
2023-07-23,44.52862932426254
2023-07-24,44.81505137407934
2023-07-25,48.186266229235855
2023-07-26,50.33101296951669
2023-07-27,47.94399155853094
2023-07-28,56.78525579377764
2023-07-29,35.945729871360534
2023-07-30,46.45370719841375
2023-07-31,61.62982972089161
2023-08-01,56.62354733669201
2023-08-02,47.63404709817909
2023-08-03,52.296965533419765
2023-08-04,47.99476460664355
2023-08-05,34.05680373720496
2023-08-06,32.42261068765509
2023-08-07,41.35056646748912
2023-08-08,45.79916076841661
2023-08-09,42.51099644686386
2023-08-10,42.312128700133826
2023-08-11,38.30454005690102
2023-08-12,27.135027588911317
2023-08-13,39.461446692282536
2023-08-14,37.953753245061435
2023-08-15,37.13758017935423
2023-08-16,39.92394982779928
2023-08-17,41.77682612683701
2023-08-18,45.14662661175423
2023-08-19,31.472820303521015
2023-08-20,33.08986408141193
2023-08-21,49.89424761438002
2023-08-22,52.23407638470985
2023-08-23,49.40251280434319
2023-08-24,49.73466131483026
2023-08-25,47.194756632886
2023-08-26,33.78301461495382
2023-08-27,32.3970210116243
2023-08-28,41.437083171717816
2023-08-29,40.49656608808036
2023-08-30,42.75245184372496
2023-08-31,49.46495516683778
2023-09-01,37.474866780982765
2023-09-02,28.759059141536156
2023-09-03,28.93322595626586
2023-09-04,43.79197350225003
2023-09-05,39.420049245540696
2023-09-06,46.66692018212192
2023-09-07,45.89239769745943
2023-09-08,44.37772244732283
2023-09-09,36.56615813672224
2023-09-10,49.95396883896896
2023-09-11,63.766308652869384
2023-09-12,56.44687300571778
2023-09-13,58.749323092019395
2023-09-14,57.054496224913464
2023-09-15,56.978086113387604
2023-09-16,59.81715586853684
2023-09-17,50.31647455608815
2023-09-18,56.496140217610645
2023-09-19,50.14503014451779
2023-09-20,52.87472149531915
2023-09-21,48.25083504214896
2023-09-22,48.96763904478575
2023-09-23,33.89995501203454
2023-09-24,33.03499776121617
2023-09-25,45.76779702654714
2023-09-26,45.41643802949312
2023-09-27,41.130374488699545
2023-09-28,51.11270805502578
2023-09-29,46.60695993296598
2023-09-30,35.75293812575251
2023-10-01,37.523875498085935
2023-10-02,56.12411132374039
2023-10-03,55.17692102628343
2023-10-04,55.92171308019361
2023-10-05,54.79156392264531
2023-10-06,46.421348858637856
2023-10-07,32.91879545192759
2023-10-08,29.612831399318576
2023-10-09,35.835147848496774
2023-10-10,38.46035046006735
2023-10-11,39.30874939484086
2023-10-12,38.76356784979867
2023-10-13,36.72900002246452
2023-10-14,28.797979196953442
2023-10-15,31.832325851701516
2023-10-16,47.89866881595574
2023-10-17,56.789354357136176
2023-10-18,47.63410923160238
2023-10-19,50.998667882269146
2023-10-20,47.224417494610776
2023-10-21,34.92217400086796
2023-10-22,32.91777673247377
2023-10-23,47.04906343499907
2023-10-24,42.15530620104298
2023-10-25,43.67294443424383
2023-10-26,37.901748997791316
2023-10-27,30.685873577108115
2023-10-28,31.797509583446946
2023-10-29,33.42848447024177
2023-10-30,41.68706163188844
2023-10-31,47.375884440329585
2023-11-01,38.556076519389215
2023-11-02,55.77691950957234
2023-11-03,55.64575653880873
2023-11-04,55.4665886822232
2023-11-05,45.51144259078474
2023-11-06,60.56794797171929
2023-11-07,62.313785573085084
2023-11-08,63.29951494672553
2023-11-09,74.15957969269839
2023-11-10,64.71515339319983
2023-11-11,59.49252037292324
2023-11-12,49.77335300002684
2023-11-13,63.17816893167138
2023-11-14,69.04174309644354
2023-11-15,57.459229899809955
2023-11-16,54.03288646816668
2023-11-17,54.429342862235195
2023-11-18,39.50217880367798
2023-11-19,36.312847428326265
2023-11-20,41.7864124340248
2023-11-21,41.45619829788788
2023-11-22,48.495502261585585
2023-11-23,58.449354721292266
2023-11-24,55.65350767596158
2023-11-25,61.99958599677525
2023-11-26,62.0628561937511
2023-11-27,80.75254284537039
2023-11-28,97.59568386444877
2023-11-29,113.24449564565995
2023-11-30,118.94748701535676
2023-12-01,98.91881030927718
2023-12-02,77.71517820837713
2023-12-03,74.58618646103952
2023-12-04,74.75003244042107
2023-12-05,70.73386388463211
2023-12-06,72.59728960010345
2023-12-07,73.82551531617753
2023-12-08,58.70639013480571
2023-12-09,43.14367654911392
2023-12-10,42.56210805535318
2023-12-11,52.68157493896025
2023-12-12,54.34091757119339
2023-12-13,60.27493742352044
2023-12-14,59.67968834448868
2023-12-15,59.33527296972939
2023-12-16,55.4389380745346
2023-12-17,50.84643341856603
2023-12-18,56.315454369033226
2023-12-19,58.41108015721072
2023-12-20,51.86399189123246
2023-12-21,53.77552452987463
2023-12-22,48.72094457440308
2023-12-23,46.85566663461067
2023-12-24,35.62913114623494
2023-12-25,34.839305472531066
2023-12-26,35.52834749764893
2023-12-27,44.83378917140966
2023-12-28,54.43158057636958
2023-12-29,69.10832678302906
2023-12-30,68.50529568848273
2023-12-31,61.15657300205302
2024-01-01,68.14362582782736
2024-01-02,91.79316449083217
2024-01-03,88.4177450545354
2024-01-04,95.38162878516997
2024-01-05,142.0013899127228
2024-01-06,124.23193166827595
2024-01-07,101.28123729267978
2024-01-08,122.97332245351836
2024-01-09,105.95714278098714
2024-01-10,109.44068151842713
2024-01-11,98.93385133359989
2024-01-12,93.84838086903062
2024-01-13,79.54809203843662
2024-01-14,75.44471347690535
2024-01-15,78.88133810737077
2024-01-16,72.4360500199173
2024-01-17,68.81785681856564
2024-01-18,68.52789653338144
2024-01-19,66.0757599547901
2024-01-20,52.455702059927724
2024-01-21,62.92425656383176
2024-01-22,74.71775910961509
2024-01-23,76.24370812412303
2024-01-24,75.54979065123855
2024-01-25,81.06691691946432
2024-01-26,81.82532305258206
2024-01-27,80.3270143149821
2024-01-28,78.07171992625894
2024-01-29,85.75089944396113
2024-01-30,87.22496072195331
2024-01-31,101.77297821449004
2024-02-01,88.15424066375554
2024-02-02,82.10687615713636
2024-02-03,59.200406176103705
2024-02-04,68.10417616586957
2024-02-05,64.19326970170181
2024-02-06,65.76659421785001
2024-02-07,63.62679309763481
2024-02-08,62.75576784606838
2024-02-09,52.42326906581536
2024-02-10,43.55115775079875
2024-02-11,54.42360198422489
2024-02-12,61.49379326494474
2024-02-13,62.241302136834264
2024-02-14,68.16282437379456
2024-02-15,62.76502334133555
2024-02-16,64.58632098291676
2024-02-17,48.16816886169819
2024-02-18,48.47599845659421
2024-02-19,60.859312782559236
2024-02-20,60.169089835814454
2024-02-21,70.97951683522132
2024-02-22,68.71640655504493
2024-02-23,66.74466784460618
2024-02-24,47.38813093962845
2024-02-25,46.71767883812244
2024-02-26,59.586684853825126
2024-02-27,66.00858556072262
2024-02-28,68.59224653756786
2024-02-29,60.17434195450545
2024-03-01,58.13256965759162
2024-03-02,45.663731666618155
2024-03-03,57.479005610017026
2024-03-04,62.35299586352738
2024-03-05,68.7166126682448
2024-03-06,59.13320076160795
2024-03-07,70.39218662454007
2024-03-08,61.29707706542866
2024-03-09,54.458040439738156
2024-03-10,41.63577810801756
2024-03-11,61.94292636066341
2024-03-12,53.076237705249284
2024-03-13,53.85916941514208
2024-03-14,51.60113807603298
2024-03-15,40.465359679916915
2024-03-16,41.32275886425131
2024-03-17,42.5439856726706
2024-03-18,60.37962441557633
2024-03-19,60.72281096072578
2024-03-20,60.052142584546374
2024-03-21,68.33142229276623
2024-03-22,66.54319915725549
2024-03-23,40.651923755157185
2024-03-24,38.800009640212636
2024-03-25,54.37954228907571
2024-03-26,49.69094012882347
2024-03-27,53.24379778344009
2024-03-28,52.63863407254032
2024-03-29,45.07128698210633
2024-03-30,35.6268334865491
2024-03-31,36.42102221412017
2024-04-01,37.12879713080804
2024-04-02,58.73116913860957
2024-04-03,59.55261605026597
2024-04-04,59.712355471432716
2024-04-05,62.946813529256175
2024-04-06,39.36458120883
2024-04-07,39.55111992378862
2024-04-08,55.060701939584135
2024-04-09,52.55290950478586
2024-04-10,57.89530811693807
2024-04-11,55.2799410820859
2024-04-12,51.02999108389262
2024-04-13,36.52293628321844
2024-04-14,47.97336837283698
2024-04-15,46.54492792365957
2024-04-16,48.385246723420494
2024-04-17,49.679512089665124
2024-04-18,43.372933425044884
2024-04-19,45.35185398690048
2024-04-20,35.34028304449897
2024-04-21,36.54064298233658
2024-04-22,50.680458855730336
2024-04-23,47.81606394306098
2024-04-24,60.817556616823495
2024-04-25,55.87419976208017
2024-04-26,55.091003887742346
2024-04-27,53.13768277219708
2024-04-28,37.054324813455736
2024-04-29,46.14782668812992
2024-04-30,53.191922491165194
2024-05-01,47.10797811937514
2024-05-02,55.425488296605636
2024-05-03,35.376744745797865
2024-05-04,35.47780363236799
2024-05-05,35.72441431335471
2024-05-06,58.61907074887746
2024-05-07,50.472203671004664
2024-05-08,56.69576138878834
2024-05-09,36.70640781441287
2024-05-10,54.770672334777345
2024-05-11,37.19473502964753
2024-05-12,50.42949748505534
2024-05-13,53.94489109562471
2024-05-14,52.10966026351669
2024-05-15,62.51374951994947
2024-05-16,58.101601481607986
2024-05-17,55.54342501290769
2024-05-18,37.594176458523236
2024-05-19,37.40266196981561
2024-05-20,37.002884127771935
2024-05-21,56.70567213685308
2024-05-22,61.446103884740715
2024-05-23,34.55397049244971
2024-05-24,52.0990756770733
2024-05-25,31.88004464528049
2024-05-26,30.230686693611503
2024-05-27,46.56076990305667
2024-05-28,56.53562154890855
2024-05-29,58.287028571489216
2024-05-30,34.809461798544106
2024-05-31,54.12503790383689
2024-06-01,57.1694823417357
2024-06-02,62.90288408100071
2024-06-03,106.03482408473
2024-06-04,101.34604490867007
2024-06-05,99.27829927152442
2024-06-06,85.46071744857686
2024-06-07,85.47344754975987
2024-06-08,76.61051541078393
2024-06-09,66.34477328893439
2024-06-10,75.77482072397106
2024-06-11,69.4046095069683
2024-06-12,58.73083542018891
2024-06-13,56.54357250584215
2024-06-14,60.07129588961423
2024-06-15,54.429890511692
2024-06-16,37.52531534995181
2024-06-17,52.47679924402557
2024-06-18,58.6353107104207
2024-06-19,61.01012432917257
2024-06-20,66.49925756739927
2024-06-21,50.22057599877574
2024-06-22,58.325101234693356
2024-06-23,38.01015196422257
2024-06-24,64.05096100433518
2024-06-25,68.78284100079537
2024-06-26,62.534393970090726
2024-06-27,61.93038243889117
2024-06-28,52.43664016761547
2024-06-29,35.53059341240774
2024-06-30,42.5095232345309
2024-07-01,59.80456592980683
2024-07-02,59.0248387621414
2024-07-03,73.35367765183535
2024-07-04,66.2510725228004
2024-07-05,49.84106307225083
2024-07-06,37.42996532300713
2024-07-07,34.322686089812876
2024-07-08,63.60469537040946
2024-07-09,64.14095141697238
2024-07-10,75.28231883741572
2024-07-11,59.85641468316594
2024-07-12,44.57713442367824
2024-07-13,33.28229751635194
2024-07-14,37.16151694574405
2024-07-15,73.04953411379718
2024-07-16,65.51844415014784
2024-07-17,65.52473820056758
2024-07-18,70.27206085950387
2024-07-19,62.07723681101167
2024-07-20,45.734251869144096
2024-07-21,40.33369619561917
2024-07-22,72.10367305937045
2024-07-23,72.80706073967703
2024-07-24,77.79255019868758
2024-07-25,65.55815827835968
2024-07-26,61.9167758606976
2024-07-27,34.701668826722674
2024-07-28,58.2283220263768
2024-07-29,70.1055094481569
2024-07-30,75.09711826332962
2024-07-31,69.3706812108231
2024-08-01,84.59439843717706
2024-08-02,67.45243063086116
2024-08-03,56.414340009357865
2024-08-04,33.15564098209586
2024-08-05,59.990960334615366
2024-08-06,69.4375141611941
2024-08-07,62.959004008997105
2024-08-08,54.59567912360832
2024-08-09,57.24894812715015
2024-08-10,36.01940693644069
2024-08-11,45.331141972564424
2024-08-12,60.80564454004201
2024-08-13,57.998596787716856
2024-08-14,72.23372394780608
2024-08-15,28.62107622223231
2024-08-16,38.64243225662317
2024-08-17,40.09990555398894
2024-08-18,28.38511090403404
2024-08-19,52.768669612850125
2024-08-20,65.27331939380738
2024-08-21,53.46872736663727
2024-08-22,54.470146726747046
2024-08-23,45.92726812449314
2024-08-24,28.544135027029355
2024-08-25,30.2278798209812
2024-08-26,63.812223511515576
2024-08-27,55.605984214341404
2024-08-28,56.25431727996708
2024-08-29,61.00095291077973
2024-08-30,59.290623404376
2024-08-31,40.534322082595764
2024-09-01,27.676789816864556
2024-09-02,53.0550633564808
2024-09-03,60.117661599072136
2024-09-04,49.84573001058688
2024-09-05,49.77841913419414
2024-09-06,50.40499012029552
2024-09-07,28.900603218011238
2024-09-08,31.703272224142726
2024-09-09,54.97405938128364
2024-09-10,45.31148152284233
2024-09-11,55.890292646007055
2024-09-12,62.47500720418964
2024-09-13,51.204717844215665
2024-09-14,43.730752218875935
2024-09-15,39.57004245732577
2024-09-16,57.92162216961252
2024-09-17,59.752080175859064
2024-09-18,59.483382617170776
2024-09-19,62.037818505005724
2024-09-20,58.38835263717354
2024-09-21,42.46526749728203
2024-09-22,37.06694942159285
2024-09-23,71.37496241844671
2024-09-24,75.84726324254572
2024-09-25,60.06155033405235
2024-09-26,64.80948336168437
2024-09-27,63.86178792184731
2024-09-28,39.80674867930837
2024-09-29,47.37523267769075
2024-09-30,51.71529938283946
2024-10-01,54.36835764169285
2024-10-02,52.505509263716
2024-10-03,57.90646952902537
2024-10-04,40.2303424916981
2024-10-05,30.561719514369436
2024-10-06,31.107630519393833
2024-10-07,48.02037278855197
2024-10-08,57.61003962207716
2024-10-09,55.057731015003114
2024-10-10,53.61173517240537
2024-10-11,55.80363237417733
2024-10-12,42.84141306961777
2024-10-13,44.7826308338621
2024-10-14,57.76533652355224
2024-10-15,62.30427621403695
2024-10-16,64.99950590261287
2024-10-17,63.29892220649603
2024-10-18,55.99985659219335
2024-10-19,49.67825597311416
2024-10-20,45.41040675995633
2024-10-21,71.21644880001061
2024-10-22,66.8668294804435
2024-10-23,64.91294397714874
2024-10-24,60.308714522061926
2024-10-25,57.56939973105096
2024-10-26,45.93286765677247
2024-10-27,53.385452575635426
2024-10-28,66.05616334278372
2024-10-29,62.79107973676939
2024-10-30,71.21633589675987
2024-10-31,68.9772456001391
2024-11-01,50.155139532370015
2024-11-02,51.08979373351686
2024-11-03,51.83250386134465
2024-11-04,71.18179678474604
2024-11-05,73.29509487780741
2024-11-06,70.8932025360544
2024-11-07,82.61896312114534
2024-11-08,72.99803981133527
2024-11-09,64.6971194945455
2024-11-10,77.0041838673109
2024-11-11,84.93130549353751
2024-11-12,110.26649694133627
2024-11-13,113.78269736688176
2024-11-14,98.96417401774097
2024-11-15,92.87288755781503
2024-11-16,78.70800971650313
2024-11-17,68.73566232756988
2024-11-18,86.73375121292348
2024-11-19,96.58838566135614
2024-11-20,84.4539047191409
2024-11-21,88.48009565174817
2024-11-22,88.96448488722439
2024-11-23,84.43168054755773
2024-11-24,85.72889873233211
2024-11-25,110.19672501394004
2024-11-26,148.511526151348
2024-11-27,151.1652243027054
2024-11-28,134.00658878077468
2024-11-29,148.0377777225736
2024-11-30,119.12714335918643
2024-12-01,116.16271125654394
2024-12-02,127.77248466354756
2024-12-03,123.06896679573198
2024-12-04,126.48921825676126
2024-12-05,122.07828261719678
2024-12-06,108.51974432909138
2024-12-07,102.61413410638184
2024-12-08,91.97166751482132
2024-12-09,104.30570148974904
2024-12-10,105.21863811621212
2024-12-11,117.57769947712511
2024-12-12,102.00864845748514
2024-12-13,112.33981006558321
2024-12-14,91.41375079995984
2024-12-15,93.85266669169805
2024-12-16,109.14082934832062
2024-12-17,115.34844383110566
2024-12-18,115.3738772675344
2024-12-19,108.69991064494303
2024-12-20,108.8383322757819
2024-12-21,85.84270228382348
2024-12-22,82.22859264949915
2024-12-23,90.10414223498393
2024-12-24,70.60138287045133
2024-12-25,110.8551930631097
2024-12-26,76.58667456425712
2024-12-27,76.78590115439096
2024-12-28,63.025744315454475
2024-12-29,56.35991130229886
2024-12-30,66.8375470215243
2024-12-31,52.5269954117336
2025-01-01,52.34887316620949
2025-01-02,69.21659847189031
2025-01-03,70.33721528827239
2025-01-04,63.2852473219894
2025-01-05,58.38816857129103
2025-01-06,62.67852167916231
2025-01-07,92.98553136106294
2025-01-08,94.21478964802104
2025-01-09,89.95137071528046
2025-01-10,72.60413212277162
2025-01-11,67.94078785172181
2025-01-12,61.449163871363346
2025-01-13,72.23769171740548
2025-01-14,70.14123152095897
2025-01-15,65.11967584789731
2025-01-16,65.53381483943951
2025-01-17,61.09245275290177
2025-01-18,59.89041212210187
2025-01-19,61.84867692627571
2025-01-20,74.63659821341534
2025-01-21,78.622765633383
2025-01-22,88.48795309359646
2025-01-23,85.03593315231483
2025-01-24,78.1628260563708
2025-01-25,61.901672915361424
2025-01-26,66.72298060258302
2025-01-27,82.35487986650121
2025-01-28,83.27178786554472
2025-01-29,86.20969419161884
2025-01-30,82.58339159031583
2025-01-31,77.09516101113795
2025-02-01,73.28618846060475
2025-02-02,71.85254033779755
2025-02-03,84.02090637848369
2025-02-04,86.33313498652136
2025-02-05,79.88181994895828
2025-02-06,83.46988292106764
2025-02-07,81.40442785388117
2025-02-08,73.45355763259046
2025-02-09,72.97708024994753
2025-02-10,84.93819693911762
2025-02-11,95.28961737414214
2025-02-12,84.9463017855693
2025-02-13,111.63820303788256
2025-02-14,81.43500211701202
2025-02-15,75.977378073067
2025-02-16,71.1525252248599
2025-02-17,79.95945974706724
2025-02-18,82.14363252028315
2025-02-19,77.04241396578774
2025-02-20,67.48751518846112
2025-02-21,70.1476999538146
2025-02-22,56.53744721287058
2025-02-23,50.61855009097548
2025-02-24,71.55285893780825
2025-02-25,75.44257621639551
2025-02-26,69.20523292572898
2025-02-27,69.77707509215948
2025-02-28,70.77525369992632
2025-03-01,60.55137916670614
2025-03-02,52.79459123294033
2025-03-03,73.02199529956954
2025-03-04,84.07430994643758
2025-03-05,84.45429107181042
2025-03-06,84.68062853156026
2025-03-07,80.50646740174943
2025-03-08,52.469246522963644
2025-03-09,62.90472103579912
2025-03-10,66.5146615926492
2025-03-11,69.28142796713817
2025-03-12,71.14973018298099
2025-03-13,74.33323997961303
2025-03-14,59.08646527713541
2025-03-15,57.83563600361969
2025-03-16,55.110678623104754
2025-03-17,75.35664625691186
2025-03-18,73.49534412733504
2025-03-19,74.14938747981482
2025-03-20,76.64642440555846
2025-03-21,66.72231641365106
2025-03-22,52.0981531267542
2025-03-23,43.69579553056135
2025-03-24,71.38725218068043
2025-03-25,67.98563643921293
2025-03-26,64.77239809897475
2025-03-27,68.68633974164648
2025-03-28,67.00336100230896
2025-03-29,60.75400464003751
2025-03-30,49.10689802928479
2025-03-31,71.71467915449838
2025-04-01,69.05581852596008
2025-04-02,63.31363737851508
2025-04-03,68.58821549832405
2025-04-04,63.26861524188726
2025-04-05,44.988987647392456
2025-04-06,39.17033234087842
2025-04-07,66.28052062854317
2025-04-08,70.4513118766248
2025-04-09,77.32656379386329
2025-04-10,63.29170358964588
2025-04-11,76.85915651640111
2025-04-12,47.81129219036677
2025-04-13,42.56682143751894
2025-04-14,76.42001826733072
2025-04-15,75.09303060628623
2025-04-16,61.648230181141926
2025-04-17,66.91175264409875
2025-04-18,63.80560241981465
2025-04-19,38.60431800644869
2025-04-20,40.60790349010122
2025-04-21,46.77577700036017
2025-04-22,76.29022070271974
2025-04-23,61.15894210749053
2025-04-24,63.311361900404286
2025-04-25,65.4732686755107
2025-04-26,38.78180693142492
2025-04-27,36.24500560786962
2025-04-28,61.58531433832091
2025-04-29,62.639397436605755
2025-04-30,74.45988314140074
2025-05-01,45.84912110347289
2025-05-02,71.43052210307542
2025-05-03,38.590363955925355
2025-05-04,46.292817235849064
2025-05-05,70.92266803088508
2025-05-06,73.23053509376312
2025-05-07,62.762896481951984
2025-05-08,60.862817169492885
2025-05-09,77.20215958897094
2025-05-10,43.139411209311525
2025-05-11,30.462706121224628
2025-05-12,70.32902361665431
2025-05-13,73.16023698625368
2025-05-14,63.817806151346815
2025-05-15,55.37541401902354
2025-05-16,63.6561639317068
2025-05-17,54.38829002443755
2025-05-18,37.19400282287687
2025-05-19,71.61870698445603
2025-05-20,76.27787683074548
2025-05-21,70.79334349060393
2025-05-22,69.85370153915407
2025-05-23,68.31503654854818
2025-05-24,34.31232421636458
2025-05-25,59.928962705253454
2025-05-26,58.986286358394665
2025-05-27,68.75468523277564
2025-05-28,64.2277864115086
2025-05-29,36.99461175726568
2025-05-30,57.888888813921916
2025-05-31,35.0785078751078
2025-06-01,52.21860627265476
2025-06-02,68.92395454086628
2025-06-03,54.472919086657086
2025-06-04,70.52405012716338
2025-06-05,54.660725094139856
2025-06-06,44.6390869540317
2025-06-07,42.42652801414627
2025-06-08,35.65426913830294
2025-06-09,33.6911965726939
2025-06-10,66.40969038227608
2025-06-11,66.13458424406036
2025-06-12,75.03225192091709
2025-06-13,53.477133519655794
2025-06-14,39.00281171413923
2025-06-15,36.81969886459987
2025-06-16,68.9548622110928
2025-06-17,76.030740950595
2025-06-18,72.27449609933974
2025-06-19,47.10789460548554
2025-06-20,65.64742407238255
2025-06-21,38.04231860265497
2025-06-22,42.365624771173145
2025-06-23,62.47258023761864
2025-06-24,72.37364123797944
2025-06-25,60.59287994152685
2025-06-26,64.23429591143966
2025-06-27,68.85019015182449
2025-06-28,37.36352096959212
2025-06-29,36.60123323102488
2025-06-30,66.30028293794146
2025-07-01,76.72155485611341
2025-07-02,73.00913792854209
2025-07-03,71.55552877316882
2025-07-04,66.42741722418154
2025-07-05,42.86617115668183
2025-07-06,39.24707502179725
2025-07-07,68.10924172552363
2025-07-08,73.38340206137606
2025-07-09,75.06166995501567
2025-07-10,74.78868112153297
2025-07-11,59.00194035836978
2025-07-12,45.0654075258553
2025-07-13,42.51726240643285
2025-07-14,67.70692669523244
2025-07-15,76.85567515760289
2025-07-16,75.64878392975818
2025-07-17,74.83723918282504
2025-07-18,70.79813890769296
2025-07-19,48.383799888086074
2025-07-20,45.1131478519652
2025-07-21,81.86283053243751
2025-07-22,77.01522795818963
2025-07-23,74.07315298399855
2025-07-24,75.91230374022975
2025-07-25,67.50942257558768
2025-07-26,48.642433533015655
2025-07-27,49.39486326833435
2025-07-28,70.88770938603676
2025-07-29,73.98070624682396
2025-07-30,86.87648096429264
2025-07-31,75.4767807115487
2025-08-01,74.3823207345889
2025-08-02,59.73167608373991
2025-08-03,54.5297244132565
2025-08-04,72.69659830803944
2025-08-05,75.08177760216427
2025-08-06,76.67006391366995
2025-08-07,80.73259110668724
2025-08-08,82.113127768987
2025-08-09,64.38155485570044
2025-08-10,64.31917375038967
2025-08-11,74.85913573503191
2025-08-12,77.90818116051784
2025-08-13,80.0415472475723
2025-08-14,77.26077415466565
2025-08-15,61.35262091483947
2025-08-16,56.06738090282526
2025-08-17,53.926259026412176
2025-08-18,73.65190948184228
2025-08-19,93.90769669762241
2025-08-20,74.75081478535665
2025-08-21,66.21105152163798
2025-08-22,73.37569479210589
2025-08-23,64.19770511741227
2025-08-24,63.874007409552476
2025-08-25,60.21342158129169
2025-08-26,71.03582608380901
2025-08-27,76.22200330876845
2025-08-28,79.7957967811044
2025-08-29,65.08699762253244
2025-08-30,40.14329288080099
2025-08-31,41.17927424393765
2025-09-01,63.23679650315848
2025-09-02,84.00367180968298
2025-09-03,72.63043316348102
2025-09-04,43.487950285219355
2025-09-05,61.532554307282226
2025-09-06,43.79642404807481
2025-09-07,43.73919486596712
2025-09-08,67.09077709332449
2025-09-09,75.72046307779712
2025-09-10,42.61101774269634
2025-09-11,57.24505654204315
2025-09-12,65.20488614096804
2025-09-13,40.048106250983516
2025-09-14,38.87497256264338
2025-09-15,69.5105550338071
2025-09-16,56.938913725778875
2025-09-17,64.10445801276845
2025-09-18,66.57670936812451
2025-09-19,61.194076462384004
2025-09-20,35.88502872168891
2025-09-21,36.06151446390176
2025-09-22,63.77098187728609
2025-09-23,67.56571737082352
2025-09-24,66.41526896793641
2025-09-25,70.66666287377018
2025-09-26,59.05101189900087
2025-09-27,56.28621196066673
2025-09-28,35.642445382464736
2025-09-29,59.313798841721606
2025-09-30,68.37970649460041
2025-10-01,72.03752495879174
2025-10-02,92.49794748316907
2025-10-03,82.50955443203692
2025-10-04,63.68613386600588
2025-10-05,42.58080237051422
2025-10-06,80.17695668785777
2025-10-07,83.92619581336152
2025-10-08,83.48999485403006
2025-10-09,80.82279209299296
2025-10-10,68.45173527348837
2025-10-11,70.97975335889637
2025-10-12,50.46775028441134
2025-10-13,83.85922200740248
2025-10-14,82.74457801542277
2025-10-15,80.75165345147525
2025-10-16,85.54491216191693
2025-10-17,86.58571635429493
2025-10-18,70.07803109864537
2025-10-19,54.51237543649178
2025-10-20,74.87775940387544
2025-10-21,83.07967234152304
2025-10-22,93.68059556048227
2025-10-23,86.08228246959668
2025-10-24,85.19424058053826
2025-10-25,77.31624075809978
2025-10-26,71.64563962730058
2025-10-27,84.36043570283243
2025-10-28,71.96479663343965
2025-10-29,82.07420409523755
2025-10-30,82.6895215065484
2025-10-31,80.59927399434594
2025-11-01,82.41406163209317
2025-11-02,69.94845584108353
2025-11-03,97.77899031784966
2025-11-04,90.68442699255152
2025-11-05,85.61843085414262
2025-11-06,79.37835094173295
2025-11-07,74.34564566001322
2025-11-08,68.96004915532922
2025-11-09,68.88779006677368
2025-11-10,84.57654596982977
2025-11-11,87.28457742785133
2025-11-12,85.8807640401883
2025-11-13,75.68430824093224
2025-11-14,83.06575596657628
2025-11-15,72.37508540340215
2025-11-16,71.93317480713364
2025-11-17,82.08637702178487
2025-11-18,86.66746362159725
2025-11-19,91.78405422485886
2025-11-20,89.67587919429569
2025-11-21,85.87572336518014
2025-11-22,61.77331045319334
2025-11-23,80.24119548155113
2025-11-24,87.208853628859
2025-11-25,85.11933274171271
2025-11-26,80.94250463928601
2025-11-27,79.78002807231965
2025-11-28,77.53620516815886
2025-11-29,65.22924235335115
2025-11-30,78.48292890037293
2025-12-01,81.24038114730195
2025-12-02,78.38841968358531
2025-12-03,85.6391954081422
2025-12-04,92.51794105318965
2025-12-05,92.63760341385078
2025-12-06,78.90855342682539
2025-12-07,71.2583971022763
2025-12-08,91.37697653089413
2025-12-09,85.42143315690713
2025-12-10,88.07346590925263
2025-12-11,86.87832102680244
2025-12-12,81.19729319040246
2025-12-13,73.96842687490614
2025-12-14,72.5368332743162
2025-12-15,81.9520980348411
2025-12-16,93.33621719994096
2025-12-17,93.85121382034937
2025-12-18,84.0080521513156
2025-12-19,85.33110150857715
2025-12-20,75.97663991513166
2025-12-21,74.0838984849743
2025-12-22,84.77491804173874
2025-12-23,88.88853895422069
2025-12-24,78.24933311538746
2025-12-25,78.98034815255727
2025-12-26,65.72498282445736
2025-12-27,78.78554287783493
2025-12-28,79.4564858688124
2025-12-29,81.99362362236883
2025-12-30,77.90217537267276
2025-12-31,77.4014262520022
2026-01-01,64.26826110740654
2026-01-02,76.35293250976915
2026-01-03,62.49514425561608
2026-01-04,61.40043878922403
2026-01-05,81.99028951629751
2026-01-06,77.63920801080995
2026-01-07,77.59989797778988
2026-01-08,74.84660088125962
2026-01-09,79.7263429187283
2026-01-10,56.85484931219915
2026-01-11,56.43435828917583
2026-01-12,71.21765737225743
2026-01-13,80.51069417247587
2026-01-14,77.2877101561626
2026-01-15,71.32089673144402
2026-01-16,80.36626182117662
2026-01-17,76.25690077647972
2026-01-18,70.17015670850756
2026-01-19,77.58167991587118
2026-01-20,74.85937352302511
2026-01-21,73.49993330876721
2026-01-22,70.56531479860665
2026-01-23,74.16707556509232
2026-01-24,54.733159254257345
2026-01-25,68.34189302767287
2026-01-26,70.77963407292259
2026-01-27,71.6269621963655
2026-01-28,71.39484165741278
2026-01-29,73.72389278124949
2026-01-30,62.77422361352488
2026-01-31,66.01016294891397
2026-02-01,72.12662661041708
2026-02-02,68.53250032613614
2026-02-03,72.48081157803234
2026-02-04,66.18361717991654
2026-02-05,73.9995413051958
2026-02-06,71.85737717230823
2026-02-07,65.28990962664534
2026-02-08,56.30906042680358
2026-02-09,75.28465515769578
2026-02-10,75.00838678820632
2026-02-11,74.1623859553494
2026-02-12,71.74069177834764
2026-02-13,71.69529343017277
2026-02-14,57.93081682678928
2026-02-15,70.54198848229491
2026-02-16,69.80951080199051
2026-02-17,75.07246846928007
2026-02-18,66.12952461671708
2026-02-19,73.79592988881436
2026-02-20,69.98689888820232
2026-02-21,64.55674228181829
2026-02-22,62.925330933314335
2026-02-23,68.32894970671313
2026-02-24,76.82587433191686
2026-02-25,72.48496923431792
2026-02-26,70.74465445572011
2026-02-27,81.45924066270423
2026-02-28,67.69559267348744
2026-03-01,71.01015975934129
2026-03-02,75.9787228622886
2026-03-03,74.27849543482965
2026-03-04,71.64961344124629
2026-03-05,69.7504027822215
2026-03-06,71.54638555273891
2026-03-07,69.64667619664347
2026-03-08,68.15356761312663
2026-03-09,73.4550903878542
2026-03-10,73.72589716863008
2026-03-11,73.90151198564914
2026-03-12,73.20333103099227
2026-03-13,73.00193491860834
2026-03-14,71.85829325566615
2026-03-15,69.45792861563518
2026-03-16,72.20749558485879
2026-03-17,71.98464670414475
2026-03-18,71.7218677921463
2026-03-19,72.01300516010096
2026-03-20,73.07619577297625
2026-03-21,72.2192800052699
2026-03-22,71.29190048298676
2026-03-23,74.13913705289599
2026-03-24,75.66676633443272
2026-03-25,74.33897491873014
2026-03-26,71.79616687978385
2026-03-27,71.62056311691153
2026-03-28,67.8416817103458
2026-03-29,65.42135842574031
2026-03-30,66.66617267495428
2026-03-31,66.07044551192742
2026-04-01,68.37366362460378
2026-04-02,72.49953769573337
2026-04-03,78.31407256309234
2026-04-04,83.99815553252903
2026-04-05,94.04260128167002
2026-04-06,101.31736194452549
2026-04-07,108.86319183619133
2026-04-08,125.99805348508957
2026-04-09,131.73207533443966
2026-04-10,116.17812535538084
2026-04-11,106.81062520952155
2026-04-12,100.29838426194719
2026-04-13,98.38210451170741
2026-04-14,95.98912592120139
2026-04-15,91.48712166442444
2026-04-16,89.65825253066564
2026-04-17,92.58562764396461
2026-04-18,87.04351953659298
2026-04-19,86.06538694986882
2026-04-20,96.53395833293818
2026-04-21,92.75554682009388
2026-04-22,91.85395736886093
2026-04-23,95.04224545517727
2026-04-24,94.90633484503883
2026-04-25,97.04260457762082
2026-04-26,101.25632800230592
2026-04-27,105.07604875346858
2026-04-28,105.84797445886392
2026-04-29,112.20971608170277
2026-04-30,119.97866837119467
2026-05-01,106.40119445729813
2026-05-02,99.1743389094856
2026-05-03,87.15792299794572
2026-05-04,82.27894837700403
2026-05-05,81.18601303538281
2026-05-06,79.70972165554161
2026-05-07,81.6960925718794
2026-05-08,86.27432456573271
2026-05-09,102.23287753748377
2026-05-10,97.98213294975189
2026-05-11,104.32432843478546
2026-05-12,124.92561428021739
2026-05-13,113.2139706859757
2026-05-14,108.63998486888093
2026-05-15,106.77080590639852
2026-05-16,101.27975257638732
2026-05-17,100.21625487422195
2026-05-18,98.25368625265283
2026-05-19,86.9790644973324
2026-05-20,82.06913852744543
2026-05-21,77.6096584676574
2026-05-22,73.31642903929715
2026-05-23,67.51590565460498
2026-05-24,63.43261196583521
2026-05-25,61.44450847889486
2026-05-26,63.36526733642516
2026-05-27,69.17805905302906
2026-05-28,77.78103817407053
2026-05-29,91.32107125322278
2026-05-30,105.63088223046503
2026-05-31,123.62296736973391
2026-06-01,138.23740926459894
2026-06-02,153.79417845034877
2026-06-03,206.12464342924537
2026-06-04,165.93626673882042
2026-06-05,150.95869696834194
2026-06-06,138.9406020188319
2026-06-07,129.05631010974682
2026-06-08,114.85962078380257
2026-06-09,112.33094117464529
2026-06-10,116.99675655766825
2026-06-11,112.0691719940025
2026-06-12,104.8321472429329
2026-06-13,122.05581914620124
2026-06-14,116.45044574054911
2026-06-15,140.84660628966162
2026-06-16,130.21132502672634
2026-06-17,126.20793066259641
2026-06-18,121.092060349742
2026-06-19,113.51947059020591
2026-06-20,108.41189872725005
2026-06-21,99.01933864486917
2026-06-22,84.97289749019308
2026-06-23,80.640002858902335
2026-06-24,77.96264133283479
2026-06-25,78.66875940163413
2026-06-26,81.41937063792139
2026-06-27,100.57846051910562
2026-06-28,119.4138619267265
2026-06-29,108.49821765877849
2026-06-30,111.84597348960132
2026-07-01,116.48720436404108
2026-07-02,119.83687479543583
2026-07-03,118.66282989588419
2026-07-04,115.15426083278966
2026-07-05,106.32684568001775
2026-07-06,102.47960945613015
2026-07-07,97.5785079386706
2026-07-08,102.56949698709644
2026-07-09,87.07238590746782
2026-07-10,83.49477671091549
2026-07-11,85.98779488778197
2026-07-12,90.07499472349821
2026-07-13,77.94475458723427
2026-07-14,77.49293047635858
2026-07-15,77.0290088514677
2026-07-16,80.54257866110278
2026-07-17,83.51837375505507
2026-07-18,78.07592732694118
2026-07-19,77.7926930693105
2026-07-20,80.87504467791088
2026-07-21,81.98253236236994
2026-07-22,89.88081965048319
2026-07-23,84.71524266433742
2026-07-24,80.90640828958153
2026-07-25,86.09648191378925
2026-07-26,76.66935358212262
2026-07-27,77.89701637133737
2026-07-28,73.98272885240488
2026-07-29,74.34158216734329
2026-07-30,75.39404898878944
2026-07-31,79.29039941603995
2026-08-01,84.62629904443162
2026-08-02,93.78415920064823
2026-08-03,113.13864516375035
2026-08-04,130.54523806662547
2026-08-05,117.83806802075844
2026-08-06,105.55216861082586
2026-08-07,114.39581171472989
2026-08-08,120.46033636711573
2026-08-09,101.12680352343929
2026-08-10,87.51059930263318
2026-08-11,83.00574433680364
2026-08-12,80.99490903753178
2026-08-13,91.22999239131991
2026-08-14,87.04302536838325
2026-08-15,89.21770370460281
2026-08-16,90.57971026129367
2026-08-17,86.70246709787781
2026-08-18,98.49957787628871
2026-08-19,107.97217601273215
2026-08-20,96.36398432335618
2026-08-21,87.65810860231304
2026-08-22,90.23447594347238
2026-08-23,96.260269580454775
2026-08-24,99.11335915413798
2026-08-25,91.26704909255955
2026-08-26,98.54362018438187
2026-08-27,99.06517026299346
2026-08-28,84.46212623487109
2026-08-29,79.8446954022173
2026-08-30,85.11182653655587
2026-08-31,82.11353019464853
2026-09-01,81.2689062791501
2026-09-02,84.54221739106734
2026-09-03,99.22181904874132
2026-09-04,89.73226260176597
2026-09-05,88.21446475920095
2026-09-06,85.03777319002323
2026-09-07,86.33850729626671
2026-09-08,98.92784649685544
2026-09-09,104.62148330738478
2026-09-10,93.60444939369629
2026-09-11,90.51641501564524
2026-09-12,98.51857559535412
2026-09-13,81.41799164191357
2026-09-14,92.62777747983543
2026-09-15,87.50730335607442
2026-09-16,95.7787480732061
2026-09-17,89.49326931504709
2026-09-18,109.25839264244735
2026-09-19,79.46638392091289
2026-09-20,73.6301846041413
2026-09-21,76.39706816804464
2026-09-22,74.9817063577878
2026-09-23,78.37182499271802
2026-09-24,80.66851080828123
2026-09-25,94.3245450824365
2026-09-26,114.35544692282755
2026-09-27,77.0628890295778
2026-09-28,81.58021790152225
2026-09-29,84.83964541685981
2026-09-30,77.64468592020978
2026-10-01,90.3910353033419
2026-10-02,98.0035788941276
2026-10-03,80.82159825541783
2026-10-04,73.58564444879048
2026-10-05,88.06749409428554
2026-10-06,87.44897897369452
2026-10-07,77.3922217585104
2026-10-08,80.45948789871929
