time,value
2006-01-01,-3.950711328565917
2006-01-02,-3.8492049359170366
2006-01-03,-3.646183661012042
2006-01-04,18.636588695710813
2006-01-05,-2.935596465545582
2006-01-06,-2.428030547101973
2006-01-07,-1.81894974556268
2006-01-08,-1.1083540631539224
2006-01-09,-0.525519617782511
2006-01-10,-0.07044641031671794
2006-01-11,0.2568655604238028
2006-01-12,0.4564162943359955
2006-01-13,0.5282057904029135
2006-01-14,0.4722340503628353
2006-01-15,0.28850107237940115
2006-01-16,0.1378156877489889
2006-01-17,0.020177896810668727
2006-01-18,-0.06441230029015332
2006-01-19,-0.11595490541468378
2006-01-20,-0.13444991892964087
2006-01-21,-0.11989733701926952
2006-01-22,-0.07229716279564014
2006-01-23,-0.03324119854655305
2006-01-24,-0.0027294441779526224
2006-01-25,0.01923810089529021
2006-01-26,0.03266143502335672
2006-01-27,0.03754056103307257
2006-01-28,0.033875475742488614
2006-01-29,0.021666182541642875
2006-01-30,0.011670035633388531
2006-01-31,0.00388703619493036
2006-02-01,-0.0016828159423081246
2006-02-02,-0.005044509528002283
2006-02-03,-0.006198047016905628
2006-02-04,-0.005143427826262759
2006-02-05,-0.0018806512019962085
2006-02-06,8.079863405234811e-4
2006-02-07,0.0029224845142463707
2006-02-08,0.004462842811715717
2006-02-09,0.005429061211309039
2006-02-10,0.005821140104645295
2006-02-11,0.005639081333468354
2006-02-12,0.004882881777061865
2006-02-13,0.004272159812647169
2006-02-14,0.0038069145707462226
2006-02-15,0.0034871477856284194
2006-02-16,0.0033128587696737988
2006-02-17,0.0032840450850117886
2006-02-18,0.0034007095045966995
2006-02-19,0.0036628504027178543
2006-02-20,0.0038843469205094294
2006-02-21,0.004065197448336999
2006-02-22,0.004205402713351125
2006-02-23,0.004304962017872338
2006-02-24,0.004363877419267803
2006-02-25,0.004382147483069199
2006-02-26,0.004359771333957596
2006-02-27,0.0043448893504309805
2006-02-28,0.004337502671637017
2006-03-01,0.004337606495131485
2006-03-02,0.004350777643029824
2006-03-03,0.004377012510291323
2006-03-04,0.004416313599951538
2006-03-05,0.0044686788874050976
2006-03-06,0.004521658602872458
2006-03-07,0.004575251773668354
2006-03-08,0.004629460773187821
2006-03-09,0.004684284386361259
2006-03-10,0.004739721849991829
2006-03-11,0.004795774256221019
2006-03-12,0.004852440745000353
2006-03-13,0.004912942886795557
2006-03-14,0.004977279364062781
2006-03-15,0.005045449361587684
2006-03-16,0.0051174536671627635
2006-03-17,0.0051932934659053576
2006-03-18,0.005272967133928885
2006-03-19,0.005356475854483289
2006-03-20,0.005442985687607704
2006-03-21,0.005532497074486997
2006-03-22,0.005625010719576329
2006-03-23,0.00572052659116018
2006-03-24,0.00581904299995073
2006-03-25,0.005920562901939874
2006-03-26,0.006025082861117914
2006-03-27,0.006132821100241381
2006-03-28,0.00624377657755204
2006-03-29,0.006357948504862598
2006-03-30,0.006475338206435977
2006-03-31,0.006595945771458611
2006-04-01,0.00671976959256626
2006-04-02,0.006839223052937271
2006-04-03,0.006954246955293453
2006-04-04,0.007064843710761659
2006-04-05,0.007171013174204877
2006-04-06,0.007272755032434963
2006-04-07,0.007370068351061354
2006-04-08,0.007462955094150514
2006-04-09,0.007551413375369576
2006-04-10,0.007635458518132854
2006-04-11,0.007715090385855161
2006-04-12,0.007790309570729681
2006-04-13,0.007861115606153657
2006-04-14,0.007927508021896568
2006-04-15,0.00798948690557788
2006-04-16,0.008047053143254601
2006-04-17,0.008100202682480573
2006-04-18,0.008148935411724345
2006-04-19,0.008193251744530228
2006-04-20,0.008233149114310834
2006-04-21,0.008268631120739167
2006-04-22,0.008299694958952886
2006-04-23,0.008326342380897467
2006-04-24,0.008348574142141407
2006-04-25,0.008366389359427684
2006-04-26,0.008379788715317638
2006-04-27,0.008388772179493742
2006-04-28,0.008393339381269627
2006-04-29,0.008393491246901474
2006-04-30,0.008389227625178242
2006-05-01,0.008380546915326414
2006-05-02,0.008369322382752786
2006-05-03,0.008355551409198192
2006-05-04,0.008339236187051569
2006-05-05,0.008320375893247522
2006-05-06,0.00829896998439894
2006-05-07,0.008275018240730514
2006-05-08,0.008248522793095292
2006-05-09,0.008219481699133668
2006-05-10,0.008187895721893712
2006-05-11,0.00815376497183995
2006-05-12,0.00811708934177191
2006-05-13,0.00807786893374951
2006-05-14,0.008036103772080638
2006-05-15,0.007991792948529808
2006-05-16,0.007944937769290394
2006-05-17,0.007895536932384317
2006-05-18,0.007843591355604307
2006-05-19,0.007789100229079526
2006-05-20,0.007732064432760755
2006-05-21,0.007672483329477009
2006-05-22,0.007610356730539003
2006-05-23,0.007545685829137394
2006-05-24,0.007478470233929002
2006-05-25,0.007408709928912183
2006-05-26,0.00733640516765699
2006-05-27,0.0072615547759633525
2006-05-28,0.007184159744437757
2006-05-29,0.007104220250466975
2006-05-30,0.0070217354741604066
2006-05-31,0.006936705679044364
2006-06-01,0.006849129074444349
2006-06-02,0.006759168219975686
2006-06-03,0.006666822415097862
2006-06-04,0.0065720923575105505
2006-06-05,0.006474975797103433
2006-06-06,0.006375475148058474
2006-06-07,0.006273588618537884
2006-06-08,0.006169318455357953
2006-06-09,0.006062664121607497
2006-06-10,0.005953623148613918
2006-06-11,0.005842199142982896
2006-06-12,0.00572838896994754
2006-06-13,0.005612193214232342
2006-06-14,0.005493614360004395
2006-06-15,0.005372648138697977
2006-06-16,0.005249298015092441
2006-06-17,0.005123562434390827
2006-06-18,0.004995441681361568
2006-06-19,0.004864935838934326
2006-06-20,0.0047320454080714835
2006-06-21,0.004596769487144048
2006-06-22,0.004459109135622308
2006-06-23,0.004319064190206001
2006-06-24,0.004176633653700135
2006-06-25,0.00403181845047329
2006-06-26,0.0038846179986897766
2006-06-27,0.0037350315522401978
2006-06-28,0.0035830630298476773
2006-06-29,0.0034287067722202913
2006-06-30,0.0032719667569973687
2006-07-01,0.0031128417515193796
2006-07-02,0.0029654758058312858
2006-07-03,0.0028298700667177545
2006-07-04,0.0027060255547537437
2006-07-05,0.002593939868097195
2006-07-06,0.002493615229598012
2006-07-07,0.002405049488608313
2006-07-08,0.0023282444606067543
2006-07-09,0.00226320035445271
2006-07-10,0.002209914975872973
2006-07-11,0.0021683895399620123
2006-07-12,0.0021386244026355694
2006-07-13,0.002120618762120552
2006-07-14,0.00211437317804819
2006-07-15,0.002119887420877875
2006-07-16,0.002137160838179053
2006-07-17,0.0021661952595890543
2006-07-18,0.002206989512033797
2006-07-19,0.0022595442142134825
2006-07-20,0.0023238590931520253
2006-07-21,0.002399933447191138
2006-07-22,0.002487770080877638
2006-07-23,0.0025873655900683357
2006-07-24,0.002698721163529205
2006-07-25,0.002821835819529994
2006-07-26,0.0029567102668077716
2006-07-27,0.003103345669665414
2006-07-28,0.0032617404409416295
2006-07-29,0.003431892964968153
2006-07-30,0.0036138068752507024
2006-07-31,0.003807480758855508
2006-08-01,0.0040129154492209995
2006-08-02,0.004206561882415638
2006-08-03,0.004388420025967621
2006-08-04,0.004558490140560423
2006-08-05,0.004716773195027946
2006-08-06,0.004863267437264174
2006-08-07,0.0049979747229411675
2006-08-08,0.005120892060627824
2006-08-09,0.00523202124163924
2006-08-10,0.005331362710753851
2006-08-11,0.005418916193657752
2006-08-12,0.005494680450473632
2006-08-13,0.005558656736420531
2006-08-14,0.0056108449173897235
2006-08-15,0.005651245519835868
2006-08-16,0.005679857908869934
2006-08-17,0.00569668246139865
2006-08-18,0.0057017179364942105
2006-08-19,0.005694966857666461
2006-08-20,0.0056764267355575715
2006-08-21,0.005646098521428167
2006-08-22,0.005603983147432601
2006-08-23,0.005550078855457219
2006-08-24,0.005484386568604727
2006-08-25,0.0054069060124146695
2006-08-26,0.005317636960537664
2006-08-27,0.005216580278707861
2006-08-28,0.005103734750741218
2006-08-29,0.0049791018771170314
2006-08-30,0.004842680413057243
2006-08-31,0.004694470863847222
2006-09-01,0.0045344724957911975
2006-09-02,0.004377052782308377
2006-09-03,0.004222211821335309
2006-09-04,0.004069947465749957
2006-09-05,0.003920262283960696
2006-09-06,0.0037731540486589665
2006-09-07,0.0036286245754419966
2006-09-08,0.003486674024945735
2006-09-09,0.003347299466833542
2006-09-10,0.0032105038505367833
2006-09-11,0.003076286034833675
2006-09-12,0.0029446471145808673
2006-09-13,0.002815587045748469
2006-09-14,0.0026891029045690296
2006-09-15,0.00256519788889098
2006-09-16,0.0024438707081790856
2006-09-17,0.0023251207493439896
2006-09-18,0.0022089501603479444
2006-09-19,0.0020953561559666767
2006-09-20,0.001984341320576899
2006-09-21,0.0018759041721394532
2006-09-22,0.0017700450432258652
2006-09-23,0.001666763756792644
2006-09-24,0.0015660614428423258
2006-09-25,0.0014679361138527636
2006-09-26,0.0013723892967314466
2006-09-27,0.001279420222776384
2006-09-28,0.0011890291693668065
2006-09-29,0.0011012165246431227
2006-09-30,0.001015981531673038
2006-10-01,9.333228764301094e-4
2006-10-02,8.525816576707701e-4
2006-10-03,7.737552445925555e-4
2006-10-04,6.968462348906357e-4
2006-10-05,6.218523701120304e-4
2006-10-06,5.487741129206469e-4
2006-10-07,4.7761178957128614e-4
2006-10-08,4.083667506915578e-4
2006-10-09,3.4103613321101456e-4
2006-10-10,2.7562204170328286e-4
2006-10-11,2.121234644028025e-4
2006-10-12,1.5054095771338538e-4
2006-10-13,9.08737327522946e-5
2006-10-14,3.312280275924451e-5
2006-10-15,-2.2714210693663972e-5
2006-10-16,-7.663356137421751e-5
2006-10-17,-1.2863709697374937e-4
2006-10-18,-1.7872554729625456e-4
2006-10-19,-2.268984090705306e-4
2006-10-20,-2.7315482945855507e-4
2006-10-21,-3.1749405885728166e-4
2006-10-22,-3.5991803991164417e-4
2006-10-23,-4.0042618521041184e-4
2006-10-24,-4.390203298680895e-4
2006-10-25,-4.756969525998578e-4
2006-10-26,-5.104575541596823e-4
2006-10-27,-5.433029724271066e-4
2006-10-28,-5.742329779476751e-4
2006-10-29,-6.03247246367733e-4
2006-10-30,-6.303458666221395e-4
2006-10-31,-6.555271832617837e-4
2006-11-01,-6.787934925684969e-4
2006-11-02,-6.95278561977597e-4
2006-11-03,-7.049818321218648e-4
2006-11-04,-7.079027887895162e-4
2006-11-05,-7.040410490246618e-4
2006-11-06,-6.933984296808582e-4
2006-11-07,-6.759740583381912e-4
2006-11-08,-6.517671353918342e-4
2006-11-09,-6.207776960696076e-4
2006-11-10,-5.830063486260695e-4
2006-11-11,-5.384535702608328e-4
2006-11-12,-4.8711861670924783e-4
2006-11-13,-4.290017458086215e-4
2006-11-14,-3.6410260559693874e-4
2006-11-15,-2.9242222569325627e-4
2006-11-16,-2.1396051123523385e-4
2006-11-17,-1.287157365656988e-4
2006-11-18,-3.6689560327651805e-5
2006-11-19,6.211883469453561e-5
2006-11-20,1.6770914162878015e-4
2006-11-21,2.800814541426e-4
2006-11-22,3.9923513995621107e-4
2006-11-23,5.251708440250358e-4
2006-11-24,6.578881660070923e-4
2006-11-25,7.973873769644424e-4
2006-11-26,9.436683956833836e-4
2006-11-27,0.0010967318147054872
2006-11-28,0.0012565772031589706
2006-11-29,0.0014232036648771373
2006-11-30,0.0015966138774030636
2006-12-01,0.001776805081961097
2006-12-02,0.0019451904019192057
2006-12-03,0.002101770060664032
2006-12-04,0.0022465415056711624
2006-12-05,0.002379508186388213
2006-12-06,0.0025006685116482075
2006-12-07,0.002610022643857013
2006-12-08,0.0027075702030578963
2006-12-09,0.002793311090408368
2006-12-10,0.002867245504039717
2006-12-11,0.002929375422580094
2006-12-12,0.002979697946435156
2006-12-13,0.003018213500294964
2006-12-14,0.003044923027605506
2006-12-15,0.00305982626318424
2006-12-16,0.003062923115405791
2006-12-17,0.0030542142777076897
2006-12-18,0.0030336979748708526
2006-12-19,0.0030013762628435803
2006-12-20,0.0029572486252145147
2006-12-21,0.002901315312569208
2006-12-22,0.002833576000691451
2006-12-23,0.0027540307453479684
2006-12-24,0.0026626783860528302
2006-12-25,0.0025595199736021534
2006-12-26,0.0024445553743090986
2006-12-27,0.0023177840913000125
2006-12-28,0.0021792060471097496
2006-12-29,0.002028822244154016
2006-12-30,0.0018666313974882165
2006-12-31,0.001692633880021166
2007-01-01,0.001506830315024077
2007-01-02,0.0013290292840126838
2007-01-03,0.0011592285084445209
2007-01-04,9.97429020334728e-4
2007-01-05,8.436308139057047e-4
2007-01-06,6.97833779556456e-4
2007-01-07,5.600390499242991e-4
2007-01-08,4.3024518145107216e-4
2007-01-09,3.0845221668585054e-4
2007-01-10,1.9466109268684306e-4
2007-01-11,8.887218996345148e-5
2007-01-12,-8.915123870467667e-6
2007-01-13,-9.870173975312646e-5
2007-01-14,-1.8048657644142985e-4
2007-01-15,-2.542700783920715e-4
2007-01-16,-3.2005239086618786e-4
2007-01-17,-3.778342941855861e-4
2007-01-18,-4.2761429031190623e-4
2007-01-19,-4.6939342996243916e-4
2007-01-20,-5.03171376239786e-4
2007-01-21,-5.289478667058756e-4
2007-01-22,-5.467229871305435e-4
2007-01-23,-5.56496686744179e-4
2007-01-24,-5.582685564313739e-4
2007-01-25,-5.52039128845605e-4
2007-01-26,-5.378082937383954e-4
2007-01-27,-5.155750966379102e-4
2007-01-28,-4.853427236155561e-4
2007-01-29,-4.471069680034301e-4
2007-01-30,-4.008709977203484e-4
2007-01-31,-3.466334000479243e-4
2007-02-01,-2.843951463762373e-4
2007-02-02,-2.264151324606889e-4
2007-02-03,-1.7269591804880413e-4
2007-02-04,-1.2323448747864063e-4
2007-02-05,-7.803242989323778e-5
2007-02-06,-3.709040299559874e-5
2007-02-07,-4.080125375338639e-7
2007-02-08,3.201602517810542e-5
2007-02-09,6.0180402296605706e-5
2007-02-10,8.408615107424744e-5
2007-02-11,1.0373236471505898e-4
2007-02-12,1.191188031988144e-4
2007-02-13,1.302480484060009e-4
2007-02-14,1.371166701682469e-4
2007-02-15,1.397269493843556e-4
2007-02-16,1.3807794855025257e-4
2007-02-17,1.32169015156558e-4
2007-02-18,1.2200162376130308e-4
2007-02-19,1.0757582342901806e-4
2007-02-20,8.888950590102418e-5
2007-02-21,6.594450708674593e-5
2007-02-22,3.874017171390243e-5
2007-02-23,7.277356553592185e-6
2007-02-24,-2.8444754374579162e-5
2007-02-25,-6.842602928514019e-5
2007-02-26,-1.1266823228539558e-4
2007-02-27,-1.611682014617255e-4
2007-02-28,-2.1392826203703308e-4
2007-03-01,-2.709469260178121e-4
2007-03-02,-3.2092703898634056e-4
2007-03-03,-3.6386996569981456e-4
2007-03-04,-3.997728873756934e-4
2007-03-05,-4.2863596116382574e-4
2007-03-06,-4.504607799054039e-4
2007-03-07,-4.6524574720074874e-4
2007-03-08,-4.72991674183465e-4
2007-03-09,-4.7369824608267663e-4
2007-03-10,-4.673645326687126e-4
2007-03-11,-4.53992690414573e-4
2007-03-12,-4.3358241796642716e-4
2007-03-13,-4.061325860473808e-4
2007-03-14,-3.7164561800850926e-4
2007-03-15,-3.301180722961039e-4
2007-03-16,-2.815536820743869e-4
2007-03-17,-2.2595059515584381e-4
2007-03-18,-1.6330858308899465e-4
2007-03-19,-9.362737229512419e-5
2007-03-20,-1.6907597362392224e-5
2007-03-21,6.685162589992188e-5
2007-03-22,1.5765038097037554e-4
2007-03-23,2.554888993957505e-4
2007-03-24,3.603662294096033e-4
2007-03-25,4.72281415210718e-4
2007-03-26,5.912361856825754e-4
2007-03-27,7.172303558067306e-4
2007-03-28,8.502633924305503e-4
2007-03-29,9.903343871247028e-4
2007-03-30,0.001137443339958244
2007-03-31,0.0012915925276226758
2007-04-01,0.001452780143226473
2007-04-02,0.0016058971442816095
2007-04-03,0.0017509418814365407
2007-04-04,0.0018879152890309836
2007-04-05,0.002016817688531569
2007-04-06,0.0021376500104373086
2007-04-07,0.0022504109857182097
2007-04-08,0.0023550998264227907
2007-04-09,0.00245171763224894
2007-04-10,0.0025402628959514395
2007-04-11,0.00262073730921375
2007-04-12,0.002693140278830386
2007-04-13,0.002757470150397623
2007-04-14,0.0028137287609311112
2007-04-15,0.0028619164430745414
2007-04-16,0.002902033372282009
2007-04-17,0.0029340794175138907
2007-04-18,0.0029580536322137974
2007-04-19,0.0029739560901487216
2007-04-20,0.0029817894242025744
2007-04-21,0.0029815511038682185
2007-04-22,0.00297324194196924
2007-04-23,0.002956859610952378
2007-04-24,0.0029324062460696076
2007-04-25,0.0028998810434284206
2007-04-26,0.002859284286099273
2007-04-27,0.0028106154382563364
2007-04-28,0.0027538742799813054
2007-04-29,0.0026890627460438576
2007-04-30,0.0026161794960182227
2007-05-01,0.0025352255152044645
2007-05-02,0.0024460160093906502
2007-05-03,0.002348550698338947
2007-05-04,0.0022428305802064674
2007-05-05,0.002128854458327778
2007-05-06,0.0020066233454614224
2007-05-07,0.0018761362029671158
2007-05-08,0.0017373924412147357
2007-05-09,0.0015903928744422924
2007-05-10,0.00143513727708533
2007-05-11,0.001271625833384249
2007-05-12,0.0010998574287026663
2007-05-13,9.198333700979333e-4
2007-05-14,7.315533509424377e-4
2007-05-15,5.350184468886354e-4
2007-05-16,3.30229260250281e-4
2007-05-17,1.1718371144309181e-4
2007-05-18,-1.0411656420572513e-4
2007-05-19,-3.33672752155012e-4
2007-05-20,-5.714830858725151e-4
2007-05-21,-8.175497757765271e-4
2007-05-22,-0.0010718746839986082
2007-05-23,-0.0013344561872195015
2007-05-24,-0.001605294240411892
2007-05-25,-0.0018843899882381443
2007-05-26,-0.002171741459152443
2007-05-27,-0.0024673495040639093
2007-05-28,-0.0027712108750461706
2007-05-29,-0.0030833241843266634
2007-05-30,-0.0034036889730151287
2007-05-31,-0.003732306491142534
2007-06-01,-0.004069175974977801
2007-06-02,-0.00434628280885252
2007-06-03,-0.004563627200938614
2007-06-04,-0.004721224024629267
2007-06-05,-0.004819073886526359
2007-06-06,-0.004857178049864075
2007-06-07,-0.004835535153437043
2007-06-08,-0.004754145891344486
2007-06-09,-0.004613010737753331
2007-06-10,-0.004412128079931188
2007-06-11,-0.004151437004435099
2007-06-12,-0.0038309359603199145
2007-06-13,-0.003450625986567868
2007-06-14,-0.003010507720982325
2007-06-15,-0.0025105803705569585
2007-06-16,-0.0019508431920414182
2007-06-17,-0.001331297390367192
2007-06-18,-6.521822685521261e-4
2007-06-19,8.650053469594354e-5
2007-06-20,8.84752920516263e-4
2007-06-21,0.0017425734506051338
2007-06-22,0.0026599634739845612
2007-06-23,0.003636921576525509
2007-06-24,0.0046734483714356845
2007-06-25,0.005770474109632495
2007-06-26,0.006927996574244588
2007-06-27,0.00814601656411984
2007-06-28,0.00942453440495239
2007-06-29,0.010763548923483857
2007-06-30,0.012163061872201286
2007-07-01,0.013623072029608219
2007-07-02,0.014873326038437718
2007-07-03,0.01591382433371491
2007-07-04,0.016744566394122806
2007-07-05,0.017365553481204277
2007-07-06,0.017776785695014397
2007-07-07,0.017978262036648873
2007-07-08,0.017969981634673005
2007-07-09,0.017765832054475794
2007-07-10,0.017365813643637207
2007-07-11,0.01676992599886895
2007-07-12,0.0159781687733338
2007-07-13,0.014990540781980588
2007-07-14,0.013807043777385397
2007-07-15,0.012427678291620392
2007-07-16,0.010798751908211335
2007-07-17,0.008920265470130584
2007-07-18,0.0067922189412330525
2007-07-19,0.004414612324029843
2007-07-20,0.001787445672332133
2007-07-21,-0.0010892803955284691
2007-07-22,-0.004215566729081743
2007-07-23,-0.007383825656872123
2007-07-24,-0.010594056509983352
2007-07-25,-0.013846259828385943
2007-07-26,-0.01714043328896464
2007-07-27,-0.02047658013037501
2007-07-28,-0.02385469903386017
2007-07-29,-0.027274790471701227
2007-07-30,-0.031539462618483505
2007-07-31,-0.03664871686596305
2007-08-01,-0.04260255135213753
2007-08-02,-0.04870305494736393
2007-08-03,-0.05495022753029821
2007-08-04,-0.061344066965614896
2007-08-05,-0.06788457595294428
2007-08-06,-0.07146857712328791
2007-08-07,-0.07209607124478223
2007-08-08,-0.06976706002402899
2007-08-09,-0.06448154103809367
2007-08-10,-0.05623951550202677
2007-08-11,-0.045040983668318546
2007-08-12,-0.030885943807638316
2007-08-13,-0.02577238586105257
2007-08-14,-0.029700309315978224
2007-08-15,-0.04266971293333999
2007-08-16,-0.06468059771663226
2007-08-17,-0.09573296323112124
2007-08-18,-0.13582680855370466
2007-08-19,-0.18496213680239793
2007-08-20,-0.19675042022988332
2007-08-21,-0.17119165921946622
2007-08-22,-0.10828585446021433
2007-08-23,-0.00803300691493325
2007-08-24,0.12956688601454514
2007-08-25,0.304513822228462
2007-08-26,0.5168078027092603
2007-08-27,0.5870941488605852
2007-08-28,0.5153728601851039
2007-08-29,0.30164393641217324
2007-08-30,-0.05409261979035551
2007-08-31,-0.5518368124788446
2007-09-01,-1.19158863977512
2007-09-02,-1.9745356766950761
2007-09-03,16.0147571677177
2007-09-04,-2.8835932862088667
2007-09-05,-3.0097038599307666
2007-09-06,-2.916868947716958
2007-09-07,-2.605088547105745
2007-09-08,-2.0743626595841747
2007-09-09,-1.324691284700321
2007-09-10,-0.6766236311719345
2007-09-11,-0.13015969687486972
2007-09-12,0.31470051743705874
2007-09-13,0.6579570117965727
2007-09-14,0.8996097851324624
2007-09-15,1.0396588380821465
2007-09-16,1.0781041711733086
2007-09-17,0.9811440830892242
2007-09-18,0.7487785719241805
2007-09-19,0.3810076385489545
2007-09-20,-0.12216871775292626
2007-09-21,-0.7607504956269735
2007-09-22,-1.534737697126218
2007-09-23,19.534105880399203
2007-09-24,-3.0901068102470974
2007-09-25,-3.4726671669701927
2007-09-26,-3.591811391279567
2007-09-27,-3.4475394822260066
2007-09-28,-3.039851440701331
2007-09-29,-2.3687472660861033
2007-09-30,-1.4342269588029004
2007-10-01,-0.6702222222728775
2007-10-02,-0.07552243825789762
2007-10-03,0.3498723953705327
2007-10-04,0.6059622752019959
2007-10-05,0.6927472033236864
2007-10-06,0.6102271792590622
2007-10-07,0.3584022039504837
2007-10-08,0.15101349231780592
2007-10-09,-0.0119389576184179
2007-10-10,-0.13045514483227572
2007-10-11,-0.20453506910358432
2007-10-12,-0.23417873044286086
2007-10-13,-0.21938612864592733
2007-10-14,-0.16015726383361817
2007-10-15,-0.1117744403637333
2007-10-16,-0.0742376573293746
2007-10-17,-0.04754691412504464
2007-10-18,-0.03170221091422931
2007-10-19,-0.026703549296558382
2007-10-20,-0.032550928079871255
2007-10-21,-0.04924434790776955
2007-10-22,-0.06248552092231785
2007-10-23,-0.07227444784719061
2007-10-24,-0.07861113055288116
2007-10-25,-0.08149556658294155
2007-10-26,-0.08092775805429087
2007-10-27,-0.07690770285529047
2007-10-28,-0.06943540279761717
2007-10-29,-0.062208984153945934
2007-10-30,-0.05522844639200075
2007-10-31,-0.048493790212945864
2007-11-01,-0.04200501567979886
2007-11-02,-0.03649279275142314
2007-11-03,-0.031957125192523694
2007-11-04,-0.028398009833674465
2007-11-05,-0.024858960171689537
2007-11-06,-0.02133997649573849
2007-11-07,-0.01784105782990908
2007-11-08,-0.014362205859685506
2007-11-09,-0.010903418333834791
2007-11-10,-0.007464695810666333
2007-11-11,-0.004046040429167785
2007-11-12,-8.948364114100826e-4
2007-11-13,0.001988915647227696
2007-11-14,0.004605214978699701
2007-11-15,0.006954061483591456
2007-11-16,0.009035455717875784
2007-11-17,0.010849396989883298
2007-11-18,0.012395886605675699
2007-11-19,0.013738907536577027
2007-11-20,0.014878460592060438
2007-11-21,0.015814545261586543
2007-11-22,0.016547163394377895
2007-11-23,0.017076311669649735
2007-11-24,0.017401993105998104
2007-11-25,0.017524205460640152
2007-11-26,0.017426401531091207
2007-11-27,0.017108579666889945
2007-11-28,0.016570740493105918
2007-11-29,0.01581288462571595
2007-11-30,0.01483501186892311
2007-12-01,0.01363712069921963
2007-12-02,0.012462835316434884
2007-12-03,0.011316436458027157
2007-12-04,0.010197923111076923
2007-12-05,0.00910729715872316
2007-12-06,0.008044554450347352
2007-12-07,0.007009699790198498
2007-12-08,0.00600273122119499
2007-12-09,0.005023647395852704
2007-12-10,0.004071342324771132
2007-12-11,0.003145815769949767
2007-12-12,0.002247067086362353
2007-12-13,0.0013750983532190286
2007-12-14,5.299063333510379e-4
2007-12-15,-2.8850641543232136e-4
2007-12-16,-0.0010801413388128456
2007-12-17,-0.0018447101563792145
2007-12-18,-0.002582214914822689
2007-12-19,-0.0032926530739545434
2007-12-20,-0.003976027742424337
2007-12-21,-0.004632336426703354
2007-12-22,-0.0052615794166723795
2007-12-23,-0.005863758687714604
2007-12-24,-0.006438946274823332
2007-12-25,-0.006987142148576986
2007-12-26,-0.007508347542840577
2007-12-27,-0.008002561192822943
2007-12-28,-0.00846978568654766
2007-12-29,-0.008910017536356118
2007-12-30,-0.009323258838567439
2007-12-31,-0.009709489897026247
2008-01-01,-0.010068711743674408
2008-01-02,-0.010331323602346565
2008-01-03,-0.010497327793031586
2008-01-04,-0.010566721981429827
2008-01-05,-0.010539508293505584
2008-01-06,-0.010415684603544584
2008-01-07,-0.010195257433789351
2008-01-08,-0.009878225072596392
2008-01-09,-0.00946458840053599
2008-01-10,-0.008954346965523552
2008-01-11,-0.008347501787303147
2008-01-12,-0.007644050636310018
2008-01-13,-0.006843996221006288
2008-01-14,-0.005947337492938853
2008-01-15,-0.004954073827815764
2008-01-16,-0.0038642067235465927
2008-01-17,-0.002677734733892434
2008-01-18,-0.0013946581452095597
2008-01-19,-1.4977641688451726e-5
2008-01-20,0.0014613065489923471
2008-01-21,0.003034200549095978
2008-01-22,0.004703704014904275
2008-01-23,0.0064698150724433745
2008-01-24,0.008332535366152083
2008-01-25,0.010291864754723434
2008-01-26,0.012347802877396008
2008-01-27,0.014500349606402674
2008-01-28,0.016749486729801477
2008-01-29,0.019095213364629604
2008-01-30,0.021537530808406924
2008-01-31,0.024076436972910287
2008-02-01,0.026711933319960357
2008-02-02,0.028893052905889505
2008-02-03,0.030619794508618403
2008-02-04,0.03189223319557244
2008-02-05,0.03271036910597114
2008-02-06,0.0330742022102839
2008-02-07,0.032983732827546186
2008-02-08,0.03243896128717583
2008-02-09,0.03143988604528114
2008-02-10,0.0299865080784969
2008-02-11,0.02807853664225668
2008-02-12,0.02571597116130997
2008-02-13,0.022898812803353152
2008-02-14,0.01962706024120897
2008-02-15,0.015900713226380203
2008-02-16,0.011719773606864603
2008-02-17,0.007084239507203494
2008-02-18,0.00199523624874387
2008-02-19,-0.0035472367843329966
2008-02-20,-0.009543179989676798
2008-02-21,-0.015992592315005272
2008-02-22,-0.022895474691484674
2008-02-23,-0.03025182687088468
2008-02-24,-0.038061649249832685
2008-02-25,-0.04632928446900686
2008-02-26,-0.05505473432080388
2008-02-27,-0.06423799753303872
2008-02-28,-0.07387907438801067
2008-02-29,-0.0839779657234323
2008-03-01,-0.09453467106864122
2008-03-02,-0.1035112581392792
2008-03-03,-0.11089093163782682
2008-03-04,-0.11667369244488945
2008-03-05,-0.1208595415771414
2008-03-06,-0.12344847684425408
2008-03-07,-0.12444049928208933
2008-03-08,-0.12383560914950231
2008-03-09,-0.1216338060236335
2008-03-10,-0.1179000235700205
2008-03-11,-0.11263426330080595
2008-03-12,-0.10583652291760548
2008-03-13,-0.09750680416016744
2008-03-14,-0.08764510552890803
2008-03-15,-0.07625142891241032
2008-03-16,-0.06332577217771251
2008-03-17,-0.04861708094651496
2008-03-18,-0.032125357018288
2008-03-19,-0.013850598044333973
2008-03-20,0.006207195898082496
2008-03-21,0.028048022763285996
2008-03-22,0.05167188518804067
2008-03-23,0.07707878029238668
2008-03-24,0.1032980442215008
2008-03-25,0.13032967581390853
2008-03-26,0.15817367424509543
2008-03-27,0.1868300410143069
2008-03-28,0.21629877495221939
2008-03-29,0.2465798782610853
2008-03-30,0.2776733474076949
2008-03-31,0.3133321280523247
2008-04-01,0.3535562164346808
2008-04-02,0.3934506269401863
2008-04-03,0.43301535865190743
2008-04-04,0.4722504109089527
2008-04-05,0.5111557817647865
2008-04-06,0.5497314754891762
2008-04-07,0.5734672706400319
2008-04-08,0.5823631688934954
2008-04-09,0.5764191683785207
2008-04-10,0.5556352706781822
2008-04-11,0.5200114756392697
2008-04-12,0.469547783367813
2008-04-13,0.4042441927824383
2008-04-14,0.380202411002436
2008-04-15,0.39742243969834234
2008-04-16,0.4559042780647635
2008-04-17,0.5556479261257086
2008-04-18,0.6966533835021604
2008-04-19,0.8789206496192521
2008-04-20,1.1024497271753861
2008-04-21,1.1503312897819669
2008-04-22,1.0225653398838195
2008-04-23,0.7191518757009587
2008-04-24,0.24009089742017942
2008-04-25,-0.41461759246831664
2008-04-26,-1.2449735962142185
2008-04-27,-2.250977114007891
2008-04-28,-2.9864473991904013
2008-04-29,-3.4513844499152917
2008-04-30,-3.6457882687984595
2008-05-01,18.4085773463391
2008-05-02,-3.2164530661744637
2008-05-03,-2.5861709072471744
2008-05-04,-1.6788123757123818
2008-05-05,-0.9405582189608613
2008-05-06,-0.371408437193682
2008-05-07,0.028636970802862094
2008-05-08,0.25957800480480075
2008-05-09,0.3214146636654557
2008-05-10,0.21414694784607013
2008-05-11,-0.062225141173124054
2008-05-12,-0.290792282484312
2008-05-13,-0.4715544753800851
2008-05-14,-0.6045117215971914
2008-05-15,-0.6896640188479379
2008-05-16,-0.7270113676374957
2008-05-17,-0.7165537695569146
2008-05-18,-0.6582912227350776
2008-05-19,-0.6083254351991834
2008-05-20,-0.566656404538579
2008-05-21,-0.5332841315115552
2008-05-22,-0.5082086170477008
2008-05-23,-0.49142986041147085
2008-05-24,-0.48294786213332186
2008-05-25,-0.48276262166759387
2008-05-26,-0.47636392160519525
2008-05-27,-0.46375176384229444
2008-05-28,-0.4449261470735927
2008-05-29,-0.41988707136313397
2008-05-30,-0.3886345363984498
2008-05-31,-0.35116854235674644
2008-06-01,-0.3074890900337176
2008-06-02,-0.26638529296017255
2008-06-03,-0.22785715350232993
2008-06-04,-0.19190466799053807
2008-06-05,-0.15852783988156505
2008-06-06,-0.12772666810147948
2008-06-07,-0.09950115166743156
2008-06-08,-0.07385129285540182
2008-06-09,-0.049806423535947886
2008-06-10,-0.027366543996741877
2008-06-11,-0.006531657529334822
2008-06-12,0.012698239225191088
2008-06-13,0.03032314578783546
2008-06-14,0.04634306124789145
2008-06-15,0.06075798603129523
2008-06-16,0.07331686631290579
2008-06-17,0.08401970068136788
2008-06-18,0.09286649045075657
2008-06-19,0.09985723479611708
2008-06-20,0.10499193447740396
2008-06-21,0.1082705903655723
2008-06-22,0.1096931998035724
2008-06-23,0.10932469783396481
2008-06-24,0.10716508444063644
2008-06-25,0.10321435905288667
2008-06-26,0.09747252084218494
2008-06-27,0.0899395717858491
2008-06-28,0.08061550952970253
2008-06-29,0.06950033599658978
2008-06-30,0.05657725646351919
2008-07-01,0.04184626953712667
2008-07-02,0.028232454032979692
2008-07-03,0.01573580845103728
2008-07-04,0.004356333572281157
2008-07-05,-0.005905969473956274
2008-07-06,-0.015051103212734285
2008-07-07,-0.023074720874820542
2008-07-08,-0.02997682385293432
2008-07-09,-0.03575741155626644
2008-07-10,-0.04041648230973638
2008-07-11,-0.04395403998948422
2008-07-12,-0.04637008194661396
2008-07-13,-0.04766460790017035
2008-07-14,-0.04783874376657771
2008-07-15,-0.04689248908160648
2008-07-16,-0.04482584498478137
2008-07-17,-0.0416388097007363
2008-07-18,-0.037331383814893426
2008-07-19,-0.031903567323346094
2008-07-20,-0.025355361304906454
2008-07-21,-0.017686471326398445
2008-07-22,-0.008896895834608287
2008-07-23,0.0010133624414627729
2008-07-24,0.01204430427098635
2008-07-25,0.024195930432595825
2008-07-26,0.03746824012812566
2008-07-27,0.051861235441179376
2008-07-28,0.06737482860998067
2008-07-29,0.08400901976521613
2008-07-30,0.10176381043366711
2008-07-31,0.12063920023196562
2008-08-01,0.14063518855276058
2008-08-02,0.15787756312652124
2008-08-03,0.17236632341956737
2008-08-04,0.18410152794546542
2008-08-05,0.19308317714430023
2008-08-06,0.19931126896921203
2008-08-07,0.20278580335339425
2008-08-08,0.20350678214001738
2008-08-09,0.20147420520991322
2008-08-10,0.19668807179383752
2008-08-11,0.18914823043751672
2008-08-12,0.17885468100721247
2008-08-13,0.16580742403492854
2008-08-14,0.15000645978344873
2008-08-15,0.13145178771049593
2008-08-16,0.11014340901374875
2008-08-17,0.08608132166629057
2008-08-18,0.05926609246160219
2008-08-19,0.029697722299330653
2008-08-20,-0.002623789045727687
2008-08-21,-0.03769844090490726
2008-08-22,-0.07552623446940854
2008-08-23,-0.11610716951052824
2008-08-24,-0.15944124559776363
2008-08-25,-0.2055306475214056
2008-08-26,-0.25437537294722345
2008-08-27,-0.305975424933978
2008-08-28,-0.36033080124633554
2008-08-29,-0.417441503846962
2008-08-30,-0.4773075307059925
2008-08-31,-0.5399288842241814
2008-09-01,-0.6052971208415964
2008-09-02,-0.6602895758299032
2008-09-03,-0.704906248561678
2008-09-04,-0.7391471392879498
2008-09-05,-0.7630122462365074
2008-09-06,-0.776501572150901
2008-09-07,-0.7796151149959734
2008-09-08,-0.7723855070684211
2008-09-09,-0.7548127487036265
2008-09-10,-0.7268968393176487
2008-09-11,-0.688637778676421
2008-09-12,-0.6400355678281714
2008-09-13,-0.5810902061061938
2008-09-14,-0.5118016933780023
2008-09-15,-0.43204386650569937
2008-09-16,-0.3418167250359079
2008-09-17,-0.24112026924980023
2008-09-18,-0.12995449969724038
2008-09-19,-0.008319414249994717
2008-09-20,0.12378498465388454
2008-09-21,0.2663586980261652
2008-09-22,0.41891393317434766
2008-09-23,0.5814506911087496
2008-09-24,0.7539689707831672
2008-09-25,0.9364687724152794
2008-09-26,1.128950096494285
2008-09-27,1.3314129430962784
2008-09-28,1.5438573113887315
2008-09-29,1.7681691810261513
2008-09-30,2.004348552357631
2008-10-01,2.2523954243471698
2008-10-02,2.4714810558439995
2008-10-03,2.661605446221866
2008-10-04,2.822768595114026
2008-10-05,2.9549705040832532
2008-10-06,3.0509192995265373
2008-10-07,3.1106149845425817
2008-10-08,3.1340575569459705
2008-10-09,3.1212470172772484
2008-10-10,3.0721833660539475
2008-10-11,2.986866602946803
2008-10-12,2.8652967278683246
2008-10-13,2.73566672927651
2008-10-14,2.59797660574445
2008-10-15,2.4522263583967545
2008-10-16,2.2984159872352015
2008-10-17,2.136545490734277
2008-10-18,1.9666148725025323
2008-10-19,1.7886241282978563
2008-10-20,1.4935690553849985
2008-10-21,1.0814496542356864
2008-10-22,0.552265922944448
2008-10-23,-0.09398213799471233
2008-10-24,-0.8572945264439505
2008-10-25,-1.7376712458289574
2008-10-26,-2.7351122943985287
2008-10-27,-3.428168313613323
2008-10-28,-3.816839304505204
2008-10-29,-3.901125267040663
2008-10-30,-3.681026201284354
2008-10-31,-3.1565421083829257
2008-11-01,-2.3276729859096212
2008-11-02,-1.1117778884839176
2008-11-03,-0.27419058984061806
2008-11-04,0.18508891259847626
2008-11-05,0.2660606168262829
2008-11-06,-0.031275475992619484
2008-11-07,-0.7069193665882798
2008-11-08,-1.760871053695559
2008-11-09,-3.193130538822478
2008-11-10,-4.092442249089095
2008-11-11,-4.4588061834948824
2008-11-12,-4.292222342327412
2008-11-13,-3.5926907260640304
2008-11-14,-2.3602113349131297
2008-11-15,-0.5947841683167479
2008-11-16,1.7035907748579824
2008-11-17,3.5576461506610126
2008-11-18,4.967381959218365
2008-11-19,5.93279819950136
2008-11-20,6.45389487496327
2008-11-21,6.530671982382072
2008-11-22,6.163129523372873
2008-11-23,5.351267497342984
2008-11-24,4.574628431203305
2008-11-25,3.833212326150835
2008-11-26,3.127019181836018
2008-11-27,2.4560489967383
2008-11-28,1.8203017719862906
2008-11-29,1.2197775075101438
2008-11-30,0.654476202395408
2008-12-01,0.22773196405553164
2008-12-02,-0.18445345436022031
2008-12-03,-0.582080053932563
2008-12-04,-0.9651478337894652
2008-12-05,-1.3336567950376348
2008-12-06,-1.6876069368038236
2008-12-07,-2.0269982582338515
2008-12-08,-1.9258567302839436
2008-12-09,-1.3841823526308428
2008-12-10,-0.4019751240830014
2008-12-11,15.160096910221787
2008-12-12,2.8840378842943157
2008-12-13,5.187843664759491
2008-12-14,7.932182295215412
2008-12-15,9.8700175678165
2008-12-16,11.00134948252095
2008-12-17,11.326178037514726
2008-12-18,10.844503234683401
2008-12-19,9.556325074318803
2008-12-20,7.461643553156555
2008-12-21,4.560458675039933
2008-12-22,1.9328878042013815
2008-12-23,-0.42106905583115745
2008-12-24,-2.5014119091462006
2008-12-25,-4.308140752664985
2008-12-26,-5.841255588861705
2008-12-27,-7.100756415869082
2008-12-28,-8.086643235658315
2008-12-29,-8.874407157569923
2008-12-30,-9.46404818188346
2008-12-31,-9.855566308981468
2009-01-01,-10.048961539037741
2009-01-02,-9.917159623733282
2009-01-03,-9.460160562013812
2009-01-04,-8.67796435543824
2009-01-05,-7.731371770309328
2009-01-06,-6.6203828083713265
2009-01-07,-5.344997466678416
2009-01-08,-3.9052157482794367
2009-01-09,17.424429340218683
2009-01-10,-0.5324631733751559
2009-01-11,1.4005076823168956
2009-01-12,2.9734631105419815
2009-01-13,16.49421538536395
2009-01-14,25.86370648895255
2009-01-15,5.53223683921987
2009-01-16,5.665130562729733
2009-01-17,5.438008860043993
2009-01-18,4.85087173283787
2009-01-19,18.431639996411278
2009-01-20,20.36433928421884
2009-01-21,15.109424456193167
2009-01-22,13.695461729586135
2009-01-23,15.206691259446664
2009-01-24,-1.8589280331118943
2009-01-25,-3.5083908294527326
2009-01-26,-4.726953701741692
2009-01-27,7.818846640685916
2009-01-28,9.037190537390607
2009-01-29,8.01241561698965
2009-01-30,7.370639335316341
2009-01-31,-4.356269250099778
2009-02-01,-2.9894325954042884
2009-02-02,10.185606842721853
2009-02-03,-0.8416456302451465
2009-02-04,-0.060695318803063
2009-02-05,0.5249595447136777
2009-02-06,0.9153189609458465
2009-02-07,1.110382929897625
2009-02-08,1.1101514510414248
2009-02-09,0.8753156382575717
2009-02-10,0.4058754898964807
2009-02-11,-0.29816899315433076
2009-02-12,17.115009416506823
2009-02-13,-2.410070962840141
2009-02-14,-3.8179284507642706
2009-02-15,-5.460390273854346
2009-02-16,-6.361597784790273
2009-02-17,5.870792966590159
2009-02-18,-5.940249869374297
2009-02-19,-4.617694444291468
2009-02-20,14.808921891909648
2009-02-21,0.25117934463139235
2009-02-22,3.797497707599721
2009-02-23,19.680691883214845
2009-02-24,23.065354965053746
2009-02-25,8.017363178568345
2009-02-26,29.262524662858393
2009-02-27,5.4813654781512895
2009-02-28,2.6085942227922345
2009-03-01,-1.3340253022805904
2009-03-02,7.744585338474717
2009-03-03,-5.65887848581645
2009-03-04,-6.0411121440710875
2009-03-05,12.657396792739679
2009-03-06,-3.245193593408903
2009-03-07,-0.06704138430863793
2009-03-08,4.297906114087294
2009-03-09,7.43229570975484
2009-03-10,9.336127403306751
2009-03-11,28.562695585780844
2009-03-12,9.452117080712512
2009-03-13,7.664275065695197
2009-03-14,4.645875148172603
2009-03-15,0.39691732756727305
2009-03-16,-2.9876557333658624
2009-03-17,-5.507844033471185
2009-03-18,5.711935798855059
2009-03-19,-7.955066354612034
2009-03-20,-7.882100374969099
2009-03-21,-6.944749635951121
2009-03-22,-5.143014137358177
2009-03-23,-3.4415068392970056
2009-03-24,-1.8402277418802218
2009-03-25,-0.3391768438198852
2009-03-26,12.783371826386269
2009-03-27,17.124288996976006
2009-03-28,3.5626066464903374
2009-03-29,4.662744742870384
2009-03-30,18.00637091143694
2009-03-31,5.626082116085858
2009-04-01,5.489281391362551
2009-04-02,4.9119503753140705
2009-04-03,3.8940890678632947
2009-04-04,2.435697468445886
2009-04-05,0.5367755775341472
2009-04-06,-0.9737256979619513
2009-04-07,-2.0958063581302273
2009-04-08,-2.8294664016645257
2009-04-09,-3.1747058301866886
2009-04-10,-3.1315246433474897
2009-04-11,-2.6999228410831524
2009-04-12,-1.879900423161045
2009-04-13,-1.0652610533829243
2009-04-14,-0.2560047304848716
2009-04-15,0.5478685438666595
2009-04-16,14.837614531151775
2009-04-17,2.13946595150016
2009-04-18,2.927190083539376
2009-04-19,3.709531168432008
2009-04-20,4.331411616894508
2009-04-21,4.792831430028194
2009-04-22,5.093790607676629
2009-04-23,5.234289149389282
2009-04-24,5.214327054631262
2009-04-25,5.033904323548068
2009-04-26,4.6930209570757295
2009-04-27,4.499429338868076
2009-04-28,4.4531294695270685
2009-04-29,4.554121347537814
2009-04-30,4.802404974865263
2009-05-01,5.197980350077822
2009-05-02,5.751749966535268
2009-05-03,6.4637138215846885
2009-05-04,6.847329190302164
2009-05-05,6.902596071783902
2009-05-06,20.75053122571384
2009-05-07,6.02808437615097
2009-05-08,5.098305797218838
2009-05-09,3.8401787304285904
2009-05-10,2.253703178123308
2009-05-11,0.8922889700619159
2009-05-12,-0.2440638912021491
2009-05-13,-1.155355409054561
2009-05-14,-1.84158558100577
2009-05-15,-2.302754408435556
2009-05-16,-2.538861890108514
2009-05-17,-2.549908027651627
2009-05-18,11.690824308510539
2009-05-19,-2.3994975199311614
2009-05-20,-2.238040874267311
2009-05-21,-2.019083300764432
2009-05-22,-1.7426248002988523
2009-05-23,-1.4086653725640694
2009-05-24,-1.0172050152685426
2009-05-25,-0.6507457868244053
2009-05-26,-0.30928768762140457
2009-05-27,0.007169285658424229
2009-05-28,0.2986251300672347
2009-05-29,0.5650798451158394
2009-05-30,0.806533434590154
2009-05-31,1.0229858931947096
2009-06-01,1.127467250270076
2009-06-02,1.1360734442866516
2009-06-03,1.0488044732818942
2009-06-04,0.8656603405700913
2009-06-05,0.586641044397906
2009-06-06,0.21174658432342497
2009-06-07,-0.2590230372335558
2009-06-08,-0.4020483177926959
2009-06-09,-0.21732925450525187
2009-06-10,0.2951341521724018
2009-06-11,1.1353419010894559
2009-06-12,2.303293994805882
2009-06-13,3.7989904301491784
2009-06-14,5.622431209854907
2009-06-15,6.8530409552865965
2009-06-16,7.490819666367194
2009-06-17,7.535767341984982
2009-06-18,6.987883983729921
2009-06-19,5.847169591516408
2009-06-20,4.113624164665705
2009-06-21,1.7872477028494238
2009-06-22,-0.08637043546921319
2009-06-23,-1.5072302522639616
2009-06-24,15.620082724888704
2009-06-25,-2.9906749172942524
2009-06-26,-3.053259768318706
2009-06-27,-2.663086296275236
2009-06-28,-1.8201545016576555
2009-06-29,-1.0413553466089374
2009-06-30,-0.32668882915071507
2009-07-01,0.3238450509020314
2009-07-02,0.8817533916527678
2009-07-03,1.3470361953186814
2009-07-04,1.7196934612169148
2009-07-05,1.9997251890192151
2009-07-06,2.403159647644711
2009-07-07,2.9299968385982442
2009-07-08,3.5802367601127747
2009-07-09,4.353879414038442
2009-07-10,5.250924798209559
2009-07-11,6.271372914616218
2009-07-12,7.415223761764998
2009-07-13,8.052466350595955
2009-07-14,8.183100681133649
2009-07-15,7.807126752617499
2009-07-16,6.924544564094616
2009-07-17,5.5353541171041645
2009-07-18,3.639555411845587
2009-07-19,1.237148446865803
2009-07-20,-0.8253497108506327
2009-07-21,-2.547939060047564
2009-07-22,-3.930619601485162
2009-07-23,-4.97339133607872
2009-07-24,-5.676254263057683
2009-07-25,-6.039208383123046
2009-07-26,-6.06225369595825
2009-07-27,-5.746561279716509
2009-07-28,-5.092131136698509
2009-07-29,-4.098963265596558
2009-07-30,-2.7670576662848263
2009-07-31,-1.0964143384398612
2009-08-01,0.9129667182227608
2009-08-02,3.2782801195141404
2009-08-03,5.294959853507619
2009-08-04,6.96300591973111
2009-08-05,8.282418318894669
2009-08-06,9.253197050300802
2009-08-07,9.87534211562482
2009-08-08,10.148853512998695
2009-08-09,10.073731243556615
2009-08-10,9.642340126499635
2009-08-11,8.854680160714011
2009-08-12,7.7107513458211905
2009-08-13,6.2105536825718985
2009-08-14,4.354087170541524
2009-08-15,2.1413518100955917
2009-08-16,-0.4276523997225463
2009-08-17,-2.6408682309564107
2009-08-18,-4.498295682329461
2009-08-19,-5.9999347555488995
2009-08-20,-7.145785447999058
2009-08-21,-7.935847762314351
2009-08-22,-8.37012169847742
2009-08-23,-8.448607256329215
2009-08-24,-8.153759046568588
2009-08-25,-7.485577068060318
2009-08-26,-6.444061323850054
2009-08-27,-5.02921181280572
2009-08-28,-3.241028533584766
2009-08-29,-1.079511486269893
2009-08-30,1.4553393291541026
2009-08-31,3.4484040176326127
2009-09-01,4.899682579978761
2009-09-02,5.820220118195119
2009-09-03,6.210016633337255
2009-09-04,6.069072123329128
2009-09-05,5.397386590605684
2009-09-06,4.194960031767561
2009-09-07,3.2399651471776405
2009-09-08,2.5324019368223123
2009-09-09,2.072270399715915
2009-09-10,1.859570535032642
2009-09-11,1.8943023444140437
2009-09-12,2.1764658269709143
2009-09-13,2.706060983346439
2009-09-14,2.953865986745046
2009-09-15,2.919880836333884
2009-09-16,2.604105533993695
2009-09-17,2.006540078958815
2009-09-18,1.127184469834289
2009-09-19,-0.033961291562508045
2009-09-20,-1.4768972063516883
2009-09-21,-2.607554545985486
2009-09-22,-3.425933310249972
2009-09-23,-3.93203350021722
2009-09-24,-4.125855116847028
2009-09-25,-4.007398158420063
2009-09-26,-3.5766626246741584
2009-09-27,-2.833648516936629
2009-09-28,-2.1527491065534328
2009-09-29,-1.5339643936805483
2009-09-30,-0.9772943783841733
2009-10-01,-0.48273905842566756
2009-10-02,-0.0886581632817307
2009-10-03,0.2049483094891733
2009-10-04,0.3980803589305588
2009-10-05,0.5795679793035149
2009-10-06,0.7494111720167107
2009-10-07,0.9076099368193187
2009-10-08,1.0541642713070314
2009-10-09,1.1890741769911002
2009-10-10,1.3123396560416296
2009-10-11,1.423960705586381
2009-10-12,1.5319068712947082
2009-10-13,1.6361781520722778
2009-10-14,1.7367745489769415
2009-10-15,1.8336960635242128
2009-10-16,1.9269426936003633
2009-10-17,2.0165144387508174
2009-10-18,2.1024112995714184
2009-10-19,2.062928911088823
2009-10-20,1.8980672734774324
2009-10-21,1.6078263864220042
2009-10-22,1.1922062493601941
2009-10-23,0.6512068619317368
2009-10-24,-0.015171774365802193
2009-10-25,-0.8069296607234608
2009-10-26,-1.2300058336939428
2009-10-27,-1.284400294282023
2009-10-28,-0.9701130416385584
2009-10-29,-0.2871440762869657
2009-10-30,0.7645066033981425
2009-10-31,2.1848389947728974
2009-11-01,3.9738531006761253
2009-11-02,5.186693448513486
2009-11-03,5.823360038976211
2009-11-04,5.88385287281489
2009-11-05,5.3681719495127735
2009-11-06,4.276317267357033
2009-11-07,2.6082888284814594
2009-11-08,0.3640866315948128
2009-11-09,-1.616694060949416
2009-11-10,-3.334053251475015
2009-11-11,-4.787990938835548
2009-11-12,-5.9785071227931
2009-11-13,-6.905601803516664
2009-11-14,-7.569274981568537
2009-11-15,-7.969526656786826
2009-11-16,-7.808879481967001
2009-11-17,-7.087333454611425
2009-11-18,-5.804888575973553
2009-11-19,-3.9615448465868752
2009-11-20,-1.5573022656255544
2009-11-21,1.4078391673798922
2009-11-22,4.933879452397014
2009-11-23,7.492322109602747
2009-11-24,9.083167139662994
2009-11-25,9.706414541536933
2009-11-26,9.362064316389757
2009-11-27,8.05011646300131
2009-11-28,5.770570982131863
2009-11-29,2.523427873858979
2009-11-30,-0.06508680666047084
2009-12-01,-1.9949730609066934
2009-12-02,-3.3050053330156492
2009-12-03,-3.995183621956899
2009-12-04,-4.065507929272304
2009-12-05,-3.515978256113824
2009-12-06,-2.3465946003135385
2009-12-07,-1.3556983846671793
2009-12-08,-0.5432896067664134
2009-12-09,0.09063173100379107
2009-12-10,0.5460656284521728
2009-12-11,0.8230120868653155
2009-12-12,0.9214711073208633
2009-12-13,0.8414426879969024
2009-12-14,0.7894109468027262
2009-12-15,0.7653758830093866
2009-12-16,0.7693374977721712
2009-12-17,0.8012957898551549
2009-12-18,0.8612507605691708
2009-12-19,0.9492024078340251
2009-12-20,1.065150734461727
2009-12-21,1.1556901769444485
2009-12-22,1.2208207374201672
2009-12-23,1.2605424150899107
2009-12-24,1.2748552100226018
2009-12-25,1.2637591226207714
2009-12-26,1.227254152982803
2009-12-27,1.1653403002641411
2009-12-28,1.0918313846105199
2009-12-29,1.0067274054549695
2009-12-30,0.9100283639508251
2009-12-31,0.8017342605432058
2010-01-01,0.6818450942346781
2010-01-02,0.5721194197358692
2010-01-03,0.4725572368573321
2010-01-04,0.3795821004055122
2010-01-05,0.2931940094511507
2010-01-06,0.21339296301666533
2010-01-07,0.14017896407516317
2010-01-08,0.07355200836605036
2010-01-09,0.013512099087559681
2010-01-10,-0.03994076434874283
2010-01-11,-0.08586756001476092
2010-01-12,-0.12426828872774398
2010-01-13,-0.15514294821299202
2010-01-14,-0.17849154100309916
2010-01-15,-0.19431406259126716
2010-01-16,-0.2026105202222086
2010-01-17,-0.20338090709996814
2010-01-18,-0.1969222490892284
2010-01-19,-0.18323454416322327
2010-01-20,-0.1623177943750218
2010-01-21,-0.13417199829748938
2010-01-22,-0.09879715737551686
2010-01-23,-0.05619326841676853
2010-01-24,-0.006360334819408564
2010-01-25,0.05098783965843956
2010-01-26,0.11585125513863748
2010-01-27,0.18822991230280195
2010-01-28,0.26812381028638854
2010-01-29,0.3555329500050892
2010-01-30,0.4504573301411259
2010-01-31,0.552896952561627
2010-02-01,0.6619682812494438
2010-02-02,0.7584986996661711
2010-02-03,0.842488208061535
2010-02-04,0.9139368054221584
2010-02-05,0.9728444917387342
2010-02-06,1.0192112694700923
2010-02-07,1.0530371355202721
2010-02-08,1.0776804748673914
2010-02-09,1.0931412870454447
2010-02-10,1.0994195733114582
2010-02-11,1.0965153326117905
2010-02-12,1.084428566188926
2010-02-13,1.0631592717899376
2010-02-14,1.0327074501043225
2010-02-15,0.9801033068527354
2010-02-16,0.9053468389244299
2010-02-17,0.8084380476111548
2010-02-18,0.6893769308716247
2010-02-19,0.5481634920748268
2010-02-20,0.38479772955999314
2010-02-21,0.1992796437592359
2010-02-22,0.041751259173660404
2010-02-23,-0.08778741922678135
2010-02-24,-0.18933639454874784
2010-02-25,-0.2628956659221252
2010-02-26,-0.3084652329993327
2010-02-27,-0.32604509692902806
2010-02-28,-0.3156352578633601
2010-03-01,-0.4711017789768924
2010-03-02,-0.7675566553682744
2010-03-03,-1.2049998860226558
2010-03-04,-1.7834314718212554
2010-03-05,-2.5028514126230292
2010-03-06,-3.363259708249845
2010-03-07,-4.364656357274264
2010-03-08,-4.757485872252081
2010-03-09,-4.541748249525273
2010-03-10,-3.7174434917084027
2010-03-11,-2.2845715962798883
2010-03-12,-0.2431325654038401
2010-03-13,2.406873601704339
2010-03-14,5.665446905780826
2010-03-15,7.990757714955947
2010-03-16,9.382806028396725
2010-03-17,9.841591847485173
2010-03-18,9.367115170166617
2010-03-19,7.959375997588623
2010-03-20,5.618374331636715
2010-03-21,2.3441101688986268
2010-03-22,-0.32158686060381525
2010-03-23,-2.378716756344473
2010-03-24,-3.8272795195243434
2010-03-25,-4.667275149999322
2010-03-26,-4.8987036463139
2010-03-27,-4.52156501257542
2010-03-28,-3.5358592445897123
2010-03-29,-2.691141816931694
2010-03-30,-1.9874127299472253
2010-03-31,-1.4246719830146557
2010-04-01,-1.0029195765951016
2010-04-02,-0.7427677031429528
2010-04-03,-0.6442163619173794
2010-04-04,-0.7072655540278507
2010-04-05,-0.7380492847911639
2010-04-06,-0.7365675543679593
2010-04-07,-0.7028203632694965
2010-04-08,-0.6368077106857067
2010-04-09,-0.5385295974846449
2010-04-10,-0.4079860226607742
2010-04-11,-0.24517698718959346
2010-04-12,-0.10024424156408984
2010-04-13,0.02681221496519215
2010-04-14,0.13599238067024055
2010-04-15,0.22729625805346454
2010-04-16,0.30072384505432725
2010-04-17,0.3562751418101775
2010-04-18,0.3939501498069726
2010-04-19,0.42671759482957405
2010-04-20,0.4545774779237177
2010-04-21,0.47752979855482924
2010-04-22,0.4955745564703977
2010-04-23,0.5087117512616226
2010-04-24,0.516941384060333
2010-04-25,0.5202634543161617
2010-04-26,0.5153237144400138
2010-04-27,0.5021221628260564
2010-04-28,0.48065880118857596
2010-04-29,0.450933628331464
2010-04-30,0.41294664535173387
2010-05-01,0.36669785169889346
2010-05-02,0.3217907748952211
2010-05-03,0.2790929630029022
2010-05-04,0.23860441509270536
2010-05-05,0.20032513146443032
2010-05-06,0.16425511188110797
2010-05-07,0.13039435648453535
2010-05-08,0.09874286564001178
2010-05-09,0.0693006387556998
2010-05-10,0.041843292945118904
2010-05-11,0.016370827842992375
2010-05-12,-0.0071167562836489395
2010-05-13,-0.02861945971883828
2010-05-14,-0.04813728241287252
2010-05-15,-0.06567022359773689
2010-05-16,-0.08121828452177371
2010-05-17,-0.09472343022561369
2010-05-18,-0.10618565869891494
2010-05-19,-0.11560497290365657
2010-05-20,-0.12298137136733511
2010-05-21,-0.1283148540735095
2010-05-22,-0.1316054210867985
2010-05-23,-0.13285307194771678
2010-05-24,-0.1320728177934125
2010-05-25,-0.12926465830996658
2010-05-26,-0.12442859127707018
2010-05-27,-0.11756461856479361
2010-05-28,-0.10867273987580672
2010-05-29,-0.09775295648233207
2010-05-30,-0.08480526634283514
2010-05-31,-0.0698257892438312
2010-06-01,-0.052814525983658545
2010-06-02,-0.03709650066311987
2010-06-03,-0.022671710766548614
2010-06-04,-0.009540159586729713
2010-06-05,0.0022981572098808023
2010-06-06,0.012843234994471153
2010-06-07,0.022094079020749113
2010-06-08,0.03005068721759563
2010-06-09,0.03671306123666929
2010-06-10,0.04208120019015138
2010-06-11,0.04615510475327578
2010-06-12,0.04893477383553679
2010-06-13,0.05042020794485258
2010-06-14,0.05061164441997623
2010-06-15,0.049509084125387126
2010-06-16,0.04711252586629433
2010-06-17,0.04342196907350204
2010-06-18,0.0384374148300326
2010-06-19,0.03215886316264216
2010-06-20,0.024586314262547315
2010-06-21,0.01571978732546553
2010-06-22,0.00555928131692629
2010-06-23,-0.005895202326194227
2010-06-24,-0.018643664176948738
2010-06-25,-0.032686104701990626
2010-06-26,-0.04802252298168619
2010-06-27,-0.06465291950985796
2010-06-28,-0.08257761021111643
2010-06-29,-0.10179659489293225
2010-06-30,-0.12230987379406422
2010-07-01,-0.14411744794700398
2010-07-02,-0.1629801527455188
2010-07-03,-0.1788979894245042
2010-07-04,-0.19187095635686502
2010-07-05,-0.20189777329532932
2010-07-06,-0.2089784391929359
2010-07-07,-0.2131129552126394
2010-07-08,-0.21430132059660822
2010-07-09,-0.21254353376022994
2010-07-10,-0.20783959783300232
2010-07-11,-0.2001895102738538
2010-07-12,-0.18959824286298765
2010-07-13,-0.17606579387858123
2010-07-14,-0.15959216519159503
2010-07-15,-0.1401773551306975
2010-07-16,-0.11782136616819638
2010-07-17,-0.09252419582803095
2010-07-18,-0.06428584519532654
2010-07-19,-0.03308709302278667
2010-07-20,0.0010720582604675233
2010-07-21,0.038191610861528114
2010-07-22,0.07827156278928604
2010-07-23,0.12131191654771856
2010-07-24,0.16731266974206394
2010-07-25,0.2162738248214473
2010-07-26,0.26812106607784636
2010-07-27,0.3228543947219944
2010-07-28,0.3804738124805096
2010-07-29,0.4409793168708551
2010-07-30,0.5043709101089446
2010-07-31,0.5706485899544285
2010-08-01,0.6398123572335994
2010-08-02,0.6988023625034605
2010-08-03,0.747618604756729
2010-08-04,0.7862610855564043
2010-08-05,0.8147298023780536
2010-08-06,0.833024757358136
2010-08-07,0.8411459490632183
2010-08-08,0.8390933786126391
2010-08-09,0.825756158194477
2010-08-10,0.8011342873896614
2010-08-11,0.7652277658856534
2010-08-12,0.7180365946979492
2010-08-13,0.6595607735020499
2010-08-14,0.5898003025321614
2010-08-15,0.5087551811506252
2010-08-16,0.4207204989070079
2010-08-17,0.3256962576139193
2010-08-18,0.22368245516760887
2010-08-19,0.11467909192461412
2010-08-20,-0.0013138314899960868
2010-08-21,-0.12429631562026722
2010-08-22,-0.25426835992551156
2010-08-23,-0.40783632225063615
2010-08-24,-0.5850002030485769
2010-08-25,-0.7857600019454923
2010-08-26,-1.0101157168138748
2010-08-27,-1.2580673511861107
2010-08-28,-1.5296149035287767
2010-08-29,-1.8247583731329617
2010-08-30,-2.0792916271238044
2010-08-31,-2.2932146629941794
2010-09-01,-2.466527482516941
2010-09-02,-2.5716551179381564
2010-09-03,-2.6085975656452525
2010-09-04,-2.5773548288959196
2010-09-05,-2.477926905746527
2010-09-06,-2.5585577453805586
2010-09-07,-2.8192473485168796
2010-09-08,-3.259995715547488
2010-09-09,-3.880802844508703
2010-09-10,-4.681668737309661
2010-09-11,-5.662593393967155
2010-09-12,-6.823576813466959
2010-09-13,-7.204818838537321
2010-09-14,-6.806319471280827
2010-09-15,-5.628078708146132
2010-09-16,-3.6700965529605956
2010-09-17,-0.9323730028372501
2010-09-18,2.5850919416352482
2010-09-19,6.882298280149372
2010-09-20,9.984944745166842
2010-09-21,11.893031336113783
2010-09-22,12.60655805223732
2010-09-23,12.125524895178264
2010-09-24,10.449931865486642
2010-09-25,7.579778960293202
2010-09-26,3.515066180561112
2010-09-27,0.23009479681911604
2010-09-28,-2.275135192275373
2010-09-29,-4.000623786297414
2010-09-30,-4.946370985477869
2010-10-01,-5.112376790401307
2010-10-02,-4.526893585806413
2010-10-03,-3.1899213710617347
2010-10-04,-2.0612603055291947
2010-10-05,-1.1409103879368394
2010-10-06,-0.42887161985396777
2010-10-07,0.07485600081166843
2010-10-08,0.3702724726686033
2010-10-09,0.4573777963709985
2010-10-10,0.3361719712398191
2010-10-11,0.2548989485847495
2010-10-12,0.21355872696978562
2010-10-13,0.21215130693565198
2010-10-14,0.2506766886593139
2010-10-15,0.3291348710418731
2010-10-16,0.44752585555337343
2010-10-17,0.6058496417594073
2010-10-18,0.7399000940675928
2010-10-19,0.8496772129230952
2010-10-20,0.9351809981693733
2010-10-21,0.9964114502078707
2010-10-22,1.0333685689999728
2010-10-23,1.0460523540585156
2010-10-24,1.0344628059071892
2010-10-25,1.0152062819828604
2010-10-26,0.9882827807475159
2010-10-27,0.9536923047670998
2010-10-28,0.9114348526226945
2010-10-29,0.8615104229386994
2010-10-30,0.803919017736757
2010-10-31,0.738660635970068
2010-11-01,0.6614401896599396
2010-11-02,0.586759211851128
2010-11-03,0.5146177037943949
2010-11-04,0.4450156656340003
2010-11-05,0.3779530984799149
2010-11-06,0.31343000093649764
2010-11-07,0.25144637367839406
2010-11-08,0.19311310205137455
2010-11-09,0.1384301901211693
2010-11-10,0.0873976350548491
2010-11-11,0.0400154371523842
2010-11-12,-0.0037164026168028386
2010-11-13,-0.04379788559067377
2010-11-14,-0.0802290108640229
2010-11-15,-0.11329709949984834
2010-11-16,-0.14300215443117792
2010-11-17,-0.16934417245156208
2010-11-18,-0.1923231558002112
2010-11-19,-0.21193910300806018
2010-11-20,-0.22819201495836028
2010-11-21,-0.2410818921302783
2010-11-22,-0.2505344188196108
2010-11-23,-0.2565495967039343
2010-11-24,-0.2591274255212933
2010-11-25,-0.25826790494527085
2010-11-26,-0.25397103573173907
2010-11-27,-0.24623681678658738
2010-11-28,-0.23506524743277357
2010-11-29,-0.22047555159797683
2010-11-30,-0.20246772576190208
2010-12-01,-0.18104177222867435
2010-12-02,-0.16049595293847796
2010-12-03,-0.140830268802852
2010-12-04,-0.12204471920059179
2010-12-05,-0.10413930517974679
2010-12-06,-0.08710905181237871
2010-12-07,-0.07095396442913948
2010-12-08,-0.055674038842635776
2010-12-09,-0.04126927701921246
2010-12-10,-0.02773967731387761
2010-12-11,-0.015085241392831517
2010-12-12,-0.003305968824695693
2010-12-13,0.007596853736203446
2010-12-14,0.017623229806404073
2010-12-15,0.026773155309052
2010-12-16,0.035046631949387175
2010-12-17,0.04244365929318006
2010-12-18,0.04896423844308151
2010-12-19,0.05460836737181696
2010-12-20,0.05937638027721048
2010-12-21,0.06326827596940965
2010-12-22,0.06628405626067724
2010-12-23,0.06842372020716203
2010-12-24,0.06968726772990741
2010-12-25,0.07007469774481634
2010-12-26,0.0695860134476669
2010-12-27,0.06822112410163905
2010-12-28,0.06598003316102496
2010-12-29,0.06286273966843181
2010-12-30,0.058869242983800474
2010-12-31,0.05399954316299871
2011-01-01,0.048253640678423526
2011-01-02,0.04274481193721735
2011-01-03,0.037473081707494194
2011-01-04,0.03243844873341839
2011-01-05,0.02764091391327117
2011-01-06,0.023080476904103087
2011-01-07,0.01875713704864057
2011-01-08,0.01467089465874638
2011-01-09,0.01082175100113969
2011-01-10,0.0072096980753943996
2011-01-11,0.003834736928955529
2011-01-12,6.968663135125119e-4
2011-01-13,-0.002203913374667854
2011-01-14,-0.004867601775875308
2011-01-15,-0.007294199445799121
2011-01-16,-0.009483705748940974
2011-01-17,-0.011436118355112601
2011-01-18,-0.013151438381121094
2011-01-19,-0.014629665140436066
2011-01-20,-0.015870799041026062
2011-01-21,-0.016874838688726967
2011-01-22,-0.01764178584103271
2011-01-23,-0.018171639235685433
2011-01-24,-0.018464400386780433
2011-01-25,-0.018520069643161108
2011-01-26,-0.018338645518419128
2011-01-27,-0.01792012904104734
2011-01-28,-0.017264521219447104
2011-01-29,-0.016371819474382043
2011-01-30,-0.015242026222289873
2011-01-31,-0.013875140277835651
2011-02-01,-0.012271160686859961
2011-02-02,-0.01073907848548683
2011-02-03,-0.009278893398730892
2011-02-04,-0.007890603720021705
2011-02-05,-0.006574211961644982
2011-02-06,-0.005329716455763744
2011-02-07,-0.004157118155731165
2011-02-08,-0.0030564179472132302
2011-02-09,-0.002027614795413024
2011-02-10,-0.0010707081830745313
2011-02-11,-1.8570008199114696e-4
2011-02-12,6.274098184058108e-4
2011-02-13,0.0013686230326641624
2011-02-14,0.0020379393505010057
2011-02-15,0.002635360253120833
2011-02-16,0.003160882844234436
2011-02-17,0.0036145100335918112
2011-02-18,0.003996240289758202
2011-02-19,0.004306073883620254
2011-02-20,0.004544010865190629
2011-02-21,0.004710051306188179
2011-02-22,0.0048041932106568375
2011-02-23,0.004826439531428139
2011-02-24,0.004776788380205899
2011-02-25,0.004655239392918009
2011-02-26,0.0044617939331632606
2011-02-27,0.004196451725518857
2011-02-28,0.0038592124514922332
2011-03-01,0.0034500763955864766
2011-03-02,0.00305773423229061
2011-03-03,0.002682184624113182
2011-03-04,0.0023234288097591094
2011-03-05,0.001981467119739566
2011-03-06,0.0016562983647245844
2011-03-07,0.0013479237380953357
2011-03-08,0.0010563416468034603
2011-03-09,7.815522418528342e-4
2011-03-10,5.235571602246747e-4
2011-03-11,2.823551021611248e-4
2011-03-12,5.7946251792451164e-5
2011-03-13,-1.496698297736021e-4
2011-03-14,-3.404914543390092e-4
2011-03-15,-5.145176560634734e-4
2011-03-16,-6.717510984175501e-4
2011-03-17,-8.121902025850503e-4
2011-03-18,-9.358346577028609e-4
2011-03-19,-0.0010426844667041912
2011-03-20,-0.001132739581121145
2011-03-21,-0.0012060025380142836
2011-03-22,-0.0012624722500840235
2011-03-23,-0.0013021493627025649
2011-03-24,-0.0013250330289282797
2011-03-25,-0.0013311238357041066
2011-03-26,-0.0013204216794813206
2011-03-27,-0.0012929264419778708
2011-03-28,-0.0012486369263235986
2011-03-29,-0.001187553340560532
2011-03-30,-0.001109675322396253
2011-03-31,-0.0010150034130733676
2011-04-01,-9.035378527428861e-4
2011-04-02,-7.968275861540697e-4
2011-04-03,-6.948743679968672e-4
2011-04-04,-5.976771363289668e-4
2011-04-05,-5.05238810398545e-4
2011-04-06,-4.1755721432257253e-4
2011-04-07,-3.3463243482567684e-4
2011-04-08,-2.5646549153024445e-4
2011-04-09,-1.8305515973104924e-4
2011-04-10,-1.144022959391755e-4
2011-04-11,-5.050587525756711e-5
2011-04-12,8.63552319207983e-6
2011-04-13,6.302081726961006e-5
2011-04-14,1.1264977065494897e-4
2011-04-15,1.575222821963429e-4
2011-04-16,1.9763931181904226e-4
2011-04-17,2.330000666193044e-4
2011-04-18,2.63604963460784e-4
2011-04-19,2.89449997767699e-4
2011-04-20,3.1053851804796473e-4
2011-04-21,3.268696985987418e-4
2011-04-22,3.384431316815206e-4
2011-04-23,3.452596455901791e-4
2011-04-24,3.473184610651714e-4
2011-04-25,3.4462166540194517e-4
2011-04-26,3.371687897457676e-4
2011-04-27,3.24959411040604e-4
2011-04-28,3.0799368820222384e-4
2011-04-29,2.862722787178029e-4
2011-04-30,0.00025979401397058233
2011-05-01,2.2856019181172194e-4
2011-05-02,1.9882432306173037e-4
2011-05-03,1.7059003442021492e-4
2011-05-04,1.4385543401385092e-4
2011-05-05,1.1861999791418221e-4
2011-05-06,9.488422741554814e-5
2011-05-07,7.264822255770298e-5
2011-05-08,5.191320337205596e-5
2011-05-09,3.2677671012448783e-5
2011-05-10,1.4941177248317672e-5
2011-05-11,-1.296516681570381e-6
2011-05-12,-1.6033768460266273e-5
2011-05-13,-2.9272021161430573e-5
2011-05-14,-4.10108693371658e-5
2011-05-15,-5.124986998139569e-5
2011-05-16,-5.998893520486881e-5
2011-05-17,-6.722898154021273e-5
2011-05-18,-7.296803730350021e-5
2011-05-19,-7.720856932857956e-5
2011-05-20,-7.994748666662055e-5
2011-05-21,-8.11867497545471e-5
2011-05-22,-8.092660331282531e-5
2011-05-23,-7.91668445734306e-5
2011-05-24,-7.590792647227396e-5
2011-05-25,-7.114888069792435e-5
2011-05-26,-6.488998921017064e-5
2011-05-27,-5.7131114633346414e-5
2011-05-28,-4.787416032825398e-5
2011-05-29,-3.7116547938476074e-5
2011-05-30,-2.4858160162954945e-5
2011-05-31,-1.1100853458900772e-5
2011-06-01,4.157250129921408e-6
2011-06-02,1.791074236656698e-5
2011-06-03,3.0159818893427115e-5
2011-06-04,4.090483750962548e-5
2011-06-05,5.0145810587265416e-5
2011-06-06,5.7882453988744587e-5
2011-06-07,6.411337732603606e-5
2011-06-08,6.884118539018935e-5
2011-06-09,7.20641768932051e-5
2011-06-10,7.378167642468902e-5
2011-06-11,7.399467645474722e-5
2011-06-12,7.270371031142808e-5
2011-06-13,6.990897258396522e-5
2011-06-14,6.561081309786054e-5
2011-06-15,5.980806406702399e-5
2011-06-16,5.2501932461535006e-5
2011-06-17,4.369170541718148e-5
2011-06-18,3.337952155968438e-5
2011-06-19,2.156241946127402e-5
2011-06-20,8.239664507581068e-6
2011-06-21,-6.587640689170726e-6
2011-06-22,-2.2919593157144647e-5
2011-06-23,-4.075531824843104e-5
2011-06-24,-6.0097714112972156e-5
2011-06-25,-8.094420706927785e-5
2011-06-26,-1.0329537804443234e-4
2011-06-27,-1.2715093842596836e-4
2011-06-28,-1.5250952782563942e-4
2011-06-29,-1.7937219370356416e-4
2011-06-30,-2.0773979760302375e-4
2011-07-01,-2.3761078427453342e-4
2011-07-02,-2.63196605890581e-4
2011-07-03,-2.844966748432043e-4
2011-07-04,-3.0151147965939984e-4
2011-07-05,-3.1424085033293636e-4
2011-07-06,-3.2268461273377014e-4
2011-07-07,-3.2684423571938126e-4
2011-07-08,-3.267168429532674e-4
2011-07-09,-3.223045927156498e-4
2011-07-10,-3.1360658075407777e-4
2011-07-11,-3.006234448359457e-4
2011-07-12,-2.83354062621477e-4
2011-07-13,-2.617994233047316e-4
2011-07-14,-2.3595915441121385e-4
2011-07-15,-2.058322302682658e-4
2011-07-16,-1.7142027588512576e-4
2011-07-17,-1.3272323291957377e-4
2011-07-18,-8.973990607263893e-5
2011-07-19,-4.2471364681606616e-5
2011-07-20,9.080981862252813e-6
2011-07-21,6.492012145709047e-5
2011-07-22,1.250445106542042e-4
2011-07-23,1.894537533435603e-4
2011-07-24,2.581486863801885e-4
2011-07-25,3.311286591396456e-4
2011-07-26,4.0839415415239166e-4
2011-07-27,4.899469665333722e-4
2011-07-28,5.75784191093387e-4
2011-07-29,6.659072497476881e-4
2011-07-30,7.60316247325088e-4
2011-07-31,8.590108292092502e-4
2011-08-01,9.619902446811324e-4
2011-08-02,0.0010493011652741302
2011-08-03,0.0011209452563114564
2011-08-04,0.001176920602850684
2011-08-05,0.0012172270375951921
2011-08-06,0.0012418668433693547
2011-08-07,0.0012508380862286117
2011-08-08,0.001244145681507769
2011-08-09,0.0012217890589025782
2011-08-10,0.001183768616643155
2011-08-11,0.0011300834033218798
2011-08-12,0.001060736039717236
2011-08-13,9.757248969142207e-4
2011-08-14,8.750493289775285e-4
2011-08-15,7.58690561019959e-4
2011-08-16,6.266508600558662e-4
2011-08-17,4.789272520302479e-4
2011-08-18,3.1552184414906925e-4
2011-08-19,1.3643346541836188e-4
2011-08-20,-5.8338089218734623e-05
2011-08-21,-2.6879088106390725e-4
2011-08-22,-4.948520967906767e-4
2011-08-23,-7.365221415098766e-4
2011-08-24,-9.93799117944505e-4
2011-08-25,-0.0012666840860393602
2011-08-26,-0.0015551767735257904
2011-08-27,-0.001859277051992958
2011-08-28,-0.0021789855635134803
2011-08-29,-0.002514591573130165
2011-08-30,-0.0028660944544813827
2011-08-31,-0.003233496420044002
2011-09-01,-0.0036167951480738925
2011-09-02,-0.00393924964923964
2011-09-03,-0.004200859058337114
2011-09-04,-0.004401624070665022
2011-09-05,-0.004540421552116536
2011-09-06,-0.004617250962044572
2011-09-07,-0.004632114540607413
2011-09-08,-0.004585008886832664
2011-09-09,-0.004475936809758663
2011-09-10,-0.004304897185490653
2011-09-11,-0.004071889502328396
2011-09-12,-0.003781258289969225
2011-09-13,-0.0034330031758436075
2011-09-14,-0.0030271236152275005
2011-09-15,-0.0025636195671259188
2011-09-16,-0.002042492312687827
2011-09-17,-0.0014637417678746711
2011-09-18,-8.273658447861543e-4
2011-09-19,-1.1657209492477172e-4
2011-09-20,6.686415705352555e-4
2011-09-21,0.0015282734482822136
2011-09-22,0.0024623234428764462
2011-09-23,0.0034707933465634166
2011-09-24,0.004553681211628691
2011-09-25,0.005710988236549808
2011-09-26,0.006877780572157377
2011-09-27,0.008054058397936492
2011-09-28,0.009239820599863391
2011-09-29,0.010435070961460013
2011-09-30,0.011639804682652466
2011-10-01,0.012854024732328773
2011-10-02,0.013867876738696383
2011-10-03,0.014932415079848216
2011-10-04,0.01604763962149347
2011-10-05,0.017213552149300426
2011-10-06,0.018430149569078846
2011-10-07,0.019697434314837725
2011-10-08,0.021015404764540113
2011-10-09,0.022384063679297572
2011-10-10,0.022832742549580898
2011-10-11,0.02236144180952948
2011-10-12,0.02097016141491692
2011-10-13,0.018658902330995986
2011-10-14,0.015427663790990032
2011-10-15,0.011276445573742633
2011-10-16,0.00620524847156112
2011-10-17,0.003967012400550418
2011-10-18,0.004561738538064963
2011-10-19,0.007989427682763672
2011-10-20,0.014250078196797578
2011-10-21,0.023343690027891606
2011-10-22,0.035270263950617275
2011-10-23,0.050029799768866345
2011-10-24,0.05311208127719502
2011-10-25,0.044517108406228356
2011-10-26,0.024244878459028785
2011-10-27,-0.0077046044824966575
2011-10-28,-0.05133134343628809
2011-10-29,-0.10663533628580879
2011-10-30,-0.1736165854009859
2011-10-31,-0.1961733827065928
2011-11-01,-0.17430572994893656
2011-11-02,-0.10764513439617729
2011-11-03,0.0038084017531483383
2011-11-04,0.1600548789461509
2011-11-05,0.3610942978054359
2011-11-06,0.606926657934733
2011-11-07,0.6806426381859692
2011-11-08,0.5822422384810345
2011-11-09,0.3117254573888182
2011-11-10,-0.13090770483738368
2011-11-11,-0.7456572459244113
2011-11-12,-1.5325231676671047
2011-11-13,-2.4915054710710196
2011-11-14,-3.176423409399531
2011-11-15,-3.58727698153936
2011-11-16,-3.724066190025083
2011-11-17,18.391445168328545
2011-11-18,-3.1754515089010447
2011-11-19,-2.49004762059322
2011-11-20,-1.5305793669111365
2011-11-21,-0.7432274938301544
2011-11-22,-0.12799200081975481
2011-11-23,0.31512711194611587
2011-11-24,0.5861298433411135
2011-11-25,0.685016194850498
2011-11-26,0.611786165123773
2011-11-27,0.36643975564382714
2011-11-28,0.16588628721670884
2011-11-29,0.010125761086052565
2011-11-30,-0.10084182430303268
2011-12-01,-0.16701646758000654
2011-12-02,-0.18878549538184575
2011-12-03,-0.1661489090748267
2011-12-04,-0.09910670745228733
2011-12-05,-0.04376059684853062
2011-12-06,-1.1057761139920963e-4
2011-12-07,0.03184334978536385
2011-12-08,0.052101186625046036
2011-12-09,0.06066293274432866
2011-12-10,0.05752858693998686
2011-12-11,0.04269815034779101
2011-12-12,0.030681840559419138
2011-12-13,0.021479656043376094
2011-12-14,0.015091598103950554
2011-12-15,0.011517666089059464
2011-12-16,0.010757860243874262
2011-12-17,0.012812180347972602
2011-12-18,0.017680626804892796
2011-12-19,0.021610258050623
2011-12-20,0.024601073472851676
2011-12-21,0.026653074031576907
2011-12-22,0.02776625970470392
2011-12-23,0.02794062945824427
2011-12-24,0.02717618510373465
2011-12-25,0.025472925123374957
2011-12-26,0.023801515380446947
2011-12-27,0.02216195591585235
2011-12-28,0.020554247437534645
2011-12-29,0.0189783890771007
2011-12-30,0.017434381737253757
2011-12-31,0.015922224286352593
2012-01-01,0.014441917347604916
2012-01-02,0.012982635858099778
2012-01-03,0.011544381215684352
2012-01-04,0.01012715271105269
2012-01-05,0.00873095109430655
2012-01-06,0.007355774727778597
2012-01-07,0.006001624811385664
2012-01-08,0.004668501164581951
2012-01-09,0.003421336001629971
2012-01-10,0.0022601300631990284
2012-01-11,0.0011848827361879977
2012-01-12,1.9559504416655216e-4
2012-01-13,-7.077350084359058e-4
2012-01-14,-0.001525104901865415
2012-01-15,-0.0022565169073018865
2012-01-16,-0.0029187630644904594
2012-01-17,-0.0035118445847519553
2012-01-18,-0.004035760964228308
2012-01-19,-0.004490513723321099
2012-01-20,-0.004876099546599066
2012-01-21,-0.005192522087146267
2012-01-22,-0.005439779060969263
2012-01-23,-0.0056135285020202375
2012-01-24,-0.00571376966075321
2012-01-25,-0.005740502395262581
2012-01-26,-0.0056937261460199284
2012-01-27,-0.00557344395554682
2012-01-28,-0.0053796527203706646
2012-01-29,-0.0051123528691305875
2012-01-30,-0.004772668974425853
2012-01-31,-0.0043605991272308575
2012-02-01,-0.003876144569123108
2012-02-02,-0.0034126180832254605
2012-02-03,-0.002970018987306533
2012-02-04,-0.002548347185377109
2012-02-05,-0.002147603433703793
2012-02-06,-0.0017674978801536234
2012-02-07,-0.0014080301695706954
2012-02-08,-0.001069199558312306
2012-02-09,-7.510057684503302e-4
2012-02-10,-4.534502643249727e-4
2012-02-11,-1.7653281639651297e-4
2012-02-12,7.974818626577118e-5
2012-02-13,3.153161146698391e-4
2012-02-14,5.301724214283876e-4
2012-02-15,7.243171239879054e-4
2012-02-16,8.977492459298908e-4
2012-02-17,0.0010504698321740502
2012-02-18,0.0011824771429223002
2012-02-19,0.0012937726618063028
2012-02-20,0.0013843749181674525
2012-02-21,0.0014542840267357526
2012-02-22,0.0015035001021306282
2012-02-23,0.0015320222389834104
2012-02-24,0.00153985168523052
2012-02-25,0.0015269875513195252
2012-02-26,0.001493430369977844
2012-02-27,0.0014391758831850954
2012-02-28,0.0013642220741709732
2012-02-29,0.0012685695281884346
2012-03-01,0.001152220121687364
2012-03-02,0.0010395763757655718
2012-03-03,9.306373299107218e-4
2012-03-04,8.254037012338511e-4
2012-03-05,7.238771091406804e-4
2012-03-06,6.260582640371659e-4
2012-03-07,5.319455068841794e-4
2012-03-08,4.415405699613739e-4
2012-03-09,3.548416861325343e-4
2012-03-10,2.7185066173895933e-4
2012-03-11,1.9256547093338128e-4
2012-03-12,1.1698751138466967e-4
2012-03-13,4.511540107565715e-5
2012-03-14,-2.3049931635821252e-5
2012-03-15,-8.750964870962719e-5
2012-03-16,-1.4826206562568167e-4
2012-03-17,-2.0530898268678044e-4
2012-03-18,-2.586504331596462e-4
2012-03-19,-3.082839706340934e-4
2012-03-20,-3.5421052301809475e-4
2012-03-21,-3.9643015640256074e-4
2012-03-22,-4.349432535248887e-4
2012-03-23,-4.6975091954726267e-4
2012-03-24,-5.008503433097111e-4
2012-03-25,-5.282425551722536e-4
2012-03-26,-5.51928045355421e-4
2012-03-27,-5.719076814969526e-4
2012-03-28,-5.881810399395171e-4
2012-03-29,-6.007478022780344e-4
2012-03-30,-6.096073638497401e-4
2012-03-31,-6.147604231683257e-4
2012-04-01,-6.16207473207453e-4
2012-04-02,-6.134015138556936e-4
2012-04-03,-6.06343490606065e-4
2012-04-04,-5.950330146684557e-4
2012-04-05,-5.794678106738615e-4
2012-04-06,-5.596526236677501e-4
2012-04-07,-5.355834634406254e-4
2012-04-08,-5.072620032946507e-4
2012-04-09,-4.74687822357156e-4
2012-04-10,-4.378609413069334e-4
2012-04-11,-3.9678141768417774e-4
2012-04-12,-3.5144916051099706e-4
2012-04-13,-3.0186362375528297e-4
2012-04-14,-2.480249033371962e-4
2012-04-15,-1.8993544369783066e-4
2012-04-16,-1.2759196138079076e-4
2012-04-17,-6.0996450001349345e-5
2012-04-18,9.851736748833773e-6
2012-04-19,8.495193810986734e-5
2012-04-20,1.6430403744482902e-4
2012-04-21,2.4790832739784996e-4
2012-04-22,3.357663732619365e-4
2012-04-23,4.278764609877417e-4
2012-04-24,5.242396256652793e-4
2012-04-25,6.248556022363516e-4
2012-04-26,7.29724736381554e-4
2012-04-27,8.388480120533615e-4
2012-04-28,9.522240682968697e-4
2012-04-29,0.0010698522088798956
2012-04-30,0.0011917336943041423
2012-05-01,0.001317867514235127
2012-05-02,0.0014239387307040108
2012-05-03,0.001509949197526339
2012-05-04,0.0015758970161010577
2012-05-05,0.0016217825592648172
2012-05-06,0.0016476078507594583
2012-05-07,0.0016533703955492474
2012-05-08,0.001639071429164085
2012-05-09,0.0016047114789499162
2012-05-10,0.0015502882737850054
2012-05-11,0.0014758045861471558
2012-05-12,0.0013812586925432413
2012-05-13,0.0012666496774127456
2012-05-14,0.0011319809470553555
2012-05-15,9.772506060807817e-4
2012-05-16,8.0245830378467e-4
2012-05-17,6.07606353481227e-4
2012-05-18,3.9269243546780075e-4
2012-05-19,1.5771721386292903e-4
2012-05-20,-9.731796016265726e-5
2012-05-21,-3.7241605250293297e-4
2012-05-22,-6.675764598376155e-4
2012-05-23,-9.827979786722896e-4
2012-05-24,-0.0013180820589346887
2012-05-25,-0.0016734275213932115
2012-05-26,-0.0020488351744856192
2012-05-27,-0.0024443054614100568
2012-05-28,-0.0028598368579562106
2012-05-29,-0.003295430109824915
2012-05-30,-0.003751084573879515
2012-05-31,-0.004226800067761882
2012-06-01,-0.00472257743427873
2012-06-02,-0.005138856951173221
2012-06-03,-0.005475639425664314
2012-06-04,-0.005732924131606865
2012-06-05,-0.005910710360684135
2012-06-06,-0.006009000943811849
2012-06-07,-0.006027793085144895
2012-06-08,-0.005967088037464041
2012-06-09,-0.0058268855821563825
2012-06-10,-0.005607183701238361
2012-06-11,-0.005307988091447724
2012-06-12,-0.0049292969124283825
2012-06-13,-0.004471108804662061
2012-06-14,-0.0039334246390407834
2012-06-15,-0.0033162447012309304
2012-06-16,-0.002619568640593428
2012-06-17,-0.0018433977571628013
2012-06-18,-9.87723825140563e-4
2012-06-19,-5.2546529565322686e-5
2012-06-20,9.621329383229238e-4
2012-06-21,0.0020563158153537042
2012-06-22,0.0032300007120453778
2012-06-23,0.0044831892777741356
2012-06-24,0.005815880241881066
2012-06-25,0.007228047464582277
2012-06-26,0.008719690047088058
2012-06-27,0.010290808058991185
2012-06-28,0.011941402800757839
2012-06-29,0.013671473357493413
2012-06-30,0.01548101899716614
2012-07-01,0.017370041241545398
2012-07-02,0.01897351606357156
2012-07-03,0.020291446498843735
2012-07-04,0.021323829081161927
2012-07-05,0.022070666409870432
2012-07-06,0.02253195683327691
2012-07-07,0.02270770127379329
2012-07-08,0.022597898733376587
2012-07-09,0.022202147812317108
2012-07-10,0.021520445243199404
2012-07-11,0.02055279459053838
2012-07-12,0.019299194022275756
2012-07-13,0.017759643561953142
2012-07-14,0.015934142946247398
2012-07-15,0.013822692692332827
2012-07-16,0.011426853289098204
2012-07-17,0.00874662743166188
2012-07-18,0.005782012108273227
2012-07-19,0.0025330088377339965
2012-07-20,-0.001000382560310431
2012-07-21,-0.004818163231037564
2012-07-22,-0.008920332070287751
2012-07-23,-0.013312927597345592
2012-07-24,-0.017995952207133792
2012-07-25,-0.022969404028223117
2012-07-26,-0.028233284126111702
2012-07-27,-0.033787592198422534
2012-07-28,-0.03963232635408698
2012-07-29,-0.045767490011880074
2012-07-30,-0.05216972707568979
2012-07-31,-0.058839039084386924
2012-08-01,-0.06577542276645221
2012-08-02,-0.07162216689631773
2012-08-03,-0.07637927155676838
2012-08-04,-0.08004673566864207
2012-08-05,-0.08262455894781273
2012-08-06,-0.08420304071756823
2012-08-07,-0.08478217983987801
2012-08-08,-0.08436197875270524
2012-08-09,-0.08294243588144479
2012-08-10,-0.08052354925681326
2012-08-11,-0.07710532062731779
2012-08-12,-0.07268775166164065
2012-08-13,-0.06692171346916465
2012-08-14,-0.05980720476668222
2012-08-15,-0.051344226068039456
2012-08-16,-0.041532777570337576
2012-08-17,-0.0303728600159765
2012-08-18,-0.017864473110485335
2012-08-19,-0.00400761566128538
2012-08-20,0.009847857760827194
2012-08-21,0.023701945323283624
2012-08-22,0.037554648315526684
2012-08-23,0.051405967311269896
2012-08-24,0.06525590240069845
2012-08-25,0.07910445277317857
2012-08-26,0.09295161841642785
2012-08-27,0.11201642008973933
2012-08-28,0.13629886270120428
2012-08-29,0.1657989413076717
2012-08-30,0.2005166582470692
2012-08-31,0.24045201185336929
2012-09-01,0.2856050038648086
2012-09-02,0.32775480167545323
2012-09-03,0.3467227917010778
2012-09-04,0.3425089720995549
2012-09-05,0.31511334422469783
2012-09-06,0.2645359084453456
2012-09-07,0.19077666479523803
2012-09-08,0.09383561146076835
2012-09-09,-0.026287249455451356
2012-09-10,-0.09157415798249313
2012-09-11,-0.10202511428240779
2012-09-12,-0.0576401174552581
2012-09-13,0.04158083182825467
2012-09-14,0.1956377334061723
2012-09-15,0.4045305873396481
2012-09-16,0.6682593946773436
2012-09-17,0.6851795029866732
2012-09-18,0.455290915730431
2012-09-19,-0.02140636971091725
2012-09-20,-0.7449123519544006
2012-09-21,-1.7152270318595733
2012-09-22,-2.9323504091600587
2012-09-23,-4.396282484748665
2012-09-24,-4.940756836952724
2012-09-25,-4.565773466316833
2012-09-26,-3.271332373033526
2012-09-27,-1.0574335573897868
2012-09-28,2.07592298164467
2012-09-29,6.128737245474623
2012-09-30,11.101009233698395
2012-10-01,14.593878030793094
2012-10-02,16.62545621649418
2012-10-03,17.1957437899795
2012-10-04,16.304740751462276
2012-10-05,13.95244710156296
2012-10-06,10.138862838801172
2012-10-07,4.863987962404517
2012-10-08,0.5258270422012035
2012-10-09,-2.8756199241738343
2012-10-10,-5.340352935303997
2012-10-11,-6.868371992676849
2012-10-12,-7.459677095490011
2012-10-13,-7.114268245384985
2012-10-14,-5.832145440944535
2012-10-15,-4.7751863329888256
2012-10-16,-3.9433909225017927
2012-10-17,-3.3367592087265354
2012-10-18,-2.9552911919958125
2012-10-19,-2.798986872541593
2012-10-20,-2.867846248888135
2012-10-21,-3.1618693224415892
2012-10-22,-3.396658772458853
2012-10-23,-3.5722145973085753
2012-10-24,-3.6885367998107794
2012-10-25,-3.745625377100996
2012-10-26,-3.7434803310755873
2012-10-27,-3.682101660801321
2012-10-28,-3.561489365770039
2012-10-29,-3.392904746440471
2012-10-30,-3.1763478032120473
2012-10-31,-2.9118185345667458
2012-11-01,-2.599316941688316
2012-11-02,-2.264601903382144
2012-11-03,-1.9076734190888225
2012-11-04,-1.5285314885448487
2012-11-05,-1.3651205725204296
2012-11-06,-1.4174406669601605
2012-11-07,-1.6854917752931395
2012-11-08,-2.1692738966862612
2012-11-09,-2.868787030378477
2012-11-10,-3.784031176294455
2012-11-11,-4.915006336036544
2012-11-12,-5.268930319238091
2012-11-13,-4.845803126786879
2012-11-14,-3.6456247562935356
2012-11-15,-1.6683952099035573
2012-11-16,1.0858855128737943
2012-11-17,4.617217413230623
2012-11-18,8.925600490707737
2012-11-19,11.752012762105636
2012-11-20,13.096454228131883
2012-11-21,12.958924889160484
2012-11-22,11.339424744702974
2012-11-23,8.237953794888028
2012-11-24,3.6545120386054424
2012-11-25,-2.410900523860585
2012-11-26,-6.4273806758949705
2012-11-27,-8.394928420850375
2012-11-28,-8.3135437545647
2012-11-29,-6.183226680090186
2012-11-30,-2.0039771963741875
2012-12-01,4.224204697105021
2012-12-02,12.538063103918166
2012-12-03,18.528146662603486
2012-12-04,22.194455374063388
2012-12-05,23.536989236641375
2012-12-06,22.555748252182788
2012-12-07,19.25073242047425
2012-12-08,13.62194174057252
2012-12-09,5.6693762125189675
2012-12-10,-0.8523070550050669
2012-12-11,-5.94310806175994
2012-12-12,-9.603026806553462
2012-12-13,-11.832063291542703
2012-12-14,-12.630217517541912
2012-12-15,-11.997489482892881
2012-12-16,-9.93387918912477
2012-12-17,-8.212729400727753
2012-12-18,-6.834040120242538
2012-12-19,-5.797811345364623
2012-12-20,-5.104043076663661
2012-12-21,-4.75273531439792
2012-12-22,-4.743888056981007
2012-12-23,-5.077501306585497
2012-12-24,-5.294915405956194
2012-12-25,-5.396130353838243
2012-12-26,-5.381146151282885
2012-12-27,-5.249962798174735
2012-12-28,-5.002580294171755
2012-12-29,-4.63899864035305
2012-12-30,-4.159217833520279
2012-12-31,-3.6818661971348057
2013-01-01,-3.2069437282280377
2013-01-02,-2.7728879459948343
2013-01-03,-2.3796988485879322
2013-01-04,-2.0273764373228795
2013-01-05,-1.7159207124279612
2013-01-06,-1.4453316730490284
2013-01-07,-1.18492716017439
2013-01-08,-0.9347071733085204
2013-01-09,-0.6946717117070298
2013-01-10,-0.464820777023604
2013-01-11,-0.24515436823467418
2013-01-12,-0.03567248512746257
2013-01-13,0.16362487289558136
2013-01-14,0.34480211608472255
2013-01-15,0.5078592463547345
2013-01-16,0.6527962626081454
2013-01-17,0.779613166706586
2013-01-18,0.8883099554172447
2013-01-19,0.9788866302380224
2013-01-20,1.0513431930611277
2013-01-21,1.1077317796353752
2013-01-22,1.1480523905150146
2013-01-23,1.1723050257700496
2013-01-24,1.1804896853227351
2013-01-25,1.17260636969954
2013-01-26,1.1486550787011285
2013-01-27,1.1086358120634048
2013-01-28,1.0520190884795522
2013-01-29,0.97880490699756
2013-01-30,0.8889932709561634
2013-01-31,0.782584176934463
2013-02-01,0.6595776261453545
2013-02-02,0.5441445074784721
2013-02-03,0.43628482100311716
2013-02-04,0.3361305395225338
2013-02-05,0.24368166272424618
2013-02-06,0.1589381902380984
2013-02-07,0.0819001218527522
2013-02-08,0.012567457631804446
2013-02-09,-0.04905980115071018
2013-02-10,-0.10298165649022373
2013-02-11,-0.1492130083500487
2013-02-12,-0.18775385729240113
2013-02-13,-0.21860420377315304
2013-02-14,-0.24176404643260463
2013-02-15,-0.2572333865389307
2013-02-16,-0.26501222422769977
2013-02-17,-0.26510055789047704
2013-02-18,-0.2575688951065923
2013-02-19,-0.24241723505017643
2013-02-20,-0.21964557651321948
2013-02-21,-0.18925392127076957
2013-02-22,-0.15124226818721387
2013-02-23,-0.10561061849802211
2013-02-24,-0.05235897126633948
2013-02-25,0.00881841221723767
2013-02-26,0.07792153171659066
2013-02-27,0.15495038609627354
2013-02-28,0.23990497516839016
2013-03-01,0.33278529959568903
2013-03-02,0.4150528262405777
2013-03-03,0.48670755433063007
2013-03-04,0.5465588204417988
2013-03-05,0.5946066238071108
2013-03-06,0.6308509648066063
2013-03-07,0.6552918447028884
2013-03-08,0.6679292625448137
2013-03-09,0.6687632175274358
2013-03-10,0.6577937106148752
2013-03-11,0.6396264903384599
2013-03-12,0.614261556199635
2013-03-13,0.5816989096182708
2013-03-14,0.5419385486433539
2013-03-15,0.4949804739433368
2013-03-16,0.440824686080707
2013-03-17,0.37947118579815964
2013-03-18,0.2931119223265388
2013-03-19,0.18174689710145087
2013-03-20,0.04537610883416199
2013-03-21,-0.11600044225277584
2013-03-22,-0.30238275423993977
2013-03-23,-0.5137708289827311
2013-03-24,-0.7501646672002824
2013-03-25,-0.9427118154326259
2013-03-26,-1.0914122739094476
2013-03-27,-1.1962660423698155
2013-03-28,-1.2572731222769933
2013-03-29,-1.27443351150799
2013-03-30,-1.2477472116694113
2013-03-31,-1.1772142228135762
2013-04-01,-1.3290428594155412
2013-04-02,-1.676417051924556
2013-04-03,-2.2193368006981076
2013-04-04,-2.957802104830999
2013-04-05,-3.891812965406939
2013-04-06,-5.021369383508692
2013-04-07,-6.34647135784364
2013-04-08,-6.837862039084913
2013-04-09,-6.495541428019956
2013-04-10,-5.319509524352151
2013-04-11,-3.3097663294077533
2013-04-12,-0.46631184155566396
2013-04-13,3.210853940849522
2013-04-14,7.72173101565497
2013-04-15,10.949146253097895
2013-04-16,12.893099654657728
2013-04-17,13.553591219428121
2013-04-18,12.930620947397188
2013-04-19,11.024188840104744
2013-04-20,7.834294894646979
2013-04-21,3.360939112765151
2013-04-22,-0.27870537454240196
2013-04-23,-3.0846385702056627
2013-04-24,-5.056860471638602
2013-04-25,-6.195371081028542
2013-04-26,-6.500170397825935
2013-04-27,-5.971258421465636
2013-04-28,-4.608635152827707
2013-04-29,-3.441557441372349
2013-04-30,-2.4700252862318157
2013-05-01,-1.6940386883703198
2013-05-02,-1.138851319560977
2013-05-03,-0.8044631804797575
2013-05-04,-0.6908742731524044
2013-05-05,-0.7980845944592552
2013-05-06,-0.8598858282542243
2013-05-07,-0.8762779741016403
2013-05-08,-0.8472610310942502
2013-05-09,-0.772835000999175
2013-05-10,-0.6529998835205474
2013-05-11,-0.48775567683279963
2013-05-12,-0.27710238224650063
2013-05-13,-0.08989246508563697
2013-05-14,0.07387407594664475
2013-05-15,0.21419724158476638
2013-05-16,0.33107703033282365
2013-05-17,0.4245134441373295
2013-05-18,0.49450648038220013
2013-05-19,0.5410561405001466
2013-05-20,0.5819705224584222
2013-05-21,0.6172496248095078
2013-05-22,0.646893448447001
2013-05-23,0.670901991441933
2013-05-24,0.6892752559038458
2013-05-25,0.7020132412150579
2013-05-26,0.7091159475468263
2013-05-27,0.7059774405201784
2013-05-28,0.6925977198393705
2013-05-29,0.6689767856213591
2013-05-30,0.6351146379887875
2013-05-31,0.5910112778434196
2013-06-01,0.536666704343874
2013-06-02,0.4830353668436702
2013-06-03,0.43130864694858584
2013-06-04,0.38148654242741986
2013-06-05,0.33356905559699745
2013-06-06,0.28755618392994897
2013-06-07,0.24344792897995826
2013-06-08,0.20124429102289687
2013-06-09,0.16094526883864013
2013-06-10,0.12224235660334815
2013-06-11,0.0851355551239803
2013-06-12,0.04962486250692111
2013-06-13,0.015710280488895556
2013-06-14,-0.01660819105535749
2013-06-15,-0.047330554105819544
2013-06-16,-0.0764568054155923
2013-06-17,-0.10390573881187803
2013-06-18,-0.12967735497385102
2013-06-19,-0.15377165222444855
2013-06-20,-0.1761886313539598
2013-06-21,-0.19692829221634245
2013-06-22,-0.21599063475992408
2013-06-23,-0.2333756601397431
2013-06-24,-0.24910984196160668
2013-06-25,-0.26319318048018203
2013-06-26,-0.2756256773123902
2013-06-27,-0.2864073325308103
2013-06-28,-0.29553814365323394
2013-06-29,-0.3030181128110495
2013-06-30,-0.30884723914713264
2013-07-01,-0.3129975216893258
2013-07-02,-0.314774179658348
2013-07-03,-0.31417721560666223
2013-07-04,-0.3112066266297936
2013-07-05,-0.30586241500461786
2013-07-06,-0.2981445794248463
2013-07-07,-0.2880531200117451
2013-07-08,-0.2756770680823116
2013-07-09,-0.261016422703381
2013-07-10,-0.24407118363865266
2013-07-11,-0.22484135302540187
2013-07-12,-0.2033269290392552
2013-07-13,-0.1795279119615023
2013-07-14,-0.15344430194501868
2013-07-15,-0.12473685011908464
2013-07-16,-0.09340555636927395
2013-07-17,-0.059450421014677346
2013-07-18,-0.022871444069428204
2013-07-19,0.016331375153349592
2013-07-20,0.0581580367788328
2013-07-21,0.1026085392622118
2013-07-22,0.14837251478290803
2013-07-23,0.19544996164220452
2013-07-24,0.2438408803599308
2013-07-25,0.29354527120711227
2013-07-26,0.34456313302348596
2013-07-27,0.3968944680546289
2013-07-28,0.4505392737482887
2013-07-29,0.5105635777872466
2013-07-30,0.5769673796850407
2013-07-31,0.6497506795314616
2013-08-01,0.7289134771946462
2013-08-02,0.8010938930844431
2013-08-03,0.866291925461131
2013-08-04,0.9245075746917131
2013-08-05,0.9561538548076063
2013-08-06,0.9612307647610185
2013-08-07,0.9397383053587809
2013-08-08,0.8916764763955383
2013-08-09,0.8170452778562614
2013-08-10,0.7158447083855177
2013-08-11,0.5880747713034882
2013-08-12,0.5094657585474629
2013-08-13,0.4800176699364982
2013-08-14,0.49973050637140615
2013-08-15,0.5686042679364822
2013-08-16,0.6866389560602788
2013-08-17,0.8538345680873471
2013-08-18,1.07019110534709
2013-08-19,1.042908086896112
2013-08-20,0.771985513282998
2013-08-21,0.2574233842396829
2013-08-22,-0.5007782994667058
2013-08-23,-1.5026195402406737
2013-08-24,-2.7481003369685646
2013-08-25,-4.237220688362251
2013-08-26,-4.837908905469405
2013-08-27,-4.550164988356853
2013-08-28,-3.3739889371515965
2013-08-29,-1.3093807512388276
2013-08-30,1.6436595700505705
2013-08-31,5.48513202585493
2013-09-01,10.21503661859631
2013-09-02,13.533946758441836
2013-09-03,15.441862448084093
2013-09-04,15.938783688274007
2013-09-05,15.024710478891297
2013-09-06,12.699642818397603
2013-09-07,8.963580707975407
2013-09-08,3.816524145454952
2013-09-09,-0.412868173921932
2013-09-10,-3.724596252235618
2013-09-11,-6.118660091728518
2013-09-12,-7.595059690069716
2013-09-13,-8.153795047722815
2013-09-14,-7.794866165910198
2013-09-15,-6.518273042844177
2013-09-16,-5.456070867889909
2013-09-17,-4.608259639795647
2013-09-18,-3.974839357075969
2013-09-19,-3.5558100219113475
2013-09-20,-3.3511716334644777
2013-09-21,-3.3609241907497234
2013-09-22,-3.58506769554783
2013-09-23,-3.7308665235134995
2013-09-24,-3.798320674800988
2013-09-25,-3.787430150466128
2013-09-26,-3.69819494904577
2013-09-27,-3.530615071601538
2013-09-28,-3.284690517310553
2013-09-29,-2.9604212868748823
2013-09-30,-2.633286638343546
2013-10-01,-2.303286572066689
2013-10-02,-1.9999687775862456
2013-10-03,-1.7233332536075023
2013-10-04,-1.473380002425545
2013-10-05,-1.2501090222680196
2013-10-06,-1.0535203140823808
2013-10-07,-0.8649975570471395
2013-10-08,-0.6845407507385772
2013-10-09,-0.512149895894755
2013-10-10,-0.347824992309718
2013-10-11,-0.19156603961257712
2013-10-12,-0.04337303876890486
2013-10-13,0.0967540120968502
2013-10-14,0.22750204851926115
2013-10-15,0.3488710731390037
2013-10-16,0.4608610830493034
2013-10-17,0.5634720805455322
2013-10-18,0.6567040645003877
2013-10-19,0.7405570368863013
2013-10-20,0.8150309943909675
2013-10-21,0.866925998313907
2013-10-22,0.8962420492150791
2013-10-23,0.9029791484517249
2013-10-24,0.8871372928640773
2013-10-25,0.848716485383473
2013-10-26,0.787716723339632
2013-10-27,0.7041380086309801
2013-10-28,0.6537431564142384
2013-10-29,0.6365321664950321
2013-10-30,0.652505036963847
2013-10-31,0.701661771366872
2013-11-01,0.7840023661423785
2013-11-02,0.914113645469784
2013-11-03,1.0919956063825276
2013-11-04,1.1008265787117084
2013-11-05,0.9406065619291474
2013-11-06,0.6113355575940683
2013-11-07,0.11301356325040368
2013-11-08,-0.5543594200389925
2013-11-09,-1.3907833924916049
2013-11-10,-2.396258353516867
2013-11-11,-3.1246262271945033
2013-11-12,-3.5758870128427285
2013-11-13,-3.750040712965326
2013-11-14,-3.6470873249752787
2013-11-15,-3.2670268495730634
2013-11-16,19.368376913878294
2013-11-17,-1.6755846368135758
2013-11-18,-0.910377782314268
2013-11-19,-0.314238724297482
2013-11-20,0.1128325410022335
2013-11-21,0.37083601054538395
2013-11-22,0.4597716832431086
2013-11-23,0.3796395618426833
2013-11-24,0.1304396449166504
2013-11-25,-0.07092026133356744
2013-11-26,-0.2244401567515808
2013-11-27,-0.33012004465813616
2013-11-28,-0.3879599208245442
2013-11-29,-0.397959788173621
2013-11-30,-0.3601196459383429
2013-12-01,-0.2744394930689569
2013-12-02,-0.2012197614024962
2013-12-03,-0.14046045065057533
2013-12-04,-0.09216155972112872
2013-12-05,-0.05632309036463323
2013-12-06,-0.0329450420433437
2013-12-07,-0.022027413253974837
2013-12-08,-0.023570205457087656
2013-12-09,-0.02306330521228772
2013-12-10,-0.020506709269225487
2013-12-11,-0.01590042040932027
2013-12-12,-0.009244438072744332
2013-12-13,-5.387613149248072e-4
2013-12-14,0.010216609349377848
2013-12-15,0.023021673445213775
2013-12-16,0.03412351796675961
2013-12-17,0.04352214086651096
2013-12-18,0.051217545423548616
2013-12-19,0.05720973053771261
2013-12-20,0.06149869487688031
2013-12-21,0.0640844402205123
2013-12-22,0.06496696548486303
2013-12-23,0.06511692726598661
2013-12-24,0.06453432876318588
2013-12-25,0.06321916692509255
2013-12-26,0.06117144208158676
2013-12-27,0.05839115659113325
2013-12-28,0.0548783077046493
2013-12-29,0.0506328970640344
2013-12-30,0.04540387263470014
2013-12-31,0.039191235386821344
2014-01-01,0.031994983064906446
2014-01-02,0.02523471828677848
2014-01-03,0.01891043944699433
2014-01-04,0.013022145514831163
2014-01-05,0.007569837137266777
2014-01-06,0.0026184477278823337
2014-01-07,-0.0018320257418453778
2014-01-08,-0.005781580551299514
2014-01-09,-0.009230219526110472
2014-01-10,-0.01217794022262253
2014-01-11,-0.014624743682292163
2014-01-12,-0.016570629554717442
2014-01-13,-0.01803239044408178
2014-01-14,-0.019010027064510826
2014-01-15,-0.01950353970622709
2014-01-16,-0.01951292707173158
2014-01-17,-0.01903818833602955
2014-01-18,-0.018079325808071367
2014-01-19,-0.01663633896521044
2014-01-20,-0.014704886873265766
2014-01-21,-0.012284969421379577
2014-01-22,-0.009376586705335699
2014-01-23,-0.005979738044079808
2014-01-24,-0.002094424936411876
2014-01-25,0.002279353042933252
2014-01-26,0.00714159720220886
2014-01-27,0.01249119297010548
2014-01-28,0.018328141005861998
2014-01-29,0.024652440538524223
2014-01-30,0.03146409176208009
2014-01-31,0.038763096164282196
2014-02-01,0.04654945117274911
2014-02-02,0.053173402390037205
2014-02-03,0.058635201057418485
2014-02-04,0.0629348472541833
2014-02-05,0.06607234121995909
2014-02-06,0.0680476834860606
2014-02-07,0.0688608724100972
2014-02-08,0.06851191016044522
2014-02-09,0.06700079538586756
2014-02-10,0.06432759896601592
2014-02-11,0.060492322446974
2014-02-12,0.05549496399498177
2014-02-13,0.04933552462022828
2014-02-14,0.042014004306942576
2014-02-15,0.03353040377514627
2014-02-16,0.023884720834357775
2014-02-17,0.013076414006010006
2014-02-18,0.0011054823340661546
2014-02-19,-0.012028074293792601
2014-02-20,-0.026324253614501858
2014-02-21,-0.04178305889438372
2014-02-22,-0.058404488251962317
2014-02-23,-0.07618854279989518
2014-02-24,-0.09513305417885665
2014-02-25,-0.11523802224899193
2014-02-26,-0.13650344745026288
2014-02-27,-0.15892933166583645
2014-02-28,-0.1825156719982477
2014-03-01,-0.20726246936709414
2014-03-02,-0.2283936578369823
2014-03-03,-0.24591762989149535
2014-03-04,-0.2598343876457294
2014-03-05,-0.27014392763743467
2014-03-06,-0.2768462522544143
2014-03-07,-0.2799413609353196
2014-03-08,-0.27942925538567753
2014-03-09,-0.2753099321451238
2014-03-10,-0.2675509386565659
2014-03-11,-0.2561522738209995
2014-03-12,-0.24111393923867297
2014-03-13,-0.22243593390886351
2014-03-14,-0.20011825672543115
2014-03-15,-0.17416090805174722
2014-03-16,-0.144563890032549
2014-03-17,-0.11145268615597814
2014-03-18,-0.07482729587249892
2014-03-19,-0.0346877187968786
2014-03-20,0.008966043148083802
2014-03-21,0.05613399079811887
2014-03-22,0.10681612484492287
2014-03-23,0.16101244598830355
2014-03-24,0.2192081230197398
2014-03-25,0.2814031580724661
2014-03-26,0.3475975484312963
2014-03-27,0.41779129753885536
2014-03-28,0.49198440272385024
2014-03-29,0.5701768655868675
2014-03-30,0.652368685019777
2014-03-31,0.736684016439956
2014-04-01,0.8231228578098115
2014-04-02,0.8931791432979976
2014-04-03,0.9468528718650542
2014-04-04,0.9841440442926099
2014-04-05,1.0050526603241186
2014-04-06,1.00957871888598
2014-04-07,1.004974916553417
2014-04-08,0.9912412533983876
2014-04-09,0.9683777282238775
2014-04-10,0.9363843424638276
2014-04-11,0.895261094513121
2014-04-12,0.8450079859583586
2014-04-13,0.7856250168605692
2014-04-14,0.6890706622966398
2014-04-15,0.5553449231642977
2014-04-16,0.384447800147508
2014-04-17,0.17637929248469653
2014-04-18,-0.06886059938757105
2014-04-19,-0.35127187607318566
2014-04-20,-0.6708545376357747
2014-04-21,-0.9191899949249658
2014-04-22,-1.0962782465967962
2014-04-23,-1.2021192934616312
2014-04-24,-1.2367131364871962
2014-04-25,-1.2000597732274878
2014-04-26,-1.092159206717199
2014-04-27,-0.9130114343242265
2014-04-28,-1.0818016164936242
2014-04-29,-1.598529753648015
2014-04-30,-2.463195844605476
2014-05-01,-3.6757998909193192
2014-05-02,-5.198153604281421
2014-05-03,-7.030256985427542
2014-05-04,-9.172110034761468
2014-05-05,-10.002992558273297
2014-05-06,-9.522904556608816
2014-05-07,-7.731846028901464
2014-05-08,-4.6298169752845535
2014-05-09,-0.21681739643185693
2014-05-10,5.507152708925037
2014-05-11,12.542093341439948
2014-05-12,17.55419607501932
2014-05-13,20.543460909293195
2014-05-14,21.50988784466596
2014-05-15,20.45347688093861
2014-05-16,17.374228019017742
2014-05-17,12.272141258595337
2014-05-18,5.147216597610737
2014-05-19,-0.6667380466794963
2014-05-20,-5.169722676224714
2014-05-21,-8.361737288782269
2014-05-22,-10.242781887365016
2014-05-23,-10.812856472465045
2014-05-24,-10.071961042430093
2014-05-25,-8.020095596882658
2014-05-26,-6.2779777113155895
2014-05-27,-4.845607385991218
2014-05-28,-3.722984620793199
2014-05-29,-2.910109414988886
2014-05-30,-2.406981768210227
2014-05-31,-2.2136016811116246
2014-06-01,-2.329969154061879
2014-06-02,-2.3747652561816994
2014-06-03,-2.347989989658709
2014-06-04,-2.2496433513222263
2014-06-05,-2.079725344062579
2014-06-06,-1.8382359680169411
2014-06-07,-1.5251752216497545
2014-06-08,-1.1405431041615133
2014-06-09,-0.7927183663333958
2014-06-10,-0.4817010073966649
2014-06-11,-0.20749102983117296
2014-06-12,0.02991156963222763
2014-06-13,0.23050678938357505
2014-06-14,0.39429462947045324
2014-06-15,0.5212750894609071
2014-06-16,0.6393356477400107
2014-06-17,0.748476301742077
2014-06-18,0.8486970533484384
2014-06-19,0.93999790120714
2014-06-20,1.0223788458184797
2014-06-21,1.0958398868347126
2014-06-22,1.1603810268627617
2014-06-23,1.2093451716862682
2014-06-24,1.2427323241318833
2014-06-25,1.2605424830853595
2014-06-26,1.262775649761862
2014-06-27,1.2494318239727857
2014-06-28,1.2205110038511706
2014-06-29,1.176013190149365
2014-06-30,1.1155114036936074
2014-07-01,1.0390056421066005
2014-07-02,0.9604995443309006
2014-07-03,0.8799931105093073
2014-07-04,0.7974863401315326
2014-07-05,0.7129792344896304
2014-07-06,0.6264717940140427
2014-07-07,0.5463824073633932
2014-07-08,0.47271107541731694
2014-07-09,0.4054577983010823
2014-07-10,0.34462257598605217
2014-07-11,0.29020540903966596
2014-07-12,0.24220629666184101
2014-07-13,0.20062523798725485
2014-07-14,0.1311633546799491
2014-07-15,0.03382064528485995
2014-07-16,-0.09140289068460872
2014-07-17,-0.24450725145639884
2014-07-18,-0.42549243791348257
2014-07-19,-0.6343584510112725
2014-07-20,-0.8711052896289672
2014-07-21,-1.0026684625479176
2014-07-22,-1.0290479705241613
2014-07-23,-0.9502438119352961
2014-07-24,-0.7662559878495843
2014-07-25,-0.47708449942487247
2014-07-26,-0.08272934462712808
2014-07-27,0.4168094768783823
2014-07-28,0.5069398154166033
2014-07-29,0.18766167069201953
2014-07-30,-0.5410249563821262
2014-07-31,-1.679120066049171
2014-08-01,-3.2266236591152375
2014-08-02,-5.188964388264029
2014-08-03,-7.5661422554485975
2014-08-04,-8.76099763970829
2014-08-05,-8.773530541848046
2014-08-06,-7.6037409609969675
2014-08-07,16.72660730143122
2014-08-08,-1.7171943530702136
2014-08-09,2.999562675871713
2014-08-10,8.8986421883673
2014-08-11,13.145964440841507
2014-08-12,15.741529433686392
2014-08-13,16.685337166637254
2014-08-14,15.977387640301483
2014-08-15,30.101358005751106
2014-08-16,9.606216811010079
2014-08-17,3.9429955061276165
2014-08-18,-0.6425873388093688
2014-08-19,-4.15053172518973
2014-08-20,-6.580837650772935
2014-08-21,-7.933505118928068
2014-08-22,-8.208534129585281
2014-08-23,-7.4059246801504495
2014-08-24,-5.525676772172282
2014-08-25,-4.413381412485882
2014-08-26,-4.0690385990459
2014-08-27,-4.492648332963667
2014-08-28,-5.6842106139668545
2014-08-29,-7.6437254414324425
2014-08-30,-10.37119281774779
2014-08-31,-13.866612740955983
2014-09-01,-15.308524060016872
2014-09-02,-14.673511105526707
2014-09-03,-11.961573879301774
2014-09-04,-7.17271238025279
2014-09-05,-0.30692660719978093
2014-09-06,8.635783439881475
2014-09-07,19.655417762433405
2014-09-08,27.50377969429535
2014-09-09,32.1808692385985
2014-09-10,33.68668639381129
2014-09-11,32.02123116239444
2014-09-12,27.18450354169755
2014-09-13,19.176503532663816
2014-09-14,7.997231133381623
2014-09-15,-1.1601823314702973
2014-09-16,-8.295736864206452
2014-09-17,-13.409432466290731
2014-09-18,-16.501269137113308
2014-09-19,-17.571246877359282
2014-09-20,-16.61936568619587
2014-09-21,-13.645625563816562
2014-09-22,-11.18927778706247
2014-09-23,-9.250322354265608
2014-09-24,-7.828759264667596
2014-09-25,-6.924588519242425
2014-09-26,-6.537810116698154
2014-09-27,-6.668424058353395
2014-09-28,-7.316430344273971
2014-09-29,-7.74528836830494
2014-09-30,-7.954998131129107
2014-10-01,-7.945559632501667
2014-10-02,-7.736993689598316
2014-10-03,-7.329300300346572
2014-10-04,-6.722479464520616
2014-10-05,-5.916531182957094
2014-10-06,-5.410434174701674
2014-10-07,-5.204188441320522
2014-10-08,-5.297793981462609
2014-10-09,-5.691250795233545
2014-10-10,-6.384558882688482
2014-10-11,-7.377718244613881
2014-10-12,-8.6707288803848
2014-10-13,-8.941844173277506
2014-10-14,-8.191064124531987
2014-10-15,-6.418388733700017
2014-10-16,-3.6238179997818443
2014-10-17,0.19264807575879228
2014-10-18,5.031009496150691
2014-10-19,10.89126625892484
2014-10-20,15.132916475606502
2014-10-21,17.755960144533155
2014-10-22,18.760397266834975
2014-10-23,18.146227844029152
2014-10-24,15.913451874502067
2014-10-25,12.062069358290792
2014-10-26,6.592080293666045
2014-10-27,2.135635804706389
2014-10-28,-1.3072641096213773
2014-10-29,-3.7366194515074076
2014-10-30,-5.152430219435239
2014-10-31,-5.554696414431526
2014-11-01,-4.943418036162283
2014-11-02,-3.3232065821776824
2014-11-03,-1.9730109751969835
2014-11-04,-0.8928312165107573
2014-11-05,-0.08266730491064589
2014-11-06,0.4574807605175033
2014-11-07,0.7276129782713944
2014-11-08,0.7277293497421999
2014-11-09,0.45782987430632505
2014-11-10,0.24870354825881913
2014-11-11,0.10035037202443875
2014-11-12,0.012770345343525502
2014-11-13,-0.014036531057599833
2014-11-14,0.019929741495346986
2014-11-15,0.11466916426873763
2014-11-16,0.27018173721367833
2014-11-17,0.4009117674235336
2014-11-18,0.5068592569723585
2014-11-19,0.5880242041883852
2014-11-20,0.6444066115475837
2014-11-21,0.6760064767095655
2014-11-22,0.6828238009121743
2014-11-23,0.6648585831329015
2014-11-24,0.6442390574025316
2014-11-25,0.620965223294526
2014-11-26,0.5950370802041538
2014-11-27,0.5664546289330741
2014-11-28,0.5352178685614553
2014-11-29,0.5013268013349452
2014-11-30,0.46478142383991883
2014-12-01,0.41985846551485273
2014-12-02,0.3758174244716532
2014-12-03,0.33265830177942934
2014-12-04,0.29038109651775
2014-12-05,0.2489858100451081
2014-12-06,0.20847244069111626
2014-12-07,0.16884099042454848
2014-12-08,0.13157173077707762
2014-12-09,0.09666466414522801
2014-12-10,0.064119788369013
2014-12-11,0.033937105977835724
2014-12-12,0.006116614993662894
2014-12-13,-0.019341684552258487
2014-12-14,-0.04243779306795403
2014-12-15,-0.06355456731733011
2014-12-16,-0.0826920109180862
2014-12-17,-0.09985012157329498
2014-12-18,-0.11502890032756263
2014-12-19,-0.12822834703028607
2014-12-20,-0.13944846137561906
2014-12-21,-0.1486892431835638
2014-12-22,-0.15585167041105286
2014-12-23,-0.1609357401810394
2014-12-24,-0.16394145585894893
2014-12-25,-0.1648688145387387
2014-12-26,-0.16371781820828457
2014-12-27,-0.16048846510492254
2014-12-28,-0.15518075768199413
2014-12-29,-0.1478203052816136
2014-12-30,-0.13840710928863054
2014-12-31,-0.12694116912082443
2015-01-01,-0.11342248659727017
2015-01-02,-0.10046667659438246
2015-01-03,-0.08807373982468714
2015-01-04,-0.07624367732270243
2015-01-05,-0.0649698642273675
2015-01-06,-0.05425229997267378
2015-01-07,-0.04409098554976021
2015-01-08,-0.034485919197935644
2015-01-09,-0.025437102627175356
2015-01-10,-0.01694453627267456
2015-01-11,-0.009008217901448345
2015-01-12,-0.0016298619955656957
2015-01-13,0.005190530814901839
2015-01-14,0.011452961847353116
2015-01-15,0.017157429147635073
2015-01-16,0.02230393464702174
2015-01-17,0.026892477842327178
2015-01-18,0.030923058160724715
2015-01-19,0.03439611961549005
2015-01-20,0.03731166196703528
2015-01-21,0.03966968563320594
2015-01-22,0.041470190313951605
2015-01-23,0.04271317612121073
2015-01-24,0.043398642487558536
2015-01-25,0.04352658997457537
2015-01-26,0.04309690204068706
2015-01-27,0.042109580577026184
2015-01-28,0.04056462522904836
2015-01-29,0.03846203475176724
2015-01-30,0.03580180967237534
2015-01-31,0.03258395000819103
2015-02-01,0.02880845699737078
2015-02-02,0.02520278105529128
2015-02-03,0.021766920447225058
2015-02-04,0.018500878606802384
2015-02-05,0.015404652664820162
2015-02-06,0.012478244828722396
2015-02-07,0.009721652835879224
2015-02-08,0.007134878597935046
2015-02-09,0.004717912185131512
2015-02-10,0.0024707555846004148
2015-02-11,3.934071953224372e-4
2015-02-12,-0.0015141331728547591
2015-02-13,-0.0032518643950083526
2015-02-14,-0.004819788360245214
2015-02-15,-0.006217902848554058
2015-02-16,-0.00744620536284879
2015-02-17,-0.008504695850158672
2015-02-18,-0.009393376199043235
2015-02-19,-0.010112242520691428
2015-02-20,-0.010661297920224744
2015-02-21,-0.011040540822881306
2015-02-22,-0.011249972001857955
2015-02-23,-0.01128959369101179
2015-02-24,-0.011159405033710268
2015-02-25,-0.010859404990119836
2015-02-26,-0.010389595903347537
2015-02-27,-0.009749976782918335
2015-02-28,-0.008940546305493458
2015-03-01,-0.007961306200022333
2015-03-02,-0.007024111292062818
2015-03-03,-0.006128962122232018
2015-03-04,-0.005275859802902794
2015-03-05,-0.004464802133056889
2015-03-06,-0.0036957894779294787
2015-03-07,-0.002968824379256718
2015-03-08,-0.0022839044252342955
2015-03-09,-0.0016410294298938588
2015-03-10,-0.0010401996697331217
2015-03-11,-4.814150166976283e-4
2015-03-12,3.532300335384875e-5
2015-03-13,5.100165206142204e-4
2015-03-14,9.426649811830057e-4
2015-03-15,0.0013332682255684514
2015-03-16,0.0016818249748615788
2015-03-17,0.0019883358490835334
2015-03-18,0.002252801310219432
2015-03-19,0.002475220272132095
2015-03-20,0.0026555945737747333
2015-03-21,0.0027939212016767634
2015-03-22,0.0028902032528921318
2015-03-23,0.0029444400838420925
2015-03-24,0.002956630460339227
2015-03-25,0.0029267757289948015
2015-03-26,0.002854876852013355
2015-03-27,0.0027409309843635654
2015-03-28,0.002584941620318526
2015-03-29,0.0023869052586609207
2015-03-30,0.002146823454682867
2015-03-31,0.0018646969659525947
2015-04-01,0.0015405257556824203
2015-04-02,0.0012374427451351533
2015-04-03,9.554505302478145e-4
2015-04-04,6.945476050437271e-4
2015-04-05,4.547369913654453e-4
2015-04-06,2.3601474610379647e-4
2015-04-07,3.8381082560157154e-5
2015-04-08,-1.3816439397795754e-4
2015-04-09,-2.936196484757403e-4
2015-04-10,-4.279848373360817e-4
2015-04-11,-5.412604441428215e-4
2015-04-12,-6.334481395078306e-4
2015-04-13,-7.045407170378493e-4
2015-04-14,-7.54538437435448e-4
2015-04-15,-7.834415753968926e-4
2015-04-16,-7.912519714288191e-4
2015-04-17,-7.779665024376659e-4
2015-04-18,-7.435881185304805e-4
2015-04-19,-6.881141761856391e-4
2015-04-20,-6.115666352739524e-4
2015-04-21,-5.139451271054529e-4
2015-04-22,-3.9524869394491624e-4
2015-04-23,-2.554761483755108e-4
2015-04-24,-9.462922217684522e-5
2015-04-25,8.729188447520464e-5
2015-04-26,2.9028679006382063e-4
2015-04-27,5.144323417403118e-4
2015-04-28,7.597282489402168e-4
2015-04-29,0.0010261725050231263
2015-04-30,0.0013137671748242319
2015-05-01,0.00162251169669414
2015-05-02,0.0018922132911431966
2015-05-03,0.002122872554496835
2015-05-04,0.0023141982024947882
2015-05-05,0.002466190172948135
2015-05-06,0.002578848952416557
2015-05-07,0.0026521746102001753
2015-05-08,0.0026861674522604684
2015-05-09,0.0026808276170737777
2015-05-10,0.002636153316591283
2015-05-11,0.0025532686509561753
2015-05-12,0.002432174771570761
2015-05-13,0.0022728708672976605
2015-05-14,0.002075356829177588
2015-05-15,0.0018396323822935656
2015-05-16,0.0015656981754348376
2015-05-17,0.0012535540485771879
2015-05-18,8.98855814966959e-4
2015-05-19,5.016040798608845e-4
2015-05-20,6.179803029060515e-5
2015-05-21,-4.205605153138059e-4
2015-05-22,-9.454725703235134e-4
2015-05-23,-0.0015129385736567524
2015-05-24,-0.002122958070610359
2015-05-25,-0.0027587367468218105
2015-05-26,-0.0034202746428544373
2015-05-27,-0.004107572701424367
2015-05-28,-0.004820629128090559
2015-05-29,-0.005559446533252688
2015-05-30,-0.006324022302632848
2015-05-31,-0.007114357796274895
2015-06-01,-0.007995385357961071
2015-06-02,-0.008814888792934683
2015-06-03,-0.009572866894424603
2015-06-04,-0.01026932186296281
2015-06-05,-0.010904251681367771
2015-06-06,-0.011477655486479277
2015-06-07,-0.011989535801351536
2015-06-08,-0.012188837855683587
2015-06-09,-0.012075560884886816
2015-06-10,-0.011649705022402257
2015-06-11,-0.010911269667350565
2015-06-12,-0.009860256726640815
2015-06-13,-0.008496665067931675
2015-06-14,-0.0068204936870297495
2015-06-15,-0.005802409188236934
2015-06-16,-0.005442413198134988
2015-06-17,-0.005740504160215654
2015-06-18,-0.006696682677237442
2015-06-19,-0.008310947239679622
2015-06-20,-0.010583300661360484
2015-06-21,-0.013513740614852443
2015-06-22,-0.013349326135852602
2015-06-23,-0.01009005685797093
2015-06-24,-0.003735932577821899
2015-06-25,0.005713046516204745
2015-06-26,0.018256879576843854
2015-06-27,0.033895568560575295
2015-06-28,0.05262911232463541
2015-06-29,0.05994729292544365
2015-06-30,0.05585010873048546
2015-07-01,0.04033756108349995
2015-07-02,0.01310956506230787
2015-07-03,-0.02583387897360745
2015-07-04,-0.07649277300656165
2015-07-05,-0.1388671154049046
2015-07-06,-0.156855199564492
2015-07-07,-0.13045702333909448
2015-07-08,-0.05967258781667395
2015-07-09,0.05549810537981403
2015-07-10,0.21505505797383684
2015-07-11,0.41899826975668497
2015-07-12,0.6673277403595336
2015-07-13,0.7431341456070859
2015-07-14,0.6464174866366207
2015-07-15,0.37717776356953625
2015-07-16,-0.06458502460483984
2015-07-17,-0.6788708775248247
2015-07-18,-1.4656797952366856
2015-07-19,-2.425011777745761
2015-07-20,-3.1106860783383405
2015-07-21,-3.522702696784659
2015-07-22,-3.661061633379843
2015-07-23,-3.5257628887053123
2015-07-24,-3.1168064608534984
2015-07-25,19.544043847994644
2015-07-26,-1.4779205603509868
2015-07-27,-0.6941718332827806
2015-07-28,-0.08294616927150344
2015-07-29,0.3557564300534716
2015-07-30,0.6219359667743459
2015-07-31,0.7155924408854906
2015-08-01,0.6367258483650027
2015-08-02,0.3856938044877313
2015-08-03,0.17940562832458973
2015-08-04,0.01786131997224749
2015-08-05,-0.09893912134672589
2015-08-06,-0.17099569462256725
2015-08-07,-0.1983084000375226
2015-08-08,-0.18087723723586935
2015-08-09,-0.11870220688412503
2015-08-10,-0.06788501468149266
2015-08-11,-0.028425660148860388
2015-08-12,-3.241420000292816e-4
2015-08-13,0.01641953922980033
2015-08-14,0.021805382278979213
2015-08-15,0.01583338719351768
2015-08-16,-0.0014964454623591639
2015-08-17,-0.015673897747074284
2015-08-18,-0.02669897143954514
2015-08-19,-0.034571666305353244
2015-08-20,-0.039291983100098404
2015-08-21,-0.04085991930997057
2015-08-22,-0.03927547638033024
2015-08-23,-0.03453865504732723
2015-08-24,-0.030402395503712487
2015-08-25,-0.026866697797603534
2015-08-26,-0.02393156116930717
2015-08-27,-0.021596986520123984
2015-08-28,-0.019862974017820223
2015-08-29,-0.01872952331685518
2015-08-30,-0.018196634532287037
2015-08-31,-0.01729364129377209
2015-09-01,-0.016020545366557393
2015-09-02,-0.014631699333140569
2015-09-03,-0.013127104922186827
2015-09-04,-0.011506760801731408
2015-09-05,-0.00977066709419927
2015-09-06,-0.00791882653304965
2015-09-07,-0.006202289347162493
2015-09-08,-0.0046210582306931425
2015-09-09,-0.003175131606196535
2015-09-10,-0.0018645112430666355
2015-09-11,-6.891966722855081e-4
2015-09-12,3.508126499709441e-4
2015-09-13,0.0012555165777883293
2015-09-14,0.0020898484226694602
2015-09-15,0.0028538079847937325
2015-09-16,0.0035473953022100435
2015-09-17,0.00417060973280714
2015-09-18,0.004723453399166688
2015-09-19,0.005205923984303418
2015-09-20,0.005618022788240973
2015-09-21,0.005942954936043243
2015-09-22,0.006180720064222545
2015-09-23,0.0063313175319497095
2015-09-24,0.006394749020132595
2015-09-25,0.006371013487981747
2015-09-26,0.006260111711760441
2015-09-27,0.006062043148563845
2015-09-28,0.005781150883176878
2015-09-29,0.005417435472012899
2015-09-30,0.0049708977178284375
2015-10-01,0.004441537260974737
2015-10-02,0.003934788326839245
2015-10-03,0.003450652131529397
2015-10-04,0.002989125712849594
2015-10-05,0.0025490893873896248
2015-10-06,0.0021305432439500116
2015-10-07,0.0017334841081615426
2015-10-08,0.0013579135552812538
2015-10-09,0.0010038319508447469
2015-10-10,6.712385051543812e-4
2015-10-11,3.6013439289694915e-4
2015-10-12,7.0810135782029e-5
2015-10-13,-1.9673544407061705e-4
2015-10-14,-4.4250205823037625e-4
2015-10-15,-6.664887172198597e-4
2015-10-16,-8.686957734489464e-4
2015-10-17,-0.001049123659859319
2015-10-18,-0.0012077726034109837
2015-10-19,-0.0013447179867327463
2015-10-20,-0.0014599595268300902
2015-10-21,-0.0015534971867274816
2015-10-22,-0.0016253315424488157
2015-10-23,-0.0016754623104313637
2015-10-24,-0.0017038902213339924
2015-10-25,-0.0017106141313973922
2015-10-26,-0.0016956145722890614
2015-10-27,-0.0016588904106082936
2015-10-28,-0.001600442596130014
2015-10-29,-0.001520272137584211
2015-10-30,-0.0014183767705095995
2015-10-31,-0.0012947581082547455
2015-11-01,-0.0011494158089027096
2015-11-02,-0.001010468034811307
2015-11-03,-8.779147615471938e-4
2015-11-04,-7.51756372061152e-4
2015-11-05,-6.31992727498476e-4
2015-11-06,-5.186231105616113e-4
2015-11-07,-4.116484101890361e-4
2015-11-08,-3.1106781914025383e-4
2015-11-09,-2.168813962137861e-4
2015-11-10,-1.290870981771608e-4
2015-11-11,-4.768749227235247e-5
2015-11-12,2.7319813659332226e-5
2015-11-13,9.593260345996946e-5
2015-11-14,1.5815334658952906e-4
2015-11-15,2.1397960338664923e-4
2015-11-16,2.634116445234813e-4
2015-11-17,3.0645100237691736e-4
2015-11-18,3.4309747462080153e-4
2015-11-19,3.7334906561170556e-4
2015-11-20,3.972074080196286e-4
2015-11-21,4.146718926318904e-4
2015-11-22,4.2574230956637926e-4
2015-11-23,4.304197233504503e-4
2015-11-24,4.287029189264935e-4
2015-11-25,4.2059161333218853e-4
2015-11-26,4.0608695069876966e-4
2015-11-27,3.851884973877784e-4
2015-11-28,3.5789654409534855e-4
2015-11-29,3.2421090537049224e-4
2015-11-30,2.841313681836155e-4
2015-12-01,2.376584185395103e-4
2015-12-02,1.940569800229497e-4
2015-12-03,1.5332724236638562e-4
2015-12-04,1.1546969654907535e-4
2015-12-05,8.048274751648599e-5
2015-12-06,4.8367141013194725e-5
2015-12-07,1.9123684605437674e-5
2015-12-08,-7.249042256463056e-6
2015-12-09,-3.07487398960582e-5
2015-12-10,-5.1377465434487846e-5
2015-12-11,-6.913519202345064e-5
2015-12-12,-8.4021163756276e-5
2015-12-13,-9.603567708782457e-5
2015-12-14,-1.0517879752813819e-4
2015-12-15,-1.1145070463425277e-4
2015-12-16,-1.148519237892387e-4
2015-12-17,-1.153829976143772e-4
2015-12-18,-1.1304220915597796e-4
2015-12-19,-1.0783097703659372e-4
2015-12-20,-9.974749350138978e-5
2015-12-21,-8.879353469248841e-5
2015-12-22,-7.496750728019919e-5
2015-12-23,-5.8269643430808316e-5
2015-12-24,-3.869887948537709e-5
2015-12-25,-1.625659980608596e-5
2015-12-26,9.057501771714271e-6
2015-12-27,3.724228170254307e-5
2015-12-28,6.829853720291545e-5
2015-12-29,1.0222741433851823e-4
2015-12-30,1.3902617217853575e-4
2015-12-31,1.786967595556188e-4
2016-01-01,2.2123705153842543e-4
2016-01-02,2.5840712360958307e-4
2016-01-03,2.90206803829518e-4
2016-01-04,3.1663574177054343e-4
2016-01-05,3.37692652621735e-4
2016-01-06,3.5337855702533005e-4
2016-01-07,3.6369333889618716e-4
2016-01-08,3.686370740274558e-4
2016-01-09,3.6821125726049786e-4
2016-01-10,3.624122563419263e-4
2016-01-11,3.5124260168428734e-4
2016-01-12,3.347021905173442e-4
2016-01-13,3.127920085876923e-4
2016-01-14,2.8550986186726135e-4
2016-01-15,2.5285705160582594e-4
2016-01-16,2.1483287202528345e-4
2016-01-17,1.7143838295852198e-4
2016-01-18,1.2267397210052877e-4
2016-01-19,6.853874015155803e-5
2016-01-20,9.032588927926355e-6
2016-01-21,-5.584397831803756e-5
2016-01-22,-1.260907809061962e-4
2016-01-23,-2.017087739125678e-4
2016-01-24,-2.8269670734193397e-4
2016-01-25,-3.6905661651553956e-4
2016-01-26,-4.607893623587156e-4
2016-01-27,-5.578938956312118e-4
2016-01-28,-6.603698081124598e-4
2016-01-29,-7.682189864284261e-4
2016-01-30,-8.814391325626669e-4
2016-01-31,-0.0010000323583228
2016-02-01,-0.0011239921019408072
2016-02-02,-0.0012275233032816857
2016-02-03,-0.0013106241575189248
2016-02-04,-0.0013732959076329099
2016-02-05,-0.0014155387011698384
2016-02-06,-0.001437353062767821
2016-02-07,-0.0014387368072563689
2016-02-08,-0.0014197088460423668
2016-02-09,-0.0013802683810921756
2016-02-10,-0.001320415857777535
2016-02-11,-0.001240150729030498
2016-02-12,-0.0011394728449063418
2016-02-13,-0.0010183823692586635
2016-02-14,-8.768799644307546e-4
2016-02-15,-7.148999727726313e-4
2016-02-16,-5.32441597965061e-4
2016-02-17,-3.295069211965984e-4
2016-02-18,-1.0609382079573848e-4
2016-02-19,1.3779481137832228e-4
2016-02-20,4.0216299481454776e-4
2016-02-21,6.870074384000002e-4
2016-02-22,9.920765702877699e-4
2016-02-23,0.0013173684531622154
2016-02-24,0.0016628847811339664
2016-02-25,0.002028624791341249
2016-02-26,0.002414589386303456
2016-02-27,0.0028207770795551923
2016-02-28,0.0032471898685768608
2016-02-29,0.0036948092941699873
2016-03-01,0.00416363417333776
2016-03-02,0.004563739418528279
2016-03-03,0.004895122655407258
2016-03-04,0.005157785472110321
2016-03-05,0.005351727410668694
2016-03-06,0.005476948640671386
2016-03-07,0.00552964599209016
2016-03-08,0.005509824998131574
2016-03-09,0.005417481200321594
2016-03-10,0.0052526149674483325
2016-03-11,0.005015227696599345
2016-03-12,0.004705319556264076
2016-03-13,0.004322889443077127
2016-03-14,0.003882633749336284
2016-03-15,0.003384549990940844
2016-03-16,0.002828639389309995
2016-03-17,0.0022149025681841294
2016-03-18,0.0015433390507553213
2016-03-19,8.139481106870239e-4
2016-03-20,2.6730962687571136e-5
2016-03-21,-8.75129806218844e-4
2016-03-22,-0.001891632681550126
2016-03-23,-0.0030227786354419806
2016-03-24,-0.004268567215764518
2016-03-25,-0.0056289993811384775
2016-03-26,-0.007104072725347965
2016-03-27,-0.008693790171346416
2016-03-28,-0.010178477054651802
2016-03-29,-0.01155813576548459
2016-03-30,-0.012832764101374794
2016-03-31,-0.014002363372658255
2016-04-01,-0.01506693335288567
2016-04-02,-0.015688931652505733
2016-04-03,-0.015868356150407603
2016-04-04,-0.016454540474490686
2016-04-05,-0.01744748370754401
2016-04-06,-0.01884718691031484
2016-04-07,-0.020653650072247398
2016-04-08,-0.022866873189745007
2016-04-09,-0.025486854589100272
2016-04-10,-0.02851359652600083
2016-04-11,-0.02866327392807988
2016-04-12,-0.025935887935375712
2016-04-13,-0.020331435752769744
2016-04-14,-0.011849920646070933
2016-04-15,-4.913396319901064e-4
2016-04-16,0.013744304006335861
2016-04-17,0.03085701288876419
2016-04-18,0.038150344760669475
2016-04-19,0.03562430185668508
2016-04-20,0.023278880404957736
2016-04-21,0.0011140839110652667
2016-04-22,-0.03087009023703735
2016-04-23,-0.07267364089799222
2016-04-24,-0.12429656762010133
2016-04-25,-0.13664987742685075
2016-04-26,-0.10973357291990604
2016-04-27,-0.043547650473470645
2016-04-28,0.061907886894740916
2016-04-29,0.20663304047787645
2016-04-30,0.3906278107580319
2016-05-01,0.6138921981928098
2016-05-02,0.685429739929909
2016-05-03,0.6052404392318669
2016-05-04,0.37332429362304953
2016-05-05,-0.01031869597927959
2016-05-06,-0.5456885291266429
2016-05-07,-1.2327852072989904
2016-05-08,-2.0716087288968907
2016-05-09,-2.671750965836449
2016-05-10,-3.033211920579456
2016-05-11,-3.1559915905309177
2016-05-12,16.19086669787858
2016-05-13,-2.6855070791105367
2016-05-14,-2.0922428989139354
2016-05-15,-1.2602974326159189
2016-05-16,-0.5800787384901342
2016-05-17,-0.05158681572324797
2016-05-18,0.32517833519459594
2016-05-19,0.5502167155906875
2016-05-20,0.6235283248785233
2016-05-21,0.5451131620597159
2016-05-22,0.31497122797380106
2016-05-23,0.12289780023796326
2016-05-24,-0.031107120981058056
2016-05-25,-0.1470435358496467
2016-05-26,-0.22491144501661298
2016-05-27,-0.26471084837572323
2016-05-28,-0.26644174425680034
2016-05-29,-0.23010413451174494
2016-05-30,-0.20478554237096191
2016-05-31,-0.19048596505789828
2016-06-01,-0.1872054053739174
2016-06-02,-0.19047292366868684
2016-06-03,-0.20028852088862836
2016-06-04,-0.21665219842227623
2016-06-05,-0.2395639546092172
2016-06-06,-0.2563330379190035
2016-06-07,-0.266959450121107
2016-06-08,-0.2714431889290847
2016-06-09,-0.2697842569548471
2016-06-10,-0.26198265271193166
2016-06-11,-0.24803837555204045
2016-06-12,-0.227951426105804
2016-06-13,-0.20498362797606995
2016-06-14,-0.17913498059575228
2016-06-15,-0.15040548452285507
2016-06-16,-0.1187951378847929
2016-06-17,-0.0843039435062396
2016-06-18,-0.04693189765436667
2016-06-19,-0.006679004048569581
2016-06-20,0.03721900538246814
2016-06-21,0.08476213029606905
2016-06-22,0.13595037083600592
2016-06-23,0.19078372580799896
2016-06-24,0.249262197939206
2016-06-25,0.31138578463195077
2016-06-26,0.3771544865962746
2016-06-27,0.446677529027133
2016-06-28,0.5199549118803082
2016-06-29,0.5969866346917287
2016-06-30,0.6777726978344629
2016-07-01,0.7623131014254787
2016-07-02,0.8343086140546259
2016-07-03,0.8937592359787474
2016-07-04,0.9394501492322593
2016-07-05,0.9713813549950945
2016-07-06,0.9895528514722922
2016-07-07,0.9939646408704903
2016-07-08,0.984616722418663
2016-07-09,0.9615090948807108
2016-07-10,0.9246417592966392
2016-07-11,0.8789166110704163
2016-07-12,0.8243336498314779
2016-07-13,0.7608928765312175
2016-07-14,0.6885942898603785
2016-07-15,0.6074378905022175
2016-07-16,0.5174236777385615
2016-07-17,0.4185516524750841
2016-07-18,0.2918163148651316
2016-07-19,0.13721766625835818
2016-07-20,-0.04524429443617084
2016-07-21,-0.2555695673599728
2016-07-22,-0.4937581527320425
2016-07-23,-0.7598100495758082
2016-07-24,-1.053725258574467
2016-07-25,-1.3020079924718433
2016-07-26,-1.5046582545223195
2016-07-27,-1.6616760408999056
2016-07-28,-1.7730613536916138
2016-07-29,-1.838814192965297
2016-07-30,-1.8589345578406014
2016-07-31,-1.8334224499860885
2016-08-01,-2.046442485241458
2016-08-02,-2.4635648037933953
2016-08-03,-3.08478940740446
2016-08-04,-3.9101162952146735
2016-08-05,-4.939545466942394
2016-08-06,-6.173076922390277
2016-08-07,-7.610710663893599
2016-08-08,-8.153763427656683
2016-08-09,-7.8022352141582925
2016-08-10,-6.556126022818486
2016-08-11,-4.415435855094632
2016-08-12,-1.3801647095337737
2016-08-13,2.5496874141967703
2016-08-14,7.374120516421885
2016-08-15,10.833149623447532
2016-08-16,12.926774734846614
2016-08-17,13.65499585305843
2016-08-18,34.99604917621666
2016-08-19,11.01522610386958
2016-08-20,7.647235236725672
2016-08-21,2.913840374763076
2016-08-22,-0.9249603332717538
2016-08-23,-3.86916688707192
2016-08-24,-5.9187792886822645
2016-08-25,-7.073797537269527
2016-08-26,-7.334221631635827
2016-08-27,-6.7000515741016216
2016-08-28,-5.171287363006883
2016-08-29,-3.8466797842505116
2016-08-30,-2.7262288387353504
2016-08-31,-1.809934525125275
2016-09-01,-1.0977968439541907
2016-09-02,-0.6341970410354401
2016-09-03,-0.4191351168295435
2016-09-04,-0.45261107245656984
2016-09-05,-0.45019493161833357
2016-09-06,-0.41188669528935284
2016-09-07,-0.3376863613074552
2016-09-08,-0.2275939331779646
2016-09-09,-0.08160940938890349
2016-09-10,0.10026721103787528
2016-09-11,0.3180359289014594
2016-09-12,0.49717388401895457
2016-09-13,0.6376810760515959
2016-09-14,0.7395575062805764
2016-09-15,0.8028031750719877
2016-09-16,0.8274180816174179
2016-09-17,0.8134022258326425
2016-09-18,0.7607556068476748
2016-09-19,0.6924550421046862
2016-09-20,0.6085005302904654
2016-09-21,0.5088920725177299
2016-09-22,0.39362966600049143
2016-09-23,0.2627133131736572
2016-09-24,0.11614301405073979
2016-09-25,-0.04608123154729071
2016-09-26,-0.24421593043540257
2016-09-27,-0.478261082576629
2016-09-28,-0.7482166865197011
2016-09-29,-1.0540827425040178
2016-09-30,-1.395859250494413
2016-10-01,-1.7735462128797335
2016-10-02,-2.1437419528312605
2016-10-03,-2.445865201331883
2016-10-04,-2.6799159559109973
2016-10-05,-2.8458942188685805
2016-10-06,-2.943799991794463
2016-10-07,-2.973633273959461
2016-10-08,-2.935394062143204
2016-10-09,-2.8290823591653025
2016-10-10,-2.8843393930058348
2016-10-11,-3.1011651647707037
2016-10-12,-3.4795596728343643
2016-10-13,-4.0195229178853
2016-10-14,-4.721054898296905
2016-10-15,-5.584155617291788
2016-10-16,-6.6088250725679485
2016-10-17,-6.908374470642501
2016-10-18,-6.482803812088549
2016-10-19,-5.332113095316957
2016-10-20,-3.4563023218677653
2016-10-21,-0.8553714917550144
2016-10-22,2.4706793964742433
2016-10-23,6.5218503425750445
2016-10-24,9.474452368120039
2016-10-25,11.328485473917446
2016-10-26,12.08394965922947
2016-10-27,11.740844924160333
2016-10-28,10.299171270211506
2016-10-29,7.758928695548299
2016-10-30,4.1201172002643975
2016-10-31,1.2059818184451614
2016-11-01,-0.9834774485391848
2016-11-02,-2.4889798823176927
2016-11-03,-3.3105254805439226
2016-11-04,-3.4481142463668095
2016-11-05,-2.901746177874363
2016-11-06,-1.6714212744319543
2016-11-07,-0.6415531169521951
2016-11-08,0.1878582929285353
2016-11-09,0.8168129578280512
2016-11-10,1.2453108765320222
2016-11-11,1.4733520503949817
2016-11-12,1.5009364769892803
2016-11-13,1.3280641581948383
2016-11-14,1.1754350107061062
2016-11-15,1.0430490354493143
2016-11-16,0.9309062304430402
2016-11-17,0.8390065968659004
2016-11-18,0.7673501340376707
2016-11-19,0.7159368431953965
2016-11-20,0.6847667235199211
2016-11-21,0.6478661984707363
2016-11-22,0.605235266157415
2016-11-23,0.5568739290900149
2016-11-24,0.5027821850208782
2016-11-25,0.4429600365594626
2016-11-26,0.37740748220156195
2016-11-27,0.3061245215208701
2016-11-28,0.11555224139486708
2016-11-29,-0.19430935551951933
2016-11-30,-0.6234602723521439
2016-12-01,-1.1719005072476054
2016-12-02,-1.8034959895967964
2016-12-03,-2.518246717496381
2016-12-04,15.432973420901957
2016-12-05,-4.037615642236894
2016-12-06,-4.682635571924827
2016-12-07,-5.251212477333147
2016-12-08,-5.743346360536052
2016-12-09,-6.159037221129029
2016-12-10,-6.498285059766409
2016-12-11,-6.761089874491352
2016-12-12,-6.4878181455508805
2016-12-13,-5.67846987167545
2016-12-14,-4.33304505323736
2016-12-15,-2.4515436890797817
2016-12-16,-0.03396578139399686
2016-12-17,2.919688672903454
2016-12-18,6.409419672374986
2016-12-19,8.919474500318124
2016-12-20,10.449853155249114
2016-12-21,11.000555640190816
2016-12-22,10.571581951644967
2016-12-23,9.162932092941885
2016-12-24,6.774606061410199
2016-12-25,3.4066038582177125
2016-12-26,0.5538238346191791
2016-12-27,-1.7837340097202496
2016-12-28,-3.606069675180166
2016-12-29,-4.913183160287271
2016-12-30,-5.705074467319424
2016-12-31,-5.981743595077762
2017-01-01,-5.7431905442404725
2017-01-02,-5.417686512103457
2017-01-03,16.56725264995207
2017-01-04,-4.505825499210988
2017-01-05,-3.919468519146857
2017-01-06,-3.2461605582864026
2017-01-07,-2.48590161360044
2017-01-08,-1.6386916871958552
2017-01-09,-0.9249271268193413
2017-01-10,-0.344607932920877
2017-01-11,0.10226589353005422
2017-01-12,0.41569435342934047
2017-01-13,0.5956774476822003
2017-01-14,0.6422151744493001
2017-01-15,0.5553075349539791
2017-01-16,0.4915926802960666
2017-01-17,0.45107061065570986
2017-01-18,0.43374132583375724
2017-01-19,0.4396048248099953
2017-01-20,0.46866110923613746
2017-01-21,0.5209101786930816
2017-01-22,0.596352032666966
2017-01-23,0.654473577358001
2017-01-24,0.695274812517024
2017-01-25,0.7187557402607241
2017-01-26,0.7249163583362734
2017-01-27,0.7137566677665022
2017-01-28,0.6852766670246011
2017-01-29,0.6394763578669662
2017-01-30,0.5868340992700278
2017-01-31,0.5273498915181642
2017-02-01,0.46102373264807905
2017-02-02,0.3995836406629991
2017-02-03,0.34302961467275206
2017-02-04,0.2913616548016358
2017-02-05,0.2445797622824335
2017-02-06,0.1999737981099814
2017-02-07,0.15754376299919914
2017-02-08,0.11728965946387282
2017-02-09,0.0792114838892326
2017-02-10,0.04330923826894151
2017-02-11,0.00958292196910393
2017-02-12,-0.02196746504152447
2017-02-13,-0.050640967445025886
2017-02-14,-0.07643758834609282
2017-02-15,-0.09935732693541377
2017-02-16,-0.11940018283979414
2017-02-17,-0.13656615530486071
2017-02-18,-0.15085524601379618
2017-02-19,-0.16226745218465233
2017-02-20,-0.1709840731338328
2017-02-21,-0.17700510570913308
2017-02-22,-0.18033054876509702
2017-02-23,-0.18096040525774937
2017-02-24,-0.17889467352054478
2017-02-25,-0.1741333538681462
2017-02-26,-0.1666764481681422
2017-02-27,-0.15647706260806005
2017-02-28,-0.14353520052235536
2017-03-01,-0.1278508606876112
2017-03-02,-0.11283063242632108
2017-03-03,-0.09847451670344443
2017-03-04,-0.08478251245743351
2017-03-05,-0.07175461917532844
2017-03-06,-0.059402967989889977
2017-03-07,-0.047727555598553906
2017-03-08,-0.03672838241118881
2017-03-09,-0.026405448791949615
2017-03-10,-0.016758755098843503
2017-03-11,-0.007788302318497253
2017-03-12,5.059116321137758e-4
2017-03-13,0.00812702293747547
2017-03-14,0.015075032888965056
2017-03-15,0.02134993987620537
2017-03-16,0.026951744709935888
2017-03-17,0.031880446310679655
2017-03-18,0.03613604626616085
2017-03-19,0.039718544517785004
2017-03-20,0.042627128043989826
2017-03-21,0.04486179544440083
2017-03-22,0.0464225503079474
2017-03-23,0.04730939003614609
2017-03-24,0.04752231622696268
2017-03-25,0.04706132654895012
2017-03-26,0.045926422634197994
2017-03-27,0.04411781468026321
2017-03-28,0.04163550382853565
2017-03-29,0.038479488361040426
2017-03-30,0.03464976998262359
2017-03-31,0.030146346718664452
2017-04-01,0.02496922094413545
2017-04-02,0.020126504567872683
2017-04-03,0.015618142886285824
2017-04-04,0.011444136373032876
2017-04-05,0.007604485213912993
2017-04-06,0.004099188105414431
2017-04-07,9.282464822932823e-4
2017-04-08,-0.0019083410850160298
2017-04-09,-0.004410573388380801
2017-04-10,-0.006578435582206499
2017-04-11,-0.00841192889229947
2017-04-12,-0.00991105251335389
2017-04-13,-0.01107580533136332
2017-04-14,-0.011906188497936343
2017-04-15,-0.012402201687983894
2017-04-16,-0.01256384530993393
2017-04-17,-0.012391123424556172
2017-04-18,-0.011884035348186828
2017-04-19,-0.011042581280062302
2017-04-20,-0.009866763156252789
2017-04-21,-0.00835657830618275
2017-04-22,-0.006512028944235082
2017-04-23,-0.004333113016957046
2017-04-24,-0.001819829410408369
2017-04-25,0.0010278195158026637
2017-04-26,0.004209835087873204
2017-04-27,0.007726218681844532
2017-04-28,0.011576967841743224
2017-04-29,0.015762085143113724
2017-04-30,0.020281568181694354
2017-05-01,0.025135416607736216
2017-05-02,0.02937711955574085
2017-05-03,0.0330066765985193
2017-05-04,0.036024086904339114
2017-05-05,0.038429350652602556
2017-05-06,0.040222468957598734
2017-05-07,0.041403440353583676
2017-05-08,0.0419722710242465
2017-05-09,0.04192895945784558
2017-05-10,0.04127350695891763
2017-05-11,0.04000591198259418
2017-05-12,0.038126177016770235
2017-05-13,0.03563429940173224
2017-05-14,0.03253028165034477
2017-05-15,0.028814102819216147
2017-05-16,0.02448576628237431
2017-05-17,0.01954527092244618
2017-05-18,0.013992617322663659
2017-05-19,0.007827803232443253
2017-05-20,0.0010508302495690902
2017-05-21,-0.0063383014685116645
2017-05-22,-0.014339524319510133
2017-05-23,-0.022952839933244373
2017-05-24,-0.03217824777147138
2017-05-25,-0.04201574647427164
2017-05-26,-0.05246533764794803
2017-05-27,-0.06352702018245204
2017-05-28,-0.07520079476868191
2017-05-29,-0.08748692235882438
2017-05-30,-0.10038540071122548
2017-05-31,-0.113896231785104
2017-06-01,-0.12801941507318504
2017-06-02,-0.13992177351197554
2017-06-03,-0.14960330891245044
2017-06-04,-0.1570640196970603
2017-06-05,-0.1623028991558344
2017-06-06,-0.16531994850516307
2017-06-07,-0.16611516644774227
2017-06-08,-0.16468855375529623
2017-06-09,-0.16104010934437407
2017-06-10,-0.15516983449718014
2017-06-11,-0.14707772884610315
2017-06-12,-0.13676768575768583
2017-06-13,-0.12423970385936922
2017-06-14,-0.10949378486138661
2017-06-15,-0.09252992832370865
2017-06-16,-0.07334813465105783
2017-06-17,-0.05194840234692655
2017-06-18,-0.02833073275017628
2017-06-19,-0.002480071958801844
2017-06-20,0.02560358010355701
2017-06-21,0.055920224081764
2017-06-22,0.08846985958296272
2017-06-23,0.12325248659131227
2017-06-24,0.16026810549081794
2017-06-25,0.1995167153254267
2017-06-26,0.2409401115107257
2017-06-27,0.2845382931826459
2017-06-28,0.3303112605349139
2017-06-29,0.378259014901809
2017-06-30,0.4283815543402365
2017-07-01,0.4806788793682708
2017-07-02,0.5250635324732373
2017-07-03,0.561760558370276
2017-07-04,0.5907699577533072
2017-07-05,0.6120917300762247
2017-07-06,0.6257258745264387
2017-07-07,0.6316723927505459
2017-07-08,0.6299312852955083
2017-07-09,0.6205025492894547
2017-07-10,0.6025160819303956
2017-07-11,0.5759718795792517
2017-07-12,0.5408699460383908
2017-07-13,0.49721027983878097
2017-07-14,0.44499288052507846
2017-07-15,0.3842177487082792
2017-07-16,0.3148848833242668
2017-07-17,0.2403584267509682
2017-07-18,0.16063838078501314
2017-07-19,0.07572474329293044
2017-07-20,-0.014382484842960563
2017-07-21,-0.1096833038471916
2017-07-22,-0.2101777138541816
2017-07-23,-0.31586571434761546
2017-07-24,-0.4397542874231405
2017-07-25,-0.5818434343952348
2017-07-26,-0.7421331525898062
2017-07-27,-0.9206234449533284
2017-07-28,-1.1173143092919395
2017-07-29,-1.33220574685599
2017-07-30,-1.5652977566005273
2017-07-31,-1.7663006794249108
2017-08-01,-1.9352145129353664
2017-08-02,-2.0513884337563244
2017-08-03,-2.1148224380878258
2017-08-04,-2.1255165278539074
2017-08-05,-2.0834707034930045
2017-08-06,-1.9886849637657837
2017-08-07,-2.03559717870632
2017-08-08,-2.224207348604047
2017-08-09,-2.554515472212436
2017-08-10,-3.026521551048652
2017-08-11,-3.640225584155871
2017-08-12,-4.395627572264871
2017-08-13,-5.292727514387212
2017-08-14,-5.57975886137213
2017-08-15,-5.256721614508253
2017-08-16,-4.323615772514518
2017-08-17,-2.7804413360914255
2017-08-18,-0.627198304497669
2017-08-19,2.1361133228976215
2017-08-20,5.509493546099337
2017-08-21,7.94656456906335
2017-08-22,9.447326397524318
2017-08-23,10.011779027603797
2017-08-24,9.639922460665675
2017-08-25,8.331756696658296
2017-08-26,6.087281734822444
2017-08-27,2.9064975749275996
2017-08-28,0.33578200012754933
2017-08-29,-1.624864993416266
2017-08-30,-2.9754434034605866
2017-08-31,-3.7159532308724472
2017-09-01,-3.8463944765118603
2017-09-02,-3.3891143072866585
2017-09-03,-2.344112724564285
2017-09-04,-1.4631562159170302
2017-09-05,-0.7462447796450069
2017-09-06,-0.19337841695691993
2017-09-07,0.19544287311617825
2017-09-08,0.42021908997348556
2017-09-09,0.4809502340312536
2017-09-10,0.3776363049324949
2017-09-11,0.3047149303821943
2017-09-12,0.26218610877955206
2017-09-13,0.2500498402523015
2017-09-14,0.2683061251883534
2017-09-15,0.31695496328922945
2017-09-16,0.39599635584747883
2017-09-17,0.5054303020585278
2017-09-18,0.5949680782213371
2017-09-19,0.6646096835446067
2017-09-20,0.7143551210516288
2017-09-21,0.7442043886635343
2017-09-22,0.7541574867684357
2017-09-23,0.74421441520846
2017-09-24,0.7143751739356452
2017-09-25,0.6776431201547317
2017-09-26,0.6340182531747056
2017-09-27,0.583500571781139
2017-09-28,0.5260900767629255
2017-09-29,0.4617867689083457
2017-09-30,0.390590647401712
2017-10-01,0.31250171254423553
2017-10-02,0.23942719060563333
2017-10-03,0.1713670832555807
2017-10-04,0.10832138902626265
2017-10-05,0.05029010942848133
2017-10-06,-0.0027267567759650113
2017-10-07,-0.05072920965599814
2017-10-08,-0.0937172473288499
2017-10-09,-0.13087498294948952
2017-10-10,-0.16220241620567522
2017-10-11,-0.18769954622166596
2017-10-12,-0.20736637534266933
2017-10-13,-0.22120290137740461
2017-10-14,-0.22920912469656085
2017-10-15,-0.23138504506027413
2017-10-16,-0.22774608401588414
2017-10-17,-0.21829224016292037
2017-10-18,-0.20302351376996164
2017-10-19,-0.18193990471148824
2017-10-20,-0.15504141438851593
2017-10-21,-0.12232804122008156
2017-10-22,-0.08379978654336173
2017-10-23,-0.04020892828985034
2017-10-24,0.008444531580572567
2017-10-25,0.062160593758974425
2017-10-26,0.12093925809076844
2017-10-27,0.18478052538341294
2017-10-28,0.2536843944996048
2017-10-29,0.32765086596195747
2017-10-30,0.4097985151184358
2017-10-31,0.5001273435236815
2017-11-01,0.5986373489813237
2017-11-02,0.6897743748250365
2017-11-03,0.7735384212199803
2017-11-04,0.8499294884737933
2017-11-05,0.9189475752409249
2017-11-06,0.9684808367982489
2017-11-07,0.998529271324663
2017-11-08,1.0090928807371216
2017-11-09,1.0001716652884352
2017-11-10,0.9717656234187935
2017-11-11,0.9238747558294615
2017-11-12,0.8564990625011948
2017-11-13,0.8164813324704867
2017-11-14,0.8038215646627753
2017-11-15,0.8185197604607981
2017-11-16,0.8605759180517394
2017-11-17,0.9299900394565093
2017-11-18,1.0267621237258067
2017-11-19,1.150892170208802
2017-11-20,1.1212655227659902
2017-11-21,0.9378821819348554
2017-11-22,0.6007421467936607
2017-11-23,0.10984541700265837
2017-11-24,-0.5348080071687169
2017-11-25,-1.3332181250550474
2017-11-26,-2.285384937606983
2017-11-27,-3.083521776213426
2017-11-28,-3.727628643283195
2017-11-29,-4.217705537182344
2017-11-30,-4.553752458152232
2017-12-01,17.242466793368337
2017-12-02,-4.741893593203631
2017-12-03,-4.572125017692694
2017-12-04,-4.137563513054782
2017-12-05,-3.4382090803998047
2017-12-06,-2.4740617174524417
2017-12-07,-1.2451214263612056
2017-12-08,0.24861179397381183
2017-12-09,2.0071379443128192
2017-12-10,4.030457023031411
2017-12-11,5.434821213721852
2017-12-12,6.220230516252122
2017-12-13,6.38668492929727
2017-12-14,5.934184452762206
2017-12-15,4.86272908804277
2017-12-16,3.172318834389027
2017-12-17,0.862953691462734
2017-12-18,-1.0208109096004512
2017-12-19,-2.4789749693288146
2017-12-20,-3.5115384863347465
2017-12-21,-4.118501460856066
2017-12-22,-4.299863894090986
2017-12-23,-4.055625785562492
2017-12-24,-3.385787134649987
2017-12-25,-2.8109186222659908
2017-12-26,-2.331020247158509
2017-12-27,-1.9460920091932432
2017-12-28,-1.6561339096569476
2017-12-29,-1.4611459477156952
2017-12-30,-1.3611281222784966
2017-12-31,-1.3560804354470646
2018-01-01,-1.3113618138996423
2018-01-02,-1.246042666952588
2018-01-03,-1.1601229942380098
2018-01-04,-1.0536027936876613
2018-01-05,-0.9264820667596314
2018-01-06,-0.7787608147350459
2018-01-07,-0.6104390343374485
2018-01-08,-0.45634046840070863
2018-01-09,-0.3164651147941915
2018-01-10,-0.19081297391872454
2018-01-11,-0.07938404734653903
2018-01-12,0.017821667510861783
2018-01-13,0.10080416945383974
2018-01-14,0.16956345683034457
2018-01-15,0.23310638788036986
2018-01-16,0.2914329622413119
2018-01-17,0.3445431801924488
2018-01-18,0.3924370414584797
2018-01-19,0.43511454460540033
2018-01-20,0.472575691914928
2018-01-21,0.5048204814338504
2018-01-22,0.5295193715274078
2018-01-23,0.5466723588753926
2018-01-24,0.5562794462112639
2018-01-25,0.5583406318449919
2018-01-26,0.5528559161092508
2018-01-27,0.5398252999610753
2018-01-28,0.5192487819063176
2018-01-29,0.4917288777320725
2018-01-30,0.45726559033620506
2018-01-31,0.41585891584038603
2018-02-01,0.3675088567723961
2018-02-02,0.32144518400622646
2018-02-03,0.2776678980107572
2018-02-04,0.2361769994527525
2018-02-05,0.19681665236142343
2018-02-06,0.15958685427886365
2018-02-07,0.12448760919756352
2018-02-08,0.09151891575103277
2018-02-09,0.06068077345287115
2018-02-10,0.03197318188212517
2018-02-11,0.005396141986577563
2018-02-12,-0.019010042107460157
2018-02-13,-0.04124536749053753
2018-02-14,-0.06130983699096815
2018-02-15,-0.07920345121795402
2018-02-16,-0.09492620715124866
2018-02-17,-0.10847810716266126
2018-02-18,-0.1198591510040159
2018-02-19,-0.12907976047596592
2018-02-20,-0.13613994081683378
2018-02-21,-0.14103968810676726
2018-02-22,-0.14377900340206007
2018-02-23,-0.14435788636503788
2018-02-24,-0.1427763384728855
2018-02-25,-0.13903435758536142
2018-02-26,-0.13312925057717995
2018-02-27,-0.12506101457272623
2018-02-28,-0.11482965075715224
2018-03-01,-0.10243515953376336
2018-03-02,-0.09056197108470387
2018-03-03,-0.07921008463432733
2018-03-04,-0.06837950177679697
2018-03-05,-0.058070913274701264
2018-03-06,-0.04828432210422151
2018-03-07,-0.03901972699532319
2018-03-08,-0.030277126542223698
2018-03-09,-0.02205652230176125
2018-03-10,-0.014357914804925098
2018-03-11,-0.007181302540997914
2018-03-12,-5.265260442757214e-4
2018-03-13,0.005606417961133259
2018-03-14,0.011217526077918372
2018-03-15,0.016306798799996747
2018-03-16,0.02087423834849833
2018-03-17,0.024919842972554118
2018-03-18,0.028443612802526275
2018-03-19,0.031445576589326896
2018-03-20,0.03392573442550395
2018-03-21,0.03588408594033066
2018-03-22,0.0373206304902145
2018-03-23,0.038235369633212946
2018-03-24,0.038628302870356235
2018-03-25,0.038499429957041365
2018-03-26,0.037848472633472685
2018-03-27,0.036675430099805784
2018-03-28,0.03498030408501207
2018-03-29,0.03276309268781552
2018-03-30,0.03002379741170791
2018-03-31,0.02676241640042254
2018-04-01,0.022978951980232143
2018-04-02,0.019409357782128156
2018-04-03,0.01605363438907892
2018-04-04,0.012911781118772003
2018-04-05,0.009983798712213332
2018-04-06,0.0072696873753552715
2018-04-07,0.004769447330057464
2018-04-08,0.002483077527925648
2018-04-09,4.062359289238593e-4
2018-04-10,-0.001461078753036471
2018-04-11,-0.003118862104434683
2018-04-12,-0.004567118917189417
2018-04-13,-0.0058058461448511345
2018-04-14,-0.0068350465124371595
2018-04-15,-0.007654718431476137
2018-04-16,-0.008248067593947583
2018-04-17,-0.008615095032587394
2018-04-18,-0.008755800719712381
2018-04-19,-0.008670184120013191
2018-04-20,-0.00835824523926032
2018-04-21,-0.007819984028900606
2018-04-22,-0.007055402173933745
2018-04-23,-0.0061294298375877965
2018-04-24,-0.005042069685673889
2018-04-25,-0.0037933205623406074
2018-04-26,-0.0023831823374731442
2018-04-27,-8.116556292341315e-4
2018-04-28,9.212601127310815e-4
2018-04-29,0.002815564907747037
2018-04-30,0.005122313789092781
2018-05-01,0.007841507012908533
2018-05-02,0.01057707523821061
2018-05-03,0.013329018209214283
2018-05-04,0.016097339235148223
2018-05-05,0.018882034795907776
2018-05-06,0.02168310653190475
2018-05-07,0.023529887022598173
2018-05-08,0.024422374528259683
2018-05-09,0.024360572966005023
2018-05-10,0.02334447946128715
2018-05-11,0.021374093719507492
2018-05-12,0.01844941739776007
2018-05-13,0.014570449946962105
2018-05-14,0.013490133141695893
2018-05-15,0.015208467874596288
2018-05-16,0.019725453686544325
2018-05-17,0.02704109035101787
2018-05-18,0.037155377953051794
2018-05-19,0.050068317721622124
2018-05-20,0.06577990768505582
2018-05-21,0.06977993142464056
2018-05-22,0.0620683861548168
2018-05-23,0.042645275376195224
2018-05-24,0.011510596822339014
2018-05-25,-0.03133564774682984
2018-05-26,-0.08589345963721673
2018-05-27,-0.15216283887564042
2018-05-28,-0.17404207793507687
2018-05-29,-0.15153117752176448
2018-05-30,-0.08463013732083624
2018-05-31,0.026661042693870263
2018-06-01,0.18234236275796856
2018-06-02,0.3827764643596765
2018-06-03,0.627963346969274
2018-06-04,0.7009936880581893
2018-06-05,0.6018674877120361
2018-06-06,0.33058474613033284
2018-06-07,-0.11285453539722878
2018-06-08,-0.728450359685008
2018-06-09,-1.5162027252134542
2018-06-10,-2.4761116317659937
2018-06-11,-3.1619963336923558
2018-06-12,-3.57385683053567
2018-06-13,18.266543077984842
2018-06-14,-3.5755052087300365
2018-06-15,-3.1652930900341265
2018-06-16,-2.481056766749928
2018-06-17,-1.522796238636445
2018-06-18,-0.7366922524093176
2018-06-19,-0.12274480904901997
2018-06-20,0.31904609153231134
2018-06-21,0.5886804500932361
2018-06-22,0.6861582661196708
2018-06-23,0.6114795405193709
2018-06-24,0.36464427217057493
2018-06-25,0.16256178944998645
2018-06-26,0.005232091815592144
2018-06-27,-0.1073448199375493
2018-06-28,-0.17516894694824403
2018-06-29,-0.19824028749613976
2018-06-30,-0.176558842800427
2018-07-01,-0.11012461323871081
2018-07-02,-0.05537353058151395
2018-07-03,-0.012305597380788846
2018-07-04,0.019079188674555603
2018-07-05,0.0387808266381755
2018-07-06,0.04679931658739411
2018-07-07,0.04313465913647763
2018-07-08,0.027786852929097217
2018-07-09,0.015266192417754842
2018-07-10,0.0055726771374193795
2018-07-11,-0.001293694172095794
2018-07-12,-0.005332920755326764
2018-07-13,-0.006545002542757139
2018-07-14,-0.004929939715318632
2018-07-15,-4.877322522474081e-4
2018-07-16,0.003028388904804835
2018-07-17,0.005618423086817925
2018-07-18,0.0072823707944214
2018-07-19,0.008020230851800036
2018-07-20,0.00783200456238875
2018-07-21,0.006717692749909299
2018-07-22,0.004677293355180412
2018-07-23,0.002682596789990388
2018-07-24,7.33601177637766e-4
2018-07-25,-0.0011696920414017153
2018-07-26,-0.0030272830212101365
2018-07-27,-0.004839172227103283
2018-07-28,-0.006605360752313549
2018-07-29,-0.008325846574504192
2018-07-30,-0.010256027814239843
2018-07-31,-0.0123959051098248
2018-08-01,-0.014745479026942565
2018-08-02,-0.016826571159939796
2018-08-03,-0.01863918291850286
2018-08-04,-0.020183312037788337
2018-08-05,-0.021458960900355706
2018-08-06,-0.022384400612181832
2018-08-07,-0.022959630293161837
2018-08-08,-0.023184652221747815
2018-08-09,-0.02305946382846047
2018-08-10,-0.02258406605644625
2018-08-11,-0.021758459848864042
2018-08-12,-0.020582644420366947
2018-08-13,-0.019138348081234158
2018-08-14,-0.01742556993352351
2018-08-15,-0.015444311082630113
2018-08-16,-0.01319457151120318
2018-08-17,-0.010676350382147204
2018-08-18,-0.007889648157775042
2018-08-19,-0.004834464579534625
2018-08-20,-0.0012554025642164124
2018-08-21,0.0028475397399672087
2018-08-22,0.0074743600854543235
2018-08-23,0.01262505997913732
2018-08-24,0.018299637273849312
2018-08-25,0.024498095532842434
2018-08-26,0.031220430993740278
2018-08-27,0.03749485894933002
2018-08-28,0.04332137607886111
2018-08-29,0.04869998431484901
2018-08-30,0.05363068438741836
2018-08-31,0.058113475200090914
2018-09-01,0.06214835748434755
2018-09-02,0.06476909014177101
2018-09-03,0.0697289055511483
2018-09-04,0.077027803268710393
2018-09-05,0.0866657842332128
2018-09-06,0.09864284600103335
2018-09-07,0.11295899092201167
2018-09-08,0.12961421861925926
2018-09-09,0.14860852798889201
2018-09-10,0.15543162914973685
2018-09-11,0.15008351941927667
2018-09-12,0.13256420141159952
2018-09-13,0.1028736733679021
2018-09-14,0.061011935658275895
2018-09-15,0.006978987879158627
2018-09-16,-0.059225168543227014
2018-09-17,-0.08149880979999669
2018-09-18,-0.05984193443269992
2018-09-19,0.005745457622995831
2018-09-20,0.11526336545479632
2018-09-21,0.2687117897210205
2018-09-22,0.46609072965525533
2018-09-23,0.7074001867252798
2018-09-24,0.7757308321875914
2018-09-25,0.6710826666016382
2018-09-26,0.3934556881548452
2018-09-27,-0.05715010221457595
2018-09-28,-0.6807347039241787
2018-09-29,-1.4772981173201853
2018-09-30,-2.446840343237781
2018-10-01,-3.143180631951554
2018-10-02,-3.5650570758563678
2018-10-03,-3.7124696708419465
2018-10-04,18.392817780282243
2018-10-05,-3.18390332226946
2018-10-06,-2.5079243779107694
2018-10-07,-1.5574815865156462
2018-10-08,-0.7787556972302172
2018-10-09,-0.17174670575852113
2018-10-10,0.2635453829962633
2018-10-11,0.5271205722204018
2018-10-12,0.6189788597383227
2018-10-13,0.5391202485673197
2018-10-14,0.2875447360161605
2018-10-15,0.08116164761761446
2018-10-16,-0.08002901925737871
2018-10-17,-0.19602726173905372
2018-10-18,-0.2668330819197404
2018-10-19,-0.2924464778960565
2018-10-20,-0.27286745042772265
2018-10-21,-0.20809600069945766
2018-10-22,-0.15423383644420063
2018-10-23,-0.11128095622087364
2018-10-24,-0.07923736386400093
2018-10-25,-0.058103055269480564
2018-10-26,-0.04787803355500797
2018-10-27,-0.04856229667259848
2018-10-28,-0.06015584559004772
2018-10-29,-0.06814845856550722
2018-10-30,-0.07254013972733087
2018-10-31,-0.07333088329350557
2018-11-01,-0.0705206937031908
2018-11-02,-0.06504399570368102
2018-11-03,-0.05690078883274263
2018-11-04,-0.04609107367091303
2018-11-05,-0.036367793908052226
2018-11-06,-0.027730946951931568
2018-11-07,-0.020180536768926505
2018-11-08,-0.013716560322167837
2018-11-09,-0.008339018929754083
2018-11-10,-0.0040479119117429185
2018-11-11,-8.432403316516179e-4
2018-11-12,0.0022456633675993487
2018-11-13,0.005218796287980609
2018-11-14,0.008076162149227795
2018-11-15,0.010817758884812845
2018-11-16,0.01344358650704458
2018-11-17,0.015953644919638243
2018-11-18,0.018347934645409403
2018-11-19,0.02037540147385375
2018-11-20,0.02203604712428553
2018-11-21,0.02332986945073201
2018-11-22,0.024256867876416788
2018-11-23,0.024817043450828802
2018-11-24,0.025010398474228035
2018-11-25,0.024836930025431192
2018-11-26,0.02436157128948646
2018-11-27,0.023584322177812478
2018-11-28,0.0225051837356971
2018-11-29,0.021124154919128335
2018-11-30,0.019441235692057468
2018-12-01,0.01745642751168619
2018-12-02,0.015562185395433081
2018-12-03,0.013741716803513215
2018-12-04,0.011995021419874297
2018-12-05,0.01032209926013028
2018-12-06,0.008722950391305773
2018-12-07,0.0071975742083461025
2018-12-08,0.005745972239541652
2018-12-09,0.004368142340465564
2018-12-10,0.0030684298668850474
2018-12-11,0.0018468348441860183
2018-12-12,7.033580503648107e-4
2018-12-13,-3.620030293318699e-4
2018-12-14,-0.001349246488575595
2018-12-15,-0.0022583739136432524
2018-12-16,-0.003089382634275273
2018-12-17,-0.0038433987342376685
2018-12-18,-0.0045204222146755235
2018-12-19,-0.005120452445315671
2018-12-20,-0.00564348930564984
2018-12-21,-0.006089533234801658
2018-12-22,-0.0064585828284258184
2018-12-23,-0.006750641050532247
2018-12-24,-0.006965414577783768
2018-12-25,-0.00710290396786184
2018-12-26,-0.0071631083374652516
2018-12-27,-0.007146030535948755
2018-12-28,-0.007051667383132898
2018-12-29,-0.006880021072284803
2018-12-30,-0.00663108940289403
2018-12-31,-0.006304949489462919
2019-01-01,-0.005901599971438909
2019-01-02,-0.005499191433718131
2019-01-03,-0.005097720637832648
2019-01-04,-0.004697189189636131
2019-01-05,-0.004297596961682082
2019-01-06,-0.003898944273386329
2019-01-07,-0.003501211688850203
2019-01-08,-0.0031043991274435356
2019-01-09,-0.002708507223205592
2019-01-10,-0.002313535640425579
2019-01-11,-0.0019194841869467627
2019-01-12,-0.0015263532995375417
2019-01-13,-0.0011341425466193655
2019-01-14,-7.428520572778652e-4
2019-01-15,-3.5248377184093904e-4
2019-01-16,3.6964557791341335e-5
2019-01-17,4.254896376998385e-4
2019-01-18,8.130948893281253e-4
2019-01-19,0.0011997797775562535
2019-01-20,0.0015855424714463773
2019-01-21,0.0019703657982823586
2019-01-22,0.0023542521391941573
2019-01-23,0.0027371991481159874
2019-01-24,0.003119207641451238
2019-01-25,0.003500277029155674
2019-01-26,0.0038804078461383007
2019-01-27,0.0042596000868742045
2019-01-28,0.004637928213143461
2019-01-29,0.005015391742424269
2019-01-30,0.005391991409908536
2019-01-31,0.0057677277483405565
2019-02-01,0.006142600551198196
2019-02-02,0.006431753598832524
2019-02-03,0.006635186259626336
2019-02-04,0.006752608756330991
2019-02-05,0.006784022536708623
2019-02-06,0.00672942445757152
2019-02-07,0.006588817189932872
2019-02-08,0.006362198936616048
2019-02-09,0.006049571132817233
2019-02-10,0.005650933228377619
2019-02-11,0.005167408270205565
2019-02-12,0.00459899738127989
2019-02-13,0.00394570056902066
2019-02-14,0.0032075178044761454
2019-02-15,0.002384447440474835
2019-02-16,0.001476491427811144
2019-02-17,4.8364885250218315e-4
2019-02-18,-5.984233058753397e-4
2019-02-19,-0.0017697245759726865
2019-02-20,-0.0030302573735725424
2019-02-21,-0.004380019232631316
2019-02-22,-0.005819010518527623
2019-02-23,-0.007347232986473884
2019-02-24,-0.008964683696857545
2019-02-25,-0.01065457171540185
2019-02-26,-0.012416895808544215
2019-02-27,-0.01425165483009505
2019-02-28,-0.016158851414406872
2019-03-01,-0.018138483318700604
2019-03-02,-0.01980961515266122
2019-03-03,-0.021172247942084388
2019-03-04,-0.022291314726883282
2019-03-05,-0.023166814318711593
2019-03-06,-0.023798747572524093
2019-03-07,-0.024187114195457937
2019-03-08,-0.024331913922118975
2019-03-09,-0.024233148150629047
2019-03-10,-0.023890814981760045
2019-03-11,-0.023053859569919677
2019-03-12,-0.021722285020521426
2019-03-13,-0.019896089622505775
2019-03-14,-0.01757527170302886
2019-03-15,-0.014759833547041579
2019-03-16,-0.011449774182331618
2019-03-17,-0.007645094492197968
2019-03-18,-0.0043164585048542925
2019-03-19,-0.0014638651402834046
2019-03-20,9.126829361389976e-4
2019-03-21,0.0028131865650373733
2019-03-22,0.004237647013076273
2019-03-23,0.005186062096777189
2019-03-24,0.005658434791566247
2019-03-25,0.009407702453502198
2019-03-26,0.01643386647746481
2019-03-27,0.026736926671029115
2019-03-28,0.04031688354598861
2019-03-29,0.05717373581663443
2019-03-30,0.07730748511788055
2019-03-31,0.10071813021977438
2019-04-01,0.11289545539363655
2019-04-02,0.11294079941765234
2019-04-03,0.1008541631333435
2019-04-04,0.07663554555364183
2019-04-05,0.04028494789267145
2019-04-06,-0.008197631048473486
2019-04-07,-0.06881219125581173
2019-04-08,-0.08545702501795827
2019-04-09,-0.05813213400985506
2019-04-10,0.013162482754094151
2019-04-11,0.12842682454075138
2019-04-12,0.2876608916373262
2019-04-13,0.490864683866582
2019-04-14,0.7380382026607067
2019-04-15,0.8122721243103471
2019-04-16,0.7135664483815591
2019-04-17,0.4419211761816937
2019-04-18,-0.0026636939841115925
2019-04-19,-0.6201881608196773
2019-04-20,-1.410652223602297
2019-04-21,19.604180315689767
2019-04-22,-3.0642183967067322
2019-04-23,-3.4811397571233478
2019-04-24,-3.6248199694661567
2019-04-25,-3.4952590306753906
2019-04-26,-3.0924569431166256
2019-04-27,-2.416413706705078
2019-04-28,-1.467129318839449
2019-04-29,-0.6907845293464601
2019-04-30,-0.08737933859811853
2019-05-01,0.34308625598026277
2019-05-02,0.601791322782857
2019-05-03,0.6887358636165585
2019-05-04,0.6039198769727905
2019-05-05,0.3473433624278597
2019-05-06,0.1359156445901295
2019-05-07,-0.030363276526652605
2019-05-08,-0.15149340057994976
2019-05-09,-0.22747472997069917
2019-05-10,-0.2583072635164536
2019-05-11,-0.2439909995857017
2019-05-12,-0.18452593864706013
2019-05-13,-0.1360137901851719
2019-05-14,-0.09845455268836867
2019-05-15,-0.07184822605480323
2019-05-16,-0.056194809714398275
2019-05-17,-0.051494304377856626
2019-05-18,-0.05774671074152149
2019-05-19,-0.07495202815603252
2019-05-20,-0.08860003795040461
2019-05-21,-0.09869074081201479
2019-05-22,-0.1052241372881626
2019-05-23,-0.10820022737018431
2019-05-24,-0.10761901069426916
2019-05-25,-0.10348048568732482
2019-05-26,-0.0957846553448356
2019-05-27,-0.08828445813507946
2019-05-28,-0.08097989659721305
2019-05-29,-0.07387096832866158
2019-05-30,-0.06695767387475593
2019-05-31,-0.0602400143304167
2019-06-01,-0.05371798807970052
2019-06-02,-0.04825419966268241
2019-06-03,-0.04287798407731036
2019-06-04,-0.037589339699673374
2019-06-05,-0.032388268382440355
2019-06-06,-0.027274769257416676
2019-06-07,-0.022248843387350226
2019-06-08,-0.01731048969797322
2019-06-09,-0.012459708343822484
2019-06-10,-0.007947552003842784
2019-06-11,-0.003774023088116696
2019-06-12,6.087985697522669e-5
2019-06-13,0.0035571575000863387
2019-06-14,0.006714809010124112
2019-06-15,0.009533834592000634
2019-06-16,0.012014233126048213
2019-06-17,0.01422093844030381
2019-06-18,0.016153952030022234
2019-06-19,0.017813271765686922
2019-06-20,0.01919889877774561
2019-06-21,0.020310832439667026
2019-06-22,0.021149073089327786
2019-06-23,0.021713620911882447
2019-06-24,0.0219876799949128
2019-06-25,0.021971252410611042
2019-06-26,0.021664335891681263
2019-06-27,0.021066931473867845
2019-06-28,0.020179039475784144
2019-06-29,0.01900065857360267
2019-06-30,0.017531792031347138
2019-07-01,0.015776780023646575
2019-07-02,0.014088232277974289
2019-07-03,0.01246614712631744
2019-07-04,0.010910526597848413
2019-07-05,0.009421369798384482
2019-07-06,0.007998676087028755
2019-07-07,0.006642444547547255
2019-07-08,0.005351553223382544
2019-07-09,0.004125999558760807
2019-07-10,0.002965784905643032
2019-07-11,0.0018709080610708195
2019-07-12,8.413679878016556e-4
2019-07-13,-1.2283180121186454e-4
2019-07-14,-0.0010216933155353658
2019-07-15,-0.0018549224073551862
2019-07-16,-0.0026225185369721515
2019-07-17,-0.0033244821441897887
2019-07-18,-0.003960812493193133
2019-07-19,-0.004531508314750798
2019-07-20,-0.005036572462798317
2019-07-21,-0.005476003181449807
2019-07-22,-0.005849891982830702
2019-07-23,-0.006158236265984662
2019-07-24,-0.006401037925291897
2019-07-25,-0.006578294343562829
2019-07-26,-0.006690009233104588
2019-07-27,-0.006736180494937738
2019-07-28,-0.006716807095212607
2019-07-29,-0.006631815830711485
2019-07-30,-0.006481204806062957
2019-07-31,-0.006264974554530234
2019-08-01,-0.0059831254050248805
2019-08-02,-0.005690245291981144
2019-08-03,-0.005386336092701782
2019-08-04,-0.005071395418053681
2019-08-05,-0.004745649158400811
2019-08-06,-0.004409097037092691
2019-08-07,-0.004061739415556209
2019-08-08,-0.00370357496912721
2019-08-09,-0.003334605124829082
2019-08-10,-0.00295482854636564
2019-08-11,-0.0025642472945890393
2019-08-12,-0.0021620078450004243
2019-08-13,-0.0017481139011803482
2019-08-14,-0.0013225634669213893
2019-08-15,-8.853560820254458e-4
2019-08-16,-4.364916470804836e-4
2019-08-17,2.40271009845916e-5
2019-08-18,4.96204016285029e-4
2019-08-19,9.767517580587803e-4
2019-08-20,0.0014656726035995327
2019-08-21,0.0019629654475150637
2019-08-22,0.0024686318934470375
2019-08-23,0.002982668895236351
2019-08-24,0.0035050784001524615
2019-08-25,0.004035860660860591
2019-08-26,0.00458771347604614
2019-08-27,0.005160636749156788
2019-08-28,0.005754629903417907
2019-08-29,0.006369692445619801
2019-08-30,0.007005825356519058
2019-08-31,0.00766302964956922
2019-09-01,0.008341304076026956
2019-09-02,0.008850505602406189
2019-09-03,0.009190635728374419
2019-09-04,0.009361694161546419
2019-09-05,0.009363681339547902
2019-09-06,0.00919659697890074
2019-09-07,0.008860439693529454
2019-09-08,0.008355211352278458
2019-09-09,0.007870746667901551
2019-09-10,0.007407044736189139
2019-09-11,0.006964107113220486
2019-09-12,0.006541932561583641
2019-09-13,0.006140521430179735
2019-09-14,0.005759874162380552
2019-09-15,0.005399989669829575
2019-09-16,0.004326896843091621
2019-09-17,0.0025405946166785487
2019-09-18,4.108228699362115e-5
2019-09-19,-0.003171638180470504
2019-09-20,-0.007097566997160909
2019-09-21,-0.011736706174654943
2019-09-22,-0.01708905434644903
2019-09-23,-0.020316810299555677
2019-09-24,-0.021419975266471214
2019-09-25,-0.02039854663225049
2019-09-26,-0.01725252654030185
2019-09-27,-0.011981915327146764
2019-09-28,-0.004586711775232288
2019-09-29,0.00493308411071447
2019-09-30,0.00560551564341627
2019-10-01,-0.002569418795653977
2019-10-02,-0.018725225625300768
2019-10-03,-0.04286190419880742
2019-10-04,-0.0749794570972444
2019-10-05,-0.11507788207356673
2019-10-06,-0.16315718004096746
2019-10-07,-0.17679583101590213
2019-10-08,-0.15599383290931157
2019-10-09,-0.1007511885807606
2019-10-10,-0.011067895596645894
2019-10-11,0.11305604456791962
2019-10-12,0.2716206324181668
2019-10-13,0.4646258689625522
2019-10-14,0.5280549343571554
2019-10-15,0.4619078291527994
2019-10-16,0.2661845555276088
2019-10-17,-0.05911488925976527
2019-10-18,-0.5139905046838775
2019-10-19,-1.0984422904554236
2019-10-20,-1.812470246029183
2019-10-21,14.300234749639298
2019-10-22,-2.61711080443518
2019-10-23,-2.7077234065067106
2019-10-24,-2.590530891261163
2019-10-25,-2.265533257821864
2019-10-26,-1.7327305071363923
2019-10-27,-0.9921226373577743
2019-10-28,-0.3810909433493348
2019-10-29,0.10036457449898761
2019-10-30,0.45224391776368655
2019-10-31,0.6745470854853541
2019-11-01,0.767274078022466
2019-11-02,0.7260353016445331
2019-11-03,0.5508307559933159
2019-11-04,0.40567728458938346
2019-11-05,0.2905748891877977
2019-11-06,0.2055235689677608
2019-11-07,0.15052332264461343
2019-11-08,0.12557415041027165
2019-11-09,0.1306760555819939
2019-11-10,0.16582903362970436
2019-11-11,0.18861146752928093
2019-11-12,0.19902335649044334
2019-11-13,0.19706469924525227
2019-11-14,0.18273549721356885
2019-11-15,0.15603575027623617
2019-11-16,0.1169654577393604
2019-11-17,0.06552462024991668
2019-11-18,0.012685578705167844
2019-11-19,-0.04155166747695649
2019-11-20,-0.09718711895158383
2019-11-21,-0.15422077417418945
2019-11-22,-0.2126526321267026
2019-11-23,-0.2724826960661486
2019-11-24,-0.33371096431268354
2019-11-25,-0.399176725363825
2019-11-26,-0.46887997971166073
2019-11-27,-0.5428207263508484
2019-11-28,-0.6209989663923963
2019-11-29,-0.7034146995362822
2019-11-30,-0.7900679258573657
2019-12-01,-0.880958645383884
2019-12-02,-0.9577358056854027
2019-12-03,-1.0203994056267665
2019-12-04,-1.0689494467624514
2019-12-05,-1.1033859276704971
2019-12-06,-1.123708849491134
2019-12-07,-1.1299182113501807
2019-12-08,-1.1220140137393397
2019-12-09,-1.100208342366844
2019-12-10,-1.0645011967655853
2019-12-11,-1.0148925781458524
2019-12-12,-0.9513824842535935
2019-12-13,-0.87397091594048
2019-12-14,-0.7826578752277787
2019-12-15,-0.6774433595586591
2019-12-16,-0.5581922441028265
2019-12-17,-0.4249045272819054
2019-12-18,-0.27758021056453297
2019-12-19,-0.11621929377531548
2019-12-20,0.05917822385937144
2019-12-21,0.24861234112790376
2019-12-22,0.45208305951320793
2019-12-23,0.6692450664061582
2019-12-24,0.900098363287603
2019-12-25,1.144642947942062
2019-12-26,1.402878824028421
2019-12-27,1.6748059871755279
2019-12-28,1.9604244403917668
2019-12-29,2.259734183578623
2019-12-30,2.574024499356631
2019-12-31,2.903295387721413
2020-01-01,3.247546848725121
2020-01-02,3.5389921339411172
2020-01-03,3.7776312437396724
2020-01-04,3.963464176286505
2020-01-05,4.096490932468953
2020-01-06,4.171738530091505
2020-01-07,4.189206967167531
2020-01-08,4.148896246007208
2020-01-09,4.050806364539148
2020-01-10,3.894937322481931
2020-01-11,3.6812891232905933
2020-01-12,3.409861763919342
2020-01-13,3.099879517455305
2020-01-14,2.751342384590406
2020-01-15,2.3642503664955767
2020-01-16,1.9386034624950121
2020-01-17,1.4744016715947812
2020-01-18,0.9716449933037832
2020-01-19,0.43033343017732695
2020-01-20,-0.1849887745484441
2020-01-21,-0.8743216180763866
2020-01-22,-1.6376651025377242
2020-01-23,-2.47501922788516
2020-01-24,-3.386383993695407
2020-01-25,0.06051823507662446
2020-01-26,-5.4311454448927465
2020-01-27,-6.554125594663603
2020-01-28,-7.740699848824161
2020-01-29,-8.990868207400556
2020-01-30,-10.304630669865206
2020-01-31,-11.681987236245558
2020-02-01,-13.12293790833779
2020-02-02,-14.34916338318139
2020-02-03,-15.313702793304051
2020-02-04,-16.016556139900302
2020-02-05,-16.457723423534503
2020-02-06,-16.637204641755844
2020-02-07,-13.075112399261979
2020-02-08,-16.211108888147344
2020-02-09,-15.605531915545615
2020-02-10,-14.794847846969468
2020-02-11,-13.77905668177857
2020-02-12,-12.558158422242835
2020-02-13,-11.132153066463239
2020-02-14,-9.50104061244981
2020-02-15,-7.664821063370101
2020-02-16,-5.62349441811749
2020-02-17,-3.3770558373033284
2020-02-18,-0.9255053203440899
2020-02-19,1.7311571330790938
2020-02-20,4.592931521945955
2020-02-21,7.6598178458998145
2020-02-22,10.931816107849045
2020-02-23,14.40892630717562
2020-02-24,18.17354496049253
2020-02-25,22.225672065401938
2020-02-26,28.59829447531214
2020-02-27,31.192451642345482
2020-02-28,36.107104115133325
2020-02-29,41.309265042508066
2020-03-01,46.79893442553331
2020-03-02,53.15907385906138
2020-03-03,56.48854641965946
2020-03-04,62.226965564262606
2020-03-05,64.45852271843023
2020-03-06,69.11734165392123
2020-03-07,71.36821040975961
2020-03-08,73.40895260546016
2020-03-09,76.6139706171829
2020-03-10,80.7634820824429
2020-03-11,85.41792227845173
2020-03-12,89.91794412067073
2020-03-13,94.92289469393643
2020-03-14,104.82842123887745
2020-03-15,115.6784412419119
2020-03-16,128.00242006020704
2020-03-17,131.03102195730762
2020-03-18,137.07205920669458
2020-03-19,139.0924962236225
2020-03-20,138.6308095416664
2020-03-21,125.79679287082436
2020-03-22,123.66759422218206
2020-03-23,132.5690830615958
2020-03-24,130.5230231897802
2020-03-25,125.22179727556335
2020-03-26,121.28083491970031
2020-03-27,114.52427124489412
2020-03-28,104.07297680423841
2020-03-29,100.47650497169612
2020-03-30,103.6277705372272
2020-03-31,99.24091997009191
2020-04-01,93.0302946833036
2020-04-02,88.5570735286131
2020-04-03,81.37489025746116
2020-04-04,73.51250513505109
2020-04-05,69.4500970788039
2020-04-06,70.31809780412343
2020-04-07,66.30660611211748
2020-04-08,62.38467579100061
2020-04-09,59.962576996444994
2020-04-10,56.32966059619018
2020-04-11,52.05369769324733
2020-04-12,49.735446236500664
2020-04-13,48.94714000706016
2020-04-14,50.65948443920318
2020-04-15,48.29732386586298
2020-04-16,46.91565261612266
2020-04-17,44.837925747816435
2020-04-18,40.031156411713816
2020-04-19,38.85494449232918
2020-04-20,42.22002252878633
2020-04-21,40.305218431786294
2020-04-22,39.5180333732786
2020-04-23,37.7958944159203
2020-04-24,36.072876597152295
2020-04-25,33.359959288421706
2020-04-26,33.19197548114426
2020-04-27,36.14688898702349
2020-04-28,36.18068485477852
2020-04-29,35.85749063860357
2020-04-30,35.946544607712475
2020-05-01,31.282961255011767
2020-05-02,30.740702172718727
2020-05-03,31.24140543228425
2020-05-04,35.693038140103056
2020-05-05,35.34375393039041
2020-05-06,35.27108891249601
2020-05-07,34.52828829236427
2020-05-08,32.01644026223586
2020-05-09,29.933368442852434
2020-05-10,30.8981459798186
2020-05-11,34.70630269591068
2020-05-12,35.02078048564442
2020-05-13,34.552228481536865
2020-05-14,34.76586243048555
2020-05-15,32.23674052525797
2020-05-16,29.73045748536427
2020-05-17,29.601220535359424
2020-05-18,33.96171526595879
2020-05-19,33.17392155722591
2020-05-20,32.66759084073882
2020-05-21,28.264040514682755
2020-05-22,29.56184258050483
2020-05-23,27.14698586742235
2020-05-24,28.19902753454755
2020-05-25,33.91368401909807
2020-05-26,34.0893906869482
2020-05-27,33.25000115514615
2020-05-28,32.07317770633017
2020-05-29,29.661475697996522
2020-05-30,25.19071126835368
2020-05-31,24.28364984786684
2020-06-01,24.91027024757355
2020-06-02,30.054754406884044
2020-06-03,28.16866629011139
2020-06-04,27.248702609379812
2020-06-05,25.08999543512607
2020-06-06,22.198325973551203
2020-06-07,22.308585519005685
2020-06-08,25.31724533681846
2020-06-09,26.13268070827606
2020-06-10,25.176141162227495
2020-06-11,20.725998194833032
2020-06-12,21.079035970831036
2020-06-13,19.275479694793397
2020-06-14,19.949074165114766
2020-06-15,23.38769714999691
2020-06-16,23.37967919874295
2020-06-17,22.038312255149055
2020-06-18,22.09960495187048
2020-06-19,20.943075282313657
2020-06-20,17.275388577390896
2020-06-21,16.699586205639818
2020-06-22,20.536001537473986
2020-06-23,19.883448911279057
2020-06-24,19.778607457204178
2020-06-25,18.88446780585542
2020-06-26,17.43912751650283
2020-06-27,14.398620368984396
2020-06-28,13.37104013993149
2020-06-29,17.490184593256185
2020-06-30,18.38600877838167
2020-07-01,15.997931658863807
2020-07-02,15.624126004957546
2020-07-03,13.735394275010517
2020-07-04,11.89839022745146
2020-07-05,11.403630810445279
2020-07-06,14.141813627953331
2020-07-07,13.354631050107095
2020-07-08,13.712458267771986
2020-07-09,12.211603002089337
2020-07-10,10.5187481641841
2020-07-11,9.366501626215593
2020-07-12,9.395895278496653
2020-07-13,12.4480527774581
2020-07-14,12.369067987262122
2020-07-15,11.906220433796197
2020-07-16,11.652640720966035
2020-07-17,10.367122048003235
2020-07-18,8.928793864210192
2020-07-19,8.670438953682178
2020-07-20,11.87752999922626
2020-07-21,11.315564252551
2020-07-22,11.673232102928552
2020-07-23,10.716079535607633
2020-07-24,9.414811984920703
2020-07-25,6.505680865793007
2020-07-26,6.878843735844752
2020-07-27,10.741046632757113
2020-07-28,10.894417199801435
2020-07-29,15.983728341762339
2020-07-30,12.290897632045326
2020-07-31,8.684706920720702
2020-08-01,6.6176922033379535
2020-08-02,8.10658553442111
2020-08-03,10.504486565883607
2020-08-04,10.886599248884748
2020-08-05,10.026388435433615
2020-08-06,9.352439478213222
2020-08-07,7.875731747604779
2020-08-08,6.7134922504512575
2020-08-09,6.854741616297713
2020-08-10,9.90363001330499
2020-08-11,10.054240044181414
2020-08-12,9.834068872211509
2020-08-13,9.664366023795733
2020-08-14,8.629371658567221
2020-08-15,6.743174389937737
2020-08-16,7.316598259774716
2020-08-17,10.135926391651008
2020-08-18,10.384262018696338
2020-08-19,11.621797634153324
2020-08-20,10.97022961181024
2020-08-21,8.795861888900564
2020-08-22,7.296518083913644
2020-08-23,7.094914890686251
2020-08-24,12.063599368259823
2020-08-25,11.231768614428852
2020-08-26,11.577512622259121
2020-08-27,12.258332337644962
2020-08-28,10.673469809649156
2020-08-29,7.702054486637321
2020-08-30,8.36667688475174
2020-08-31,11.503469017958484
2020-09-01,12.356115156134912
2020-09-02,12.095677562792467
2020-09-03,11.837974385914487
2020-09-04,9.896598654383943
2020-09-05,8.24395618235284
2020-09-06,8.481922260351897
2020-09-07,10.680593479715885
2020-09-08,12.697091810166324
2020-09-09,12.11381127132804
2020-09-10,12.13591130868448
2020-09-11,10.657144285918278
2020-09-12,7.677510202322171
2020-09-13,8.178742597650592
2020-09-14,12.878742253584273
2020-09-15,13.159504629155997
2020-09-16,14.002763264122045
2020-09-17,14.056011314578416
2020-09-18,9.71819931053708
2020-09-19,7.6673297910736125
2020-09-20,7.917491367438391
2020-09-21,13.16209995897415
2020-09-22,13.364427700962887
2020-09-23,12.590448290955054
2020-09-24,12.928094167236987
2020-09-25,10.109924468831226
2020-09-26,6.425338798180356
2020-09-27,6.96596187550366
2020-09-28,14.292748353201222
2020-09-29,13.240715253198555
2020-09-30,11.744569389060546
2020-10-01,12.612171318067418
2020-10-02,9.086587366819447
2020-10-03,5.166165887990971
2020-10-04,6.152451934363402
2020-10-05,11.31336740165827
2020-10-06,9.84294616072931
2020-10-07,10.202809146118959
2020-10-08,9.261057701341398
2020-10-09,8.134918832493764
2020-10-10,4.498362540823675
2020-10-11,5.8056739383297975
2020-10-12,9.5527755653147
2020-10-13,9.695652465328777
2020-10-14,9.316893152074954
2020-10-15,9.044849762924738
2020-10-16,9.128890747979703
2020-10-17,5.7143716034305445
2020-10-18,6.383783818894772
2020-10-19,10.512531217034901
2020-10-20,10.091237337373405
2020-10-21,9.662070993276405
2020-10-22,9.756172894342384
2020-10-23,8.853381703789509
2020-10-24,6.569078285617279
2020-10-25,5.797063742114858
2020-10-26,7.475350442336168
2020-10-27,11.017852087347975
2020-10-28,12.303649391634064
2020-10-29,13.205119014838036
2020-10-30,12.872717595320779
2020-10-31,10.130045953419195
2020-11-01,14.985654726505846
2020-11-02,19.97058535028579
2020-11-03,13.980193098932727
2020-11-04,11.938545667676912
2020-11-05,11.7844789835991
2020-11-06,10.477670371353453
2020-11-07,8.842303688937427
2020-11-08,8.600007438833607
2020-11-09,15.077603587393739
2020-11-10,13.56798907741576
2020-11-11,14.236098150814723
2020-11-12,12.283349237458236
2020-11-13,13.528339487942587
2020-11-14,15.457660348675425
2020-11-15,13.074080808084357
2020-11-16,25.783985586788646
2020-11-17,18.489822107721054
2020-11-18,15.756495906829628
2020-11-19,14.522551392481569
2020-11-20,11.59691772868214
2020-11-21,6.265302241555682
2020-11-22,7.5570969699917825
2020-11-23,14.749266648352323
2020-11-24,13.537642549591244
2020-11-25,13.40949663380416
2020-11-26,13.485699453155181
2020-11-27,11.29369943753633
2020-11-28,7.768980482242387
2020-11-29,6.829585850150757
2020-11-30,13.703735688112165
2020-12-01,11.687970482081806
2020-12-02,11.410040783399822
2020-12-03,10.553778623816292
2020-12-04,9.119184003354324
2020-12-05,4.835172514370713
2020-12-06,5.540648402943291
2020-12-07,8.511305197914503
2020-12-08,5.358782752493159
2020-12-09,10.002630659640648
2020-12-10,9.182646411773703
2020-12-11,7.312792444731694
2020-12-12,4.77768789371893
2020-12-13,4.145686898047982
2020-12-14,7.153035078632739
2020-12-15,8.617940593153554
2020-12-16,7.08645858540367
2020-12-17,8.06160127264274
2020-12-18,6.9673871691889735
2020-12-19,5.184500344256169
2020-12-20,3.6653310325989477
2020-12-21,10.332365818308896
2020-12-22,9.6909481786037
2020-12-23,10.092807870456172
2020-12-24,4.248496554751945
2020-12-25,4.64897847040371
2020-12-26,4.3344788227230495
2020-12-27,5.319669260817557
2020-12-28,10.885149943547187
2020-12-29,8.60194652645446
2020-12-30,8.179931053542617
2020-12-31,5.730646352247003
2021-01-01,5.514488977448004
2021-01-02,5.817437503752041
2021-01-03,5.751909313168224
2021-01-04,13.110744241062559
2021-01-05,12.124557810153298
2021-01-06,5.925248681624304
2021-01-07,10.06241896674302
2021-01-08,8.107337105001324
2021-01-09,6.104018052361922
2021-01-10,6.305231019464312
2021-01-11,12.167031140145326
2021-01-12,13.139865041815387
2021-01-13,11.52299435579196
2021-01-14,11.796598000740783
2021-01-15,8.854962643670557
2021-01-16,5.572165324292511
2021-01-17,8.55294779600721
2021-01-18,14.921964473751544
2021-01-19,15.307470022215163
2021-01-20,10.954897826811626
2021-01-21,11.31488945493118
2021-01-22,8.621801448399358
2021-01-23,4.340849555314786
2021-01-24,4.6259399092313185
2021-01-25,11.814192736035215
2021-01-26,12.865187890704544
2021-01-27,12.056228267007384
2021-01-28,12.97709244111002
2021-01-29,10.138856809947841
2021-01-30,5.2997802670272725
2021-01-31,4.410892925185094
2021-02-01,11.43241615758441
2021-02-02,11.383909163900737
2021-02-03,8.590576118804673
2021-02-04,12.00854827608673
2021-02-05,9.714632495567244
2021-02-06,5.023879404672612
2021-02-07,5.079215768312589
2021-02-08,10.766030376361767
2021-02-09,10.692270801829373
2021-02-10,10.114398534995786
2021-02-11,9.260649103736563
2021-02-12,8.121160480415613
2021-02-13,4.49951790571706
2021-02-14,1.3881427716041825
2021-02-15,7.948235929416279
2021-02-16,11.139377236251368
2021-02-17,14.931737821075806
2021-02-18,11.982332612892916
2021-02-19,7.749090270719928
2021-02-20,3.8437481135420044
2021-02-21,4.002606296335548
2021-02-22,9.080034393474863
2021-02-23,9.84517319935582
2021-02-24,9.118563025803226
2021-02-25,10.343460879999444
2021-02-26,8.698743407932383
2021-02-27,4.7592260209074535
2021-02-28,3.8053208498823867
2021-03-01,11.293155973077567
2021-03-02,12.507776586908495
2021-03-03,9.36100746749375
2021-03-04,10.68077348947627
2021-03-05,8.040675247418209
2021-03-06,3.968209904796457
2021-03-07,4.434131628103554
2021-03-08,8.684082117741257
2021-03-09,9.758286575988164
2021-03-10,12.730054525535893
2021-03-11,9.687220935365898
2021-03-12,8.450374851756726
2021-03-13,4.468894293053369
2021-03-14,5.5647771683279235
2021-03-15,12.062401747675576
2021-03-16,11.462350622253059
2021-03-17,9.045035924316768
2021-03-18,11.257406939881097
2021-03-19,7.256867143827065
2021-03-20,2.39145401157025
2021-03-21,5.086158086441351
2021-03-22,12.454870897289258
2021-03-23,11.237389936508524
2021-03-24,12.862398029967917
2021-03-25,9.271208568525267
2021-03-26,7.863161075137545
2021-03-27,3.3634788587090405
2021-03-28,2.354361892089994
2021-03-29,14.491207328003753
2021-03-30,12.30685536406504
2021-03-31,12.879522613725847
2021-04-01,10.959791894184953
2021-04-02,6.472036811554827
2021-04-03,2.6580472067238015
2021-04-04,-0.20744896985108596
2021-04-05,4.653838784030919
2021-04-06,18.578919836763802
2021-04-07,17.281843187864542
2021-04-08,13.400094652367974
2021-04-09,7.977640449966331
2021-04-10,-0.3591591836103811
2021-04-11,2.4008213311699347
2021-04-12,11.36379211033978
2021-04-13,10.899845950171926
2021-04-14,9.307175876416217
2021-04-15,11.161763375043218
2021-04-16,9.338996878508315
2021-04-17,2.1637403071138737
2021-04-18,2.21853388406851
2021-04-19,10.282767513682927
2021-04-20,10.458850346244882
2021-04-21,11.373240088438836
2021-04-22,7.274964935507724
2021-04-23,6.204396296842482
2021-04-24,2.9050726811460805
2021-04-25,2.743346760659903
2021-04-26,7.47824131678321
2021-04-27,14.56112626679526
2021-04-28,11.162910657435727
2021-04-29,9.446294049720063
2021-04-30,5.566493969167256
2021-05-01,-2.010739534131587
2021-05-02,2.624723204676547
2021-05-03,8.171432193763337
2021-05-04,7.48646066909533
2021-05-05,8.280506497052523
2021-05-06,7.2568342471330665
2021-05-07,6.118757224273997
2021-05-08,1.3314424413870034
2021-05-09,3.499388863936114
2021-05-10,8.84656469393388
2021-05-11,9.900369622028855
2021-05-12,9.11363116284468
2021-05-13,-0.0845797614099153
2021-05-14,3.9317577241577393
2021-05-15,-0.28304301016476874
2021-05-16,1.9231755017123313
2021-05-17,7.325671990627916
2021-05-18,8.232063788571823
2021-05-19,8.43359663854968
2021-05-20,7.7104881773627945
2021-05-21,3.3887196691331054
2021-05-22,-1.4364406228447741
2021-05-23,1.2021179254941936
2021-05-24,2.299035569266997
2021-05-25,8.869032694725828
2021-05-26,5.051148844484536
2021-05-27,7.829206928934025
2021-05-28,8.899378475622846
2021-05-29,1.0144809834014339
2021-05-30,2.5319771246538334
2021-05-31,7.462425013332108
2021-06-01,10.695884732513594
2021-06-02,7.919586933759913
2021-06-03,1.6060831888648281
2021-06-04,3.7518274244274847
2021-06-05,2.2321593360022094
2021-06-06,-1.5426509193836377
2021-06-07,13.252576344158653
2021-06-08,9.401361162715014
2021-06-09,7.526615169533127
2021-06-10,7.133828050348681
2021-06-11,2.3776342936461896
2021-06-12,-1.2572690811608238
2021-06-13,1.8547010783884565
2021-06-14,7.02023763999184
2021-06-15,6.251097061682129
2021-06-16,6.1844249040647945
2021-06-17,7.149894710719959
2021-06-18,5.26468475270005
2021-06-19,2.506836288334936
2021-06-20,-0.22620603929992367
2021-06-21,7.777781862602166
2021-06-22,7.745723239098016
2021-06-23,7.333370365796517
2021-06-24,4.782464347685737
2021-06-25,4.488652425272928
2021-06-26,-0.3796338230867846
2021-06-27,-0.5182744026687987
2021-06-28,7.967184641454425
2021-06-29,4.9384799595139075
2021-06-30,6.760944354593557
2021-07-01,7.979466891075189
2021-07-02,4.662533311620988
2021-07-03,-0.9370871741145361
2021-07-04,-0.9255447319945524
2021-07-05,5.343876133994131
2021-07-06,5.764830316054075
2021-07-07,6.033344030111037
2021-07-08,5.673222158252949
2021-07-09,3.109357772618347
2021-07-10,-0.5959677095782281
2021-07-11,-0.49765114404567523
2021-07-12,5.373051344851959
2021-07-13,4.568850217915623
2021-07-14,6.002202025915253
2021-07-15,3.9672185259569357
2021-07-16,2.767970972705628
2021-07-17,-0.8190152767088081
2021-07-18,-1.0244532193449625
2021-07-19,3.3385289591954743
2021-07-20,6.812002602739273
2021-07-21,3.7365718885933856
2021-07-22,4.167279880318151
2021-07-23,3.0125018570775834
2021-07-24,-0.9365651713986658
2021-07-25,-0.7018312133453954
2021-07-26,3.855537961026829
2021-07-27,6.125165152884593
2021-07-28,4.885567623890108
2021-07-29,4.309792526210059
2021-07-30,-0.3697467612743033
2021-07-31,-0.4716469391151725
2021-08-01,-0.6296528061959221
2021-08-02,5.747260409482582
2021-08-03,3.2010665813064922
2021-08-04,3.5450676660226574
2021-08-05,3.4825282336753025
2021-08-06,-0.6495910808193521
2021-08-07,-0.49956052277571583
2021-08-08,-0.29819056124585197
2021-08-09,4.805613656124693
2021-08-10,3.5944984994250655
2021-08-11,2.704200667465132
2021-08-12,3.047662278638809
2021-08-13,0.06862590608493946
2021-08-14,0.013982530834077966
2021-08-15,-0.08332973296367197
2021-08-16,3.5819893282461983
2021-08-17,3.683860980211851
2021-08-18,2.310217662933569
2021-08-19,3.0874683495835655
2021-08-20,2.0229001307751573
2021-08-21,-0.4988678611210027
2021-08-22,-0.5400683065624889
2021-08-23,4.864631774679358
2021-08-24,3.33415932467995
2021-08-25,3.803512673455396
2021-08-26,2.384234647432775
2021-08-27,1.5094287043556158
2021-08-28,-0.6552425627610088
2021-08-29,-0.6524335361975089
2021-08-30,3.1314002830060534
2021-08-31,2.5826266976501393
2021-09-01,4.514498931438981
2021-09-02,3.261472862507532
2021-09-03,2.559848644287584
2021-09-04,0.2667482497035807
2021-09-05,0.5580365548640556
2021-09-06,3.3405881395066053
2021-09-07,4.346962143147061
2021-09-08,4.108299272471196
2021-09-09,1.1776989778572784
2021-09-10,1.1962418858888046
2021-09-11,1.1602357122927374
2021-09-12,1.0696804605510373
2021-09-13,0.9893640378498878
2021-09-14,3.538359591739688
2021-09-15,4.430911062868297
2021-09-16,2.9160953817719646
2021-09-17,0.7704866406603532
2021-09-18,0.7413643643137116
2021-09-19,0.7224809186215913
2021-09-20,3.71281944389367
2021-09-21,2.972387507166472
2021-09-22,0.5891175456776139
2021-09-23,2.570394121883405
2021-09-24,0.4362811015381882
2021-09-25,0.3406846211832726
2021-09-26,0.23230263347819635
2021-09-27,3.0367841621629266
2021-09-28,-0.020258941466792635
2021-09-29,2.7659929651025923
2021-09-30,1.6941210017742276
2021-10-01,-0.48859530514445115
2021-10-02,-0.6497709753995331
2021-10-03,-0.8040776598755897
2021-10-04,0.830526260597426
2021-10-05,1.9463259852168264
2021-10-06,-0.973196278438845
2021-10-07,0.8266235559619377
2021-10-08,1.191879355329296
2021-10-09,-0.7016127427743313
2021-10-10,-0.5131510869343838
2021-10-11,1.329766194544743
2021-10-12,1.428965655264471
2021-10-13,1.363780809021129
2021-10-14,-0.2901471138690308
2021-10-15,-0.36710678679098474
2021-10-16,-0.4971507223081124
2021-10-17,-0.6802789243833407
2021-10-18,1.3432267573629255
2021-10-19,2.7161956178638187
2021-10-20,1.478901595322199
2021-10-21,2.265089488561294
2021-10-22,-0.09012620802481042
2021-10-23,0.32906308066218415
2021-10-24,0.8486386185682888
2021-10-25,1.3139780944141535
2021-10-26,1.725081508734221
2021-10-27,2.081948861046532
2021-10-28,3.8864262923779083
2021-10-29,4.354603883479988
2021-10-30,2.827134548086418
2021-10-31,2.967057654684549
2021-11-01,3.1395155902016167
2021-11-02,5.3125787579656905
2021-11-03,5.493534248747204
2021-11-04,5.642108124016177
2021-11-05,3.8718351085765046
2021-11-06,4.065536931321017
2021-11-07,4.263487531814411
2021-11-08,4.408900865900794
2021-11-09,7.426572978890057
2021-11-10,7.466911777536558
2021-11-11,7.251837282321099
2021-11-12,4.465181523773193
2021-11-13,6.106167416311562
2021-11-14,5.716574783590193
2021-11-15,7.5643282416930955
2021-11-16,6.374651103768636
2021-11-17,5.22449643866733
2021-11-18,9.16885857041964
2021-11-19,14.25165498543808
2021-11-20,4.428773254213673
2021-11-21,8.052138077594618
2021-11-22,18.865300154234877
2021-11-23,11.694725867341777
2021-11-24,10.462880001810564
2021-11-25,5.989622362869099
2021-11-26,8.266597252843395
2021-11-27,3.8701742539392283
2021-11-28,1.669135218059373
2021-11-29,13.846416910841082
2021-11-30,10.110092632341553
2021-12-01,9.80101023757048
2021-12-02,9.511777109444543
2021-12-03,6.110494592345967
2021-12-04,4.359113859206021
2021-12-05,3.781439793251038
2021-12-06,11.883939066548539
2021-12-07,7.860548073917376
2021-12-08,3.7626663323309497
2021-12-09,9.386106425136585
2021-12-10,7.113057859240931
2021-12-11,3.6046168379644783
2021-12-12,2.5604531214784045
2021-12-13,8.530039747082231
2021-12-14,7.557196729118184
2021-12-15,7.059578783798981
2021-12-16,7.62327221222565
2021-12-17,6.07974795988577
2021-12-18,0.9821054759840431
2021-12-19,4.381744280005643
2021-12-20,7.470375088191853
2021-12-21,7.885337507050979
2021-12-22,8.447171851162821
2021-12-23,5.740798339701611
2021-12-24,1.6597265549240592
2021-12-25,1.5815800588773965
2021-12-26,3.7311936197218056
2021-12-27,6.917443070841173
2021-12-28,7.108167389346168
2021-12-29,5.830572215007132
2021-12-30,6.1066650285377175
2021-12-31,1.2880293778605534
2022-01-01,1.3564475371169626
2022-01-02,3.506327330520749
2022-01-03,6.419435639420713
2022-01-04,5.901592387603587
2022-01-05,5.267848201829953
2022-01-06,3.474236862228909
2022-01-07,5.281300685649708
2022-01-08,1.1510487043181477
2022-01-09,3.08134370784017
2022-01-10,5.337704238941709
2022-01-11,6.990281845985532
2022-01-12,5.473540108936525
2022-01-13,4.274410734405948
2022-01-14,3.9930686319209006
2022-01-15,0.5635401061706595
2022-01-16,2.7954348334190953
2022-01-17,6.531074310701738
2022-01-18,5.836334765427662
2022-01-19,3.641647692343223
2022-01-20,5.075268200057744
2022-01-21,3.7635077954452867
2022-01-22,0.7137023019569124
2022-01-23,0.6694877002290309
2022-01-24,4.703803853485704
2022-01-25,4.718516040759857
2022-01-26,5.954588276364048
2022-01-27,5.7309575185710795
2022-01-28,5.018329198521826
2022-01-29,0.1353487528186701
2022-01-30,1.979558296403975
2022-01-31,4.457168253892821
2022-02-01,5.168887837692323
2022-02-02,3.51131600390858
2022-02-03,5.308685343677606
2022-02-04,2.8502979912236484
2022-02-05,2.1801688994135375
2022-02-06,0.4044969721251057
2022-02-07,3.645495656050885
2022-02-08,4.6334406705485005
2022-02-09,4.805370536554406
2022-02-10,3.7048141936409396
2022-02-11,3.442245861459911
2022-02-12,0.813914956790359
2022-02-13,0.7480182882958055
2022-02-14,4.463480847078591
2022-02-15,4.799060673149407
2022-02-16,4.062472566697252
2022-02-17,2.7665420377192724
2022-02-18,3.420451056046057
2022-02-19,0.14502143404749024
2022-02-20,0.009919151583674068
2022-02-21,3.224004731110478
2022-02-22,3.498121350213548
2022-02-23,4.348786800152447
2022-02-24,3.4767394509042577
2022-02-25,2.6402381939588553
2022-02-26,2.4366402241661396
2022-02-27,0.05949383643138839
2022-02-28,3.4318744333340048
2022-03-01,4.6416169819611515
2022-03-02,5.593350387408895
2022-03-03,4.9500652794144395
2022-03-04,2.8216528416702706
2022-03-05,0.3253400780082658
2022-03-06,0.2999824997337259
2022-03-07,4.4563788719650645
2022-03-08,3.8510776923120815
2022-03-09,3.9279190059236377
2022-03-10,2.491896914870341
2022-03-11,3.5765813071565873
2022-03-12,0.2715075303947132
2022-03-13,1.9540563639313737
2022-03-14,4.532585180610303
2022-03-15,0.25976572374885887
2022-03-16,4.465417739848416
2022-03-17,4.98825053240489
2022-03-18,2.6707631554280162
2022-03-19,-0.03280801474548989
2022-03-20,2.225574497676174
2022-03-21,3.85217697870266
2022-03-22,4.242597931975661
2022-03-23,3.8603527246942058
2022-03-24,3.6226100606651865
2022-03-25,1.9162237556408626
2022-03-26,-0.6966705347986775
2022-03-27,0.9854430917800356
2022-03-28,3.530765436534164
2022-03-29,4.338538547614813
2022-03-30,5.2036517137375276
2022-03-31,3.8733357245805555
2022-04-01,4.0838907373642535
2022-04-02,0.10077270178604714
2022-04-03,0.4405481452189317
2022-04-04,3.5058120329700735
2022-04-05,3.966842086131545
2022-04-06,4.2961898789097335
2022-04-07,2.7088281502545337
2022-04-08,2.192951702781705
2022-04-09,2.7232010373684603
2022-04-10,1.128229378486215
2022-04-11,16.46889324789028
2022-04-12,6.7611260594313025
2022-04-13,2.1700569951524002
2022-04-14,0.49786243865486135
2022-04-15,-0.8012699729014248
2022-04-16,-0.994732363505769
2022-04-17,0.5218767596527654
2022-04-18,-0.7956768110136436
2022-04-19,5.693736284348497
2022-04-20,5.04491542937878
2022-04-21,4.7854065225249744
2022-04-22,4.789820910109564
2022-04-23,2.095323286015694
2022-04-24,-0.8001752719488922
2022-04-25,5.233112749049337
2022-04-26,3.277580920267063
2022-04-27,4.670336080426482
2022-04-28,4.722687841731048
2022-04-29,3.471266597026006
2022-04-30,-1.9594135564479775
2022-05-01,-1.7157767230236138
2022-05-02,2.67038542966186
2022-05-03,3.9279397601847235
2022-05-04,4.0349275243042495
2022-05-05,5.463900295377608
2022-05-06,1.383289655191155
2022-05-07,1.6156765509308713
2022-05-08,-0.9438265279433513
2022-05-09,2.907508976085634
2022-05-10,4.262861955859374
2022-05-11,4.1661986321560835
2022-05-12,4.155995538313647
2022-05-13,2.6571457453267135
2022-05-14,-1.3743169640300752
2022-05-15,-1.5280736991632908
2022-05-16,1.9829134605097924
2022-05-17,3.2794663330854457
2022-05-18,3.313975152460325
2022-05-19,6.335565582948964
2022-05-20,1.8679450385531493
2022-05-21,-1.2609616088980333
2022-05-22,-1.0181675101985062
2022-05-23,-0.8328692367632482
2022-05-24,5.668621708252214
2022-05-25,5.8305043132135435
2022-05-26,-0.621949372335775
2022-05-27,3.600806459653194
2022-05-28,-0.7688152590847994
2022-05-29,-0.9284919406719689
2022-05-30,5.023224049717006
2022-05-31,-1.1556033334706135
2022-06-01,6.267877459549274
2022-06-02,-1.2566549868170647
2022-06-03,2.7362587525879194
2022-06-04,-1.2224355568241365
2022-06-05,3.1128416767921947
2022-06-06,-1.1046306529732781
2022-06-07,-1.0725299595619717
2022-06-08,4.639137971597056
2022-06-09,3.993062236789874
2022-06-10,-1.083434912175735
2022-06-11,-1.122805573227864
2022-06-12,-1.180044074973406
2022-06-13,-1.2462202148271277
2022-06-14,8.092677177836496
2022-06-15,5.151455052214951
2022-06-16,-1.498374472714911
2022-06-17,-1.6003011712628565
2022-06-18,-1.711165509187024
2022-06-19,-1.8309674869224848
2022-06-20,2.7705247128081965
2022-06-21,-2.1925424393892543
2022-06-22,3.1785879825885237
2022-06-23,3.504786086484958
2022-06-24,3.3888017221800473
2022-06-25,-3.4035763408423834
2022-06-26,-3.8079773152809318
2022-06-27,3.8979773915105587
2022-06-28,6.673867633736345
2022-06-29,1.7357834927087936
2022-06-30,-3.8099786586696633
2022-07-01,3.7363484084122094
2022-07-02,-2.8434583754112444
2022-07-03,-2.1206187132840206
2022-07-04,-1.4831809136254253
2022-07-05,3.995642971235979
2022-07-06,5.351268522992571
2022-07-07,-0.08327869113899133
2022-07-08,0.21255165966827616
2022-07-09,0.42298014764031655
2022-07-10,0.5480067736871519
2022-07-11,0.5526578851715069
2022-07-12,0.4369334829526077
2022-07-13,0.20083356632460414
2022-07-14,7.298643247914501
2022-07-15,-0.632492809014187
2022-07-16,-1.2297192674541282
2022-07-17,-1.9473212413073653
2022-07-18,10.28690419307931
2022-07-19,5.326143045085815
2022-07-20,-2.6536423345497724
2022-07-21,-2.4069210912819945
2022-07-22,-1.9191190442420654
2022-07-23,-1.1902361923997282
2022-07-24,-0.2202725359651745
2022-07-25,0.579980079733663
2022-07-26,1.210521657670848
2022-07-27,1.671352194389487
2022-07-28,1.9624716917904734
2022-07-29,2.083880151028815
2022-07-30,2.035577570857696
2022-07-31,1.8175639499225258
2022-08-01,1.5952567888620566
2022-08-02,1.3661462974280336
2022-08-03,1.1302324769179544
2022-08-04,0.8875153256090611
2022-08-05,0.637994842413907
2022-08-06,0.3816710295531833
2022-08-07,0.11854388672980098
2022-08-08,-0.05979024329047
2022-08-09,-0.15333135939090203
2022-08-10,8.26291107992992
2022-08-11,-0.08603455588249753
2022-08-12,0.07480336681660082
2022-08-13,0.32043430190854005
2022-08-14,0.650858249291745
2022-08-15,0.9261537637571997
2022-08-16,1.1463208455641127
2022-08-17,1.3113594940041577
2022-08-18,1.4212697112662283
2022-08-19,1.4760514950811792
2022-08-20,1.475704845774626
2022-08-21,1.4202297644154604
2022-08-22,1.3438670898004081
2022-08-23,1.2466168226662422
2022-08-24,1.128478963461541
2022-08-25,0.9894535114893157
2022-08-26,0.8295404666074455
2022-08-27,0.6487398296894185
2022-08-28,0.4470515994020934
2022-08-29,0.23845586015236764
2022-08-30,0.02295261018621364
2022-08-31,-0.19945814847622945
2022-09-01,-0.4287764172888826
2022-09-02,9.596321857810992
2022-09-03,-0.8936940024751105
2022-09-04,-1.1292933196040538
2022-09-05,11.962610334533338
2022-09-06,-1.229527206695402
2022-09-07,-1.0941617775251948
2022-09-08,-0.8351414327303659
2022-09-09,-0.45246617193142136
2022-09-10,0.05386400336237318
2022-09-11,0.6838490947637865
2022-09-12,1.0626891496981608
2022-09-13,1.1903841674163067
2022-09-14,1.0669341492475144
2022-09-15,0.6923390939584118
2022-09-16,0.06659900181403144
2022-09-17,-0.8102861270716728
2022-09-18,-1.938316291862652
2022-09-19,-2.787880734779367
2022-09-20,9.371491204027498
2022-09-21,9.518422929820552
2022-09-22,-3.6657797309026554
2022-09-23,-3.4014812860777996
2022-09-24,-2.8587171174800092
2022-09-25,-2.037487227666443
2022-09-26,10.951672441579902
2022-09-27,-0.9245661063160149
2022-09-28,-0.632874876244403
2022-09-29,-0.5176965315277156
2022-09-30,-0.5790310737669384
2022-10-01,-0.8168785025581555
2022-10-02,-1.2363804616716338
2022-10-03,-1.486476198007035
2022-10-04,13.54709825864831
2022-10-05,-1.4784490045233727
2022-10-06,-1.2203260750546212
2022-10-07,-0.7927969219478226
2022-10-08,-0.19586154651766874
2022-10-09,0.5704800517785746
2022-10-10,1.1239731947349443
2022-10-11,1.464617882990918
2022-10-12,1.5924141171001935
2022-10-13,1.5073618967523106
2022-10-14,1.2094612209084366
2022-10-15,0.6987120912131233
2022-10-16,-0.024885492829691547
2022-10-17,-0.6240297366783722
2022-10-18,-1.0987206401028438
2022-10-19,15.305220315181714
2022-10-20,-1.6747424250050345
2022-10-21,-1.7760733066269103
2022-10-22,-1.7529508469116704
2022-10-23,-1.6053750477259126
2022-10-24,13.089576530372145
2022-10-25,-1.239949379258614
2022-10-26,-1.0220995111742792
2022-10-27,-0.7808249528308222
2022-10-28,-0.5161257043113618
2022-10-29,-0.2280017657885658
2022-10-30,0.0835468617938333
2022-10-31,0.3784850994981266
2022-11-01,0.6568129474061788
2022-11-02,0.9219770828046943
2022-11-03,1.173977505494278
2022-11-04,1.4128142150315561
2022-11-05,1.6384872117083216
2022-11-06,1.8509964954627307
2022-11-07,1.8376283735046208
2022-11-08,1.598382844818284
2022-11-09,1.133259908707681
2022-11-10,0.4422595673798937
2022-11-11,-0.4746181805626897
2022-11-12,-1.617373335132796
2022-11-13,-2.986005896884385
2022-11-14,-3.949186593463933
2022-11-15,-4.5069154258520605
2022-11-16,-4.6591923925902226
2022-11-17,10.520867923457052
2022-11-18,11.87406330449868
2022-11-19,-2.683312105949582
2022-11-20,-1.2137816140187694
2022-11-21,-0.09380062279876711
2022-11-22,0.6766308710946372
2022-11-23,1.0975128661477924
2022-11-24,1.1688453607813294
2022-11-25,0.8906283571346308
2022-11-26,0.26286185576307575
2022-11-27,-0.7144541461233418
2022-11-28,-1.4505451211632736
2022-11-29,12.377072851928315
2022-11-30,-2.199051994924158
2022-12-01,-2.2114678926278497
2022-12-02,-1.983761176973593
2022-12-03,-1.5159318475438732
2022-12-04,-0.807979904020586
2022-12-05,-0.22906691015582603
2022-12-06,0.22080713499433258
2022-12-07,0.5416422312299696
2022-12-08,0.7334383768100079
2022-12-09,0.7961955752229569
2022-12-10,0.729913824534421
2022-12-11,0.5345931248574125
2022-12-12,0.37497447138597484
2022-12-13,0.2510578644539081
2022-12-14,0.16284330553285797
2022-12-15,0.11033079345872143
2022-12-16,0.09352032826301349
2022-12-17,0.11241190941842638
2022-12-18,0.16700553699364562
2022-12-19,0.2026648084438485
2022-12-20,0.21938972420883363
2022-12-21,0.21718028152766222
2022-12-22,0.1960364822389602
2022-12-23,0.1559583266364546
2022-12-24,0.09694581302816507
2022-12-25,0.018998942678286168
2022-12-26,-0.017248114904842682
2022-12-27,-0.011795361554722827
2022-12-28,0.03535720500880424
2022-12-29,0.12420958318639186
2022-12-30,0.25476177350866624
2022-12-31,0.4270137759819599
2023-01-01,0.6409655918857904
2023-01-02,0.7016549439093486
2023-01-03,0.60908183519527
2023-01-04,0.36324626456001274
2023-01-05,-0.03585176910406496
2023-01-06,-0.588212263272557
2023-01-07,-1.29383522148063
2023-01-08,-2.1527206407584982
2023-01-09,-2.7677924307154007
2023-01-10,-3.139050591872505
2023-01-11,-3.2664951239559104
2023-01-12,16.373873798186125
2023-01-13,-2.789943299059498
2023-01-14,-2.1859469431221648
2023-01-15,-1.3381369574550488
2023-01-16,-0.6430441128249746
2023-01-17,-0.10066840655759912
2023-01-18,0.28899015841778253
2023-01-19,0.5259315840744928
2023-01-20,0.6101558686701484
2023-01-21,0.5416630141851888
2023-01-22,0.32045301961459116
2023-01-23,0.13921065210777228
2023-01-24,-0.002064090110677874
2023-01-25,-0.10337120421321688
2023-01-26,-0.1647106926206361
2023-01-27,-0.1860825525285883
2023-01-28,-0.16748678828804953
2023-01-29,-0.10892339536856666
2023-01-30,-0.060043414030346964
2023-01-31,-0.020846841955857398
2023-02-01,0.008666318940488749
2023-02-02,0.02794032677797076
2023-02-03,0.036975181659780754
2023-02-04,0.035770883934306275
2023-02-05,0.02432743265577164
2023-02-06,0.014770587747704012
2023-02-07,0.007100347808729479
2023-02-08,0.0013167141114531766
2023-02-09,-0.00258031323540564
2023-02-10,-0.004590735288732883
2023-02-11,-0.004714551857271099
2023-02-12,-0.002951761552607568
2023-02-13,3.299159584486677e-4
2023-02-14,0.005130482347208476
2023-02-15,0.011449936121669335
2023-02-16,0.0192882783170929
2023-02-17,0.028645508445713785
2023-02-18,0.03952162704346396
2023-02-19,0.05191663243595612
2023-02-20,0.05522160322490266
2023-02-21,0.049436537558428695
2023-02-22,0.0345614362724993
2023-02-23,0.010596298834573359
2023-02-24,-0.02245887281304859
2023-02-25,-0.064604081659831
2023-02-26,-0.11583932576624778
2023-02-27,-0.13203507563248018
2023-02-28,-0.11319133195702435
2023-03-01,-0.05930809435234585
2023-03-02,0.029797888634790715
2023-03-03,0.15412661647612813
2023-03-04,0.3136780910359869
2023-03-05,0.5084523110708346
2023-03-06,0.5670238904894119
2023-03-07,0.48939282905864945
2023-03-08,0.2755591279454773
2023-03-09,-0.07447721425445719
2023-03-10,-0.560716197520879
2023-03-11,-1.1831578211564697
2023-03-12,-1.9418020847509558
2023-03-13,-2.558871731569751
2023-03-14,-3.034366759186198
2023-03-15,-3.3682871711522706
2023-03-16,-3.5606329657852527
2023-03-17,-3.6114041419340572
2023-03-18,18.051883445917817
2023-03-19,-3.2882226430533037
2023-03-20,13.204484839136919
2023-03-21,-2.724271438143756
2023-03-22,-2.392698291928493
2023-03-23,-2.028060114280154
2023-03-24,-1.6303569088436105
2023-03-25,-1.1995886732951653
2023-03-26,-0.7357554075560897
2023-03-27,-0.3553833796546402
2023-03-28,-0.05847259033172003
2023-03-29,0.15497696108274472
2023-03-30,0.2849652749330749
2023-03-31,0.3314923521410602
2023-04-01,0.2945581907614696
2023-04-02,0.1741830515195406
2023-04-03,0.07545257338608735
2023-04-04,-0.0016332416768285452
2023-04-05,-0.05707439600259079
2023-04-06,-0.09087088834061219
2023-04-07,-0.10302272134080459
2023-04-08,-0.09352989153598168
2023-04-09,-0.06239240007396618
2023-04-10,-0.03678966255403959
2023-04-11,-0.01672167930842816
2023-04-12,-0.0021884475761124733
2023-04-13,0.006810028815543934
2023-04-14,0.01027375298268085
2023-04-15,0.008202723438758053
2023-04-16,5.969400576921746e-4
2023-04-17,-0.005514148643438022
2023-04-18,-0.010130541776880664
2023-04-19,-0.013252242069610842
2023-04-20,-0.014879246318731276
2023-04-21,-0.01501155664851761
2023-04-22,-0.013649172463046533
2023-04-23,-0.010792093043594297
2023-04-24,-0.008257376947409911
2023-04-25,-0.006045024763736029
2023-04-26,-0.004155033982774503
2023-04-27,-0.0025874068574283093
2023-04-28,-0.0013421432027336255
2023-04-29,-4.192419213215892e-4
2023-04-30,1.8129572163161356e-4
2023-05-01,9.253845935037752e-4
2023-05-02,0.0016466012491034299
2023-05-03,0.002344947645714912
2023-05-04,0.0030204225460708223
2023-05-05,0.0036730268756284268
2023-05-06,0.004302759173228088
2023-05-07,0.004909621560950539
2023-05-08,0.005388779653716647
2023-05-09,0.005740232295788683
2023-05-10,0.0059639815663745654
2023-05-11,0.006060026365164672
2023-05-12,0.006028366874717417
2023-05-13,0.0058690039728424015
2023-05-14,0.005581935067369814
2023-05-15,0.005133687159987188
2023-05-16,0.004524260336131514
2023-05-17,0.0037536518395888674
2023-05-18,0.002821865445113758
2023-05-19,0.0017288995297584098
2023-05-20,4.7475336149060965e-4
2023-05-21,-9.405714407244581e-4
2023-05-22,-0.0022741579270211254
2023-05-23,-0.0035260054647372474
2023-05-24,-0.004696112808204589
2023-05-25,-0.0057844812605249984
2023-05-26,-0.0067911107971883045
2023-05-27,-0.007716001002508577
2023-05-28,-0.00855915227504278
2023-05-29,-0.010289127543327004
2023-05-30,-0.012905928608037076
2023-05-31,-0.016409555678027044
2023-06-01,-0.02080000777991886
2023-06-02,-0.02592233955774681
2023-06-03,-0.03177655213897479
2023-06-04,-0.03836264539704959
2023-06-05,-0.04192821094481891
2023-06-06,-0.04247325009730574
2023-06-07,-0.03999776002561517
2023-06-08,-0.03450174290745811
2023-06-09,-0.02598519773764907
2023-06-10,-0.014448125912023935
2023-06-11,1.0947388356274956e-4
2023-06-12,0.0031774830173871838
2023-06-13,-0.0052440996179994315
2023-06-14,-0.025155273142408063
2023-06-15,-0.056556038158909416
2023-06-16,-0.09944639449079862
2023-06-17,-0.15382634128261352
2023-06-18,-0.21969587976987293
2023-06-19,-0.24095317997562127
2023-06-20,-0.21759824060931443
2023-06-21,-0.1496310632583171
2023-06-22,-0.0370516473671052
2023-06-23,0.1201400077305601
2023-06-24,0.3219439012671691
2023-06-25,0.5683600338902197
2023-06-26,0.6424784788589071
2023-06-27,0.5442992344636688
2023-06-28,0.2738223045864039
2023-06-29,-0.16895231289894141
2023-06-30,-0.7840246191255373
2023-07-01,-1.5713946124030065
2023-07-02,-2.5302225714104845
2023-07-03,-3.214325384735371
2023-07-04,-3.6237030518681994
2023-07-05,18.21988062584728
2023-07-06,-3.618282951515278
2023-07-07,-3.2034851829589477
2023-07-08,-2.5139622694469574
2023-07-09,-1.5497142103362933
2023-07-10,-0.7569309003923976
2023-07-11,-0.13561233985546872
2023-07-12,0.31424147295517013
2023-07-13,0.5926305360355227
2023-07-14,0.6995548514943453
2023-07-15,0.6350144179525158
2023-07-16,0.39900923566360036
2023-07-17,0.20848399642315818
2023-07-18,0.06343870163898413
2023-07-19,-0.03612664974339941
2023-07-20,-0.09021205738910076
2023-07-21,-0.098817523379505
2023-07-22,-0.06194304403767492
2023-07-23,0.02041137812719973
2023-07-24,0.09200728704825845
2023-07-25,0.1528446818839846
2023-07-26,0.20292356326386707
2023-07-27,0.24224393044739534
2023-07-28,0.27080578432149616
2023-07-29,0.2886091245796889
2023-07-30,0.2956539510067049
2023-07-31,0.30697920708275706
2023-08-01,0.3225848925154251
2023-08-02,0.33739026145648254
2023-08-03,0.35139531314526473
2023-08-04,0.36460004798344947
2023-08-05,0.3770044648664055
2023-08-06,0.38860856533214516
2023-08-07,0.3936151630942999
2023-08-08,0.3920242589224896
2023-08-09,0.38383585318879554
2023-08-10,0.36904994504040833
2023-08-11,0.3476665340168117
2023-08-12,0.31968562117286514
2023-08-13,0.2851072063312978
2023-08-14,0.2528057357122937
2023-08-15,0.222781209696854
2023-08-16,0.19503362740176566
2023-08-17,0.16956298901366518
2023-08-18,0.14636929369566332
2023-08-19,0.12545254348067525
2023-08-20,0.10681273736894514
2023-08-21,0.05963996770897184
2023-08-22,-0.016065766254546254
2023-08-23,-0.12030446497745362
2023-08-24,-0.2530761272418971
2023-08-25,-0.4143807522868923
2023-08-26,-0.6042183424215156
2023-08-27,-0.8225888968876024
2023-08-28,-0.9512759874039319
2023-08-29,-0.990279615231014
2023-08-30,-0.9395997788225493
2023-08-31,-0.799236478725147
2023-09-01,-0.569189716679662
2023-09-02,-0.2604166519346557
2023-09-03,0.12708271341279878
2023-09-04,0.13647552286021508
2023-09-05,-0.23223822379136588
2023-09-06,-0.9790585258869116
2023-09-07,-2.1039853850307164
2023-09-08,-3.6070187995551644
2023-09-09,-5.488158770486024
2023-09-10,-7.74740529803748
2023-09-11,-9.249331759051845
2023-09-12,7.020879705326196
2023-09-13,-9.981224480440305
2023-09-14,9.098370646110025
2023-09-15,-7.6838369358683245
2023-09-16,-5.3991630645274045
2023-09-17,-2.3571691253449836
2023-09-18,0.19749772194857584
2023-09-19,2.2648374804713205
2023-09-20,3.8448501465121305
2023-09-21,4.937535724241783
2023-09-22,5.542894211161976
2023-09-23,5.660925609059456
2023-09-24,5.291629916107401
2023-09-25,5.235560069169836
2023-09-26,5.492716068972219
2023-09-27,6.0630979159365515
2023-09-28,6.946705608710838
2023-09-29,8.143539149170428
2023-09-30,9.653598534420906
2023-10-01,11.476883768734831
2023-10-02,12.491943245574486
2023-10-03,12.698776969664053
2023-10-04,12.097384938666476
2023-10-05,10.68776715448751
2023-10-06,8.469923613577805
2023-10-07,5.4438543187422255
2023-10-08,1.6095592674290042
2023-10-09,19.626662551137866
2023-10-10,-3.802156087967365
2023-10-11,-5.379576392935576
2023-10-12,-6.204705119134561
2023-10-13,-6.277542262083374
2023-10-14,-5.59808782361384
2023-10-15,-4.16634180529698
2023-10-16,-3.065847045962043
2023-10-17,-2.2966035441969677
2023-10-18,-1.8586113035797833
2023-10-19,-1.7518703203141541
2023-10-20,-1.9763805976770499
2023-10-21,-2.5321421347261825
2023-10-22,-3.4191549291852077
2023-10-23,-4.151832822617749
2023-10-24,-4.730175816537967
2023-10-25,-5.1541839077896
2023-10-26,-5.423857098770519
2023-10-27,-5.539195387795548
2023-10-28,-5.500198775796569
2023-10-29,-5.30686726371966
2023-10-30,-5.038404468888547
2023-10-31,-4.694810393815894
2023-11-01,-4.276085037954781
2023-11-02,-3.832673822870568
2023-11-03,-3.364576751329242
2023-11-04,-2.8717938215996437
2023-11-05,-2.354325033576517
2023-11-06,-1.7083332161550526
2023-11-07,-0.9338183704052785
2023-11-08,-0.03078049301327468
2023-11-09,1.0007804116727428
2023-11-10,2.160864347434547
2023-11-11,3.4494713121409735
2023-11-12,4.866601308016257
2023-11-13,5.760397623070874
2023-11-14,6.1308602586496415
2023-11-15,5.977989213470917
2023-11-16,5.301784490027637
2023-11-17,4.1022460850038405
2023-11-18,2.3793740005009036
2023-11-19,0.1331682373153269
2023-11-20,-1.6345971133045731
2023-11-21,-2.9239220484656867
2023-11-22,-3.734806568880785
2023-11-23,-4.067250673846591
2023-11-24,-3.921254365173815
2023-11-25,-3.2968176423602458
2023-11-26,-2.1939405052092837
2023-11-27,-1.209641926775066
2023-11-28,-0.34392190930829614
2023-11-29,0.4032195482391865
2023-11-30,1.0317824448299122
2023-12-01,1.541766782419554
2023-12-02,1.9552395705447951
2023-12-03,2.2722008105543194
2023-12-04,2.309980841070823
2023-12-05,2.068579663022394
2023-12-06,1.547997277329297
2023-12-07,0.748233683431045
2023-12-08,-0.330711120100899
2023-12-09,-1.6888371321936253
2023-12-10,-3.326144352966903
2023-12-11,-4.172663796295195
2023-12-12,-4.2283954650177025
2023-12-13,-3.493339357824765
2023-12-14,-1.9674954740376016
2023-12-15,0.34913618518338296
2023-12-16,3.45655562146643
2023-12-17,7.354762834840625
2023-12-18,9.9947319835218
2023-12-19,11.376463069285785
2023-12-20,11.49995609341802
2023-12-21,10.36521105359393
2023-12-22,7.972227951226215
2023-12-23,4.321006786383232
2023-12-24,-0.5884524438173377
2023-12-25,-4.518792452213896
2023-12-26,-7.47001324101077
2023-12-27,-9.44211481093663
2023-12-28,-10.435097161709935
2023-12-29,-10.448960292944761
2023-12-30,-9.48370420588454
2023-12-31,-7.539328898284191
2024-01-01,-5.891952477144944
2024-01-02,-4.547925824781508
2024-01-03,-3.507248939186959
2024-01-04,-2.7699218220258537
2024-01-05,-2.3359444712344883
2024-01-06,-2.2053168874686646
2024-01-07,-2.378039072685616
2024-01-08,-2.2288004508276433
2024-01-09,-1.7576010232441215
2024-01-10,-0.9644407892515341
2024-01-11,0.15068025109965966
2024-01-12,1.5877620970111757
2024-01-13,3.346804748829948
2024-01-14,5.427808209184189
2024-01-15,6.614222975394292
2024-01-16,6.90604904749273
2024-01-17,6.303286424004293
2024-01-18,4.80593510777334
2024-01-19,2.4139950981459064
2024-01-20,-0.8725336050087078
2024-01-21,-5.053651004186019
2024-01-22,-7.958843282470917
2024-01-23,-9.588110439999978
2024-01-24,-9.941452475736742
2024-01-25,-9.018869391737125
2024-01-26,-6.820361187827044
2024-01-27,16.55282906567443
2024-01-28,1.4044305840169038
2024-01-29,5.115965739640091
2024-01-30,7.7886776058808005
2024-01-31,9.422566182696144
2024-02-01,10.017631468778529
2024-02-02,9.580338950636433
2024-02-03,8.110688625667903
2024-02-04,5.608680494922927
2024-02-05,3.3982707490007336
2024-02-06,1.4794593872534252
2024-02-07,-0.14775359095206841
2024-02-08,-1.4833681843009003
2024-02-09,-2.5273843954360506
2024-02-10,-3.279802222656123
2024-02-11,-3.7406216666015126
2024-02-12,-3.9735070616573824
2024-02-13,-3.978458411130066
2024-02-14,-3.7554757122863704
2024-02-15,-3.3045589670634037
2024-02-16,-2.62570817248789
2024-02-17,-1.7189233314267724
2024-02-18,-0.5842044418398169
2024-02-19,0.23208930782762316
2024-02-20,0.7299579186615208
2024-02-21,0.9094013915585206
2024-02-22,0.7704197246897468
2024-02-23,0.31301291762867933
2024-02-24,-0.4628190267907284
2024-02-25,-1.5570761115549736
2024-02-26,-2.193303912386285
2024-02-27,-2.3715024318838944
2024-02-28,-2.091671669420326
2024-02-29,-1.3538116242521774
2024-03-01,-0.1579222948673289
2024-03-02,1.488662114719638
2024-03-03,3.585941605898939
2024-03-04,4.931821433980461
2024-03-05,5.526301599807944
2024-03-06,5.36938210238482
2024-03-07,4.461062943899924
2024-03-08,2.8013441202538747
2024-03-09,0.3902256352627491
2024-03-10,-2.7722925137898096
2024-03-11,-5.021636195471955
2024-03-12,-6.357805412807019
2024-03-13,-6.780800163753249
2024-03-14,-6.290620450456487
2024-03-15,-4.8872662703599525
2024-03-16,-2.570737624825137
2024-03-17,0.6589654863682339
2024-03-18,3.1103772442811604
2024-03-19,4.783497648216418
2024-03-20,5.678326700204664
2024-03-21,5.794864399259535
2024-03-22,5.133110745523107
2024-03-23,3.6930657390383694
2024-03-24,1.4747293790694367
2024-03-25,-0.41327704596627246
2024-03-26,-1.9709535363964497
2024-03-27,-3.19830009430148
2024-03-28,-4.095316718143513
2024-03-29,-4.662003408912241
2024-03-30,-4.898360166424164
2024-03-31,-4.804386989266547
2024-04-01,-4.642930088045666
2024-04-02,-4.41766083931857
2024-04-03,-4.128579243555394
2024-04-04,-3.775685298901725
2024-04-05,-3.358979007332039
2024-04-06,-2.8784603668621127
2024-04-07,-2.334129380525044
2024-04-08,-1.8959904026236378
2024-04-09,-1.564043435680031
2024-04-10,-1.3382884795358074
2024-04-11,-1.2187255342440713
2024-04-12,-1.2053545999906259
2024-04-13,-1.298175676540244
2024-04-14,-1.4971887627296585
2024-04-15,-1.9164172945699969
2024-04-16,-2.555861270360016
2024-04-17,-3.4155206914896996
2024-04-18,-4.495395555975027
2024-04-19,-5.795485864881605
2024-04-20,-7.315791620032322
2024-04-21,-9.056312820407255
2024-04-22,-9.300712464752987
2024-04-23,-8.048990554463975
2024-04-24,-5.3011470892477766
2024-04-25,-1.0571820712042204
2024-04-26,4.682904504463312
2024-04-27,11.919112636654315
2024-04-28,20.651442326221186
2024-04-29,26.648690821944754
2024-04-30,29.910858128955798
2024-05-01,30.437944247110618
2024-05-02,47.464793879820824
2024-05-03,23.36447171313491
2024-05-04,15.763913060106468
2024-05-05,5.454139483976194
2024-05-06,-2.65369749906894
2024-05-07,-8.559597892075443
2024-05-08,-12.263561695462883
2024-05-09,-13.765588907376316
2024-05-10,-13.065679530300958
2024-05-11,-10.163833562800193
2024-05-12,-5.0600510047848495
2024-05-13,-1.104284346670667
2024-05-14,1.7034664142020661
2024-05-15,3.3632012779417453
2024-05-16,3.874920243336202
2024-05-17,3.238623311289885
2024-05-18,1.4543104813518184
2024-05-19,-1.4780182466683485
2024-05-20,-3.870423505475351
2024-05-21,-5.72290529669403
2024-05-22,-7.035463619539331
2024-05-23,-7.808098474702915
2024-05-24,-8.040809862681407
2024-05-25,-7.733597782593217
2024-05-26,-6.886462235231476
2024-05-27,-6.01596762241053
2024-05-28,-5.122113942510617
2024-05-29,-4.204901197129127
2024-05-30,-3.264329386493132
2024-05-31,-2.3003985080621514
2024-06-01,-1.3131085641044242
2024-06-02,-0.3651056383126119
2024-06-03,0.30868127825396785
2024-06-04,0.7082521835027262
2024-06-05,0.8336070786290812
2024-06-06,0.6847459632560868
2024-06-07,0.2616688362364399
2024-06-08,-0.43562430072936165
2024-06-09,-1.40713344831965
2024-06-10,-2.0655317231366093
2024-06-11,-2.4108191236147354
2024-06-12,-2.4429956504012234
2024-06-13,-2.1620613039236742
2024-06-14,-1.5680160820717988
2024-06-15,-0.6608599881777288
2024-06-16,0.5594069807720241
2024-06-17,1.4045077854265178
2024-06-18,1.8744424263559187
2024-06-19,1.9692109032142358
2024-06-20,23.667049416577765
2024-06-21,1.0332493643860836
2024-06-22,0.002519348836519164
2024-06-23,-1.4033768306925403
2024-06-24,-2.4269394153031305
2024-06-25,-3.068168406575241
2024-06-26,-3.3270638034585787
2024-06-27,-3.2036256054457093
2024-06-28,-2.6978538129051826
2024-06-29,-1.8097484262319838
2024-06-30,-0.539309446123621
2024-07-01,-0.15751668563603616
2024-07-02,-0.5610947700484576
2024-07-03,-1.7500436996491509
2024-07-04,-3.7243634738989755
2024-07-05,-6.484054095047856
2024-07-06,-10.02911556045924
2024-07-07,-14.359547871486326
2024-07-08,-16.96543409615673
2024-07-09,-17.846774235170656
2024-07-10,-17.003568286053362
2024-07-11,-14.435816251252785
2024-07-12,-10.143518129822153
2024-07-13,-4.126673920863238
2024-07-14,3.614716375767326
2024-07-15,9.719214366164966
2024-07-16,14.186820052348725
2024-07-17,17.017533432947314
2024-07-18,39.8599171662824
2024-07-19,24.668533687937238
2024-07-20,16.83118803172663
2024-07-21,11.97146391146892
2024-07-22,9.134303759951887
2024-07-23,6.404112418069886
2024-07-24,3.2663200683558102
2024-07-25,1.1797466749906906
2024-07-26,0.2097192543408628
2024-07-27,-1.7706882797865173
2024-07-28,-2.6345498405299566
2024-07-29,-3.0175035298427044
2024-07-30,-3.9036494751273487
2024-07-31,-4.308887547717195
2024-08-01,-3.9591076659400937
2024-08-02,-4.763238519002775
2024-08-03,-4.9148497342014945
2024-08-04,-5.016084768713864
2024-08-05,-5.041410525301238
2024-08-06,-4.9908270051651495
2024-08-07,-4.8643342078338065
2024-08-08,-4.661932133610002
2024-08-09,-4.383620782119287
2024-08-10,-4.029400152698155
2024-08-11,-3.599270246773571
2024-08-12,-3.1745441764100795
2024-08-13,-2.755221943634455
2024-08-14,-2.341303546560704
2024-08-15,-1.9327889856533254
2024-08-16,-1.5296782605082624
2024-08-17,-1.1319713717912565
2024-08-18,-0.7396683191782958
2024-08-19,0.16430414144006256
2024-08-20,0.5844611967994733
2024-08-21,1.5162876606718654
2024-08-22,2.627955261900997
2024-08-23,3.919464000405133
2024-08-24,5.390813876894006
2024-08-25,7.042004890051058
2024-08-26,8.354603667279035
2024-08-27,8.469104184824836
2024-08-28,8.245012466498968
2024-08-29,7.771522847906797
2024-08-30,5.921546295695849
2024-08-31,3.822171843505671
2024-09-01,1.0977031478120223
2024-09-02,-0.8682154549154255
2024-09-03,-2.9300977895558535
2024-09-04,-3.8773485297075974
2024-09-05,-4.818101840257218
2024-09-06,-5.375993087478906
2024-09-07,-4.973120472877167
2024-09-08,-4.680114482378586
2024-09-09,-3.927207621022397
2024-09-10,-2.925062709244133
2024-09-11,-2.126319707021805
2024-09-12,-1.7390057344270344
2024-09-13,-1.1057129618795836
2024-09-14,-0.5018157597959334
2024-09-15,0.3092751196960517
2024-09-16,1.392045576613163
2024-09-17,2.2548343234908907
2024-09-18,4.068185943220408
2024-09-19,3.9049249747236408
2024-09-20,4.2575462080643875
2024-09-21,4.567076565970866
2024-09-22,5.172498669377978
2024-09-23,5.628593519406063
2024-09-24,5.555286355682602
2024-09-25,4.555977424950775
2024-09-26,3.5015336825296073
2024-09-27,1.612477486859679
2024-09-28,-0.6650654032230499
2024-09-29,-2.9820382460878676
2024-09-30,-4.382739207851223
2024-10-01,-5.186259717452868
2024-10-02,-5.189253884933377
2024-10-03,-4.469652652274458
2024-10-04,-3.016214379669387
2024-10-05,-0.904255673488807
2024-10-06,1.2245231415838962
2024-10-07,5.041426943838477
2024-10-08,6.532527190076938
2024-10-09,7.435400348596846
2024-10-10,6.166690356009674
2024-10-11,5.293123066577674
2024-10-12,0.5522409737537242
2024-10-13,-2.209869739541003
2024-10-14,-2.4505551714933125
2024-10-15,-3.058822454547461
2024-10-16,-3.7423237038787245
2024-10-17,-4.3857121486630355
2024-10-18,-3.6921159789193485
2024-10-19,-4.710430940080039
2024-10-20,-0.9282406606039197
2024-10-21,2.3450632669920672
2024-10-22,4.25560298612721
2024-10-23,4.5762577191138964
2024-10-24,5.050596662564649
2024-10-25,3.1060187238308465
2024-10-26,2.7722809180123402
2024-10-27,0.2808901910367645
2024-10-28,-1.084281715330027
2024-10-29,-1.378587399002841
2024-10-30,-3.164526395968588
2024-10-31,-5.0615398720006715
2024-11-01,-7.662226195345113
2024-11-02,-8.393210342426798
2024-11-03,-8.671627896064455
2024-11-04,-5.867984692137372
2024-11-05,-5.656850570397149
2024-11-06,-4.565980450027103
2024-11-07,-1.9344460717609433
2024-11-08,0.6660715008026763
2024-11-09,3.5201825187957425
2024-11-10,8.974340401330402
2024-11-11,12.17343342471705
2024-11-12,14.162029337619003
2024-11-13,15.49636335004356
2024-11-14,19.988493769690326
2024-11-15,16.329742710536742
2024-11-16,10.205296067925733
2024-11-17,5.587371867932395
2024-11-18,2.5129937596537744
2024-11-19,0.37415068334276746
2024-11-20,-2.0922567412987405
2024-11-21,-4.652612813662798
2024-11-22,-6.1001949998976075
2024-11-23,-7.3023722562133715
2024-11-24,-7.75705510703358
2024-11-25,-7.501575333167136
2024-11-26,-6.767632535885388
2024-11-27,-6.6771722970671785
2024-11-28,-6.399186767509655
2024-11-29,-5.927999102650295
2024-11-30,-6.060085229166806
2024-12-01,-4.575811063436323
2024-12-02,-3.285935468466734
2024-12-03,-2.9706019417844645
2024-12-04,-2.401713621732938
2024-12-05,-2.092655261834389
2024-12-06,-0.9428373254804061
2024-12-07,-1.6601127288926563
2024-12-08,-1.5433394658527668
2024-12-09,-0.11609321302086784
2024-12-10,-0.32092646814031967
2024-12-11,-0.2400542540984909
2024-12-12,0.6235130979417854
2024-12-13,0.7556301918842012
2024-12-14,1.054228627920798
2024-12-15,1.3504693473697293
2024-12-16,2.9443368585966234
2024-12-17,2.970733072003932
2024-12-18,3.2551768245329136
2024-12-19,3.191644356445361
2024-12-20,3.3109529831726943
2024-12-21,1.0742582542029353
2024-12-22,0.8698028594324383
2024-12-23,0.4355553200271258
2024-12-24,-0.136787086738956
2024-12-25,-0.3829159252508372
2024-12-26,-0.5575458554251406
2024-12-27,-0.06262963207743011
2024-12-28,-0.6923089873985849
2024-12-29,0.7380176504498643
2024-12-30,-0.46426718513393495
2024-12-31,-0.12778397047234197
2025-01-01,-0.8091846719990766
2025-01-02,-0.8707454840494019
2025-01-03,-0.04484026471287755
2025-01-04,-1.1497666492399334
2025-01-05,-1.2805101516875448
2025-01-06,-0.7976646324207471
2025-01-07,0.8729755355298543
2025-01-08,-0.6220761609455094
2025-01-09,-0.6157277398163099
2025-01-10,-0.2777485601735754
2025-01-11,-0.2105831284832147
2025-01-12,0.7093902208579068
2025-01-13,1.520681153543407
2025-01-14,1.7089690377715239
2025-01-15,1.899213247148753
2025-01-16,2.196502148830648
2025-01-17,1.8879723268524105
2025-01-18,1.2338685470251556
2025-01-19,1.2774562572201185
2025-01-20,1.6721730851520666
2025-01-21,1.5280113112252218
2025-01-22,1.333885148600476
2025-01-23,0.560734026146148
2025-01-24,0.9910357044124867
2025-01-25,-1.4034353481326463
2025-01-26,-1.9243302225652168
2025-01-27,-1.0432587937803293
2025-01-28,-1.0086535707159023
2025-01-29,-1.9971689783974875
2025-01-30,-1.9751062647554993
2025-01-31,-3.3620671117068985
2025-02-01,-3.974973213509582
2025-02-02,-3.7960955066193387
2025-02-03,-1.8870081147371773
2025-02-04,-1.4057185953125073
2025-02-05,-1.7941979720835204
2025-02-06,-1.3461156637111384
2025-02-07,-1.571573323881972
2025-02-08,-1.8677816479035088
2025-02-09,-1.726944606602614
2025-02-10,1.277939515442186
2025-02-11,1.1333810932828836
2025-02-12,1.0638142120017795
2025-02-13,0.9247709011936784
2025-02-14,1.3164589751182498
2025-02-15,-0.10043691590780701
2025-02-16,-0.1412847333759344
2025-02-17,0.9350307641461193
2025-02-18,2.118517345050908
2025-02-19,1.802350419413771
2025-02-20,1.4233103964213236
2025-02-21,2.2055284910551345
2025-02-22,-0.5901257882865762
2025-02-23,-0.8288613830039702
2025-02-24,1.9667977178683747
2025-02-25,1.9625487099384291
2025-02-26,0.9518573599231691
2025-02-27,0.9292465478945567
2025-02-28,1.0195649962710163
2025-03-01,-1.572083947725833
2025-03-02,-0.9989314035936081
2025-03-03,1.1876861670337155
2025-03-04,0.6994570978630547
2025-03-05,0.3918483543398361
2025-03-06,1.4799454661704492
2025-03-07,-0.8976534503442178
2025-03-08,-1.5752537111336373
2025-03-09,-2.428766757828317
2025-03-10,-1.0972358134529652
2025-03-11,-0.7834138436647858
2025-03-12,-1.6963332977133725
2025-03-13,-0.8565684512237592
2025-03-14,-0.3763471189754508
2025-03-15,-1.3034541863685936
2025-03-16,-0.7462212465045295
2025-03-17,3.0326052626545463
2025-03-18,2.4546992586876994
2025-03-19,2.1502503878974997
2025-03-20,3.589564459963966
2025-03-21,3.1415458522113187
2025-03-22,0.302570425150448
2025-03-23,-0.2612132082910496
2025-03-24,-0.35704192548431096
2025-03-25,0.6950946577214949
2025-03-26,1.380066851682585
2025-03-27,0.44648646481054316
2025-03-28,-0.7295022849253667
2025-03-29,-2.0653837050609134
2025-03-30,-2.173441064668646
2025-03-31,-1.0329752884245351
2025-04-01,-0.3259571812135883
2025-04-02,-0.6053370894057473
2025-04-03,-0.752222989396195
2025-04-04,-0.8501685049941531
2025-04-05,-1.0626481215481527
2025-04-06,-0.16905235667248053
2025-04-07,2.366809900753018
2025-04-08,3.0574829880930356
2025-04-09,2.6693033887468296
2025-04-10,2.9402531402742427
2025-04-11,1.7471607276498269
2025-04-12,0.6969032447939135
2025-04-13,0.30992532671916284
2025-04-14,1.1647409636455832
2025-04-15,0.27934306948177656
2025-04-16,-0.13613692368170816
2025-04-17,0.7900235930177456
2025-04-18,-0.9209491266660762
2025-04-19,-1.26375516176439
2025-04-20,-1.401337406823647
2025-04-21,-1.3427571047899558
2025-04-22,-0.7834339752090063
2025-04-23,-0.9657293059228652
2025-04-24,-0.5296087989881185
2025-04-25,-1.077944142601539
2025-04-26,-1.5235621452445645
2025-04-27,-1.4267214802656931
2025-04-28,0.02713506107944952
2025-04-29,-0.6321668989995566
2025-04-30,-0.27959269189336977
2025-05-01,-1.2179914282756146
2025-05-02,-1.2054365027730847
2025-05-03,-1.205714276267841
2025-05-04,-0.577254174781815
2025-05-05,-0.26773653122457275
2025-05-06,-0.3692760104208066
2025-05-07,-0.520408952694092
2025-05-08,-0.23315932750425372
2025-05-09,-0.6079491918946645
2025-05-10,-1.275756656067683
2025-05-11,-1.2816234892215452
2025-05-12,-0.05450547402519501
2025-05-13,-0.10253963706038238
2025-05-14,-0.35957718908648595
2025-05-15,0.07424078137762302
2025-05-16,0.5793179466572066
2025-05-17,-0.599213254112253
2025-05-18,-0.09334621377491237
2025-05-19,0.8669967866252969
2025-05-20,1.9051873763956029
2025-05-21,2.606715811464276
2025-05-22,2.234736237851719
2025-05-23,1.442626788839145
2025-05-24,0.4207011883278106
2025-05-25,-0.17043913650739184
2025-05-26,1.1953443799915948
2025-05-27,0.7279971786466791
2025-05-28,1.13807018056434
2025-05-29,-1.01959649881346
2025-05-30,-1.0922418032031622
2025-05-31,-0.9381689187011839
2025-06-01,-1.2262102751527886
2025-06-02,-0.3804602916599737
2025-06-03,-0.033921986252364644
2025-06-04,1.2860800371215437
2025-06-05,0.3001007715962565
2025-06-06,-0.22936058674636117
2025-06-07,-0.8316390225599207
2025-06-08,-0.6523692972627768
2025-06-09,0.37934531912694025
2025-06-10,1.4276573257512206
2025-06-11,1.5604590476481284
2025-06-12,0.047718915752042235
2025-06-13,-0.07239512313853858
2025-06-14,-0.7391392049235957
2025-06-15,-0.947332232408158
2025-06-16,0.5504835011127315
2025-06-17,3.284772951095605
2025-06-18,1.9274788551002007
2025-06-19,-1.0276630627811336
2025-06-20,-1.2707235644946508
2025-06-21,-1.199943576095222
2025-06-22,-1.4434211365843366
2025-06-23,0.9975528879007837
2025-06-24,1.1268916182591924
2025-06-25,1.6076333265900524
2025-06-26,0.9381937456560927
2025-06-27,-1.4955092719754886
2025-06-28,-1.9263385002235456
2025-06-29,-1.7637856762390776
2025-06-30,-0.19415548207467836
2025-07-01,-0.4595288703304712
2025-07-02,0.3758122003591695
2025-07-03,-0.13707129833795273
2025-07-04,1.748237569590589
2025-07-05,-1.470287053536081
2025-07-06,-0.2960416922978131
2025-07-07,2.5175907979615433
2025-07-08,1.3888569190966527
2025-07-09,2.5427755246246453
2025-07-10,3.414540731215699
2025-07-11,1.9112193197528957
2025-07-12,-1.8104454358547466
2025-07-13,-2.233954458310423
2025-07-14,0.8324835292308834
2025-07-15,-1.3362276360470693
2025-07-16,0.020265653527368865
2025-07-17,-1.3159288913219025
2025-07-18,-0.1411303029509523
2025-07-19,-3.288157541676741
2025-07-20,-2.200901891058927
2025-07-21,0.8407067704222739
2025-07-22,0.05169844030041215
2025-07-23,1.9741610382099735
2025-07-24,-0.1901318738487432
2025-07-25,1.9352276096143979
2025-07-26,-4.25119335696604
2025-07-27,-5.630950084898468
2025-07-28,2.2128715650284843
2025-07-29,0.9733669165425798
2025-07-30,0.8358282576591227
2025-07-31,1.1863075247401138
2025-08-01,2.475398377115444
2025-08-02,-4.986488950167651
2025-08-03,-3.9387944363750336
2025-08-04,1.0223011290582877
2025-08-05,3.379176930924318
2025-08-06,4.587670813045504
2025-08-07,-0.5232040040887399
2025-08-08,6.780640356894577
2025-08-09,-1.0201779901839347
2025-08-10,-2.6915802711308814
2025-08-11,3.6974707520892784
2025-08-12,2.076963261687048
2025-08-13,6.4039418166541795
2025-08-14,-0.9434401743611419
2025-08-15,-2.8152484063949683
2025-08-16,-2.644144450947544
2025-08-17,-2.154365167741574
2025-08-18,4.443318630213253
2025-08-19,0.2696215396325369
2025-08-20,-0.13685319176849314
2025-08-21,-1.094828979760064
2025-08-22,-1.4944048947244855
2025-08-23,-1.720200069220228
2025-08-24,-2.0652576534686524
2025-08-25,-2.205423559802534
2025-08-26,-2.1406977882802987
2025-08-27,-1.8710803379664598
2025-08-28,-1.396571208808995
2025-08-29,-0.7171704009375963
2025-08-30,0.16712208467126655
2025-08-31,1.2563062492762225
2025-09-01,2.1634225638934828
2025-09-02,2.8869800783499846
2025-09-03,3.426978791439078
2025-09-04,3.7834187012887237
2025-09-05,3.9562998103033253
2025-09-06,3.945622118043584
2025-09-07,3.751385625753966
2025-09-08,3.465608751224084
2025-09-09,3.0882914963529347
2025-09-10,2.6194338592898516
2025-09-11,2.0590358426434583
2025-09-12,1.4070974443616764
2025-09-13,0.6636186644706998
2025-09-14,-0.1714004971694254
2025-09-15,-0.8655224434138913
2025-09-16,-1.4187471740213837
2025-09-17,-1.8310746905352602
2025-09-18,-2.1025049922986727
2025-09-19,-2.2330380787923536
2025-09-20,-2.2226739512082894
2025-09-21,-2.071412609176535
2025-09-22,-1.996874083721229
2025-09-23,-1.99905837775324
2025-09-24,-2.0779654883004497
2025-09-25,-2.2335954169718026
2025-09-26,-2.4659481626535844
2025-09-27,-2.775023725198849
2025-09-28,-3.1608221069938067
2025-09-29,-3.574743632072165
2025-09-30,-4.01678830017115
2025-10-01,-4.4869561123948625
2025-10-02,-4.953067214106543
2025-10-03,-5.415121603360882
2025-10-04,-5.873119283706939
2025-10-05,-6.327060251408701
2025-10-06,-6.9551029216102505
2025-10-07,-7.757247293530926
2025-10-08,-8.733493367468599
2025-10-09,-9.883841142919572
2025-10-10,-11.20829062058794
2025-10-11,-12.706841800749945
2025-10-12,-14.379494683726902
2025-10-13,-14.584820364595707
2025-10-14,-13.3228188432184
2025-10-15,-10.593490120915039
2025-10-16,-6.396834197108249
2025-10-17,-0.7328510711249194
2025-10-18,6.398459257278919
2025-10-19,14.997096790288607
2025-10-20,21.225193668588737
2025-10-21,25.08274989400477
2025-10-22,26.569765467890655
2025-10-23,25.686240387388565
2025-10-24,22.432174654876814
2025-10-25,16.807568270077706
2025-10-26,8.812421230337565
2025-10-27,2.3076707845714406
2025-10-28,-2.7066830703931855
2025-10-29,-6.230640335516973
2025-10-30,-8.264201009629492
2025-10-31,-8.807365092541932
2025-11-01,-7.860132586360783
2025-11-02,-5.458414363984364
2025-11-03,-3.4675713582853627
2025-11-04,-1.8876035682465946
2025-11-05,-0.7185109935956682
2025-11-06,0.03970636443550202
2025-11-07,0.38704850760956333
2025-11-08,0.3235154349982441
2025-11-09,-0.15089285299271848
2025-11-10,-0.49356164115939194
2025-11-11,-0.7044909303320561
2025-11-12,-0.7836807216390416
2025-11-13,-0.7311310125309332
2025-11-14,-0.5468418055485139
2025-11-15,-0.2308130980707711
2025-11-16,0.2169551075199646
2025-11-17,0.6113580839733704
2025-11-18,0.9523958317681784
2025-11-19,1.2400683509599217
2025-11-20,1.474375641241142
2025-11-21,1.6553177021398886
2025-11-22,1.7828945338020326
2025-11-23,1.857106137758924
2025-11-24,1.900546734364537
2025-11-25,1.913216323360232
2025-11-26,1.89511490561864
2025-11-27,1.846242480501623
2025-11-28,1.766599047852033
2025-11-29,1.656184609050881
2025-11-30,1.5149991624053898
2025-12-01,1.4181014267299363
2025-12-02,1.362300865867698
2025-12-03,1.3475974812605065
2025-12-04,1.3739912704968678
2025-12-05,1.4414822345781992
2025-12-06,1.5500703738365034
2025-12-07,1.6997556875595494
2025-12-08,1.8164740149306844
2025-12-09,1.900225354447926
2025-12-10,1.951009706608538
2025-12-11,1.96882707144083
2025-12-12,1.9536774501847625
2025-12-13,1.9055608412340308
2025-12-14,1.8244772442798614
2025-12-15,1.6705228260046217
2025-12-16,1.4436975837845065
2025-12-17,1.144001518806344
2025-12-18,0.7714346308294711
2025-12-19,0.3259969205020364
2025-12-20,-0.19231161402887054
2025-12-21,-0.7834909703649136
2025-12-22,-1.3082582601346668
2025-12-23,-1.7666134808321767
2025-12-24,-2.1585566340659397
2025-12-25,-2.4840877196505007
2025-12-26,-2.7432067370758317
2025-12-27,-2.9359136868970577
2025-12-28,-3.062208569822606
2025-12-29,-3.3375196330030628
2025-12-30,-3.7618468782556533
2025-12-31,-4.33519030459213
2026-01-01,-5.057549913240801
2026-01-02,-5.8886911419472385
2026-01-03,-6.828613991892853
2026-01-04,-7.877318461104953
2026-01-05,-8.114470721816701
2026-01-06,-7.540070777180437
2026-01-07,-6.154118622778673
2026-01-08,-3.95661425959693
2026-01-09,-0.9475576884495256
2026-01-10,2.873051091467766
2026-01-11,7.50521207894338
2026-01-12,10.904226481307553
2026-01-13,13.070094298081141
2026-01-14,14.002815527066431
2026-01-15,13.702390170775654
2026-01-16,12.168818228209503
2026-01-17,9.402099699335851
2026-01-18,5.40223458560596
2026-01-19,2.013506811406552
2026-01-20,-0.7640836219101033
2026-01-21,-2.930536714251393
2026-01-22,-4.4858524651057525
2026-01-23,-5.430030876567367
2026-01-24,-5.7630719474256455
2026-01-25,-5.484975677341806
2026-01-26,-4.970291188836733
2026-01-27,-4.219018478288781
2026-01-28,-3.231157549963334
2026-01-29,-2.0067084016084316
2026-01-30,-0.5456710320763669
2026-01-31,1.1519545565874632
2026-02-01,3.0861683661951407
2026-02-02,4.495624371523932
2026-02-03,5.3803225726438075
2026-02-04,5.7402629716573514
2026-02-05,5.5754455656551105
2026-02-06,4.885870356371054
2026-02-07,3.6715373425216633
2026-02-08,1.9324465252147331
2026-02-09,0.31607963293944374
2026-02-10,-1.1775633345392382
2026-02-11,-2.548482378305363
2026-02-12,-3.7966774971188046
2026-02-13,-4.922148691095592
2026-02-14,-5.9248959613583185
2026-02-15,-6.804919307308393
2026-02-16,-7.297787718746029
2026-02-17,-7.403501195154989
2026-02-18,-7.122059734577352
2026-02-19,15.524772860002798
2026-02-20,-5.397712009529542
2026-02-21,-3.9548057437776922
2026-02-22,-2.124744542825308
2026-02-23,-0.6128270986144828
2026-02-24,0.5809465875812834
2026-02-25,1.456576515172128
2026-02-26,2.0140626859860005
2026-02-27,2.2534050989941212
2026-02-28,2.17460375458115
2026-03-01,1.7776586537507961
2026-03-02,1.5175811926687135
2026-03-03,1.394371374209547
2026-03-04,1.4080291980339183
2026-03-05,1.5585546631569904
2026-03-06,1.8459477693022668
2026-03-07,2.270208517365262
2026-03-08,2.8313369073490042
2026-03-09,3.0872069818814225
2026-03-10,3.03781873943785
2026-03-11,2.6831721820091827
2026-03-12,2.023267308327809
2026-03-13,1.0581041189114537
2026-03-14,-0.21231738635110986
2026-03-15,-1.787997208142118
2026-03-16,-2.8205553641864354
2026-03-17,-3.3099918529464842
2026-03-18,-2.2097239995081406
2026-03-19,-2.6594998343658807
2026-03-20,-1.519571325357599
2026-03-21,0.16347885011867502
2026-03-22,2.389650692097222
2026-03-23,4.038717893117399
2026-03-24,5.110680455521242
2026-03-25,5.605538377623638
2026-03-26,5.52329166113999
2026-03-27,4.863940305102607
2026-03-28,3.6274843091771953
2026-03-29,1.8139236727269263
2026-03-30,0.29737591615946624
2026-03-31,-0.24590554155925615
2026-04-01,-1.8446809653319334
2026-04-02,-1.8841037917454604
2026-04-03,-2.7986863363717984
2026-04-04,-2.8301697055599435
2026-04-05,-2.5646401970492914
2026-04-06,-2.3289228686526657
2026-04-07,-2.123017720660714
2026-04-08,-1.9469247506146954
2026-04-09,-1.8006439610583818
2026-04-10,-1.6841753522107694
2026-04-11,-1.0922721128843862
2026-04-12,-1.5406746718654976
2026-04-13,-1.4941365299652039
2026-04-14,-0.31409091369913344
2026-04-15,-1.4319785711982491
2026-04-16,-1.4163587550497934
2026-04-17,-0.9625096139494982
2026-04-18,-1.4160374472830706
2026-04-19,-1.0003901483579234
2026-04-20,-1.461546859317215
2026-04-21,-1.5066701560141715
2026-04-22,-1.5667058471598128
2026-04-23,-1.6416539321921937
2026-04-24,-1.7315144119292798
2026-04-25,-1.83628728329034
2026-04-26,-1.9559725514335342
2026-04-27,-2.0082902746079663
2026-04-28,-1.9932404539119162
2026-04-29,-1.9108230891491091
2026-04-30,-1.028430307472053
2026-05-01,-1.5438857277286893
2026-05-02,-0.8930617959178841
2026-05-03,-0.9074781912707337
2026-05-04,-0.6547112982559293
2026-05-05,-0.5010650523480136
2026-05-06,0.2567641050570455
2026-05-07,-0.4911345018923503
2026-05-08,-0.6348501961924058
2026-05-09,-0.8776865380158723
2026-05-10,-1.2196435276069537
2026-05-11,-1.5024337709236328
2026-05-12,-1.7260572686174713
2026-05-13,-1.8905140216683216
2026-05-14,-1.67727886538887
2026-05-15,-2.04192728899581
2026-05-16,-1.7934027037226488
2026-05-17,-1.9566735750638147
2026-05-18,-1.2623189556882741
2026-05-19,-1.1288436714613614
2026-05-20,-1.478401354137889
2026-05-21,-0.5728123555828515
2026-05-22,-2.084980886215904
2026-05-23,-1.9516255656286794
2026-05-24,-2.3646710931839054
2026-05-25,-2.236103089856123
2026-05-26,-0.9141907985603577
2026-05-27,-0.2471908847916866
2026-05-28,-1.4532330824356643
2026-05-29,-2.261178052049443
2026-05-30,-1.8074357556684468
2026-05-31,-2.18465788444201
2026-06-01,-1.8158292959781652
2026-06-02,0.6474080585695687
2026-06-03,0.5491738353973972
2026-06-04,-1.410734137009049
2026-06-05,-1.3719667642873932
2026-06-06,-1.5148190116687963
2026-06-07,-1.4536604791603362
2026-06-08,-0.11949600269530825
2026-06-09,-0.06072229607176727
2026-06-10,0.6677337109241581
2026-06-11,0.7015735998499963
2026-06-12,-1.2961260015074103
2026-06-13,-1.458629728835918
2026-06-14,-1.7762648079473666
2026-06-15,-1.1893393873922622
2026-06-16,0.5833587476771951
2026-06-17,-1.678342773661019
2026-06-18,-0.00348716425131812
2026-06-19,-1.78167952140074
2026-06-20,-1.6573254233490116
2026-06-21,-1.4911589794462308
2026-06-22,-1.3429892014771214
2026-06-23,0.8070242642413816
2026-06-24,0.9623481615168146
2026-06-25,-0.24059250906870577
2026-06-26,-0.8251048491228865
2026-06-27,-1.098614492606843
2026-06-28,-1.1339327753342663
2026-06-29,0.5356993269447989
2026-06-30,-0.4530048316908335
2026-07-01,-0.926010403895041
2026-07-02,-1.0397269234548445
2026-07-03,-1.5033907248668346
2026-07-04,-1.6158556226403165
2026-07-05,-1.7411782892040333
2026-07-06,-0.821773584802546
2026-07-07,-1.9345945757701193
2026-07-08,-2.002688197606607
2026-07-09,-1.1667151604284294
2026-07-10,-1.790583268441015
2026-07-11,-1.4963889499226974
2026-07-12,-2.084299200382059
2026-07-13,-1.6487255227432287
2026-07-14,-1.7706316091590835
2026-07-15,-0.9055270776584121
2026-07-16,-1.4032405350985306
2026-07-17,-1.3713629536479752
2026-07-18,-1.5317581803822162
2026-07-19,-2.021796770322596
2026-07-20,-1.9713613210671737
2026-07-21,-1.6032123973189605
2026-07-22,-1.3600850675049578
2026-07-23,-1.8146299129459265
2026-07-24,-1.720513263398244
2026-07-25,-1.6094666398476294
2026-07-26,-1.4814900423585466
2026-07-27,-1.3538090022348817
2026-07-28,-0.9931536389548168
2026-07-29,-1.3451918349076235
2026-07-30,-0.793600206297566
2026-07-31,-1.4606860184212904
2026-08-01,-1.187872502721285
2026-08-02,-1.7412679253353096
2026-08-03,-1.476642749245531
2026-08-04,-2.007478599345723
2026-08-05,-2.1127623531673763
2026-08-06,-2.1994983853006103
2026-08-07,1.7856072486174541
2026-08-08,-2.3173272850594526
2026-08-09,-1.4692907051528152
2026-08-10,-1.1999239939384294
2026-08-11,-1.452319219892034
2026-08-12,-2.1460203386297567
2026-08-13,-1.0447501671749007
2026-08-14,-1.7646884476455442
2026-08-15,-1.5001028979806992
2026-08-16,-1.1862376118590727
2026-08-17,2.0734969665833924
2026-08-18,1.5029647900633267
2026-08-19,-0.6324694278237422
2026-08-20,0.8431875881984798
2026-08-21,-0.5583031439447925
2026-08-22,-0.6604427586551671
2026-08-23,-0.7990430942798008
2026-08-24,-0.3841433110175585
2026-08-25,-0.9175895491086417
2026-08-26,-0.2511169556182842
2026-08-27,-0.8245970475407038
2026-08-28,-0.6987736879743374
2026-08-29,-0.5200655908729588
2026-08-30,-0.28847275418273854
2026-08-31,1.7149165614447228
2026-09-01,3.5575333123702917
2026-09-02,0.09506275229005134
2026-09-03,0.8546753006220722
2026-09-04,0.01590920840257959
2026-09-05,-0.15310301782981983
2026-09-06,-0.3395726091541824
2026-09-07,2.9492930887068125
2026-09-08,1.2848839257147653
2026-09-09,1.8670268475362939
2026-09-10,9.049092114633103
2026-09-11,0.7649305845252479
2026-09-12,1.0836553468481334
2026-09-13,0.6803249265036213
2026-09-14,3.3426434319775664
2026-09-15,8.935841068740737
2026-09-16,5.4649183530704315
2026-09-17,3.771725350858305
2026-09-18,4.466731724467077
2026-09-19,3.2905875007961023
2026-09-20,3.765848447441225
2026-09-21,3.9723126090432053
2026-09-22,5.582767962932506
2026-09-23,11.436070017090893
2026-09-24,7.578655242228596
2026-09-25,2.1102013980300782
2026-09-26,0.9726816304947192
2026-09-27,2.8631005077921152
2026-09-28,2.174665631969133
2026-09-29,-2.1915348064628093
2026-09-30,-2.543118135738111
