time,value
2006-01-01,-1.4589269471051125
2006-01-02,-1.4401163686165006
2006-01-03,-1.402171786627001
2006-01-04,-1.3450931998166418
2006-01-05,-1.268880609281588
2006-01-06,-1.1735340128989584
2006-01-07,-1.0590534124316555
2006-01-08,-0.9254388070631876
2006-01-09,-0.7727095195815075
2006-01-10,-0.6008655503426361
2006-01-11,-0.4099068992697994
2006-01-12,-0.19983356648869943
2006-01-13,0.02935444945108756
2006-01-14,0.2776571468855522
2006-01-15,0.5450745265406596
2006-01-16,0.8316116885187874
2006-01-17,1.1372686361989643
2006-01-18,1.4620453695768454
2006-01-19,1.8059418856493892
2006-01-20,2.1689581861039287
2006-01-21,2.5510942720186023
2006-01-22,2.9523501436883564
2006-01-23,3.372724075656979
2006-01-24,3.812216067323412
2006-01-25,4.2708261205981835
2006-01-26,4.748554234372314
2006-01-27,5.2454004096607605
2006-01-28,5.761364645656197
2006-01-29,6.296446942185895
2006-01-30,6.850649308012795
2006-01-31,7.423971742700662
2006-02-01,8.016414248498373
2006-02-02,8.577369284688043
2006-02-03,9.106836853261713
2006-02-04,9.604816953538462
2006-02-05,10.071309586651408
2006-02-06,10.506308191413654
2006-02-07,10.909812770686228
2006-02-08,11.281823321069645
2006-02-09,11.622339845556429
2006-02-10,11.93136234352155
2006-02-11,12.208890814966594
2006-02-12,12.454925258424492
2006-02-13,12.669490723273576
2006-02-14,12.852587209054088
2006-02-15,13.004214715392841
2006-02-16,13.124373242844564
2006-02-17,13.213062792434846
2006-02-18,13.270283360856604
2006-02-19,13.296034952868165
2006-02-20,13.290220802658213
2006-02-21,13.252840909538907
2006-02-22,13.183895276003206
2006-02-23,13.083383901090043
2006-02-24,12.951306784322576
2006-02-25,12.78766392616566
2006-02-26,12.59245532604691
2006-02-27,12.366055080656652
2006-02-28,12.108463193159395
2006-03-01,11.819679660836105
2006-03-02,11.53322444681064
2006-03-03,11.249097551720862
2006-03-04,10.967298975667626
2006-03-05,10.68782871805052
2006-03-06,10.409240390634078
2006-03-07,10.131533989566433
2006-03-08,9.854709519260332
2006-03-09,9.57876697759762
2006-03-10,9.303706364528388
2006-03-11,9.029527680532487
2006-03-12,8.756230924836423
2006-03-13,8.489408356462844
2006-03-14,8.229059978031149
2006-03-15,7.975185786948014
2006-03-16,7.727785785161592
2006-03-17,7.486859969123001
2006-03-18,7.252408342600933
2006-03-19,7.0244309047659215
2006-03-20,6.781305974084619
2006-03-21,6.5230335504169386
2006-03-22,6.249613634202877
2006-03-23,5.961046226550703
2006-03-24,5.657331326751255
2006-03-25,5.338468931918172
2006-03-26,5.00445904559966
2006-03-27,4.738898839480235
2006-03-28,4.541788313851903
2006-03-29,4.4131274670568565
2006-03-30,4.352916298919887
2006-03-31,4.361154812974384
2006-04-01,4.437843006396541
2006-04-02,4.597448598180392
2006-04-03,4.5167549338264905
2006-04-04,4.1957620127346935
2006-04-05,3.6344698360168692
2006-04-06,2.832878402949799
2006-04-07,1.7909877140247943
2006-04-08,0.5087977660291969
2006-04-09,-1.013691437290536
2006-04-10,-2.11162581149609
2006-04-11,-2.7850053585943577
2006-04-12,-3.0338300759545724
2006-04-13,-2.8580999655853248
2006-04-14,-2.2578150276832893
2006-04-15,31.51680190124561
2006-04-16,0.21641933791060097
2006-04-17,1.4255146635762443
2006-04-18,2.3943107220791866
2006-04-19,3.1228075117904766
2006-04-20,3.6110050306077284
2006-04-21,3.8589032823642206
2006-04-22,3.8665022635876127
2006-04-23,3.633801978158509
2006-04-24,3.484019141652343
2006-04-25,3.417153757657033
2006-04-26,3.4332058243985415
2006-04-27,3.532175342180839
2006-04-28,3.7140623102382513
2006-04-29,3.9788667292907256
2006-04-30,4.3265885983699555
2006-05-01,4.673630496878843
2006-05-02,4.997357302088787
2006-05-03,5.297769016803592
2006-05-04,5.574865637886472
2006-05-05,5.828647167961041
2006-05-06,6.059113605311641
2006-05-07,6.266264952786752
2006-05-08,6.471723858455897
2006-05-09,6.675490324886887
2006-05-10,6.877564350943928
2006-05-11,7.077945938815459
2006-05-12,7.2766350849884684
2006-05-13,7.473631791115485
2006-05-14,7.668936057486825
2006-05-15,7.856951869697383
2006-05-16,8.03767922620691
2006-05-17,8.211118125494476
2006-05-18,8.377268568424665
2006-05-19,8.536130555990376
2006-05-20,8.68770408853137
2006-05-21,8.831989166613589
2006-05-22,8.9704467017531
2006-05-23,9.10307669582923
2006-05-24,9.229879148801585
2006-05-25,9.350854063386915
2006-05-26,9.466001435054286
2006-05-27,9.57532126435832
2006-05-28,9.67881355428071
2006-05-29,9.77604804502795
2006-05-30,9.867024737495777
2006-05-31,9.95174363230548
2006-06-01,10.030204726067872
2006-06-02,10.100084228956058
2006-06-03,10.161382139565346
2006-06-04,10.214098456216584
2006-06-05,10.258547080542083
2006-06-06,10.294728011032941
2006-06-07,10.322641248344018
2006-06-08,10.342286791449782
2006-06-09,10.353664642818938
2006-06-10,10.356774799325663
2006-06-11,10.351617262790567
2006-06-12,10.33732745679807
2006-06-13,10.313905378405746
2006-06-14,10.281351030006041
2006-06-15,10.239664412364984
2006-06-16,10.188845522093116
2006-06-17,10.128894364576615
2006-06-18,10.059810933298092
2006-06-19,9.984847715280532
2006-06-20,9.904004708413542
2006-06-21,9.81728191372932
2006-06-22,9.724679329813215
2006-06-23,9.626196957869835
2006-06-24,9.521834797374508
2006-06-25,9.411592848025045
2006-06-26,9.282919197345075
2006-06-27,9.135813847792077
2006-06-28,8.970276795594867
2006-06-29,8.786308044663011
2006-06-30,8.583907593412189
2006-07-01,8.363075441085362
2006-07-02,8.138263826824828
2006-07-03,7.957996905151175
2006-07-04,7.822274675973871
2006-07-05,7.731097139519878
2006-07-06,7.684464296244087
2006-07-07,7.682376144088103
2006-07-08,7.7248326857724035
2006-07-09,7.811833920242385
2006-07-10,7.755769620814879
2006-07-11,7.556639785212962
2006-07-12,7.214444416451549
2006-07-13,6.7291835115369665
2006-07-14,6.100857072949346
2006-07-15,5.3294650980310845
2006-07-16,4.4150075879477555
2006-07-17,3.6491129689494226
2006-07-18,3.0317812399640864
2006-07-19,2.563012401055861
2006-07-20,26.53222451231168
2006-07-21,2.0711633909327567
2006-07-22,2.0480832212784
2006-07-23,2.1735659415223765
2006-07-24,22.7829649046902
2006-07-25,2.6341968224371435
2006-07-26,2.96934498362544
2006-07-27,3.3743816256730668
2006-07-28,3.849306748807809
2006-07-29,4.3941203512441405
2006-07-30,5.00882243347915
2006-07-31,5.518706316269036
2006-08-01,5.923771996164987
2006-08-02,6.227835588745222
2006-08-03,6.430897090765438
2006-08-04,6.532956501311347
2006-08-05,6.534013823064225
2006-08-06,6.434069056462839
2006-08-07,6.372592647138035
2006-08-08,6.349584597630301
2006-08-09,6.3650449042591895
2006-08-10,6.418973571478125
2006-08-11,6.511370597657818
2006-08-12,6.64223598153329
2006-08-13,6.811569724090068
2006-08-14,6.9832991142603476
2006-08-15,7.157424152044243
2006-08-16,7.333944836467568
2006-08-17,7.512861170160095
2006-08-18,7.694173149684385
2006-08-19,7.8778807774312085
2006-08-20,8.06398405317752
2006-08-21,8.261812463811092
2006-08-22,8.471366009951197
2006-08-23,8.69264469104899
2006-08-24,8.925648505848308
2006-08-25,9.170377456773634
2006-08-26,9.42683154244468
2006-08-27,9.695010763645866
2006-08-28,9.972503695206184
2006-08-29,10.259310337007197
2006-08-30,10.555430689683932
2006-08-31,10.860864754372702
2006-09-01,11.175612527866754
2006-09-02,11.46685174410568
2006-09-03,11.73458240132711
2006-09-04,11.979422137264864
2006-09-05,12.201370952103908
2006-09-06,12.40042884748676
2006-09-07,12.5765958209679
2006-09-08,12.729871873711012
2006-09-09,12.860257006561415
2006-09-10,12.967751218084462
2006-09-11,13.052218177429534
2006-09-12,13.113657884125384
2006-09-13,13.152070337565284
2006-09-14,13.167455538770858
2006-09-15,13.159813487214715
2006-09-16,13.129144185380328
2006-09-17,13.075447629206085
2006-09-18,12.998668550459014
2006-09-19,12.898806950960608
2006-09-20,12.77586283012684
2006-09-21,12.62983618667559
2006-09-22,12.46072702124633
2006-09-23,12.268535333960692
2006-09-24,12.053261124949353
2006-09-25,11.815268712556989
2006-09-26,11.554558094843806
2006-09-27,11.271129274121844
2006-09-28,10.964982251163416
2006-09-29,10.636117022167511
2006-09-30,10.284533590014039
2006-10-01,9.91023195461499
2006-10-02,9.553414237582952
2006-10-03,9.21408044122891
2006-10-04,8.892230562062997
2006-10-05,8.587864601209526
2006-10-06,8.300982560608643
2006-10-07,8.031584440330578
2006-10-08,7.77967023697434
2006-10-09,7.550846750567745
2006-10-10,7.345113979134396
2006-10-11,7.162471924548328
2006-10-12,7.0029205874713245
2006-10-13,6.866459966207897
2006-10-14,6.75309006069703
2006-10-15,6.662810872718419
2006-10-16,6.573941904701156
2006-10-17,6.486483161054659
2006-10-18,6.400434640111026
2006-10-19,6.31579634078825
2006-10-20,6.232568262982557
2006-10-21,6.150750408437911
2006-10-22,6.070342775141487
2006-10-23,6.075170604303043
2006-10-24,6.165233891534449
2006-10-25,6.340532638563575
2006-10-26,6.60106684586099
2006-10-27,6.94683651470182
2006-10-28,7.377841642547951
2006-10-29,7.894082233037073
2006-10-30,8.1714596689887955
2006-10-31,8.20997395500613
2006-11-01,8.00962509134723
2006-11-02,7.547170609404269
2006-11-03,6.822610511458375
2006-11-04,5.835944796936923
2006-11-05,4.587173465764817
2006-11-06,3.7820863881512548
2006-11-07,3.420683565029867
2006-11-08,3.502964995099248
2006-11-09,4.028930679058959
2006-11-10,4.998580617979689
2006-11-11,37.06024793569097
2006-11-12,8.268933255448653
2006-11-13,9.624226339976218
2006-11-14,10.47779406419819
2006-11-15,10.829636426717173
2006-11-16,10.67975342657729
2006-11-17,10.02814506614347
2006-11-18,8.874811342946273
2006-11-19,7.219752260046402
2006-11-20,6.03030017072016
2006-11-21,5.30645507462463
2006-11-22,5.048216972835133
2006-11-23,5.255585864602349
2006-11-24,5.928561751845955
2006-11-25,39.816921792384136
2006-11-26,8.671334506750707
2006-11-27,9.998039036719492
2006-11-28,11.047258219521625
2006-11-29,11.818992057908837
2006-11-30,12.313240551041954
2006-12-01,12.53000369909714
2006-12-02,12.47596249491964
2006-12-03,12.151116939572724
2006-12-04,11.898938227677899
2006-12-05,11.71942636242913
2006-12-06,11.612581339072472
2006-12-07,11.578403160781928
2006-12-08,11.616891826679847
2006-12-09,11.728047338129391
2006-12-10,11.911869692302528
2006-12-11,12.079449997875951
2006-12-12,12.230788253773266
2006-12-13,12.36588446120789
2006-12-14,12.484738619993871
2006-12-15,12.58735072807563
2006-12-16,12.673720788588653
2006-12-17,12.743848798373772
2006-12-18,12.821012749593205
2006-12-19,12.905212640976169
2006-12-20,12.99644847423577
2006-12-21,13.09472024783025
2006-12-22,13.200027961966104
2006-12-23,13.312371615872502
2006-12-24,13.43175121006798
2006-12-25,13.55105393272131
2006-12-26,13.670279782709311
2006-12-27,13.789428758133548
2006-12-28,13.908500859924677
2006-12-29,14.027496089755788
2006-12-30,14.146414448004345
2006-12-31,14.265255932142752
2007-01-01,14.390082908616343
2007-01-02,14.503884985113263
2007-01-03,14.60666216132502
2007-01-04,14.698414439250621
2007-01-05,14.779141815990629
2007-01-06,14.848844291678702
2007-01-07,14.90752186680606
2007-01-08,14.937280098077949
2007-01-09,14.938118983943102
2007-01-10,14.910038525914867
2007-01-11,14.8530387198178
2007-01-12,14.767119570684969
2007-01-13,14.652281076512853
2007-01-14,14.508523236963068
2007-01-15,14.403598270152134
2007-01-16,14.337506178338497
2007-01-17,14.310246957629605
2007-01-18,14.321820611573544
2007-01-19,14.372227137912969
2007-01-20,14.461466538761478
2007-01-21,14.589538811392456
2007-01-22,14.494860502540595
2007-01-23,14.177431611974601
2007-01-24,13.63725214161499
2007-01-25,12.87432208805813
2007-01-26,11.888641452247787
2007-01-27,10.680210235201345
2007-01-28,35.75115580078737
2007-01-29,8.133123315331773
2007-01-30,7.332494869185103
2007-01-31,6.847143097572161
2007-02-01,6.677068002584667
2007-02-02,6.861097522742423
2007-02-03,7.399231655108437
2007-02-04,8.291470401021808
2007-02-05,8.999791599985882
2007-02-06,9.524195253651202
2007-02-07,9.864681360025575
2007-02-08,10.021249920572943
2007-02-09,9.993900933316867
2007-02-10,9.78263440030714
2007-02-11,9.387450321611395
2007-02-12,9.069906025779003
2007-02-13,8.830001509726864
2007-02-14,8.667736779694554
2007-02-15,8.583111830889834
2007-02-16,8.576126664950637
2007-02-17,8.646781282029337
2007-02-18,8.79507568202345
2007-02-19,8.95336031551079
2007-02-20,9.121635185111721
2007-02-21,9.299900286569706
2007-02-22,9.488155623424475
2007-02-23,9.686401193801025
2007-02-24,9.894636998577866
2007-02-25,10.112863037330051
2007-02-26,10.35857636691423
2007-02-27,10.631776990964536
2007-02-28,10.932464909278274
2007-03-01,11.260640119395589
2007-03-02,11.57483827111248
2007-03-03,11.875059363379293
2007-03-04,12.161303396904891
2007-03-05,12.429044554721237
2007-03-06,12.67828283538621
2007-03-07,12.909018237164567
2007-03-08,13.121250762364832
2007-03-09,13.314980409731957
2007-03-10,13.490207180590025
2007-03-11,13.646931074872112
2007-03-12,13.78632403528879
2007-03-13,13.908386059137795
2007-03-14,14.013117152040243
2007-03-15,14.100517310038535
2007-03-16,14.170586535289386
2007-03-17,14.22332482514327
2007-03-18,14.258732181018079
2007-03-19,14.276500156816516
2007-03-20,14.276628750574567
2007-03-21,14.259117961650517
2007-03-22,14.223967791589105
2007-03-23,14.171178240592146
2007-03-24,14.10074930639915
2007-03-25,14.012680993885422
2007-03-26,13.907073700530512
2007-03-27,13.783927431429897
2007-03-28,13.643242184594657
2007-03-29,13.485017958929161
2007-03-30,13.309254755703362
2007-03-31,13.115952576470397
2007-04-01,12.905111417985255
2007-04-02,12.702608988249843
2007-04-03,12.508445286381605
2007-04-04,12.322620311872967
2007-04-05,12.145134066573652
2007-04-06,11.975986550108745
2007-04-07,11.815177760721582
2007-04-08,11.662707700363924
2007-04-09,11.51891205353737
2007-04-10,11.383790822649098
2007-04-11,11.257344006086056
2007-04-12,11.139571605063233
2007-04-13,11.030473617710522
2007-04-14,10.93005004520842
2007-04-15,10.838300886927643
2007-04-16,10.753947155453549
2007-04-17,10.676988849139263
2007-04-18,10.607425969534592
2007-04-19,10.545258515214833
2007-04-20,10.490486487708232
2007-04-21,10.44310988575396
2007-04-22,10.40312871036606
2007-04-23,10.375483103314723
2007-04-24,10.360173063694514
2007-04-25,10.357198592085394
2007-04-26,10.366559686980953
2007-04-27,10.388256351718095
2007-04-28,10.42228858432057
2007-04-29,10.468656383667302
2007-04-30,10.508260653503516
2007-05-01,10.541101392935118
2007-05-02,10.554283714427745
2007-05-03,10.547807617778677
2007-05-04,10.521673099791347
2007-05-05,10.475880161936036
2007-05-06,10.410428808147866
2007-05-07,10.399162673011773
2007-05-08,10.442081758018087
2007-05-09,10.539186061992531
2007-05-10,10.690475585196182
2007-05-11,10.895950330441242
2007-05-12,11.155610294373941
2007-05-13,11.469455478982503
2007-05-14,11.551979969857209
2007-05-15,11.403183768647498
2007-05-16,11.02306687438339
2007-05-17,10.41162928677426
2007-05-18,9.568871004910012
2007-05-19,8.49479203159754
2007-05-20,7.18939236275274
2007-05-21,6.239951508467676
2007-05-22,5.646469466588744
2007-05-23,34.337916061945535
2007-05-24,5.527381820578256
2007-05-25,6.001776216696381
2007-05-26,6.8321294259277945
2007-05-27,8.018441448334755
2007-05-28,8.973456475431375
2007-05-29,9.697174506213528
2007-05-30,10.189595543658156
2007-05-31,10.450719584259508
2007-06-01,10.48054663121313
2007-06-02,10.289003383742305
2007-06-03,9.876089841418763
2007-06-04,9.527190465044328
2007-06-05,9.242305254739517
2007-06-06,9.02143420768025
2007-06-07,8.864577328132164
2007-06-08,8.771734612158776
2007-06-09,8.742906063317527
2007-06-10,8.778091678391036
2007-06-11,8.80392511777834
2007-06-12,8.820406381324725
2007-06-13,8.82753547024727
2007-06-14,8.825312383290276
2007-06-15,8.813737120078086
2007-06-16,8.792809680951423
2007-06-17,8.762530067195982
2007-06-18,8.740149974386341
2007-06-19,8.725669401846467
2007-06-20,8.719088347771155
2007-06-21,8.720406816065752
2007-06-22,8.72962480415018
2007-06-23,8.746742313270474
2007-06-24,8.771759344008295
2007-06-25,8.806878989952097
2007-06-26,8.85210125093675
2007-06-27,8.907426130042895
2007-06-28,8.972853625163362
2007-06-29,9.048383737667558
2007-06-30,9.134016464671678
2007-07-01,9.229751807502913
2007-07-02,9.287365012031271
2007-07-03,9.306856075913558
2007-07-04,9.288225001100155
2007-07-05,9.231471785801613
2007-07-06,9.13659643035935
2007-07-07,9.003598936066485
2007-07-08,8.83247930149951
2007-07-09,8.729684744067415
2007-07-10,8.695215260581083
2007-07-11,8.729070852916388
2007-07-12,8.831251522783697
2007-07-13,9.00175726721663
2007-07-14,9.240588088831517
2007-07-15,9.547743984859915
2007-07-16,9.510469659444755
2007-07-17,9.12876511369926
2007-07-18,8.402630347631012
2007-07-19,7.332065359603098
2007-07-20,5.917070149828977
2007-07-21,4.157644718051152
2007-07-22,2.053789065295149
2007-07-23,1.2016715770685558
2007-07-24,1.601292250291504
2007-07-25,3.2526510863486564
2007-07-26,6.1557480869730306
2007-07-27,10.310583250360082
2007-07-28,15.7171565788421
2007-07-29,22.375468071848083
2007-07-30,27.83343721542937
2007-07-31,32.091064015590455
2007-08-01,35.148348470715916
2007-08-02,37.05605453098124
2007-08-03,37.81418219929799
2007-08-04,37.42273147510065
2007-08-05,35.88170235839485
2007-08-06,33.76565041980602
2007-08-07,31.074575656511033
2007-08-08,27.80847807128319
2007-08-09,23.967357661145964
2007-08-10,19.551214428371754
2007-08-11,14.56004837149041
2007-08-12,8.993859489303674
2007-08-13,4.450858300961006
2007-08-14,0.9310448114513683
2007-08-15,-1.5655809840181405
2007-08-16,-3.039019083408199
2007-08-17,-3.4892694876330914
2007-08-18,-2.9163321983064385
2007-08-19,-1.3202072123856539
2007-08-20,0.05447733826110124
2007-08-21,1.2077214539060215
2007-08-22,2.1395251350494
2007-08-23,2.849888381378438
2007-08-24,3.3388111930451103
2007-08-25,3.606293571907802
2007-08-26,3.6523355131291098
2007-08-27,3.7988493359098534
2007-08-28,4.045835037038863
2007-08-29,4.393292617149893
2007-08-30,4.84122207538719
2007-08-31,5.389623414859198
2007-09-01,6.0384966302205605
2007-09-02,6.728646194139014
2007-09-03,7.376811938267785
2007-09-04,7.9829938648098295
2007-09-05,8.547191972181574
2007-09-06,9.0694062637287
2007-09-07,9.549636737886365
2007-09-08,9.987883392379711
2007-09-09,10.384146228332412
2007-09-10,10.759961109825547
2007-09-11,11.115328036393022
2007-09-12,11.450247006817564
2007-09-13,11.76471802114417
2007-09-14,12.058741080332414
2007-09-15,12.332316183780756
2007-09-16,12.585443334203323
2007-09-17,12.812547257578448
2007-09-18,13.013627956948046
2007-09-19,13.188685429911192
2007-09-20,13.337719678253283
2007-09-21,13.460730701896436
2007-09-22,13.557718500848337
2007-09-23,13.628683072722906
2007-09-24,13.675086550700405
2007-09-25,13.696928929933648
2007-09-26,13.694210213345654
2007-09-27,13.66693039936045
2007-09-28,13.615089487538643
2007-09-29,13.538687480257343
2007-09-30,13.437724377054066
2007-10-01,13.311744162381686
2007-10-02,13.189836731716879
2007-10-03,13.072002086677097
2007-10-04,12.958240222711913
2007-10-05,12.848551143634612
2007-10-06,12.742934848150195
2007-10-07,12.641391336188624
2007-10-08,12.544339538216823
2007-10-09,12.451779451045637
2007-10-10,12.36371107496203
2007-10-11,12.28013441335325
2007-10-12,12.201049462502299
2007-10-13,12.12645622415173
2007-10-14,12.0563546980914
2007-10-15,11.989472814649279
2007-10-16,11.925810575010287
2007-10-17,11.86536797779983
2007-10-18,11.8081450234879
2007-10-19,11.754141711290554
2007-10-20,11.703358041244256
2007-10-21,11.655794015320915
2007-10-22,11.616277989486477
2007-10-23,11.5848099642622
2007-10-24,11.5613899395931
2007-10-25,11.546017915394646
2007-10-26,11.538693891747442
2007-10-27,11.539417871139742
2007-10-28,11.54818984991456
2007-10-29,11.546364921829548
2007-10-30,11.533943088083145
2007-10-31,11.510924347188777
2007-11-01,11.477308700658854
2007-11-02,11.428892050181657
2007-11-03,11.365674394512526
2007-11-04,11.287655736104803
2007-11-05,11.266917957838855
2007-11-06,11.303461060713369
2007-11-07,11.397285046671586
2007-11-08,11.548389912478578
2007-11-09,11.756775661481942
2007-11-10,12.022442290407646
2007-11-11,12.345389801672725
2007-11-12,12.446925319216012
2007-11-13,12.327048842635499
2007-11-14,11.985760371632463
2007-11-15,11.423059906832012
2007-11-16,10.63894744877286
2007-11-17,9.63342299700933
2007-11-18,8.40648655095021
2007-11-19,7.520125267139569
2007-11-20,6.974339145431497
2007-11-21,6.769128184443062
2007-11-22,6.904492384604291
2007-11-23,7.380431747691349
2007-11-24,37.067134444698965
2007-11-25,9.35403595715212
2007-11-26,10.358813883337694
2007-11-27,11.211280051097638
2007-11-28,11.911434460055172
2007-11-29,12.459277111456021
2007-11-30,12.854808003580843
2007-12-01,13.098027137087493
2007-12-02,13.189276176992482
2007-12-03,13.053109288910852
2007-12-04,12.689526474849126
2007-12-05,12.098527733003445
2007-12-06,11.280113065896527
2007-12-07,10.234282472067012
2007-12-08,8.961035950160516
2007-12-09,7.460373500265904
2007-12-10,6.467117725146725
2007-12-11,5.981268624513961
2007-12-12,6.002826196777772
2007-12-13,6.531790440633632
2007-12-14,7.568161361612784
2007-12-15,41.8617161133569
2007-12-16,11.163123220992103
2007-12-17,12.520469112962509
2007-12-18,13.18397663173081
2007-12-19,13.15364577555701
2007-12-20,12.429476548068358
2007-12-21,11.011468944619336
2007-12-22,8.899622966470147
2007-12-23,6.093938611813739
2007-12-24,5.060276761968975
2007-12-25,5.798637414876525
2007-12-26,8.309020570654289
2007-12-27,12.591426226916623
2007-12-28,18.6458543874554
2007-12-29,26.472305051904666
2007-12-30,36.07077822340777
2007-12-31,42.94085033482335
2008-01-01,47.08252138947019
2008-01-02,48.482084889617155
2008-01-03,47.13954083507778
2008-01-04,43.054889224391204
2008-01-05,36.22813005653289
2008-01-06,26.659263332657904
2008-01-07,18.79110516695909
2008-01-08,12.623655556424227
2008-01-09,8.15691450215294
2008-01-10,5.39088200244055
2008-01-11,4.325558058695863
2008-01-12,4.960942669390045
2008-01-13,7.297035835372922
2008-01-14,9.163214852047547
2008-01-15,10.559479720737773
2008-01-16,11.485830440497647
2008-01-17,11.942267012531788
2008-01-18,11.928789436754641
2008-01-19,11.445397712905477
2008-01-20,10.492091839999892
2008-01-21,9.694684296672065
2008-01-22,9.053175080340633
2008-01-23,8.567564191914933
2008-01-24,8.23785163116282
2008-01-25,8.064037397713161
2008-01-26,8.046121492278331
2008-01-27,8.184103913986272
2008-01-28,8.067130903842624
2008-01-29,7.69520246232336
2008-01-30,7.068318584447249
2008-01-31,6.186479276481297
2008-02-01,5.049684535868657
2008-02-02,3.704097408370071
2008-02-03,2.1497178938000623
2008-02-04,1.4555052752713529
2008-02-05,1.6214595530093057
2008-02-06,2.647580728559614
2008-02-07,4.533868800822567
2008-02-08,7.280323769284813
2008-02-09,10.886945634892335
2008-02-10,15.353734399491437
2008-02-11,19.266470411192557
2008-02-12,22.625153671168444
2008-02-13,25.429784178343397
2008-02-14,27.68036193353838
2008-02-15,29.376886939368113
2008-02-16,30.51935919369797
2008-02-17,31.107778697081184
2008-02-18,30.92759640968566
2008-02-19,29.97881232903125
2008-02-20,28.26142646108066
2008-02-21,25.775438800975902
2008-02-22,22.52084934842212
2008-02-23,18.497658103617773
2008-02-24,13.705865067996353
2008-02-25,9.87614027876256
2008-02-26,7.008483737142992
2008-02-27,5.10289544075264
2008-02-28,4.159375390461383
2008-02-29,4.177923588716389
2008-03-01,5.158540031268368
2008-03-02,7.027571270955525
2008-03-03,8.597884112112755
2008-03-04,9.869478557474961
2008-03-05,10.842354605709414
2008-03-06,11.516512261232155
2008-03-07,11.891951517048856
2008-03-08,11.968672375283633
2008-03-09,11.74667484052361
2008-03-10,11.618308190424235
2008-03-11,11.583572426641418
2008-03-12,11.642467549443914
2008-03-13,11.794993555557738
2008-03-14,12.041150448954344
2008-03-15,12.38093822926472
2008-03-16,12.814356894154711
2008-03-17,12.910098848901786
2008-03-18,12.668164092509333
2008-03-19,12.088552624945752
2008-03-20,11.171264448810787
2008-03-21,9.916299559802685
2008-03-22,8.32365796063099
2008-03-23,6.393339649121268
2008-03-24,5.512139181396368
2008-03-25,5.680056556523718
2008-03-26,6.897091772811381
2008-03-27,9.16324482928094
2008-03-28,12.478515731011841
2008-03-29,16.84290447553016
2008-03-30,22.256411063170276
2008-03-31,25.887851547982166
2008-04-01,27.737225927507776
2008-04-02,27.897297086502558
2008-04-03,26.368065023109633
2008-04-04,23.149529736467418
2008-04-05,18.24169122657083
2008-04-06,11.644549491619866
2008-04-07,6.27583577936905
2008-04-08,2.1355500894054877
2008-04-09,-0.7763075795102843
2008-04-10,-2.4597372295134647
2008-04-11,-2.9147388574647124
2008-04-12,-2.141312465881068
2008-04-13,-0.1394580526951401
2008-04-14,1.2604749193547882
2008-04-15,2.058486450821597
2008-04-16,2.2545765408022476
2008-04-17,1.8487451909465378
2008-04-18,0.8409923999698492
2008-04-19,-0.7686818293450628
2008-04-20,-2.9802775025566675
2008-04-21,-3.619370325138064
2008-04-22,-2.685960298785595
2008-04-23,-0.18004742336344748
2008-04-24,3.8983683008551075
2008-04-25,9.549286874521815
2008-04-26,16.77270829962618
2008-04-27,25.568632574396695
2008-04-28,32.09874117981613
2008-04-29,36.36303411277216
2008-04-30,38.36151137549351
2008-05-01,38.09417296886619
2008-05-02,35.452171554208164
2008-05-03,30.435507130981428
2008-05-04,23.044179697691312
2008-05-05,17.034332229179746
2008-05-06,12.40596472372859
2008-05-07,9.159077181634055
2008-05-08,7.2936696014813744
2008-05-09,6.809741984325864
2008-05-10,7.70729432873949
2008-05-11,9.986326636882108
2008-05-12,11.893564306489516
2008-05-13,13.429007337291658
2008-05-14,14.592655729836771
2008-05-15,15.384509486405758
2008-05-16,15.804568604485967
2008-05-17,15.852833084632397
2008-05-18,15.529302926366999
2008-05-19,15.009260676913907
2008-05-20,14.292706340228408
2008-05-21,13.379639912800561
2008-05-22,12.27006139112841
2008-05-23,10.96397078067969
2008-05-24,9.461368081474276
2008-05-25,7.762253289835412
2008-05-26,6.896860499976526
2008-05-27,6.865189710562193
2008-05-28,7.66724092177801
2008-05-29,9.303014136109942
2008-05-30,11.772509351763224
2008-05-31,15.075726568999556
2008-06-01,19.212665786712332
2008-06-02,22.636500646700632
2008-06-03,25.34723114922507
2008-06-04,27.344857295151314
2008-06-05,28.62937908042377
2008-06-06,29.200796509196664
2008-06-07,29.059109579747084
2008-06-08,28.204318294374914
2008-06-09,26.772103252468895
2008-06-10,24.762464456065548
2008-06-11,22.175401904161074
2008-06-12,19.01091559600857
2008-06-13,15.269005534086055
2008-06-14,10.949671714522523
2008-06-15,6.052914137228015
2008-06-16,2.0539722264332454
2008-06-17,-1.0471540197086853
2008-06-18,-3.2504646025171056
2008-06-19,-4.555959521914776
2008-06-20,-4.963638775640845
2008-06-21,-4.473502367041458
2008-06-22,-3.0855502934570076
2008-06-23,-1.8616302863986114
2008-06-24,-0.8017423462159137
2008-06-25,0.09411352958193575
2008-06-26,0.8259373386410225
2008-06-27,1.393729081188642
2008-06-28,1.7974887600005118
2008-06-29,2.0372163734643145
2008-06-30,2.37502282403225
2008-07-01,2.810908114261359
2008-07-02,3.263788850300891
2008-07-03,3.733665033599298
2008-07-04,4.220536664196445
2008-07-05,4.7244037407346156
2008-07-06,5.245266264732653
2008-07-07,5.763764487820019
2008-07-08,6.279898409688174
2008-07-09,6.793668030536082
2008-07-10,7.305073349684372
2008-07-11,7.814114370329168
2008-07-12,8.320791088945407
2008-07-13,8.82510350678459
2008-07-14,9.144799680789735
2008-07-15,9.279879607531567
2008-07-16,9.230343289616327
2008-07-17,8.996190726167132
2008-07-18,8.577421916935469
2008-07-19,7.974036862092646
2008-07-20,7.186035561093485
2008-07-21,6.984567035480508
2008-07-22,7.369631288532261
2008-07-23,8.341228314952632
2008-07-24,9.899358117813769
2008-07-25,12.044020698003719
2008-07-26,14.77521605466245
2008-07-27,18.09294418835195
2008-07-28,21.368240946963766
2008-07-29,24.60110632872218
2008-07-30,60.54131749695058
2008-07-31,30.939542970220728
2008-08-01,34.045114228887286
2008-08-02,37.1501596422111
2008-08-03,40.254679211029156
2008-08-04,41.809654735435835
2008-08-05,41.81508621676129
2008-08-06,40.27097365394496
2008-08-07,37.177317046673124
2008-08-08,32.5341163943051
2008-08-09,26.341371697354916
2008-08-10,18.599082955239773
2008-08-11,12.224311567117429
2008-08-12,7.217057532339716
2008-08-13,3.5773208517939885
2008-08-14,1.305101523030494
2008-08-15,0.4003995499158286
2008-08-16,0.8632149251634615
2008-08-17,2.6935476555638083
2008-08-18,4.248687731041144
2008-08-19,5.528635152749853
2008-08-20,6.533389917195503
2008-08-21,7.262952028814308
2008-08-22,7.717321484448227
2008-08-23,7.896498287563656
2008-08-24,7.8004824355332545
2008-08-25,7.55141675548175
2008-08-26,7.149301246866926
2008-08-27,6.594135911756389
2008-08-28,5.885920749370218
2008-08-29,5.02465575889528
2008-08-30,4.010340938763113
2008-08-31,2.842976292222156
2008-09-01,2.6614326622897266
2008-09-02,3.4410305844532676
2008-09-03,5.181770059494067
2008-09-04,7.883651086647859
2008-09-05,11.54667366463935
2008-09-06,16.1708377975753
2008-09-07,21.756143482696665
2008-09-08,25.74228468496959
2008-09-09,28.1292614028839
2008-09-10,28.917073637211068
2008-09-11,28.105721390073843
2008-09-12,25.695204660438698
2008-09-13,21.685523446679774
2008-09-14,16.076677749458394
2008-09-15,11.512022043725139
2008-09-16,7.99155633104391
2008-09-17,5.515280609406611
2008-09-18,4.083194878597835
2008-09-19,3.695299138849734
2008-09-20,4.351593389148194
2008-09-21,6.052077632138088
2008-09-22,7.232257770497455
2008-09-23,7.892133806080254
2008-09-24,8.03170574013956
2008-09-25,7.6509735702616695
2008-09-26,6.749937297981754
2008-09-27,5.328596923146305
2008-09-28,3.3869524453143605
2008-09-29,1.9452740146015977
2008-09-30,30.696692922416364
2008-10-01,0.5618152905843274
2008-10-02,0.642943810201988
2008-10-03,1.2469471836409873
2008-10-04,2.3738254180068274
2008-10-05,4.023578506727791
2008-10-06,5.142789648363035
2008-10-07,5.731458839726123
2008-10-08,5.789586083874802
2008-10-09,5.317171381029603
2008-10-10,4.314214728102321
2008-10-11,2.780716127984814
2008-10-12,0.7166755775359874
2008-10-13,-0.1435362124466124
2008-10-14,0.20008075612208742
2008-10-15,1.7475264825540577
2008-10-16,4.498800967421065
2008-10-17,8.453904212571025
2008-10-18,13.612836217208038
2008-10-19,19.975596981777766
2008-10-20,24.543635677120744
2008-10-21,27.316952307395233
2008-10-22,28.29554686813308
2008-10-23,27.4794193624415
2008-10-24,24.868569791291204
2008-10-25,20.462998149983534
2008-10-26,14.26270444205209
2008-10-27,9.186108979195268
2008-10-28,5.233211757486167
2008-10-29,2.4040127801508433
2008-10-30,0.6985120446155406
2008-10-31,0.11670955163744523
2008-11-01,0.658605300785041
2008-11-02,2.304700982670102
2008-11-03,3.731294784779781
2008-11-04,4.938386710843812
2008-11-05,5.925976754835311
2008-11-06,6.6940649213731405
2008-11-07,7.242651206379215
2008-11-08,7.571735615160943
2008-11-09,7.681318142473305
2008-11-10,7.541171416213327
2008-11-11,7.15129543009731
2008-11-12,6.511690187679708
2008-11-13,5.622355689384808
2008-11-14,4.483291933870742
2008-11-15,3.0944989202007243
2008-11-16,1.4559766495790285
2008-11-17,1.0161148653568617
2008-11-18,1.7749135693606384
2008-11-19,3.7323727612038056
2008-11-20,6.888492439998057
2008-11-21,11.243272606198701
2008-11-22,16.796713260890726
2008-11-23,23.548814403067254
2008-11-24,28.149834842003905
2008-11-25,30.599774576565544
2008-11-26,30.8986336065738
2008-11-27,29.04641193340666
2008-11-28,25.043109556688307
2008-11-29,18.888726474626406
2008-11-30,10.583262689107475
2008-12-01,4.71209349106487
2008-12-02,1.2783739192414885
2008-12-03,0.28210397250287755
2008-12-04,1.72328364989594
2008-12-05,5.601912952582026
2008-12-06,11.917991882061902
2008-12-07,20.671520436943183
2008-12-08,26.84308262144428
2008-12-09,30.432678437750443
2008-12-10,31.440307882922042
2008-12-11,29.865970961948637
2008-12-12,25.70966766962972
2008-12-13,18.971398008369068
2008-12-14,9.651161977483618
2008-12-15,2.989240595311589
2008-12-16,-1.0143661402863167
2008-12-17,-2.359658228450492
2008-12-18,-1.0466356685612972
2008-12-19,2.9247015387713162
2008-12-20,9.554353393565062
2008-12-21,18.84231989527992
2008-12-22,51.30792351367067
2008-12-23,29.497941265122527
2008-12-24,30.86559613199906
2008-12-25,29.59314712182547
2008-12-26,25.68059423352831
2008-12-27,19.127937465764077
2008-12-28,9.935176820279892
2008-12-29,2.915821788225344
2008-12-30,-1.9301276329617352
2008-12-31,-4.602671442750879
2009-01-01,-5.101809639017894
2009-01-02,-3.3990397991528276
2009-01-03,0.5056380786292571
2009-01-04,6.612223993782493
2009-01-05,11.530849236029699
2009-01-06,15.261513804427672
2009-01-07,17.804217701006166
2009-01-08,19.15896092370213
2009-01-09,19.32574347353985
2009-01-10,18.304565350199486
2009-01-11,16.09542655540232
2009-01-12,14.51656110280678
2009-01-13,13.567968995106355
2009-01-14,13.249650230051557
2009-01-15,13.561604806962471
2009-01-16,14.503832727912872
2009-01-17,16.076333991885214
2009-01-18,18.279108599578723
2009-01-19,20.07626929267495
2009-01-20,21.467816071700234
2009-01-21,22.453748936907544
2009-01-22,23.034067889116912
2009-01-23,23.208772926770155
2009-01-24,22.97786405142348
2009-01-25,22.34134126322458
2009-01-26,21.395516114783977
2009-01-27,20.140388609632144
2009-01-28,18.5759587448494
2009-01-29,16.702226520110028
2009-01-30,14.519191936731389
2009-01-31,12.026854992942951
2009-02-01,9.225215689318151
2009-02-02,6.816298330112286
2009-02-03,4.800102912561055
2009-02-04,3.1766294375569792
2009-02-05,1.945877906931024
2009-02-06,1.1078483185262158
2009-02-07,0.6625406718890758
2009-02-08,0.6099549686307242
2009-02-09,1.2808441378614823
2009-02-10,2.6752081800298804
2009-02-11,4.793047094085811
2009-02-12,7.6343608817379405
2009-02-13,11.199149542706072
2009-02-14,15.48741307739452
2009-02-15,20.499151485735528
2009-02-16,24.126117128722402
2009-02-17,26.368310005508782
2009-02-18,27.225730115723373
2009-02-19,26.698377460569944
2009-02-20,24.786252039753006
2009-02-21,21.48935385168812
2009-02-22,16.807682898412857
2009-02-23,12.789625540441376
2009-02-24,9.435181777840649
2009-02-25,6.7443516095182385
2009-02-26,4.717135036613918
2009-02-27,3.3535320562098505
2009-02-28,2.653542671724173
2009-03-01,2.6171668815554767
2009-03-02,3.234221154997069
2009-03-03,4.504705488327719
2009-03-04,6.428619886086304
2009-03-05,9.005964345773782
2009-03-06,12.236738871125517
2009-03-07,16.120943459177827
2009-03-08,20.65857811189732
2009-03-09,23.875101141198968
2009-03-10,25.770512553994635
2009-03-11,26.34481234505668
2009-03-12,25.598000516625852
2009-03-13,23.53007706688765
2009-03-14,20.141041995251406
2009-03-15,15.430895305389146
2009-03-16,11.326222009804185
2009-03-17,7.827022106153965
2009-03-18,4.933295596961827
2009-03-19,2.64504248193305
2009-03-20,0.9622627597793745
2009-03-21,-0.1150435695375549
2009-03-22,-0.5868765051268277
2009-03-23,-0.18349424231689326
2009-03-24,1.0951032237000575
2009-03-25,3.2489158890240617
2009-03-26,6.277943754426516
2009-03-27,10.182186822402436
2009-03-28,14.961645092033702
2009-03-29,20.616318562432422
2009-03-30,24.35522459392831
2009-03-31,26.1783631866764
2009-04-01,58.835511499734054
2009-04-02,24.097195491471652
2009-04-03,20.212746639316947
2009-04-04,14.432387786745938
2009-04-05,6.756118930349494
2009-04-06,1.4397763590633836
2009-04-07,-1.5166399283027694
2009-04-08,-2.1131299336586515
2009-04-09,-0.3496936545342173
2009-04-10,3.7736689088633426
2009-04-11,10.256957754081032
2009-04-12,19.100172887162678
2009-04-13,25.440090109793125
2009-04-14,29.276709425221235
2009-04-15,30.61003083438148
2009-04-16,29.440054335211833
2009-04-17,25.766779929192467
2009-04-18,19.59020761628697
2009-04-19,10.91033739298361
2009-04-20,4.4613800203215845
2009-04-21,0.2433354959163978
2009-04-22,-1.743796180396533
2009-04-23,-1.500015009369445
2009-04-24,0.9746790110012604
2009-04-25,5.680285877319825
2009-04-26,12.616805594151526
2009-04-27,17.693101971392704
2009-04-28,20.90917501031539
2009-04-29,22.26502471275574
2009-04-30,54.23331473852178
2009-05-01,19.39605410481212
2009-05-02,15.137373960351837
2009-05-03,8.98461064111363
2009-05-04,4.667853589504087
2009-05-05,2.1871028047894363
2009-05-06,1.542358281271511
2009-05-07,2.7336200239017288
2009-05-08,5.760888030793666
2009-05-09,10.624162304150445
2009-05-10,17.32344284395014
2009-05-11,22.287868162644664
2009-05-12,25.51743826286956
2009-05-13,27.012153144788584
2009-05-14,26.772012809100055
2009-05-15,24.797017254532033
2009-05-16,21.087166480944482
2009-05-17,15.642460486497942
2009-05-18,10.949400416931681
2009-05-19,7.00798627032372
2009-05-20,3.8182180438016644
2009-05-21,1.3800957401656078
2009-05-22,-0.3063806420282944
2009-05-23,-1.2412111024624437
2009-05-24,-1.4243956408294913
2009-05-25,-0.8612582775933362
2009-05-26,0.4482009868223855
2009-05-27,2.503982155368842
2009-05-28,5.306085225030486
2009-05-29,8.854510196929272
2009-05-30,13.149257073348373
2009-05-31,18.19032585257401
2009-06-01,21.489951300023748
2009-06-02,23.092296270699563
2009-06-03,22.997360764163673
2009-06-04,21.205144780651846
2009-06-05,17.715648321196518
2009-06-06,12.528871382397217
2009-06-07,5.64481396574844
2009-06-08,0.7198769943811563
2009-06-09,-2.24593953329477
2009-06-10,-3.2526356186577736
2009-06-11,-2.300211260370574
2009-06-12,0.6113335410534937
2009-06-13,5.481998787346264
2009-06-14,12.311784477069384
2009-06-15,18.019036447162936
2009-06-16,22.60375470002031
2009-06-17,26.06593923632889
2009-06-18,28.405590054420223
2009-06-19,29.622707157015732
2009-06-20,29.7172905422646
2009-06-21,28.689340209943918
2009-06-22,27.132702587254528
2009-06-23,25.047377670130317
2009-06-24,22.433365460309684
2009-06-25,19.290665956441376
2009-06-26,15.619279160244382
2009-06-27,11.419205069973081
2009-06-28,6.69044368595349
2009-06-29,3.4251279001706436
2009-06-30,1.6232577127571233
2009-07-01,1.284833124311156
2009-07-02,2.3601322154166766
2009-07-03,4.849154985001682
2009-07-04,8.751901431214332
2009-07-05,14.068371557044866
2009-07-06,18.94372341738144
2009-07-07,23.377957013240984
2009-07-08,27.371072344305574
2009-07-09,30.923069408807024
2009-07-10,34.03394821004151
2009-07-11,36.70370874765185
2009-07-12,38.93235102102127
2009-07-13,39.857197040307256
2009-07-14,39.47824680331279
2009-07-15,37.79550031036675
2009-07-16,34.80895756322953
2009-07-17,30.51861856105871
2009-07-18,24.924483300758837
2009-07-19,18.026551785387426
2009-07-20,12.384242348317336
2009-07-21,7.99755498999032
2009-07-22,4.866489710099623
2009-07-23,2.9910465071067787
2009-07-24,2.371225381788939
2009-07-25,3.00702633477877
2009-07-26,4.898449364656793
2009-07-27,6.228719078572393
2009-07-28,6.997835476816126
2009-07-29,7.205798558957273
2009-07-30,6.852608325838343
2009-07-31,5.938264774877698
2009-08-01,4.462767911120153
2009-08-02,2.4660637854303538
2009-08-03,1.4195206689082163
2009-08-04,1.3231385598229366
2009-08-05,2.1769174557403055
2009-08-06,3.980857361495101
2009-08-07,6.734958273181359
2009-08-08,10.439220193027914
2009-08-09,15.093643122070969
2009-08-10,18.807607365398226
2009-08-11,21.581112925271597
2009-08-12,23.41415980091203
2009-08-13,24.306747992731875
2009-08-14,24.25887750028793
2009-08-15,23.270548323639566
2009-08-16,21.341760464546873
2009-08-17,19.83378752548302
2009-08-18,18.746629507758104
2009-08-19,18.080286410498733
2009-08-20,17.834758234717853
2009-08-21,18.010044978822183
2009-08-22,18.606146645457635
2009-08-23,19.623063231334594
2009-08-24,20.003499969570864
2009-08-25,19.747456859174914
2009-08-26,18.854933899778576
2009-08-27,17.325931091596182
2009-08-28,15.160448435081253
2009-08-29,12.358485927747282
2009-08-30,8.920043572588462
2009-08-31,6.020167157385444
2009-09-01,3.6588566830053146
2009-09-02,1.811117870263594
2009-09-03,0.4769507208314181
2009-09-04,-0.3436447692122542
2009-09-05,-0.6506685967293251
2009-09-06,-0.4441207634256692
2009-09-07,0.18891753420125568
2009-09-08,1.2484462954483675
2009-09-09,2.7344655210614874
2009-09-10,4.6469752113803935
2009-09-11,6.985975365410493
2009-09-12,9.751465984973503
2009-09-13,12.943447068223389
2009-09-14,15.798727619664312
2009-09-15,18.317307638797413
2009-09-16,20.49918712673605
2009-09-17,22.344366081724154
2009-09-18,23.85284450712967
2009-09-19,25.024622399727445
2009-09-20,25.859699762418376
2009-09-21,25.767794747269452
2009-09-22,24.748907354532815
2009-09-23,22.80303758510485
2009-09-24,19.930185437291456
2009-09-25,16.130350912682065
2009-09-26,11.403534009361575
2009-09-27,5.749734727402583
2009-09-28,1.88272404200152
2009-09-29,-0.19749804775020863
2009-09-30,-0.4909315426288785
2009-10-01,1.0024235581108236
2009-10-02,4.2950079016118
2009-10-03,9.386821489458988
2009-10-04,16.277864321329776
2009-10-05,21.101795891554676
2009-10-06,23.85861620256287
2009-10-07,24.548325252438833
2009-10-08,23.170923042334152
2009-10-09,50.23828529415253
2009-10-10,14.21478484208951
2009-10-11,6.636048849266256
2009-10-12,1.2710154395564501
2009-10-13,-1.880315388749409
2009-10-14,-2.8179436372467386
2009-10-15,-1.5418693044323888
2009-10-16,1.947907607614411
2009-10-17,7.651387101525081
2009-10-18,15.568569178344298
2009-10-19,22.16118832966234
2009-10-20,27.4292445551686
2009-10-21,31.372737860334723
2009-10-22,33.99166824074585
2009-10-23,35.28603570001074
2009-10-24,35.25584023676508
2009-10-25,33.90108184802403
2009-10-26,32.297516727657644
2009-10-27,30.44514487386472
2009-10-28,28.34396628316257
2009-10-29,25.993980960337176
2009-10-30,23.395188901981932
2009-10-31,20.54759010731142
2009-11-01,17.451184579862684
2009-11-02,15.182931658924726
2009-11-03,13.742831346144769
2009-11-04,13.13088364233413
2009-11-05,13.347088546541759
2009-11-06,14.391446058584382
2009-11-07,16.26395617957438
2009-11-08,18.964618907922656
2009-11-09,20.94668427381642
2009-11-10,22.210152278056807
2009-11-11,22.75502291832313
2009-11-12,22.58129619753249
2009-11-13,46.175728575585964
2009-11-14,20.07805066942826
2009-11-15,17.748531860759133
2009-11-16,16.0666883208717
2009-11-17,15.032520045872403
2009-11-18,14.646027038701522
2009-11-19,14.90720929836144
2009-11-20,15.816066824616836
2009-11-21,17.37259961591069
2009-11-22,19.576807676189688
2009-11-23,21.230497497363704
2009-11-24,22.333669077801982
2009-11-25,22.886322420700864
2009-11-26,22.888457524495504
2009-11-27,22.340074389816397
2009-11-28,21.241173017774194
2009-11-29,19.59175340532038
2009-11-30,18.203439340584083
2009-12-01,17.076230823251684
2009-12-02,16.237198215490462
2009-12-03,15.686341515382853
2009-12-04,15.423660724162794
2009-12-05,15.449155843128104
2009-12-06,15.762826870790867
2009-12-07,15.87775984091175
2009-12-08,15.793954753339893
2009-12-09,15.51141160800022
2009-12-10,15.030130406410251
2009-12-11,14.350111146601382
2009-12-12,46.22113099004946
2009-12-13,12.393858453532115
2009-12-14,11.914413865895565
2009-12-15,12.03302006235786
2009-12-16,12.74967704593842
2009-12-17,14.06438481420535
2009-12-18,15.977143369667946
2009-12-19,18.48795271120761
2009-12-20,21.596812840581123
2009-12-21,24.210691859938688
2009-12-22,26.329589772743354
2009-12-23,27.953506578944076
2009-12-24,29.082442277065905
2009-12-25,29.716396867864216
2009-12-26,29.855370352660373
2009-12-27,29.499362729110274
2009-12-28,29.025057250687592
2009-12-29,28.432453915739323
2009-12-30,27.721552725098288
2009-12-31,26.892353676508925
2010-01-01,25.944856771924364
2010-01-02,24.853889497143236
2010-01-03,23.619451854180756
2010-01-04,22.53718071916235
2010-01-05,21.607076098083247
2010-01-06,20.8291379888482
2010-01-07,20.203366391807577
2010-01-08,19.72976130584191
2010-01-09,19.40832273057866
2010-01-10,19.239050668190735
2010-01-11,19.158556152328156
2010-01-12,19.166839183924186
2010-01-13,19.26389976052935
2010-01-14,19.449737885519074
2010-01-15,19.72435355621016
2010-01-16,20.08774677312919
2010-01-17,20.539917538555198
2010-01-18,20.951116483073918
2010-01-19,21.321343603464978
2010-01-20,21.650598904372387
2010-01-21,21.93888238466707
2010-01-22,22.18619404261552
2010-01-23,22.392533879869948
2010-01-24,22.55790189494966
2010-01-25,21.92266601911876
2010-01-26,20.486826252556416
2010-01-27,18.250382596528528
2010-01-28,15.213335047668071
2010-01-29,11.375683605983749
2010-01-30,6.737428273589099
2010-01-31,1.298569048304735
2010-02-01,-2.340987541888836
2010-02-02,-4.182872179655053
2010-02-03,-4.2270848625593835
2010-02-04,-2.4736255916350203
2010-02-05,1.0775056331151625
2010-02-06,6.4263088128755115
2010-02-07,13.572783946578799
2010-02-08,19.232580382450845
2010-02-09,23.405698121424344
2010-02-10,26.092137162073048
2010-02-11,27.291897508843746
2010-02-12,27.00497915577603
2010-02-13,25.231382106438616
2010-02-14,21.97110636114693
2010-02-15,19.40682399960753
2010-02-16,17.538535019211693
2010-02-17,16.366239423569013
2010-02-18,15.889937209662197
2010-02-19,16.10962837852453
2010-02-20,17.025312930132404
2010-02-21,18.636990866319774
2010-02-22,19.91614679982247
2010-02-23,20.86278073109141
2010-02-24,21.476892663319546
2010-02-25,21.758482594565944
2010-02-26,21.707550524218842
2010-02-27,21.324096455267423
2010-02-28,20.60812038191301
2010-03-01,19.9296764473741
2010-03-02,19.31137687423001
2010-03-03,18.7532216623863
2010-03-04,18.25521081182358
2010-03-05,17.817344322530676
2010-03-06,17.439622194354584
2010-03-07,17.12204442770516
2010-03-08,16.66672873838669
2010-03-09,16.073675126984153
2010-03-10,15.342883593585583
2010-03-11,14.474354139309902
2010-03-12,13.468086761045491
2010-03-13,12.324081462156563
2010-03-14,11.042338237931524
2010-03-15,10.353349573578559
2010-03-16,10.257115468375659
2010-03-17,10.753635922640793
2010-03-18,11.842910933722198
2010-03-19,13.524940504402057
2010-03-20,15.799724632473787
2010-03-21,45.5220805943996
2010-03-22,20.76617726596433
2010-03-23,22.096466461458206
2010-03-24,22.65813090941827
2010-03-25,22.45117061355763
2010-03-26,21.47558557056876
2010-03-27,19.731375781440804
2010-03-28,17.218541244087408
2010-03-29,15.532670272402868
2010-03-30,14.673762866022006
2010-03-31,14.641819023758135
2010-04-01,15.436838745787014
2010-04-02,17.036233969719813
2010-04-03,19.44000469608941
2010-04-04,22.64815092760499
2010-04-05,24.802809746873073
2010-04-06,25.903981154286203
2010-04-07,25.95166514985728
2010-04-08,24.945861736950015
2010-04-09,22.88657091102256
2010-04-10,19.77379267536847
2010-04-11,15.60752702554101
2010-04-12,12.609825040274945
2010-04-13,10.780686719445747
2010-04-14,32.17162868376751
2010-04-15,10.628101068115626
2010-04-16,12.304653736970735
2010-04-17,15.149770068893698
2010-04-18,19.163450064832674
2010-04-19,22.259043545937033
2010-04-20,24.43655051239248
2010-04-21,25.695970962280814
2010-04-22,26.037304897473927
2010-04-23,25.460552319381833
2010-04-24,23.965713225696767
2010-04-25,21.552787618223388
2010-04-26,19.494006795413856
2010-04-27,17.789370757865605
2010-04-28,16.43887950863972
2010-04-29,15.442533046245714
2010-04-30,14.800331366107798
2010-05-01,14.51227447377066
2010-05-02,14.591179585707508
2010-05-03,14.898754162987242
2010-05-04,15.434998204247304
2010-05-05,16.19991171021064
2010-05-06,17.19349468073525
2010-05-07,18.415747116905415
2010-05-08,19.866669017144545
2010-05-09,21.54626038144248
2010-05-10,22.852019788337714
2010-05-11,23.78394723456977
2010-05-12,24.342042723021855
2010-05-13,24.52630625415594
2010-05-14,24.336737825057497
2010-05-15,23.773337437880215
2010-05-16,22.836105091791318
2010-05-17,22.124081111418842
2010-05-18,21.63726549515307
2010-05-19,21.375658245180105
2010-05-20,21.339259359706574
2010-05-21,21.528068840760515
2010-05-22,21.942086685670397
2010-05-23,22.58131289500396
2010-05-24,23.018172359610407
2010-05-25,23.25266507819822
2010-05-26,23.284791050923324
2010-05-27,23.11455027659774
2010-05-28,22.741942757276348
2010-05-29,22.16696849110614
2010-05-30,21.389627480432683
2010-05-31,20.076222569634233
2010-06-01,18.226753758407735
2010-06-02,15.827201296331431
2010-06-03,12.877565183166379
2010-06-04,30.283119838259122
2010-06-05,5.328042000822318
2010-06-06,0.7281549303334884
2010-06-07,-2.192726545226151
2010-06-08,-3.4346024257186336
2010-06-09,-2.997472710891845
2010-06-10,-0.8813374020279561
2010-06-11,2.9138035021108912
2010-06-12,8.387950001686445
2010-06-13,15.541102097467686
2010-06-14,21.164217429219477
2010-06-15,25.257295995906148
2010-06-16,27.820337799953926
2010-06-17,28.853342840674898
2010-06-18,28.356311117892503
2010-06-19,26.32924263204605
2010-06-20,22.772137382801443
2010-06-21,19.8007469185254
2010-06-22,17.415071241573735
2010-06-23,15.615110351219073
2010-06-24,14.400864244360623
2010-06-25,13.772332923648015
2010-06-26,13.72951638853764
2010-06-27,14.272414639272387
2010-06-28,15.065719851577317
2010-06-29,16.109432024773135
2010-06-30,17.403551160926753
2010-07-01,18.948077259649455
2010-07-02,20.76208122562041
2010-07-03,22.84556306024899
2010-07-04,25.198522761835875
2010-07-05,26.031627800449712
2010-07-06,25.34487817512285
2010-07-07,23.13827388385454
2010-07-08,19.41181492784031
2010-07-09,14.165501307058204
2010-07-10,7.399333020102933
2010-07-11,-0.8866899318321089
2010-07-12,-6.468052471894357
2010-07-13,-9.344754601033472
2010-07-14,-9.516796317635634
2010-07-15,-6.984177620747044
2010-07-16,-1.746898514143723
2010-07-17,6.195041005041126
2010-07-18,16.84164093780734
2010-07-19,24.933845184746396
2010-07-20,30.47165374774619
2010-07-21,33.45506662650642
2010-07-22,33.88408381940856
2010-07-23,31.75870533087006
2010-07-24,27.07893115746836
2010-07-25,19.84476129934573
2010-07-26,14.436819733103835
2010-07-27,10.855106457911486
2010-07-28,9.09962147451699
2010-07-29,9.170364784367006
2010-07-30,11.06733638386045
2010-07-31,14.790536273730869
2010-08-01,20.33996445584137
2010-08-02,24.791745339808834
2010-08-03,28.145878924644254
2010-08-04,30.402365209381543
2010-08-05,31.56120419558935
2010-08-06,31.62239588196624
2010-08-07,30.585940271977567
2010-08-08,28.451837362164515
2010-08-09,26.23024394413477
2010-08-10,23.921160017892145
2010-08-11,21.524585583836984
2010-08-12,19.04052063885974
2010-08-13,16.468965185760727
2010-08-14,13.809919223349372
2010-08-15,43.81315991352835
2010-08-16,9.362511228311284
2010-08-17,8.707304652421858
2010-08-18,9.097763021836656
2010-08-19,10.533886342019748
2010-08-20,13.015674608343378
2010-08-21,16.54312782269691
2010-08-22,21.116245985350034
2010-08-23,24.395390700457
2010-08-24,26.380561965935318
2010-08-25,27.07175978627241
2010-08-26,26.46898415750937
2010-08-27,24.57223508045934
2010-08-28,21.38151255513857
2010-08-29,16.896816582235118
2010-08-30,13.405944620744435
2010-08-31,10.908896667774709
2010-09-01,9.405672723548307
2010-09-02,8.901353605129362
2010-09-03,9.395939308695972
2010-09-04,10.889429836868839
2010-09-05,13.381825189122463
2010-09-06,15.204325697599632
2010-09-07,16.356931365556278
2010-09-08,16.839642192355516
2010-09-09,16.6524581758055
2010-09-10,15.795379317230687
2010-09-11,14.268405616757668
2010-09-12,12.071537074862455
2010-09-13,10.559683107195209
2010-09-14,9.732843711508721
2010-09-15,9.591018887930183
2010-09-16,10.134208639853764
2010-09-17,11.362412963204928
2010-09-18,13.275631860981562
2010-09-19,15.873865330313851
2010-09-20,18.035786694088813
2010-09-21,19.761395951617228
2010-09-22,21.05069310493987
2010-09-23,21.903678151549986
2010-09-24,22.32035109191524
2010-09-25,22.300711927437977
2010-09-26,21.844760657913824
2010-09-27,21.347278164043527
2010-09-28,20.8082644464408
2010-09-29,20.227719501981476
2010-09-30,19.605643335761947
2010-10-01,18.942035945474668
2010-10-02,18.22734387760719
2010-10-03,17.461567134700907
2010-10-04,17.20052948584287
2010-10-05,17.44423092843908
2010-10-06,18.19267146681944
2010-10-07,19.445851096248642
2010-10-08,21.203769820405164
2010-10-09,23.466427637725356
2010-10-10,26.233824550345975
2010-10-11,28.499379632008864
2010-10-12,30.26309288585732
2010-10-13,31.524964311852585
2010-10-14,32.28499390921466
2010-10-15,32.54318167807972
2010-10-16,32.29952761909715
2010-10-17,31.554031730573413
2010-10-18,30.55755066087727
2010-10-19,29.310084405503357
2010-10-20,27.811632965591496
2010-10-21,26.06219634175818
2010-10-22,24.06177453460919
2010-10-23,21.810367543163455
2010-10-24,19.30797536607178
2010-10-25,17.259760945574822
2010-10-26,15.665724279185078
2010-10-27,14.525865370270932
2010-10-28,13.840184216999937
2010-10-29,13.60868081884286
2010-10-30,13.831355175551717
2010-10-31,14.508207287541385
2010-11-01,15.02850977756659
2010-11-02,15.400370454238729
2010-11-03,15.62378931632741
2010-11-04,15.698766364813213
2010-11-05,15.6253015999377
2010-11-06,15.40339502140574
2010-11-07,15.033046629928801
2010-11-08,14.788024217294481
2010-11-09,14.668327785673497
2010-11-10,14.673957335293935
2010-11-11,14.804912864946935
2010-11-12,15.061194373253596
2010-11-13,15.44280186367294
2010-11-14,15.94973533469457
2010-11-15,16.3995559485841
2010-11-16,16.79226370679425
2010-11-17,17.127858607673698
2010-11-18,17.406340654192668
2010-11-19,17.62770984466869
2010-11-20,17.791966178504502
2010-11-21,17.89910965561107
2010-11-22,34.2246907339498
2010-11-23,17.870772900358816
2010-11-24,17.735292666652697
2010-11-25,17.518937862431642
2010-11-26,17.22170848771855
2010-11-27,16.843604543671045
2010-11-28,16.384626028173017
2010-11-29,15.779754121134001
2010-11-30,15.028988821774334
2010-12-01,34.027819757384364
2010-12-02,13.091327963573864
2010-12-03,11.905982314755391
2010-12-04,10.576293186683184
2010-12-05,9.10226057937037
2010-12-06,8.642355310789348
2010-12-07,9.196577379701555
2010-12-08,10.76492678574493
2010-12-09,13.347403529751247
2010-12-10,16.944007613335724
2010-12-11,21.554739033960296
2010-12-12,27.179597793653592
2010-12-13,31.10715587284805
2010-12-14,33.33741327149377
2010-12-15,33.87036999205195
2010-12-16,32.70602603256688
2010-12-17,29.844381391774796
2010-12-18,25.285436073431153
2010-12-19,19.029190074068993
2010-12-20,14.783538047392753
2010-12-21,12.548479993641607
2010-12-22,39.93459727074654
2010-12-23,14.110145800720968
2010-12-24,17.90686966304582
2010-12-25,23.714187496386096
2010-12-26,31.532099303867817
2010-12-27,37.63164969198334
2010-12-28,42.01283866220274
2010-12-29,44.675666214101625
2010-12-30,45.62013234829729
2010-12-31,44.84623706540873
2011-01-01,42.35398036511994
2011-01-02,38.14372701475456
2011-01-03,34.25260748852662
2011-01-04,30.68062178360485
2011-01-05,27.4277699002618
2011-01-06,24.49405184006917
2011-01-07,21.87946759943294
2011-01-08,19.584017180420357
2011-01-09,17.607700580725098
2011-01-10,16.157647836126106
2011-01-11,15.2338589454098
2011-01-12,14.836333907749363
2011-01-13,14.965072722498526
2011-01-14,15.620075392554828
2011-01-15,16.80134191548261
2011-01-16,18.50887229255273
2011-01-17,20.352441805118417
2011-01-18,22.33205045247063
2011-01-19,24.447698234862525
2011-01-20,26.69938515364049
2011-01-21,29.087111207867743
2011-01-22,31.610876398178867
2011-01-23,34.27068072470213
2011-01-24,35.992588618188414
2011-01-25,36.77660007752093
2011-01-26,36.62271510235166
2011-01-27,35.53093369388253
2011-01-28,33.50125585127173
2011-01-29,30.533681574403065
2011-01-30,54.30177256414231
2011-01-31,23.4186699746444
2011-02-01,20.905058910404573
2011-02-02,19.070394871894596
2011-02-03,17.914677859103836
2011-02-04,17.437907872983015
2011-02-05,17.640084911769126
2011-02-06,18.52120897611894
2011-02-07,19.320657782083085
2011-02-08,20.03843132739279
2011-02-09,20.67452961362026
2011-02-10,21.228952639856626
2011-02-11,21.701700406831403
2011-02-12,48.947590184370554
2011-02-13,22.402170162139758
2011-02-14,22.578864264817962
2011-02-15,22.62285522509457
2011-02-16,22.534143040923684
2011-02-17,22.312727715325998
2011-02-18,21.958609243825258
2011-02-19,21.471787630622373
2011-02-20,20.852262873013938
2011-02-21,20.33987875002981
2011-02-22,19.93463526166516
2011-02-23,19.636532406962075
2011-02-24,19.445570186078946
2011-02-25,19.36174860064528
2011-02-26,19.385067648411287
2011-02-27,19.515527330108778
2011-02-28,19.747064508067016
2011-03-01,20.07967918088446
2011-03-02,20.544401777838747
2011-03-03,38.38944826928664
2011-03-04,21.87017074154814
2011-03-05,22.731217109335912
2011-03-06,23.724371401208494
2011-03-07,24.255851771786674
2011-03-08,24.325658221568442
2011-03-09,23.93379074907421
2011-03-10,23.080249356474503
2011-03-11,21.76503404421188
2011-03-12,19.988144813901574
2011-03-13,17.749581653141703
2011-03-14,16.07009119078663
2011-03-15,14.94967342695221
2011-03-16,14.388328357022736
2011-03-17,14.386055982085978
2011-03-18,14.942856302775471
2011-03-19,16.05872931757916
2011-03-20,38.03853686924771
2011-03-21,19.13203891802691
2011-03-22,20.253820979840047
2011-03-23,21.09902121699857
2011-03-24,21.667639631868475
2011-03-25,21.959676221301166
2011-03-26,21.975130987388408
2011-03-27,21.714003929047525
2011-03-28,21.315276547281833
2011-03-29,20.778948844189866
2011-03-30,20.10502081907597
2011-03-31,19.293492470964978
2011-04-01,18.344363801655177
2011-04-02,17.2174625509697
2011-04-03,15.912788720459442
2011-04-04,15.152238540596027
2011-04-05,14.935812011691155
2011-04-06,15.263509135614981
2011-04-07,16.135329910487464
2011-04-08,17.551274335252902
2011-04-09,19.511342413475127
2011-04-10,22.015534142154515
2011-04-11,23.89630294290977
2011-04-12,25.15364881367492
2011-04-13,25.78757175698964
2011-04-14,25.79807177203906
2011-04-15,25.185148857662668
2011-04-16,23.94880301652142
2011-04-17,22.089034245477407
2011-04-18,20.702752761289343
2011-04-19,19.78995856276633
2011-04-20,19.350651651377106
2011-04-21,19.384832024288762
2011-04-22,19.892499685102607
2011-04-23,20.87365463125482
2011-04-24,22.328296862929893
2011-04-25,23.470919338748025
2011-04-26,24.30152205715816
2011-04-27,24.820105018321364
2011-04-28,25.026668223558804
2011-04-29,24.921211670072957
2011-04-30,24.503735360999602
2011-05-01,23.77423929490036
2011-05-02,23.038734491248285
2011-05-03,22.29722095034163
2011-05-04,21.54969867197631
2011-05-05,38.27951023323489
2011-05-06,20.036627903389228
2011-05-07,46.862766668484106
2011-05-08,18.499522181497273
2011-05-09,17.856870557729444
2011-05-10,17.34312453550832
2011-05-11,16.95828411910638
2011-05-12,16.70234930609133
2011-05-13,16.57532009835904
2011-05-14,16.57719649390297
2011-05-15,16.707978494387522
2011-05-16,16.766946293530896
2011-05-17,16.754099892581074
2011-05-18,16.669439291721183
2011-05-19,16.512964489925444
2011-05-20,16.284675486205632
2011-05-21,15.984572283381329
2011-05-22,15.612654879098528
2011-05-23,15.627153547598194
2011-05-24,16.0280682865133
2011-05-25,16.815399096342073
2011-05-26,17.989145978317673
2011-05-27,19.54930893323674
2011-05-28,21.49588795880324
2011-05-29,23.82888305810977
2011-05-30,25.412440448607885
2011-05-31,26.246560130899784
2011-06-01,26.331242108145975
2011-06-02,45.34252989937562
2011-06-03,24.167075731373142
2011-06-04,21.91822737889361
2011-06-05,18.89153558418196
2011-06-06,16.896689975408663
2011-06-07,15.93369055485439
2011-06-08,16.00253732062932
2011-06-09,17.103230274911038
2011-06-10,19.23576941646418
2011-06-11,22.400154743880186
2011-06-12,26.596386259649552
2011-06-13,29.868695647304932
2011-06-14,32.21708290265008
2011-06-15,33.64154802991075
2011-06-16,34.14209102816142
2011-06-17,33.71871189534298
2011-06-18,32.371410634887155
2011-06-19,30.100187246170485
2011-06-20,27.942314191190807
2011-06-21,25.897791479066985
2011-06-22,23.966619103775123
2011-06-23,22.148797066365695
2011-06-24,20.444325366865645
2011-06-25,41.45055024503192
2011-06-26,17.37543297949266
2011-06-27,16.44521799605415
2011-06-28,16.06255904923
2011-06-29,16.227456144173107
2011-06-30,16.939909278422842
2011-07-01,18.199918452043708
2011-07-02,20.028565926438787
2011-07-03,55.175628861770825
2011-07-04,24.411611189095822
2011-07-05,25.985844390256823
2011-07-06,27.148551305796516
2011-07-07,27.89973193499827
2011-07-08,28.23938627922099
2011-07-09,28.167514336005212
2011-07-10,27.684116106829652
2011-07-11,27.351854256144247
2011-07-12,27.170728783546824
2011-07-13,27.140739689608893
2011-07-14,27.261886971882504
2011-07-15,27.534170632973414
2011-07-16,27.957590673662054
2011-07-17,28.532147090210596
2011-07-18,28.769834309370655
2011-07-19,28.670652330900037
2011-07-20,28.234601155190937
2011-07-21,27.461680780808116
2011-07-22,46.76591897144324
2011-07-23,24.905232437523683
2011-07-24,23.12170446838572
2011-07-25,21.787397810382895
2011-07-26,20.90231246227846
2011-07-27,20.466448423732366
2011-07-28,20.479805695624307
2011-07-29,20.942384278235192
2011-07-30,21.854184172389925
2011-07-31,23.215205375291994
2011-08-01,23.896328088633616
2011-08-02,23.887200356379818
2011-08-03,23.187822178101907
2011-08-04,21.798193555345904
2011-08-05,19.718314484678064
2011-08-06,16.94818496673085
2011-08-07,13.48780500385083
2011-08-08,11.186202917111597
2011-08-09,10.043378708176093
2011-08-10,10.059332375525972
2011-08-11,11.23406392091535
2011-08-12,13.567573340957953
2011-08-13,47.107781184885525
2011-08-14,41.27891767140723
2011-08-15,25.194188751848976
2011-08-16,27.509649444282303
2011-08-17,28.657307895576757
2011-08-18,28.63716410607143
2011-08-19,27.44921807483799
2011-08-20,25.09346980299076
2011-08-21,21.569919287167114
2011-08-22,18.867744255330052
2011-08-23,16.986944705305515
2011-08-24,15.927520637251629
2011-08-25,15.689472048144435
2011-08-26,16.272798942120076
2011-08-27,42.37629159106475
2011-08-28,19.903579174742138
2011-08-29,21.65431902462933
2011-08-30,22.929720868070202
2011-08-31,23.7297847071956
2011-09-01,24.054510539573716
2011-09-02,23.901959819652944
2011-09-03,23.272132545389454
2011-09-04,22.16502871741078
2011-09-05,21.406116175958438
2011-09-06,20.995394921076837
2011-09-07,20.93286495097287
2011-09-08,21.21852626864086
2011-09-09,21.8523788691684
2011-09-10,22.834422759174718
2011-09-11,24.164657934664532
2011-09-12,25.17272614098567
2011-09-13,25.858627379435525
2011-09-14,26.222361648678234
2011-09-15,26.26392894997938
2011-09-16,25.98332928304501
2011-09-17,25.380562646547993
2011-09-18,24.455629041352086
2011-09-19,38.55439801411616
2011-09-20,23.08678835308211
2011-09-21,22.64288126898419
2011-09-22,22.359316358866938
2011-09-23,22.23609362165789
2011-09-24,22.2732130589461
2011-09-25,22.470674670343584
2011-09-26,22.734254643138705
2011-09-27,23.06395298008883
2011-09-28,23.459769679929156
2011-09-29,23.921704742021948
2011-09-30,24.449758167181944
2011-10-01,50.28854984942045
2011-10-02,25.71162521883421
2011-10-03,26.007023241713366
2011-10-04,25.930124026190164
2011-10-05,25.480927567477067
2011-10-06,24.65943387023132
2011-10-07,23.46564293296732
2011-10-08,21.8995547551328
2011-10-09,19.96116933540433
2011-10-10,18.65994677903615
2011-10-11,17.995887081505092
2011-10-12,17.968990245786998
2011-10-13,18.57925627227678
2011-10-14,19.826685159368754
2011-10-15,21.711276905961196
2011-10-16,24.23303151524199
2011-10-17,26.10775330112533
2011-10-18,27.335442263820326
2011-10-19,47.16289051860264
2011-10-20,27.849721717761007
2011-10-21,27.13631220933108
2011-10-22,25.775869878566667
2011-10-23,45.2740817264672
2011-10-24,22.247823566456468
2011-10-25,21.214156402074682
2011-10-26,20.667393234622722
2011-10-27,20.607534061922976
2011-10-28,21.034578885684102
2011-10-29,21.948527702126963
2011-10-30,23.34938051545289
2011-10-31,24.31657955419216
2011-11-01,44.09691693549485
2011-11-02,24.939111090154416
2011-11-03,24.58353836715023
2011-11-04,23.783406650948148
2011-11-05,22.538715941321744
2011-11-06,20.849466239051026
2011-11-07,19.70523618737568
2011-11-08,34.41654661072136
2011-11-09,19.05183504206935
2011-11-10,19.542663947018404
2011-11-11,20.578512504263824
2011-11-12,22.159380713847
2011-11-13,24.285268576347452
2011-11-14,25.621043188079085
2011-11-15,26.16670454571983
2011-11-16,25.92225265270066
2011-11-17,24.887687508674063
2011-11-18,23.0630091140232
2011-11-19,20.448217465984015
2011-11-20,17.043312565940578
2011-11-21,14.445187436460884
2011-11-22,12.653842075359258
2011-11-23,11.669276486802971
2011-11-24,11.491490666138532
2011-11-25,12.120484615626044
2011-11-26,13.55625833444417
2011-11-27,15.798811823107005
2011-11-28,17.690940446122113
2011-11-29,19.232644204106865
2011-11-30,20.42392309508722
2011-12-01,21.264777122099165
2011-12-02,21.76574533899355
2011-12-03,21.926827743429325
2011-12-04,21.74802433692441
2011-12-05,21.4391619416669
2011-12-06,21.00024055709228
2011-12-07,20.43126018499639
2011-12-08,19.732220822217876
2011-12-09,38.85319505686132
2011-12-10,17.94396512731714
2011-12-11,16.854748796960774
2011-12-12,35.77725988387964
2011-12-13,15.680025057419314
2011-12-14,15.594517646785821
2011-12-15,15.843579878551193
2011-12-16,16.427211748705627
2011-12-17,17.345413261821037
2011-12-18,18.59818441420945
2011-12-19,20.137117712454945
2011-12-20,21.962213154361933
2011-12-21,24.073470745598566
2011-12-22,26.470890481406414
2011-12-23,29.154472364521084
2011-12-24,32.12421639364398
2011-12-25,35.380122569815455
2011-12-26,37.41263567395804
2011-12-27,66.4684385063376
2011-12-28,37.807482663840226
2011-12-29,36.16981654840456
2011-12-30,56.31547581744722
2011-12-31,29.2243051014446
2012-01-01,54.12183116506273
2012-01-02,44.0256932974072
2012-01-03,16.923076798792028
2012-01-04,15.237539163557717
2012-01-05,14.759437425732319
2012-01-06,36.612377853428825
2012-01-07,17.425541645767108
2012-01-08,20.56974760212842
2012-01-09,23.1487088342803
2012-01-10,25.162425340628545
2012-01-11,26.61089712155551
2012-01-12,27.494124177658218
2012-01-13,27.812106508272613
2012-01-14,27.56484411369808
2012-01-15,49.0977618721956
2012-01-16,25.694556604862942
2012-01-17,24.391502943965186
2012-01-18,22.84317601181347
2012-01-19,21.04957580934732
2012-01-20,19.010702335605746
2012-01-21,16.726555591683084
2012-01-22,14.19713557488478
2012-01-23,12.411367987960688
2012-01-24,11.369252831138013
2012-01-25,33.750010786958555
2012-01-26,11.51597980534384
2012-01-27,12.704821938080773
2012-01-28,14.637316499497079
2012-01-29,17.313463490058133
2012-01-30,19.547031040422507
2012-01-31,21.33801914611109
2012-02-01,22.686427809049448
2012-02-02,23.584082540014972
2012-02-03,41.79143941327706
2012-02-04,24.027130203024075
2012-02-05,23.57252313734922
2012-02-06,23.1514179902666
2012-02-07,22.763814767357523
2012-02-08,22.409713464347625
2012-02-09,22.089114082130592
2012-02-10,21.80201662430859
2012-02-11,48.130323546990525
2012-02-12,44.88087554134805
2012-02-13,21.203832941746082
2012-02-14,21.17493750569398
2012-02-15,37.89364323996075
2012-02-16,21.403943906588644
2012-02-17,21.661845742631684
2012-02-18,22.01534667041908
2012-02-19,22.464446688794247
2012-02-20,22.702476742236804
2012-02-21,22.729436826347793
2012-02-22,22.545326947340786
2012-02-23,22.15014709978729
2012-02-24,21.543897286024176
2012-02-25,20.72657750583654
2012-02-26,19.69818776000685
2012-02-27,18.74996385663219
2012-02-28,17.88190579729771
2012-02-29,17.09401357817913
2012-03-01,16.38628720358099
2012-03-02,15.77256911115753
2012-03-03,38.39603516204802
2012-03-04,14.827157773506567
2012-03-05,14.654762134645143
2012-03-06,14.735672380635414
2012-03-07,15.069888516481459
2012-03-08,15.657410538870426
2012-03-09,33.25520776229419
2012-03-10,41.71804142111898
2012-03-11,18.93981193275253
2012-03-12,20.02003313667429
2012-03-13,20.833035861881314
2012-03-14,21.378820104559495
2012-03-15,38.53611717405895
2012-03-16,21.668733151603647
2012-03-17,21.41286195474096
2012-03-18,20.88977227675485
2012-03-19,20.36972705943638
2012-03-20,19.852726300437325
2012-03-21,19.3387700014598
2012-03-22,18.82785816040414
2012-03-23,18.319990778444634
2012-03-24,17.81516785624848
2012-03-25,17.31338939386775
2012-03-26,16.98588510294752
2012-03-27,16.83265498682856
2012-03-28,16.853699045481797
2012-03-29,17.049017278439905
2012-03-30,17.418609684312674
2012-03-31,17.962476265568437
2012-04-01,18.68061701910158
2012-04-02,19.47791665227066
2012-04-03,20.3543751664552
2012-04-04,21.309992559602417
2012-04-05,22.344768831453226
2012-04-06,43.59981693674038
2012-04-07,24.651798015065502
2012-04-08,25.924050928190496
2012-04-09,26.842978333951567
2012-04-10,27.408580234560144
2012-04-11,27.62085662868469
2012-04-12,27.479807517583197
2012-04-13,42.9782407468601
2012-04-14,26.137732778002263
2012-04-15,24.93670714700588
2012-04-16,23.9502456576607
2012-04-17,23.1783483074611
2012-04-18,22.621015097911563
2012-04-19,22.27824602569378
2012-04-20,22.150041095366976
2012-04-21,43.63292137965921
2012-04-22,22.537323651052585
2012-04-23,22.821219404413522
2012-04-24,23.088087563541443
2012-04-25,23.337928127088755
2012-04-26,23.570741098660257
2012-04-27,23.786526475442592
2012-04-28,23.985284258933355
2012-04-29,24.167014445379746
2012-04-30,24.314551588174165
2012-05-01,24.42789568531424
2012-05-02,24.52066135048352
2012-05-03,24.592848581579865
2012-05-04,24.644457381612856
2012-05-05,24.675487749230047
2012-05-06,24.685939684877205
2012-05-07,24.91704638049557
2012-05-08,25.368807835371094
2012-05-09,26.041224050941654
2012-05-10,26.934295028625787
2012-05-11,28.048020766481716
2012-05-12,29.382401262875778
2012-05-13,30.937436521109277
2012-05-14,45.28517246660846
2012-05-15,32.14338319358241
2012-05-16,31.794294610090187
2012-05-17,30.81049807734662
2012-05-18,29.19199359637622
2012-05-19,26.938781167823045
2012-05-20,42.71823377379097
2012-05-21,21.92446012140719
2012-05-22,20.559579155523032
2012-05-23,19.956217892357785
2012-05-24,20.11437633407488
2012-05-25,21.034054481508683
2012-05-26,22.715252330968863
2012-05-27,25.157969886196224
2012-05-28,26.997559494307506
2012-05-29,28.234021157015853
2012-05-30,28.86735487463318
2012-05-31,28.897560646192627
2012-06-01,28.324638473099068
2012-06-02,27.13831579240193
2012-06-03,43.48742744363435
2012-06-04,23.844554306691766
2012-06-05,22.656200906207
2012-06-06,21.773532403529796
2012-06-07,21.196548794327235
2012-06-08,20.925250080632953
2012-06-09,20.959636261763205
2012-06-10,21.299707338660838
2012-06-11,21.674702984795232
2012-06-12,22.084623204761645
2012-06-13,22.52946799476284
2012-06-14,23.00923735530348
2012-06-15,23.523931285095216
2012-06-16,24.073549788559582
2012-06-17,24.65809286169453
2012-06-18,24.90583554618785
2012-06-19,24.81677783587244
2012-06-20,24.39091973458153
2012-06-21,23.62826124020592
2012-06-22,22.52880235510565
2012-06-23,21.092543075577357
2012-06-24,39.624345245657125
2012-06-25,18.220468977292747
2012-06-26,17.795499795582376
2012-06-27,18.044575855891587
2012-06-28,18.967697161714113
2012-06-29,20.56486371008425
2012-06-30,46.08841728874963
2012-07-01,58.531109701521274
2012-07-02,42.62734573115501
2012-07-03,29.16191590393824
2012-07-04,29.597242228456295
2012-07-05,29.19592498244209
2012-07-06,27.957964166684807
2012-07-07,25.88335977729655
2012-07-08,22.97211181839495
2012-07-09,20.72149503552718
2012-07-10,19.131509426835446
2012-07-11,18.20215499591994
2012-07-12,17.933431740646263
2012-07-13,33.99484842446529
2012-07-14,19.37787875608802
2012-07-15,40.13630405296202
2012-07-16,22.64620679941614
2012-07-17,24.043352073867883
2012-07-18,25.282484848755384
2012-07-19,26.363605125311427
2012-07-20,27.28671290443555
2012-07-21,28.05180818382481
2012-07-22,28.658890966698518
2012-07-23,29.127934824107545
2012-07-24,29.458939759469935
2012-07-25,29.651905769302406
2012-07-26,29.706832855726166
2012-07-27,29.623721016855924
2012-07-28,29.40257025474938
2012-07-29,29.043380566356632
2012-07-30,28.693842848668805
2012-07-31,28.353957097848404
2012-08-01,28.02372331534419
2012-08-02,45.42626429917098
2012-08-03,27.4250666029749
2012-08-04,27.156643673302554
2012-08-05,26.90882436086657
2012-08-06,26.57291950248344
2012-08-07,26.148929101945644
2012-08-08,25.63685315783989
2012-08-09,42.42136504455327
2012-08-10,24.34844463688552
2012-08-11,23.572112060871177
2012-08-12,43.84389627655078
2012-08-13,21.871444872746757
2012-08-14,21.063364856938286
2012-08-15,20.283453892545964
2012-08-16,19.53171198002048
2012-08-17,18.80813911826511
2012-08-18,18.112735309395447
2012-08-19,39.98826383177148
2012-08-20,17.189922944301223
2012-08-21,17.346002482836663
2012-08-22,17.913739171277552
2012-08-23,18.893133009193665
2012-08-24,20.284183994882167
2012-08-25,22.086892129516624
2012-08-26,44.851742581965645
2012-08-27,26.054104610331162
2012-08-28,27.345433721168924
2012-08-29,28.175244743045724
2012-08-30,28.54353768000573
2012-08-31,53.91326427093901
2012-09-01,27.895569291819864
2012-09-02,48.815937107919865
2012-09-03,25.896559488567895
2012-09-04,25.046362967920967
2012-09-05,24.295705366823434
2012-09-06,23.644586686782578
2012-09-07,23.093006925084314
2012-09-08,22.640966084101635
2012-09-09,22.28846416281524
2012-09-10,21.957438167300722
2012-09-11,21.64788809907218
2012-09-12,21.359813954541693
2012-09-13,21.093215738177868
2012-09-14,20.84809344581559
2012-09-15,20.624447080096374
2012-09-16,20.422276639543234
2012-09-17,20.34058608236726
2012-09-18,20.379375408349627
2012-09-19,20.538644618205115
2012-09-20,20.81839371106485
2012-09-21,36.365394622169205
2012-09-22,21.739331544279583
2012-09-23,22.3805202877549
2012-09-24,22.722631696474803
2012-09-25,22.765665771348818
2012-09-26,22.50962251093033
2012-09-27,21.95450191744421
2012-09-28,21.100303989681706
2012-09-29,41.86418728944727
2012-09-30,42.52797414029477
2012-10-01,17.430309989586924
2012-10-02,16.797055376161783
2012-10-03,16.594912292638778
2012-10-04,16.823880740290623
2012-10-05,17.4839607135029
2012-10-06,18.575152217112127
2012-10-07,20.09745525035766
2012-10-08,21.330988396714584
2012-10-09,22.27575165575054
2012-10-10,22.931745027875042
2012-10-11,23.298968511175616
2012-10-12,23.377422109220298
2012-10-13,23.167105819436433
2012-10-14,22.668019643447515
2012-10-15,22.251589168394865
2012-10-16,21.917814399461985
2012-10-17,21.66669533288236
2012-10-18,21.49823197222787
2012-10-19,21.412424313612277
2012-10-20,21.409272358650508
2012-10-21,21.488776107875292
2012-10-22,21.552134648868766
2012-10-23,21.599347977903285
2012-10-24,21.630416099458625
2012-10-25,21.645339009686285
2012-10-26,21.64411671266884
2012-10-27,21.626749204583632
2012-10-28,21.59323648943748
2012-10-29,21.46817176552068
2012-10-30,21.25155503508242
2012-10-31,20.943386298435687
2012-11-01,20.543665556943
2012-11-02,20.021633606122528
2012-11-03,43.311919257030965
2012-11-04,18.610636082992553
2012-11-05,18.07918972360946
2012-11-06,17.782951373299774
2012-11-07,17.72192102877294
2012-11-08,17.896098690229827
2012-11-09,18.30548435904015
2012-11-10,18.950078036493537
2012-11-11,36.17957616524028
2012-11-12,20.245615925778942
2012-11-13,20.197286652066406
2012-11-14,19.684891900422034
2012-11-15,18.708431670939024
2012-11-16,17.26790596258732
2012-11-17,15.363314774728838
2012-11-18,36.656372107045385
2012-11-19,11.619178193205535
2012-11-20,11.236875025274372
2012-11-21,11.847748607892296
2012-11-22,13.451798938565826
2012-11-23,16.04902601980111
2012-11-24,19.63942985243661
2012-11-25,24.223010432340057
2012-11-26,27.588209909691333
2012-11-27,29.735028285626587
2012-11-28,30.663465559619194
2012-11-29,30.373521732135657
2012-11-30,28.865196803018037
2012-12-01,26.13849077051997
2012-12-02,53.61206682567514
2012-12-03,19.274637837801613
2012-12-04,17.363687585602694
2012-12-05,16.46672147413814
2012-12-06,16.583739507200892
2012-12-07,36.382114663716976
2012-12-08,19.85972800110585
2012-12-09,44.27876213347491
2012-12-10,25.5624499797525
2012-12-11,27.49098255583287
2012-12-12,28.804296192600802
2012-12-13,29.50239088650184
2012-12-14,29.585266639042985
2012-12-15,29.052923451007977
2012-12-16,27.905361322118132
2012-12-17,27.08681606602066
2012-12-18,26.597287685036264
2012-12-19,26.43677617549054
2012-12-20,26.6052815396625
2012-12-21,27.102803778293698
2012-12-22,27.92934288967549
2012-12-23,29.084898874259245
2012-12-24,30.162558616090674
2012-12-25,31.162322112387745
2012-12-26,32.08418936573698
2012-12-27,32.92816037345021
2012-12-28,33.69423513942695
2012-12-29,34.382413659893885
2012-12-30,66.78727126512503
2012-12-31,35.09330304816551
2013-01-01,60.256352656555755
2013-01-02,33.77136027487222
2013-01-03,32.35467889938866
2013-01-04,30.434190863927302
2013-01-05,28.009896170396903
2013-01-06,25.081794815655616
2013-01-07,22.475774909699307
2013-01-08,20.19183645019262
2013-01-09,18.22997943495767
2013-01-10,16.590203867443062
2013-01-11,15.272509745342553
2013-01-12,14.276897069477538
2013-01-13,42.62470683134939
2013-01-14,13.204819663155313
2013-01-15,13.081258539469271
2013-01-16,27.56070997720287
2013-01-17,13.65909145417108
2013-01-18,46.946513764879214
2013-01-19,15.336864582298809
2013-01-20,16.588228726379192
2013-01-21,17.713135749393633
2013-01-22,18.711585647896808
2013-01-23,19.58357842442787
2013-01-24,38.46745219690453
2013-01-25,37.171928371012086
2013-01-26,40.61202972242609
2013-01-27,39.6178186506132
2013-01-28,22.027481736347326
2013-01-29,22.102324319684033
2013-01-30,22.031506051677578
2013-01-31,21.81502693111887
2013-02-01,37.00903111012329
2013-02-02,20.94630692118165
2013-02-03,20.295286818081532
2013-02-04,19.66651331728262
2013-02-05,19.059986418811555
2013-02-06,18.47570612283932
2013-02-07,17.913672430138487
2013-02-08,17.37388534069394
2013-02-09,16.85634485389204
2013-02-10,35.05361608735367
2013-02-11,16.281009822762034
2013-02-12,16.616221414450266
2013-02-13,17.36668574711684
2013-02-14,18.532402814925025
2013-02-15,35.58764233004723
2013-02-16,48.80066355213816
2013-02-17,24.52107045104904
2013-02-18,26.21569610956539
2013-02-19,27.193472143121973
2013-02-20,27.454398548526168
2013-02-21,26.998475329745563
2013-02-22,25.825702483868934
2013-02-23,23.936080013059858
2013-02-24,21.329607915956775
2013-02-25,19.382172282056487
2013-02-26,18.09377311079228
2013-02-27,17.464410404296945
2013-02-28,17.494084159119545
2013-03-01,38.050992523045366
2013-03-02,42.989864545304
2013-03-03,21.503273768965048
2013-03-04,23.233874901957478
2013-03-05,24.71099431662081
2013-03-06,25.934632009235585
2013-03-07,40.76886031305692
2013-03-08,43.66885304198666
2013-03-09,47.95285291140047
2013-03-10,28.294365579539495
2013-03-11,28.106950467351858
2013-03-12,27.52240942610066
2013-03-13,26.540742458444928
2013-03-14,25.161949565933128
2013-03-15,23.386030746231977
2013-03-16,21.212985998657956
2013-03-17,34.28083391953457
2013-03-18,16.886756244067467
2013-03-19,15.944808759231574
2013-03-20,15.816972868976315
2013-03-21,16.503248570264052
2013-03-22,18.003635867722892
2013-03-23,42.88818951870021
2013-03-24,38.75726606749767
2013-03-25,26.065762693225345
2013-03-26,45.07911054651021
2013-03-27,29.775018480440814
2013-03-28,45.76640542580541
2013-03-29,31.445902121199087
2013-03-30,31.516954386032783
2013-03-31,31.07841361565737
2013-04-01,30.558060279632624
2013-04-02,29.974682842665654
2013-04-03,29.32828130343371
2013-04-04,28.618855664902405
2013-04-05,27.846405923866087
2013-04-06,27.010932080418485
2013-04-07,26.11243413715247
2013-04-08,25.255703717054523
2013-04-09,24.44074081965559
2013-04-10,23.66754544551672
2013-04-11,22.936117594426218
2013-04-12,22.246457266693472
2013-04-13,21.598564461819496
2013-04-14,42.96208135764009
2013-04-15,20.659237913365622
2013-04-16,20.598960665124558
2013-04-17,20.811607432463283
2013-04-18,21.2971782161397
2013-04-19,22.05567301612001
2013-04-20,48.00421395418118
2013-04-21,24.39143466533642
2013-04-22,25.282167074302038
2013-04-23,25.759289055890985
2013-04-24,25.822800611751866
2013-04-25,25.472701742195774
2013-04-26,24.70899244776117
2013-04-27,23.53167272770279
2013-04-28,21.94074258206321
2013-04-29,20.90879405800958
2013-04-30,20.43582715663351
2013-05-01,36.24173491563448
2013-05-02,36.20618921756638
2013-05-03,22.294176691410012
2013-05-04,23.980496783113832
2013-05-05,26.2002519980539
2013-05-06,27.78005388982271
2013-05-07,28.719902458345892
2013-05-08,29.019797702146047
2013-05-09,45.356933836827665
2013-05-10,27.699728218940145
2013-05-11,26.079763491515923
2013-05-12,40.522231792330786
2013-05-13,21.93405000338867
2013-05-14,20.422377179879962
2013-05-15,19.28482697234738
2013-05-16,18.521399378647825
2013-05-17,18.132094397770942
2013-05-18,18.116912033939904
2013-05-19,18.475852281260774
2013-05-20,41.76265745146311
2013-05-21,19.939665495234998
2013-05-22,21.044538462327576
2013-05-23,22.39805566822201
2013-05-24,24.000217114929047
2013-05-25,25.85102279921161
2013-05-26,27.950472726073897
2013-05-27,29.384468048829657
2013-05-28,30.153008766830013
2013-05-29,30.256094881734757
2013-05-30,29.693726393769502
2013-05-31,28.465903302970478
2013-06-01,26.572625608125858
2013-06-02,24.046725515744125
2013-06-03,22.045625005921988
2013-06-04,20.569324077561614
2013-06-05,19.617822733270813
2013-06-06,19.191120971491582
2013-06-07,40.1399102495634
2013-06-08,19.912116191640543
2013-06-09,42.59908969217618
2013-06-10,22.133620167760938
2013-06-11,23.133537169009305
2013-06-12,24.059564178845594
2013-06-13,24.91170119644711
2013-06-14,25.689948223917145
2013-06-15,26.39430526172902
2013-06-16,27.02477230585934
2013-06-17,27.387916199796642
2013-06-18,27.483736942890957
2013-06-19,27.312234534022913
2013-06-20,26.87340897577551
2013-06-21,26.16726026398517
2013-06-22,25.193788399547156
2013-06-23,48.64128693818152
2013-06-24,23.03188321288607
2013-06-25,22.430457881179404
2013-06-26,22.14871738807048
2013-06-27,22.186661737100053
2013-06-28,42.52165499294192
2013-06-29,41.88897793598741
2013-06-30,44.195967892915675
2013-07-01,24.743985411521553
2013-07-02,24.7602113768189
2013-07-03,24.267281720340385
2013-07-04,40.62257833568417
2013-07-05,21.753955540790532
2013-07-06,19.733559017426558
2013-07-07,49.95378403117057
2013-07-08,15.472877716654729
2013-07-09,14.540171548377227
2013-07-10,14.40588836803946
2013-07-11,15.070028178482705
2013-07-12,16.53259097703306
2013-07-13,18.793576763131448
2013-07-14,21.85298553810165
2013-07-15,24.24218870296388
2013-07-16,25.961186257334557
2013-07-17,27.00997820101202
2013-07-18,27.388564533324345
2013-07-19,27.09694525477128
2013-07-20,26.135120367204898
2013-07-21,49.12000570015946
2013-07-22,23.300143448392003
2013-07-23,22.526281107706748
2013-07-24,22.181502845609366
2013-07-25,22.26580866356438
2013-07-26,22.779198560033784
2013-07-27,23.72167253471571
2013-07-28,53.4763707934674
2013-07-29,26.195281200881876
2013-07-30,27.02782437162083
2013-07-31,27.590860098737814
2013-08-01,27.884388385559024
2013-08-02,27.940082991893085
2013-08-03,27.75794392025687
2013-08-04,27.337971167185955
2013-08-05,27.08239128822223
2013-08-06,26.991204279833013
2013-08-07,27.06441014449055
2013-08-08,42.87074910278451
2013-08-09,27.70400049331621
2013-08-10,49.23024235916071
2013-08-11,29.00116233230707
2013-08-12,29.37033735126645
2013-08-13,29.377910035423074
2013-08-14,29.023880382491782
2013-08-15,28.308248392612438
2013-08-16,27.231014066293856
2013-08-17,45.27829481457336
2013-08-18,23.991738403224375
2013-08-19,22.584492283012402
2013-08-20,21.570439041843834
2013-08-21,20.949578679880812
2013-08-22,20.721911196804246
2013-08-23,20.88743659307213
2013-08-24,21.446154868143186
2013-08-25,42.5937619383545
2013-08-26,23.127765894312667
2013-08-27,23.63525448254478
2013-08-28,23.920531787542703
2013-08-29,23.983597808544403
2013-08-30,23.82445254559809
2013-08-31,23.443095999260073
2013-09-01,42.161896695289386
2013-09-02,22.36217939105896
2013-09-03,22.011049660922115
2013-09-04,21.786138981223516
2013-09-05,21.687447353152933
2013-09-06,21.71497477373154
2013-09-07,21.868721243870244
2013-09-08,37.6166584392153
2013-09-09,22.347340805572493
2013-09-10,22.46468336952529
2013-09-11,22.500714452546873
2013-09-12,22.45543405706972
2013-09-13,22.328842183169098
2013-09-14,40.29706515399927
2013-09-15,21.83172399782651
2013-09-16,21.79791129335903
2013-09-17,22.01950071474906
2013-09-18,22.496492262262123
2013-09-19,23.22888593817734
2013-09-20,24.216681739589728
2013-09-21,25.4598796699409
2013-09-22,26.9584797255059
2013-09-23,28.085416510949862
2013-09-24,28.840690027646556
2013-09-25,29.22430027491966
2013-09-26,29.23624725069626
2013-09-27,41.81269293634935
2013-09-28,28.145151394057354
2013-09-29,27.042108561445552
2013-09-30,25.987887044271297
2013-10-01,24.98248684038154
2013-10-02,24.03828164588229
2013-10-03,23.155271459736856
2013-10-04,22.333456282197716
2013-10-05,40.403957978817914
2013-10-06,43.99979205114439
2013-10-07,20.367829353909382
2013-10-08,20.05609132755154
2013-10-09,34.97790222460324
2013-10-10,20.014145973466032
2013-10-11,33.984262093726386
2013-10-12,20.74757488952783
2013-10-13,21.40505469980994
2013-10-14,21.873533834941583
2013-10-15,22.153012296635673
2013-10-16,22.243490085619012
2013-10-17,22.14496720098914
2013-10-18,21.857443643716174
2013-10-19,39.038507598673235
2013-10-20,20.7153945090463
2013-10-21,20.333790010485664
2013-10-22,20.236105919169056
2013-10-23,20.42234223160995
2013-10-24,33.664912042197784
2013-10-25,21.646576074437995
2013-10-26,22.684573604339135
2013-10-27,24.006491540942715
2013-10-28,24.919501122174932
2013-10-29,25.423602351148116
2013-10-30,25.51879522703506
2013-10-31,42.999125339488785
2013-11-01,37.473200858666054
2013-11-02,23.340713668285165
2013-11-03,38.37307342712054
2013-11-04,20.73438548914056
2013-11-05,20.204311135569917
2013-11-06,20.18962993904345
2013-11-07,34.646785399853655
2013-11-08,21.70644702215732
2013-11-09,23.237945301576136
2013-11-10,40.02223645961627
2013-11-11,26.985365108359918
2013-11-12,28.339530417793156
2013-11-13,29.34733266094461
2013-11-14,30.008771839814642
2013-11-15,30.323847955806087
2013-11-16,30.292561006031868
2013-11-17,47.19041844666626
2013-11-18,29.470634508747597
2013-11-19,28.959731548500987
2013-11-20,28.38220211435201
2013-11-21,27.738046207885578
2013-11-22,27.02726382646178
2013-11-23,26.249854971835486
2013-11-24,25.405819641646005
2013-11-25,24.763417234878265
2013-11-26,24.322647750302337
2013-11-27,24.083511188602984
2013-11-28,24.04600754959313
2013-11-29,24.210136832901494
2013-11-30,24.575899037561854
2013-12-01,40.86318720398037
2013-12-02,25.548391744056612
2013-12-03,25.79119177314268
2013-12-04,25.87169425047946
2013-12-05,36.54694136999776
2013-12-06,25.545806555701855
2013-12-07,25.139416383869374
2013-12-08,24.57072865957927
2013-12-09,24.136299663719015
2013-12-10,35.32584287771121
2013-12-11,23.67021784403126
2013-12-12,23.638565021900895
2013-12-13,23.741170926764326
2013-12-14,40.87146227356966
2013-12-15,38.21323123996119
2013-12-16,24.524869376852905
2013-12-17,24.505166959468784
2013-12-18,24.29005165651943
2013-12-19,23.879523468602997
2013-12-20,37.104065209394065
2013-12-21,37.99058437997384
2013-12-22,42.73762460603456
2013-12-23,21.257275126025586
2013-12-24,21.81766904702251
2013-12-25,43.13400741813404
2013-12-26,25.274198037561952
2013-12-27,28.170333109649828
2013-12-28,48.21993714576804
2013-12-29,53.32822852642713
2013-12-30,39.34645918120311
2013-12-31,40.98939289945227
2014-01-01,73.9769227181865
2014-01-02,52.18141096048288
2014-01-03,37.49993645679015
2014-01-04,46.685269834467974
2014-01-05,42.32708872027458
2014-01-06,23.854997778907652
2014-01-07,20.59264363924447
2014-01-08,30.171965486605252
2014-01-09,17.223203991316353
2014-01-10,17.116118483300873
2014-01-11,18.060789188795948
2014-01-12,20.05721610388641
2014-01-13,31.11313406703394
2014-01-14,22.81811139049519
2014-01-15,23.58257976317982
2014-01-16,23.936395287257604
2014-01-17,23.879557964558252
2014-01-18,23.41206779302995
2014-01-19,38.17824140234276
2014-01-20,21.843414945298488
2014-01-21,21.340538305610732
2014-01-22,21.02529485734284
2014-01-23,20.897684598666686
2014-01-24,31.055555486338168
2014-01-25,36.488592991390874
2014-01-26,37.30596303553978
2014-01-27,22.00511545271519
2014-01-28,22.298751127140086
2014-01-29,22.521559983834557
2014-01-30,22.673542023245478
2014-01-31,22.754697245788318
2014-02-01,41.21406678314514
2014-02-02,41.53204180751624
2014-02-03,22.713659301370335
2014-02-04,22.80324373084997
2014-02-05,22.96967322877041
2014-02-06,23.212947795050177
2014-02-07,39.22776833292909
2014-02-08,42.59740511954885
2014-02-09,24.40384191251571
2014-02-10,24.622120761073994
2014-02-11,24.584868684772
2014-02-12,24.292085682077662
2014-02-13,23.74377175412793
2014-02-14,22.939926901316408
2014-02-15,21.880551122549846
2014-02-16,37.02240743989371
2014-02-17,19.83822296010589
2014-02-18,19.698286750999706
2014-02-19,20.145835790444508
2014-02-20,21.18087007642596
2014-02-21,35.676571248240194
2014-02-22,25.01339439400452
2014-02-23,27.81088442556962
2014-02-24,29.97239701826496
2014-02-25,31.497932169561285
2014-02-26,43.849911887273294
2014-02-27,32.641070154105634
2014-02-28,32.25867298729325
2014-03-01,31.240298380970845
2014-03-02,49.55709034605236
2014-03-03,28.096625793432228
2014-03-04,26.790996926526347
2014-03-05,38.30929208899649
2014-03-06,36.82957159509405
2014-03-07,39.54966714426881
2014-03-08,23.343197634004156
2014-03-09,22.924926855016725
2014-03-10,22.792811295750052
2014-03-11,22.946850955851144
2014-03-12,23.387045835885193
2014-03-13,35.90331571427609
2014-03-14,25.125901257200844
2014-03-15,43.9456925787983
2014-03-16,28.00937755795934
2014-03-17,29.07029790860945
2014-03-18,29.607322849653013
2014-03-19,29.62045238058811
2014-03-20,29.109686500649595
2014-03-21,28.075025210616197
2014-03-22,26.516468511611482
2014-03-23,36.55143395197218
2014-03-24,22.78684386183239
2014-03-25,21.57495089057976
2014-03-26,20.79833748691598
2014-03-27,20.45700365493358
2014-03-28,20.550949391218637
2014-03-29,21.08017469676622
2014-03-30,22.044679570350816
2014-03-31,22.835209246503176
2014-04-01,23.45176372429534
2014-04-02,23.905524804473423
2014-04-03,35.495165607532
2014-04-04,36.59323713902394
2014-04-05,24.29004766021323
2014-04-06,24.092635150914003
2014-04-07,23.907515302251223
2014-04-08,35.006069754553025
2014-04-09,23.574153588041806
2014-04-10,35.67978667623825
2014-04-11,47.33375724844929
2014-04-12,23.166305970792692
2014-04-13,39.538996590986734
2014-04-14,34.657410185410455
2014-04-15,23.17707203336432
2014-04-16,23.410565864715117
2014-04-17,23.759012267755832
2014-04-18,53.15138106679524
2014-04-19,24.80076278819133
2014-04-20,25.49406690613582
2014-04-21,26.074265101266164
2014-04-22,26.54135737593079
2014-04-23,26.89534372692559
2014-04-24,27.136224155208584
2014-04-25,27.26399866186432
2014-04-26,45.45479357085279
2014-04-27,45.683854003896386
2014-04-28,46.7135064333375
2014-04-29,26.76514904387576
2014-04-30,26.448505516822422
2014-05-01,42.13380888513143
2014-05-02,25.5916056863447
2014-05-03,43.19477763373065
2014-05-04,24.422137909903867
2014-05-05,23.910639734184883
2014-05-06,23.511448265037757
2014-05-07,23.224563500850913
2014-05-08,23.049985442208374
2014-05-09,22.987714089058642
2014-05-10,23.037749441605506
2014-05-11,23.200091499853045
2014-05-12,23.32797976803281
2014-05-13,23.42141424515383
2014-05-14,23.48039493274806
2014-05-15,35.185675685205084
2014-05-16,23.494994939113308
2014-05-17,40.53508134242945
2014-05-18,48.45265079315055
2014-05-19,23.38584283586909
2014-05-20,23.492803410278814
2014-05-21,23.692661508267282
2014-05-22,23.985417126611395
2014-05-23,24.371070270932893
2014-05-24,24.849620936858244
2014-05-25,44.11573358913786
2014-05-26,25.785779886323507
2014-05-27,25.943753217126392
2014-05-28,25.894989118496174
2014-05-29,51.539103028530576
2014-05-30,25.177248634410972
2014-05-31,45.16792333961559
2014-06-01,42.10889104744243
2014-06-02,22.921009685769075
2014-06-03,22.373626007113984
2014-06-04,21.990407395291648
2014-06-05,45.40157767971996
2014-06-06,21.71646537473105
2014-06-07,21.825741967414377
2014-06-08,22.09918362707948
2014-06-09,22.467805602463336
2014-06-10,22.93160789290469
2014-06-11,23.490590498772104
2014-06-12,24.14475342135926
2014-06-13,24.89409665958331
2014-06-14,25.738620213216826
2014-06-15,26.6783240830028
2014-06-16,43.67761468470307
2014-06-17,28.103072936897643
2014-06-18,28.58811792028622
2014-06-19,47.3370615600156
2014-06-20,29.1035489990676
2014-06-21,29.13393509687362
2014-06-22,48.198679350541695
2014-06-23,28.67683376687578
2014-06-24,28.126131703111373
2014-06-25,41.00640252461105
2014-06-26,26.380424779814863
2014-06-27,25.185419920473347
2014-06-28,23.775647460995206
2014-06-29,40.29994224527593
2014-06-30,20.9970651295614
2014-07-01,41.4644183909117
2014-07-02,20.117732456878215
2014-07-03,37.79227460765787
2014-07-04,37.942195621696996
2014-07-05,42.02489757679981
2014-07-06,46.86407195433763
2014-07-07,25.456268168635965
2014-07-08,26.189281974320462
2014-07-09,41.14858389184069
2014-07-10,26.12197475181669
2014-07-11,56.051861293280496
2014-07-12,24.010221084281984
2014-07-13,43.66607235395482
2014-07-14,21.003221565264383
2014-07-15,20.45685527748969
2014-07-16,20.548577972291163
2014-07-17,21.278389649445607
2014-07-18,22.646290307885316
2014-07-19,24.652279948838917
2014-07-20,46.209354881745625
2014-07-21,29.404395069300605
2014-07-22,30.976389440029006
2014-07-23,32.012341684873945
2014-07-24,32.512251803451065
2014-07-25,32.47611979653988
2014-07-26,31.903945663659616
2014-07-27,30.795729405702897
2014-07-28,30.11832665404218
2014-07-29,29.87173741010877
2014-07-30,30.05596167326764
2014-07-31,30.670999443831313
2014-08-01,31.716850722013433
2014-08-02,33.169636742417694
2014-08-03,54.905953027601605
2014-08-04,36.24029764681219
2014-08-05,36.80245716426185
2014-08-06,36.71583606048429
2014-08-07,35.98043433361916
2014-08-08,34.596251985720514
2014-08-09,32.56328901421018
2014-08-10,53.97992311553746
2014-08-11,27.707025391382146
2014-08-12,42.851281202802106
2014-08-13,38.36164762442564
2014-08-14,24.22680669442107
2014-08-15,39.69190803754971
2014-08-16,24.442778718733106
2014-08-17,45.74242259877979
2014-08-18,26.093816325989668
2014-08-19,26.78942745943339
2014-08-20,27.398433480219968
2014-08-21,27.920834386722014
2014-08-22,28.356630181272326
2014-08-23,28.705820863435086
2014-08-24,46.73516054227391
2014-08-25,29.263657009195377
2014-08-26,29.591572595776146
2014-08-27,29.952153192740013
2014-08-28,30.34539879911057
2014-08-29,44.6626732269516
2014-08-30,50.33392171680974
2014-08-31,53.527018967674834
2014-09-01,31.741442770852036
2014-09-02,31.316865285089225
2014-09-03,42.33808153911063
2014-09-04,29.133026563170183
2014-09-05,27.373765328239486
2014-09-06,25.169609510532
2014-09-07,38.97732213216819
2014-09-08,20.383145410434917
2014-09-09,18.757368412087896
2014-09-10,32.735417090293566
2014-09-11,17.040724520705627
2014-09-12,29.39477294736428
2014-09-13,38.60339962663079
2014-09-14,37.21603025320802
2014-09-15,19.29459486432315
2014-09-16,20.345310199832763
2014-09-17,21.4551799487545
2014-09-18,22.624204112495235
2014-09-19,23.852382689414622
2014-09-20,45.9232281077293
2014-09-21,26.48620308341227
2014-09-22,27.530859050948003
2014-09-23,28.273683581116835
2014-09-24,28.714676671795893
2014-09-25,40.86208995164458
2014-09-26,28.691168542518888
2014-09-27,46.2663362399727
2014-09-28,45.03604840450669
2014-09-29,38.233312505907136
2014-09-30,26.485832603609097
2014-10-01,26.277663207856314
2014-10-02,26.237902898237227
2014-10-03,39.06338836176438
2014-10-04,43.46676444380165
2014-10-05,27.12907650560664
2014-10-06,27.524579453240595
2014-10-07,27.850118395136935
2014-10-08,28.10569332477902
2014-10-09,28.29130424613919
2014-10-10,28.406951159486148
2014-10-11,49.68540625603423
2014-10-12,28.428352959229276
2014-10-13,28.354852182038687
2014-10-14,28.23213173260277
2014-10-15,40.01386027177718
2014-10-16,27.839031812129953
2014-10-17,39.81203057293672
2014-10-18,27.24905320042804
2014-10-19,42.297821787385445
2014-10-20,26.48800393439445
2014-10-21,26.072361847066148
2014-10-22,25.63330812478098
2014-10-23,25.170842766452253
2014-10-24,38.98570180007941
2014-10-25,24.17567714300759
2014-10-26,23.642976878909412
2014-10-27,23.505104755502554
2014-10-28,23.762060775854142
2014-10-29,24.413844938908124
2014-10-30,35.913094455077214
2014-10-31,26.901897693200137
2014-11-01,50.73090125529671
2014-11-02,30.967547004412953
2014-11-03,32.59576304761579
2014-11-04,33.62281441279151
2014-11-05,34.04870110042264
2014-11-06,33.87342311188361
2014-11-07,47.09751018178911
2014-11-08,31.719373103630648
2014-11-09,54.384808396122
2014-11-10,37.10234397324243
2014-11-11,27.522905604724414
2014-11-12,27.28398214529486
2014-11-13,27.62500820671704
2014-11-14,28.545983786996118
2014-11-15,47.83255710013644
2014-11-16,48.930938406323584
2014-11-17,33.71138543059816
2014-11-18,34.79771465169161
2014-11-19,35.38677117151248
2014-11-20,35.47855499134505
2014-11-21,46.80840292737835
2014-11-22,34.17030453135757
2014-11-23,44.06894337045921
2014-11-24,31.56063327628333
2014-11-25,30.54139360798112
2014-11-26,29.712551247324313
2014-11-27,29.074106193076922
2014-11-28,28.62605844363578
2014-11-29,28.36840800173466
2014-11-30,49.034283021151325
2014-12-01,28.179284947953153
2014-12-02,28.020087259152284
2014-12-03,27.823561798555982
2014-12-04,27.58970856635988
2014-12-05,37.552832925229026
2014-12-06,27.010018786161588
2014-12-07,26.664182238621066
2014-12-08,26.201466903595264
2014-12-09,37.220752191614764
2014-12-10,24.92539986982965
2014-12-11,34.67385130448466
2014-12-12,34.75340561160472
2014-12-13,22.134708407901936
2014-12-14,20.970720344315176
2014-12-15,20.543709698329256
2014-12-16,20.853676469018605
2014-12-17,21.90062065475882
2014-12-18,23.6845422604398
2014-12-19,36.3578722017008
2014-12-20,53.698152819201965
2014-12-21,48.19557129939614
2014-12-22,50.75412889890209
2014-12-23,39.10397714720216
2014-12-24,40.75492886212935
2014-12-25,57.99946844178579
2014-12-26,41.71293014907234
2014-12-27,58.37736161844576
2014-12-28,56.24811493549748
2014-12-29,38.15814391856202
2014-12-30,36.85722573054591
2014-12-31,35.64297401834811
2015-01-01,67.26516594323776
2015-01-02,47.53849822321264
2015-01-03,44.582507355077794
2015-01-04,31.542376066660818
2015-01-05,30.772693106797274
2015-01-06,30.156040925395484
2015-01-07,29.692419521776703
2015-01-08,29.381828898153486
2015-01-09,29.224269053413572
2015-01-10,29.219739987010147
2015-01-11,48.03561467993626
2015-01-12,29.463385801267712
2015-01-13,29.505172295644147
2015-01-14,37.60546906173393
2015-01-15,29.42867245431853
2015-01-16,29.31038611940838
2015-01-17,43.97691044361241
2015-01-18,43.0969133471829
2015-01-19,28.763773863961664
2015-01-20,28.68884189998108
2015-01-21,36.82180605697576
2015-01-22,28.764082353927066
2015-01-23,40.40396825967416
2015-01-24,42.02104100131892
2015-01-25,40.60191970718404
2015-01-26,29.622470384022606
2015-01-27,29.687761163125185
2015-01-28,37.41364840304126
2015-01-29,29.465915876512877
2015-01-30,40.565625409159196
2015-01-31,28.774168133639435
2015-02-01,42.057371520575956
2015-02-02,36.76862236108167
2015-02-03,36.097282096095206
2015-02-04,27.107188748450277
2015-02-05,26.866014647735877
2015-02-06,41.59621744967049
2015-02-07,26.594351333856604
2015-02-08,40.48251741809181
2015-02-09,26.4529147602712
2015-02-10,26.261509239888998
2015-02-11,35.67812130515388
2015-02-12,25.637323730767516
2015-02-13,25.204543743900043
2015-02-14,43.786944899533815
2015-02-15,36.79444598532515
2015-02-16,23.968959017124348
2015-02-17,24.305354746927666
2015-02-18,33.26694930101278
2015-02-19,26.373284250419626
2015-02-20,38.748495600180476
2015-02-21,30.30139780932353
2015-02-22,48.95583145992437
2015-02-23,34.90609599491861
2015-02-24,36.130614956398155
2015-02-25,36.636580498734254
2015-02-26,36.423992619319634
2015-02-27,46.846107402806865
2015-02-28,33.84315660188196
2015-03-01,44.22212941868818
2015-03-02,29.381080024387032
2015-03-03,27.561671289913775
2015-03-04,26.016682255760173
2015-03-05,24.746112924310072
2015-03-06,23.749963293687642
2015-03-07,23.02823336582859
2015-03-08,33.57938996701839
2015-03-09,22.32292028765121
2015-03-10,30.6054179897003
2015-03-11,22.37483671905873
2015-03-12,22.68475600024292
2015-03-13,23.18398266027524
2015-03-14,39.483243810532436
2015-03-15,35.53259243900708
2015-03-16,25.366543653359358
2015-03-17,25.721073322633767
2015-03-18,25.813947118488333
2015-03-19,25.645165042728163
2015-03-20,39.3517142345377
2015-03-21,24.52263327108038
2015-03-22,34.048812267549906
2015-03-23,22.890372494704643
2015-03-24,22.487100023613074
2015-03-25,22.35906616710232
2015-03-26,32.60411888040641
2015-03-27,22.928714290524983
2015-03-28,37.10838786855908
2015-03-29,39.06380177796035
2015-03-30,25.513034070679044
2015-03-31,26.367547890368172
2015-04-01,27.162858323022487
2015-04-02,27.913815688242497
2015-04-03,51.13589178279888
2015-04-04,44.78423240224298
2015-04-05,29.900569374057586
2015-04-06,51.41142344287806
2015-04-07,30.19879127948945
2015-04-08,29.879115025455217
2015-04-09,29.246913963195013
2015-04-10,28.3021880965406
2015-04-11,27.04493742280017
2015-04-12,25.475161944787843
2015-04-13,24.221545888382344
2015-04-14,23.284089255708373
2015-04-15,32.56330160098856
2015-04-16,33.51777062891642
2015-04-17,39.1529366877257
2015-04-18,22.69585695100656
2015-04-19,36.46639977659598
2015-04-20,23.849788923637746
2015-04-21,24.22763142713908
2015-04-22,24.47272494318548
2015-04-23,24.585069469736826
2015-04-24,24.564665009484568
2015-04-25,36.36518022480654
2015-04-26,40.582372147312505
2015-04-27,24.00186480703088
2015-04-28,24.040278608996275
2015-04-29,24.2408505293614
2015-04-30,35.10870139625922
2015-05-01,45.18140920327883
2015-05-02,54.1163190894421
2015-05-03,42.73801665984341
2015-05-04,27.479209759329766
2015-05-05,28.48101134243727
2015-05-06,29.586864677027442
2015-05-07,30.796769762530758
2015-05-08,32.110726600007986
2015-05-09,33.52873518871155
2015-05-10,35.05079552886563
2015-05-11,36.032207927264494
2015-05-12,36.472972381718456
2015-05-13,36.37308889493023
2015-05-14,54.75262035254472
2015-05-15,34.55137809163112
2015-05-16,32.82955077589947
2015-05-17,48.060914817125536
2015-05-18,28.95829908675124
2015-05-19,28.003221482987055
2015-05-20,27.701842706398686
2015-05-21,28.054162758996277
2015-05-22,44.561742827294196
2015-05-23,51.89808857519242
2015-05-24,33.03331588089792
2015-05-25,54.75981082071318
2015-05-26,35.80354307496345
2015-05-27,36.260353734744555
2015-05-28,36.09829576865262
2015-05-29,35.317369178840515
2015-05-30,49.964964771246905
2015-05-31,49.720247191526084
2015-06-01,30.122694545428452
2015-06-02,28.616271773603724
2015-06-03,38.459983075746145
2015-06-04,26.412804635252904
2015-06-05,25.71576026734918
2015-06-06,25.2885087027767
2015-06-07,25.131049940005344
2015-06-08,25.07582514660844
2015-06-09,38.08628778048796
2015-06-10,25.272077465352055
2015-06-11,25.52355457981176
2015-06-12,25.87726566202323
2015-06-13,26.333210713080913
2015-06-14,49.211622474498874
2015-06-15,27.422612174645835
2015-06-16,27.926878037917124
2015-06-17,28.40418732139662
2015-06-18,28.85454002549975
2015-06-19,29.27793615033541
2015-06-20,49.160493107530925
2015-06-21,47.592280927391144
2015-06-22,30.31363061979429
2015-06-23,30.48369155987313
2015-06-24,30.554041487654413
2015-06-25,30.524680400651246
2015-06-26,30.395608300956162
2015-06-27,30.166825186737814
2015-06-28,29.838331058114047
2015-06-29,29.64520074146719
2015-06-30,29.587434235489514
2015-07-01,45.248467171993546
2015-07-02,29.864836747643135
2015-07-03,30.18684985653776
2015-07-04,51.15426455405448
2015-07-05,31.197499779373118
2015-07-06,31.51385858645335
2015-07-07,31.58014728568523
2015-07-08,45.56064450037098
2015-07-09,30.962514364273957
2015-07-10,43.460378050895976
2015-07-11,29.34460101513852
2015-07-12,28.160539179996128
2015-07-13,27.253480876710807
2015-07-14,26.623426107216336
2015-07-15,26.27037486768498
2015-07-16,26.194327161630984
2015-07-17,26.39528298663962
2015-07-18,26.873242343847036
2015-07-19,53.582403633934334
2015-07-20,28.28941013992874
2015-07-21,28.85685706134781
2015-07-22,29.330546000054866
2015-07-23,29.710476954978205
2015-07-24,29.9966499255262
2015-07-25,54.75139778341537
2015-07-26,62.791875747925175
2015-07-27,47.456616134032124
2015-07-28,50.4134123436705
2015-07-29,45.80253648888041
2015-07-30,30.267136409618264
2015-07-31,30.15818665148365
2015-08-01,30.007715541381668
2015-08-02,47.82867899575847
2015-08-03,29.52590287184234
2015-08-04,41.253937035216346
2015-08-05,28.64815139918492
2015-08-06,44.162772384465285
2015-08-07,27.374461128513232
2015-08-08,26.589138942638865
2015-08-09,41.09722731910412
2015-08-10,25.186600686374646
2015-08-11,36.824364617731774
2015-08-12,25.248364513752886
2015-08-13,25.828359705747303
2015-08-14,44.15910379373275
2015-08-15,28.08657664874667
2015-08-16,52.68964241466222
2015-08-17,30.938920743635805
2015-08-18,31.60894367479476
2015-08-19,31.774867194186083
2015-08-20,31.436691304196774
2015-08-21,30.5944160048302
2015-08-22,29.248041293884828
2015-08-23,42.78996243763915
2015-08-24,26.16561964633906
2015-08-25,25.552198717612427
2015-08-26,25.557304384856977
2015-08-27,26.180936648320326
2015-08-28,46.417966261278465
2015-08-29,47.951153946519774
2015-08-30,45.845397197613686
2015-08-31,33.698029417315
2015-09-01,35.08889016005682
2015-09-02,35.934335684973945
2015-09-03,48.35178353758706
2015-09-04,35.98898107242993
2015-09-05,51.90056728716493
2015-09-06,66.61174274103428
2015-09-07,32.60828735400246
2015-09-08,31.437146259231966
2015-09-09,30.34854229037371
2015-09-10,29.342475450708378
2015-09-11,42.52654205843565
2015-09-12,27.577953164276487
2015-09-13,44.52956951613564
2015-09-14,26.217587884403255
2015-09-15,25.77222367820572
2015-09-16,25.483405094519284
2015-09-17,25.351132131580894
2015-09-18,41.80487633527734
2015-09-19,25.5562230755256
2015-09-20,55.42296938673722
2015-09-21,26.253188911139112
2015-09-22,26.63502886947203
2015-09-23,27.039106852362742
2015-09-24,27.46542286273011
2015-09-25,27.913976900174905
2015-09-26,54.030363694253666
2015-09-27,49.888040707426725
2015-09-28,29.27853904609052
2015-09-29,29.586988941351958
2015-09-30,29.803148741793784
2015-10-01,42.75401449803215
2015-10-02,41.81139107935107
2015-10-03,29.922758429709667
2015-10-04,51.51864756481855
2015-10-05,29.749168577144896
2015-10-06,41.3033829854632
2015-10-07,29.90625703342503
2015-10-08,44.62787350398155
2015-10-09,42.5660243131943
2015-10-10,30.761911552777164
2015-10-11,47.335436098279224
2015-10-12,31.606371366867457
2015-10-13,31.94361901110039
2015-10-14,32.224211814183036
2015-10-15,45.30243730909115
2015-10-16,32.61543289185728
2015-10-17,32.72606116862093
2015-10-18,51.52928202764924
2015-10-19,32.582907557229326
2015-10-20,32.1346800305745
2015-10-21,31.43535202535005
2015-10-22,30.48492353857848
2015-10-23,48.11451643979866
2015-10-24,51.2468557931566
2015-10-25,49.543125864438764
2015-10-26,24.910483504275827
2015-10-27,24.1811100490371
2015-10-28,23.938914831105667
2015-10-29,24.183897848897345
2015-10-30,37.470140348451686
2015-10-31,41.964457556537326
2015-11-01,51.96758549798503
2015-11-02,40.15984661811379
2015-11-03,30.339412320373203
2015-11-04,45.32196069237288
2015-11-05,31.616189039422814
2015-11-06,31.796807668592866
2015-11-07,31.672246479458025
2015-11-08,31.242505470317575
2015-11-09,30.713491110485016
2015-11-10,30.085203402495708
2015-11-11,29.357642343078343
2015-11-12,28.530807932749667
2015-11-13,27.604700173313915
2015-11-14,26.579319062986077
2015-11-15,52.582396683952396
2015-11-16,24.681906902344565
2015-11-17,24.26104596245217
2015-11-18,24.192081782103635
2015-11-19,24.475014363335834
2015-11-20,39.00120751585507
2015-11-21,44.05436428223946
2015-11-22,47.68547154412387
2015-11-23,28.613074640486435
2015-11-24,29.630215725995193
2015-11-25,30.486615924621756
2015-11-26,42.79585005718275
2015-11-27,52.979356674403
2015-11-28,32.091371190547214
2015-11-29,54.54946417040072
2015-11-30,32.354099571272066
2015-12-01,32.23924638826976
2015-12-02,31.9587315465744
2015-12-03,31.512555045887467
2015-12-04,46.6206099234688
2015-12-05,52.22931665151917
2015-12-06,48.01117745733943
2015-12-07,28.721436922509675
2015-12-08,28.74736106811459
2015-12-09,29.257828023834783
2015-12-10,30.252837793020465
2015-12-11,43.698655104456606
2015-12-12,52.867701471588134
2015-12-13,36.14512396760311
2015-12-14,38.05674020225637
2015-12-15,39.43133446433923
2015-12-16,40.268906758991896
2015-12-17,54.51540385441842
2015-12-18,40.33298543235101
2015-12-19,39.55949181299345
2015-12-20,38.248976224454424
2015-12-21,53.977179691851525
2015-12-22,36.47319427558729
2015-12-23,50.281372459255515
2015-12-24,35.824411296408705
2015-12-25,35.92264442060852
2015-12-26,57.338061080790986
2015-12-27,56.03480706081599
2015-12-28,53.62052951743772
2015-12-29,36.91974117894696
2015-12-30,36.21338984967238
2015-12-31,58.740016017594655
2016-01-01,65.85488263750584
2016-01-02,52.222523960581626
2016-01-03,46.444412040795356
2016-01-04,26.73493085722097
2016-01-05,24.97053018316423
2016-01-06,23.5754962741082
2016-01-07,22.549829130234563
2016-01-08,39.687574341335676
2016-01-09,44.45586273958569
2016-01-10,36.30046732777385
2016-01-11,21.858142374280565
2016-01-12,22.113937397580838
2016-01-13,22.456413356513327
2016-01-14,22.885570252348014
2016-01-15,37.838601516500596
2016-01-16,41.30672578775787
2016-01-17,37.82032890588163
2016-01-18,25.247538713032153
2016-01-19,25.667163313808583
2016-01-20,25.952000360903927
2016-01-21,26.102049856415675
2016-01-22,37.57973380670764
2016-01-23,42.72746402027087
2016-01-24,42.49624364853041
2016-01-25,25.471046627115058
2016-01-26,25.180506993404062
2016-01-27,24.871854125948914
2016-01-28,34.77309535153341
2016-01-29,39.31968913854493
2016-01-30,48.61788082897491
2016-01-31,39.0122544536259
2016-02-01,23.1325238285703
2016-02-02,22.84701045696351
2016-02-03,22.599570189906828
2016-02-04,36.52719016562628
2016-02-05,37.44755534732106
2016-02-06,52.54298077060812
2016-02-07,43.496227161649124
2016-02-08,21.889520640957997
2016-02-09,34.88254032082443
2016-02-10,21.66986660710906
2016-02-11,21.551232091068183
2016-02-12,35.78624358539763
2016-02-13,35.706250009420216
2016-02-14,37.94435933717932
2016-02-15,31.252662939111858
2016-02-16,31.97875791091869
2016-02-17,34.60976509723336
2016-02-18,21.924760009854968
2016-02-19,38.545314030329564
2016-02-20,23.092886460674983
2016-02-21,23.873398614478408
2016-02-22,34.934110644991975
2016-02-23,37.38092034582654
2016-02-24,37.88974382890059
2016-02-25,26.089818327247443
2016-02-26,41.986256249551936
2016-02-27,26.65465084217763
2016-02-28,47.26983348876469
2016-02-29,36.381374643909965
2016-03-01,26.57530257614865
2016-03-02,26.22324198361871
2016-03-03,25.718591564675037
2016-03-04,41.10874212703445
2016-03-05,42.0455668386125
2016-03-06,41.68355952058188
2016-03-07,22.55351856990809
2016-03-08,32.57928456195117
2016-03-09,21.762864367212558
2016-03-10,21.707792943297754
2016-03-11,46.56785218907176
2016-03-12,35.978484896990395
2016-03-13,22.903601385458813
2016-03-14,23.53882295174776
2016-03-15,24.183826154404723
2016-03-16,35.918952262081206
2016-03-17,38.02996722474212
2016-03-18,26.17752556795022
2016-03-19,26.861655307720646
2016-03-20,42.374840849499776
2016-03-21,28.11623007527225
2016-03-22,28.543645479511945
2016-03-23,28.837812900064087
2016-03-24,41.87191397197968
2016-03-25,50.76721738976676
2016-03-26,28.920827244454173
2016-03-27,44.34731279713462
2016-03-28,45.19363814816056
2016-03-29,28.02107669683315
2016-03-30,27.598975192131512
2016-03-31,27.115781362484874
2016-04-01,40.2172356888065
2016-04-02,52.41908626935434
2016-04-03,40.7964890914308
2016-04-04,24.767882514838547
2016-04-05,24.528962453750456
2016-04-06,38.0601593174185
2016-04-07,24.751749425245812
2016-04-08,25.213456456735607
2016-04-09,25.90870585284283
2016-04-10,26.837497614557012
2016-04-11,42.18127519920789
2016-04-12,40.487656468781495
2016-04-13,39.48140863598516
2016-04-14,27.832368409403976
2016-04-15,27.40101204474702
2016-04-16,44.65542053329958
2016-04-17,44.33500046305926
2016-04-18,37.126267347115466
2016-04-19,39.02202903275415
2016-04-20,37.60466167921461
2016-04-21,24.71401247677
2016-04-22,37.793993313463595
2016-04-23,55.94982649112818
2016-04-24,45.66337469314329
2016-04-25,28.025053007641496
2016-04-26,29.03314606682281
2016-04-27,41.755617709412434
2016-04-28,30.986457486280166
2016-04-29,50.7082147504673
2016-04-30,32.85593597197501
2016-05-01,48.66038647270297
2016-05-02,34.223880707742026
2016-05-03,34.2498645002956
2016-05-04,33.83718924249671
2016-05-05,32.98585493400254
2016-05-06,31.695861573903976
2016-05-07,29.967209165071104
2016-05-08,46.89553700232058
2016-05-09,25.902937796011944
2016-05-10,24.276329439593773
2016-05-11,22.920072633934325
2016-05-12,21.834167379693028
2016-05-13,37.55725114387919
2016-05-14,49.83904504651696
2016-05-15,35.29074989974489
2016-05-16,35.762646519492215
2016-05-17,20.08786363981223
2016-05-18,36.98169478765635
2016-05-19,34.29011983445884
2016-05-20,34.17382132640023
2016-05-21,41.545265839421404
2016-05-22,38.446658889738245
2016-05-23,38.04111144941378
2016-05-24,23.435196797833644
2016-05-25,23.748925125091766
2016-05-26,23.917398937647043
2016-05-27,36.22178467159215
2016-05-28,23.81858302111623
2016-05-29,42.928244777723535
2016-05-30,23.528496222316065
2016-05-31,23.75019181406573
2016-06-01,24.216380067528902
2016-06-02,24.923775410995447
2016-06-03,41.04644126396521
2016-06-04,46.76663663133738
2016-06-05,56.93092715912835
2016-06-06,42.36660242578767
2016-06-07,29.87389674180141
2016-06-08,48.56652226273979
2016-06-09,43.48783370292953
2016-06-10,28.241584650772502
2016-06-11,49.17080913239509
2016-06-12,55.71488963950598
2016-06-13,23.283416449870657
2016-06-14,34.56957689448554
2016-06-15,36.35498309046788
2016-06-16,22.82654958832009
2016-06-17,39.943130336250306
2016-06-18,43.492526168991326
2016-06-19,43.681750970391626
2016-06-20,29.731938064492745
2016-06-21,42.30739409718856
2016-06-22,31.410125932838028
2016-06-23,47.065418186675814
2016-06-24,30.678461221838475
2016-06-25,53.56819283959559
2016-06-26,43.91183251166839
2016-06-27,26.06311975683377
2016-06-28,24.987461624797618
2016-06-29,24.30996953841793
2016-06-30,42.47968462694595
2016-07-01,38.61396840361249
2016-07-02,45.347748136743675
2016-07-03,56.18565135479952
2016-07-04,26.3905589402982
2016-07-05,27.138653253724836
2016-07-06,41.89129682754729
2016-07-07,28.40127712674596
2016-07-08,28.91580668934798
2016-07-09,29.352481334670273
2016-07-10,55.25612724854796
2016-07-11,29.987738391504777
2016-07-12,30.181793321226138
2016-07-13,30.29346585064718
2016-07-14,43.231626477707444
2016-07-15,47.73621152923886
2016-07-16,30.134189040239903
2016-07-17,29.916331971819304
2016-07-18,29.532707203302493
2016-07-19,28.983314736737874
2016-07-20,28.26815456877106
2016-07-21,41.9062945772679
2016-07-22,26.34053113637569
2016-07-23,25.12806787071394
2016-07-24,44.986807785230916
2016-07-25,22.954452722635867
2016-07-26,38.62555724716688
2016-07-27,37.08546296423723
2016-07-28,38.63903171549429
2016-07-29,45.25125012944471
2016-07-30,27.720233571718808
2016-07-31,56.84008366989275
2016-08-01,32.55910508337804
2016-08-02,47.130146810915
2016-08-03,35.16282045663249
2016-08-04,35.62936083738842
2016-08-05,49.18476350125188
2016-08-06,34.89180699351145
2016-08-07,51.19624748051842
2016-08-08,32.49226488612102
2016-08-09,43.968710518684915
2016-08-10,30.127308157296866
2016-08-11,28.95779930954766
2016-08-12,27.796936805631365
2016-08-13,26.644720646179586
2016-08-14,46.87038042648126
2016-08-15,24.678116718700274
2016-08-16,24.17561831185221
2016-08-17,23.993655611394164
2016-08-18,24.1322286141458
2016-08-19,37.582082262418396
2016-08-20,50.45185274502785
2016-08-21,26.471161855075803
2016-08-22,27.284799962909688
2016-08-23,27.81189606243546
2016-08-24,28.05245015085977
2016-08-25,48.52965591715406
2016-08-26,27.673932300258258
2016-08-27,57.18465534662681
2016-08-28,49.40158819229654
2016-08-29,40.36813502585512
2016-08-30,25.171829269605965
2016-08-31,25.100026083334548
2016-09-01,25.30615981810805
2016-09-02,42.70725115855011
2016-09-03,26.541145506547362
2016-09-04,41.434069793206376
2016-09-05,28.492363533109152
2016-09-06,29.30824372324436
2016-09-07,41.328907217050855
2016-09-08,30.62054645150573
2016-09-09,31.116968991340816
2016-09-10,31.506905650770527
2016-09-11,51.22189087388936
2016-09-12,42.488404755366496
2016-09-13,31.915641234877796
2016-09-14,31.757475271938056
2016-09-15,31.45210372948476
2016-09-16,46.39192186997617
2016-09-17,30.399743900416873
2016-09-18,47.06472047320521
2016-09-19,29.12810011959642
2016-09-20,41.724151185868315
2016-09-21,28.745787489418042
2016-09-22,28.88813035357797
2016-09-23,49.10420939363027
2016-09-24,54.65406868067297
2016-09-25,51.77276194520819
2016-09-26,31.161544993682064
2016-09-27,31.376982400329148
2016-09-28,44.88662541865445
2016-09-29,30.917001484060933
2016-09-30,46.12522508017085
2016-10-01,47.44533924627514
2016-10-02,43.88142893212792
2016-10-03,27.04425320208795
2016-10-04,26.408611500740562
2016-10-05,26.090861903400963
2016-10-06,37.75496350849777
2016-10-07,38.72799366662201
2016-10-08,45.838299409471716
2016-10-09,27.998784572087672
2016-10-10,28.740848489407224
2016-10-11,29.271157499487508
2016-10-12,29.589711602730766
2016-10-13,29.696510797799217
2016-10-14,48.34080250986236
2016-10-15,29.274844467120005
2016-10-16,43.620236066592696
2016-10-17,28.28926849283073
2016-10-18,27.903513124179376
2016-10-19,47.12981320802373
2016-10-20,27.346067626338268
2016-10-21,27.174377496859094
2016-10-22,27.074042444795115
2016-10-23,46.417815270196726
2016-10-24,27.012286652119187
2016-10-25,26.975714981334665
2016-10-26,37.41527615298065
2016-10-27,26.891184093215728
2016-10-28,40.16146758447688
2016-10-29,26.791469805442585
2016-10-30,26.735918887739988
2016-10-31,26.62551069032753
2016-11-01,26.46024521516915
2016-11-02,26.25108187164821
2016-11-03,25.99802066102754
2016-11-04,40.438461306495135
2016-11-05,45.4131451140518
2016-11-06,35.80806842370365
2016-11-07,24.792569537534348
2016-11-08,24.811563774443258
2016-11-09,25.032432537660434
2016-11-10,25.455175826894745
2016-11-11,44.74716662124916
2016-11-12,42.38055568954957
2016-11-13,44.55516475535794
2016-11-14,28.79580197278319
2016-11-15,29.48973335670454
2016-11-16,30.016447002178722
2016-11-17,30.37594290627144
2016-11-18,43.34063416435062
2016-11-19,45.658178988807755
2016-11-20,43.4754586345277
2016-11-21,30.272791666681165
2016-11-22,30.058283958348735
2016-11-23,29.807601051742125
2016-11-24,29.52074295013066
2016-11-25,39.56847241799724
2016-11-26,47.12379340338357
2016-11-27,46.3463289763141
2016-11-28,28.264038115862913
2016-11-29,28.301263112380607
2016-11-30,28.554792456723703
2016-12-01,29.024626146483122
2016-12-02,46.616374460653134
2016-12-03,43.28571293367564
2016-12-04,48.771958439074815
2016-12-05,32.443323476531376
2016-12-06,32.97393592259067
2016-12-07,42.15115934918016
2016-12-08,48.01292771310583
2016-12-09,50.076391737718865
2016-12-10,44.1176699064369
2016-12-11,44.00083455042697
2016-12-12,30.965289159908515
2016-12-13,30.610442883043504
2016-12-14,30.491380395571742
2016-12-15,30.608101701361615
2016-12-16,42.39573732329288
2016-12-17,31.548895686757547
2016-12-18,44.4630944345317
2016-12-19,33.11412620695424
2016-12-20,42.81634612965209
2016-12-21,34.347697366750225
2016-12-22,45.92465064921972
2016-12-23,51.951995519159176
2016-12-24,35.57619280791431
2016-12-25,50.8847591045632
2016-12-26,54.711828630811176
2016-12-27,36.249974930561606
2016-12-28,36.43641944818289
2016-12-29,36.60378920542964
2016-12-30,48.214506208030116
2016-12-31,36.88130443803159
2017-01-01,69.74122707283541
2017-01-02,53.19043155613856
2017-01-03,45.52352122994937
2017-01-04,35.6055718646501
2017-01-05,44.421632975449704
2017-01-06,33.25139110539054
2017-01-07,50.31259508713447
2017-01-08,45.41831077174625
2017-01-09,28.240857575888015
2017-01-10,37.998093654449356
2017-01-11,26.356806212349746
2017-01-12,25.984897967232456
2017-01-13,38.24694296723227
2017-01-14,41.009550149523484
2017-01-15,43.49724007901897
2017-01-16,27.92570402109833
2017-01-17,28.709499474718932
2017-01-18,29.501029340469273
2017-01-19,30.300293618139868
2017-01-20,53.30156436949281
2017-01-21,31.92202541071586
2017-01-22,50.32860404854872
2017-01-23,33.28828109443307
2017-01-24,33.553389915199894
2017-01-25,47.29472579339631
2017-01-26,47.05705888068433
2017-01-27,53.527331745648475
2017-01-28,54.424377956327376
2017-01-29,45.16322870879699
2017-01-30,29.60695414299378
2017-01-31,28.551662756838418
2017-02-01,27.532869637762232
2017-02-02,26.569306074852268
2017-02-03,40.19683470157668
2017-02-04,38.96584820886682
2017-02-05,45.599653519254815
2017-02-06,23.445773711493757
2017-02-07,33.13118407853049
2017-02-08,35.190303799975226
2017-02-09,23.155051884630822
2017-02-10,23.525456352819194
2017-02-11,39.13983122503333
2017-02-12,39.54088374261755
2017-02-13,25.71205684812647
2017-02-14,26.36398852305563
2017-02-15,26.923027925906766
2017-02-16,27.389175061402526
2017-02-17,37.73851589318896
2017-02-18,42.679423701635756
2017-02-19,28.23026284973757
2017-02-20,28.287347365047957
2017-02-21,28.214046061730663
2017-02-22,28.010358946919148
2017-02-23,27.676286015283715
2017-02-24,27.21182726907704
2017-02-25,41.736463165015195
2017-02-26,42.3758068394467
2017-02-27,34.70309703920986
2017-02-28,25.21370623991612
2017-03-01,25.260890520121443
2017-03-02,25.55194211463859
2017-03-03,41.533839245869814
2017-03-04,46.23840003397778
2017-03-05,40.88744308476858
2017-03-06,28.79082731706378
2017-03-07,29.5732268885254
2017-03-08,30.23549948298779
2017-03-09,30.777645098516942
2017-03-10,44.163117194279444
2017-03-11,31.501555393102592
2017-03-12,46.393428314148586
2017-03-13,31.658073515247928
2017-03-14,31.425815719020008
2017-03-15,30.98654668353678
2017-03-16,30.34026641108521
2017-03-17,29.48697489995695
2017-03-18,28.426672149967942
2017-03-19,48.018446999756584
2017-03-20,26.17489177957259
2017-03-21,25.47327300200743
2017-03-22,25.054501830347412
2017-03-23,24.918578262455455
2017-03-24,42.968713814431666
2017-03-25,41.16058401803119
2017-03-26,48.09566092572674
2017-03-27,26.876778107793243
2017-03-28,27.501928696873403
2017-03-29,28.083344955650155
2017-03-30,40.30178074080598
2017-03-31,40.74114538013116
2017-04-01,42.283017890899806
2017-04-02,50.97904711611845
2017-04-03,30.255743816606838
2017-04-04,30.438598896060252
2017-04-05,30.51317200903867
2017-04-06,40.440853707469074
2017-04-07,45.347786867829335
2017-04-08,43.54189966808288
2017-04-09,29.72864479972008
2017-04-10,29.47584321731224
2017-04-11,40.900382734215064
2017-04-12,43.31532077921231
2017-04-13,44.08935721063541
2017-04-14,46.661218630691096
2017-04-15,46.93718289648447
2017-04-16,55.015097964263795
2017-04-17,49.87640946462195
2017-04-18,30.511332604749015
2017-04-19,41.44486890668857
2017-04-20,30.26687819446462
2017-04-21,42.64650484588719
2017-04-22,44.29305269873028
2017-04-23,50.10767036112279
2017-04-24,28.377487196371767
2017-04-25,40.29000352798276
2017-04-26,38.46720840075588
2017-04-27,39.938985935793454
2017-04-28,43.941174667934604
2017-04-29,47.41712872761245
2017-04-30,42.77981640664626
2017-05-01,49.93226085532533
2017-05-02,30.24359177883712
2017-05-03,40.07281671363337
2017-05-04,30.097931519923034
2017-05-05,29.71815923305288
2017-05-06,40.81451269572292
2017-05-07,50.014166231850076
2017-05-08,27.695012060855184
2017-05-09,27.184603988070734
2017-05-10,26.81350612830238
2017-05-11,39.49058897729739
2017-05-12,26.489241044643727
2017-05-13,47.87801193754044
2017-05-14,46.39937458800499
2017-05-15,26.941232173894633
2017-05-16,27.193119910736566
2017-05-17,27.477880022773412
2017-05-18,27.795512507194687
2017-05-19,44.74763517174889
2017-05-20,28.529394598654676
2017-05-21,28.945644205723898
2017-05-22,29.089910994341114
2017-05-23,39.16920884858264
2017-05-24,28.56249612336353
2017-05-25,45.684860050528236
2017-05-26,26.947149981725563
2017-05-27,25.731502686562948
2017-05-28,42.80207962906206
2017-05-29,23.243218673684382
2017-05-30,22.72954098930154
2017-05-31,22.70283951921655
2017-06-01,23.163114261827943
2017-06-02,24.109900610282605
2017-06-03,43.983842317247024
2017-06-04,46.8861451898111
2017-06-05,52.65314020601502
2017-06-06,42.300453335288346
2017-06-07,30.382841314005454
2017-06-08,30.40958721807617
2017-06-09,46.88378541001047
2017-06-10,29.04328129094383
2017-06-11,46.235727993536145
2017-06-12,26.558054657531102
2017-06-13,25.766756893530633
2017-06-14,36.602300767388556
2017-06-15,37.504416312807365
2017-06-16,44.19299656800227
2017-06-17,40.67523368677653
2017-06-18,43.176962775249386
2017-06-19,27.202092524711084
2017-06-20,28.246342948051158
2017-06-21,29.456174876322205
2017-06-22,30.83158831231031
2017-06-23,32.372583252274445
2017-06-24,50.67238012671158
2017-06-25,49.81538998183859
2017-06-26,47.20515413058648
2017-06-27,47.808722107389585
2017-06-28,50.043188018987486
2017-06-29,36.824084776113594
2017-06-30,58.96814994113818
2017-07-01,33.29094952816037
2017-07-02,53.94629665473365
2017-07-03,39.323872228153135
2017-07-04,36.78069376162266
2017-07-05,38.39383439462968
2017-07-06,25.130635171792637
2017-07-07,25.210487410936736
2017-07-08,42.672530295020906
2017-07-09,48.287587708399336
2017-07-10,28.345169536392376
2017-07-11,41.44008541425684
2017-07-12,30.99709529741617
2017-07-13,52.90915220408205
2017-07-14,46.20708765840404
2017-07-15,53.793109738290795
2017-07-16,36.80414954664292
2017-07-17,37.75861916141591
2017-07-18,38.152894486433794
2017-07-19,37.98697552315096
2017-07-20,51.616181259882524
2017-07-21,50.98486926168342
2017-07-22,34.128052898037986
2017-07-23,64.25280209131715
2017-07-24,29.687384779040787
2017-07-25,39.10647817412787
2017-07-26,40.43793659057528
2017-07-27,38.15756290757675
2017-07-28,39.63405698460393
2017-07-29,39.40912263129433
2017-07-30,44.79687674359373
2017-07-31,40.20380079675001
2017-08-01,45.89276973551564
2017-08-02,38.34929815181104
2017-08-03,26.24367961587684
2017-08-04,43.723854849960816
2017-08-05,41.08573897744874
2017-08-06,49.523494746199326
2017-08-07,45.37122049399317
2017-08-08,41.81070153074289
2017-08-09,28.280134719249197
2017-08-10,41.95051713728771
2017-08-11,50.563318282680584
2017-08-12,46.42234052246626
2017-08-13,51.06056233978744
2017-08-14,39.40308092255549
2017-08-15,30.444767023531487
2017-08-16,41.769731767097646
2017-08-17,41.23910729568093
2017-08-18,45.336948111770525
2017-08-19,29.29938425709614
2017-08-20,45.735993655818106
2017-08-21,43.26886776238169
2017-08-22,27.792966462972494
2017-08-23,37.407197188716616
2017-08-24,36.52346875823067
2017-08-25,28.089261118437395
2017-08-26,43.10769664525871
2017-08-27,53.195635132480454
2017-08-28,41.71977839551782
2017-08-29,41.211571745438484
2017-08-30,39.44443171167494
2017-08-31,42.07819157527557
2017-09-01,43.780515825210244
2017-09-02,57.75486284082571
2017-09-03,49.86588796865329
2017-09-04,29.12012650771267
2017-09-05,28.87196688844738
2017-09-06,37.446953290986905
2017-09-07,28.727138429953072
2017-09-08,40.156434192307835
2017-09-09,44.30690220701254
2017-09-10,42.679573924548734
2017-09-11,29.817878161997683
2017-09-12,30.338730749577405
2017-09-13,40.639656199931494
2017-09-14,46.11971219535501
2017-09-15,32.450871231319695
2017-09-16,51.37568187295978
2017-09-17,55.629497776104614
2017-09-18,35.09977642708853
2017-09-19,35.68659012043254
2017-09-20,36.0773915695631
2017-09-21,36.27218077307555
2017-09-22,58.213308426056784
2017-09-23,52.77610879118915
2017-09-24,52.05536348509928
2017-09-25,35.28408881307894
2017-09-26,46.5107350568388
2017-09-27,45.944322963781225
2017-09-28,48.32225225860499
2017-09-29,50.53329411304669
2017-09-30,49.7811213971566
2017-10-01,53.774527810073316
2017-10-02,42.78920571413479
2017-10-03,32.19235823838714
2017-10-04,31.96007134909853
2017-10-05,42.732645174483686
2017-10-06,51.08267107798394
2017-10-07,48.931870696620784
2017-10-08,31.6406922652379
2017-10-09,31.54923088189797
2017-10-10,44.07251774598628
2017-10-11,44.62092850250735
2017-10-12,42.255234837757605
2017-10-13,42.870396637203655
2017-10-14,42.12706842736441
2017-10-15,53.4484601542761
2017-10-16,38.966880800685225
2017-10-17,36.434845918700766
2017-10-18,28.117091572501863
2017-10-19,40.02869715547856
2017-10-20,39.512256675255
2017-10-21,46.43596827366495
2017-10-22,56.65152684633186
2017-10-23,40.106895161952735
2017-10-24,31.62600293831842
2017-10-25,41.14294924214945
2017-10-26,40.383759796511285
2017-10-27,48.12497350385194
2017-10-28,49.410858795908055
2017-10-29,45.44224083513263
2017-10-30,43.50789874264983
2017-10-31,29.65978639925916
2017-11-01,44.79313836475366
2017-11-02,29.597767009400354
2017-11-03,48.086890614258074
2017-11-04,53.11342613532404
2017-11-05,48.88446033268899
2017-11-06,31.55669318307455
2017-11-07,31.91491522005478
2017-11-08,43.98229210822699
2017-11-09,32.14344118843543
2017-11-10,45.27740487347062
2017-11-11,47.277553840234134
2017-11-12,45.84008572464938
2017-11-13,42.46828576385394
2017-11-14,40.59458252679153
2017-11-15,46.44773170674997
2017-11-16,42.437324148028296
2017-11-17,43.27556743774703
2017-11-18,47.35016485335058
2017-11-19,47.71648416031181
2017-11-20,31.535306614124593
2017-11-21,31.808330734187397
2017-11-22,44.93308103741427
2017-11-23,32.26482047214554
2017-11-24,50.24233167873645
2017-11-25,47.39388155317979
2017-11-26,53.13968657806309
2017-11-27,32.80006301804409
2017-11-28,44.99711199108642
2017-11-29,32.80080420071788
2017-11-30,32.72714117692063
2017-12-01,48.42478399662229
2017-12-02,44.62772990465972
2017-12-03,54.16763050643534
2017-12-04,31.98775665959691
2017-12-05,31.942597688867934
2017-12-06,32.00792845777219
2017-12-07,41.70847582066465
2017-12-08,51.5195129193088
2017-12-09,45.366357467937
2017-12-10,49.77632896332217
2017-12-11,43.861083874887335
2017-12-12,46.61549295531669
2017-12-13,33.695555179188574
2017-12-14,41.61517273949481
2017-12-15,32.90944030193209
2017-12-16,48.969037767715754
2017-12-17,44.7756176114457
2017-12-18,39.891193713502496
2017-12-19,30.410984947104684
2017-12-20,41.19962982386696
2017-12-21,41.79983558104964
2017-12-22,48.91398857092982
2017-12-23,54.682142274758235
2017-12-24,33.231972737723396
2017-12-25,50.87364556824346
2017-12-26,53.5700284532585
2017-12-27,50.49105899632113
2017-12-28,50.151679260024245
2017-12-29,59.756840221404204
2017-12-30,51.46923129210488
2017-12-31,51.4886741985705
2018-01-01,67.8014723267616
2018-01-02,48.68273390637242
2018-01-03,34.087187074577706
2018-01-04,46.612178071236976
2018-01-05,47.94046761745364
2018-01-06,51.49946434932235
2018-01-07,31.41684431250154
2018-01-08,30.694806311978212
2018-01-09,30.01098182507891
2018-01-10,29.36537084932916
2018-01-11,28.757973385470386
2018-01-12,42.598691387136356
2018-01-13,40.279079272594394
2018-01-14,52.73508039340002
2018-01-15,26.813850259450543
2018-01-16,36.25277175168176
2018-01-17,42.81018200462846
2018-01-18,38.56315415666676
2018-01-19,45.76474191916706
2018-01-20,42.491488698819715
2018-01-21,47.601807841251045
2018-01-22,28.228210801505806
2018-01-23,36.47013474268326
2018-01-24,29.479954547001004
2018-01-25,44.45595877425261
2018-01-26,50.55877393140494
2018-01-27,43.72196935196371
2018-01-28,48.4427982243386
2018-01-29,33.03617918687833
2018-01-30,33.05871325349355
2018-01-31,32.66454670123258
2018-02-01,46.66665566459629
2018-02-02,44.758132890743056
2018-02-03,28.966945351162302
2018-02-04,49.815922347886556
2018-02-05,25.412506242692757
2018-02-06,24.53122907145987
2018-02-07,33.035103694693255
2018-02-08,32.96633563530371
2018-02-09,43.70187637739979
2018-02-10,37.78649607202426
2018-02-11,42.18417791236537
2018-02-12,43.922292815811836
2018-02-13,41.46412047260143
2018-02-14,52.79684617977903
2018-02-15,40.711684659087155
2018-02-16,46.75046863066598
2018-02-17,54.091149096377954
2018-02-18,39.11609829446442
2018-02-19,40.574577692668356
2018-02-20,37.09735769049949
2018-02-21,35.48001705213542
2018-02-22,38.17878906058769
2018-02-23,39.462462716352235
2018-02-24,51.44845556777344
2018-02-25,39.42200382484596
2018-02-26,41.37666524100764
2018-02-27,42.42388727653868
2018-02-28,46.07797294398496
2018-03-01,34.597360269207
2018-03-02,54.92979437826041
2018-03-03,51.98007323534979
2018-03-04,53.97178684946619
2018-03-05,33.716964866403565
2018-03-06,33.21089846039319
2018-03-07,43.8294796469215
2018-03-08,32.167935721315196
2018-03-09,45.82260949146002
2018-03-10,55.75536520664052
2018-03-11,47.22880314400354
2018-03-12,30.07485687453667
2018-03-13,39.77245165489346
2018-03-14,29.48940614644113
2018-03-15,46.20905450452716
2018-03-16,39.83473439897912
2018-03-17,45.69841695641947
2018-03-18,45.090742304255414
2018-03-19,29.920801072906364
2018-03-20,42.68142912773339
2018-03-21,40.415835428478296
2018-03-22,42.637428862568406
2018-03-23,48.22725871406521
2018-03-24,55.27492131434566
2018-03-25,64.24437183958715
2018-03-26,44.27952461344119
2018-03-27,46.22440867325095
2018-03-28,36.51050243217825
2018-03-29,52.78955290221905
2018-03-30,61.10046103680293
2018-03-31,34.76475451647082
2018-04-01,51.52956458351488
2018-04-02,55.74489875016535
2018-04-03,31.363366213317256
2018-04-04,30.566278577051477
2018-04-05,39.87164424447824
2018-04-06,45.41539088555293
2018-04-07,43.021921910330654
2018-04-08,47.128430753035765
2018-04-09,40.18619181713647
2018-04-10,42.00882028419929
2018-04-11,40.09681787460093
2018-04-12,38.18911747858051
2018-04-13,43.01831751561121
2018-04-14,28.409788394147448
2018-04-15,42.82690227761053
2018-04-16,37.0043045229896
2018-04-17,38.04453507697605
2018-04-18,28.489443495477303
2018-04-19,39.83339881602836
2018-04-20,46.859072625874255
2018-04-21,29.343477529567107
2018-04-22,53.35928894567755
2018-04-23,30.15094740886736
2018-04-24,40.937900277678914
2018-04-25,46.09291718839912
2018-04-26,42.013522652689325
2018-04-27,46.90313447562886
2018-04-28,31.04132988255649
2018-04-29,45.30992612311265
2018-04-30,31.07801779868239
2018-05-01,48.00898099332439
2018-05-02,44.898115759179625
2018-05-03,31.65222968959112
2018-05-04,52.756436758845275
2018-05-05,46.777613312520224
2018-05-06,32.874378988741
2018-05-07,42.615340126181486
2018-05-08,33.2893290108324
2018-05-09,33.22490288929501
2018-05-10,59.23361403430611
2018-05-11,32.552248374088805
2018-05-12,31.94401998202834
2018-05-13,51.91284445994266
2018-05-14,40.00267188735902
2018-05-15,29.84500419233305
2018-05-16,29.324980031222324
2018-05-17,43.05905837665359
2018-05-18,42.937013833354584
2018-05-19,49.20912527945678
2018-05-20,50.358387743722076
2018-05-21,44.78272060105521
2018-05-22,37.20355005807198
2018-05-23,28.903575721412203
2018-05-24,38.768502418877496
2018-05-25,44.173692429105756
2018-05-26,52.351388209347604
2018-05-27,53.722279940632156
2018-05-28,33.77321034448027
2018-05-29,34.396602708493184
2018-05-30,45.93127276793889
2018-05-31,34.64495004783292
2018-06-01,34.2699050232916
2018-06-02,33.54712789511515
2018-06-03,52.20835940276346
2018-06-04,40.46539572041442
2018-06-05,30.494892910538283
2018-06-06,41.29172172402593
2018-06-07,37.67716319529775
2018-06-08,47.51581939181969
2018-06-09,38.87665758286303
2018-06-10,51.195867762449794
2018-06-11,39.063296969120856
2018-06-12,36.614289853558184
2018-06-13,41.86496568894082
2018-06-14,46.28568699656308
2018-06-15,40.95423884864488
2018-06-16,48.34200680173651
2018-06-17,61.87174394398538
2018-06-18,32.090483914610346
2018-06-19,42.59203291889584
2018-06-20,42.77798524104991
2018-06-21,50.79717572528123
2018-06-22,48.96472470448094
2018-06-23,61.51546727724747
2018-06-24,53.76193113659546
2018-06-25,33.15851964882563
2018-06-26,42.71660682006573
2018-06-27,48.67873003575782
2018-06-28,42.56773544110208
2018-06-29,31.62636221683741
2018-06-30,49.58058280230711
2018-07-01,47.20706225552675
2018-07-02,30.767502999906544
2018-07-03,41.11725204406625
2018-07-04,42.640926725548056
2018-07-05,29.85293936951182
2018-07-06,50.67713055204994
2018-07-07,46.32765027386839
2018-07-08,49.66344161780177
2018-07-09,28.51258428480541
2018-07-10,38.84990573632117
2018-07-11,42.82212187197541
2018-07-12,27.65681959942874
2018-07-13,39.75791394266998
2018-07-14,41.110471256734336
2018-07-15,49.56102074973624
2018-07-16,26.942006340305703
2018-07-17,37.11549348892259
2018-07-18,47.90482613628393
2018-07-19,27.70646932405004
2018-07-20,45.895367667879924
2018-07-21,47.17898073061626
2018-07-22,48.77823300236731
2018-07-23,30.494495512141178
2018-07-24,47.07447908019009
2018-07-25,31.190100162167678
2018-07-26,31.22915450963261
2018-07-27,46.98380700103752
2018-07-28,57.191894617728956
2018-07-29,54.97386480974875
2018-07-30,41.53122208097351
2018-07-31,39.704836652995034
2018-08-01,52.141982181802426
2018-08-02,29.600962637652092
2018-08-03,43.36712630513146
2018-08-04,46.55370888126488
2018-08-05,50.37750904657747
2018-08-06,31.557121683867805
2018-08-07,45.68529352044932
2018-08-08,32.093062368018785
2018-08-09,51.640430782080585
2018-08-10,51.51838309404119
2018-08-11,45.12913580175132
2018-08-12,48.37312558581819
2018-08-13,30.9672824107191
2018-08-14,40.2749218258652
2018-08-15,43.95983757200182
2018-08-16,43.113688890020875
2018-08-17,45.05059267570786
2018-08-18,42.7839298057573
2018-08-19,43.30031940318409
2018-08-20,31.57066585150391
2018-08-21,31.802512766918348
2018-08-22,31.987608522464992
2018-08-23,45.77169360100322
2018-08-24,49.90242622355205
2018-08-25,49.23768999687832
2018-08-26,57.65415332414949
2018-08-27,32.16798640771425
2018-08-28,31.984908191299294
2018-08-29,43.09179286878887
2018-08-30,46.193563397757266
2018-08-31,49.34120666028472
2018-09-01,48.632040882124606
2018-09-02,50.64052378601579
2018-09-03,29.186939566391853
2018-09-04,28.783693678981635
2018-09-05,28.498220222133064
2018-09-06,41.51230450463637
2018-09-07,44.08235808443475
2018-09-08,49.935995886728385
2018-09-09,56.53511018259983
2018-09-10,28.773395759850303
2018-09-11,37.782948743781404
2018-09-12,29.4132722058744
2018-09-13,29.813803600941828
2018-09-14,43.94739377537488
2018-09-15,44.66741654689945
2018-09-16,63.32338616911922
2018-09-17,31.78759844394098
2018-09-18,32.12553663822121
2018-09-19,41.330482298013024
2018-09-20,41.117143175996674
2018-09-21,48.59727783613979
2018-09-22,49.988688394817494
2018-09-23,54.48860393141698
2018-09-24,42.7089171114735
2018-09-25,32.225341678095774
2018-09-26,43.46870015274615
2018-09-27,33.022445003456674
2018-09-28,48.676058748880756
2018-09-29,54.8834371022316
2018-09-30,64.14827703800424
2018-10-01,36.056339428283835
2018-10-02,36.06177841018101
2018-10-03,35.56312193337567
2018-10-04,45.4769623842411
2018-10-05,48.66424971364705
2018-10-06,51.34744158401775
2018-10-07,46.53991886665113
2018-10-08,37.378403757151005
2018-10-09,34.77948864346101
2018-10-10,25.643262660732365
2018-10-11,26.235448465013114
2018-10-12,40.578390483216936
2018-10-13,45.99916606337967
2018-10-14,61.41077151732508
2018-10-15,34.91899698033434
2018-10-16,36.48870292839892
2018-10-17,37.38195990276731
2018-10-18,37.59876790364734
2018-10-19,60.96458981442268
2018-10-20,51.968553350907115
2018-10-21,59.325952036749925
2018-10-22,32.68354866859248
2018-10-23,31.482188791636784
2018-10-24,42.540087100086886
2018-10-25,41.8617337875595
2018-10-26,43.542129103581665
2018-10-27,52.55671996092411
2018-10-28,52.55580991660073
2018-10-29,42.84088855960021
2018-10-30,41.4957110482334
2018-10-31,40.379018674067005
2018-11-01,42.16537657456887
2018-11-02,45.55753619552685
2018-11-03,53.55756044317896
2018-11-04,47.33432745402821
2018-11-05,31.00149371080596
2018-11-06,42.1121370277954
2018-11-07,29.958685766797405
2018-11-08,41.91915088666946
2018-11-09,39.558729808591885
2018-11-10,42.16200284998952
2018-11-11,49.825539867887905
2018-11-12,35.01108007652362
2018-11-13,48.22885671537777
2018-11-14,32.57193327456435
2018-11-15,37.36441324161224
2018-11-16,44.037592835051655
2018-11-17,49.698575074619825
2018-11-18,49.052812650337536
2018-11-19,33.08738839186131
2018-11-20,45.87804405892026
2018-11-21,35.84388062512684
2018-11-22,50.608532379604334
2018-11-23,58.6230473232998
2018-11-24,60.88881287190385
2018-11-25,55.07765576696996
2018-11-26,43.713770676698395
2018-11-27,44.83472717774308
2018-11-28,47.607906668969264
2018-11-29,48.052951618946004
2018-11-30,57.40555480748182
2018-12-01,69.39287430168599
2018-12-02,71.52039605239781
2018-12-03,39.91250904880722
2018-12-04,50.22119852889416
2018-12-05,50.374318810902466
2018-12-06,50.19680304210728
2018-12-07,66.39103757281244
2018-12-08,55.39981878213272
2018-12-09,62.54379983011381
2018-12-10,47.16737204493505
2018-12-11,38.97206409859029
2018-12-12,50.805865490499286
2018-12-13,54.73909446844926
2018-12-14,54.27975600896191
2018-12-15,57.10095495401765
2018-12-16,67.73307714347855
2018-12-17,42.50237781186889
2018-12-18,55.123147047749576
2018-12-19,51.94033327372666
2018-12-20,57.35252047176968
2018-12-21,67.3478609424015
2018-12-22,63.53189651065588
2018-12-23,58.022044726976155
2018-12-24,53.61823838450831
2018-12-25,60.456113643282436
2018-12-26,56.838943134590245
2018-12-27,58.03316144343364
2018-12-28,56.29428600835636
2018-12-29,55.42003137452727
2018-12-30,61.70003423076557
2018-12-31,53.09239860463473
2019-01-01,63.98439051352817
2019-01-02,52.66814327565927
2019-01-03,47.963460793602415
2019-01-04,49.5701367752685
2019-01-05,45.452628114560895
2019-01-06,48.95646900261941
2019-01-07,27.11430718668123
2019-01-08,33.67776410311199
2019-01-09,32.813125237851246
2019-01-10,31.624573027192433
2019-01-11,37.11552135177355
2019-01-12,46.74156445022515
2019-01-13,43.46232147532304
2019-01-14,26.54598677081328
2019-01-15,27.199319152720335
2019-01-16,38.43569949214603
2019-01-17,40.93275926624997
2019-01-18,43.88772755978408
2019-01-19,41.73314225426055
2019-01-20,48.25120124102862
2019-01-21,34.603548457921775
2019-01-22,36.62389841649121
2019-01-23,37.18579713474035
2019-01-24,37.3515130297895
2019-01-25,47.87388960035224
2019-01-26,41.41945898544534
2019-01-27,47.84090267253416
2019-01-28,30.17070521919461
2019-01-29,39.26759107654173
2019-01-30,40.35171677195114
2019-01-31,32.35871454585818
2019-02-01,52.73249628497908
2019-02-02,47.96733976824366
2019-02-03,46.99221482083718
2019-02-04,47.73021844058754
2019-02-05,43.41306335072136
2019-02-06,41.10924311790825
2019-02-07,32.68589641767243
2019-02-08,53.71851836000762
2019-02-09,49.59265684174086
2019-02-10,50.23656976031261
2019-02-11,44.89434726580355
2019-02-12,44.38811122951909
2019-02-13,49.17551879739618
2019-02-14,51.386126724856226
2019-02-15,51.920553885975174
2019-02-16,68.27263957991462
2019-02-17,61.33369158121405
2019-02-18,39.99176775368775
2019-02-19,49.33239465650544
2019-02-20,52.07540928866989
2019-02-21,56.02617520532872
2019-02-22,56.851644967476844
2019-02-23,56.760329189633715
2019-02-24,52.32399799139088
2019-02-25,46.203991154495796
2019-02-26,41.95239989284258
2019-02-27,41.739946615174404
2019-02-28,46.032685843678394
2019-03-01,51.3268112907609
2019-03-02,52.09304698405715
2019-03-03,49.068262911392914
2019-03-04,41.20810052177698
2019-03-05,32.797322326688125
2019-03-06,33.005865933249495
2019-03-07,40.9876954295169
2019-03-08,53.14033532953665
2019-03-09,48.85661815600865
2019-03-10,53.908099325152094
2019-03-11,42.33543234141183
2019-03-12,45.47763473933453
2019-03-13,42.78212200454096
2019-03-14,51.79731639825819
2019-03-15,49.57108242759184
2019-03-16,55.20745676912191
2019-03-17,52.60446565422445
2019-03-18,42.26520875811257
2019-03-19,45.14954346612067
2019-03-20,40.70698460832336
2019-03-21,39.52662680121901
2019-03-22,46.54822809970952
2019-03-23,59.015348924873045
2019-03-24,56.95482389878342
2019-03-25,42.81049331558759
2019-03-26,34.01321613348211
2019-03-27,44.00719574642286
2019-03-28,45.7759653407565
2019-03-29,50.072368417895476
2019-03-30,52.22956173357221
2019-03-31,55.604397446173095
2019-04-01,45.32393120951673
2019-04-02,33.77429809863235
2019-04-03,44.044091012296064
2019-04-04,43.02874353731577
2019-04-05,47.130435735223074
2019-04-06,45.70549002564363
2019-04-07,53.21839132434481
2019-04-08,40.95753514731182
2019-04-09,40.80776863862619
2019-04-10,32.37815682981332
2019-04-11,43.321267973647714
2019-04-12,51.83330812031299
2019-04-13,48.143927086008276
2019-04-14,60.117726938987396
2019-04-15,42.23222262633711
2019-04-16,44.86748801624543
2019-04-17,48.97406939053242
2019-04-18,49.69408313949732
2019-04-19,62.93846266782457
2019-04-20,52.163914958269054
2019-04-21,53.50436081244169
2019-04-22,62.00126247774228
2019-04-23,37.53614293445824
2019-04-24,46.23626056448756
2019-04-25,48.188874124653545
2019-04-26,49.2721487472126
2019-04-27,56.9807449765992
2019-04-28,55.08882770248965
2019-04-29,46.79521675222083
2019-04-30,38.567993117632085
2019-05-01,57.01635073690039
2019-05-02,50.93027782857933
2019-05-03,57.48077146872737
2019-05-04,56.77234203270302
2019-05-05,61.004281510740185
2019-05-06,40.18383752371449
2019-05-07,40.35173845739301
2019-05-08,48.399676072267326
2019-05-09,47.39853478966591
2019-05-10,52.76170332126553
2019-05-11,61.176415745431306
2019-05-12,59.22156146274512
2019-05-13,39.69573997210582
2019-05-14,49.34925817115122
2019-05-15,47.57239237742721
2019-05-16,46.07318793101452
2019-05-17,50.11890065346195
2019-05-18,57.14413133931741
2019-05-19,57.924359416951496
2019-05-20,44.5906881736656
2019-05-21,44.43459857452899
2019-05-22,44.65638604583068
2019-05-23,45.25605058915809
2019-05-24,54.068346585923656
2019-05-25,58.887684009194146
2019-05-26,64.96032524007367
2019-05-27,44.929064623881445
2019-05-28,55.99684627003124
2019-05-29,60.41955199801346
2019-05-30,64.61067983813446
2019-05-31,64.53109060390072
2019-06-01,59.225582465300384
2019-06-02,61.069667328704824
2019-06-03,40.85703278478306
2019-06-04,47.7123445734629
2019-06-05,49.349780711361696
2019-06-06,52.1828392233527
2019-06-07,51.057628898096524
2019-06-08,54.174190092539824
2019-06-09,64.12521350173103
2019-06-10,76.29379202162474
2019-06-11,44.99398651277145
2019-06-12,57.604721653619386
2019-06-13,45.62438021787067
2019-06-14,58.5324171958431
2019-06-15,65.81695687155148
2019-06-16,63.902815232510996
2019-06-17,43.17919032746857
2019-06-18,54.46281971558206
2019-06-19,51.876723890202726
2019-06-20,54.088275834094084
2019-06-21,57.19479376949917
2019-06-22,54.236950048601315
2019-06-23,61.04170428763664
2019-06-24,43.72817642585206
2019-06-25,51.4966086134967
2019-06-26,54.84700927061856
2019-06-27,58.69184497215911
2019-06-28,60.411133540747066
2019-06-29,55.747403950348065
2019-06-30,63.6955269510409
2019-07-01,42.500562043344694
2019-07-02,49.453150563586675
2019-07-03,53.76850198188143
2019-07-04,54.46412298259889
2019-07-05,62.01994225971062
2019-07-06,63.99104448864722
2019-07-07,80.35479373982986
2019-07-08,60.972131055387976
2019-07-09,49.72775782851016
2019-07-10,61.031576009874065
2019-07-11,61.47881289655097
2019-07-12,68.09935261234865
2019-07-13,67.79328429281973
2019-07-14,74.97050988833458
2019-07-15,57.67734962825878
2019-07-16,55.86853164626943
2019-07-17,57.099140624219125
2019-07-18,59.731687702383155
2019-07-19,62.4561817928772
2019-07-20,57.740174150872654
2019-07-21,60.97606004163617
2019-07-22,52.04750448491091
2019-07-23,43.903265528029515
2019-07-24,55.44374341138745
2019-07-25,57.307503304340656
2019-07-26,67.64338005208639
2019-07-27,77.52705937528677
2019-07-28,74.15883670275822
2019-07-29,63.45605250428889
2019-07-30,66.487730085344
2019-07-31,62.15755465998771
2019-08-01,65.2848003932218
2019-08-02,66.73051403031197
2019-08-03,67.42260592597998
2019-08-04,67.74315681199391
2019-08-05,51.832812516187914
2019-08-06,57.71700340386628
2019-08-07,55.444378788432
2019-08-08,51.4977150681505
2019-08-09,56.74112101433107
2019-08-10,67.94160580203776
2019-08-11,60.373087681157024
2019-08-12,49.794871975291265
2019-08-13,49.49790991604385
2019-08-14,49.8210172412458
2019-08-15,51.0916917213909
2019-08-16,55.6842922046495
2019-08-17,63.24402943725957
2019-08-18,58.43309111119438
2019-08-19,39.71670071345687
2019-08-20,49.69686002994972
2019-08-21,47.80373293350071
2019-08-22,49.64384784582641
2019-08-23,49.859677120508735
2019-08-24,55.498720876674554
2019-08-25,60.55055527401551
2019-08-26,52.7130251237319
2019-08-27,49.534552690121004
2019-08-28,41.13562186079153
2019-08-29,49.158377044842126
2019-08-30,56.46376819320664
2019-08-31,59.667651667834555
2019-09-01,56.94149824130764
2019-09-02,49.75073773280021
2019-09-03,46.69218664242272
2019-09-04,51.06811417082015
2019-09-05,51.00462675252999
2019-09-06,56.39803525366984
2019-09-07,56.49549617264546
2019-09-08,71.87898484958346
2019-09-09,42.19777906542531
2019-09-10,42.49925279001684
2019-09-11,52.88581705350209
2019-09-12,49.80492378181645
2019-09-13,51.13249300708242
2019-09-14,60.19808540871482
2019-09-15,71.07944961530897
2019-09-16,49.06661752194952
2019-09-17,50.516497320618235
2019-09-18,52.72257684893643
2019-09-19,50.5540576864979
2019-09-20,60.25566904027903
2019-09-21,61.990702938790704
2019-09-22,58.12931953478155
2019-09-23,49.37413095505575
2019-09-24,48.14486038776836
2019-09-25,51.5255180544383
2019-09-26,57.24251365581213
2019-09-27,62.12583671303311
2019-09-28,71.00607935669609
2019-09-29,67.29002115908119
2019-09-30,56.71185708641093
2019-10-01,44.839049256740786
2019-10-02,55.73850746188605
2019-10-03,44.843243283147245
2019-10-04,63.242909089829226
2019-10-05,65.89396521849645
2019-10-06,67.0803529359141
2019-10-07,51.16326340567759
2019-10-08,54.19264363605149
2019-10-09,50.43262707520245
2019-10-10,50.56887819585479
2019-10-11,54.607695031171396
2019-10-12,62.52178610008031
2019-10-13,57.308558760550795
2019-10-14,48.96573023671846
2019-10-15,47.64573144951149
2019-10-16,51.87482242723723
2019-10-17,47.21580973642096
2019-10-18,55.63833555659011
2019-10-19,56.400874353717704
2019-10-20,60.554376572154936
2019-10-21,47.411667616656246
2019-10-22,45.40417261872211
2019-10-23,53.07074767301441
2019-10-24,48.57400931976703
2019-10-25,49.79407627862929
2019-10-26,55.54691814795072
2019-10-27,62.42109980387474
2019-10-28,49.11414222730721
2019-10-29,46.79291668305327
2019-10-30,47.40643628835179
2019-10-31,48.79867404267856
2019-11-01,55.96397096632038
2019-11-02,62.5876610499867
2019-11-03,57.88960931405609
2019-11-04,50.242131402562215
2019-11-05,53.78641314568351
2019-11-06,53.76826006157522
2019-11-07,57.03993321884964
2019-11-08,59.016463816626825
2019-11-09,63.51446050036084
2019-11-10,56.43262498699949
2019-11-11,48.6756524098286
2019-11-12,51.84242217992812
2019-11-13,49.885543489031825
2019-11-14,51.07433506854107
2019-11-15,61.84958642819409
2019-11-16,66.81890230266842
2019-11-17,61.3700224079452
2019-11-18,50.61757539282898
2019-11-19,43.4858755318167
2019-11-20,54.857177335800984
2019-11-21,54.01596864544837
2019-11-22,60.335002256605854
2019-11-23,60.134948172399845
2019-11-24,66.94188423020945
2019-11-25,54.38142900443949
2019-11-26,55.10469045482795
2019-11-27,43.59413387940975
2019-11-28,53.745778635106156
2019-11-29,64.84539067275936
2019-11-30,67.85948978977817
2019-12-01,69.69282067041264
2019-12-02,52.19575462374747
2019-12-03,59.36215896492892
2019-12-04,59.79423451502208
2019-12-05,56.72077341136403
2019-12-06,59.32430931970813
2019-12-07,69.59502100964151
2019-12-08,64.56187888722397
2019-12-09,54.75339966768132
2019-12-10,55.765615055736006
2019-12-11,56.76380710150534
2019-12-12,52.235096654326554
2019-12-13,63.79433663925598
2019-12-14,64.91420755630753
2019-12-15,69.15857544309996
2019-12-16,53.17668087409367
2019-12-17,56.21367347870209
2019-12-18,58.51052103562558
2019-12-19,64.72566941399063
2019-12-20,70.23846094864199
2019-12-21,62.39614519599313
2019-12-22,63.5945313082757
2019-12-23,64.07775336510115
2019-12-24,47.7417382517233
2019-12-25,58.72100938270256
2019-12-26,66.28535918825095
2019-12-27,63.038796327225185
2019-12-28,56.923141759601414
2019-12-29,71.84573281397624
2019-12-30,67.30708848935805
2019-12-31,67.29642055857614
2020-01-01,75.82557672276371
2020-01-02,61.996304506051644
2020-01-03,61.432383951524905
2020-01-04,59.24736186305385
2020-01-05,55.292184766301425
2020-01-06,47.17081479348164
2020-01-07,47.907586397447886
2020-01-08,37.4495591021969
2020-01-09,43.5794605327898
2020-01-10,50.508119276289115
2020-01-11,52.886405063825556
2020-01-12,59.58404920910283
2020-01-13,50.38199451096406
2020-01-14,48.94195496863506
2020-01-15,48.60480922470479
2020-01-16,49.31597431646507
2020-01-17,54.86896610113021
2020-01-18,63.7690511578531
2020-01-19,58.57907249496838
2020-01-20,47.87476461134311
2020-01-21,47.50198122391125
2020-01-22,51.89326021959096
2020-01-23,51.528073428050696
2020-01-24,57.57073591063242
2020-01-25,54.68973339614436
2020-01-26,66.27386507330107
2020-01-27,48.08809525512939
2020-01-28,47.8925156366659
2020-01-29,50.04910762020779
2020-01-30,47.189171344556144
2020-01-31,56.26071649086963
2020-02-01,55.89451346084309
2020-02-02,60.09590471186664
2020-02-03,47.074198689651375
2020-02-04,49.679941096671485
2020-02-05,47.885383599880434
2020-02-06,50.457389620466444
2020-02-07,59.29376675814573
2020-02-08,56.23098475721059
2020-02-09,62.1407285213638
2020-02-10,52.8091729333623
2020-02-11,49.687422035018166
2020-02-12,51.11069548451427
2020-02-13,53.28547742952976
2020-02-14,58.449669307214734
2020-02-15,64.61099300872895
2020-02-16,52.010416314713176
2020-02-17,45.44404386980091
2020-02-18,43.46752653046505
2020-02-19,48.10883126469461
2020-02-20,47.7039989791364
2020-02-21,47.0143434270082
2020-02-22,56.251077182229814
2020-02-23,65.37093524583221
2020-02-24,47.778480433578636
2020-02-25,54.4814906705588
2020-02-26,55.59579429760165
2020-02-27,53.332001274591704
2020-02-28,61.44501800898763
2020-02-29,62.08621594526099
2020-03-01,57.957451704903704
2020-03-02,52.60265969949996
2020-03-03,54.87477648780751
2020-03-04,54.757828555738925
2020-03-05,53.8305231075586
2020-03-06,55.43921557997334
2020-03-07,58.091271897302455
2020-03-08,59.080636757617604
2020-03-09,45.27876766535396
2020-03-10,48.6166973522624
2020-03-11,49.935806180449894
2020-03-12,50.51879375526722
2020-03-13,47.88213530891108
2020-03-14,61.83944602367983
2020-03-15,60.65073353319419
2020-03-16,60.130786461939806
2020-03-17,58.39649262101223
2020-03-18,54.35409342809797
2020-03-19,64.58211389793712
2020-03-20,70.1528623073336
2020-03-21,66.82566238447359
2020-03-22,70.34559930220448
2020-03-23,64.2724510312787
2020-03-24,64.81735726733474
2020-03-25,62.974129290557734
2020-03-26,73.97141348118578
2020-03-27,82.74431234571664
2020-03-28,72.42669064615242
2020-03-29,76.31415516157334
2020-03-30,66.96869890043126
2020-03-31,66.27808959782031
2020-04-01,66.92821035526563
2020-04-02,66.34325589786728
2020-04-03,79.718283087875065
2020-04-04,80.24466023952881
2020-04-05,76.73963505038631
2020-04-06,70.73314086974264
2020-04-07,74.13685946891424
2020-04-08,75.9523240187261
2020-04-09,81.85616255740217
2020-04-10,78.4755494141406
2020-04-11,84.50514905037593
2020-04-12,81.63237773776962
2020-04-13,87.80269036065017
2020-04-14,79.70916217640892
2020-04-15,79.70351609480392
2020-04-16,83.09161738921675
2020-04-17,89.21007313988059
2020-04-18,86.37393080121271
2020-04-19,80.98199298912293
2020-04-20,77.14903754968553
2020-04-21,80.56848727809839
2020-04-22,74.94103000744315
2020-04-23,79.03480726153056
2020-04-24,89.57484132421102
2020-04-25,83.3087904139033
2020-04-26,88.72896065672998
2020-04-27,77.89181238795975
2020-04-28,79.94464727862875
2020-04-29,76.54759012013795
2020-04-30,85.7130183493872
2020-05-01,99.90848322099325
2020-05-02,89.87929597890931
2020-05-03,83.61392003007357
2020-05-04,77.68954161959334
2020-05-05,77.81008027176414
2020-05-06,79.24361305310752
2020-05-07,73.48359528260663
2020-05-08,86.23860203279065
2020-05-09,81.83866767620621
2020-05-10,82.14426847003838
2020-05-11,68.90525456905871
2020-05-12,69.54956434379068
2020-05-13,72.17811209680596
2020-05-14,73.24300530093566
2020-05-15,80.54960750876434
2020-05-16,81.29821415027949
2020-05-17,76.5552923282307
2020-05-18,69.83824599520787
2020-05-19,68.73830555161999
2020-05-20,73.55357794159212
2020-05-21,78.90974075804273
2020-05-22,72.15614290562657
2020-05-23,74.96222026737566
2020-05-24,72.04474350127693
2020-05-25,68.51513778840109
2020-05-26,66.06547494202863
2020-05-27,67.75240083390983
2020-05-28,63.15056973498598
2020-05-29,73.76566864480633
2020-05-30,67.99416260632938
2020-05-31,67.39632158362521
2020-06-01,72.11111122181114
2020-06-02,51.03013823419826
2020-06-03,60.46202588610115
2020-06-04,59.24282350208963
2020-06-05,63.07353001669056
2020-06-06,59.31399105087949
2020-06-07,61.819881558035135
2020-06-08,52.732571060833976
2020-06-09,52.02942362267768
2020-06-10,53.48798158731073
2020-06-11,55.388881650876115
2020-06-12,50.44529839712088
2020-06-13,61.90957360940867
2020-06-14,61.12565227187552
2020-06-15,43.8549528483287
2020-06-16,54.611980142121915
2020-06-17,59.42513838133254
2020-06-18,59.50365010809608
2020-06-19,63.664763020457464
2020-06-20,59.858238597285016
2020-06-21,65.11396096404307
2020-06-22,53.740864467629805
2020-06-23,57.39706703038851
2020-06-24,60.144343769200006
2020-06-25,58.1618873479557
2020-06-26,79.28700835152293
2020-06-27,69.15507669442276
2020-06-28,63.354183558115594
2020-06-29,59.19152596680067
2020-06-30,60.924574953886804
2020-07-01,62.540807323417276
2020-07-02,60.52296208068297
2020-07-03,68.76870107152884
2020-07-04,78.2760342666661
2020-07-05,74.6182649574219
2020-07-06,61.22590994370558
2020-07-07,58.349248101864205
2020-07-08,59.68394733201521
2020-07-09,59.66254551490304
2020-07-10,76.67950082108473
2020-07-11,73.07256951641725
2020-07-12,73.24033558781218
2020-07-13,66.01543889573985
2020-07-14,69.24650799199352
2020-07-15,64.10242101020104
2020-07-16,67.12811344807004
2020-07-17,70.4237512395181
2020-07-18,62.19731526543008
2020-07-19,72.5974946102034
2020-07-20,58.75756617812319
2020-07-21,62.68121852328671
2020-07-22,64.69129386875676
2020-07-23,64.37841999903793
2020-07-24,72.38627448948156
2020-07-25,61.860040071221036
2020-07-26,75.89296519105973
2020-07-27,58.03175418330825
2020-07-28,59.74814014958748
2020-07-29,63.084328616092755
2020-07-30,59.49808603889733
2020-07-31,68.66237150591354
2020-08-01,65.04075621237688
2020-08-02,74.19507729715532
2020-08-03,59.92656192529783
2020-08-04,57.96395737269202
2020-08-05,56.681092746851085
2020-08-06,65.1387397272468
2020-08-07,63.63244905638389
2020-08-08,58.330095433265434
2020-08-09,61.813051584234934
2020-08-10,55.63654051553697
2020-08-11,54.45608750712652
2020-08-12,54.423593743466824
2020-08-13,55.56635070578395
2020-08-14,58.10269024017981
2020-08-15,58.72614446091606
2020-08-16,66.1112056256322
2020-08-17,51.05456289914689
2020-08-18,56.578087007118185
2020-08-19,56.114570901015476
2020-08-20,51.40227198252625
2020-08-21,63.42833911652588
2020-08-22,55.8678111358114
2020-08-23,57.32216009405852
2020-08-24,52.28842651778936
2020-08-25,49.363426914023975
2020-08-26,58.12647110071735
2020-08-27,54.01522620848766
2020-08-28,60.71869771593875
2020-08-29,59.16014042820797
2020-08-30,68.45198839866329
2020-08-31,60.789801865270775
2020-09-01,58.34056140599786
2020-09-02,57.89215409290544
2020-09-03,61.76225646398833
2020-09-04,65.63041715003385
2020-09-05,69.52392762747019
2020-09-06,70.7136398038765
2020-09-07,58.09437051756949
2020-09-08,55.27325080528668
2020-09-09,55.94594856356623
2020-09-10,60.30350415961273
2020-09-11,66.2171820780092
2020-09-12,67.65556502524703
2020-09-13,68.2484199680398
2020-09-14,56.31844287804408
2020-09-15,60.666543552579796
2020-09-16,59.97387666805831
2020-09-17,66.78612608774915
2020-09-18,68.88510572125814
2020-09-19,67.97338410826632
2020-09-20,70.77306294897403
2020-09-21,57.90823193985088
2020-09-22,58.41702683041943
2020-09-23,63.56617371016587
2020-09-24,64.7861475592781
2020-09-25,76.32310143847566
2020-09-26,71.04930326804401
2020-09-27,75.92873624215463
2020-09-28,62.76996278253128
2020-09-29,64.29546856543575
2020-09-30,71.23034875229726
2020-10-01,67.76023979423873
2020-10-02,74.16630755728207
2020-10-03,73.07017669855767
2020-10-04,83.53809569242166
2020-10-05,67.569447711925
2020-10-06,69.64934673728771
2020-10-07,68.08106539782587
2020-10-08,69.63289097450215
2020-10-09,80.6910300127485
2020-10-10,79.55875514328324
2020-10-11,76.87974394363866
2020-10-12,66.18955640953654
2020-10-13,69.0211710242641
2020-10-14,67.32022345545349
2020-10-15,70.41200281383871
2020-10-16,80.92698799729118
2020-10-17,80.75203302204116
2020-10-18,72.99626737336548
2020-10-19,64.07811862384757
2020-10-20,70.91200693829428
2020-10-21,74.83055933604848
2020-10-22,77.14376690143342
2020-10-23,79.37995257032357
2020-10-24,78.04580677898436
2020-10-25,73.68715914684103
2020-10-26,67.02333663563876
2020-10-27,65.69595391716386
2020-10-28,65.88420365705764
2020-10-29,65.92330551556624
2020-10-30,82.0160018079565
2020-10-31,79.52940318725064
2020-11-01,72.6970666494233
2020-11-02,63.04096022426874
2020-11-03,65.21870853340903
2020-11-04,65.15420543332168
2020-11-05,69.60734082397926
2020-11-06,75.13938810297743
2020-11-07,74.92747703190975
2020-11-08,74.94844194060805
2020-11-09,62.269568931472485
2020-11-10,67.48460817076729
2020-11-11,63.87519978937921
2020-11-12,72.56495005697982
2020-11-13,81.06905610502614
2020-11-14,83.20914650818483
2020-11-15,76.53948470449056
2020-11-16,65.33875461934554
2020-11-17,67.79567864403265
2020-11-18,67.05041957510434
2020-11-19,73.2218188168942
2020-11-20,77.2763961695895
2020-11-21,83.96286932333547
2020-11-22,76.19677119067059
2020-11-23,68.73550099925937
2020-11-24,76.64395624659096
2020-11-25,74.81397444020442
2020-11-26,77.84649789945438
2020-11-27,91.80023539847664
2020-11-28,77.90238986161934
2020-11-29,85.14746765809116
2020-11-30,72.5421527089828
2020-12-01,76.8417718418231
2020-12-02,80.34090476918055
2020-12-03,80.87722645988592
2020-12-04,93.88511907434487
2020-12-05,89.04374725762754
2020-12-06,83.49216105983683
2020-12-07,74.19028429725809
2020-12-08,87.01044093135846
2020-12-09,82.51644096114484
2020-12-10,89.22788199943152
2020-12-11,92.92590246404104
2020-12-12,98.8504666958953
2020-12-13,96.39568532818045
2020-12-14,82.775949567167
2020-12-15,93.66752307222885
2020-12-16,97.02600849807024
2020-12-17,100.6399746433904
2020-12-18,110.29521547488642
2020-12-19,97.37556352389987
2020-12-20,103.88260800138931
2020-12-21,97.35213511344959
2020-12-22,103.43813696804078
2020-12-23,103.36407466203252
2020-12-24,90.96207349565229
2020-12-25,96.41651141839527
2020-12-26,111.15786340667196
2020-12-27,108.27672922676982
2020-12-28,103.95138915911824
2020-12-29,97.75567623015453
2020-12-30,102.05683000717315
2020-12-31,96.97825496985502
2021-01-01,113.4307023286195
2021-01-02,112.6734791375701
2021-01-03,112.45024671508261
2021-01-04,89.65066390690956
2021-01-05,96.0193786254132
2021-01-06,89.22730389341237
2021-01-07,90.61637782261164
2021-01-08,108.23758730032522
2021-01-09,97.11457169392501
2021-01-10,96.76539544201154
2021-01-11,86.45109826129524
2021-01-12,97.64925443023441
2021-01-13,96.14264484824567
2021-01-14,90.2530718674596
2021-01-15,106.83535275994542
2021-01-16,92.30581366256231
2021-01-17,100.63020916979136
2021-01-18,82.75661654597215
2021-01-19,92.68857858907275
2021-01-20,88.67012942134437
2021-01-21,93.51694713160585
2021-01-22,100.67907628266278
2021-01-23,93.78162830060928
2021-01-24,97.16860420558551
2021-01-25,89.07579925020922
2021-01-26,89.42599454185701
2021-01-27,91.63144644236021
2021-01-28,86.09395103031655
2021-01-29,102.5654212506393
2021-01-30,88.92332714673906
2021-01-31,97.29019866995444
2021-02-01,77.2608312035036
2021-02-02,82.74174672180993
2021-02-03,80.83201525088275
2021-02-04,82.17531436558349
2021-02-05,93.81284615358787
2021-02-06,91.0185288617601
2021-02-07,81.48856012402607
2021-02-08,77.28620216174276
2021-02-09,83.48767043919005
2021-02-10,82.16246195818347
2021-02-11,88.20542729460948
2021-02-12,96.57813919285071
2021-02-13,92.75103305428371
2021-02-14,89.19421633580562
2021-02-15,86.79430406335361
2021-02-16,79.45479925645225
2021-02-17,81.40925891450077
2021-02-18,80.13719130503212
2021-02-19,91.14015761792062
2021-02-20,85.70751987578879
2021-02-21,87.0916198635816
2021-02-22,78.32963627909268
2021-02-23,79.61726503842601
2021-02-24,85.38704402169047
2021-02-25,86.35986970353491
2021-02-26,92.94009436571156
2021-02-27,88.50090806395188
2021-02-28,89.69431287638625
2021-03-01,76.37829878150781
2021-03-02,80.45666968326482
2021-03-03,86.80574643903921
2021-03-04,93.20442236428279
2021-03-05,94.36024949633699
2021-03-06,96.03173032289902
2021-03-07,93.90681084819104
2021-03-08,80.39978992691857
2021-03-09,85.69504551007194
2021-03-10,85.0392043593483
2021-03-11,87.95699333322214
2021-03-12,88.90824179425533
2021-03-13,91.77043938480878
2021-03-14,88.54508283645178
2021-03-15,79.73548294242416
2021-03-16,80.6080742853213
2021-03-17,82.04330353280483
2021-03-18,85.18741288626164
2021-03-19,99.37408883585273
2021-03-20,100.04099851136783
2021-03-21,93.08310180247659
2021-03-22,81.22084366518608
2021-03-23,87.54281699832609
2021-03-24,85.84920007213256
2021-03-25,89.07615486539771
2021-03-26,100.662407982753
2021-03-27,102.75933087070922
2021-03-28,100.30458223701766
2021-03-29,90.00556454752532
2021-03-30,87.420521296348
2021-03-31,92.18836519969629
2021-04-01,99.69053793862828
2021-04-02,106.82182463395296
2021-04-03,104.84895137695212
2021-04-04,92.9804652196882
2021-04-05,102.80452666478719
2021-04-06,90.05435358382852
2021-04-07,94.98488039927597
2021-04-08,94.15272496506856
2021-04-09,107.72629171573828
2021-04-10,105.35745381287774
2021-04-11,104.64921648209341
2021-04-12,92.69112322937309
2021-04-13,92.93705292977674
2021-04-14,93.16881948780427
2021-04-15,90.86720927570485
2021-04-16,101.55057823910718
2021-04-17,102.06735314213356
2021-04-18,95.36501392640403
2021-04-19,87.88317252040727
2021-04-20,89.22843022014371
2021-04-21,89.03002426324477
2021-04-22,91.327093828909355
2021-04-23,102.23293065685405
2021-04-24,97.18520187333601
2021-04-25,104.56704768790986
2021-04-26,93.7946562062908
2021-04-27,90.58080119298603
2021-04-28,94.14452642104692
2021-04-29,92.00732705392967
2021-04-30,104.60632364692164
2021-05-01,102.07623864432978
2021-05-02,96.74010509694732
2021-05-03,82.41903969144575
2021-05-04,86.2134830270378
2021-05-05,82.74235780489471
2021-05-06,86.90681263341871
2021-05-07,93.46688316643994
2021-05-08,97.26447950062371
2021-05-09,89.78465957419839
2021-05-10,78.67442598767008
2021-05-11,82.51927727960309
2021-05-12,94.69997964330929
2021-05-13,87.05172471932944
2021-05-14,91.3480943882207
2021-05-15,87.65791016466262
2021-05-16,91.22661318789503
2021-05-17,80.44956353381693
2021-05-18,79.8890940756786
2021-05-19,78.79236130930843
2021-05-20,83.8184865938436
2021-05-21,90.98291370645839
2021-05-22,86.8582340126957
2021-05-23,92.62263674047342
2021-05-24,93.38670508933714
2021-05-25,80.47174811218132
2021-05-26,77.73052017337261
2021-05-27,81.4261877255393
2021-05-28,88.59027737432865
2021-05-29,84.20827590074362
2021-05-30,88.12948734873127
2021-05-31,74.18347012652801
2021-06-01,70.34399222603105
2021-06-02,72.23111410777993
2021-06-03,74.25008217005578
2021-06-04,76.42818789783105
2021-06-05,83.02290231871403
2021-06-06,73.51103174409708
2021-06-07,64.73843448598123
2021-06-08,68.9862769772019
2021-06-09,67.04135661686695
2021-06-10,66.49070511355283
2021-06-11,71.95917881806679
2021-06-12,70.26709177014753
2021-06-13,72.61444789016609
2021-06-14,66.37110012430442
2021-06-15,68.01270560080698
2021-06-16,70.13277625518518
2021-06-17,67.16384996819151
2021-06-18,77.11830417755824
2021-06-19,76.41629933150465
2021-06-20,94.53263486882308
2021-06-21,72.61523419653008
2021-06-22,72.56117614301628
2021-06-23,76.68558104455667
2021-06-24,77.45600015139712
2021-06-25,85.02486438653347
2021-06-26,84.07535489175893
2021-06-27,87.22873194223155
2021-06-28,83.5658551418868
2021-06-29,80.27068201982117
2021-06-30,80.00518164135
2021-07-01,84.05835164790638
2021-07-02,101.64584510705598
2021-07-03,90.5750324437609
2021-07-04,96.2589379855161
2021-07-05,79.79159370279059
2021-07-06,87.21372798612359
2021-07-07,88.25908844043812
2021-07-08,89.204715689718455
2021-07-09,96.24577591543203
2021-07-10,92.29780203084967
2021-07-11,96.02816701587054
2021-07-12,84.63822927070565
2021-07-13,87.48312558741392
2021-07-14,85.41473305698352
2021-07-15,89.85558613141183
2021-07-16,96.32988193444947
2021-07-17,87.53482153166391
2021-07-18,93.9822806463708
2021-07-19,73.61233183344291
2021-07-20,85.18353361711428
2021-07-21,90.26948079362123
2021-07-22,87.61476523968437
2021-07-23,90.4011722623699
2021-07-24,90.27750868725842
2021-07-25,93.68456401960549
2021-07-26,81.51613843118841
2021-07-27,83.39818418460456
2021-07-28,87.87667665266197
2021-07-29,84.48218386682734
2021-07-30,92.97163870235326
2021-07-31,94.8141255816169
2021-08-01,96.75064030661683
2021-08-02,84.14364735934357
2021-08-03,86.49523766767686
2021-08-04,82.24514126557102
2021-08-05,86.04888343231838
2021-08-06,90.53776430964035
2021-08-07,88.80703920843465
2021-08-08,84.92313879636377
2021-08-09,76.24715107919846
2021-08-10,75.69424458729021
2021-08-11,78.40443636575218
2021-08-12,78.1237785818934
2021-08-13,88.2691831481116
2021-08-14,85.0529753869743
2021-08-15,95.73934478226852
2021-08-16,77.59699408041158
2021-08-17,83.10744117896127
2021-08-18,86.34377916350721
2021-08-19,80.5104292704217
2021-08-20,86.23975111185958
2021-08-21,85.41020132467108
2021-08-22,95.62478513256329
2021-08-23,79.12230040337354
2021-08-24,78.31370855968711
2021-08-25,81.88983975800008
2021-08-26,80.66606097669292
2021-08-27,92.59806735155033
2021-08-28,87.5917527531753
2021-08-29,88.39981493143407
2021-08-30,80.53653741887976
2021-08-31,75.38246777853317
2021-09-01,74.65696931320755
2021-09-02,77.4919957727535
2021-09-03,77.55592356788242
2021-09-04,84.26431363851819
2021-09-05,82.17018775101171
2021-09-06,72.02155024524984
2021-09-07,71.83077855893114
2021-09-08,73.71063468921176
2021-09-09,73.10973935011386
2021-09-10,80.08185426302117
2021-09-11,76.40886620698373
2021-09-12,79.39777280933316
2021-09-13,70.75219602472978
2021-09-14,71.96732613459035
2021-09-15,75.72064886274082
2021-09-16,73.80792516058193
2021-09-17,76.57262631399023
2021-09-18,80.08477906320324
2021-09-19,86.22749559528145
2021-09-20,73.79448992651228
2021-09-21,72.04222965164581
2021-09-22,71.25494754784835
2021-09-23,76.0994868599112
2021-09-24,79.62491731840967
2021-09-25,81.58141690797618
2021-09-26,91.96816438489958
2021-09-27,72.00817000967398
2021-09-28,73.09339178812439
2021-09-29,74.65864913951077
2021-09-30,75.5618985515704
2021-10-01,79.36152927395761
2021-10-02,82.39877030952273
2021-10-03,79.16074250328829
2021-10-04,70.14496441400756
2021-10-05,69.81592095043813
2021-10-06,72.96093925370184
2021-10-07,72.56610870961673
2021-10-08,80.12114280945559
2021-10-09,80.84035690101494
2021-10-10,84.90347338640723
2021-10-11,76.22857797508675
2021-10-12,74.61668978245056
2021-10-13,77.83830474655836
2021-10-14,83.41829547984837
2021-10-15,83.87459750777786
2021-10-16,85.9754981087494
2021-10-17,81.91563372808675
2021-10-18,76.70269276655412
2021-10-19,75.0853929102881
2021-10-20,78.15539339962956
2021-10-21,75.29630814051575
2021-10-22,83.94739346826834
2021-10-23,75.23426252009617
2021-10-24,79.16494829204953
2021-10-25,74.74195926617017
2021-10-26,74.6096485119549
2021-10-27,76.07245744455551
2021-10-28,79.97642197407541
2021-10-29,84.0332563905969
2021-10-30,80.36202072898263
2021-10-31,86.94780094346561
2021-11-01,83.13014031194845
2021-11-02,83.82404158128135
2021-11-03,85.20869741804975
2021-11-04,81.85310311055268
2021-11-05,86.6115461930129
2021-11-06,92.38824161292116
2021-11-07,98.4190279063906
2021-11-08,83.23987007026683
2021-11-09,90.34079269689116
2021-11-10,89.53951718019016
2021-11-11,95.72459606367472
2021-11-12,100.53224010063568
2021-11-13,91.60570644940928
2021-11-14,90.16307188438981
2021-11-15,80.56032496359676
2021-11-16,82.5019149410521
2021-11-17,81.79627171656591
2021-11-18,81.80024744706107
2021-11-19,86.88047908780541
2021-11-20,92.91595301273675
2021-11-21,95.86753003981303
2021-11-22,79.79349724950069
2021-11-23,86.08873323408717
2021-11-24,87.30430617722755
2021-11-25,89.63328291115143
2021-11-26,96.37583328844863
2021-11-27,95.46492403392487
2021-11-28,89.57721962584216
2021-11-29,84.4328277831283
2021-11-30,86.58170393780966
2021-12-01,84.72517496989337
2021-12-02,85.06944727925273
2021-12-03,92.03574078207518
2021-12-04,93.20643163820016
2021-12-05,86.56195025934056
2021-12-06,84.03363668892932
2021-12-07,85.26670167498617
2021-12-08,89.17158532509406
2021-12-09,88.92541739596251
2021-12-10,96.63301936883158
2021-12-11,95.01258575954883
2021-12-12,96.68117815088252
2021-12-13,86.70495568403194
2021-12-14,83.58334376665582
2021-12-15,89.71799272136921
2021-12-16,91.21753873761494
2021-12-17,95.17776686687694
2021-12-18,93.54769022302656
2021-12-19,98.08993710421309
2021-12-20,92.59656971868527
2021-12-21,96.71745436022248
2021-12-22,100.9278641730169
2021-12-23,103.8989139660907
2021-12-24,99.24229785446524
2021-12-25,98.0782446556754
2021-12-26,109.82861333694095
2021-12-27,101.081626767165
2021-12-28,102.42053838921943
2021-12-29,104.42348923388742
2021-12-30,106.76298152985457
2021-12-31,99.28658435562338
2022-01-01,118.34655035941674
2022-01-02,102.6852770254698
2022-01-03,89.34818011386935
2022-01-04,85.86770836902915
2022-01-05,89.62387962155276
2022-01-06,86.20679191874399
2022-01-07,99.39782190747391
2022-01-08,96.59834524486621
2022-01-09,101.21185653185219
2022-01-10,91.89118825333341
2022-01-11,92.09021928770954
2022-01-12,98.59065422133075
2022-01-13,97.4444469366899
2022-01-14,102.23225823300433
2022-01-15,97.75273321157334
2022-01-16,99.48014158034856
2022-01-17,87.70985680303596
2022-01-18,85.01193363688746
2022-01-19,87.01973513122923
2022-01-20,85.95518921019365
2022-01-21,94.67258340548096
2022-01-22,98.1007221905811
2022-01-23,99.63634527500167
2022-01-24,87.4841512661772
2022-01-25,89.43106647925003
2022-01-26,90.73969119063537
2022-01-27,95.88162958917451
2022-01-28,101.75824891398526
2022-01-29,96.51664904833237
2022-01-30,99.58836443841093
2022-01-31,94.42799126889929
2022-02-01,94.95418483481335
2022-02-02,96.91627400492968
2022-02-03,95.1834603600627
2022-02-04,100.78150220946202
2022-02-05,95.69802211458087
2022-02-06,102.2616501974091
2022-02-07,87.13382377682731
2022-02-08,87.89281280086495
2022-02-09,91.99293340392722
2022-02-10,87.39234444549984
2022-02-11,95.29652663469017
2022-02-12,93.23409441375469
2022-02-13,91.67238040557413
2022-02-14,84.19439599232996
2022-02-15,83.81817759648129
2022-02-16,81.37378761240062
2022-02-17,85.7036658714454
2022-02-18,87.31037699955706
2022-02-19,90.04201981151104
2022-02-20,88.16738330635752
2022-02-21,82.26456951778727
2022-02-22,81.35236323328579
2022-02-23,80.72613300338372
2022-02-24,81.89740700566634
2022-02-25,92.44901825813743
2022-02-26,89.88438906695463
2022-02-27,96.72528926075735
2022-02-28,79.89976386418604
2022-03-01,81.43669356487473
2022-03-02,78.66905421303106
2022-03-03,81.7492767255127
2022-03-04,90.67736110539032
2022-03-05,89.95174616321833
2022-03-06,87.10488064548434
2022-03-07,79.58571670780773
2022-03-08,82.55152301298472
2022-03-09,76.7387126878968
2022-03-10,80.9301226723068
2022-03-11,87.00758704724707
2022-03-12,82.98174829318587
2022-03-13,86.83769236458112
2022-03-14,76.2217739221722
2022-03-15,78.26172504487491
2022-03-16,76.82828048073843
2022-03-17,80.21805044557468
2022-03-18,86.57521423365552
2022-03-19,88.66752938749856
2022-03-20,87.28644885493304
2022-03-21,79.96832394382146
2022-03-22,78.23015962275592
2022-03-23,82.40995038651988
2022-03-24,85.80238929558614
2022-03-25,91.81261343781216
2022-03-26,94.38191403695228
2022-03-27,88.74897733991207
2022-03-28,83.23376656092401
2022-03-29,87.16996819209203
2022-03-30,81.07146482146692
2022-03-31,90.64683152323784
2022-04-01,99.19368194256266
2022-04-02,97.30057367702608
2022-04-03,100.19615310848948
2022-04-04,87.06121816595405
2022-04-05,90.48179712418968
2022-04-06,89.82553037210528
2022-04-07,96.75637700549251
2022-04-08,102.73420282844194
2022-04-09,97.64436512402895
2022-04-10,103.14370371327198
2022-04-11,90.26409225560761
2022-04-12,92.73990057111794
2022-04-13,92.69520862891744
2022-04-14,99.13620514506755
2022-04-15,105.40376876438262
2022-04-16,98.34340566089978
2022-04-17,98.34185211777692
2022-04-18,103.7834338725597
2022-04-19,89.887486209145
2022-04-20,92.24210030627333
2022-04-21,95.0728001650589
2022-04-22,102.21508853570647
2022-04-23,102.42277591495224
2022-04-24,106.87067408474692
2022-04-25,91.6705447750413
2022-04-26,90.16837903644583
2022-04-27,95.85620833429836
2022-04-28,91.92248039089861
2022-04-29,98.67205704397024
2022-04-30,103.3325252029105
2022-05-01,92.69480807974973
2022-05-02,85.86678483762242
2022-05-03,85.9051013454328
2022-05-04,88.44312064624498
2022-05-05,86.38505769160705
2022-05-06,90.53833894295776
2022-05-07,96.59510909614124
2022-05-08,97.45958310002906
2022-05-09,81.84899176933054
2022-05-10,83.33815472595228
2022-05-11,84.72084289221324
2022-05-12,86.48830292757124
2022-05-13,89.95052591455887
2022-05-14,89.45817529754214
2022-05-15,94.75430977799635
2022-05-16,82.36814907625721
2022-05-17,76.86202605942884
2022-05-18,78.39968961437387
2022-05-19,83.37866425514824
2022-05-20,88.1964744941119
2022-05-21,89.08689595378874
2022-05-22,94.86717633486029
2022-05-23,78.64602634518275
2022-05-24,83.59017149686392
2022-05-25,82.42072689056832
2022-05-26,90.04303982237195
2022-05-27,84.78767440503232
2022-05-28,86.79574359497725
2022-05-29,97.86848513190293
2022-05-30,83.27896683300654
2022-05-31,79.979853927303
2022-06-01,83.71367538260515
2022-06-02,82.40730262165445
2022-06-03,92.43562421889419
2022-06-04,82.41343706358289
2022-06-05,94.4242048095754
2022-06-06,102.9704220776381
2022-06-07,83.09088050567777
2022-06-08,84.77097715872839
2022-06-09,87.65336657905722
2022-06-10,86.05302334708588
2022-06-11,86.91038100799219
2022-06-12,94.72853391963879
2022-06-13,82.09278687903713
2022-06-14,82.98103368925459
2022-06-15,83.55649350073868
2022-06-16,87.09414402838887
2022-06-17,91.27420938944215
2022-06-18,96.15127254820085
2022-06-19,95.63933324991353
2022-06-20,82.11424379864266
2022-06-21,82.63025921781336
2022-06-22,83.4723606460162
2022-06-23,91.6607567262932
2022-06-24,100.82183698380874
2022-06-25,94.79904468245883
2022-06-26,101.22605397320959
2022-06-27,89.80988076591123
2022-06-28,92.09947705421355
2022-06-29,93.4939005250555
2022-06-30,92.62857712710658
2022-07-01,101.45717552319381
2022-07-02,98.42713420684703
2022-07-03,103.40665132239658
2022-07-04,90.98325586881694
2022-07-05,88.99425843632153
2022-07-06,91.47752010406037
2022-07-07,90.8439098164018
2022-07-08,100.02958955561701
2022-07-09,97.03972500718258
2022-07-10,106.23091325781381
2022-07-11,90.03137702441745
2022-07-12,85.6394048623103
2022-07-13,94.06478156782677
2022-07-14,94.97535382401998
2022-07-15,96.09461074044701
2022-07-16,95.48485716903758
2022-07-17,103.24394106976317
2022-07-18,89.26015659581853
2022-07-19,90.64991786318788
2022-07-20,91.39312554523171
2022-07-21,93.3246069003973
2022-07-22,94.60323663530409
2022-07-23,94.35568735844905
2022-07-24,103.0471923488578
2022-07-25,88.83702915715116
2022-07-26,91.07951333650993
2022-07-27,90.88894005838776
2022-07-28,96.53462805309628
2022-07-29,94.86208349825479
2022-07-30,94.60458030025839
2022-07-31,99.93771504901247
2022-08-01,96.43803986738325
2022-08-02,86.54859954576916
2022-08-03,81.21327794901133
2022-08-04,80.78686433378178
2022-08-05,88.46456131559987
2022-08-06,84.00238804877905
2022-08-07,92.20410204556404
2022-08-08,75.61372526477277
2022-08-09,74.20068125445285
2022-08-10,75.68380357853184
2022-08-11,74.41375567514744
2022-08-12,82.31691472930146
2022-08-13,84.54671509629154
2022-08-14,86.23395519515124
2022-08-15,71.56496421807464
2022-08-16,68.18601238274289
2022-08-17,69.68360166733899
2022-08-18,71.90942696175203
2022-08-19,76.82847489275987
2022-08-20,77.82151165643671
2022-08-21,82.0640974027917
2022-08-22,65.91722731500067
2022-08-23,71.449669631156155
2022-08-24,73.24465819353284
2022-08-25,71.30219299947177
2022-08-26,87.15525253527198
2022-08-27,80.76723422064549
2022-08-28,84.64229188658541
2022-08-29,74.40527624187314
2022-08-30,71.83478909781002
2022-08-31,72.94627423598972
2022-09-01,79.78659272609349
2022-09-02,84.10399448818966
2022-09-03,84.7522373232449
2022-09-04,84.40378702142284
2022-09-05,74.66407647136114
2022-09-06,71.33487315099795
2022-09-07,76.78423787230103
2022-09-08,70.37981102143044
2022-09-09,84.87556845211824
2022-09-10,80.60649159223567
2022-09-11,89.57499089507698
2022-09-12,74.67808084419138
2022-09-13,76.96214881367939
2022-09-14,76.77732850819372
2022-09-15,82.20189829414579
2022-09-16,89.93358897445212
2022-09-17,88.20977225199712
2022-09-18,88.30182976558282
2022-09-19,78.79185781670131
2022-09-20,74.69017093698005
2022-09-21,74.2039287605622
2022-09-22,77.18197847154369
2022-09-23,93.19733185366779
2022-09-24,86.6954872400293
2022-09-25,89.58858326392982
2022-09-26,79.39073805549178
2022-09-27,83.50259850687988
2022-09-28,83.93907866288218
2022-09-29,82.8834969966753
2022-09-30,88.98725298026972
2022-10-01,86.14837283823142
2022-10-02,92.238984094514
2022-10-03,79.14395598301996
2022-10-04,78.45632673952522
2022-10-05,82.06212913716459
2022-10-06,85.70599149056474
2022-10-07,85.48313267682761
2022-10-08,85.99531625569341
2022-10-09,90.25930054741593
2022-10-10,80.47812413761747
2022-10-11,82.11473876994191
2022-10-12,80.84111693546123
2022-10-13,85.82719624011615
2022-10-14,89.02198979846969
2022-10-15,86.52281583232008
2022-10-16,92.38478703908976
2022-10-17,79.83382561214007
2022-10-18,79.35451579539698
2022-10-19,79.33748144996748
2022-10-20,80.7862093401893
2022-10-21,92.30591334891741
2022-10-22,87.01658406814451
2022-10-23,87.95223143345643
2022-10-24,81.82593314206557
2022-10-25,80.2974496043923
2022-10-26,79.10930978496464
2022-10-27,83.91085024702156
2022-10-28,94.21082433270932
2022-10-29,87.3300113568784
2022-10-30,96.59130958173745
2022-10-31,81.9271627334052
2022-11-01,82.4189715574572
2022-11-02,75.69462308492339
2022-11-03,79.64683210279495
2022-11-04,87.08534305289817
2022-11-05,89.08584165693547
2022-11-06,89.83022253642271
2022-11-07,78.37415125336486
2022-11-08,81.23025189328058
2022-11-09,84.57433967531946
2022-11-10,88.03273124482675
2022-11-11,90.4318929174644
2022-11-12,89.64308918183643
2022-11-13,87.467557779773
2022-11-14,75.82875734362939
2022-11-15,79.34360370561208
2022-11-16,80.43638312512032
2022-11-17,85.02934696820013
2022-11-18,86.48016863964754
2022-11-19,90.56414538087165
2022-11-20,91.59835111541696
2022-11-21,79.06715915753335
2022-11-22,83.35228585650741
2022-11-23,88.1670151120382
2022-11-24,91.59674456333975
2022-11-25,96.10190619046531
2022-11-26,96.60628453149945
2022-11-27,102.1706512687528
2022-11-28,97.60090709609133
2022-11-29,93.70447847520289
2022-11-30,93.18322202342216
2022-12-01,102.04126355380734
2022-12-02,109.23953114488745
2022-12-03,103.16025128703437
2022-12-04,99.75634427377025
2022-12-05,86.70427278393475
2022-12-06,91.7405788595481
2022-12-07,92.00129948416875
2022-12-08,91.19387737883913
2022-12-09,102.53998539992936
2022-12-10,100.49479736133361
2022-12-11,104.65359660048989
2022-12-12,94.75645970493326
2022-12-13,97.60362098418503
2022-12-14,97.3114385139082
2022-12-15,97.83717703684377
2022-12-16,107.80494453818196
2022-12-17,102.40678481988313
2022-12-18,103.04971567982551
2022-12-19,92.63387423519308
2022-12-20,92.52849008000848
2022-12-21,100.16396531533441
2022-12-22,106.01767242941638
2022-12-23,112.15536659561286
2022-12-24,94.49336553252988
2022-12-25,99.5363528096575
2022-12-26,106.9815940969212
2022-12-27,104.0566763050643
2022-12-28,101.56902589520044
2022-12-29,100.82863395358928
2022-12-30,101.18050493647206
2022-12-31,99.3496611316368
2023-01-01,112.36598665661455
2023-01-02,101.81701110236814
2023-01-03,89.59470088986215
2023-01-04,88.77377474985153
2023-01-05,90.78890634583489
2023-01-06,83.44710172037404
2023-01-07,92.12943817244985
2023-01-08,88.11478100072999
2023-01-09,74.97872557762656
2023-01-10,76.13736257391169
2023-01-11,77.07162411282013
2023-01-12,79.3644160914963
2023-01-13,88.74694951223547
2023-01-14,87.3433043418204
2023-01-15,88.66276366061999
2023-01-16,77.23258800700393
2023-01-17,80.11542977538359
2023-01-18,81.77403891861192
2023-01-19,80.89212631622307
2023-01-20,88.73057688338294
2023-01-21,86.04259850598186
2023-01-22,87.48371645891623
2023-01-23,76.13684192008564
2023-01-24,81.87564982428724
2023-01-25,79.15531398847806
2023-01-26,82.87698301595935
2023-01-27,91.43045953233937
2023-01-28,88.9048101339471
2023-01-29,91.78408932560355
2023-01-30,77.96544515249157
2023-01-31,79.65282515282598
2023-02-01,84.18928019310529
2023-02-02,81.23391190440628
2023-02-03,96.72202458552135
2023-02-04,90.72408223625148
2023-02-05,88.93606385829422
2023-02-06,74.29637261208893
2023-02-07,75.47365958485987
2023-02-08,79.53806083317211
2023-02-09,84.715630089898
2023-02-10,86.53056447718798
2023-02-11,90.79594944270562
2023-02-12,96.85678944286687
2023-02-13,79.22154901257728
2023-02-14,86.30531538502876
2023-02-15,85.57664324870038
2023-02-16,85.44130874014363
2023-02-17,91.04900438863002
2023-02-18,93.86589402398165
2023-02-19,96.73868904733457
2023-02-20,82.693030487517
2023-02-21,82.91888239814729
2023-02-22,82.09312788841609
2023-02-23,80.64403327721637
2023-02-24,90.8254735163599
2023-02-25,90.6132234643564
2023-02-26,97.47383094506795
2023-02-27,82.80511236795107
2023-02-28,83.94181369740905
2023-03-01,82.51676824210104
2023-03-02,85.94464186564193
2023-03-03,95.18273574611344
2023-03-04,87.99269158779562
2023-03-05,97.26284329654786
2023-03-06,83.06866139989947
2023-03-07,86.69165987747182
2023-03-08,83.59679733931036
2023-03-09,86.33815502971291
2023-03-10,92.37762522097384
2023-03-11,84.95823859544257
2023-03-12,87.25046249872845
2023-03-13,78.08900227652487
2023-03-14,74.8585313049868
2023-03-15,80.83402729909503
2023-03-16,81.25079905775915
2023-03-17,88.7175107854573
2023-03-18,88.85365136113373
2023-03-19,94.75913164563238
2023-03-20,78.13805708354724
2023-03-21,80.38110758036939
2023-03-22,84.72501578677603
2023-03-23,90.59666060257591
2023-03-24,92.86524360645585
2023-03-25,93.7413747574973
2023-03-26,96.85482102215508
2023-03-27,80.69872692689923
2023-03-28,87.65676241171383
2023-03-29,82.2500022221027
2023-03-30,91.66076139833355
2023-03-31,97.49458177121026
2023-04-01,91.75505941666478
2023-04-02,90.35647787332346
2023-04-03,87.549179638769
2023-04-04,81.6431922378906
2023-04-05,86.46479979528462
2023-04-06,93.83705474634894
2023-04-07,103.18893533475611
2023-04-08,88.97561537592608
2023-04-09,93.00764371139702
2023-04-10,99.5225556212442
2023-04-11,83.43948009922596
2023-04-12,83.62148604086852
2023-04-13,91.33529953797574
2023-04-14,86.6854309632786
2023-04-15,95.18941502198888
2023-04-16,96.76072172390292
2023-04-17,78.99811279047992
2023-04-18,85.4105069149808
2023-04-19,82.55534319152821
2023-04-20,88.90055685343219
2023-04-21,94.24753140112892
2023-04-22,96.1631263387329
2023-04-23,95.84816682616805
2023-04-24,88.47849215717707
2023-04-25,89.00983389985177
2023-04-26,94.46742063030001
2023-04-27,85.39242642032109
2023-04-28,98.16439539585345
2023-04-29,93.81109273809062
2023-04-30,101.34336271415683
2023-05-01,94.24275177149579
2023-05-02,83.63631554514433
2023-05-03,90.12912216491839
2023-05-04,84.77330770440837
2023-05-05,91.93806532074188
2023-05-06,93.09667812864103
2023-05-07,99.71156813361186
2023-05-08,77.78024358089806
2023-05-09,82.89545120286697
2023-05-10,87.05613152541986
2023-05-11,91.02644601505364
2023-05-12,92.81411656344154
2023-05-13,95.53037199952638
2023-05-14,95.81836016513401
2023-05-15,81.5250093461924
2023-05-16,86.05509224443874
2023-05-17,87.81055069379798
2023-05-18,102.49658231966842
2023-05-19,86.00805453022006
2023-05-20,86.33178824870936
2023-05-21,97.70088360786141
2023-05-22,74.56692475864736
2023-05-23,75.68847022251634
2023-05-24,80.81524112156433
2023-05-25,76.76545214710669
2023-05-26,85.20853918956225
2023-05-27,82.4282052874988
2023-05-28,90.23034373487721
2023-05-29,82.70597230397784
2023-05-30,73.801037768735
2023-05-31,76.9429487675402
2023-06-01,73.77083664382921
2023-06-02,83.39610919135248
2023-06-03,83.0009889828888
2023-06-04,82.1227989405721
2023-06-05,68.89172744047264
2023-06-06,69.41102635383679
2023-06-07,66.32331378260675
2023-06-08,71.1455946983065
2023-06-09,75.36292703962107
2023-06-10,74.144718675403
2023-06-11,74.53217169026682
2023-06-12,67.96504213666955
2023-06-13,66.56074755978197
2023-06-14,66.00723397010464
2023-06-15,69.2792727909346
2023-06-16,76.05356494000884
2023-06-17,74.20429549023241
2023-06-18,74.5430895942894
2023-06-19,67.93623688479039
2023-06-20,72.6228440289272
2023-06-21,71.95090894360455
2023-06-22,77.38285363704266
2023-06-23,89.60096513606993
2023-06-24,82.35083874628556
2023-06-25,84.15207208079718
2023-06-26,71.86386909460984
2023-06-27,72.96875112411898
2023-06-28,74.74888803735573
2023-06-29,81.76195715523384
2023-06-30,83.55532126769938
2023-07-01,82.33959033415073
2023-07-02,84.04547502666651
2023-07-03,72.69509760466704
2023-07-04,78.09075528620824
2023-07-05,75.67011520048607
2023-07-06,75.58560826901257
2023-07-07,81.76720774803022
2023-07-08,78.49502060123599
2023-07-09,96.88133513338224
2023-07-10,79.15176996580081
2023-07-11,77.05097301295386
2023-07-12,79.44402004173728
2023-07-13,80.76344893115215
2023-07-14,82.64674854340907
2023-07-15,85.7489144197003
2023-07-16,91.90897250727355
2023-07-17,77.26423213112209
2023-07-18,76.61343086871028
2023-07-19,76.73909455215056
2023-07-20,76.96733353643033
2023-07-21,78.36251557884708
2023-07-22,78.87777960704027
2023-07-23,89.10222023865553
2023-07-24,79.303277962858715
2023-07-25,79.52887332899162
2023-07-26,83.17446794190114
2023-07-27,81.31574752332861
2023-07-28,85.55159148505318
2023-07-29,79.64356865400403
2023-07-30,85.72507008970797
2023-07-31,82.85253238928183
2023-08-01,79.66475894835054
2023-08-02,73.59881868548092
2023-08-03,75.0380704356615
2023-08-04,84.54933726246841
2023-08-05,78.60736257657689
2023-08-06,90.83525092970082
2023-08-07,74.33255272432952
2023-08-08,72.05605900747022
2023-08-09,76.09124029584359
2023-08-10,75.35775531857009
2023-08-11,85.79382895903403
2023-08-12,81.63630318522348
2023-08-13,89.63082934458356
2023-08-14,73.95924033232589
2023-08-15,76.02481212081355
2023-08-16,74.31765901917697
2023-08-17,80.21832858902144
2023-08-18,79.83965570908893
2023-08-19,84.66925452008724
2023-08-20,82.09846081607952
2023-08-21,66.94194594070038
2023-08-22,64.0076660910819
2023-08-23,70.10251799463734
2023-08-24,69.01536195605384
2023-08-25,72.69986664140151
2023-08-26,79.19104541957545
2023-08-27,79.72833289958761
2023-08-28,72.42947722943994
2023-08-29,66.54629045901
2023-08-30,69.66790363934624
2023-08-31,70.30040459664411
2023-09-01,78.05459331829164
2023-09-02,75.83121701915773
2023-09-03,85.29551289706146
2023-09-04,64.35509610160767
2023-09-05,68.65939566460149
2023-09-06,74.68735368682324
2023-09-07,69.1207274525183
2023-09-08,77.83184091938992
2023-09-09,78.33251377196146
2023-09-10,80.77517692822232
2023-09-11,70.7483737227564
2023-09-12,69.97612300754463
2023-09-13,64.2668546762118
2023-09-14,74.47965756686342
2023-09-15,80.43563052555564
2023-09-16,73.09919400177617
2023-09-17,74.61423578665139
2023-09-18,67.962646019722
2023-09-19,60.82172822779831
2023-09-20,65.30680061885258
2023-09-21,63.87993765546706
2023-09-22,70.9510412855292
2023-09-23,73.91144730370391
2023-09-24,80.92130851798564
2023-09-25,70.9771594371575
2023-09-26,70.19694734643804
2023-09-27,80.68211627783862
2023-09-28,76.94242301002231
2023-09-29,85.3057492973669
2023-09-30,84.80174103409735
2023-10-01,87.30849047440137
2023-10-02,71.52844718368935
2023-10-03,70.24497783887757
2023-10-04,68.8172525722555
2023-10-05,72.1871287832368
2023-10-06,81.8829294092017
2023-10-07,74.92522747139887
2023-10-08,79.42424836628496
2023-10-09,66.42559641690728
2023-10-10,57.489541582587165
2023-10-11,69.75513391060626
2023-10-12,72.2738339864745
2023-10-13,71.1589335469241
2023-10-14,78.26753139812868
2023-10-15,81.74252873357045
2023-10-16,69.58253371368448
2023-10-17,70.15389178943238
2023-10-18,72.01517439987141
2023-10-19,70.82703607127584
2023-10-20,83.52069172729762
2023-10-21,78.54718936863034
2023-10-22,79.24074522439842
2023-10-23,68.2919854835637
2023-10-24,71.76427446974989
2023-10-25,71.23586252740498
2023-10-26,74.13003248441443
2023-10-27,77.7722192042051
2023-10-28,87.62071887847009
2023-10-29,77.86408854869131
2023-10-30,68.68216407439095
2023-10-31,72.88094806461864
2023-11-01,72.95190580968638
2023-11-02,74.85917400574466
2023-11-03,80.24024151426195
2023-11-04,76.07077388045461
2023-11-05,77.5836161705275
2023-11-06,67.6800464748089
2023-11-07,73.2148820647387
2023-11-08,75.08408626107166
2023-11-09,76.78096863127061
2023-11-10,76.12221069472477
2023-11-11,80.20359750402366
2023-11-12,85.64098541996411
2023-11-13,72.05666478010369
2023-11-14,72.32637342582169
2023-11-15,75.63428751938716
2023-11-16,68.45222987270053
2023-11-17,82.72382929149195
2023-11-18,83.90017021357713
2023-11-19,79.1379186868963
2023-11-20,68.667390612596
2023-11-21,73.06636263964249
2023-11-22,70.50164999350991
2023-11-23,81.63290376894427
2023-11-24,81.43383591484752
2023-11-25,82.62227656607074
2023-11-26,87.16321234952204
2023-11-27,79.7610954384981
2023-11-28,75.833513233742
2023-11-29,80.67711238950103
2023-11-30,86.55370837699974
2023-12-01,94.89925296562606
2023-12-02,86.4404641029636
2023-12-03,85.79005893347336
2023-12-04,74.81488929395621
2023-12-05,76.76729696993125
2023-12-06,71.83366677678512
2023-12-07,76.00680656431415
2023-12-08,89.83254595089804
2023-12-09,82.03484774839586
2023-12-10,88.69304979275068
2023-12-11,74.87037716886351
2023-12-12,78.72032026305033
2023-12-13,79.22004135412843
2023-12-14,82.37366625434211
2023-12-15,89.6297428008803
2023-12-16,89.07239053318915
2023-12-17,84.5769997501523
2023-12-18,81.29927700508792
2023-12-19,77.61432951022994
2023-12-20,76.38776276798596
2023-12-21,77.12833011790279
2023-12-22,90.94366431592684
2023-12-23,78.67049017261802
2023-12-24,78.95354473908262
2023-12-25,80.91292968366378
2023-12-26,88.99715640610334
2023-12-27,77.41577539110126
2023-12-28,80.77228516203411
2023-12-29,86.78341993627393
2023-12-30,79.13727147622687
2023-12-31,72.94912154795271
2024-01-01,91.24630332862692
2024-01-02,83.1055734373005
2024-01-03,65.7163661923556
2024-01-04,66.521315380711
2024-01-05,72.74800790700787
2024-01-06,67.80322334550034
2024-01-07,69.80850505690084
2024-01-08,63.50793276000579
2024-01-09,55.997291506457074
2024-01-10,57.647344061350616
2024-01-11,63.21812608194638
2024-01-12,70.93779065002751
2024-01-13,71.12416005290122
2024-01-14,65.97734752907765
2024-01-15,55.7354380740743
2024-01-16,57.60466076632046
2024-01-17,62.17575270419976
2024-01-18,64.41028663318733
2024-01-19,68.95621169692173
2024-01-20,71.63793130784809
2024-01-21,74.91167875206028
2024-01-22,63.95622034333691
2024-01-23,57.52080350377669
2024-01-24,61.909760339133385
2024-01-25,65.66066884285806
2024-01-26,73.27662337307946
2024-01-27,80.65130571824426
2024-01-28,73.8975507561131
2024-01-29,64.26716441424841
2024-01-30,65.51505310275485
2024-01-31,61.69459455608932
2024-02-01,66.32976726810998
2024-02-02,71.08201521073624
2024-02-03,75.76659605353447
2024-02-04,75.19812840910073
2024-02-05,58.978066163734546
2024-02-06,59.03744204266613
2024-02-07,63.204255540709056
2024-02-08,64.10980679332992
2024-02-09,69.50487639517328
2024-02-10,72.184513372089
2024-02-11,72.18230723957306
2024-02-12,62.55832565199329
2024-02-13,66.21641917829858
2024-02-14,68.2428431370679
2024-02-15,66.34511313137443
2024-02-16,71.99194920021493
2024-02-17,70.786045461167
2024-02-18,76.69014344523175
2024-02-19,63.58309503453845
2024-02-20,73.65752980265394
2024-02-21,71.02515027863261
2024-02-22,69.22253102189404
2024-02-23,73.35317897545377
2024-02-24,83.90834079079681
2024-02-25,81.12898425409435
2024-02-26,65.16018651186731
2024-02-27,64.88053311387853
2024-02-28,69.52458449277881
2024-02-29,68.58721981844533
2024-03-01,83.83444483900583
2024-03-02,86.13315076473431
2024-03-03,92.84911686729754
2024-03-04,77.25206669381116
2024-03-05,78.6417328356339
2024-03-06,66.12415884035003
2024-03-07,75.39660181213334
2024-03-08,91.06666648367096
2024-03-09,84.09621710686699
2024-03-10,94.87664551381832
2024-03-11,70.69817815720114
2024-03-12,71.71123908854852
2024-03-13,74.22682282613876
2024-03-14,71.6949739397568
2024-03-15,83.11056318324195
2024-03-16,84.89375099740315
2024-03-17,87.5244660778294
2024-03-18,77.2126616995442
2024-03-19,79.83066181899639
2024-03-20,81.29606225721412
2024-03-21,79.97137415460531
2024-03-22,92.88648163679011
2024-03-23,85.65411868524839
2024-03-24,82.83661817019103
2024-03-25,71.14179666927664
2024-03-26,78.07946700095933
2024-03-27,71.88234531470084
2024-03-28,82.35272883159482
2024-03-29,78.0508314757608
2024-03-30,89.48852896562525
2024-03-31,91.28474400399101
2024-04-01,86.92649040714365
2024-04-02,73.7860634453935
2024-04-03,76.09829821862604
2024-04-04,74.86832397212106
2024-04-05,79.9210738543776
2024-04-06,92.62112191676681
2024-04-07,83.65741759742384
2024-04-08,70.15893398848405
2024-04-09,69.10097225290929
2024-04-10,64.43614157812794
2024-04-11,70.57434391974799
2024-04-12,78.07272686093505
2024-04-13,78.25259945382078
2024-04-14,85.03261699093272
2024-04-15,72.6178290687799
2024-04-16,69.82803959077218
2024-04-17,69.4582975777299
2024-04-18,71.50860303032604
2024-04-19,85.80388909712534
2024-04-20,79.26688084718833
2024-04-21,77.76990223596306
2024-04-22,66.5453481611849
2024-04-23,73.43052920598068
2024-04-24,75.50060136254396
2024-04-25,74.75032378224225
2024-04-26,74.69285437971901
2024-04-27,80.65747507330482
2024-04-28,82.49175494503378
2024-04-29,66.09156807929966
2024-04-30,73.37662924221014
2024-05-01,77.87916398112867
2024-05-02,71.6738436201307
2024-05-03,77.35801440210267
2024-05-04,79.21178328898944
2024-05-05,81.82011908281984
2024-05-06,73.97678167341365
2024-05-07,75.00413958497961
2024-05-08,76.71474852972432
2024-05-09,96.13849263000706
2024-05-10,80.54823065675583
2024-05-11,83.3260993826463
2024-05-12,86.13222359670543
2024-05-13,68.3237573980112
2024-05-14,70.1829266943343
2024-05-15,70.42237633109218
2024-05-16,72.31708402475768
2024-05-17,75.53955200287831
2024-05-18,80.74477580883257
2024-05-19,91.53523093028672
2024-05-20,88.6338932934383
2024-05-21,69.74827849894578
2024-05-22,76.14310576773295
2024-05-23,80.30856228430335
2024-05-24,92.72457674068635
2024-05-25,83.26135415059227
2024-05-26,92.85611596187724
2024-05-27,72.72668643504537
2024-05-28,72.65272685203813
2024-05-29,79.20682857643766
2024-05-30,79.616578518185
2024-05-31,81.74192319373861
2024-06-01,83.6178759751118
2024-06-02,85.5955995271375
2024-06-03,74.64169240499784
2024-06-04,73.68099862071458
2024-06-05,74.52607388470057
2024-06-06,75.21193156561856
2024-06-07,82.61602486681502
2024-06-08,83.96594069831983
2024-06-09,83.191652316872
2024-06-10,65.35246573126759
2024-06-11,66.47313581772319
2024-06-12,64.61131187893817
2024-06-13,73.84939809362322
2024-06-14,73.88253262114421
2024-06-15,73.55315529746849
2024-06-16,77.77373269409661
2024-06-17,68.44533209480927
2024-06-18,71.11277968535218
2024-06-19,74.96864900086867
2024-06-20,77.72045564033152
2024-06-21,77.73071074842099
2024-06-22,79.25688535377145
2024-06-23,86.88394825941226
2024-06-24,73.94075590638809
2024-06-25,76.45206317216125
2024-06-26,76.0779948474796
2024-06-27,74.90634922501948
2024-06-28,81.62946299366742
2024-06-29,87.91888587798162
2024-06-30,85.71246629531771
2024-07-01,82.97370821963929
2024-07-02,77.68750500924435
2024-07-03,79.03118014508298
2024-07-04,81.70871677796812
2024-07-05,90.72745951555703
2024-07-06,93.28546469483545
2024-07-07,82.91703405517141
2024-07-08,73.07608584095655
2024-07-09,70.22122084447479
2024-07-10,71.76208764211437
2024-07-11,69.02637511427126
2024-07-12,83.32185385998642
2024-07-13,77.38537374967653
2024-07-14,85.09434631712865
2024-07-15,74.01319033372374
2024-07-16,75.51418840079049
2024-07-17,71.74898188063194
2024-07-18,69.52262657561434
2024-07-19,81.72312699678587
2024-07-20,78.19349414524105
2024-07-21,87.33210597087572
2024-07-22,73.73973713818448
2024-07-23,76.94163405555622
2024-07-24,81.70456756536365
2024-07-25,79.24933646690619
2024-07-26,88.76544245992591
2024-07-27,81.23366197304827
2024-07-28,90.43436679899487
2024-07-29,75.32963941641462
2024-07-30,80.66755564938377
2024-07-31,82.63660080093419
2024-08-01,80.41709344453892
2024-08-02,81.7815188566189
2024-08-03,83.67061954612743
2024-08-04,84.87782477721878
2024-08-05,70.3178982970048
2024-08-06,76.4942036175513
2024-08-07,78.04413964083597
2024-08-08,80.58777289957986
2024-08-09,81.98829027115524
2024-08-10,93.32040312131555
2024-08-11,91.7806177989847
2024-08-12,80.9646180623038
2024-08-13,79.38228636615173
2024-08-14,78.46110777966896
2024-08-15,76.80159521741798
2024-08-16,75.9451988129575
2024-08-17,82.99128089618142
2024-08-18,81.65646445109297
2024-08-19,65.84663128648619
2024-08-20,66.7691268903946
2024-08-21,73.37902823325051
2024-08-22,69.25919908535262
2024-08-23,77.11771332310619
2024-08-24,79.39006504551755
2024-08-25,86.78075257987129
2024-08-26,67.93621483459974
2024-08-27,70.576662619410385
2024-08-28,76.71297989110161
2024-08-29,78.91823044681395
2024-08-30,72.88712561530745
2024-08-31,85.2057383762351
2024-09-01,89.86021895025253
2024-09-02,67.56258938883238
2024-09-03,70.23193619394348
2024-09-04,75.49096628472964
2024-09-05,77.994049506739
2024-09-06,82.92189716639245
2024-09-07,81.23805287432272
2024-09-08,83.85007920780868
2024-09-09,70.1577879225718
2024-09-10,68.76804950598776
2024-09-11,68.08259949229382
2024-09-12,73.32647217882659
2024-09-13,80.01251235019235
2024-09-14,83.78305025447293
2024-09-15,87.90927948853651
2024-09-16,70.12057579056521
2024-09-17,70.67990048906628
2024-09-18,71.53634699835729
2024-09-19,73.18253801602334
2024-09-20,83.12340146741435
2024-09-21,83.4376079636349
2024-09-22,81.41216338993148
2024-09-23,65.70943579093746
2024-09-24,71.92978861762379
2024-09-25,76.93984553698688
2024-09-26,76.07811485114898
2024-09-27,79.03701368079545
2024-09-28,82.39270305295993
2024-09-29,84.10859180580262
2024-09-30,63.76995136971745
2024-10-01,70.89749130114998
2024-10-02,73.42257046288701
2024-10-03,69.04660071419039
2024-10-04,74.64597273354305
2024-10-05,71.30656709520316
2024-10-06,77.45380423703854
2024-10-07,55.81520816310026
2024-10-08,57.289954418687785
2024-10-09,58.695312943945694
2024-10-10,60.12750802505005
2024-10-11,64.50020963832027
2024-10-12,62.907491372710375
2024-10-13,69.45798405780609
2024-10-14,59.93732574112691
2024-10-15,62.0213590274597
2024-10-16,62.15095096233394
2024-10-17,66.96664146852464
2024-10-18,76.35694194141077
2024-10-19,73.8679927084558
2024-10-20,81.9066803123956
2024-10-21,66.1462547111679
2024-10-22,68.01742373581202
2024-10-23,68.29703223944055
2024-10-24,68.52982244269094
2024-10-25,80.26459757865094
2024-10-26,84.34980797420427
2024-10-27,83.56263829877564
2024-10-28,69.99054806650135
2024-10-29,76.53857264345697
2024-10-30,75.86186105415281
2024-10-31,75.6893607071033
2024-11-01,86.08131796593123
2024-11-02,82.21315639472243
2024-11-03,82.409354713634
2024-11-04,66.84620661697188
2024-11-05,68.55943714598283
2024-11-06,67.95572638244413
2024-11-07,70.08419464551258
2024-11-08,79.4214301819053
2024-11-09,83.29161995826327
2024-11-10,78.4881131343582
2024-11-11,70.93036834289923
2024-11-12,67.83670486115591
2024-11-13,73.16868868665688
2024-11-14,77.8384309408376
2024-11-15,84.81721258099684
2024-11-16,84.13838569781132
2024-11-17,80.16721877462656
2024-11-18,73.08405201884548
2024-11-19,73.28992779967265
2024-11-20,73.01224724115872
2024-11-21,71.4554540355428
2024-11-22,87.755845823411
2024-11-23,86.86968066028058
2024-11-24,87.80561718219033
2024-11-25,76.27565617956623
2024-11-26,72.9591082530951
2024-11-27,77.14437630077437
2024-11-28,77.44035394200971
2024-11-29,93.72268103534563
2024-11-30,84.68391137817626
2024-12-01,87.67879079840161
2024-12-02,74.62424333339193
2024-12-03,72.56258497935383
2024-12-04,72.51137685551818
2024-12-05,74.36561967599309
2024-12-06,87.19025176131643
2024-12-07,84.43863043549557
2024-12-08,91.62758903222452
2024-12-09,78.89522158540947
2024-12-10,82.24531891266469
2024-12-11,82.3464370773931
2024-12-12,80.57364944117737
2024-12-13,91.0830324599391
2024-12-14,96.15356253827721
2024-12-15,95.2833117493767
2024-12-16,80.4142060995049
2024-12-17,79.93904683393673
2024-12-18,81.96268514476995
2024-12-19,87.89554838590486
2024-12-20,95.59665763834685
2024-12-21,92.10819723713468
2024-12-22,81.70204875393927
2024-12-23,87.60494249397664
2024-12-24,77.7936692037445
2024-12-25,82.7145616701375
2024-12-26,87.50364494917852
2024-12-27,88.5282258710519
2024-12-28,86.747093752722
2024-12-29,93.50791993335602
2024-12-30,88.22324470766586
2024-12-31,86.99838365543549
2025-01-01,99.1458584516624
2025-01-02,86.72544588370738
2025-01-03,80.23899622848671
2025-01-04,86.40578349514428
2025-01-05,80.87512303365534
2025-01-06,66.59031127953833
2025-01-07,65.25746931267739
2025-01-08,67.02136636562788
2025-01-09,66.67108930734848
2025-01-10,75.12503941350312
2025-01-11,77.07953905520816
2025-01-12,70.44475022580603
2025-01-13,60.09607169959883
2025-01-14,61.7355735015946
2025-01-15,65.79675610283813
2025-01-16,63.882007157262976
2025-01-17,73.68179896280756
2025-01-18,72.95976275288575
2025-01-19,72.89297823845081
2025-01-20,60.21432624976328
2025-01-21,64.27674909423584
2025-01-22,63.10697395655914
2025-01-23,66.83580262502187
2025-01-24,75.78282849206148
2025-01-25,72.81912913485148
2025-01-26,78.71409653805931
2025-01-27,64.44635988037338
2025-01-28,65.61392311356656
2025-01-29,68.56862130566144
2025-01-30,69.0950053572594
2025-01-31,73.70495096887204
2025-02-01,77.87320138981279
2025-02-02,78.02830722091059
2025-02-03,61.980580855728064
2025-02-04,63.36706291842684
2025-02-05,63.3531475229523
2025-02-06,66.75648616000682
2025-02-07,83.29882226351636
2025-02-08,77.41333611359897
2025-02-09,73.24688935954082
2025-02-10,68.138254319001
2025-02-11,68.4588680328267
2025-02-12,67.37476502554603
2025-02-13,73.1730667228103
2025-02-14,76.1902542706612
2025-02-15,82.03400984965302
2025-02-16,75.12410087569143
2025-02-17,64.06173895247976
2025-02-18,60.94877355764776
2025-02-19,64.48361738893563
2025-02-20,62.85062007701873
2025-02-21,73.18862173343305
2025-02-22,73.52762378085183
2025-02-23,79.19047578024325
2025-02-24,72.149171474902
2025-02-25,70.52098055713093
2025-02-26,72.1634176079836
2025-02-27,78.90393347695063
2025-02-28,80.17190068268278
2025-03-01,86.9203159346511
2025-03-02,79.5288496665163
2025-03-03,70.99231931029063
2025-03-04,72.37456431212091
2025-03-05,71.00726001900583
2025-03-06,72.8220590817439
2025-03-07,78.59381628361362
2025-03-08,85.38938311141469
2025-03-09,89.86069749685157
2025-03-10,72.17822862078621
2025-03-11,74.056672319364
2025-03-12,72.53768756154791
2025-03-13,78.80365269379928
2025-03-14,89.17599387079406
2025-03-15,84.52301790393987
2025-03-16,84.48162173105067
2025-03-17,69.19000007044616
2025-03-18,65.39569426584755
2025-03-19,69.18153491220275
2025-03-20,70.10217594212374
2025-03-21,82.77473530317313
2025-03-22,86.09218799163034
2025-03-23,79.56468691301038
2025-03-24,69.26049546614024
2025-03-25,67.83166431684577
2025-03-26,69.80333773174317
2025-03-27,70.70837614934989
2025-03-28,83.73042141911696
2025-03-29,77.2215072363446
2025-03-30,77.96337285929764
2025-03-31,65.04687705148449
2025-04-01,67.1240149367912
2025-04-02,67.85528625116409
2025-04-03,70.391165424863
2025-04-04,76.22298528493258
2025-04-05,73.9830545872974
2025-04-06,76.11358205970603
2025-04-07,62.33831701007704
2025-04-08,69.01492527512343
2025-04-09,65.81468826967614
2025-04-10,66.95278428095428
2025-04-11,79.702760708608
2025-04-12,74.58851876767763
2025-04-13,76.32435029332112
2025-04-14,67.75019363942891
2025-04-15,69.0870712169261
2025-04-16,74.15444507942243
2025-04-17,76.96144748512292
2025-04-18,83.2134093807681
2025-04-19,75.53450584307932
2025-04-20,79.88731612313457
2025-04-21,85.04445309921508
2025-04-22,71.61392273667737
2025-04-23,72.76923229584955
2025-04-24,74.92405873248444
2025-04-25,89.28232833122127
2025-04-26,84.7259496589703
2025-04-27,86.66102804026326
2025-04-28,71.02629876539073
2025-04-29,72.07926906134534
2025-04-30,79.31888840748742
2025-05-01,80.58632478071877
2025-05-02,79.09563559883598
2025-05-03,86.30471381523246
2025-05-04,83.9463658061099
2025-05-05,73.75457878861147
2025-05-06,71.60095432598173
2025-05-07,72.11192402735136
2025-05-08,73.93439215635402
2025-05-09,81.0528857443341
2025-05-10,76.5280795935913
2025-05-11,85.09993116612685
2025-05-12,67.37924519630693
2025-05-13,71.82816193872486
2025-05-14,74.98762037932806
2025-05-15,72.91197495172499
2025-05-16,83.92137580812721
2025-05-17,81.18259692917567
2025-05-18,84.58699560452317
2025-05-19,68.83786221967773
2025-05-20,74.64068282047947
2025-05-21,75.03653772431382
2025-05-22,77.23158815773479
2025-05-23,91.04112120977072
2025-05-24,88.66161631617778
2025-05-25,86.48921284596304
2025-05-26,76.34683708670312
2025-05-27,75.23294350634563
2025-05-28,78.22483036444902
2025-05-29,86.65533936851358
2025-05-30,78.03085571892994
2025-05-31,77.47110176977242
2025-06-01,76.43459606139932
2025-06-02,65.76138700450667
2025-06-03,66.29083111233535
2025-06-04,67.68324344234959
2025-06-05,68.14831890353403
2025-06-06,74.70262677833004
2025-06-07,73.00545478867288
2025-06-08,77.02596668557624
2025-06-09,81.50934478500525
2025-06-10,69.53314035841798
2025-06-11,69.55180045855847
2025-06-12,71.76649683156167
2025-06-13,76.82018466109997
2025-06-14,79.04246574514131
2025-06-15,82.72298299731943
2025-06-16,70.05753049761483
2025-06-17,71.48914426349464
2025-06-18,68.61840403313073
2025-06-19,71.85664718400297
2025-06-20,73.61079684727558
2025-06-21,79.69617345342424
2025-06-22,75.49660645442613
2025-06-23,61.94988684324047
2025-06-24,67.96314218801413
2025-06-25,65.659086387839
2025-06-26,69.39077265798602
2025-06-27,76.73593158177124
2025-06-28,73.95265391741952
2025-06-29,79.01962347213133
2025-06-30,71.38918171385465
2025-07-01,68.39111834505174
2025-07-02,69.6357826435203
2025-07-03,71.22957005771833
2025-07-04,78.058725809049065
2025-07-05,75.0433577935671
2025-07-06,89.0356848547347
2025-07-07,68.65050847095938
2025-07-08,67.78745852306952
2025-07-09,68.88120642480673
2025-07-10,69.42358153116179
2025-07-11,73.74095388433324
2025-07-12,74.32565137675789
2025-07-13,77.3514419186874
2025-07-14,68.35936368410505
2025-07-15,67.71383955304437
2025-07-16,67.86637696214683
2025-07-17,68.37433565629512
2025-07-18,72.99881557181976
2025-07-19,73.95837382539537
2025-07-20,76.5614495418674
2025-07-21,66.04108743060165
2025-07-22,67.36465101285822
2025-07-23,67.63069320618064
2025-07-24,68.89812715518244
2025-07-25,73.00731433850225
2025-07-26,74.54077261689638
2025-07-27,77.96456089890684
2025-07-28,69.14818428667095
2025-07-29,68.01792479521413
2025-07-30,70.64561926230542
2025-07-31,71.2523449729602
2025-08-01,75.83330461103438
2025-08-02,76.82252502305478
2025-08-03,79.21642760673059
2025-08-04,70.58161285870227
2025-08-05,71.4612459328216
2025-08-06,72.87658006969852
2025-08-07,74.42806123401277
2025-08-08,80.24215289446963
2025-08-09,78.55949102934677
2025-08-10,87.66566602968399
2025-08-11,75.71836473364344
2025-08-12,76.347859457195
2025-08-13,78.02707110089102
2025-08-14,77.40687691312348
2025-08-15,80.31152703678565
2025-08-16,80.14640725127171
2025-08-17,82.02867024087631
2025-08-18,69.7490309520702
2025-08-19,70.26172562495577
2025-08-20,69.30305667200412
2025-08-21,68.72104723130244
2025-08-22,70.80818170723452
2025-08-23,79.33068446788879
2025-08-24,76.76742473677072
2025-08-25,71.4000534330937
2025-08-26,71.74351261873822
2025-08-27,72.23034017577824
2025-08-28,71.55054501891466
2025-08-29,79.03781363594418
2025-08-30,76.84351747791217
2025-08-31,78.55881406588823
2025-09-01,70.90320909903016
2025-09-02,67.16847605623846
2025-09-03,65.38962830575042
2025-09-04,66.38541027622063
2025-09-05,72.28455748441951
2025-09-06,72.93463900966763
2025-09-07,73.24812142485365
2025-09-08,65.43081513468783
2025-09-09,66.5126042617045
2025-09-10,65.0310667993432
2025-09-11,69.99239146791498
2025-09-12,74.51912506247726
2025-09-13,71.24256772156517
2025-09-14,75.39136582584217
2025-09-15,63.5412027430606
2025-09-16,65.16687791893393
2025-09-17,64.05725165646015
2025-09-18,66.27103273264215
2025-09-19,76.88443660442881
2025-09-20,75.42885255150475
2025-09-21,75.33168920507163
2025-09-22,69.8702983934254
2025-09-23,68.05086883402862
2025-09-24,69.87340053054882
2025-09-25,70.42542690534827
2025-09-26,74.45566564938508
2025-09-27,78.19789238525532
2025-09-28,74.77465391294312
2025-09-29,63.44286379770458
2025-09-30,68.27360825025437
2025-10-01,61.265827798597044
2025-10-02,63.210358863615596
2025-10-03,68.37599044365417
2025-10-04,62.02532281756778
2025-10-05,68.88443773929497
2025-10-06,63.87331333278919
2025-10-07,63.5305870643803
2025-10-08,63.435039016396075
2025-10-09,68.99038242355545
2025-10-10,74.62915516374414
2025-10-11,73.14640626616767
2025-10-12,72.07458447469918
2025-10-13,61.642945811499494
2025-10-14,63.63009208849063
2025-10-15,60.18739475202991
2025-10-16,62.12228026659247
2025-10-17,69.59849751798758
2025-10-18,74.26485332885869
2025-10-19,74.64760772831082
2025-10-20,64.65370723744168
2025-10-21,67.04424698556946
2025-10-22,69.86555830788676
2025-10-23,70.1701612600966
2025-10-24,80.89421781943112
2025-10-25,79.44038174577375
2025-10-26,76.94357727653174
2025-10-27,68.63036173343919
2025-10-28,67.92814375441043
2025-10-29,67.14072570572743
2025-10-30,66.26810758795577
2025-10-31,73.49773369107746
2025-11-01,75.23844649402164
2025-11-02,76.08284428440588
2025-11-03,66.45324487865504
2025-11-04,66.98200788370332
2025-11-05,67.68045127015095
2025-11-06,73.13354383493353
2025-11-07,75.80883683744429
2025-11-08,79.80005241756824
2025-11-09,79.04848180338618
2025-11-10,67.99776460145625
2025-11-11,71.04648479634031
2025-11-12,73.78474043730932
2025-11-13,70.48132052194075
2025-11-14,79.63984914484703
2025-11-15,82.26545555331492
2025-11-16,83.92560186490252
2025-11-17,64.57391967114674
2025-11-18,71.2063391956957
2025-11-19,75.49430319548148
2025-11-20,72.8528428694225
2025-11-21,82.44057785508518
2025-11-22,78.38518419674409
2025-11-23,79.68153264373919
2025-11-24,71.79919199445996
2025-11-25,73.0780374531796
2025-11-26,73.20188921921496
2025-11-27,75.93697166184688
2025-11-28,82.92077364094645
2025-11-29,81.05338429235913
2025-11-30,89.1659254841459
2025-12-01,76.22869131161627
2025-12-02,78.06627413626966
2025-12-03,83.05250306742317
2025-12-04,86.27491152808535
2025-12-05,92.80971498081914
2025-12-06,89.39325367534832
2025-12-07,86.17795852904541
2025-12-08,81.07317825017215
2025-12-09,78.50013274942262
2025-12-10,82.06129751683119
2025-12-11,85.86171266365835
2025-12-12,95.46884030796409
2025-12-13,100.07525398473126
2025-12-14,91.6572582913849
2025-12-15,87.0513894585831
2025-12-16,88.3863830043831
2025-12-17,94.35224784024369
2025-12-18,96.1065441328038
2025-12-19,102.6554606031601
2025-12-20,96.64161535367369
2025-12-21,98.04237245477492
2025-12-22,88.93057567302984
2025-12-23,97.47103336704646
2025-12-24,88.9489817440763
2025-12-25,95.95044908272895
2025-12-26,101.77304902990304
2025-12-27,95.28185735110833
2025-12-28,101.85795134193327
2025-12-29,97.9698496037509
2025-12-30,94.91622525138268
2025-12-31,99.24703372096421
2026-01-01,111.12602389546059
2026-01-02,99.64262068214752
2026-01-03,94.27162352458112
2026-01-04,96.32302351120231
2026-01-05,79.8893677759211
2026-01-06,76.73794016457654
2026-01-07,73.76882981134172
2026-01-08,80.64322097790381
2026-01-09,83.93370503332426
2026-01-10,82.65778865733787
2026-01-11,79.10795625266654
2026-01-12,68.02484858926377
2026-01-13,74.46204519152953
2026-01-14,75.16720427627939
2026-01-15,75.87153684758385
2026-01-16,85.74498050925799
2026-01-17,86.61140893896389
2026-01-18,82.56454427871486
2026-01-19,76.61322219455852
2026-01-20,74.65240257340973
2026-01-21,75.37209433106797
2026-01-22,79.91853966409582
2026-01-23,86.98174749085135
2026-01-24,90.66675791995864
2026-01-25,84.09611774678778
2026-01-26,78.77851985253959
2026-01-27,86.17638623956131
2026-01-28,81.07238849498857
2026-01-29,82.29764848992417
2026-01-30,87.23218404562058
2026-01-31,84.57732204489376
2026-02-01,83.50300009319645
2026-02-02,72.9609790816125
2026-02-03,72.60112530764891
2026-02-04,74.89099002578676
2026-02-05,74.4268599994503
2026-02-06,80.05117506824217
2026-02-07,85.37772868311157
2026-02-08,83.52906763994599
2026-02-09,75.14825793387251
2026-02-10,81.35890583027435
2026-02-11,80.2186606335539
2026-02-12,86.46492206818992
2026-02-13,91.58274806853748
2026-02-14,92.95215646312522
2026-02-15,86.97067176518186
2026-02-16,76.06072414376847
2026-02-17,79.544682128168
2026-02-18,81.53890379255134
2026-02-19,77.4584203329187
2026-02-20,88.75433579454776
2026-02-21,89.88182398812965
2026-02-22,89.19207808953118
2026-02-23,79.39651267400866
2026-02-24,76.54251854901275
2026-02-25,83.0863290034126
2026-02-26,83.47179988456878
2026-02-27,89.07402045727021
2026-02-28,81.30460250161313
2026-03-01,88.55506800043757
2026-03-02,76.6038982961493
2026-03-03,77.52552723587426
2026-03-04,80.61659106345029
2026-03-05,80.79768748919604
2026-03-06,85.97158560863255
2026-03-07,85.39083747495665
2026-03-08,95.43257408613005
2026-03-09,77.1133389851324
2026-03-10,78.6412640116714
2026-03-11,80.10838559797295
2026-03-12,80.9316674594498
2026-03-13,84.38010373151725
2026-03-14,89.9080719308197
2026-03-15,86.61613134047803
2026-03-16,75.3824300707071
2026-03-17,78.83033917071222
2026-03-18,80.37245281157104
2026-03-19,80.83106227013259
2026-03-20,90.24111548113328
2026-03-21,97.68288241916572
2026-03-22,98.71616676762154
2026-03-23,78.42109159059805
2026-03-24,81.62161701976254
2026-03-25,86.64955052574658
2026-03-26,87.79996357288223
2026-03-27,98.6333896489101
2026-03-28,97.21600222439295
2026-03-29,92.32861515858214
2026-03-30,80.85366406980773
2026-03-31,85.75472006396353
2026-04-01,88.3001438006219
2026-04-02,91.96695968123338
2026-04-03,98.40268283026833
2026-04-04,92.96747784183098
2026-04-05,95.90049396183551
2026-04-06,98.34174695245522
2026-04-07,79.73260450917303
2026-04-08,81.08100020878369
2026-04-09,81.57238715491263
2026-04-10,89.16325903499677
2026-04-11,85.27096342679272
2026-04-12,87.02020737314774
2026-04-13,74.42797272469798
2026-04-14,73.80266617670411
2026-04-15,75.40312600279648
2026-04-16,78.84585987637907
2026-04-17,82.67522293534104
2026-04-18,82.13032885013357
2026-04-19,85.07485074436204
2026-04-20,81.8617017626816
2026-04-21,73.07391336738416
2026-04-22,78.1650981808572
2026-04-23,80.87533878062153
2026-04-24,91.65787069616078
2026-04-25,88.94327147022483
2026-04-26,95.51714754624837
2026-04-27,84.98565824512072
2026-04-28,82.95663334135288
2026-04-29,83.65667675365147
2026-04-30,88.21943247334383
2026-05-01,95.93251187578488
2026-05-02,90.10327980985323
2026-05-03,99.65213044852625
2026-05-04,78.05963042021835
2026-05-05,80.71591996460427
2026-05-06,79.60693957502274
2026-05-07,81.44277162464927
2026-05-08,88.39637756818196
2026-05-09,89.69803189457043
2026-05-10,97.9476740868974
2026-05-11,82.30568602830013
2026-05-12,83.213666879453
2026-05-13,92.20956632761883
2026-05-14,98.30774935318712
2026-05-15,88.44379335799158
2026-05-16,86.03749605763171
2026-05-17,89.57421486671791
2026-05-18,78.43827790386669
2026-05-19,76.40175634945268
2026-05-20,79.85170926928687
2026-05-21,77.8313342399035
2026-05-22,87.59379622449184
2026-05-23,79.45615654467505
2026-05-24,89.03992424988644
2026-05-25,91.12145039874129
2026-05-26,80.50833942787189
2026-05-27,79.03526903904003
2026-05-28,80.00952333654975
2026-05-29,87.4063464557108
2026-05-30,92.34003629271582
2026-05-31,99.1638589059871
2026-06-01,80.96455650647259
2026-06-02,86.28523818175039
2026-06-03,80.89147020819543
2026-06-04,83.857516738432
2026-06-05,92.97227160576698
2026-06-06,90.06060090343493
2026-06-07,93.1805332729054
2026-06-08,76.88442619191346
2026-06-09,77.87386326429615
2026-06-10,78.2020876343953
2026-06-11,83.85781138183336
2026-06-12,91.9074948880618
2026-06-13,89.35180924242798
2026-06-14,88.07108771438405
2026-06-15,80.06554301345547
2026-06-16,75.19024611474842
2026-06-17,75.55484524492283
2026-06-18,80.85997127214465
2026-06-19,90.28989355257812
2026-06-20,82.06500567815658
2026-06-21,93.58233846589118
2026-06-22,74.62515128483798
2026-06-23,71.22596833985405
2026-06-24,82.10694556601246
2026-06-25,81.96636861686031
2026-06-26,83.94031375905483
2026-06-27,93.2546810156804
2026-06-28,94.39853298022265
2026-06-29,82.23684600174256
2026-06-30,86.35212421762003
2026-07-01,87.90469148606812
2026-07-02,90.33900364428877
2026-07-03,90.42573417954065
2026-07-04,92.25959765227324
2026-07-05,93.19480903876848
2026-07-06,77.6839336513697
2026-07-07,80.75732404323693
2026-07-08,77.71767856569926
2026-07-09,81.33741030816591
2026-07-10,91.41406610805655
2026-07-11,91.01112169808746
2026-07-12,89.96079064522006
2026-07-13,82.28182408767944
2026-07-14,81.36262816767608
2026-07-15,80.5282710400675
2026-07-16,81.31454539947715
2026-07-17,84.77788157157244
2026-07-18,86.77143862668598
2026-07-19,93.10099403580705
2026-07-20,80.08771837013609
2026-07-21,73.59249653680224
2026-07-22,79.3425281683297
2026-07-23,80.40790136842281
2026-07-24,86.60406773582253
2026-07-25,80.94605054073192
2026-07-26,84.70866770962012
2026-07-27,77.10378148464665
2026-07-28,79.99117108232008
2026-07-29,80.13587671940653
2026-07-30,79.7470706966316
2026-07-31,84.11219046558088
2026-08-01,95.23511152349573
2026-08-02,96.52930933827189
2026-08-03,81.64567357870654
2026-08-04,83.53541102842561
2026-08-05,80.15727081428267
2026-08-06,80.34462378572744
2026-08-07,86.07167042996076
2026-08-08,90.07668857579196
2026-08-09,94.87944835937343
2026-08-10,80.6740737232055
2026-08-11,79.5007700415278
2026-08-12,78.5085718770414
2026-08-13,80.39346528824565
2026-08-14,86.22245017808481
2026-08-15,86.94119019833073
2026-08-16,88.36760180642094
2026-08-17,77.28289601603558
2026-08-18,78.94817180739452
2026-08-19,76.55466305867594
2026-08-20,79.07518818712279
2026-08-21,86.61638163099641
2026-08-22,84.06194425144054
2026-08-23,92.83975918790519
2026-08-24,75.34818530226437
2026-08-25,81.40999182419229
2026-08-26,79.47665482656576
2026-08-27,79.0772697792787
2026-08-28,88.39828582320635
2026-08-29,88.05286187432338
2026-08-30,88.58599899645867
2026-08-31,77.46582158985268
2026-09-01,78.35966978082196
2026-09-02,75.09904376214894
2026-09-03,80.12490794228214
2026-09-04,84.3544157169784
2026-09-05,83.78653034302413
2026-09-06,84.00087626196606
2026-09-07,75.53876501009243
2026-09-08,77.32611433202999
2026-09-09,76.9306422217295
2026-09-10,78.40253802814352
2026-09-11,85.88233618058288
2026-09-12,81.80278673049213
2026-09-13,91.66809750871707
2026-09-14,74.51596876059916
2026-09-15,74.90099344380941
2026-09-16,75.8677301942428
2026-09-17,77.75722328601167
2026-09-18,84.45319223166736
2026-09-19,87.61443891798338
2026-09-20,89.64034901898245
2026-09-21,78.56314197054434
2026-09-22,78.00204831213168
2026-09-23,77.32169197734245
2026-09-24,79.8621488942212
2026-09-25,85.51997517272602
2026-09-26,87.68551901695322
2026-09-27,87.72563376465081
2026-09-28,74.28301031689851
2026-09-29,75.12785657343017
2026-09-30,75.49862398333528
2026-10-01,77.65157371223479
2026-10-02,82.74620382086631
2026-10-03,81.36175499778805
2026-10-04,81.82368845163649
2026-10-05,72.32566345494931
2026-10-06,73.02516784648253
2026-10-07,73.00015094627874
2026-10-08,72.9874827407146
