time,value
2006-01-01,34.52433447345911
2006-01-02,34.506122031559876
2006-01-03,34.469826378694435
2006-01-04,34.415447513163954
2006-01-05,34.34298543809828
2006-01-06,34.25244015250408
2006-01-07,34.14381165649935
2006-01-08,34.01709994865728
2006-01-09,33.87291360887886
2006-01-10,33.71125264010939
2006-01-11,33.53211704184093
2006-01-12,33.335506808393355
2006-01-13,33.121421946495275
2006-01-14,32.88986245268041
2006-01-15,32.640828328893356
2006-01-16,32.37165162436593
2006-01-17,32.08233233700889
2006-01-18,31.77287046779628
2006-01-19,31.443266021660936
2006-01-20,31.09351899049594
2006-01-21,30.72362937922101
2006-01-22,30.333597185806596
2006-01-23,29.93381912620379
2006-01-24,29.524295199313038
2006-01-25,29.10502540669577
2006-01-26,28.67600974393075
2006-01-27,28.23724821669631
2006-01-28,27.788740820482097
2006-01-29,27.3304875589042
2006-01-30,26.822269931655555
2006-01-31,26.26408794023202
2006-02-01,25.655941584283934
2006-02-02,25.04552965941076
2006-02-03,24.43285215867129
2006-02-04,23.817909086334367
2006-02-05,23.20070044119598
2006-02-06,22.73673081007903
2006-02-07,22.426000189476028
2006-02-08,22.268508581341273
2006-02-09,22.264255982853456
2006-02-10,22.41324239898111
2006-02-11,22.715467825995013
2006-02-12,23.170932264603277
2006-02-13,23.17839779952482
2006-02-14,22.73786443274411
2006-02-15,21.84933216359943
2006-02-16,20.512800992419614
2006-02-17,18.728270916770306
2006-02-18,16.49574193846226
2006-02-19,13.815214055821729
2006-02-20,13.011289085439978
2006-02-21,14.08396702510327
2006-02-22,17.03324787353357
2006-02-23,21.859131633216926
2006-02-24,28.561618305237353
2006-02-25,37.14070788990998
2006-02-26,47.596400386015645
2006-02-27,55.12357325198514
2006-02-28,59.7222264914693
2006-03-01,61.39236010322438
2006-03-02,60.08940342378668
2006-03-03,55.8133564506179
2006-03-04,48.56421918547669
2006-03-05,38.341991626740636
2006-03-06,30.09533635325024
2006-03-07,23.82425335980498
2006-03-08,19.52874264575693
2006-03-09,17.20880421520812
2006-03-10,16.864438064852735
2006-03-11,18.4956441939038
2006-03-12,22.10242260472644
2006-03-13,24.624528807424255
2006-03-14,26.061962806653288
2006-03-15,26.414724600421426
2006-03-16,25.682814186938376
2006-03-17,23.86623156825991
2006-03-18,20.964976744436292
2006-03-19,16.979049712717018
2006-03-20,15.400674385525825
2006-03-21,16.229850758865233
2006-03-22,19.466578834086683
2006-03-23,25.110858614237323
2006-03-24,33.16269009679784
2006-03-25,43.62207328299437
2006-03-26,56.48900817503872
2006-03-27,65.66319087081038
2006-03-28,71.14462137506865
2006-03-29,72.93329968579043
2006-03-30,71.0292258009073
2006-03-31,65.43239972354209
2006-04-01,56.14282145260531
2006-04-02,43.15730000387052
2006-04-03,32.412739317291944
2006-04-04,23.909139390710315
2006-04-05,17.646500225306013
2006-04-06,13.62482182020467
2006-04-07,11.844104171718332
2006-04-08,12.304347285318892
2006-04-09,15.00555115575537
2006-04-10,17.29291667611798
2006-04-11,19.16644384463938
2006-04-12,20.62613266330265
2006-04-13,21.671983130455445
2006-04-14,22.30399524790208
2006-04-15,22.522169013299347
2006-04-16,22.326504430958607
2006-04-17,21.486268644713533
2006-04-18,20.00146165990072
2006-04-19,17.872083471895372
2006-04-20,15.098134083694429
2006-04-21,11.679613492856143
2006-04-22,7.6165216995782945
2006-04-23,2.9088587025312584
2006-04-24,1.1631966272217156
2006-04-25,2.3795354681036365
2006-04-26,6.557875228064223
2006-04-27,13.698215907323345
2006-04-28,23.80055750719904
2006-04-29,36.86490002878406
2006-04-30,52.89124347299037
2006-05-01,63.87229326317106
2006-05-02,69.88234579696072
2006-05-03,70.92140107305858
2006-05-04,66.98945908974392
2006-05-05,58.08651984743926
2006-05-06,44.21258334646926
2006-05-07,25.367649582749916
2006-05-08,11.057988783739997
2006-05-09,1.2836009436795308
2006-05-10,-3.9555139361699325
2006-05-11,-4.659355855468089
2006-05-12,-0.8279248158261261
2006-05-13,7.538779182657841
2006-05-14,20.44075614392758
2006-05-15,31.17015071846337
2006-05-16,39.72696290833363
2006-05-17,46.11119271637413
2006-05-18,50.322840141412385
2006-05-19,52.361905182788824
2006-05-20,52.228387844289614
2006-05-21,49.92228812096164
2006-05-22,47.142314273467605
2006-05-23,43.88846630413977
2006-05-24,40.16074420752133
2006-05-25,35.95914798649828
2006-05-26,31.283677638929404
2006-05-27,26.134333165484154
2006-05-28,20.511114567452413
2006-05-29,16.106430400719827
2006-05-30,12.920280663209311
2006-05-31,10.952665359333075
2006-06-01,10.20358448539911
2006-06-02,10.572990979684503
2006-06-03,12.06088483713071
2006-06-04,14.667266060894688
2006-06-05,16.882450296972138
2006-06-06,18.706437543756245
2006-06-07,20.139227801211455
2006-06-08,21.180821068359435
2006-06-09,21.831217345340455
2006-06-10,22.090416636383708
2006-06-11,21.958418938408826
2006-06-12,22.05320493797319
2006-06-13,22.374774635421996
2006-06-14,22.923128031893707
2006-06-15,23.698265127685882
2006-06-16,24.700185923523645
2006-06-17,25.928890415758538
2006-06-18,27.384378607140864
2006-06-19,28.027164518931603
2006-06-20,27.85724815039906
2006-06-21,26.874629501155166
2006-06-22,25.079308569243814
2006-06-23,22.47128535513534
2006-06-24,19.0505598623923
2006-06-25,14.817132087614418
2006-06-26,13.440901010976
2006-06-27,14.921866633958741
2006-06-28,19.260028954937468
2006-06-29,26.455387976092076
2006-06-30,36.50794369946453
2006-07-01,49.41769612208456
2006-07-02,65.23348357933915
2006-07-03,76.4512807857006
2006-07-04,83.07108774082019
2006-07-05,85.09290444736436
2006-07-06,82.51673090545096
2006-07-07,75.34256711122941
2006-07-08,63.57041307068322
2006-07-09,47.200268775778504
2006-07-10,33.73187343485516
2006-07-11,23.165227045956478
2006-07-12,15.500329605342174
2006-07-13,10.737181113802707
2006-07-14,8.875781573515399
2006-07-15,9.916130979924507
2006-07-16,13.858229335883218
2006-07-17,17.054143831535615
2006-07-18,19.503874465725907
2006-07-19,21.207421243590858
2006-07-20,22.164784162606797
2006-07-21,22.375963219768472
2006-07-22,21.840958419763737
2006-07-23,20.559769758636264
2006-07-24,19.48555884408902
2006-07-25,18.61832567053735
2006-07-26,17.958070238847373
2006-07-27,17.504792550574443
2006-07-28,17.258492606855324
2006-07-29,17.219170403397534
2006-07-30,17.386825943393134
2006-07-31,17.47760042282436
2006-08-01,17.491493841208452
2006-08-02,17.451090309073933
2006-08-03,17.35638982829083
2006-08-04,17.207392394848398
2006-08-05,17.004098011634156
2006-08-06,16.746506676484927
2006-08-07,16.652374356138687
2006-08-08,16.72170104752421
2006-08-09,16.954486752005188
2006-08-10,17.350731466809385
2006-08-11,17.91043519647249
2006-08-12,18.633597938279827
2006-08-13,19.520219695311567
2006-08-14,19.955915914001935
2006-08-15,19.940686597491478
2006-08-16,19.474531745715787
2006-08-17,18.557451356803323
2006-08-18,17.189445432980033
2006-08-19,15.370513971692649
2006-08-20,13.100656974005659
2006-08-21,12.696454743193742
2006-08-22,14.15790727771741
2006-08-23,17.48501457920925
2006-08-24,22.677776646955113
2006-08-25,29.73619348195066
2006-08-26,38.66026508611913
2006-08-27,49.44999145645833
2006-08-28,57.34648542395007
2006-08-29,62.34974698806364
2006-08-30,64.45977614987858
2006-08-31,63.67657290895822
2006-09-01,60.000137264661
2006-09-02,53.34205270734557
2006-09-03,43.70231923962885
2006-09-04,35.84690004695195
2006-09-05,29.775795131852888
2006-09-06,25.48900448969945
2006-09-07,22.986528122826027
2006-09-08,22.268366030297262
2006-09-09,23.334518213675185
2006-09-10,26.18498466950484
2006-09-11,28.46692051794697
2006-09-12,30.180325756911504
2006-09-13,31.325200390165847
2006-09-14,31.901544415345885
2006-09-15,31.909357831072708
2006-09-16,31.3486406398276
2006-09-17,30.21939284174623
2006-09-18,29.278514360982168
2006-09-19,28.526005199732236
2006-09-20,27.96186535825266
2006-09-21,27.58609483423429
2006-09-22,27.398693628732467
2006-09-23,27.399661742378026
2006-09-24,27.58899917485051
2006-09-25,27.197338611410057
2006-09-26,26.224680050977355
2006-09-27,24.67102349168806
2006-09-28,22.536368938033096
2006-09-29,19.820716387010318
2006-09-30,16.52406583869665
2006-10-01,12.646417293464346
2006-10-02,10.721841007941078
2006-10-03,10.750336985119192
2006-10-04,12.731905225887457
2006-10-05,16.666545726631192
2006-10-06,22.55425848808414
2006-10-07,30.395043514325916
2006-10-08,40.188900801142424
2006-10-09,47.101340944456815
2006-10-10,51.13236394265932
2006-10-11,52.28196979410302
2006-10-12,50.550158500467234
2006-10-13,45.93693006508152
2006-10-14,38.44228448105359
2006-10-15,28.066221753145737
2006-10-16,19.238680030065368
2006-10-17,11.959659311474518
2006-10-18,6.229159599308961
2006-10-19,2.0471808911769607
2006-10-20,-0.5862768168096402
2006-10-21,-1.6712135193450486
2006-10-22,-1.207629219611821
2006-10-23,0.4610610287563084
2006-10-24,3.3348572286367038
2006-10-25,7.413759375783663
2006-10-26,12.69776747178792
2006-10-27,19.186881522692982
2006-10-28,26.881101522611793
2006-10-29,35.780427473574406
2006-10-30,42.257393182141854
2006-10-31,46.31199864681626
2006-11-01,47.94424387165145
2006-11-02,47.07545953686666
2006-11-03,43.70564563863442
2006-11-04,37.83480217951866
2006-11-05,29.462929160777087
2006-11-06,22.643494697419797
2006-11-07,17.376498790960262
2006-11-08,13.661941437613152
2006-11-09,11.499822639272722
2006-11-10,10.890142396046288
2006-11-11,11.832900708111765
2006-11-12,14.328097572623689
2006-11-13,16.53588819050261
2006-11-14,18.45627256244011
2006-11-15,20.089250687575102
2006-11-16,21.43482256693038
2006-11-17,22.492988200361946
2006-11-18,23.263747586830767
2006-11-19,23.747100728497884
2006-11-20,23.72785765770299
2006-11-21,23.206018372969826
2006-11-22,22.18158287809819
2006-11-23,20.654551169389983
2006-11-24,18.62492324853921
2006-11-25,16.09269911386473
2006-11-26,13.057878767435922
2006-11-27,11.821669702543266
2006-11-28,12.38407192151482
2006-11-29,38.61765668521456
2006-11-30,18.904710203351158
2006-12-01,24.862946270145063
2006-12-02,32.64564871348783
2006-12-03,42.25281753512948
2006-12-04,49.218041460186484
2006-12-05,53.54132048793389
2006-12-06,55.22265462221928
2006-12-07,54.26204386225493
2006-12-08,50.659488205526095
2006-12-09,44.41498765327422
2006-12-10,35.528542204535654
2006-12-11,28.248027308675233
2006-12-12,22.57344296752263
2006-12-13,18.504789177572732
2006-12-14,16.04206593782638
2006-12-15,15.185273253234179
2006-12-16,15.934411118934936
2006-12-17,18.289479534621236
2006-12-18,20.216675276763826
2006-12-19,21.715998343281314
2006-12-20,22.787448732935385
2006-12-21,23.431026448143793
2006-12-22,23.646731487525614
2006-12-23,23.4345638525916
2006-12-24,22.794523541611884
2006-12-25,22.33618148581313
2006-12-26,22.059537688225106
2006-12-27,21.964592143295143
2006-12-28,22.05134485543877
2006-12-29,22.319795823188358
2006-12-30,22.769945044468137
2006-12-31,23.401792522118054
2007-01-01,23.734661394110752
2007-01-02,23.757984795444184
2007-01-03,23.471762731713987
2007-01-04,22.875995196267915
2007-01-05,21.970682192152633
2007-01-06,20.755823719992314
2007-01-07,19.231419780942623
2007-01-08,18.770691497401383
2007-01-09,19.373638871631144
2007-01-10,21.04026190096335
2007-01-11,23.770560589590254
2007-01-12,27.564534936395752
2007-01-13,32.422184939569206
2007-01-14,38.34351060002224
2007-01-15,43.543861919649785
2007-01-16,48.023238896006795
2007-01-17,51.781641529209274
2007-01-18,54.819069818033775
2007-01-19,57.13552376558854
2007-01-20,58.731003372030294
2007-01-21,59.60550863627571
2007-01-22,59.04645232516039
2007-01-23,57.05383443841008
2007-01-24,53.6276549769872
2007-01-25,48.76791394275374
2007-01-26,42.47461133008438
2007-01-27,34.747747141678225
2007-01-28,25.587321375727317
2007-01-29,19.425286738460024
2007-01-30,16.261643229779338
2007-01-31,16.096390848570135
2007-02-01,18.929529594374515
2007-02-02,24.77876363602747
2007-02-03,33.64409297572327
2007-02-04,45.5255176126986
2007-02-05,54.17124265454778
2007-02-06,59.581268104652885
2007-02-07,61.755593963643804
2007-02-08,60.69422022954281
2007-02-09,56.39714690203756
2007-02-10,48.864373981930235
2007-02-11,38.0959014687573
2007-02-12,29.27119934369545
2007-02-13,22.39026760463205
2007-02-14,17.45310625314412
2007-02-15,14.459715285342048
2007-02-16,13.410094705811947
2007-02-17,14.304244509763304
2007-02-18,17.142164699051698
2007-02-19,19.49098424058912
2007-02-20,21.350703136608367
2007-02-21,22.721321382047137
2007-02-22,23.602838983231248
2007-02-23,23.995255933616512
2007-02-24,23.898572239852374
2007-02-25,23.312787898158142
2007-02-26,22.867143363009568
2007-02-27,22.56163863538305
2007-02-28,22.396273717217063
2007-03-01,22.371048604607267
2007-03-02,22.485628035200435
2007-03-03,22.740012007764843
2007-03-04,23.134200521036227
2007-03-05,23.50544773214336
2007-03-06,23.853753642869787
2007-03-07,24.179118247481178
2007-03-08,24.481541552341447
2007-03-09,24.76102355369659
2007-03-10,25.01756425258155
2007-03-11,25.251163650587657
2007-03-12,25.503907902245956
2007-03-13,25.775797008091537
2007-03-14,26.066830970912335
2007-03-15,26.377009788101674
2007-03-16,26.706333459577
2007-03-17,27.054801986855402
2007-03-18,27.422415368010043
2007-03-19,27.798314047908335
2007-03-20,28.182498030257943
2007-03-21,28.574967308941744
2007-03-22,28.975721888837256
2007-03-23,29.38476176837537
2007-03-24,29.802086945743014
2007-03-25,30.22769742453201
2007-03-26,30.66430271487756
2007-03-27,31.111902813081795
2007-03-28,31.570497722943713
2007-03-29,32.040087443132286
2007-03-30,32.52067197497021
2007-03-31,33.01225131879871
2007-04-01,33.51482547222624
2007-04-02,33.97057609157253
2007-04-03,34.37950317910376
2007-04-04,34.74160673307507
2007-04-05,35.056886755793215
2007-04-06,35.32534324349406
2007-04-07,35.54697619675561
2007-04-08,35.72178561929756
2007-04-09,35.84837034936609
2007-04-10,35.92673038651229
2007-04-11,35.9568657307944
2007-04-12,35.93877638370806
2007-04-13,35.87246234562674
2007-04-14,35.75792361605809
2007-04-15,35.595160193294305
2007-04-16,35.3902690339631
2007-04-17,35.14325014188061
2007-04-18,34.8541035157593
2007-04-19,34.522829153985356
2007-04-20,34.14942705644289
2007-04-21,33.73389722340606
2007-04-22,33.27623965773469
2007-04-23,32.752705567465966
2007-04-24,32.16329495183582
2007-04-25,31.508007813011755
2007-04-26,30.78684414809107
2007-04-27,29.999803962041504
2007-04-28,29.14688725070095
2007-04-29,28.22809401329401
2007-04-30,27.335291049130984
2007-05-01,26.468478357209612
2007-05-02,25.710793373225982
2007-05-03,25.062236097772868
2007-05-04,24.522806527233584
2007-05-05,24.0925046659816
2007-05-06,23.771330513246753
2007-05-07,23.204082322366034
2007-05-08,22.39076009383635
2007-05-09,21.33136382715779
2007-05-10,20.02589352125699
2007-05-11,18.47434918163745
2007-05-12,16.676730801179183
2007-05-13,14.633038380967935
2007-05-14,13.71661232864899
2007-05-15,13.927452639763377
2007-05-16,15.265559315234201
2007-05-17,17.730932357135835
2007-05-18,21.32357176157609
2007-05-19,26.04347753476483
2007-05-20,31.890649672045342
2007-05-21,36.732535993816214
2007-05-22,40.5691365030071
2007-05-23,43.40045119816631
2007-05-24,45.226480077627095
2007-05-25,46.047223146252456
2007-05-26,45.86268040003811
2007-05-27,44.67285184247483
2007-05-28,44.144141756748056
2007-05-29,44.27655014440312
2007-05-30,45.070077003821666
2007-05-31,46.524722338415486
2007-06-01,48.64048614425559
2007-06-02,51.36262917644265
2007-06-03,54.691151430095594
2007-06-04,56.369601175067174
2007-06-05,56.397978412328115
2007-06-06,54.7762831406101
2007-06-07,51.50451535693623
2007-06-08,46.5826750645774
2007-06-09,40.01076226138236
2007-06-10,31.788776949751828
2007-06-11,24.872882816877873
2007-06-12,19.263079859985485
2007-06-13,14.959368083853356
2007-06-14,11.961747487445887
2007-06-15,10.270218067520446
2007-06-16,9.884779825183426
2007-06-17,34.67800402339072
2007-06-18,11.725763008298173
2007-06-19,12.645770575892769
2007-06-20,13.565455455114837
2007-06-21,14.484817647983947
2007-06-22,15.403857157147566
2007-06-23,16.322573982727654
2007-06-24,17.240968123669816
2007-06-25,17.59325475611899
2007-06-26,17.379433881235855
2007-06-27,16.59950550059783
2007-06-28,15.253469613313712
2007-06-29,13.3413262203252
2007-06-30,10.863075317655968
2007-07-01,7.8187169085917745
2007-07-02,6.603204070773103
2007-07-03,7.216536801949028
2007-07-04,9.658715104060605
2007-07-05,13.929738974832969
2007-07-06,20.029608417055666
2007-07-07,27.95832343084199
2007-07-08,37.715884016025385
2007-07-09,44.27982843634642
2007-07-10,47.65015669320458
2007-07-11,47.82686878834173
2007-07-12,44.80996471855205
2007-07-13,38.59944448587002
2007-07-14,29.195308087464497
2007-07-15,16.59755552427332
2007-07-16,7.9838976418218515
2007-07-17,3.354334440734565
2007-07-18,2.708865915618226
2007-07-19,6.047492072099242
2007-07-20,13.37021290798122
2007-07-21,24.677028424055948
2007-07-22,39.96793862188153
2007-07-23,50.83181295114577
2007-07-24,57.268651414425975
2007-07-25,59.2784540138623
2007-07-26,56.86122074688305
2007-07-27,50.0169516131388
2007-07-28,38.74564661325563
2007-07-29,23.04730574787679
2007-07-30,11.467242865547988
2007-07-31,4.005457969024956
2007-08-01,0.6619510565369424
2007-08-02,15.935332734597413
2007-08-03,6.317841874740694
2007-08-04,15.317239606994931
2007-08-05,28.430938887336143
2007-08-06,38.02102911369466
2007-08-07,44.08751028530105
2007-08-08,46.63038240378668
2007-08-09,45.649645467823696
2007-08-10,41.14529947674653
2007-08-11,33.117344432819564
2007-08-12,21.565780334322653
2007-08-13,13.371664900420846
2007-08-14,8.53499813240017
2007-08-15,7.055780027061344
2007-08-16,8.934010586288867
2007-08-17,14.169689810802707
2007-08-18,22.762817699416708
2007-08-19,34.71339425301852
2007-08-20,43.60879683813128
2007-08-21,49.449025452913254
2007-08-22,52.23408009888438
2007-08-23,51.96396077623177
2007-08-24,48.63866748393859
2007-08-25,42.258200224210846
2007-08-26,32.822558995183776
2007-08-27,25.163991099721912
2007-08-28,19.282496541389605
2007-08-29,15.178075315901104
2007-08-30,12.850727423851184
2007-08-31,12.300452866880386
2007-09-01,13.527251643702384
2007-09-02,16.492560969862843
2007-09-03,18.97902146387041
2007-09-04,20.986633123093462
2007-09-05,22.51539594889286
2007-09-06,23.56530994152498
2007-09-07,24.13637510073972
2007-09-08,24.228591425609224
2007-09-09,23.841958917416154
2007-09-10,23.52315837465749
2007-09-11,23.272189792601893
2007-09-12,23.089053176894346
2007-09-13,22.97374852271266
2007-09-14,22.92627583084075
2007-09-15,22.94663510595733
2007-09-16,23.03482634250708
2007-09-17,23.15315064054315
2007-09-18,23.301608003475692
2007-09-19,23.480198429106725
2007-09-20,23.688921916838932
2007-09-21,23.9277784695824
2007-09-22,24.196768082321547
2007-09-23,24.49589075975545
2007-09-24,24.433973668503263
2007-09-25,24.01101680340228
2007-09-26,23.227020171589636
2007-09-27,22.081983768583925
2007-09-28,20.57590759403953
2007-09-29,18.70879165099492
2007-09-30,16.480635936184715
2007-10-01,15.542727287621956
2007-10-02,15.931806702805684
2007-10-03,17.647874179274087
2007-10-04,20.69092971926296
2007-10-05,25.060973322408085
2007-10-06,30.75800499026727
2007-10-07,37.78202472199531
2007-10-08,42.71498783074653
2007-10-09,45.55689431744359
2007-10-10,46.307744184886474
2007-10-11,44.96753742874287
2007-10-12,41.536274051040365
2007-10-13,36.01395405040961
2007-10-14,28.400577427037852
2007-10-15,22.13726962850533
2007-10-16,17.224030649611986
2007-10-17,13.660860492727306
2007-10-18,11.447759158667031
2007-10-19,10.584726645313447
2007-10-20,11.071762954114652
2007-10-21,12.90886808294082
2007-10-22,14.326466304525308
2007-10-23,15.324557621061118
2007-10-24,15.903142028409347
2007-10-25,16.062219528854587
2007-10-26,15.801790122051653
2007-10-27,15.121853807142111
2007-10-28,14.022410587227393
2007-10-29,12.96517049845845
2007-10-30,11.95013353821979
2007-10-31,10.97729971057069
2007-11-01,10.0466690125993
2007-11-02,9.157861292297225
2007-11-03,30.393004969048434
2007-11-04,7.505714783243546
2007-11-05,7.7903689748710025
2007-11-06,9.164839131602058
2007-11-07,11.629125248731953
2007-11-08,15.18322732609529
2007-11-09,19.827145365719684
2007-11-10,25.560879367225382
2007-11-11,32.38442933006032
2007-11-12,37.22183229914163
2007-11-13,40.073088271094974
2007-11-14,40.93819724760444
2007-11-15,39.81715922966102
2007-11-16,36.70997421775803
2007-11-17,31.616642209109074
2007-11-18,24.5371632052274
2007-11-19,18.831147223240066
2007-11-20,14.498594266250027
2007-11-21,11.539504333014701
2007-11-22,9.953877423257056
2007-11-23,9.741713535460008
2007-11-24,10.903012669663596
2007-11-25,13.437774825774971
2007-11-26,15.238639550609108
2007-11-27,16.305606843377852
2007-11-28,16.638676702751678
2007-11-29,16.23784912999745
2007-11-30,15.103124124558999
2007-12-01,13.234501686684572
2007-12-02,10.600506491305485
2007-12-03,9.642701094242737
2007-12-04,10.36108549644997
2007-12-05,12.755659700403125
2007-12-06,16.826423704136097
2007-12-07,22.573377508742784
2007-12-08,29.99652111478691
2007-12-09,39.09585452216123
2007-12-10,45.62517887302529
2007-12-11,49.584494167054814
2007-12-12,50.97380040339307
2007-12-13,49.79309758355011
2007-12-14,46.04238570847139
2007-12-15,39.72166477344781
2007-12-16,30.830934782606157
2007-12-17,23.2905447206185
2007-12-18,17.100494586156685
2007-12-19,12.260784382276611
2007-12-20,8.771414106399728
2007-12-21,6.632383757036749
2007-12-22,5.843693335704346
2007-12-23,6.405342842432649
2007-12-24,7.545750314517191
2007-12-25,9.264915749219991
2007-12-26,11.562839148802212
2007-12-27,14.439520511678452
2007-12-28,17.894959842082354
2007-12-29,21.929157137787872
2007-12-30,26.542112396420208
2007-12-31,30.684215351245374
2008-01-01,34.355466005095366
2008-01-02,37.62170074039339
2008-01-03,40.48291955990749
2008-01-04,42.939122463284995
2008-01-05,44.99030945184546
2008-01-06,46.6364805260686
2008-01-07,47.42194787745852
2008-01-08,47.34671150267336
2008-01-09,46.41077140723071
2008-01-10,44.61412758833004
2008-01-11,41.95678004656829
2008-01-12,38.438728779546054
2008-01-13,34.0599737873427
2008-01-14,31.024665719845423
2008-01-15,47.63510921397527
2008-01-16,28.984390356826754
2008-01-17,29.97942305878001
2008-01-18,32.317902684801396
2008-01-19,35.99982923419613
2008-01-20,41.02520270837324
2008-01-21,43.99372203930389
2008-01-22,44.90538722787045
2008-01-23,43.760198274792565
2008-01-24,40.55815517778443
2008-01-25,35.299257939322644
2008-01-26,27.9835065574927
2008-01-27,18.61090103092566
2008-01-28,12.127546672275173
2008-01-29,8.533443480296398
2008-01-30,7.828591454451654
2008-01-31,10.012990595645649
2008-02-01,15.08664090489818
2008-02-02,22.92776761747215
2008-02-03,33.53637073798341
2008-02-04,41.49013878167512
2008-02-05,46.789071749621094
2008-02-06,49.43316964352572
2008-02-07,49.42243246287369
2008-02-08,46.75686020618298
2008-02-09,41.43645287739443
2008-02-10,33.46121047137865
2008-02-11,26.615386908069084
2008-02-12,20.898982185247498
2008-02-13,16.311996298731465
2008-02-14,12.854429252843065
2008-02-15,10.526281045699955
2008-02-16,9.327551676674892
2008-02-17,9.258241145280827
2008-02-18,9.989651182487291
2008-02-19,11.5217817847546
2008-02-20,13.854632959291289
2008-02-21,16.988204700871734
2008-02-22,20.922497011079027
2008-02-23,25.657509890656463
2008-02-24,31.193243338932497
2008-02-25,35.255229807043946
2008-02-26,37.84346929687443
2008-02-27,38.95796180347621
2008-02-28,38.5987073291753
2008-02-29,36.76570587495708
2008-03-01,33.45895744070924
2008-03-02,28.85345831423044
2008-03-03,25.18206420007109
2008-03-04,22.44477509970333
2008-03-05,20.641591015166057
2008-03-06,19.772511946698593
2008-03-07,19.837537889117826
2008-03-08,20.836668846588466
2008-03-09,22.76990481739086
2008-03-10,24.175408921422473
2008-03-11,25.053181158050876
2008-03-12,25.403221527011972
2008-03-13,25.22553002719185
2008-03-14,24.520106661325762
2008-03-15,23.286951426639177
2008-03-16,21.526064325694293
2008-03-17,20.282465276125478
2008-03-18,19.556154277308096
2008-03-19,19.34713132878919
2008-03-20,19.655396432275076
2008-03-21,20.48094958531322
2008-03-22,21.823790790282466
2008-03-23,23.683920045140695
2008-03-24,25.41543538256363
2008-03-25,27.0183368010242
2008-03-26,28.492624302086337
2008-03-27,29.838297884957388
2008-03-28,31.05535754941677
2008-03-29,32.143803296366855
2008-03-30,33.1036351277281
2008-03-31,33.30292619415299
2008-04-01,32.741676496746635
2008-04-02,31.238255837155062
2008-04-03,28.79266421532989
2008-04-04,25.404901631865375
2008-04-05,21.074968087649605
2008-04-06,15.802863578710195
2008-04-07,12.49716313681231
2008-04-08,11.157866762374791
2008-04-09,11.78497445364701
2008-04-10,14.378486214497169
2008-04-11,18.93840203983377
2008-04-12,25.464721933363805
2008-04-13,33.95744589556527
2008-04-14,40.88474623226098
2008-04-15,46.24662294291296
2008-04-16,50.043076030951504
2008-04-17,52.27410549102033
2008-04-18,52.93971132942512
2008-04-19,52.03989354405588
2008-04-20,49.574652134619036
2008-04-21,46.63033652380758
2008-04-22,43.20694671152317
2008-04-23,61.92833485014278
2008-04-24,34.92294448340235
2008-04-25,30.062332065026098
2008-04-26,24.72264544501857
2008-04-27,18.903884620047094
2008-04-28,14.606910530508493
2008-04-29,11.831723173647799
2008-04-30,10.578322549872302
2008-05-01,10.846708656927916
2008-05-02,12.776643828936578
2008-05-03,16.368128060887326
2008-05-04,21.62116135899085
2008-05-05,26.294775147779287
2008-05-06,30.38896943300892
2008-05-07,33.90374421266917
2008-05-08,36.83909948718136
2008-05-09,39.19503525670163
2008-05-10,40.97155152347146
2008-05-11,42.168648282025465
2008-05-12,42.89558376349276
2008-05-13,43.15235796183616
2008-05-14,42.93897087955172
2008-05-15,42.25542251564399
2008-05-16,41.10171287105189
2008-05-17,39.477841944829564
2008-05-18,37.38380973805869
2008-05-19,34.65136527746205
2008-05-20,31.280508563001128
2008-05-21,27.27123959764361
2008-05-22,22.62355837772989
2008-05-23,17.337464904769412
2008-05-24,11.412959175503556
2008-05-25,4.850041190981294
2008-05-26,0.8227302023339504
2008-05-27,-0.6689737933515403
2008-05-28,0.3749292035196987
2008-05-29,3.9544391954649107
2008-05-30,10.069556180795558
2008-05-31,18.720280161214124
2008-06-01,29.90661113840949
2008-06-02,38.23975836056461
2008-06-03,43.71972182936588
2008-06-04,46.346501546334686
2008-06-05,46.120097509326506
2008-06-06,43.04050972196694
2008-06-07,37.10773818000622
2008-06-08,28.32178288493106
2008-06-09,20.93607634695648
2008-06-10,14.950618564817624
2008-06-11,10.365409535615282
2008-06-12,7.180449263085045
2008-06-13,5.395737741904233
2008-06-14,5.01127497838381
2008-06-15,6.027060967289231
2008-06-16,7.916365972377157
2008-06-17,10.67918999410819
2008-06-18,14.31553303433392
2008-06-19,18.82539509044488
2008-06-20,24.208776166659906
2008-06-21,30.465676259893495
2008-06-22,37.59609537193891
2008-06-23,43.458502903608725
2008-06-24,48.05289885386914
2008-06-25,51.37928322325399
2008-06-26,53.43765601466802
2008-06-27,54.228017224062825
2008-06-28,53.75036685617298
2008-06-29,52.00470490609074
2008-06-30,49.81482113812786
2008-07-01,47.18071555086125
2008-07-02,44.11761084828287
2008-07-03,40.62550702450326
2008-07-04,36.704404084094485
2008-07-05,32.3543020238068
2008-07-06,27.575200844666618
2008-07-07,23.68314288431955
2008-07-08,20.678128146050774
2008-07-09,18.560156626309265
2008-07-10,17.329228326285335
2008-07-11,16.985343244374086
2008-07-12,17.528501381875714
2008-07-13,18.958702739570253
2008-07-14,20.130043936282863
2008-07-15,21.042524969214348
2008-07-16,21.696145840592646
2008-07-17,22.09090655022142
2008-07-18,22.226807098607036
2008-07-19,22.103847486043048
2008-07-20,21.722027710607065
2008-07-21,21.51010228933881
2008-07-22,21.468071227719054
2008-07-23,21.595934519976144
2008-07-24,21.893692168906583
2008-07-25,22.36134417422754
2008-07-26,22.99889053375609
2008-07-27,23.806331251519907
2008-07-28,24.160957318287196
2008-07-29,24.062768731425603
2008-07-30,23.51176549551546
2008-07-31,22.507947608493488
2008-08-01,21.051315068455388
2008-08-02,19.11212203530726
2008-08-03,16.690368505922333
2008-08-04,15.925974622847146
2008-08-05,16.818940385184924
2008-08-06,19.369265794038732
2008-08-07,23.57695084756737
2008-08-08,29.44199554729352
2008-08-09,36.96439989498592
2008-08-10,46.144163890186206
2008-08-11,52.67345673245431
2008-08-12,56.552278423406705
2008-08-13,57.78062896167614
2008-08-14,56.35850835146681
2008-08-15,52.28591658848172
2008-08-16,45.56285367240032
2008-08-17,36.18931960397424
2008-08-18,28.105303950139735
2008-08-19,21.310806707674608
2008-08-20,15.805827876882265
2008-08-21,11.59036745671765
2008-08-22,8.664425447877681
2008-08-23,7.028001850958512
2008-08-24,6.681096663707171
2008-08-25,7.368976071293954
2008-08-26,9.091640074623779
2008-08-27,11.849088673117812
2008-08-28,15.641321869550378
2008-08-29,20.468339660372326
2008-08-30,26.33014204778019
2008-08-31,33.226729035214206
2008-09-01,37.6611566344657
2008-09-02,39.726452424916715
2008-09-03,39.42261640537022
2008-09-04,36.74964857524246
2008-09-05,31.707548936829543
2008-09-06,24.2963174878614
2008-09-07,14.515954224903567
2008-09-08,7.179388771942371
2008-09-09,2.286621125526743
2008-09-10,-0.16234871509734106
2008-09-11,-0.16752074828604435
2008-09-12,2.271105023873119
2008-09-13,7.153528602304007
2008-09-14,14.479749988904448
2008-09-15,20.992799134211957
2008-09-16,26.692676037801984
2008-09-17,31.579380703028697
2008-09-18,35.65291312788193
2008-09-19,38.91327331381531
2008-09-20,41.36046126186339
2008-09-21,42.99447697150345
2008-09-22,43.42866789347988
2008-09-23,42.66303402931967
2008-09-24,40.69757537900631
2008-09-25,37.53229194134241
2008-09-26,33.167183716349
2008-09-27,27.60225070312634
2008-09-28,20.837492901509084
2008-09-29,15.487961985779975
2008-09-30,11.553657953165978
2008-10-01,9.034580804836892
2008-10-02,7.821343212333549
2008-10-03,7.913945174928369
2008-10-04,9.312386691699992
2008-10-05,12.0166677637917
2008-10-06,14.3286579744324
2008-10-07,16.24835732422926
2008-10-08,17.77576581438384
2008-10-09,18.91088344375015
2008-10-10,19.65371021081664
2008-10-11,20.004246119338077
2008-10-12,19.962491167464712
2008-10-13,19.93983908535099
2008-10-14,19.93628987567881
2008-10-15,19.951843535745105
2008-10-16,19.98650006552718
2008-10-17,20.04025946915748
2008-10-18,20.113121740799393
2008-10-19,20.205086885279954
2008-10-20,20.31728617542795
2008-10-21,20.44971961340911
2008-10-22,20.602387197861617
2008-10-23,20.775288930537034
2008-10-24,20.96842480852733
2008-10-25,21.181794834845427
2008-10-26,21.415399006575278
2008-10-27,21.253177080271527
2008-10-28,20.695129051602322
2008-10-29,19.741254924185675
2008-10-30,18.391554696427683
2008-10-31,16.64602836895589
2008-11-01,14.504675939352069
2008-11-02,12.042953518385412
2008-11-03,10.975978348212209
2008-11-04,11.30375043195266
2008-11-05,13.0262697647179
2008-11-06,16.143536349998975
2008-11-07,20.655550190007595
2008-11-08,26.562311280407926
2008-11-09,33.86381962391208
2008-11-10,39.00741903945594
2008-11-11,41.9931095207778
2008-11-12,42.82089107450983
2008-11-13,41.49076369935976
2008-11-14,38.00272739199586
2008-11-15,32.3567821550985
2008-11-16,24.55292798754598
2008-11-17,18.21232776644669
2008-11-18,13.334981491758423
2008-11-19,9.920889161289924
2008-11-20,7.970050776842946
2008-11-21,7.482466336209644
2008-11-22,8.458135841252506
2008-11-23,10.897059290620511
2008-11-24,12.733022637791077
2008-11-25,13.966025882212126
2008-11-26,14.596069023281885
2008-11-27,14.623152064630736
2008-11-28,14.047275002778855
2008-11-29,12.868437837338652
2008-11-30,11.086640570608106
2008-12-01,10.497711062136275
2008-12-02,11.0458355461392
2008-12-03,12.731014020084274
2008-12-04,15.553246486317361
2008-12-05,19.512532944408726
2008-12-06,24.608873396801
2008-12-07,30.84226784156856
2008-12-08,35.308632149435866
2008-12-09,38.007966320515486
2008-12-10,38.94027035817618
2008-12-11,38.105544260099876
2008-12-12,35.50378802620807
2008-12-13,31.1350016543513
2008-12-14,24.999185146826512
2008-12-15,19.967382424912273
2008-12-16,16.03959348387039
2008-12-17,13.215818326773572
2008-12-18,11.496056947954056
2008-12-19,10.880309353311404
2008-12-20,11.368575541667454
2008-12-21,12.960855511873055
2008-12-22,14.030652477772977
2008-12-23,14.57796644404019
2008-12-24,14.602797405274824
2008-12-25,14.105145369964735
2008-12-26,13.085010329947654
2008-12-27,11.542392286617417
2008-12-28,9.477291241863732
2008-12-29,8.290470762786644
2008-12-30,7.9819308483242075
2008-12-31,8.551671499090322
2009-01-01,9.999692712489896
2009-01-02,12.376641822675229
2009-01-03,15.682518829833533
2009-01-04,19.917323731434568
2009-01-05,23.306195159119454
2009-01-06,25.849133115755677
2009-01-07,27.546137598532823
2009-01-08,28.397208609489315
2009-01-09,28.402346148222314
2009-01-10,27.561550212713705
2009-01-11,25.874820808132856
2009-01-12,24.63746997192136
2009-01-13,23.849497703636562
2009-01-14,23.51090400293777
2009-01-15,23.621688874737313
2009-01-16,24.181852313573025
2009-01-17,25.191394323160473
2009-01-18,26.650314898927448
2009-01-19,27.668076546088805
2009-01-20,28.244679265469056
2009-01-21,28.380123056819482
2009-01-22,28.07440791337846
2009-01-23,27.327533845636967
2009-01-24,26.139500845085244
2009-01-25,24.51030891698043
2009-01-26,23.326532646551435
2009-01-27,22.588172031912364
2009-01-28,22.295227074399
2009-01-29,22.44769777888592
2009-01-30,23.045584136453147
2009-01-31,24.08888615115166
2009-02-01,25.577603825397208
2009-02-02,26.48540287122736
2009-02-03,26.812283289694776
2009-02-04,26.55824508398768
2009-02-05,25.723288245491197
2009-02-06,24.307412783716362
2009-02-07,22.310618695214313
2009-02-08,19.73290597755438
2009-02-09,18.621745102831284
2009-02-10,18.977136070544162
2009-02-11,20.799078881676955
2009-02-12,24.087573539065204
2009-02-13,28.842620036862105
2009-02-14,35.0642183805634
2009-02-15,42.75236856734314
2009-02-16,47.852199786255426
2009-02-17,50.36371203377547
2009-02-18,50.28690531232301
2009-02-19,47.62177961978834
2009-02-20,42.36833495949857
2009-02-21,34.526571327496995
2009-02-22,24.096488726913346
2009-02-23,15.66997931477944
2009-02-24,9.247043091642546
2009-02-25,4.827680059883054
2009-02-26,2.411890218174932
2009-02-27,1.9996735639361205
2009-02-28,3.591030097773448
2009-03-01,7.185959819993496
2009-03-02,9.951405170457708
2009-03-03,11.887366147892624
2009-03-04,12.993842750500917
2009-03-05,13.270834978603496
2009-03-06,12.71834283379134
2009-03-07,11.336366316342517
2009-03-08,9.124905425964911
2009-03-09,8.218496953904406
2009-03-10,8.617140899140544
2009-03-11,10.320837263354925
2009-03-12,13.329586048534768
2009-03-13,17.643387253577252
2009-03-14,23.26224087468505
2009-03-15,30.186146916718013
2009-03-16,35.766155222761896
2009-03-17,40.00226579095038
2009-03-18,42.89447862316885
2009-03-19,44.44279371690351
2009-03-20,44.647211075436275
2009-03-21,43.50773069886514
2009-03-22,41.02435258562653
2009-03-23,38.769457020522935
2009-03-24,36.743044003921185
2009-03-25,34.945113536521006
2009-03-26,33.37566561673387
2009-03-27,32.03470024364891
2009-03-28,30.922217418413773
2009-03-29,30.03821714197379
2009-03-30,29.447136939063984
2009-03-31,53.02154807516585
2009-04-01,29.1437367547053
2009-04-02,29.482043998353152
2009-04-03,30.16389854024702
2009-04-04,31.189300380011765
2009-04-05,32.55824952088916
2009-04-06,34.0973453027502
2009-04-07,35.80658772859229
2009-04-08,37.6859767977689
2009-04-09,39.735512511285194
2009-04-10,41.95519486974938
2009-04-11,44.34502387259961
2009-04-12,46.904999518438814
2009-04-13,49.152304164600906
2009-04-14,51.08693781187483
2009-04-15,52.708900461604244
2009-04-16,54.01819210927079
2009-04-17,55.01481275839718
2009-04-18,55.6987624086446
2009-04-19,56.07004106000987
2009-04-20,55.24689798396952
2009-04-21,53.22933317582719
2009-04-22,50.017346636540694
2009-04-23,45.610938370097465
2009-04-24,40.01010837259565
2009-04-25,33.21485664262512
2009-04-26,25.22518318219503
2009-04-27,18.559448725710183
2009-04-28,13.217653274378318
2009-04-29,9.199796828739498
2009-04-30,6.505879385736357
2009-05-01,5.135900944575816
2009-05-02,5.032136860054166
2009-05-03,6.19458713151397
2009-05-04,7.946744308008709
2009-05-05,10.288608390396867
2009-05-06,13.220179376629764
2009-05-07,16.741457270260348
2009-05-08,20.85244206986885
2009-05-09,25.553133775198507
2009-05-10,30.843532388460645
2009-05-11,35.307053769726906
2009-05-12,38.94369792040197
2009-05-13,41.75346484096215
2009-05-14,43.7363545316602
2009-05-15,44.89236699084711
2009-05-16,45.22150222291728
2009-05-17,44.723760223984115
2009-05-18,44.21056613698036
2009-05-19,43.68191995965976
2009-05-20,66.83134867602377
2009-05-21,42.57827134217073
2009-05-22,42.0032689015348
2009-05-23,41.41281436980153
2009-05-24,40.80690774901918
2009-05-25,40.115471812299894
2009-05-26,39.33850655754084
2009-05-27,38.476011982244614
2009-05-28,37.52798808980187
2009-05-29,36.49443487870026
2009-05-30,35.37535234975428
2009-05-31,34.170740502357184
2009-06-01,33.17000616376227
2009-06-02,32.42138920938953
2009-06-03,31.924889640996444
2009-06-04,31.680507455618127
2009-06-05,31.68824265791286
2009-06-06,31.948095242906376
2009-06-07,32.460065211615465
2009-06-08,33.12885344934602
2009-06-09,33.95445995513259
2009-06-10,34.93688472990222
2009-06-11,36.07612777137243
2009-06-12,37.37218907948543
2009-06-13,38.82506865838154
2009-06-14,40.434766505527314
2009-06-15,41.81291146622539
2009-06-16,42.959503539118465
2009-06-17,43.87454272556087
2009-06-18,44.55802902698352
2009-06-19,45.009962443462925
2009-06-20,45.23034297105664
2009-06-21,45.219170612431554
2009-06-22,44.89684457054352
2009-06-23,44.26336484333751
2009-06-24,43.31873143244908
2009-06-25,42.06294433488092
2009-06-26,40.49600355160592
2009-06-27,38.61790908598191
2009-06-28,36.42866093353305
2009-06-29,35.273743717364944
2009-06-30,35.1531574350199
2009-07-01,36.06690208927346
2009-07-02,38.00342368014603
2009-07-03,40.96272220584527
2009-07-04,44.94479766744517
2009-07-05,49.94965006455469
2009-07-06,53.201442599313474
2009-07-07,54.70017526867031
2009-07-08,54.445848075436366
2009-07-09,52.43846101737519
2009-07-10,48.67801409698631
2009-07-11,43.164507310841664
2009-07-12,35.89794066154915
2009-07-13,30.316736339174
2009-07-14,26.42089434632724
2009-07-15,24.21041468032765
2009-07-16,23.685297344147813
2009-07-17,24.845542333963106
2009-07-18,27.69114965330257
2009-07-19,32.22211929900206
2009-07-20,35.91154582319561
2009-07-21,38.75942922726887
2009-07-22,40.765769510126646
2009-07-23,41.93056667112196
2009-07-24,42.25382071210876
2009-07-25,41.735531630107786
2009-07-26,40.37569942988325
2009-07-27,39.5864628658149
2009-07-28,39.367821938571765
2009-07-29,39.719776646845574
2009-07-30,40.642326993954896
2009-07-31,42.13547297683818
2009-08-01,44.19921459749108
2009-08-02,46.82239573575353
2009-08-03,48.71745006374783
2009-08-04,49.884377581097965
2009-08-05,50.32317828687957
2009-08-06,50.03385217995057
2009-08-07,49.016399261931824
2009-08-08,47.270819533503285
2009-08-09,44.79711299501884
2009-08-10,42.9122695824284
2009-08-11,41.616289299862544
2009-08-12,40.90917214619019
2009-08-13,40.79091812284662
2009-08-14,41.261527227023265
2009-08-15,42.32099945949467
2009-08-16,43.9693348211218
2009-08-17,44.841686212730366
2009-08-18,44.93805363350914
2009-08-19,44.258437085324275
2009-08-20,42.80283656643617
2009-08-21,40.571252078338226
2009-08-22,37.56368361918136
2009-08-23,33.78013118980082
2009-08-24,30.82264040983138
2009-08-25,28.691211282420554
2009-08-26,27.385843802806775
2009-08-27,26.906537972839946
2009-08-28,27.253293791532133
2009-08-29,28.42611126126464
2009-08-30,30.42499038219347
2009-08-31,32.48403243586793
2009-09-01,34.60323742480227
2009-09-02,36.78185086661331
2009-09-03,39.01987276462304
2009-09-04,41.31730311319305
2009-09-05,43.67414191782419
2009-09-06,46.09038917422485
2009-09-07,47.773833895482845
2009-09-08,48.72447607839017
2009-09-09,48.942315727071104
2009-09-10,48.42735283800251
2009-09-11,47.179587412551385
2009-09-12,45.19901944972817
2009-09-13,42.48564895151395
2009-09-14,40.122806148641104
2009-09-15,56.27200872238495
2009-09-16,36.44870363552435
2009-09-17,35.13744392579668
2009-09-18,34.17671190994082
2009-09-19,33.566507593740894
2009-09-20,33.306830970839556
2009-09-21,33.16899672450714
2009-09-22,33.153004848329246
2009-09-23,33.25885534768406
2009-09-24,33.486548218825206
2009-09-25,33.836083464783336
2009-09-26,34.307461080422584
2009-09-27,34.90068107470822
2009-09-28,35.06712373500629
2009-09-29,34.80678906891592
2009-09-30,34.11967707259622
2009-10-01,33.005787746857514
2009-10-02,31.478206842633877
2009-10-03,29.53693436013803
2009-10-04,27.18197029950049
2009-10-05,25.794589562851577
2009-10-06,25.374792142436156
2009-10-07,25.92257804590064
2009-10-08,27.43794726730098
2009-10-09,29.92089981251182
2009-10-10,33.3714356792538
2009-10-11,37.78955486624207
2009-10-12,41.216566136503445
2009-10-13,43.65246949633159
2009-10-14,45.097264938090966
2009-10-15,45.550952467142736
2009-10-16,45.013532080773246
2009-10-17,43.48500377899316
2009-10-18,40.96536756271536
2009-10-19,38.772769358081646
2009-10-20,36.90720915990532
2009-10-21,35.368686974232844
2009-10-22,34.15720279630473
2009-10-23,33.27275662762122
2009-10-24,32.71534846881135
2009-10-25,32.48497831834463
2009-10-26,31.42491725723676
2009-10-27,29.535165285695232
2009-10-28,26.81572240221296
2009-10-29,23.266588607502925
2009-10-30,18.887763899731244
2009-10-31,13.679248280654797
2009-11-01,7.641041749724355
2009-11-02,3.465692609383197
2009-11-03,1.1532008625167016
2009-11-04,0.703566507256884
2009-11-05,2.1167895451527095
2009-11-06,5.392869975372811
2009-11-07,10.531807796524777
2009-11-08,17.533603011831925
2009-11-09,23.44699296559062
2009-11-10,28.271977657632956
2009-11-11,32.00855708926797
2009-11-12,34.65673125884655
2009-11-13,36.21650016909342
2009-11-14,36.68786382090225
2009-11-15,36.07082221116531
2009-11-16,35.405990885811036
2009-11-17,34.69336984304785
2009-11-18,33.932959084825924
2009-11-19,33.12475861051624
2009-11-20,32.2687684197754
2009-11-21,31.364988509025363
2009-11-22,30.413418882778334
2009-11-23,29.84087559756483
2009-11-24,29.647358649167952
2009-11-25,29.83286803974368
2009-11-26,30.39740376909
2009-11-27,31.340965837947284
2009-11-28,32.66355424623606
2009-11-29,34.365168995041984
2009-11-30,35.11216498510656
2009-12-01,34.90454222025077
2009-12-02,33.68359945135534
2009-12-03,31.44933667401954
2009-12-04,28.201753890764245
2009-12-05,23.94085110022865
2009-12-06,18.666628300542868
2009-12-07,15.126382302049803
2009-12-08,13.320113103115325
2009-12-09,13.247820702353264
2009-12-10,14.909505099815473
2009-12-11,18.305166296601094
2009-12-12,23.43480429405514
2009-12-13,30.298419090960792
2009-12-14,35.02597796538484
2009-12-15,37.617480913748565
2009-12-16,38.0729279413175
2009-12-17,36.39231904496524
2009-12-18,32.57565422606814
2009-12-19,26.622933481692947
2009-12-20,18.534156816023476
2009-12-21,13.181633862236417
2009-12-22,10.565364622533474
2009-12-23,10.68534909309186
2009-12-24,13.541587278490482
2009-12-25,19.134079176932847
2009-12-26,27.462824788565882
2009-12-27,38.5278241131228
2009-12-28,47.254491371117716
2009-12-29,53.642826561308375
2009-12-30,57.692829683764934
2009-12-31,59.40450074003007
2010-01-01,58.777839729525944
2010-01-02,55.87974675550557
2010-01-03,71.12127024880127
2010-01-04,46.2039483141173
2010-01-05,42.3609262478912
2010-01-06,39.18115561980017
2010-01-07,36.66463642496019
2010-01-08,34.811368667091855
2010-01-09,33.62135234408353
2010-01-10,33.09458745465227
2010-01-11,49.09617042343682
2010-01-12,32.20987872866225
2010-01-13,31.85193488367151
2010-01-14,31.550264724124464
2010-01-15,31.304868245443757
2010-01-16,31.1157454502847
2010-01-17,30.982896336643776
2010-01-18,30.75744349606569
2010-01-19,30.43938693146455
2010-01-20,30.028726644758624
2010-01-21,29.525462633403603
2010-01-22,28.929594897677067
2010-01-23,28.241123434610664
2010-01-24,27.460048247522604
2010-01-25,26.595732725307098
2010-01-26,25.648176865799496
2010-01-27,24.617380666152233
2010-01-28,23.503344128260455
2010-01-29,22.306067254122418
2010-01-30,21.025550043161477
2010-01-31,19.661792493411134
2010-02-01,19.123762498368293
2010-02-02,19.384926689211127
2010-02-03,20.445285065215362
2010-02-04,22.304837623356008
2010-02-05,24.963584366626062
2010-02-06,28.421525292724343
2010-02-07,32.67866040524758
2010-02-08,35.89814815524888
2010-02-09,38.07998854225596
2010-02-10,39.22418156533918
2010-02-11,39.33072722688382
2010-02-12,38.39962552866855
2010-02-13,36.430876465272945
2010-02-14,33.424480039035316
2010-02-15,31.155123833375317
2010-02-16,29.622807848156487
2010-02-17,28.827532085372297
2010-02-18,28.769296541110204
2010-02-19,29.448101214587275
2010-02-20,49.84264026657293
2010-02-21,33.016831228625165
2010-02-22,34.536859615440534
2010-02-23,35.42403126971381
2010-02-24,35.67834619272382
2010-02-25,35.299804384856614
2010-02-26,34.28840584783431
2010-02-27,32.644150580536966
2010-02-28,30.3670385772947
2010-03-01,28.923352749082635
2010-03-02,28.296854183072067
2010-03-03,28.487542878541433
2010-03-04,29.49541883618528
2010-03-05,31.32048205299311
2010-03-06,56.5819938047684
2010-03-07,37.422170275028726
2010-03-08,39.31450389320253
2010-03-09,39.6397333870334
2010-03-10,38.397858756377445
2010-03-11,35.58888000228022
2010-03-12,31.21279712440735
2010-03-13,25.26961012173003
2010-03-14,17.759318993079386
2010-03-15,12.084695465188496
2010-03-16,8.245739541906595
2010-03-17,6.242451219224662
2010-03-18,6.074830497075649
2010-03-19,7.742877377107799
2010-03-20,11.246591858803235
2010-03-21,16.585973940656693
2010-03-22,21.362219886067507
2010-03-23,25.57532969042248
2010-03-24,29.225303356942863
2010-03-25,32.31214088510655
2010-03-26,34.835842274865584
2010-03-27,36.79640752766509
2010-03-28,38.19383664229446
2010-03-29,38.18170788844367
2010-03-30,36.76002126606027
2010-03-31,33.928776777351025
2010-04-01,29.687974419541867
2010-04-02,24.077699113454866
2010-04-03,17.097950861437305
2010-04-04,8.748729662744083
2010-04-05,3.1182921947816737
2010-04-06,0.20663845723937158
2010-04-07,0.013768449954500994
2010-04-08,2.539682172996546
2010-04-09,7.784379627563538
2010-04-10,15.747860812903351
2010-04-11,26.430125731607454
2010-04-12,34.55936669674246
2010-04-13,40.13558371317038
2010-04-14,43.15877677981008
2010-04-15,43.62894589580344
2010-04-16,41.54609106365002
2010-04-17,36.91021228076702
2010-04-18,29.72130954659368
2010-04-19,24.42555852520752
2010-04-20,21.022959213985448
2010-04-21,19.51351161506917
2010-04-22,19.897215723907756
2010-04-23,22.17407154399411
2010-04-24,26.344079074449652
2010-04-25,32.40723831695557
2010-04-26,36.36513374965341
2010-04-27,38.217765376184204
2010-04-28,37.96513319408815
2010-04-29,35.607237204184244
2010-04-30,31.14407740739558
2010-05-01,24.575653800321593
2010-05-02,15.854644375691088
2010-05-03,9.639987007613222
2010-05-04,5.9316816969421104
2010-05-05,4.729728444491752
2010-05-06,6.034127249461957
2010-05-07,9.844878110797854
2010-05-08,16.161981030379124
2010-05-09,24.985436007506955
2010-05-10,32.47050131833463
2010-05-11,38.6171769664568
2010-05-12,43.42546294942961
2010-05-13,46.89535926689638
2010-05-14,49.026865922656555
2010-05-15,49.81998291585414
2010-05-16,49.27471024498185
2010-05-17,48.13353383105823
2010-05-18,46.39645367098095
2010-05-19,44.06346976966671
2010-05-20,41.134582123745886
2010-05-21,37.60979073158415
2010-05-22,33.48909559353912
2010-05-23,52.645067975035246
2010-05-24,25.22439722148689
2010-05-25,22.84479712797545
2010-05-26,21.6336964255185
2010-05-27,21.591095117843775
2010-05-28,22.716993202825172
2010-05-29,43.85082817381069
2010-05-30,28.474287558090463
2010-05-31,30.891892058143217
2010-06-01,32.2642041861685
2010-06-02,32.64501633046353
2010-06-03,32.034328488990425
2010-06-04,30.432140661449594
2010-06-05,27.838452849069494
2010-06-06,24.253265051028038
2010-06-07,21.962190305837918
2010-06-08,33.4386471023405
2010-06-09,21.262379978057076
2010-06-10,22.853644395452793
2010-06-11,25.739021867138106
2010-06-12,29.918512391027026
2010-06-13,35.392115969249204
2010-06-14,38.89451305069281
2010-06-15,40.42570363513552
2010-06-16,39.98568771977348
2010-06-17,37.574465306889294
2010-06-18,33.19203639620391
2010-06-19,26.83840098711298
2010-06-20,18.513559080518377
2010-06-21,12.267488979194663
2010-06-22,8.100190684038182
2010-06-23,6.011664197336451
2010-06-24,6.001909515217665
2010-06-25,8.07092663912027
2010-06-26,12.218715568661846
2010-06-27,18.445276303404206
2010-06-28,24.260661417529743
2010-06-29,29.664870908199273
2010-06-30,34.657904769781226
2010-07-01,39.23976300999924
2010-07-02,43.34144751786964
2010-07-03,46.96295829718673
2010-07-04,50.10429534255695
2010-07-05,52.23275584566758
2010-07-06,53.34833980921772
2010-07-07,53.45104723702377
2010-07-08,52.54087812520358
2010-07-09,50.617832471586276
2010-07-10,47.681910275409265
2010-07-11,43.73311154115665
2010-07-12,40.73977668436787
2010-07-13,38.701905701748366
2010-07-14,37.619498594199555
2010-07-15,37.492555360284996
2010-07-16,38.321076002221666
2010-07-17,40.10506052196904
2010-07-18,42.8445089157487
2010-07-19,44.05132497477853
2010-07-20,43.72550870042447
2010-07-21,58.000939507644134
2010-07-22,38.47597915902344
2010-07-23,33.552265884707374
2010-07-24,27.095920276876278
2010-07-25,19.106942333888448
2010-07-26,13.677876360352498
2010-07-27,10.80872235315919
2010-07-28,10.499480312538985
2010-07-29,12.750150236334173
2010-07-30,17.56073212989179
2010-07-31,24.93122599034421
2010-08-01,34.86163181924381
2010-08-02,42.71389236355915
2010-08-03,48.488007625297165
2010-08-04,52.18397760696165
2010-08-05,53.801802307270776
2010-08-06,53.341481722143754
2010-08-07,50.803015859965726
2010-08-08,46.18640471369078
2010-08-09,42.04171137077424
2010-08-10,38.368935832671724
2010-08-11,35.168078094460654
2010-08-12,32.439138159219205
2010-08-13,30.1821160260545
2010-08-14,28.39701169270416
2010-08-15,27.083825161939288
2010-08-16,25.92675415540758
2010-08-17,24.925798671814142
2010-08-18,24.08095871194739
2010-08-19,23.392234274852594
2010-08-20,22.859625362778296
2010-08-21,22.483131975494693
2010-08-22,22.262754109362948
2010-08-23,22.493978141277427
2010-08-24,23.17680407117118
2010-08-25,24.311231899994908
2010-08-26,25.897261626627458
2010-08-27,27.93489325171948
2010-08-28,30.424126772645344
2010-08-29,33.36496219320021
2010-08-30,35.734921977205
2010-08-31,37.53400612160797
2010-09-01,38.7622146288123
2010-09-02,39.40339054412414
2010-09-03,39.457533869429355
2010-09-04,38.924644605659765
2010-09-05,37.80472275148185
2010-09-06,36.69836115351219
2010-09-07,35.60555981328262
2010-09-08,34.52631873365769
2010-09-09,33.46063791032978
2010-09-10,32.40851734547265
2010-09-11,31.369957036055172
2010-09-12,30.344956985482238
2010-09-13,29.538319878648018
2010-09-14,28.95004571158081
2010-09-15,28.580134485488376
2010-09-16,28.428586200489082
2010-09-17,28.495400856872532
2010-09-18,28.780578456515848
2010-09-19,29.2841189964299
2010-09-20,29.60843898212965
2010-09-21,29.75353841720504
2010-09-22,29.7194172989781
2010-09-23,29.506075629081224
2010-09-24,29.113513406165353
2010-09-25,28.54173063082184
2010-09-26,27.790727301201034
2010-09-27,27.022760727081504
2010-09-28,26.23783090823201
2010-09-29,25.435937840386632
2010-09-30,24.617081526517737
2010-10-01,23.78126196722477
2010-10-02,22.91253514880826
2010-10-03,22.01090107438977
2010-10-04,21.572456185263743
2010-10-05,21.597200482790907
2010-10-06,22.085133967996647
2010-10-07,23.036256638884936
2010-10-08,24.450568498846597
2010-10-09,26.32806954491835
2010-10-10,28.668759777571694
2010-10-11,30.404174324735656
2010-10-12,31.53431318583675
2010-10-13,32.0591763606487
2010-10-14,31.9787638495991
2010-10-15,31.29307565135421
2010-10-16,30.002111767353313
2010-10-17,28.105872198003695
2010-10-18,26.308712553660474
2010-10-19,24.610632833301132
2010-10-20,23.011633038131013
2010-10-21,21.51171316817706
2010-10-22,20.110873224800386
2010-10-23,18.80911320456222
2010-10-24,17.606433109096606
2010-10-25,17.02992163031349
2010-10-26,17.07957877034052
2010-10-27,17.75540452882847
2010-10-28,19.057398905128814
2010-10-29,20.985561897056563
2010-10-30,23.539893508914023
2010-10-31,26.72039373803374
2010-11-01,29.074425590763706
2010-11-02,30.65183942426381
2010-11-03,31.452635238393412
2010-11-04,31.476813032757562
2010-11-05,30.724372813961676
2010-11-06,29.195314574697992
2010-11-07,26.889638317612967
2010-11-08,24.978989280634273
2010-11-09,23.463367466459907
2010-11-10,22.342772872892144
2010-11-11,21.617205502043763
2010-11-12,21.286665348439012
2010-11-13,21.35115242018083
2010-11-14,21.810666710835
2010-11-15,22.189527513199526
2010-11-16,22.487734826413178
2010-11-17,22.705288651065214
2010-11-18,22.842188987081315
2010-11-19,22.898435834317567
2010-11-20,22.874029191495374
2010-11-21,22.76896906011609
2010-11-22,22.952957078950877
2010-11-23,23.425993247633915
2010-11-24,24.18807756530541
2010-11-25,25.239210034583877
2010-11-26,26.57939065370106
2010-11-27,28.208619423091676
2010-11-28,30.126896343064274
2010-11-29,31.259986305692856
2010-11-30,31.607889312006023
2010-12-01,31.170605361013806
2010-12-02,29.85904330947263
2010-12-03,27.673203158425792
2010-12-04,24.613084906318676
2010-12-05,20.678688554596704
2010-12-06,17.585723100946772
2010-12-07,15.334188545262133
2010-12-08,13.924084887463794
2010-12-09,13.355412128901866
2010-12-10,13.628170265930537
2010-12-11,14.742359302521276
2010-12-12,16.69797923425411
2010-12-13,17.995476582363743
2010-12-14,18.634851342511
2010-12-15,18.616103516262058
2010-12-16,17.93923310404464
2010-12-17,16.604240105100722
2010-12-18,14.611124518266555
2010-12-19,11.959886346949501
2010-12-20,10.86318663277044
2010-12-21,11.321025374694768
2010-12-22,13.33340257408423
2010-12-23,16.900318232043652
2010-12-24,22.0217723466725
2010-12-25,28.697764921117813
2010-12-26,36.92829595316973
2010-12-27,43.226819883775015
2010-12-28,47.59333671543547
2010-12-29,50.027846448228345
2010-12-30,50.5303490806149
2010-12-31,49.10084461332034
2011-01-01,45.73933304786181
2011-01-02,40.5373180058569
2011-01-03,36.61514146519579
2011-01-04,33.972803422286646
2011-01-05,32.610303877071956
2011-01-06,32.52764283056463
2011-01-07,33.72482028138866
2011-01-08,36.201836231946
2011-01-09,39.958690681444985
2011-01-10,42.517690169457865
2011-01-11,43.878834698425976
2011-01-12,44.04212426802431
2011-01-13,43.00755887729994
2011-01-14,40.775138528468275
2011-01-15,37.344863219839
2011-01-16,32.7167329483983
2011-01-17,28.680707649847847
2011-01-18,25.23678731566967
2011-01-19,22.384971948948525
2011-01-20,20.12526155173983
2011-01-21,18.457656118200045
2011-01-22,17.38215565293839
2011-01-23,16.8987601547628
2011-01-24,16.98154462943845
2011-01-25,17.630509080644174
2011-01-26,18.84565350737639
2011-01-27,20.626977908586085
2011-01-28,22.974482285864916
2011-01-29,25.88816663948689
2011-01-30,29.368030966507046
2011-01-31,32.04881782497728
2011-02-01,33.93052721439608
2011-02-02,34.95288725837005
2011-02-03,35.115897955998
2011-02-04,34.41955930992451
2011-02-05,32.86387132177421
2011-02-06,30.448833989362438
2011-02-07,28.921459612032226
2011-02-08,28.28174819015364
2011-02-09,28.529699726548376
2011-02-10,29.665314221281292
2011-02-11,49.593020120217346
2011-02-12,34.599532076349206
2011-02-13,38.39813543940025
2011-02-14,41.173388735365876
2011-02-15,42.92529196335754
2011-02-16,43.653845121674095
2011-02-17,43.35904821072251
2011-02-18,42.04090123279748
2011-02-19,39.69940418827665
2011-02-20,36.334557073372764
2011-02-21,33.543538478826605
2011-02-22,31.32634840540898
2011-02-23,29.68298685179491
2011-02-24,28.613453821001766
2011-02-25,28.11774930672412
2011-02-26,28.195873311868834
2011-02-27,28.847825838305702
2011-02-28,29.53898522773202
2011-03-01,30.269351479747783
2011-03-02,31.066809158180636
2011-03-03,31.931358267190223
2011-03-04,32.86299880660509
2011-03-05,33.86173077196976
2011-03-06,34.9275541660535
2011-03-07,35.420722347864086
2011-03-08,35.34123531578432
2011-03-09,34.689093070439185
2011-03-10,33.464295610651156
2011-03-11,55.53941420099838
2011-03-12,29.296735048165544
2011-03-13,26.35397194766205
2011-03-14,24.361522743883114
2011-03-15,23.319387438325826
2011-03-16,23.227566031891037
2011-03-17,24.0860585219245
2011-03-18,25.894864911607524
2011-03-19,28.653985199207774
2011-03-20,32.363419384143754
2011-03-21,35.15602094090767
2011-03-22,37.03178986808888
2011-03-23,37.99072616659832
2011-03-24,38.03282983632185
2011-03-25,37.15810087878322
2011-03-26,35.36653928935546
2011-03-27,32.65814507343596
2011-03-28,30.33357341561051
2011-03-29,28.39282431688379
2011-03-30,26.835897777492644
2011-03-31,25.662793797835505
2011-04-01,24.87351237722944
2011-04-02,24.456471480737893
2011-04-03,24.41167110586738
2011-04-04,24.73956300052832
2011-04-05,25.440147162260526
2011-04-06,26.51342359194696
2011-04-07,27.959392288416225
2011-04-08,29.778053253599154
2011-04-09,31.969406485731152
2011-04-10,34.53345198716998
2011-04-11,36.46282164012052
2011-04-12,37.757515444064154
2011-04-13,38.417533399907015
2011-04-14,38.442875510143224
2011-04-15,37.83354177055776
2011-04-16,36.589532183138736
2011-04-17,34.710846748555284
2011-04-18,33.32202276598021
2011-04-19,32.423060240140025
2011-04-20,32.013959167475065
2011-04-21,32.09471954689536
2011-04-22,32.66534138171834
2011-04-23,33.72582466984477
2011-04-24,35.27616941327993
2011-04-25,36.47512586501182
2011-04-26,37.32269402549606
2011-04-27,37.81887389536762
2011-04-28,37.96366547852426
2011-04-29,37.75706876911909
2011-04-30,37.19908377054313
2011-05-01,36.28971048054935
2011-05-02,35.71200633179937
2011-05-03,35.46597132035043
2011-05-04,35.5516054484725
2011-05-05,35.968908713741186
2011-05-06,36.717881119674644
2011-05-07,37.798522664937906
2011-05-08,39.21083334903071
2011-05-09,39.98009470074067
2011-05-10,40.10630671908815
2011-05-11,39.58946940637451
2011-05-12,38.429582762304406
2011-05-13,36.626646785482976
2011-05-14,34.180661476150945
2011-05-15,31.091626833489922
2011-05-16,28.445420081686056
2011-05-17,26.242041220402417
2011-05-18,24.48149024794174
2011-05-19,23.16376716515401
2011-05-20,22.28887197057989
2011-05-21,21.856804666374792
2011-05-22,21.867565252038137
2011-05-23,22.138280668454453
2011-05-24,22.668950916379014
2011-05-25,23.459575996351603
2011-05-26,44.06577053386302
2011-05-27,25.820690649161413
2011-05-28,27.39118022384729
2011-05-29,29.221624630448936
2011-05-30,30.42920783192299
2011-05-31,31.013929831743603
2011-06-01,30.97579062616272
2011-06-02,30.32997686689473
2011-06-03,29.07648855286893
2011-06-04,27.215325684302286
2011-06-05,24.746488258566522
2011-06-06,37.45403370159707
2011-06-07,22.31224318355955
2011-06-08,22.34683553246727
2011-06-09,23.2159044704242
2011-06-10,24.919450002704274
2011-06-11,27.457472124317384
2011-06-12,30.829970837757838
2011-06-13,33.672079466212196
2011-06-14,52.57523504261134
2011-06-15,37.76512647657394
2011-06-16,39.01606485973464
2011-06-17,39.73661315765408
2011-06-18,39.92677137370184
2011-06-19,39.58653951002026
2011-06-20,39.43070802766685
2011-06-21,39.45927692744333
2011-06-22,39.67224620988674
2011-06-23,40.069615870809756
2011-06-24,40.65138591993151
2011-06-25,41.41755634787886
2011-06-26,42.36812715803966
2011-06-27,42.89960779235634
2011-06-28,64.51720620013262
2011-06-29,42.70529853813661
2011-06-30,41.97950864960508
2011-07-01,40.83462858353712
2011-07-02,39.25352281738164
2011-07-03,37.236191348920016
2011-07-04,35.85545801742628
2011-07-05,35.11132282145885
2011-07-06,35.00378575849716
2011-07-07,35.53284683048794
2011-07-08,36.69850603819922
2011-07-09,38.5007633823568
2011-07-10,40.93961886170045
2011-07-11,42.992196039594916
2011-07-12,44.658494918711426
2011-07-13,45.93851549919735
2011-07-14,46.83225777999395
2011-07-15,47.33972176091701
2011-07-16,47.46090744282293
2011-07-17,47.1958148241324
2011-07-18,46.84398674966279
2011-07-19,46.405423215511675
2011-07-20,45.8801242219876
2011-07-21,45.2680897719824
2011-07-22,44.56931986391119
2011-07-23,43.783814495510185
2011-07-24,42.91157367035475
2011-07-25,42.2736035424763
2011-07-26,61.08732398257543
2011-07-27,41.70047538278838
2011-07-28,41.76531734836228
2011-07-29,42.0644300123286
2011-07-30,42.597813375791965
2011-07-31,43.36546743521781
2011-08-01,44.04183575218693
2011-08-02,44.615615779099954
2011-08-03,45.08680751533518
2011-08-04,46.83267469087657
2011-08-05,45.7214261216115
2011-08-06,45.8848529882416
2011-08-07,45.94569156806685
2011-08-08,46.33804919304512
2011-08-09,47.06192586544083
2011-08-10,48.117321582351735
2011-08-11,49.50423634848899
2011-08-12,51.222670160378954
2011-08-13,53.27262301844338
2011-08-14,57.64347586267827
2011-08-15,74.30709238518878
2011-08-16,56.89100290522591
2011-08-17,55.74643898385667
2011-08-18,53.42652978295167
2011-08-19,49.93127530704513
2011-08-20,45.26067555334322
2011-08-21,39.414730523745874
2011-08-22,35.083966155380246
2011-08-23,32.26838244415397
2011-08-24,30.967979389616303
2011-08-25,31.182756994653094
2011-08-26,32.9127152610053
2011-08-27,36.157854184032104
2011-08-28,40.91817376538461
2011-08-29,44.387418825050446
2011-08-30,46.565589368157504
2011-08-31,47.45268539347077
2011-09-01,64.17727678249167
2011-09-02,45.38738562683473
2011-09-03,42.46872157570445
2011-09-04,54.305701010841986
2011-09-05,35.42047584274627
2011-09-06,49.40590321417503
2011-09-07,47.791481697660146
2011-09-08,34.6263666531116
2011-09-09,36.969199433843684
2011-09-10,40.61580013525928
2011-09-11,45.56616876019487
2011-09-12,52.696819864800005
2011-09-13,51.68286638130212
2011-09-14,65.58123339057917
2011-09-15,52.75417784139296
2011-09-16,51.397813760353195
2011-09-17,48.78010313863377
2011-09-18,44.90104597505347
2011-09-19,41.57669438805402
2011-09-20,38.80704837737518
2011-09-21,36.59210793909861
2011-09-22,34.93187307858172
2011-09-23,33.82634379165002
2011-09-24,33.275520079662726
2011-09-25,33.27940194234678
2011-09-26,45.19092696966379
2011-09-27,34.27550397152005
2011-09-28,35.26772414060128
2011-09-29,36.589390406502915
2011-09-30,38.24050277825542
2011-10-01,40.221061250092866
2011-10-02,42.5037835776619
2011-10-03,44.18536666786035
2011-10-04,45.265810520401786
2011-10-05,45.745115131185926
2011-10-06,45.623280507331415
2011-10-07,50.41089184299929
2011-10-08,43.576193540754886
2011-10-09,41.65094119947897
2011-10-10,40.133978672413924
2011-10-11,39.025305956605095
2011-10-12,38.324923055149355
2011-10-13,38.032829964511215
2011-10-14,38.149026686949945
2011-10-15,38.67351322203903
2011-10-16,39.60628957014727
2011-10-17,40.27330461340114
2011-10-18,40.6745583563508
2011-10-19,40.81005079542814
2011-10-20,40.67978193368175
2011-10-21,40.28375176801129
2011-10-22,39.62196029957343
2011-10-23,38.6944075278207
2011-10-24,38.260149802715624
2011-10-25,46.91331277910213
2011-10-26,38.87151949080243
2011-10-27,46.72082971272934
2011-10-28,41.45606936012608
2011-10-29,43.4882868649199
2011-10-30,46.01379941704781
2011-10-31,47.865169066822254
2011-11-01,49.042395817107234
2011-11-02,49.54285799458713
2011-11-03,49.3665556017685
2011-11-04,48.51348863649591
2011-11-05,46.98365710046194
2011-11-06,44.77706099185313
2011-11-07,43.057585164682266
2011-11-08,41.8252296190213
2011-11-09,41.07999435726719
2011-11-10,40.82187937566603
2011-11-11,41.05088467612906
2011-11-12,41.76701025875875
2011-11-13,54.90654175456756
2011-11-14,43.44683162287223
2011-11-15,52.30810145791446
2011-11-16,42.219971531814394
2011-11-17,40.516535942316494
2011-11-18,38.08642998650831
2011-11-19,34.929653667476785
2011-11-20,31.046206983365735
2011-11-21,28.477872389604844
2011-11-22,38.82274075654732
2011-11-23,27.286539465828586
2011-11-24,28.66354113496852
2011-11-25,31.355654893603212
2011-11-26,35.362880740518335
2011-11-27,40.68521867690707
2011-11-28,44.4392561856626
2011-11-29,46.624993272350395
2011-11-30,47.24242993300482
2011-12-01,46.291566170866275
2011-12-02,43.81395668133639
2011-12-03,39.80960146276274
2011-12-04,34.27850051554057
2011-12-05,29.862810375518446
2011-12-06,26.562531037501742
2011-12-07,24.377662501090015
2011-12-08,23.30820476976705
2011-12-09,23.354157841096924
2011-12-10,24.51552171502853
2011-12-11,26.792296391296322
2011-12-12,28.861240302800685
2011-12-13,30.722353449786063
2011-12-14,32.37563583115437
2011-12-15,33.82108744718472
2011-12-16,35.05870829787002
2011-12-17,36.088498386277706
2011-12-18,36.9104577080803
2011-12-19,37.37811060147699
2011-12-20,37.491457064658206
2011-12-21,37.250497100691334
2011-12-22,36.655230708259
2011-12-23,35.70565788617266
2011-12-24,34.4017786333481
2011-12-25,32.74359295240018
2011-12-26,31.99464626503907
2011-12-27,32.15493857279769
2011-12-28,33.22446987201377
2011-12-29,35.203240165246996
2011-12-30,38.091249451964075
2011-12-31,41.888497733870494
2012-01-01,64.1321431318248
2012-01-02,50.2078171181628
2012-01-03,52.72699405963786
2012-01-04,54.15251583555856
2012-01-05,72.62753660854499
2012-01-06,56.229213872320884
2012-01-07,51.86715016711457
2012-01-08,48.91805127874366
2012-01-09,59.89539470994664
2012-01-10,56.45050208406371
2012-01-11,60.963908960765565
2012-01-12,57.361417353362995
2012-01-13,44.03162870648656
2012-01-14,45.02615856423425
2012-01-15,46.67795988058367
2012-01-16,48.02460099340168
2012-01-17,64.06907476776632
2012-01-18,49.80240261136457
2012-01-19,50.23356311865013
2012-01-20,50.359563419803905
2012-01-21,69.09941624812383
2012-01-22,68.17743233970803
2012-01-23,49.17886002620889
2012-01-24,50.06108761473331
2012-01-25,48.04570335781178
2012-01-26,47.42977008238757
2012-01-27,46.78093351649999
2012-01-28,46.09919365593042
2012-01-29,45.38455050182226
2012-01-30,45.82087602014837
2012-01-31,44.10273727570539
2012-02-01,59.76891566616105
2012-02-02,43.076515008504714
2012-02-03,42.72558067888242
2012-02-04,42.48276422243182
2012-02-05,42.34806563520864
2012-02-06,42.25951486149775
2012-02-07,55.20776942218813
2012-02-08,57.10142615547829
2012-02-09,42.270749382513
2012-02-10,42.36678984374949
2012-02-11,42.50897811113194
2012-02-12,42.69731419073821
2012-02-13,42.94972447833038
2012-02-14,45.70855665642914
2012-02-15,44.840396256793255
2012-02-16,44.09140061789047
2012-02-17,44.600107752222215
2012-02-18,46.935786670482216
2012-02-19,64.19162453213988
2012-02-20,46.24144357181737
2012-02-21,46.46798583569683
2012-02-22,46.48937145282305
2012-02-23,46.305600424818294
2012-02-24,45.91667274853387
2012-02-25,45.322588426178406
2012-02-26,44.52334745584323
2012-02-27,43.66924782410441
2012-02-28,42.76028953260648
2012-02-29,41.79647257871811
2012-03-01,40.7777969638593
2012-03-02,39.66602225434387
2012-03-03,38.46114845281768
2012-03-04,55.94293161882581
2012-03-05,36.407928589935786
2012-03-06,36.195407551665596
2012-03-07,36.5256124423816
2012-03-08,37.398543262028824
2012-03-09,38.81420001022953
2012-03-10,40.77258268763087
2012-03-11,44.706045571088794
2012-03-12,44.84489274228714
2012-03-13,45.48618703062074
2012-03-14,46.47077796108293
2012-03-15,58.13732524081951
2012-03-16,61.71831515487672
2012-03-17,38.752292591456865
2012-03-18,34.74405108102062
2012-03-19,44.933276647955225
2012-03-20,29.27373099566555
2012-03-21,27.81165241831038
2012-03-22,27.198294820202143
2012-03-23,27.43365820009286
2012-03-24,28.517742554650926
2012-03-25,30.450547889715892
2012-03-26,32.41824002414032
2012-03-27,34.42081895371427
2012-03-28,36.45828468401062
2012-03-29,53.391312824515225
2012-03-30,60.83774453276462
2012-03-31,42.78000266575778
2012-04-01,44.95701559217168
2012-04-02,46.463290384787264
2012-04-03,47.29882704797468
2012-04-04,47.4636255800571
2012-04-05,46.95768598166951
2012-04-06,48.84465489695695
2012-04-07,43.933592389434104
2012-04-08,41.41543839687958
2012-04-09,39.23148887587085
2012-04-10,37.38174382510043
2012-04-11,35.866203244057544
2012-04-12,34.68486713372489
2012-04-13,33.8377354954254
2012-04-14,33.32480832656782
2012-04-15,33.14608562704746
2012-04-16,32.92995605114825
2012-04-17,32.676419600157544
2012-04-18,32.38547627288706
2012-04-19,32.057126070187635
2012-04-20,31.691368991501108
2012-04-21,31.288205036205813
2012-04-22,30.847634204304807
2012-04-23,30.748696085949216
2012-04-24,30.991390678747887
2012-04-25,31.575717982725006
2012-04-26,32.50167799988348
2012-04-27,33.76927072866114
2012-04-28,35.37849616723209
2012-04-29,37.32935432062216
2012-04-30,41.98267331817608
2012-05-01,43.66412660727661
2012-05-02,40.223564419995284
2012-05-03,44.73581040344028
2012-05-04,39.68206995223177
2012-05-05,38.66970868884482
2012-05-06,37.16293806939328
2012-05-07,36.20802602835711
2012-05-08,35.804972562686004
2012-05-09,35.953777674847096
2012-05-10,36.6544413630573
2012-05-11,55.811392076537345
2012-05-12,39.71134446872773
2012-05-13,42.06758388829364
2012-05-14,43.74896778604307
2012-05-15,44.7554961637414
2012-05-16,45.087169020520946
2012-05-17,44.74398635825571
2012-05-18,43.72594817630866
2012-05-19,58.54491626569656
2012-05-20,39.66530524865857
2012-05-21,41.18152672587577
2012-05-22,36.37619468648815
2012-05-23,35.45483334593415
2012-05-24,35.01560129941782
2012-05-25,35.05849854491995
2012-05-26,35.583525084698536
2012-05-27,36.590680920992014
2012-05-28,37.0837786775314
2012-05-29,37.06281835666347
2012-05-30,36.52779995828854
2012-05-31,35.478723482315736
2012-06-01,33.91558893142805
2012-06-02,31.83965410658761
2012-06-03,29.250919007387786
2012-06-04,27.47111920184167
2012-06-05,26.500254687023677
2012-06-06,35.19107063955843
2012-06-07,26.985331530710372
2012-06-08,28.441272888321567
2012-06-09,30.706149539016312
2012-06-10,41.100883335721676
2012-06-11,36.184463818123646
2012-06-12,46.29495030368323
2012-06-13,43.68659986942778
2012-06-14,44.23008152557051
2012-06-15,39.109377129237004
2012-06-16,38.167331448450554
2012-06-17,36.55597616222738
2012-06-18,35.30151167214002
2012-06-19,34.40393797800043
2012-06-20,33.86325507805897
2012-06-21,33.67946297519687
2012-06-22,33.85256166514246
2012-06-23,34.382551151125924
2012-06-24,35.269431432728126
2012-06-25,36.08278697263977
2012-06-26,36.82261776681241
2012-06-27,43.21834092384448
2012-06-28,38.081705129728775
2012-06-29,38.600961697953764
2012-06-30,39.04669352179235
2012-07-01,51.7959106294292
2012-07-02,52.88089427712187
2012-07-03,39.983250527256196
2012-07-04,49.80399711231877
2012-07-05,40.30751479597639
2012-07-06,40.379614810045815
2012-07-07,40.39169341414895
2012-07-08,40.34375060175249
2012-07-09,40.44219745621812
2012-07-10,40.687033977133034
2012-07-11,57.55033433807856
2012-07-12,41.615876019253136
2012-07-13,42.29988154084894
2012-07-14,43.13027672672634
2012-07-15,44.107061578950535
2012-07-16,44.93500089718901
2012-07-17,45.61409467731161
2012-07-18,46.14434292152397
2012-07-19,46.52574562578554
2012-07-20,46.75830279402276
2012-07-21,46.84201442831408
2012-07-22,46.77688052651794
2012-07-23,46.51080307380771
2012-07-24,46.04378207280385
2012-07-25,45.37581752327496
2012-07-26,64.12220548127486
2012-07-27,43.437057778140826
2012-07-28,42.16626258118689
2012-07-29,40.69452383463801
2012-07-30,39.55753356792972
2012-07-31,38.755291779570825
2012-08-01,38.287798469725914
2012-08-02,45.82335754818526
2012-08-03,38.32493773990959
2012-08-04,38.82957032335841
2012-08-05,39.658244870124236
2012-08-06,40.36129186377324
2012-08-07,40.93871130410134
2012-08-08,49.66632789738395
2012-08-09,41.71666752726467
2012-08-10,41.917204312016565
2012-08-11,41.99211354304743
2012-08-12,41.94139521965369
2012-08-13,41.91259370008866
2012-08-14,48.369666740375386
2012-08-15,41.92074106731545
2012-08-16,41.95768995291176
2012-08-17,42.0165556404192
2012-08-18,42.09733813018786
2012-08-19,42.200037422751294
2012-08-20,42.51558731038403
2012-08-21,43.043987796689485
2012-08-22,43.78523887657937
2012-08-23,44.739340555808205
2012-08-24,45.90629283124941
2012-08-25,47.286095705627154
2012-08-26,48.878749175315384
2012-08-27,50.04597216922411
2012-08-28,57.74753738431771
2012-08-29,51.104126724599126
2012-08-30,50.99505828720887
2012-08-31,50.460559373061585
2012-09-01,49.500629982472304
2012-09-02,48.139705170251915
2012-09-03,53.87132487568134
2012-09-04,46.40380352537267
2012-09-05,46.02882669288877
2012-09-06,45.98249918740482
2012-09-07,53.36691095796611
2012-09-08,46.8757921538663
2012-09-09,47.8154126283365
2012-09-10,48.23846146724859
2012-09-11,48.14493867013036
2012-09-12,47.53484423578394
2012-09-13,46.4081781680699
2012-09-14,44.764940463970596
2012-09-15,42.60513112386707
2012-09-16,39.92875014555686
2012-09-17,37.738583043891325
2012-09-18,36.03462981824488
2012-09-19,34.816890467370676
2012-09-20,39.854569711811166
2012-09-21,33.84005338716187
2012-09-22,34.08095565886742
2012-09-23,34.80807180776738
2012-09-24,35.45220330261603
2012-09-25,36.01335014521631
2012-09-26,36.491512336726984
2012-09-27,36.886689878131094
2012-09-28,37.19888276688886
2012-09-29,37.42809100374226
2012-09-30,37.57431458851313
2012-10-01,43.897007338042336
2012-10-02,37.45776522448766
2012-10-03,37.17560096943769
2012-10-04,36.744177001305225
2012-10-05,36.163493318288204
2012-10-06,35.43354992126294
2012-10-07,34.55434681136039
2012-10-08,34.07863469531709
2012-10-09,46.0421682501976
2012-10-10,34.33768344377242
2012-10-11,35.07244431243931
2012-10-12,42.83992558165862
2012-10-13,37.752439035085025
2012-10-14,39.69767288778745
2012-10-15,41.23598338480246
2012-10-16,42.36737052693928
2012-10-17,43.09183431119378
2012-10-18,43.409374739871765
2012-10-19,43.31999181065791
2012-10-20,42.8236855259893
2012-10-21,41.920455885980715
2012-10-22,40.967347561966065
2012-10-23,47.22560097778455
2012-10-24,50.98703715211556
2012-10-25,37.80875047450424
2012-10-26,36.65612740779219
2012-10-27,35.453625655595175
2012-10-28,34.20124521703073
2012-10-29,33.10509606086894
2012-10-30,32.165178187553565
2012-10-31,31.381491597533888
2012-11-01,30.75403628632278
2012-11-02,30.289065800392148
2012-11-03,29.98658013657891
2012-11-04,41.78286493026269
2012-11-05,29.733680584243814
2012-11-06,29.647883996590345
2012-11-07,29.589189535254363
2012-11-08,29.557597200383867
2012-11-09,29.553106992450605
2012-11-10,29.57571890916708
2012-11-11,29.625432952258233
2012-11-12,29.77237808365799
2012-11-13,30.01655430184196
2012-11-14,30.35796160878402
2012-11-15,30.796600004122578
2012-11-16,31.332469486024234
2012-11-17,31.965570056792366
2012-11-18,32.695901716032694
2012-11-19,33.38473089734877
2012-11-20,48.49485702857325
2012-11-21,34.63788183406738
2012-11-22,35.202203588589306
2012-11-23,35.72502286734931
2012-11-24,36.206339671529435
2012-11-25,36.64615399845415
2012-11-26,36.9044122045829
2012-11-27,36.98111428930841
2012-11-28,48.84927291783336
2012-11-29,36.58985009349959
2012-11-30,36.121883812945285
2012-12-01,35.47236141088989
2012-12-02,34.657033884512515
2012-12-03,33.77126668339704
2012-12-04,32.81505980960737
2012-12-05,31.788413264811382
2012-12-06,30.691327046112058
2012-12-07,29.523801151876654
2012-12-08,28.2858355864086
2012-12-09,26.977430346397
2012-12-10,26.04721459881144
2012-12-11,25.49518834199054
2012-12-12,25.321351577096234
2012-12-13,25.525704306080236
2012-12-14,26.108246528244035
2012-12-15,27.068978242716966
2012-12-16,38.27522890562474
2012-12-17,29.436702574834946
2012-12-18,30.15538762278641
2012-12-19,30.563954591067752
2012-12-20,30.66240347707288
2012-12-21,30.45073428303024
2012-12-22,29.92894700947871
2012-12-23,29.09704165654074
2012-12-24,44.838007647881916
2012-12-25,29.406702452512683
2012-12-26,30.548268600671598
2012-12-27,32.347658586227915
2012-12-28,34.80487240529676
2012-12-29,37.91991005846346
2012-12-30,41.692771546835
2012-12-31,44.572195793162834
2013-01-01,46.55818279361333
2013-01-02,47.61702815000727
2013-01-03,47.74873185790034
2013-01-04,46.953293920855856
2013-01-05,45.23071433697315
2013-01-06,42.58099310632902
2013-01-07,40.415741576762436
2013-01-08,38.734959750291694
2013-01-09,37.53864762235454
2013-01-10,44.33748338869309
2013-01-11,36.59943247282419
2013-01-12,36.856529449245166
2013-01-13,48.50602484402175
2013-01-14,47.5005447946941
2013-01-15,46.25229606472961
2013-01-16,48.43551222285932
2013-01-17,41.05953573665424
2013-01-18,42.048688865572736
2013-01-19,43.08735928302235
2013-01-20,60.07070069083013
2013-01-21,67.3749352312968
2013-01-22,49.32374110747209
2013-01-23,46.0628256624327
2013-01-24,46.232823734242764
2013-01-25,46.173274396431594
2013-01-26,45.88417765115634
2013-01-27,45.36553349843083
2013-01-28,44.734978782355626
2013-01-29,47.97127537909247
2013-01-30,53.72164424880771
2013-01-31,52.0789683222779
2013-02-01,41.093654276080976
2013-02-02,39.937365068769864
2013-02-03,38.70298362489031
2013-02-04,44.853317216509865
2013-02-05,37.08209599336996
2013-02-06,43.81757356737569
2013-02-07,36.591708703303
2013-02-08,36.77045268630704
2013-02-09,37.23182175537871
2013-02-10,37.97581590939194
2013-02-11,38.46751229140136
2013-02-12,38.70691089852458
2013-02-13,38.694011733852136
2013-02-14,38.428814794881745
2013-02-15,37.91132008212081
2013-02-16,37.14152759647237
2013-02-17,36.119437338068195
2013-02-18,48.8020939602765
2013-02-19,35.26262202667074
2013-02-20,35.427896974279875
2013-02-21,35.98896032512542
2013-02-22,36.945812077650416
2013-02-23,38.29845223550218
2013-02-24,40.046880793396205
2013-02-25,41.36702997543159
2013-02-26,42.25889977958907
2013-02-27,42.722490209937135
2013-02-28,42.757801262674
2013-03-01,46.781258623416655
2013-03-02,41.52465187744334
2013-03-03,40.237258082398334
2013-03-04,44.17402521083018
2013-03-05,38.4742776534279
2013-03-06,37.998691015763804
2013-03-07,37.79370676687691
2013-03-08,37.85932490611942
2013-03-09,38.19554543145578
2013-03-10,55.458077678639484
2013-03-11,42.001061111331296
2013-03-12,41.87857146783645
2013-03-13,49.739174030198896
2013-03-14,47.45807814727645
2013-03-15,41.60024091953035
2013-03-16,44.85791273499473
2013-03-17,46.030878908831745
2013-03-18,50.93578058473474
2013-03-19,43.10054358937669
2013-03-20,43.095366827839
2013-03-21,42.922938924664976
2013-03-22,42.583259884272486
2013-03-23,42.07632970486509
2013-03-24,41.40214838644761
2013-03-25,43.279430297967046
2013-03-26,40.87694735312497
2013-03-27,41.025927640372785
2013-03-28,46.70126080916891
2013-03-29,55.47590211091651
2013-03-30,46.06347550273641
2013-03-31,51.78611171013567
2013-04-01,45.435829205989194
2013-04-02,46.33481612214305
2013-04-03,56.81064815508925
2013-04-04,53.18969213516787
2013-04-05,50.37241129324907
2013-04-06,48.21954896556718
2013-04-07,65.33181692643043
2013-04-08,58.10665465084282
2013-04-09,47.790650564007166
2013-04-10,55.39166737995194
2013-04-11,46.57299009395197
2013-04-12,45.6846413979472
2013-04-13,44.60994705964709
2013-04-14,50.03322703714717
2013-04-15,42.39662851707229
2013-04-16,41.753111360919974
2013-04-17,41.418355614976086
2013-04-18,41.39236128240196
2013-04-19,41.6751283592743
2013-04-20,49.56768489266917
2013-04-21,43.16694674556468
2013-04-22,44.04691591638111
2013-04-23,58.37467331298065
2013-04-24,45.74589206961417
2013-04-25,46.56489905046712
2013-04-26,47.36358530568188
2013-04-27,48.14195083040949
2013-04-28,69.01263691697463
2013-04-29,49.25172260727201
2013-04-30,55.00612411612579
2013-05-01,54.84362261062055
2013-05-02,52.51432618635028
2013-05-03,47.66014627220556
2013-05-04,44.856659027966415
2013-05-05,44.30280254850443
2013-05-06,41.27218252453267
2013-05-07,40.47963177683998
2013-05-08,40.353539365395946
2013-05-09,47.963859091423586
2013-05-10,42.10072955853579
2013-05-11,43.974012158491256
2013-05-12,47.86653213556424
2013-05-13,48.46894589620723
2013-05-14,57.856795739265955
2013-05-15,62.90016747164787
2013-05-16,50.82723546359447
2013-05-17,55.57683853179667
2013-05-18,49.47668781770298
2013-05-19,47.924591786476334
2013-05-20,46.51503886485129
2013-05-21,46.28250713954186
2013-05-22,56.37814892875826
2013-05-23,53.16811867993592
2013-05-24,42.30225825900009
2013-05-25,43.1295927363813
2013-05-26,41.05112660611198
2013-05-27,48.611730362047744
2013-05-28,47.15866226822716
2013-05-29,46.73829606268373
2013-05-30,41.40238273860917
2013-05-31,42.13230507808322
2013-06-01,43.1190707395576
2013-06-02,53.253336101759636
2013-06-03,49.10830545649508
2013-06-04,52.26876198846329
2013-06-05,57.820934780374174
2013-06-06,45.691970160311435
2013-06-07,45.08598030736891
2013-06-08,44.10646721255209
2013-06-09,46.499588206228424
2013-06-10,42.75782479063089
2013-06-11,55.64122519720398
2013-06-12,41.65274034655219
2013-06-13,43.631393312808925
2013-06-14,40.64889662372154
2013-06-15,41.160119266460384
2013-06-16,41.98205174289336
2013-06-17,51.35609249809096
2013-06-18,42.90305028754959
2013-06-19,43.00211635596992
2013-06-20,42.86022695851155
2013-06-21,42.47738209379
2013-06-22,41.85358176024027
2013-06-23,40.988825955462545
2013-06-24,40.547765908929435
2013-06-25,41.6505761128011
2013-06-26,40.936733077191434
2013-06-27,50.28131071024361
2013-06-28,43.02048326044381
2013-06-29,47.52282291993156
2013-06-30,63.01247111947761
2013-07-01,60.38628998019634
2013-07-02,63.26655029576808
2013-07-03,57.01140835668415
2013-07-04,49.439131251496136
2013-07-05,48.64649940395166
2013-07-06,60.482292768626266
2013-07-07,45.31804304810128
2013-07-08,46.41572773990182
2013-07-09,43.34899547845623
2013-07-10,54.71396716360116
2013-07-11,43.96724524356281
2013-07-12,45.2466066281501
2013-07-13,47.17279234536235
2013-07-14,49.74580239689186
2013-07-15,52.75367706205817
2013-07-16,62.4032848658582
2013-07-17,52.315434563942844
2013-07-18,51.45551262250607
2013-07-19,49.73735768170926
2013-07-20,47.16096974208955
2013-07-21,43.72634880514145
2013-07-22,40.95467965750074
2013-07-23,38.84596230110661
2013-07-24,47.867401058422416
2013-07-25,36.61738295851191
2013-07-26,36.497520972213714
2013-07-27,37.0406107774488
2013-07-28,55.673629394842614
2013-07-29,39.49909242042533
2013-07-30,40.79793092519809
2013-07-31,42.14316788596565
2013-08-01,43.53480330404358
2013-08-02,44.972681455702414
2013-08-03,46.45680234106348
2013-08-04,47.987165962081136
2013-08-05,49.25908015964138
2013-08-06,50.27254493242945
2013-08-07,51.02756028114188
2013-08-08,63.07477799147061
2013-08-09,51.76224270180855
2013-08-10,51.74190977774231
2013-08-11,73.22695489902983
2013-08-12,51.28286053329391
2013-08-13,51.201109094477765
2013-08-14,64.22842444795502
2013-08-15,51.333152580754174
2013-08-16,51.546947505276776
2013-08-17,51.859257885622654
2013-08-18,52.27008372101038
2013-08-19,62.8858541487591
2013-08-20,52.49318224430761
2013-08-21,63.187368666387876
2013-08-22,51.918209902273965
2013-08-23,51.33144715617733
2013-08-24,61.84485042787696
2013-08-25,49.559368517048114
2013-08-26,62.15312919257812
2013-08-27,48.45925470907318
2013-08-28,59.4854723363336
2013-08-29,48.52111763125808
2013-08-30,59.014270297562135
2013-08-31,49.74495728322208
2013-09-01,62.56975354093679
2013-09-02,62.89547386035833
2013-09-03,51.915746804109325
2013-09-04,61.3810921554262
2013-09-05,51.742616854333555
2013-09-06,51.169954990331995
2013-09-07,50.273228533435045
2013-09-08,63.57797892320918
2013-09-09,66.43459208741773
2013-09-10,57.02507990902593
2013-09-11,47.48772669958758
2013-09-12,56.83642335127083
2013-09-13,60.14881758345184
2013-09-14,62.776344121591706
2013-09-15,50.295991160481435
2013-09-16,51.024714447987186
2013-09-17,51.25567931691967
2013-09-18,50.988885769778754
2013-09-19,50.224333806447746
2013-09-20,48.962023423728255
2013-09-21,47.201954624498256
2013-09-22,44.944127406722856
2013-09-23,43.37910996321958
2013-09-24,42.506902291927545
2013-09-25,42.32750439169342
2013-09-26,42.840916263966044
2013-09-27,44.047137911054506
2013-09-28,45.94616932941624
2013-09-29,59.24087997127604
2013-09-30,50.420945768272645
2013-10-01,51.59497507179624
2013-10-02,52.059172120560035
2013-10-03,51.813536913102666
2013-10-04,50.85806944705158
2013-10-05,49.192769724391866
2013-10-06,46.817637746552855
2013-10-07,56.319047750373585
2013-10-08,43.540859306261936
2013-10-09,42.639212842890174
2013-10-10,53.42894290230693
2013-10-11,42.30940542968397
2013-10-12,42.88124448191007
2013-10-13,43.94424536952988
2013-10-14,53.41761938953485
2013-10-15,45.101219578817805
2013-10-16,45.195192900972245
2013-10-17,55.92764600513954
2013-10-18,44.41411197550738
2013-10-19,43.539057727060765
2013-10-20,57.97752847048291
2013-10-21,41.4099318175011
2013-10-22,49.45017705790066
2013-10-23,40.34880975126006
2013-10-24,40.2187501615025
2013-10-25,40.3556915332585
2013-10-26,40.75963386617781
2013-10-27,41.43057715927198
2013-10-28,52.4719411539948
2013-10-29,42.37193177911861
2013-10-30,42.642343107659386
2013-10-31,42.77924377767893
2013-11-01,42.78263379148602
2013-11-02,42.659684894204936
2013-11-03,42.410397082397374
2013-11-04,51.76704645784044
2013-11-05,50.8052177731849
2013-11-06,41.04908288323307
2013-11-07,40.39082789608027
2013-11-08,39.630331116307694
2013-11-09,38.767592539427696
2013-11-10,47.94845495906805
2013-11-11,37.151012027740194
2013-11-12,36.81279211176106
2013-11-13,36.78795242257519
2013-11-14,37.07649295898945
2013-11-15,37.67841372186481
2013-11-16,52.38012461905066
2013-11-17,52.116770131457685
2013-11-18,49.33389064651227
2013-11-19,41.16677761177566
2013-11-20,41.28247807985919
2013-11-21,41.02718496600622
2013-11-22,49.5092023807812
2013-11-23,39.40361798624366
2013-11-24,38.03534412141088
2013-11-25,37.05938125582006
2013-11-26,36.475729387428714
2013-11-27,36.284388516209006
2013-11-28,36.48535864184727
2013-11-29,37.078639764505674
2013-11-30,38.06423188624226
2013-12-01,39.442135004414084
2013-12-02,40.455425950696764
2013-12-03,41.10410472328677
2013-12-04,41.38817132251892
2013-12-05,41.30762575108116
2013-12-06,40.86246800372098
2013-12-07,40.05269808358713
2013-12-08,38.87831599249969
2013-12-09,38.011832812233315
2013-12-10,37.453248544082754
2013-12-11,37.202563191290025
2013-12-12,37.259776746714444
2013-12-13,37.624889217779405
2013-12-14,38.29790060149654
2013-12-15,39.27881089639297
2013-12-16,40.13742528963391
2013-12-17,40.87374377864307
2013-12-18,51.394883438830604
2013-12-19,41.97949304913092
2013-12-20,42.34892382926718
2013-12-21,42.5960587059258
2013-12-22,42.72089768004152
2013-12-23,42.96304924005067
2013-12-24,43.322513386860955
2013-12-25,43.79929011989084
2013-12-26,68.26595070261152
2013-12-27,45.1047813415247
2013-12-28,45.93349583214631
2013-12-29,46.879522911720436
2013-12-30,47.713308658582186
2013-12-31,48.43485307769448
2014-01-01,49.044156164959226
2014-01-02,49.51998518941403
2014-01-03,49.862340146620525
2014-01-04,50.07122103795057
2014-01-05,50.146627862441164
2014-01-06,62.16988224029702
2014-01-07,61.074784339047106
2014-01-08,51.213487540226645
2014-01-09,51.8493204985832
2014-01-10,64.20345705264606
2014-01-11,53.541306014234216
2014-01-12,64.94223945513299
2014-01-13,67.34855863693019
2014-01-14,65.27615829241859
2014-01-15,55.60171034565971
2014-01-16,55.21505896878114
2014-01-17,63.40002702555238
2014-01-18,53.35965326837786
2014-01-19,66.47153092852135
2014-01-20,59.76406364223414
2014-01-21,50.75604601350534
2014-01-22,61.300062509697455
2014-01-23,52.02473405835304
2014-01-24,53.56040594278791
2014-01-25,55.696963069938434
2014-01-26,71.56431963730773
2014-01-27,60.350722262149745
2014-01-28,61.44591353419462
2014-01-29,61.71997925504046
2014-01-30,61.17291942614191
2014-01-31,59.80473404867463
2014-02-01,57.61542312143239
2014-02-02,67.0317876016391
2014-02-03,52.20276309905045
2014-02-04,58.21078226776022
2014-02-05,71.11793619742909
2014-02-06,48.44941154963526
2014-02-07,48.36246462979537
2014-02-08,48.85760284102984
2014-02-09,60.95599658264729
2014-02-10,60.73287960957779
2014-02-11,62.193493730177636
2014-02-12,61.33918325621809
2014-02-13,53.574478220492956
2014-02-14,54.317080898861356
2014-02-15,54.99275944352024
2014-02-16,55.60151385697376
2014-02-17,65.36626774868738
2014-02-18,65.26700904973546
2014-02-19,56.621320060451566
2014-02-20,56.692436448918734
2014-02-21,65.24163250353294
2014-02-22,56.43144070878258
2014-02-23,68.154977066127
2014-02-24,65.00600137916943
2014-02-25,55.10118787506472
2014-02-26,54.43515930063386
2014-02-27,53.657825245295626
2014-02-28,52.769185707586296
2014-03-01,51.769240690715385
2014-03-02,61.75224894433012
2014-03-03,60.68679240662383
2014-03-04,59.19616529428169
2014-03-05,49.0443305165625
2014-03-06,57.99692481047489
2014-03-07,49.427914799199584
2014-03-08,50.05621678199888
2014-03-09,65.45821855957874
2014-03-10,59.77484246270606
2014-03-11,51.80573835878242
2014-03-12,60.88768897623048
2014-03-13,51.29141265261353
2014-03-14,50.53004777077582
2014-03-15,49.43254820390764
2014-03-16,47.998913954124326
2014-03-17,46.882335499313186
2014-03-18,55.01513326139758
2014-03-19,45.600345991376294
2014-03-20,54.46978498474386
2014-03-21,55.74160422808462
2014-03-22,46.055280226940596
2014-03-23,46.841036567288754
2014-03-24,47.46536986149353
2014-03-25,47.92828010238121
2014-03-26,56.82389294916178
2014-03-27,48.36983143136759
2014-03-28,48.348472518141094
2014-03-29,48.16569055532411
2014-03-30,47.821485541140184
2014-03-31,47.397737416103496
2014-04-01,46.894446183620246
2014-04-02,46.33328121504253
2014-04-03,45.71424251601088
2014-04-04,53.337639475540925
2014-04-05,44.30254391107201
2014-04-06,43.50988400756689
2014-04-07,43.003049371033725
2014-04-08,42.78203999632268
2014-04-09,42.84685588803964
2014-04-10,43.197497040926095
2014-04-11,54.1986381514608
2014-04-12,44.75625514541806
2014-04-13,45.96437209361575
2014-04-14,57.32286385790972
2014-04-15,56.13289392581069
2014-04-16,49.237932725973465
2014-04-17,48.65384113104156
2014-04-18,48.79045869991413
2014-04-19,48.712776394274385
2014-04-20,48.42079421134606
2014-04-21,60.881843393317226
2014-04-22,49.31380067362946
2014-04-23,59.31174687447872
2014-04-24,59.65617389752933
2014-04-25,49.571223174764604
2014-04-26,50.32337694183944
2014-04-27,52.5824385960619
2014-04-28,51.91444411680902
2014-04-29,53.17348299276258
2014-04-30,53.47495286432933
2014-05-01,52.34140230417147
2014-05-02,60.933724097837604
2014-05-03,51.2016470064769
2014-05-04,60.941878575198814
2014-05-05,59.4057603083549
2014-05-06,48.74182362488099
2014-05-07,48.32357827809686
2014-05-08,58.112766944327944
2014-05-09,48.089631255581864
2014-05-10,48.27392958050131
2014-05-11,60.65504285570468
2014-05-12,48.81144235279726
2014-05-13,58.16069490209965
2014-05-14,61.52785688166923
2014-05-15,47.871864079641625
2014-05-16,47.09311200658288
2014-05-17,46.08158027541508
2014-05-18,46.110472686792605
2014-05-19,51.24912653735964
2014-05-20,43.886929639693875
2014-05-21,52.456726486065634
2014-05-22,57.60031025337811
2014-05-23,46.307129599321264
2014-05-24,48.13938527417399
2014-05-25,54.184650672508226
2014-05-26,53.76733729225252
2014-05-27,62.603554546255275
2014-05-28,53.12048262579214
2014-05-29,52.53285277135408
2014-05-30,62.949408778515846
2014-05-31,49.15810803282046
2014-06-01,46.370993147961585
2014-06-02,44.097865139843755
2014-06-03,54.311736675101784
2014-06-04,41.09356975487319
2014-06-05,40.36240237811796
2014-06-06,52.06161369975969
2014-06-07,40.44202825268896
2014-06-08,41.252821505591854
2014-06-09,42.16256465749389
2014-06-10,43.17125771046068
2014-06-11,44.27890066459715
2014-06-12,45.48549351903657
2014-06-13,55.92229478336124
2014-06-14,48.19552893013178
2014-06-15,63.84346996104609
2014-06-16,61.05450288025489
2014-06-17,51.9439576025419
2014-06-18,52.685501158126065
2014-06-19,53.173078382356536
2014-06-20,53.406689273789624
2014-06-21,53.386333830417676
2014-06-22,69.44482956193801
2014-06-23,52.92313603460956
2014-06-24,52.819705774974175
2014-06-25,52.801721271786036
2014-06-26,52.86918252570517
2014-06-27,53.02208953828746
2014-06-28,53.260442308590974
2014-06-29,68.90247406463409
2014-06-30,54.0959202750798
2014-07-01,58.01827774315199
2014-07-02,55.62107218040276
2014-07-03,70.01478892307497
2014-07-04,69.51318049447407
2014-07-05,58.85403411650635
2014-07-06,71.84152281726864
2014-07-07,77.85505666054391
2014-07-08,62.03396003952872
2014-07-09,74.03318118170387
2014-07-10,73.866163219168
2014-07-11,62.78621614365385
2014-07-12,62.497485995208805
2014-07-13,67.13129900705454
2014-07-14,61.69790364666461
2014-07-15,75.40141209628203
2014-07-16,62.167761813182906
2014-07-17,62.87873108783569
2014-07-18,79.44259532984988
2014-07-19,78.32757367171082
2014-07-20,83.26851100175564
2014-07-21,81.20596941793254
2014-07-22,69.0916052033084
2014-07-23,69.60436105795696
2014-07-24,81.37156413611997
2014-07-25,69.4795789638241
2014-07-26,84.77698233192365
2014-07-27,67.82107179332702
2014-07-28,81.94873358428269
2014-07-29,74.34190378106953
2014-07-30,66.12780795410669
2014-07-31,88.10206303430317
2014-08-01,66.14033524213407
2014-08-02,66.5261948793032
2014-08-03,72.61311436669195
2014-08-04,75.12882945248452
2014-08-05,71.22240422241906
2014-08-06,70.99530296174333
2014-08-07,64.79902812189026
2014-08-08,62.95846677651619
2014-08-09,67.30384938502527
2014-08-10,57.7822160857539
2014-08-11,70.53187608676099
2014-08-12,54.226801168544
2014-08-13,53.50869959903796
2014-08-14,53.49700195282366
2014-08-15,61.67178056113061
2014-08-16,72.06489260760017
2014-08-17,74.59476761213395
2014-08-18,59.1322454781875
2014-08-19,59.888557181345845
2014-08-20,72.54215520117711
2014-08-21,59.37437694161793
2014-08-22,70.75634777306
2014-08-23,70.62059127273528
2014-08-24,53.53609748031904
2014-08-25,62.45859800861961
2014-08-26,66.89088306666183
2014-08-27,49.64470134376585
2014-08-28,56.95326585614538
2014-08-29,55.53423349846233
2014-08-30,51.713835657368755
2014-08-31,65.7240764785308
2014-09-01,66.1284396086842
2014-09-02,67.96136446417204
2014-09-03,68.42700568278757
2014-09-04,58.10487936899178
2014-09-05,58.2599374673713
2014-09-06,63.927909386092544
2014-09-07,57.44309239474313
2014-09-08,56.92765732236018
2014-09-09,68.36964079534752
2014-09-10,64.01717871533968
2014-09-11,71.24415280611103
2014-09-12,63.53211514785443
2014-09-13,55.5626970707623
2014-09-14,68.0254603382027
2014-09-15,63.2440004433149
2014-09-16,66.66096929787771
2014-09-17,54.38849271001112
2014-09-18,53.65660484746963
2014-09-19,52.74938227925257
2014-09-20,51.66682500073596
2014-09-21,64.3743872035854
2014-09-22,63.867731234707506
2014-09-23,52.73305231301227
2014-09-24,59.25934738638129
2014-09-25,62.79684231256464
2014-09-26,50.61349908215675
2014-09-27,51.95321749687384
2014-09-28,53.725870977155736
2014-09-29,54.74276583392156
2014-09-30,55.00390206810947
2014-10-01,54.50927968048613
2014-10-02,64.1186251075462
2014-10-03,51.32851439660971
2014-10-04,48.642371501092505
2014-10-05,55.451139795118856
2014-10-06,42.57572109749452
2014-10-07,48.78914990327557
2014-10-08,39.575666924376065
2014-10-09,52.11680190831109
2014-10-10,39.64220898385758
2014-10-11,54.43281921904903
2014-10-12,46.23687010612241
2014-10-13,51.62964502862721
2014-10-14,57.44144217464426
2014-10-15,45.7678330940369
2014-10-16,53.61742442103104
2014-10-17,45.381827644217964
2014-10-18,44.474526121845564
2014-10-19,54.20095279516329
2014-10-20,56.25125113064962
2014-10-21,41.2233007536773
2014-10-22,40.73907682929668
2014-10-23,40.554611839573006
2014-10-24,40.66990578273485
2014-10-25,41.084958658118396
2014-10-26,56.421720367117665
2014-10-27,42.48799535939787
2014-10-28,55.02623753712068
2014-10-29,43.7846843905745
2014-10-30,44.39314853006896
2014-10-31,44.97502575410081
2014-11-01,45.53031606098807
2014-11-02,46.027052446288174
2014-11-03,53.83125665239378
2014-11-04,47.23725234432316
2014-11-05,47.95071585720148
2014-11-06,48.736421744774646
2014-11-07,53.35429998248508
2014-11-08,50.524560646493434
2014-11-09,51.52699366313374
2014-11-10,61.88022065036709
2014-11-11,64.55514077656758
2014-11-12,63.66977258226582
2014-11-13,55.46418609468253
2014-11-14,51.77519789837703
2014-11-15,50.87204657786324
2014-11-16,49.65129786669704
2014-11-17,62.31143461856802
2014-11-18,47.47945447809565
2014-11-19,57.399561479755945
2014-11-20,45.667149794237716
2014-11-21,44.89582446685451
2014-11-22,44.21438381611853
2014-11-23,43.62282784155969
2014-11-24,43.06765325041193
2014-11-25,53.33130473165821
2014-11-26,44.07572296840734
2014-11-27,41.62041777969335
2014-11-28,41.210768723916445
2014-11-29,40.83750105051213
2014-11-30,54.034526317679024
2014-12-01,42.077286596204104
2014-12-02,51.75554516223773
2014-12-03,40.447580551372425
2014-12-04,40.80372484490524
2014-12-05,41.3467803213311
2014-12-06,42.076746981086416
2014-12-07,42.993624822566474
2014-12-08,43.48900838796408
2014-12-09,51.56020905115322
2014-12-10,53.8982683322524
2014-12-11,42.4461934327868
2014-12-12,41.25559989566784
2014-12-13,39.64351208381233
2014-12-14,37.60992999529417
2014-12-15,46.3101449103815
2014-12-16,36.435984720040395
2014-12-17,46.183563446481884
2014-12-18,39.119664637065114
2014-12-19,43.2409992764637
2014-12-20,45.66096975428237
2014-12-21,50.37823176308774
2014-12-22,53.97866653674434
2014-12-23,56.462274076874955
2014-12-24,57.82905438430542
2014-12-25,58.07900746253927
2014-12-26,57.21213330283439
2014-12-27,55.22843191162389
2014-12-28,52.12790328914505
2014-12-29,49.95566422817125
2014-12-30,48.711714729738475
2014-12-31,48.39605479389989
2015-01-01,64.1034948647239
2015-01-02,64.71574361252368
2015-01-03,67.82504970304994
2015-01-04,55.912618534181874
2015-01-05,77.51536535992112
2015-01-06,71.3618875611088
2015-01-07,62.69742925052071
2015-01-08,73.70358789502689
2015-01-09,76.19083559253298
2015-01-10,65.50402094682099
2015-01-11,87.39890554933567
2015-01-12,81.08835549089407
2015-01-13,67.28182634140957
2015-01-14,66.80813653102325
2015-01-15,68.7302817759416
2015-01-16,79.79685433705748
2015-01-17,71.15877001766032
2015-01-18,86.70483291207003
2015-01-19,95.12662152378303
2015-01-20,84.69137919471046
2015-01-21,83.85949569068853
2015-01-22,90.04477579546369
2015-01-23,82.85606488316067
2015-01-24,69.37555909661012
2015-01-25,84.37763724312603
2015-01-26,74.89649440337419
2015-01-27,72.32456179117123
2015-01-28,69.97751945020958
2015-01-29,60.34928006975318
2015-01-30,70.15875994861435
2015-01-31,71.33885462980892
2015-02-01,60.85958391292809
2015-02-02,60.04967189788096
2015-02-03,75.4954997830383
2015-02-04,59.81919536679861
2015-02-05,59.33354690110521
2015-02-06,68.54786299911017
2015-02-07,57.621429577987044
2015-02-08,77.00494724084011
2015-02-09,66.98100766570214
2015-02-10,54.52561638273934
2015-02-11,53.882740910662804
2015-02-12,53.43439657210297
2015-02-13,65.88813668120603
2015-02-14,53.12130127979273
2015-02-15,53.256550330931056
2015-02-16,64.31315633981608
2015-02-17,53.622423706631665
2015-02-18,64.73496176772987
2015-02-19,63.56502357262271
2015-02-20,54.40967195489426
2015-02-21,54.735671555010626
2015-02-22,69.93424471671993
2015-02-23,64.2753979157402
2015-02-24,67.20196904729747
2015-02-25,74.65562099845249
2015-02-26,55.044984459162315
2015-02-27,54.66295387349876
2015-02-28,54.132958898624906
2015-03-01,65.99728120826505
2015-03-02,53.15156998681861
2015-03-03,53.22267025269122
2015-03-04,62.620514556717474
2015-03-05,66.663471569816
2015-03-06,55.6831499331502
2015-03-07,70.9790979330706
2015-03-08,72.92284726939036
2015-03-09,75.07671949761833
2015-03-10,61.92354329288946
2015-03-11,62.707218456232916
2015-03-12,81.24735639261064
2015-03-13,73.26033740178845
2015-03-14,62.738095605920435
2015-03-15,80.81597299194094
2015-03-16,73.86265298318997
2015-03-17,82.75226240971139
2015-03-18,72.24368308637324
2015-03-19,60.19084379021127
2015-03-20,70.90397959358847
2015-03-21,74.58216403486276
2015-03-22,75.56224755930718
2015-03-23,60.127486475113926
2015-03-24,70.25381858684382
2015-03-25,59.46930516497105
2015-03-26,70.52574258542643
2015-03-27,58.085139256072324
2015-03-28,57.12081207537248
2015-03-29,74.21761195391777
2015-03-30,65.76542140290094
2015-03-31,68.64277215197009
2015-04-01,53.148206784929755
2015-04-02,52.45763633183853
2015-04-03,67.99117272751087
2015-04-04,51.52622201609133
2015-04-05,69.58768278781494
2015-04-06,66.04225484426672
2015-04-07,65.08081039693775
2015-04-08,61.84925995658356
2015-04-09,62.077020628711004
2015-04-10,51.83842584079033
2015-04-11,52.30048878137539
2015-04-12,73.56926461899516
2015-04-13,53.23169071715338
2015-04-14,65.36619206659067
2015-04-15,66.45735606774085
2015-04-16,63.740408164930514
2015-04-17,52.36738004329605
2015-04-18,51.58323684288082
2015-04-19,66.62617160671873
2015-04-20,49.91155444691549
2015-04-21,61.35953924028125
2015-04-22,58.954400558864585
2015-04-23,50.0369540709543
2015-04-24,62.776833865675755
2015-04-25,65.78160872867264
2015-04-26,65.79528004460919
2015-04-27,64.41925527149378
2015-04-28,55.62571016097975
2015-04-29,56.48353317233774
2015-04-30,66.98813342009878
2015-05-01,67.69254708796619
2015-05-02,57.83959337177259
2015-05-03,57.83113894695822
2015-05-04,70.43860059925824
2015-05-05,66.69659186805917
2015-05-06,70.27874591758156
2015-05-07,57.033978154604746
2015-05-08,68.14247401207366
2015-05-09,56.177391909020656
2015-05-10,69.28175056144113
2015-05-11,67.96092471509672
2015-05-12,65.0265276109659
2015-05-13,66.32733921265459
2015-05-14,69.43325418774859
2015-05-15,58.557769637629306
2015-05-16,75.11061495280754
2015-05-17,82.45045382756861
2015-05-18,77.18740293856092
2015-05-19,82.21923689123561
2015-05-20,66.0540554261195
2015-05-21,66.43041494952445
2015-05-22,79.28997835143167
2015-05-23,79.54665198850729
2015-05-24,78.87810197288206
2015-05-25,83.5747482170307
2015-05-26,74.51863989588539
2015-05-27,62.94977931451452
2015-05-28,75.64523391069054
2015-05-29,74.1089522218989
2015-05-30,61.92641082326756
2015-05-31,61.81174915037049
2015-06-01,61.54112079237841
2015-06-02,70.20994345514879
2015-06-03,60.6034858958255
2015-06-04,59.93647935837629
2015-06-05,59.137346759752845
2015-06-06,72.05217943190968
2015-06-07,81.01527464211989
2015-06-08,56.39175334778542
2015-06-09,69.5606036315979
2015-06-10,66.09236300552102
2015-06-11,56.01351140514148
2015-06-12,56.512300137679524
2015-06-13,57.32352356409643
2015-06-14,58.44718167833553
2015-06-15,71.19413442863912
2015-06-16,72.77984888962307
2015-06-17,70.88945666292267
2015-06-18,71.73441714965404
2015-06-19,76.30942082572406
2015-06-20,57.4594178721033
2015-06-21,75.20403121403787
2015-06-22,73.88569145945652
2015-06-23,67.90751661082136
2015-06-24,69.48430562417856
2015-06-25,74.796447104616675
2015-06-26,54.34142172364067
2015-06-27,55.12830106981202
2015-06-28,78.71033256472991
2015-06-29,71.23566604691868
2015-06-30,77.78673417173593
2015-07-01,75.88047174969091
2015-07-02,75.49506917966845
2015-07-03,76.8080404628357
2015-07-04,63.904338080835046
2015-07-05,84.84740551563252
2015-07-06,76.9251610335536
2015-07-07,65.56189303402915
2015-07-08,79.9219260744416
2015-07-09,81.17254423250156
2015-07-10,74.12804937764558
2015-07-11,56.36139677005041
2015-07-12,70.84321468353667
2015-07-13,63.523617284333916
2015-07-14,47.22952074619842
2015-07-15,60.38046188199056
2015-07-16,47.61043887207117
2015-07-17,49.74154857701399
2015-07-18,53.16642537552023
2015-07-19,79.01229483819633
2015-07-20,61.944649717577754
2015-07-21,65.34516672542169
2015-07-22,79.963224490641
2015-07-23,87.83471313882146
2015-07-24,93.43573978521509
2015-07-25,72.35660030810128
2015-07-26,72.46180009800999
2015-07-27,72.35856707883082
2015-07-28,72.04690125094454
2015-07-29,83.44472473436156
2015-07-30,70.79827117965533
2015-07-31,84.74187635374777
2015-08-01,68.71590987645762
2015-08-02,67.3452415506205
2015-08-03,87.00793877454214
2015-08-04,76.85542474990746
2015-08-05,77.94852205611774
2015-08-06,76.91859078058548
2015-08-07,64.45532813294
2015-08-08,64.67003109312195
2015-08-09,81.93933772136441
2015-08-10,77.36032565373655
2015-08-11,78.70475279898304
2015-08-12,76.14201672830302
2015-08-13,65.02614780792179
2015-08-14,64.48580890707446
2015-08-15,63.74161592462177
2015-08-16,80.61842207493723
2015-08-17,61.90829503417222
2015-08-18,61.085794430778016
2015-08-19,60.32606706337761
2015-08-20,72.8187085500171
2015-08-21,76.58105951885716
2015-08-22,58.42352434415841
2015-08-23,73.8299374096323
2015-08-24,71.6783495715549
2015-08-25,79.30285493436135
2015-08-26,71.27916509256336
2015-08-27,58.54887521255098
2015-08-28,59.3745023117954
2015-08-29,75.02925019388054
2015-08-30,61.82631344292919
2015-08-31,62.49662508243627
2015-09-01,62.47791663854201
2015-09-02,61.806740269849854
2015-09-03,75.0453644444844
2015-09-04,58.506983747609155
2015-09-05,55.87840359289262
2015-09-06,52.597355509288946
2015-09-07,70.63381070135486
2015-09-08,64.15243234137048
2015-09-09,60.009863097620034
2015-09-10,47.34408304875052
2015-09-11,47.998494899114014
2015-09-12,49.43999873837898
2015-09-13,68.3793944501327
2015-09-14,66.17729491476965
2015-09-15,55.0087114771205
2015-09-16,56.12023256650217
2015-09-17,72.17762863841713
2015-09-18,57.22620000780679
2015-09-19,57.22064635767233
2015-09-20,56.84273446313292
2015-09-21,56.53156578742509
2015-09-22,67.18894786995168
2015-09-23,56.10945807949057
2015-09-24,55.99851904873621
2015-09-25,55.95432323593781
2015-09-26,55.97687063958743
2015-09-27,56.066161259572716
2015-09-28,71.13371421669041
2015-09-29,55.84000762644084
2015-09-30,55.524563377537945
2015-10-01,73.05821118955717
2015-10-02,69.80754967897094
2015-10-03,74.65839007702183
2015-10-04,75.99274770121869
2015-10-05,66.44495384573506
2015-10-06,63.481773150296114
2015-10-07,63.52231992378173
2015-10-08,66.80531988361993
2015-10-09,66.44751497824302
2015-10-10,56.4409747740033
2015-10-11,58.66888959827336
2015-10-12,73.31343812659854
2015-10-13,61.09505887753575
2015-10-14,61.29331333299112
2015-10-15,60.81501433257625
2015-10-16,59.660161877679116
2015-10-17,57.828755966041605
2015-10-18,72.80745504959798
2015-10-19,68.37432332776216
2015-10-20,52.04922074686205
2015-10-21,66.5640498735585
2015-10-22,51.103435409078145
2015-10-23,51.502714182061055
2015-10-24,52.483440582108635
2015-10-25,73.91953018964035
2015-10-26,55.277239349979
2015-10-27,56.17831479819416
2015-10-28,73.09237051245714
2015-10-29,56.98881782018274
2015-10-30,56.89824539653709
2015-10-31,73.06856071129694
2015-11-01,72.91370398635533
2015-11-02,74.46872010003287
2015-11-03,54.338489211198386
2015-11-04,64.24691573091586
2015-11-05,66.5151246751451
2015-11-06,52.54899038957416
2015-11-07,52.03007648032148
2015-11-08,51.549955419572484
2015-11-09,62.43808376171259
2015-11-10,50.198596029793514
2015-11-11,49.327357698652655
2015-11-12,59.58258246895891
2015-11-13,47.19376376344222
2015-11-14,45.93140816130143
2015-11-15,44.538680134741725
2015-11-16,43.492167181138065
2015-11-17,42.79186930222275
2015-11-18,53.49874451783436
2015-11-19,42.42991876859231
2015-11-20,42.76826611102315
2015-11-21,43.45282852782858
2015-11-22,65.67051301630296
2015-11-23,45.353821906766385
2015-11-24,46.063476192030635
2015-11-25,57.42868000600963
2015-11-26,47.00109994853124
2015-11-27,47.22906942400947
2015-11-28,47.2964772953267
2015-11-29,47.203323564339954
2015-11-30,47.207822545499305
2015-12-01,47.309974241595015
2015-12-02,47.515000097541154
2015-12-03,59.04300860932145
2015-12-04,48.233674291530996
2015-12-05,48.747322630473946
2015-12-06,49.36384512869709
2015-12-07,61.09692112925981
2015-12-08,49.92813658011508
2015-12-09,49.875905530613984
2015-12-10,49.600756630823646
2015-12-11,49.102689884869335
2015-12-12,48.38170528770506
2015-12-13,47.437802842343984
2015-12-14,61.61281705064107
2015-12-15,46.682809644322916
2015-12-16,46.87171889317516
2015-12-17,47.438232040181624
2015-12-18,48.38234908342656
2015-12-19,66.09656896158168
2015-12-20,51.40339486600388
2015-12-21,66.90312308589107
2015-12-22,71.59461246900305
2015-12-23,72.9778291565033
2015-12-24,57.14700038648552
2015-12-25,58.31947830674109
2015-12-26,59.386586841713
2015-12-27,79.31783839134718
2015-12-28,61.18926474113572
2015-12-29,61.90940308510802
2015-12-30,62.508741023029906
2015-12-31,62.98727855651538
2016-01-01,63.3450156849792
2016-01-02,76.3196869802053
2016-01-03,83.21111161818328
2016-01-04,76.51753963589886
2016-01-05,74.66063852731642
2016-01-06,76.04890354317716
2016-01-07,63.61344622731643
2016-01-08,63.574307352086834
2016-01-09,76.61093702151389
2016-01-10,84.671998659884
2016-01-11,81.60272048537027
2016-01-12,63.45494648150622
2016-01-13,63.54009531970922
2016-01-14,75.07743858668255
2016-01-15,63.86951794461979
2016-01-16,64.11379173223975
2016-01-17,80.40572991524115
2016-01-18,78.75904177019474
2016-01-19,78.86859858786978
2016-01-20,76.85510754136328
2016-01-21,79.88034000675388
2016-01-22,66.2799375642304
2016-01-23,78.84548420414772
2016-01-24,86.90990761045421
2016-01-25,76.79800516098184
2016-01-26,86.21466681975748
2016-01-27,67.580021700134
2016-01-28,67.35376619338845
2016-01-29,66.95202173746894
2016-01-30,66.37478833740234
2016-01-31,65.62206599386748
2016-02-01,82.53812386089876
2016-02-02,80.97350683258256
2016-02-03,72.9440757833794
2016-02-04,79.9351448508845
2016-02-05,63.2731485866849
2016-02-06,63.103794333754955
2016-02-07,77.03982496354234
2016-02-08,81.16780587113976
2016-02-09,73.55956784164549
2016-02-10,77.15726397355961
2016-02-11,73.23010758506265
2016-02-12,73.69602078928631
2016-02-13,58.85095053661237
2016-02-14,68.08923029457796
2016-02-15,65.36069458432287
2016-02-16,64.61090378914095
2016-02-17,69.67936311837201
2016-02-18,65.66560934184953
2016-02-19,67.09212331163893
2016-02-20,53.11019279240643
2016-02-21,72.38007554155283
2016-02-22,65.66819582145803
2016-02-23,64.71130077515218
2016-02-24,53.35714747525024
2016-02-25,65.6287408506726
2016-02-26,66.15794839667036
2016-02-27,54.99986066337415
2016-02-28,75.51992153209702
2016-02-29,64.55461905610849
2016-03-01,56.480455861380406
2016-03-02,56.32262265962657
2016-03-03,55.84508236579737
2016-03-04,66.14858061857535
2016-03-05,53.93088050388288
2016-03-06,76.00870162767502
2016-03-07,51.31465309749585
2016-03-08,64.47700004638973
2016-03-09,49.72680864013895
2016-03-10,49.318530014646655
2016-03-11,60.846543530078165
2016-03-12,65.32756414967112
2016-03-13,64.05928036526736
2016-03-14,59.571901165853554
2016-03-15,66.02981883626721
2016-03-16,59.79918782375376
2016-03-17,61.37063179985814
2016-03-18,52.402058506342556
2016-03-19,53.14536589937542
2016-03-20,66.80345729309856
2016-03-21,54.505331009233714
2016-03-22,54.80518964113987
2016-03-23,54.851632327696564
2016-03-24,54.644659064134
2016-03-25,68.59963019487002
2016-03-26,53.470464696767664
2016-03-27,52.503243591799965
2016-03-28,51.67944183867321
2016-03-29,62.06001746032659
2016-03-30,50.46209639422192
2016-03-31,61.68653738430346
2016-04-01,49.81842836352165
2016-04-02,63.9397554398007
2016-04-03,64.10374936422268
2016-04-04,61.50033144192331
2016-04-05,64.96235303812054
2016-04-06,60.404997109834206
2016-04-07,49.897219831771984
2016-04-08,60.80678174885684
2016-04-09,50.101842863916325
2016-04-10,67.327170308569265
2016-04-11,60.36039496869227
2016-04-12,50.191016041754175
2016-04-13,50.02240178572103
2016-04-14,49.754618205945754
2016-04-15,59.71255237523776
2016-04-16,48.9215430759883
2016-04-17,59.21827145024714
2016-04-18,57.50962537190365
2016-04-19,48.27171195144516
2016-04-20,58.420855292282106
2016-04-21,49.58189708504965
2016-04-22,62.0994827684981
2016-04-23,52.28680692702843
2016-04-24,75.11505577602907
2016-04-25,66.98170706475203
2016-04-26,70.1595754483027
2016-04-27,69.43448762121325
2016-04-28,68.84794747889838
2016-04-29,56.91816641760469
2016-04-30,56.14504285502833
2016-05-01,66.3296386952592
2016-05-02,64.34772356010838
2016-05-03,53.004324568877884
2016-05-04,52.292720162820075
2016-05-05,67.1664688727746
2016-05-06,51.372463876413526
2016-05-07,51.16381199771504
2016-05-08,65.42799020541506
2016-05-09,61.17615194244215
2016-05-10,50.96894239642954
2016-05-11,62.295015259498044
2016-05-12,50.71925182957323
2016-05-13,50.55847329891761
2016-05-14,50.373739269451924
2016-05-15,50.165049738238004
2016-05-16,62.47383618688963
2016-05-17,50.05888743902809
2016-05-18,59.31256699132203
2016-05-19,61.32916979619878
2016-05-20,50.677685896349374
2016-05-21,51.09142988937188
2016-05-22,67.28523459971471
2016-05-23,64.39166114915562
2016-05-24,62.00458148914451
2016-05-25,52.93161837882037
2016-05-26,53.29593918482761
2016-05-27,67.94551222204427
2016-05-28,53.90970921447599
2016-05-29,65.43894836252264
2016-05-30,54.0335549071817
2016-05-31,53.53289861864117
2016-06-01,62.74335093384815
2016-06-02,51.4152469603011
2016-06-03,58.75928500243676
2016-06-04,47.83266102655011
2016-06-05,68.52904897921545
2016-06-06,59.623136554398954
2016-06-07,53.843300781551505
2016-06-08,43.12336709837658
2016-06-09,52.51576269858928
2016-06-10,60.5168099290109
2016-06-11,67.07141823686403
2016-06-12,61.963351356500006
2016-06-13,63.74669335879848
2016-06-14,67.72650523184677
2016-06-15,70.64020223434609
2016-06-16,66.04219012442955
2016-06-17,56.24015078983971
2016-06-18,55.31890128050251
2016-06-19,66.93890252174185
2016-06-20,64.04051315782897
2016-06-21,60.31067404759766
2016-06-22,52.088924262003864
2016-06-23,64.59449293396874
2016-06-24,53.601911503814335
2016-06-25,55.14039906137867
2016-06-26,69.77310344516671
2016-06-27,71.32069260522898
2016-06-28,72.35605407548624
2016-06-29,61.738654601111406
2016-06-30,73.08903204560205
2016-07-01,79.35160564160863
2016-07-02,63.77883031713005
2016-07-03,78.09461047920736
2016-07-04,83.08972700403048
2016-07-05,75.4419137236295
2016-07-06,77.29298048833098
2016-07-07,64.83003745844198
2016-07-08,65.2479220680895
2016-07-09,65.73502107066551
2016-07-10,82.5246829283582
2016-07-11,77.27638946040445
2016-07-12,82.33747472972226
2016-07-13,78.13243029802358
2016-07-14,66.57106186905916
2016-07-15,66.15461217148172
2016-07-16,65.54360985767693
2016-07-17,64.73805492152374
2016-07-18,76.69113746261348
2016-07-19,63.80355773673479
2016-07-20,78.11752110377762
2016-07-21,75.82685928955844
2016-07-22,76.19490095554679
2016-07-23,77.69747424166034
2016-07-24,81.66593408902702
2016-07-25,80.23979712966984
2016-07-26,66.32615517521964
2016-07-27,80.25129014254946
2016-07-28,66.39211099143573
2016-07-29,66.10784743107702
2016-07-30,65.6120895596967
2016-07-31,77.3981496722084
2016-08-01,79.89862915923102
2016-08-02,76.69924105117597
2016-08-03,63.78143584782099
2016-08-04,76.99385806660929
2016-08-05,63.976001396484314
2016-08-06,64.35633414348959
2016-08-07,64.92536686818474
2016-08-08,85.93831987435962
2016-08-09,65.52850654701223
2016-08-10,76.14612009064624
2016-08-11,65.41841185650784
2016-08-12,65.09590162630268
2016-08-13,64.59508280203616
2016-08-14,63.91595538775988
2016-08-15,63.18318760708627
2016-08-16,72.26410891941492
2016-08-17,72.14023754965534
2016-08-18,60.66304208346521
2016-08-19,76.34693749281887
2016-08-20,58.714743244360974
2016-08-21,57.66013327824704
2016-08-22,66.66224907083443
2016-08-23,66.69648767727543
2016-08-24,56.33049481847598
2016-08-25,66.22675193559638
2016-08-26,69.08789196355148
2016-08-27,71.41919056688359
2016-08-28,74.47395774253505
2016-08-29,70.04896702900007
2016-08-30,60.94924555070169
2016-08-31,74.38952454649845
2016-09-01,74.14317712713091
2016-09-02,63.93758693000483
2016-09-03,64.84029810709276
2016-09-04,79.65633777083418
2016-09-05,82.68137339494113
2016-09-06,77.67074406691376
2016-09-07,82.97878439752768
2016-09-08,66.8733381118783
2016-09-09,66.61397990571263
2016-09-10,66.13263295882575
2016-09-11,79.15602575523583
2016-09-12,74.24311205064157
2016-09-13,63.92699176376009
2016-09-14,77.57092754345922
2016-09-15,62.29717404536704
2016-09-16,61.434448108689324
2016-09-17,72.07825356589649
2016-09-18,74.81223245357009
2016-09-19,70.25053685795675
2016-09-20,58.671680104585995
2016-09-21,76.52418158237518
2016-09-22,58.94504092506692
2016-09-23,59.537362385568365
2016-09-24,60.43344454704708
2016-09-25,79.7963353778351
2016-09-26,77.67061591073923
2016-09-27,76.37714027755075
2016-09-28,76.59229799625606
2016-09-29,77.14235431696993
2016-09-30,65.19580217920466
2016-10-01,65.42096522662526
2016-10-02,78.32279936755565
2016-10-03,74.9861927961591
2016-10-04,74.80760966264525
2016-10-05,74.37602680964658
2016-10-06,63.33442100455986
2016-10-07,62.1856582657864
2016-10-08,60.79307756209193
2016-10-09,75.15130163918191
2016-10-10,66.51525644079817
2016-10-11,67.82909031008768
2016-10-12,65.24671191234583
2016-10-13,56.61958983725813
2016-10-14,66.05902105974006
2016-10-15,57.75614868272778
2016-10-16,82.79827521455542
2016-10-17,67.92217090249727
2016-10-18,76.39014959677219
2016-10-19,73.58698296833535
2016-10-20,69.83296720581103
2016-10-21,60.42704212130414
2016-10-22,72.34521324757607
2016-10-23,76.05894627916605
2016-10-24,58.29353025195954
2016-10-25,57.740894136580955
2016-10-26,68.16356353669802
2016-10-27,66.2459938545014
2016-10-28,57.00142505638045
2016-10-29,70.29046502902936
2016-10-30,68.3347697495514
2016-10-31,67.24926658100175
2016-11-01,65.80053933786976
2016-11-02,68.85397706492114
2016-11-03,62.92157699610736
2016-11-04,61.99633859307216
2016-11-05,51.45325137336458
2016-11-06,58.77637815062348
2016-11-07,47.90588685805274
2016-11-08,55.67899131343489
2016-11-09,47.241737465597716
2016-11-10,47.99086843840412
2016-11-11,49.46080319323855
2016-11-12,62.07589784686447
2016-11-13,76.36669913173874
2016-11-14,65.6777080524715
2016-11-15,71.94507479686804
2016-11-16,67.51640431776013
2016-11-17,67.6701422248032
2016-11-18,67.55219902551875
2016-11-19,67.74102548614253
2016-11-20,75.89420792873426
2016-11-21,59.68139064645129
2016-11-22,50.74291232466854
2016-11-23,57.65453510164183
2016-11-24,49.43700688176886
2016-11-25,49.50381102125363
2016-11-26,50.05045306842848
2016-11-27,65.69888292481082
2016-11-28,51.78689093214077
2016-11-29,52.18032679062319
2016-11-30,52.25724060267299
2016-12-01,61.56666087421691
2016-12-02,51.46852903397285
2016-12-03,50.60993060113663
2016-12-04,66.35463563491251
2016-12-05,56.83617689732075
2016-12-06,47.7818408031701
2016-12-07,55.865700207077026
2016-12-08,47.02343226239039
2016-12-09,46.98232338841837
2016-12-10,47.166611446002165
2016-12-11,47.5762964339877
2016-12-12,55.62378509102813
2016-12-13,47.9139575761644
2016-12-14,58.58459079905978
2016-12-15,57.39709449086475
2016-12-16,57.083506658796104
2016-12-17,57.0072254034864
2016-12-18,55.81547168635675
2016-12-19,54.40672494343685
2016-12-20,46.14563459854608
2016-12-21,55.6882819468318
2016-12-22,58.33573749011186
2016-12-23,50.507115535112874
2016-12-24,53.04500714972768
2016-12-25,56.12493108283641
2016-12-26,70.27995722077944
2016-12-27,60.65613151672452
2016-12-28,77.40574743670258
2016-12-29,78.07541574700716
2016-12-30,63.381313586832135
2016-12-31,77.3086535115202
2017-01-01,74.20114297715942
2017-01-02,74.37216238080535
2017-01-03,78.70163021627995
2017-01-04,74.22796452066626
2017-01-05,75.51190347309975
2017-01-06,61.5088573247931
2017-01-07,61.83917796419483
2017-01-08,76.07132275513202
2017-01-09,75.31598020480523
2017-01-10,63.15403600135845
2017-01-11,76.94606417483976
2017-01-12,73.12462216675222
2017-01-13,63.86472132400055
2017-01-14,77.69408430572325
2017-01-15,83.22027990194923
2017-01-16,78.43821762461646
2017-01-17,73.97119169148229
2017-01-18,74.63044338645157
2017-01-19,76.53208899849633
2017-01-20,72.51435714815909
2017-01-21,63.311788491298785
2017-01-22,79.57309182881775
2017-01-23,74.01916963339929
2017-01-24,71.7223428998399
2017-01-25,73.90072488609688
2017-01-26,71.72146422266641
2017-01-27,60.807922844276625
2017-01-28,60.17858252354491
2017-01-29,74.03103704355081
2017-01-30,66.80122626739315
2017-01-31,59.07924291803852
2017-02-01,74.14084397258252
2017-02-02,69.49528404122111
2017-02-03,73.3810604023756
2017-02-04,62.25767538114042
2017-02-05,81.97882931841112
2017-02-06,76.25377948351455
2017-02-07,81.7728315505579
2017-02-08,74.82868590788864
2017-02-09,84.91314982300979
2017-02-10,76.45609211545612
2017-02-11,76.11521735850107
2017-02-12,76.0921522761483
2017-02-13,74.09813453863407
2017-02-14,73.31617365470865
2017-02-15,75.41734960754789
2017-02-16,76.26375004648871
2017-02-17,62.48673506096524
2017-02-18,62.892540645198764
2017-02-19,82.92900998731876
2017-02-20,76.45142781110349
2017-02-21,64.50438385514515
2017-02-22,80.00907207718126
2017-02-23,75.03671478050703
2017-02-24,64.9851204330065
2017-02-25,81.96289738317164
2017-02-26,84.55113448819043
2017-02-27,77.54478347055216
2017-02-28,77.65464421833745
2017-03-01,74.0783782314654
2017-03-02,72.71634609975263
2017-03-03,71.7781049751974
2017-03-04,74.087045503693
2017-03-05,81.2316118467561
2017-03-06,68.61697479973107
2017-03-07,68.9669205106386
2017-03-08,72.24272670621528
2017-03-09,72.55582580560751
2017-03-10,60.47655216298082
2017-03-11,71.33631124593924
2017-03-12,78.55697371361795
2017-03-13,71.88698805176176
2017-03-14,77.74533312405454
2017-03-15,73.73157956097575
2017-03-16,76.15865106407983
2017-03-17,78.58095338441566
2017-03-18,72.0860599229954
2017-03-19,78.13786071180728
2017-03-20,75.91172999811758
2017-03-21,75.77081218032748
2017-03-22,80.2400907543582
2017-03-23,77.33125012580705
2017-03-24,72.67423835225948
2017-03-25,76.03691584300093
2017-03-26,87.39938878860039
2017-03-27,74.61905953921146
2017-03-28,73.28595309093484
2017-03-29,75.54201473776452
2017-03-30,64.09952411951103
2017-03-31,64.3230882050446
2017-04-01,64.59472231169055
2017-04-02,75.34320604776588
2017-04-03,65.245789372208293
2017-04-04,81.8272526156644
2017-04-05,77.84438935966124
2017-04-06,78.99541045714645
2017-04-07,82.45692526919353
2017-04-08,79.43587004454845
2017-04-09,81.92821184205384
2017-04-10,80.02328826471839
2017-04-11,80.2064811733365
2017-04-12,83.93003865275105
2017-04-13,80.11310887442929
2017-04-14,85.56596077002415
2017-04-15,67.64285313534391
2017-04-16,84.97084223486976
2017-04-17,82.45668103082654
2017-04-18,80.57569026068228
2017-04-19,65.88577594750566
2017-04-20,65.07830912190653
2017-04-21,64.12356328404427
2017-04-22,84.1089763851345
2017-04-23,78.72176016983632
2017-04-24,69.08255429224604
2017-04-25,68.00297199764499
2017-04-26,68.44060476528755
2017-04-27,75.72699350666622
2017-04-28,70.56514311664328
2017-04-29,61.0717278280223
2017-04-30,62.08752944195059
2017-05-01,75.86095141594787
2017-05-02,72.46331885370792
2017-05-03,63.35346596386885
2017-05-04,75.80733571364478
2017-05-05,72.95710842505584
2017-05-06,61.90946493136319
2017-05-07,76.16404994469697
2017-05-08,71.61094402984627
2017-05-09,70.0935498943712
2017-05-10,73.93944323789496
2017-05-11,69.6606212923497
2017-05-12,57.97326119844484
2017-05-13,74.44749414027834
2017-05-14,71.63658472705421
2017-05-15,66.67459784081463
2017-05-16,58.248542060431475
2017-05-17,58.35438444512069
2017-05-18,58.457680769844664
2017-05-19,58.55843103264441
2017-05-20,70.19504468057875
2017-05-21,69.97240187384871
2017-05-22,70.9420019717406
2017-05-23,68.24975548762974
2017-05-24,72.32001853936256
2017-05-25,76.54804641108657
2017-05-26,71.94183725918232
2017-05-27,60.96822344697176
2017-05-28,61.61120866267144
2017-05-29,74.2706798922208
2017-05-30,79.37112869745012
2017-05-31,76.35552841410367
2017-06-01,61.80214382935985
2017-06-02,75.01973885078203
2017-06-03,60.556615248313605
2017-06-04,59.620503728574434
2017-06-05,70.18095297821375
2017-06-06,71.62797647096062
2017-06-07,67.70161037274424
2017-06-08,69.72143222527343
2017-06-09,66.06945734379046
2017-06-10,56.467172399379784
2017-06-11,69.74070719319717
2017-06-12,66.59815050468738
2017-06-13,68.90279885129111
2017-06-14,56.22370999197146
2017-06-15,56.25306659199654
2017-06-16,65.92722200963314
2017-06-17,68.79705646512913
2017-06-18,69.6508568491756
2017-06-19,67.2732151819167
2017-06-20,56.44889281526974
2017-06-21,67.18387548272878
2017-06-22,69.55481327704953
2017-06-23,55.32566910925637
2017-06-24,54.69524563048058
2017-06-25,65.87309999807813
2017-06-26,69.95482847508269
2017-06-27,65.98552821330476
2017-06-28,63.99167914060908
2017-06-29,65.16690982075161
2017-06-30,68.19822883656082
2017-07-01,58.28464200543915
2017-07-02,79.49840435600933
2017-07-03,62.35844331737812
2017-07-04,81.53999815782913
2017-07-05,76.76023555468988
2017-07-06,79.57073719828036
2017-07-07,67.29256038603178
2017-07-08,82.63771386879895
2017-07-09,84.26686174412136
2017-07-10,82.56787878850197
2017-07-11,68.90685172609501
2017-07-12,83.19076218918252
2017-07-13,80.22087524688602
2017-07-14,70.44144083155071
2017-07-15,71.0606040619956
2017-07-16,90.23482678650664
2017-07-17,86.44791259960132
2017-07-18,91.86356040517452
2017-07-19,88.20088966604911
2017-07-20,87.0472792068951
2017-07-21,90.96750014401505
2017-07-22,73.70172408365923
2017-07-23,91.50964397884482
2017-07-24,85.80173113952186
2017-07-25,87.174664403740593
2017-07-26,86.73591097596936
2017-07-27,91.84618032938259
2017-07-28,71.49102362650757
2017-07-29,70.6304500879699
2017-07-30,84.29100736339166
2017-07-31,81.16689629251323
2017-08-01,80.17253872438478
2017-08-02,87.8695234557248
2017-08-03,82.5384015108589
2017-08-04,84.05920964496815
2017-08-05,69.2617810882413
2017-08-06,92.17770213804751
2017-08-07,86.05595113366859
2017-08-08,90.74382827931865
2017-08-09,94.20557889152276
2017-08-10,83.17203211116889
2017-08-11,85.93218488580186
2017-08-12,71.07371219458732
2017-08-13,88.41071274438583
2017-08-14,69.76986543936111
2017-08-15,79.38828078874387
2017-08-16,79.70185579280837
2017-08-17,81.48079279470275
2017-08-18,76.45385796836669
2017-08-19,64.24919010792104
2017-08-20,79.13005014788814
2017-08-21,72.29689970521966
2017-08-22,75.02280713719358
2017-08-23,76.9828853717386
2017-08-24,74.35752300681207
2017-08-25,71.74219000924586
2017-08-26,74.07055110639838
2017-08-27,77.4036320443501
2017-08-28,77.96968339783551
2017-08-29,78.23553753164418
2017-08-30,65.80735119848435
2017-08-31,74.89941595746228
2017-09-01,75.59603337154493
2017-09-02,62.84740129015358
2017-09-03,75.47399329085152
2017-09-04,74.44779925869614
2017-09-05,72.34782789719158
2017-09-06,68.66755221091577
2017-09-07,67.46224873186505
2017-09-08,58.70543752472172
2017-09-09,69.96993840561332
2017-09-10,75.69220630924393
2017-09-11,73.36930004575416
2017-09-12,72.55024811883042
2017-09-13,74.40878528758309
2017-09-14,63.4476340356357
2017-09-15,62.902763729414595
2017-09-16,73.84997036672885
2017-09-17,70.80069324562976
2017-09-18,67.90113239603396
2017-09-19,68.62199241495892
2017-09-20,70.85759008806674
2017-09-21,67.26557946015944
2017-09-22,66.71553893057808
2017-09-23,58.38523619558914
2017-09-24,72.05570390540466
2017-09-25,59.65156041786749
2017-09-26,69.25614301998515
2017-09-27,72.6600300031353
2017-09-28,60.851325713752026
2017-09-29,72.70253369739133
2017-09-30,72.5884322152223
2017-10-01,78.69349334259616
2017-10-02,77.51086868964023
2017-10-03,69.07728529188363
2017-10-04,74.1404560431852
2017-10-05,72.99173701227866
2017-10-06,61.93547053499296
2017-10-07,79.08819539705526
2017-10-08,80.00714142731265
2017-10-09,73.71593445930996
2017-10-10,72.34979821587804
2017-10-11,73.56126319511026
2017-10-12,61.43528188477802
2017-10-13,60.60039030634
2017-10-14,72.03138511872454
2017-10-15,68.73389727693876
2017-10-16,57.145428814839754
2017-10-17,56.22937096000626
2017-10-18,66.22444942055182
2017-10-19,63.85031633769648
2017-10-20,64.21096391364057
2017-10-21,68.43880899243473
2017-10-22,63.22489309243208
2017-10-23,62.706964181934936
2017-10-24,68.07865082352112
2017-10-25,69.35326070610478
2017-10-26,66.053342401465
2017-10-27,59.03432971721195
2017-10-28,60.84921637531221
2017-10-29,71.97545380119958
2017-10-30,74.27000299276183
2017-10-31,65.29510715653197
2017-11-01,80.82748703357663
2017-11-02,65.10290123246048
2017-11-03,80.55730536765537
2017-11-04,62.40421372614874
2017-11-05,74.25943785385219
2017-11-06,67.45081009916433
2017-11-07,63.5034322165119
2017-11-08,64.44647276450603
2017-11-09,54.10626471030471
2017-11-10,63.27842498650235
2017-11-11,52.990981004171054
2017-11-12,63.70794105569342
2017-11-13,52.81931575177181
2017-11-14,63.95222908079388
2017-11-15,52.64401706172115
2017-11-16,60.72676995908922
2017-11-17,61.42648091911887
2017-11-18,60.858200893596354
2017-11-19,69.61002735121838
2017-11-20,58.396133996258044
2017-11-21,62.12097454360715
2017-11-22,59.08040295246589
2017-11-23,59.59930629419945
2017-11-24,50.90585894287245
2017-11-25,62.22406688816774
2017-11-26,62.81799462634366
2017-11-27,58.53525952141764
2017-11-28,48.997879198883744
2017-11-29,55.87939383547824
2017-11-30,48.2173845609239
2017-12-01,47.882799358138804
2017-12-02,47.63519297532237
2017-12-03,63.36971911500912
2017-12-04,60.75002199131506
2017-12-05,55.53199863479972
2017-12-06,56.886695176533635
2017-12-07,48.302249825074426
2017-12-08,56.87403096243585
2017-12-09,60.46022874606548
2017-12-10,65.34728693880312
2017-12-11,61.08724771026787
2017-12-12,58.38298051520707
2017-12-13,52.6191215709853
2017-12-14,65.25037915727913
2017-12-15,62.38076266706827
2017-12-16,54.091842577870985
2017-12-17,63.13601565567618
2017-12-18,62.73803526518371
2017-12-19,56.03347182011717
2017-12-20,65.77013121350316
2017-12-21,68.31416789237977
2017-12-22,60.7411918727277
2017-12-23,62.925118734608056
2017-12-24,79.26248035525742
2017-12-25,77.59297361245159
2017-12-26,70.21097270969305
2017-12-27,85.28611173637685
2017-12-28,86.01484332682938
2017-12-29,76.93295602384495
2017-12-30,92.01295509183306
2017-12-31,81.10101676541166
2018-01-01,95.88457558523021
2018-01-02,99.88781696388807
2018-01-03,98.20967728047637
2018-01-04,93.23588336668865
2018-01-05,100.20815379664641
2018-01-06,101.659723931096
2018-01-07,103.71788706213331
2018-01-08,100.66867311227234
2018-01-09,99.3754463232899
2018-01-10,98.88330384161935
2018-01-11,102.15642326702998
2018-01-12,99.06885562333233
2018-01-13,98.73196560805405
2018-01-14,108.08869269773263
2018-01-15,104.10972062594597
2018-01-16,106.53582947611059
2018-01-17,103.74291339287987
2018-01-18,105.24327385240801
2018-01-19,100.55134301253614
2018-01-20,101.7870416685669
2018-01-21,104.17585557081769
2018-01-22,99.03749638675117
2018-01-23,93.5337355002389
2018-01-24,95.30379571550415
2018-01-25,93.84374567485726
2018-01-26,92.97319678102468
2018-01-27,98.89901756231465
2018-01-28,109.47267660427707
2018-01-29,93.65669903783105
2018-01-30,101.10603308976738
2018-01-31,96.25054757708591
2018-02-01,96.51721952304577
2018-02-02,93.41836461578649
2018-02-03,86.47653142356974
2018-02-04,99.80301692926511
2018-02-05,98.2012251859426
2018-02-06,97.1883275180654
2018-02-07,97.71922677664043
2018-02-08,93.58705443282265
2018-02-09,89.08887330835255
2018-02-10,78.49526630811927
2018-02-11,89.49841609338624
2018-02-12,82.20819258164092
2018-02-13,82.18661053656801
2018-02-14,81.13336056563881
2018-02-15,80.99497540448165
2018-02-16,69.43117206086212
2018-02-17,82.30283739333348
2018-02-18,79.85601907530945
2018-02-19,82.81610926611518
2018-02-20,82.42983184183807
2018-02-21,82.31786010865997
2018-02-22,78.66058266498558
2018-02-23,83.51364799622046
2018-02-24,68.80689106038162
2018-02-25,82.80269342974285
2018-02-26,76.94031546418606
2018-02-27,78.82471312648936
2018-02-28,79.21750739664736
2018-03-01,76.19665022930475
2018-03-02,74.44370471475213
2018-03-03,78.12718906441341
2018-03-04,90.74841373310511
2018-03-05,81.49316127236649
2018-03-06,84.16254412173267
2018-03-07,87.85475474152825
2018-03-08,74.10833801521852
2018-03-09,84.3819927105611
2018-03-10,90.0286333072944
2018-03-11,90.09335695588379
2018-03-12,84.41303198853551
2018-03-13,91.09102495136534
2018-03-14,85.67631381152239
2018-03-15,85.2806352304477
2018-03-16,85.04989971656389
2018-03-17,74.03945151897338
2018-03-18,90.54640400470774
2018-03-19,83.81463956890386
2018-03-20,79.56685374849637
2018-03-21,82.27915365781884
2018-03-22,71.60017229071057
2018-03-23,77.90775658346851
2018-03-24,82.58130095049488
2018-03-25,84.66590253775492
2018-03-26,79.88554925298182
2018-03-27,68.41928538181746
2018-03-28,79.3916478650838
2018-03-29,77.50795826551533
2018-03-30,78.86842954754496
2018-03-31,83.49295552291596
2018-04-01,88.35155599295857
2018-04-02,87.90785819954935
2018-04-03,87.89127925093156
2018-04-04,88.3813943810356
2018-04-05,84.44453886545122
2018-04-06,88.97190118493785
2018-04-07,88.03781476932163
2018-04-08,93.73771572281984
2018-04-09,83.13122418026289
2018-04-10,84.4675494633153
2018-04-11,85.88998118192978
2018-04-12,83.89720888343787
2018-04-13,84.63488937106219
2018-04-14,86.34012507979384
2018-04-15,87.72134869134433
2018-04-16,84.73324566636302
2018-04-17,83.60563893129124
2018-04-18,84.52216364823254
2018-04-19,80.97754414720859
2018-04-20,79.47705610187589
2018-04-21,82.60689472774848
2018-04-22,88.93470574929616
2018-04-23,78.23314423438288
2018-04-24,83.16784519558408
2018-04-25,80.16464450743148
2018-04-26,84.08421778449367
2018-04-27,80.78206654914298
2018-04-28,81.53492014134059
2018-04-29,83.07713323451647
2018-04-30,82.63449941079435
2018-05-01,80.97828635686078
2018-05-02,70.44085492567353
2018-05-03,80.46810359423174
2018-05-04,82.17422113336565
2018-05-05,69.11361330042854
2018-05-06,80.55665982601857
2018-05-07,79.74717304175878
2018-05-08,75.27927860200352
2018-05-09,73.95665931737301
2018-05-10,79.5989265893145
2018-05-11,73.94356340287487
2018-05-12,75.25308677344331
2018-05-13,81.01169496090412
2018-05-14,74.60051406746028
2018-05-15,72.39061893081373
2018-05-16,74.24581346742895
2018-05-17,74.09389493553752
2018-05-18,71.45741191030497
2018-05-19,76.10422480328188
2018-05-20,77.17231368365798
2018-05-21,73.35255543734384
2018-05-22,76.02420903257311
2018-05-23,77.4684764287099
2018-05-24,76.45194144088173
2018-05-25,74.16823263544033
2018-05-26,68.46881859438048
2018-05-27,87.20503246458588
2018-05-28,84.26468847699135
2018-05-29,71.41420973836532
2018-05-30,82.84187282353287
2018-05-31,83.6569966562343
2018-06-01,70.51742125984029
2018-06-02,69.379379702353
2018-06-03,81.11819959706796
2018-06-04,76.05254953180868
2018-06-05,72.88261033055569
2018-06-06,75.34841816115545
2018-06-07,75.09457307809663
2018-06-08,72.12107508241178
2018-06-09,64.91599465973898
2018-06-10,83.08132017850562
2018-06-11,78.27589095463432
2018-06-12,74.81300264098587
2018-06-13,76.5918418797653
2018-06-14,65.68961670555267
2018-06-15,73.44366778230558
2018-06-16,64.51340788075234
2018-06-17,75.24482675003414
2018-06-18,77.60468691896587
2018-06-19,69.92190840161597
2018-06-20,62.581059699159646
2018-06-21,62.803593615311314
2018-06-22,63.308375917662566
2018-06-23,64.09540660458693
2018-06-24,82.05452984655038
2018-06-25,80.46975413102139
2018-06-26,77.8423221895436
2018-06-27,75.99022213673298
2018-06-28,67.96745391547267
2018-06-29,79.74002965441424
2018-06-30,68.48422920717654
2018-07-01,83.60097216208248
2018-07-02,78.81812878451204
2018-07-03,81.23106745668696
2018-07-04,77.90881208435647
2018-07-05,76.45079784798568
2018-07-06,80.83578662572587
2018-07-07,69.45910142208758
2018-07-08,80.63621912068162
2018-07-09,80.97248334397338
2018-07-10,80.41479878872066
2018-07-11,79.24167878276008
2018-07-12,79.50677657342843
2018-07-13,77.2588755600239
2018-07-14,83.19013314065027
2018-07-15,81.26613894675468
2018-07-16,82.19208125029239
2018-07-17,79.56215343233553
2018-07-18,82.1097378109691
2018-07-19,79.47015969746904
2018-07-20,83.89800567099172
2018-07-21,85.0087072356396
2018-07-22,103.07405615601576
2018-07-23,99.94460175834266
2018-07-24,94.63882581424814
2018-07-25,94.97499541904403
2018-07-26,98.3470215362131
2018-07-27,95.37879877813475
2018-07-28,88.03369309594007
2018-07-29,86.87072639960027
2018-07-30,79.15889575344728
2018-07-31,66.51419060010056
2018-08-01,75.21633313848376
2018-08-02,70.22367159136374
2018-08-03,71.25097106252548
2018-08-04,72.70807111495228
2018-08-05,71.41196224564806
2018-08-06,76.52055575522084
2018-08-07,69.27398939066435
2018-08-08,69.38702825440657
2018-08-09,74.9100790276061
2018-08-10,73.19067893904888
2018-08-11,73.86661349331499
2018-08-12,83.61608146801733
2018-08-13,78.31182035938983
2018-08-14,76.47037582769303
2018-08-15,77.39393425539222
2018-08-16,76.78543280852641
2018-08-17,80.41407621426607
2018-08-18,77.41784454403842
2018-08-19,83.83114816806065
2018-08-20,78.25129612774214
2018-08-21,83.43680635996479
2018-08-22,80.28962185574161
2018-08-23,77.52323112760146
2018-08-24,75.137634172801
2018-08-25,76.1169024023754
2018-08-26,74.382711897354
2018-08-27,69.25122417201403
2018-08-28,74.39407715511855
2018-08-29,69.65272076433291
2018-08-30,69.14410819849023
2018-08-31,65.62689284102802
2018-09-01,69.20712985991365
2018-09-02,77.50777111821428
2018-09-03,71.89438241137762
2018-09-04,70.96767551478143
2018-09-05,70.60963188586538
2018-09-06,71.41706580706946
2018-09-07,68.97355159676964
2018-09-08,71.77374585948452
2018-09-09,77.31102861404143
2018-09-10,61.310591320222684
2018-09-11,78.03050364893663
2018-09-12,73.22952915597386
2018-09-13,68.76025230808675
2018-09-14,74.33697325254275
2018-09-15,73.14789276931671
2018-09-16,77.82098894249913
2018-09-17,72.21863549820335
2018-09-18,71.69885328158877
2018-09-19,69.9354109101738
2018-09-20,70.15110550497306
2018-09-21,70.47591898404934
2018-09-22,72.38199324269135
2018-09-23,79.52978920353809
2018-09-24,62.32599905095745
2018-09-25,74.30333355789939
2018-09-26,73.88373109930556
2018-09-27,73.09529489287787
2018-09-28,71.9196614193235
2018-09-29,60.03653448530652
2018-09-30,70.41607742157665
2018-10-01,69.06807104926317
2018-10-02,70.61278706502796
2018-10-03,70.5542245503394
2018-10-04,68.23588779246822
2018-10-05,58.2665544495803
2018-10-06,69.45246051512824
2018-10-07,74.30036141342849
2018-10-08,71.90696460462884
2018-10-09,72.4181128754811
2018-10-10,75.67771633638073
2018-10-11,71.1787830479305
2018-10-12,70.41687424746428
2018-10-13,60.53752848427737
2018-10-14,77.20269452563177
2018-10-15,70.32175967759167
2018-10-16,75.54443035894393
2018-10-17,65.37746200052237
2018-10-18,69.74114391806448
2018-10-19,65.28014389140212
2018-10-20,69.81931513225571
2018-10-21,76.67433768620101
2018-10-22,65.74340415031467
2018-10-23,64.95742290776644
2018-10-24,70.41720731424253
2018-10-25,67.93081981686248
2018-10-26,65.77102452913542
2018-10-27,70.54868734391724
2018-10-28,75.5243977553019
2018-10-29,70.22575637118908
2018-10-30,69.52568114938686
2018-10-31,69.09956398783679
2018-11-01,64.69012967480346
2018-11-02,65.26465982710802
2018-11-03,55.84311597589913
2018-11-04,70.92136360076563
2018-11-05,72.46088212208866
2018-11-06,64.50011484415155
2018-11-07,66.61457020760243
2018-11-08,54.13592457151019
2018-11-09,61.442210850791476
2018-11-10,66.14371172347458
2018-11-11,64.21881710989021
2018-11-12,51.65708151161903
2018-11-13,62.28410206477745
2018-11-14,50.705266325089426
2018-11-15,58.55678705419654
2018-11-16,64.62574226721996
2018-11-17,49.933437814928205
2018-11-18,62.921299551033506
2018-11-19,58.886349445112074
2018-11-20,50.00359883689371
2018-11-21,50.23850192564267
2018-11-22,61.83905916669341
2018-11-23,65.42870021667287
2018-11-24,51.57775942331033
2018-11-25,65.58597106050816
2018-11-26,67.28137009797955
2018-11-27,52.47707481226836
2018-11-28,52.06051971039443
2018-11-29,51.285801158194715
2018-11-30,50.15291915908296
2018-12-01,61.43369933842325
2018-12-02,46.8469785982185
2018-12-03,54.934919434693846
2018-12-04,54.643285387240134
2018-12-05,44.12195219083857
2018-12-06,44.12016303346041
2018-12-07,53.444289348888645
2018-12-08,56.87556695861529
2018-12-09,55.244944977913406
2018-12-10,58.104834484815136
2018-12-11,60.35476881321429
2018-12-12,57.27532425463734
2018-12-13,56.95103888765557
2018-12-14,46.95440301893849
2018-12-15,45.64434212577041
2018-12-16,56.16407809164763
2018-12-17,51.58777246387936
2018-12-18,53.04265081168131
2018-12-19,53.68524270927036
2018-12-20,53.85374291503314
2018-12-21,56.89031140431398
2018-12-22,48.47140541820717
2018-12-23,51.753419085227414
2018-12-24,54.631259775120924
2018-12-25,68.63721575696792
2018-12-26,70.70671048701811
2018-12-27,60.839743966355975
2018-12-28,73.24142599651887
2018-12-29,74.57585321787691
2018-12-30,80.0816836191045
2018-12-31,63.80407868696384
2019-01-01,80.09292567295364
2019-01-02,81.00523696610945
2019-01-03,78.15899724620148
2019-01-04,76.90564124373495
2019-01-05,78.25975323347974
2019-01-06,73.44816327772814
2019-01-07,78.34917139824515
2019-01-08,78.04548113425216
2019-01-09,79.96207427190191
2019-01-10,79.11631670822611
2019-01-11,66.803901685823
2019-01-12,79.54986324133763
2019-01-13,87.43697263890026
2019-01-14,87.05419260544407
2019-01-15,88.7616069552438
2019-01-16,92.5194280652918
2019-01-17,83.5863431779439
2019-01-18,84.86012689976764
2019-01-19,90.69093736858152
2019-01-20,89.7194094201561
2019-01-21,82.28303852577483
2019-01-22,84.43612885621263
2019-01-23,82.17955977855617
2019-01-24,84.69049859471335
2019-01-25,81.69455790148841
2019-01-26,85.29329497328654
2019-01-27,87.53530723146511
2019-01-28,91.39284001288466
2019-01-29,82.69384957136747
2019-01-30,83.23889040290126
2019-01-31,78.30654356345154
2019-02-01,80.13150182710694
2019-02-02,78.88052884241249
2019-02-03,91.12516782985875
2019-02-04,81.53778824971504
2019-02-05,82.14742321333128
2019-02-06,76.56157378883209
2019-02-07,80.41218327782323
2019-02-08,68.24894829720492
2019-02-09,77.79053144806078
2019-02-10,87.99234298096228
2019-02-11,83.01963987719066
2019-02-12,77.84021825929017
2019-02-13,83.2349925222253
2019-02-14,68.30275551142785
2019-02-15,81.32578261548099
2019-02-16,77.1252327118336
2019-02-17,88.68504176890778
2019-02-18,76.82313672649822
2019-02-19,79.73563161202688
2019-02-20,80.43321320687538
2019-02-21,71.8336853698181
2019-02-22,73.89206920952685
2019-02-23,77.72960456762775
2019-02-24,83.84057609047805
2019-02-25,70.13210503647622
2019-02-26,72.52322939728167
2019-02-27,77.90239849677171
2019-02-28,74.9821709470531
2019-03-01,72.9993954764225
2019-03-02,75.84020151743017
2019-03-03,80.40115480865326
2019-03-04,76.03045091522367
2019-03-05,76.89248212608152
2019-03-06,74.47269801860948
2019-03-07,80.38908327507488
2019-03-08,78.08998848586192
2019-03-09,81.75816945328155
2019-03-10,82.04659634974695
2019-03-11,71.82387208783449
2019-03-12,77.44623351692987
2019-03-13,72.93389587632785
2019-03-14,74.99765904487596
2019-03-15,77.55001735512747
2019-03-16,80.77001508765572
2019-03-17,80.47995227154667
2019-03-18,70.04799921333141
2019-03-19,73.58545288751074
2019-03-20,72.59107056287618
2019-03-21,74.5250307601083
2019-03-22,74.37409351656919
2019-03-23,62.111778896975956
2019-03-24,74.23098478678259
2019-03-25,75.62330661516795
2019-03-26,72.7343386267943
2019-03-27,73.497119888331
2019-03-28,75.93451180417311
2019-03-29,72.64601728000012
2019-03-30,71.0321334132469
2019-03-31,70.77455924733107
2019-04-01,71.08294239414907
2019-04-02,66.07294683834952
2019-04-03,71.14238104443834
2019-04-04,66.67594895902232
2019-04-05,64.96802478315942
2019-04-06,70.87269800660886
2019-04-07,72.45368299877057
2019-04-08,69.66040858174983
2019-04-09,66.99499684821284
2019-04-10,65.58680406006883
2019-04-11,67.536922542085
2019-04-12,66.53136325265957
2019-04-13,69.70741288703529
2019-04-14,69.30648577966832
2019-04-15,74.85228163118579
2019-04-16,68.97750484700254
2019-04-17,66.38368056132762
2019-04-18,67.58804782080938
2019-04-19,70.14366807126319
2019-04-20,67.54526564145101
2019-04-21,56.430786743541546
2019-04-22,67.89811843879734
2019-04-23,67.68093920301656
2019-04-24,68.09198675472068
2019-04-25,67.21227363427205
2019-04-26,57.292395936664505
2019-04-27,57.173321449647545
2019-04-28,80.82968611532957
2019-04-29,63.35374744047
2019-04-30,66.0980135736638
2019-05-01,69.72570178997894
2019-05-02,57.76068950995443
2019-05-03,66.0118336269434
2019-05-04,72.27764286654588
2019-05-05,79.18410007047933
2019-05-06,75.13877504625792
2019-05-07,70.6455991549934
2019-05-08,71.4707165302481
2019-05-09,66.30220109699187
2019-05-10,66.93249094389243
2019-05-11,66.13860296906319
2019-05-12,71.62097169598731
2019-05-13,67.00061581666941
2019-05-14,61.40879383717812
2019-05-15,60.8335423838697
2019-05-16,60.48045339476744
2019-05-17,61.78188114306967
2019-05-18,71.4619332079086
2019-05-19,74.16258873660021
2019-05-20,68.1363962759195
2019-05-21,75.20686472428389
2019-05-22,75.69901659688617
2019-05-23,78.81450388440362
2019-05-24,72.4196331533745
2019-05-25,73.37517300198589
2019-05-26,82.66663214315847
2019-05-27,75.77294712668296
2019-05-28,68.09192641602786
2019-05-29,58.390153831119996
2019-05-30,69.58529778340778
2019-05-31,57.314163338507214
2019-06-01,68.56592827409115
2019-06-02,67.7477321514674
2019-06-03,67.62048193871007
2019-06-04,57.36194532811017
2019-06-05,69.4786068604461
2019-06-06,70.42950390866733
2019-06-07,69.27703179406116
2019-06-08,60.796770113110796
2019-06-09,73.99695353838274
2019-06-10,82.85202455174712
2019-06-11,77.36763937682913
2019-06-12,73.965372512571
2019-06-13,73.89853395348297
2019-06-14,74.72018514598075
2019-06-15,75.71414894887685
2019-06-16,78.3724610686835
2019-06-17,75.39516928470024
2019-06-18,72.69073498482622
2019-06-19,72.10928244402297
2019-06-20,72.9346345225659
2019-06-21,73.7344369440416
2019-06-22,75.803317613226
2019-06-23,75.04621238304772
2019-06-24,80.64204251001848
2019-06-25,79.41804559602305
2019-06-26,78.33399434048286
2019-06-27,78.84060653527979
2019-06-28,77.83444791657158
2019-06-29,68.63119852659669
2019-06-30,80.27582007517678
2019-07-01,83.44710740574725
2019-07-02,88.59792997513657
2019-07-03,83.07582501117218
2019-07-04,85.34224762818661
2019-07-05,82.90388552983218
2019-07-06,85.30976722439671
2019-07-07,95.31442016229718
2019-07-08,85.45159095218243
2019-07-09,90.07176723481965
2019-07-10,96.44750188442244
2019-07-11,89.73342221367145
2019-07-12,89.14694809653363
2019-07-13,90.23186622310878
2019-07-14,94.9974513479674
2019-07-15,87.13524591501516
2019-07-16,87.31491787636202
2019-07-17,88.43437727919462
2019-07-18,93.29865124920818
2019-07-19,74.9715218744389
2019-07-20,88.43947830583316
2019-07-21,95.96396413054829
2019-07-22,96.53651644362435
2019-07-23,84.3573246649837
2019-07-24,93.40501522772125
2019-07-25,89.25411613200984
2019-07-26,86.43169911296071
2019-07-27,95.93904075650387
2019-07-28,90.36247173229593
2019-07-29,94.89306598567129
2019-07-30,74.9553828006191
2019-07-31,74.47495330601794
2019-08-01,92.27804274524465
2019-08-02,87.20970222007973
2019-08-03,71.92239449733584
2019-08-04,93.60423544439342
2019-08-05,85.02632215526697
2019-08-06,77.92540177736035
2019-08-07,76.28788764850017
2019-08-08,79.13898311376875
2019-08-09,77.31988438285062
2019-08-10,76.19579882400934
2019-08-11,80.2030459307242
2019-08-12,78.89732516785692
2019-08-13,75.00408842322463
2019-08-14,75.12808041580539
2019-08-15,71.03326405639906
2019-08-16,74.79518164642064
2019-08-17,61.60625287706357
2019-08-18,72.42783127453436
2019-08-19,75.10257941162114
2019-08-20,74.82278153841193
2019-08-21,70.42082407065196
2019-08-22,67.14714239758882
2019-08-23,69.70432699313623
2019-08-24,56.790698886651064
2019-08-25,68.07757458444345
2019-08-26,66.60405466535975
2019-08-27,68.36476187511803
2019-08-28,65.48174769849287
2019-08-29,63.4655973353916
2019-08-30,65.26059457597165
2019-08-31,58.194382839650054
2019-09-01,70.93394145366467
2019-09-02,71.26177602626836
2019-09-03,77.7984921481569
2019-09-04,73.43541374133902
2019-09-05,78.28365180593914
2019-09-06,74.27809712573352
2019-09-07,65.11287707231415
2019-09-08,78.86580816065818
2019-09-09,80.48119337664099
2019-09-10,76.23017355378653
2019-09-11,79.52576710419854
2019-09-12,73.27613117513233
2019-09-13,64.34463000410472
2019-09-14,73.28156869040275
2019-09-15,77.06980977047101
2019-09-16,76.36348463000711
2019-09-17,73.05250516236772
2019-09-18,77.30260796271119
2019-09-19,73.59662170680957
2019-09-20,77.4853841663396
2019-09-21,77.3509106600047
2019-09-22,83.49207327747766
2019-09-23,82.19803137912865
2019-09-24,79.0512939407718
2019-09-25,80.13171516668854
2019-09-26,78.52084027105437
2019-09-27,78.16376468599253
2019-09-28,77.21036413640772
2019-09-29,81.94708238710125
2019-09-30,75.55925241613114
2019-10-01,72.90754983413079
2019-10-02,77.42468840261546
2019-10-03,75.40383345115403
2019-10-04,75.45900444561272
2019-10-05,79.67599078694151
2019-10-06,83.66438177221904
2019-10-07,71.03890815329014
2019-10-08,77.73697144505888
2019-10-09,75.5399681764913
2019-10-10,81.36528779340921
2019-10-11,65.17480841236117
2019-10-12,65.26411310360194
2019-10-13,65.34017198005915
2019-10-14,74.37287298076046
2019-10-15,76.68589430444025
2019-10-16,74.14925403524174
2019-10-17,71.8955549953352
2019-10-18,72.78950573776893
2019-10-19,71.81786629653489
2019-10-20,80.97507343707288
2019-10-21,78.85246274422427
2019-10-22,70.02561037973658
2019-10-23,71.88476633283953
2019-10-24,60.6675404361642
2019-10-25,70.2102418710892
2019-10-26,68.50220104119931
2019-10-27,68.43460642999261
2019-10-28,63.83336372402629
2019-10-29,66.8336966491623
2019-10-30,54.45825536528606
2019-10-31,60.80502916017455
2019-11-01,66.69638578654853
2019-11-02,66.09849244303345
2019-11-03,63.90522623826626
2019-11-04,61.36892852191392
2019-11-05,69.30724071871376
2019-11-06,61.1267305580286
2019-11-07,61.63650863736184
2019-11-08,66.70478377739526
2019-11-09,62.19164838370938
2019-11-10,63.369426894141355
2019-11-11,62.52426162958504
2019-11-12,59.099125930060886
2019-11-13,57.31150738529564
2019-11-14,57.95715837122008
2019-11-15,57.614343673031584
2019-11-16,68.13977368539565
2019-11-17,64.46724857929847
2019-11-18,64.91588894518607
2019-11-19,62.177015271678684
2019-11-20,65.20590237096302
2019-11-21,60.2237918022499
2019-11-22,60.76459511967045
2019-11-23,53.459672415556305
2019-11-24,64.07303714078279
2019-11-25,61.601306488616885
2019-11-26,61.68101464229339
2019-11-27,60.97000161915916
2019-11-28,64.7799145283676
2019-11-29,56.04186491552403
2019-11-30,66.74509827688871
2019-12-01,75.52366332897357
2019-12-02,68.5716544503396
2019-12-03,69.76164290106925
2019-12-04,59.93589024529167
2019-12-05,71.31777681202314
2019-12-06,66.04632274997526
2019-12-07,68.56336832905039
2019-12-08,64.93100463565276
2019-12-09,60.241869536430634
2019-12-10,60.44880291849366
2019-12-11,58.11152006931197
2019-12-12,58.48198666558609
2019-12-13,57.54165321362374
2019-12-14,62.81037966172196
2019-12-15,60.243136580470676
2019-12-16,63.628346989022184
2019-12-17,61.785690009087475
2019-12-18,55.869006588445224
2019-12-19,57.69521950218605
2019-12-20,71.44202872280289
2019-12-21,62.01675448739058
2019-12-22,75.4934593415802
2019-12-23,76.96047021423314
2019-12-24,68.56631852119042
2019-12-25,79.17692168333417
2019-12-26,85.55631033535407
2019-12-27,72.30667601106651
2019-12-28,81.74215128106721
2019-12-29,85.23554443292615
2019-12-30,84.87423872899849
2019-12-31,83.84124367155283
2020-01-01,83.11135591822705
2020-01-02,81.89631622264422
2020-01-03,82.58797258912368
2020-01-04,86.86505646656974
2020-01-05,92.89580710212753
2020-01-06,88.73063882089156
2020-01-07,91.0619879929269
2020-01-08,90.76165669388853
2020-01-09,94.15740660182283
2020-01-10,94.47922135214527
2020-01-11,96.46182758153319
2020-01-12,105.75506715770217
2020-01-13,100.7270044363279
2020-01-14,101.39081166574407
2020-01-15,102.31547888249035
2020-01-16,109.78744985387829
2020-01-17,103.05748138638482
2020-01-18,105.7823734310783
2020-01-19,112.18373950331261
2020-01-20,99.56939984232899
2020-01-21,96.10898853841643
2020-01-22,94.82436937464183
2020-01-23,96.11800941958153
2020-01-24,96.0738888092324
2020-01-25,97.48938320240433
2020-01-26,100.7225811669258
2020-01-27,96.60448832812517
2020-01-28,93.90827462794012
2020-01-29,91.2015857895416
2020-01-30,91.707218933418
2020-01-31,86.73157935772885
2020-02-01,81.90461511810736
2020-02-02,81.04763856061258
2020-02-03,77.52284233680263
2020-02-04,75.88896937983394
2020-02-05,71.73877576372118
2020-02-06,71.95858012315747
2020-02-07,70.9750552418248
2020-02-08,83.6243920468838
2020-02-09,79.1048524327506
2020-02-10,69.69766476569102
2020-02-11,69.06987609634265
2020-02-12,74.73476025093677
2020-02-13,63.05847168021356
2020-02-14,61.991812569960715
2020-02-15,72.64883624736157
2020-02-16,74.83732618062803
2020-02-17,71.96327544322529
2020-02-18,68.46300352365373
2020-02-19,64.63032668501421
2020-02-20,68.30646641137635
2020-02-21,61.20136040987024
2020-02-22,56.87646551176861
2020-02-23,68.31631807506942
2020-02-24,52.654196023746266
2020-02-25,56.600763801827725
2020-02-26,57.03941490107507
2020-02-27,54.10940598364676
2020-02-28,46.51763944334699
2020-02-29,54.79452656805543
2020-03-01,52.91896467580248
2020-03-02,49.594531078824616
2020-03-03,46.78153114551733
2020-03-04,51.31578384230929
2020-03-05,52.05522561736465
2020-03-06,47.37162468791011
2020-03-07,51.7828710278324
2020-03-08,54.78503328023072
2020-03-09,50.416073752099585
2020-03-10,49.06056094629696
2020-03-11,46.20260012987757
2020-03-12,46.29840460761466
2020-03-13,42.64376061278293
2020-03-14,44.3102452280802
2020-03-15,45.946423728575006
2020-03-16,35.48351981503404
2020-03-17,33.253006681287296
2020-03-18,33.05260667835374
2020-03-19,30.5118029102519
2020-03-20,30.91928809171567
2020-03-21,27.517288200703355
2020-03-22,25.925039243427722
2020-03-23,25.614774839902587
2020-03-24,23.304016445278425
2020-03-25,22.275242605218523
2020-03-26,21.43429380587107
2020-03-27,20.781170046758163
2020-03-28,20.31587132670216
2020-03-29,20.03839764566119
2020-03-30,19.611158015764644
2020-03-31,19.03415243876456
2020-04-01,18.30738091233999
2020-04-02,17.462291935038046
2020-04-03,16.49888550336525
2020-04-04,15.417161620790974
2020-04-05,14.217120285535252
2020-04-06,13.305156507730047
2020-04-07,12.681270286703391
2020-04-08,12.34546162232012
2020-04-09,12.29773051438703
2020-04-10,12.538076963568589
2020-04-11,13.066500968865558
2020-04-12,13.883002531153195
2020-04-13,14.470396413102044
2020-04-14,15.982523558623154
2020-04-15,14.957861133805988
2020-04-16,14.857931975968711
2020-04-17,14.5288951374561
2020-04-18,13.97075061854515
2020-04-19,13.183498419128991
2020-04-20,12.649253374723425
2020-04-21,12.368015486241958
2020-04-22,12.339784752479357
2020-04-23,12.564561174063186
2020-04-24,13.042344749964538
2020-04-25,13.773135481587634
2020-04-26,14.75693336829671
2020-04-27,15.454412531887176
2020-04-28,15.865572970834602
2020-04-29,15.99041468414362
2020-04-30,15.8289376750608
2020-05-01,15.381141940102864
2020-05-02,14.635427797676748
2020-05-03,13.591795246271815
2020-05-04,12.898311201207118
2020-05-05,14.385206128514021
2020-05-06,12.561788637077434
2020-05-07,12.918750115455428
2020-05-08,13.62586010335647
2020-05-09,14.683118599211745
2020-05-10,16.090525601321374
2020-05-11,17.236161150545545
2020-05-12,18.120025246679564
2020-05-13,18.742117889546616
2020-05-14,21.071926211135892
2020-05-15,19.2009888165705
2020-05-16,21.484705654321534
2020-05-17,18.612773929773066
2020-05-18,24.589293415345008
2020-05-19,18.732353810478497
2020-05-20,19.276926861717996
2020-05-21,27.206990982614556
2020-05-22,21.335639181664057
2020-05-23,22.849778453771528
2020-05-24,24.687106464499777
2020-05-25,28.383134167369334
2020-05-26,27.55194874969994
2020-05-27,28.57946302308664
2020-05-28,31.485570798937083
2020-05-29,31.873740199125248
2020-05-30,30.042378367402712
2020-05-31,39.81768282949381
2020-06-01,41.261509225294716
2020-06-02,37.7056958779091
2020-06-03,40.624379924294146
2020-06-04,31.874407203449763
2020-06-05,32.83091075799226
2020-06-06,46.53458283561742
2020-06-07,48.854232648366605
2020-06-08,46.44745944947076
2020-06-09,47.25189318351688
2020-06-10,37.620380610440094
2020-06-11,48.467901517911095
2020-06-12,37.69915524339671
2020-06-13,37.30338728065152
2020-06-14,44.43578288823098
2020-06-15,51.84067877152377
2020-06-16,47.228291606010274
2020-06-17,42.0161376897452
2020-06-18,50.126823006968344
2020-06-19,48.51413452994591
2020-06-20,36.553712698990516
2020-06-21,55.85881587869689
2020-06-22,47.904263850719104
2020-06-23,49.37424112948436
2020-06-24,50.60035635059982
2020-06-25,51.582609512311066
2020-06-26,42.354202115497706
2020-06-27,40.242642136683074
2020-06-28,47.79433717205888
2020-06-29,40.323972372476725
2020-06-30,45.44415515991159
2020-07-01,51.04567679498093
2020-07-02,41.30819580946446
2020-07-03,49.9226435424788
2020-07-04,38.89490465021312
2020-07-05,60.12333694840487
2020-07-06,50.60950930611412
2020-07-07,50.678173355973
2020-07-08,39.938174471431026
2020-07-09,56.06838762935588
2020-07-10,39.825048479939355
2020-07-11,48.1044518723285
2020-07-12,39.28874856264682
2020-07-13,54.94642796059114
2020-07-14,53.02197701945743
2020-07-15,48.89331039807464
2020-07-16,39.541159949335906
2020-07-17,42.439941777291324
2020-07-18,43.198780228758295
2020-07-19,54.64000060557032
2020-07-20,46.63904477993317
2020-07-21,45.51236198523644
2020-07-22,38.9655780163443
2020-07-23,42.53575800730985
2020-07-24,42.098297297433135
2020-07-25,36.877337315295364
2020-07-26,52.9138745494275
2020-07-27,40.76058936388712
2020-07-28,34.85366581063052
2020-07-29,47.92514189951421
2020-07-30,43.33062073454007
2020-07-31,33.722565086187345
2020-08-01,33.543880572602035
2020-08-02,38.97279264528771
2020-08-03,45.86289662790306
2020-08-04,39.970224998405406
2020-08-05,32.8729748226565
2020-08-06,32.528669855215185
2020-08-07,40.32987675359917
2020-08-08,31.62816568504111
2020-08-09,31.071966480369202
2020-08-10,30.58019751499075
2020-08-11,37.5334620758305
2020-08-12,29.789950310711156
2020-08-13,36.872075350723364
2020-08-14,29.257424064350523
2020-08-15,29.087806301041166
2020-08-16,28.98261878051349
2020-08-17,32.5901551025118
2020-08-18,28.72703380577507
2020-08-19,28.57663635438222
2020-08-20,32.071629853730144
2020-08-21,28.23063152329479
2020-08-22,28.035024143229247
2020-08-23,41.76990716532457
2020-08-24,34.76053272191799
2020-08-25,27.537312098628796
2020-08-26,34.70230138577409
2020-08-27,27.429370780706044
2020-08-28,27.442560133124317
2020-08-29,27.50052283038726
2020-08-30,27.6032588700756
2020-08-31,32.98419302387524
2020-09-01,27.942518805529595
2020-09-02,42.36142511656619
2020-09-03,32.40719841083321
2020-09-04,28.600002872921714
2020-09-05,28.846397637776683
2020-09-06,38.29734904350799
2020-09-07,29.421220160944884
2020-09-08,29.790830797902984
2020-09-09,30.215241018088467
2020-09-10,30.69445082115048
2020-09-11,31.228460207063495
2020-09-12,39.73500531284418
2020-09-13,32.46087773264091
2020-09-14,32.82873915525751
2020-09-15,32.92085344984333
2020-09-16,50.898738294081156
2020-09-17,32.27784065179591
2020-09-18,31.542713560469004
2020-09-19,30.53183933811653
2020-09-20,29.24521798416275
2020-09-21,35.025955015680424
2020-09-22,31.919215299106867
2020-09-23,33.015125409696594
2020-09-24,26.337612103426196
2020-09-25,42.702186114994525
2020-09-26,42.460485336335395
2020-09-27,47.3166558117616
2020-09-28,37.04060061243578
2020-09-29,26.910765353198997
2020-09-30,41.57711015736015
2020-10-01,40.21447757080973
2020-10-02,27.14987879844511
2020-10-03,45.51615317678446
2020-10-04,44.98043266336868
2020-10-05,32.36063941469471
2020-10-06,45.7335245966972
2020-10-07,25.696173380836413
2020-10-08,24.708561119408344
2020-10-09,23.47369270798292
2020-10-10,21.991568145788044
2020-10-11,28.418649282020688
2020-10-12,18.96563338203332
2020-10-13,18.10190599470647
2020-10-14,17.671005269074126
2020-10-15,17.6729312052083
2020-10-16,18.107683803737114
2020-10-17,18.975263064478582
2020-10-18,20.27566898851017
2020-10-19,21.254516695179337
2020-10-20,27.641223289494818
2020-10-21,22.24753745914293
2020-10-22,22.261710516926016
2020-10-23,21.954325358088862
2020-10-24,21.32538198358545
2020-10-25,20.374880390421502
2020-10-26,19.63398600546737
2020-10-27,19.10269882562293
2020-10-28,18.781018851726085
2020-10-29,18.66894608263316
2020-10-30,18.76648051888376
2020-10-31,25.427398820271886
2020-11-01,26.75214238922768
2020-11-02,20.060369951912673
2020-11-03,20.48361899097507
2020-11-04,20.8601181248034
2020-11-05,25.367567325846203
2020-11-06,21.472866679414057
2020-11-07,21.709116100437114
2020-11-08,21.898615616680956
2020-11-09,21.99690210132118
2020-11-10,22.00397555096626
2020-11-11,21.919835967930478
2020-11-12,21.744483352829
2020-11-13,21.477917702407016
2020-11-14,21.12013901944467
2020-11-15,20.671147302909688
2020-11-16,27.05187668567605
2020-11-17,20.209367304346447
2020-11-18,25.965783744163083
2020-11-19,20.329191881400156
2020-11-20,20.607205887196244
2020-11-21,21.030621038227476
2020-11-22,21.599437331476278
2020-11-23,22.216285460484716
2020-11-24,22.881165422186324
2020-11-25,23.594077220095524
2020-11-26,30.243588430424893
2020-11-27,25.163996316266466
2020-11-28,26.02100361498266
2020-11-29,26.926042749386117
2020-11-30,27.48996179167995
2020-12-01,27.712760742103963
2020-12-02,27.604821880962653
2020-12-03,27.16614521075282
2020-12-04,26.396730733661762
2020-12-05,25.296578444623066
2020-12-06,23.865688344752435
2020-12-07,22.78413527418412
2020-12-08,22.051919230319935
2020-12-09,21.66904021723421
2020-12-10,21.635498230163787
2020-12-11,21.951293270590305
2020-12-12,22.61642533869729
2020-12-13,23.63089443606639
2020-12-14,24.523546268950852
2020-12-15,34.053778141892266
2020-12-16,25.943398142880675
2020-12-17,26.470598184725436
2020-12-18,26.87598096175929
2020-12-19,27.15954647425085
2020-12-20,30.146215656295915
2020-12-21,27.377934570486847
2020-12-22,27.329466013605884
2020-12-23,27.17588905564015
2020-12-24,26.91720369252945
2020-12-25,26.55340992812379
2020-12-26,26.084507761331196
2020-12-27,25.51049719217946
2020-12-28,25.02922361460237
2020-12-29,24.640687029533698
2020-12-30,24.344887435230135
2020-12-31,24.141824833934535
2021-01-01,43.698825244358716
2021-01-02,23.997818763697033
2021-01-03,24.040783452987952
2021-01-04,24.061296062880444
2021-01-05,24.05935659417282
2021-01-06,24.034965045666112
2021-01-07,23.988121418402024
2021-01-08,23.918825711197393
2021-01-09,23.827077924711848
2021-01-10,23.712878057534795
2021-01-11,31.907003889719064
2021-01-12,23.76102558545904
2021-01-13,26.3657206538718
2021-01-14,24.177902790894283
2021-01-15,24.524615022462626
2021-01-16,24.963509676701264
2021-01-17,25.494586747492185
2021-01-18,25.90177081065941
2021-01-19,26.185061865054124
2021-01-20,26.34445991279323
2021-01-21,26.379964951632072
2021-01-22,43.081952106349505
2021-01-23,38.9903782955941
2021-01-24,36.30673480264215
2021-01-25,37.25606043932473
2021-01-26,25.286705798435857
2021-01-27,25.16646356225491
2021-01-28,25.118198578180845
2021-01-29,25.141910844899378
2021-01-30,25.23760036233039
2021-01-31,25.405267128056103
2021-02-01,25.40461461322588
2021-02-02,25.261433464270123
2021-02-03,24.975723681779197
2021-02-04,24.54748526315876
2021-02-05,23.976718212579872
2021-02-06,23.26342252769395
2021-02-07,22.40759820811266
2021-02-08,25.281583058542722
2021-02-09,21.26208286603323
2021-02-10,20.97239184205632
2021-02-11,20.871411917884593
2021-02-12,20.959143091752274
2021-02-13,21.23558536462563
2021-02-14,21.700738736169665
2021-02-15,22.05100494174995
2021-02-16,22.286383983605806
2021-02-17,35.33785196379142
2021-02-18,22.412480573022542
2021-02-19,22.303198120837678
2021-02-20,22.07902850178256
2021-02-21,21.739971721466535
2021-02-22,21.575811659036933
2021-02-23,21.586548314670026
2021-02-24,21.772181688978947
2021-02-25,22.13271178321901
2021-02-26,22.668138595980576
2021-02-27,27.49188979241192
2021-02-28,24.263682378511277
2021-03-01,25.14883060289597
2021-03-02,26.005748440541236
2021-03-03,26.834435889232893
2021-03-04,27.634892949015736
2021-03-05,28.40711962164181
2021-03-06,29.15111590524415
2021-03-07,29.866881801388786
2021-03-08,30.333466275836138
2021-03-09,30.550869325206527
2021-03-10,30.51909095445898
2021-03-11,33.580291138537255
2021-03-12,45.00632936364881
2021-03-13,28.92866730655279
2021-03-14,40.31390030414022
2021-03-15,33.3846173813415
2021-03-16,26.28397270360822
2021-03-17,25.69628621978123
2021-03-18,34.52605410376149
2021-03-19,24.961730829422443
2021-03-20,24.81486192310597
2021-03-21,27.44091504688961
2021-03-22,36.334326362870854
2021-03-23,24.75781605395747
2021-03-24,24.700629617078135
2021-03-25,24.62435760399636
2021-03-26,24.529000017451384
2021-03-27,24.41455685725127
2021-03-28,24.28102812401988
2021-03-29,24.378651347500565
2021-03-30,24.707426528761673
2021-03-31,25.267353667033277
2021-04-01,26.058432762656984
2021-04-02,27.11352189610038
2021-04-03,28.432621067881982
2021-04-04,30.01573027604583
2021-04-05,41.86830120613815
2021-04-06,31.583318366076238
2021-04-07,34.074417229543414
2021-04-08,33.466337907815245
2021-04-09,29.938124682126016
2021-04-10,28.32397323641629
2021-04-11,26.17694501507021
2021-04-12,24.663564964193462
2021-04-13,23.783833081665303
2021-04-14,23.537749370752515
2021-04-15,31.882837584068813
2021-04-16,24.94652645861448
2021-04-17,26.60138725757613
2021-04-18,28.88989622716084
2021-04-19,33.6698153120428
2021-04-20,39.15070166681001
2021-04-21,32.79945537474856
2021-04-22,40.338771977196224
2021-04-23,36.96107116749077
2021-04-24,32.27506287812464
2021-04-25,43.30984794733677
2021-04-26,30.34558567321851
2021-04-27,29.966991520200658
2021-04-28,29.979160336928658
2021-04-29,30.382092119146925
2021-04-30,34.219539706256526
2021-05-01,43.18247689476643
2021-05-02,34.64730239627899
2021-05-03,46.75472454950104
2021-05-04,36.15613270320604
2021-05-05,45.285022275970285
2021-05-06,47.08581250430524
2021-05-07,37.38080341689748
2021-05-08,37.21764534286977
2021-05-09,48.108267797986336
2021-05-10,46.880857970920665
2021-05-11,46.943843385546835
2021-05-12,37.0771155541257
2021-05-13,38.447687657669775
2021-05-14,47.53435543812037
2021-05-15,50.86900994139085
2021-05-16,59.17441442599346
2021-05-17,60.08896590629764
2021-05-18,53.493301528439446
2021-05-19,51.02529977973473
2021-05-20,55.45020016914842
2021-05-21,45.32247617553035
2021-05-22,59.93240133821772
2021-05-23,61.80003877249566
2021-05-24,59.463563906402854
2021-05-25,57.558234329087604
2021-05-26,58.51109478722596
2021-05-27,56.288199860018956
2021-05-28,46.39201833594753
2021-05-29,46.947340860922374
2021-05-30,61.04382905906053
2021-05-31,62.6611079024272
2021-06-01,59.77659495288504
2021-06-02,56.59879136218999
2021-06-03,65.93931038014277
2021-06-04,63.1696159794571
2021-06-05,50.5774962444807
2021-06-06,73.38157991074151
2021-06-07,61.02262873251677
2021-06-08,63.63304236507279
2021-06-09,65.81501234598821
2021-06-10,70.75154817344644
2021-06-11,63.35702116287674
2021-06-12,69.09703761956074
2021-06-13,63.93222433993453
2021-06-14,66.32222612255126
2021-06-15,71.05180432160289
2021-06-16,57.550760027756155
2021-06-17,66.30299534866084
2021-06-18,64.24499907779263
2021-06-19,63.153906376970724
2021-06-20,79.54157903752498
2021-06-21,75.43935705607757
2021-06-22,78.93729929062665
2021-06-23,74.18003966067452
2021-06-24,77.95795328518696
2021-06-25,68.60668174574096
2021-06-26,71.84432969758767
2021-06-27,63.12805752994422
2021-06-28,59.556999480403604
2021-06-29,60.41038752991632
2021-06-30,53.28825725605635
2021-07-01,60.217646535515556
2021-07-02,48.385032461742924
2021-07-03,68.83792992936138
2021-07-04,72.02085974984337
2021-07-05,69.02454691777352
2021-07-06,53.86095480797605
2021-07-07,70.2367826453368
2021-07-08,66.1695064977402
2021-07-09,69.25183999015995
2021-07-10,72.54084364215446
2021-07-11,75.11834163775112
2021-07-12,69.61047047103331
2021-07-13,69.9765631580475
2021-07-14,64.65831644518148
2021-07-15,63.31187935061973
2021-07-16,57.263550982504135
2021-07-17,64.77584835858158
2021-07-18,77.11538915641658
2021-07-19,71.81387432601753
2021-07-20,67.23328993227433
2021-07-21,67.09377833210132
2021-07-22,56.93254009983624
2021-07-23,56.02667652905826
2021-07-24,63.38149715237827
2021-07-25,75.69462961275454
2021-07-26,65.23775482941144
2021-07-27,62.69324804622408
2021-07-28,61.718044657462
2021-07-29,62.53403715087751
2021-07-30,49.111406041711184
2021-07-31,54.354512058256475
2021-08-01,64.43715766814653
2021-08-02,59.98154302010906
2021-08-03,59.469017035280004
2021-08-04,58.66219831256274
2021-08-05,58.75471541688059
2021-08-06,60.10465691174898
2021-08-07,49.14444479814233
2021-08-08,58.16173171789229
2021-08-09,60.054366679495175
2021-08-10,65.76088426240456
2021-08-11,53.64600161032621
2021-08-12,55.689782461087574
2021-08-13,54.03064657535049
2021-08-14,48.907319660370035
2021-08-15,66.67909915318559
2021-08-16,64.91614539044227
2021-08-17,60.747028254822055
2021-08-18,58.90647438079325
2021-08-19,49.34811002706227
2021-08-20,59.7442240484825
2021-08-21,54.78330478656252
2021-08-22,61.40157015132588
2021-08-23,55.79492534664956
2021-08-24,55.92748025128907
2021-08-25,55.13174813308848
2021-08-26,57.03299317928788
2021-08-27,54.21541537020522
2021-08-28,53.31283498801469
2021-08-29,71.43851898516269
2021-08-30,63.21381215433268
2021-08-31,70.25656373812747
2021-09-01,66.80429057450434
2021-09-02,64.99765864326658
2021-09-03,61.693446058244696
2021-09-04,53.469917605362944
2021-09-05,51.208987017823
2021-09-06,67.22385927345064
2021-09-07,62.821075109606014
2021-09-08,62.4302324589342
2021-09-09,53.34071741154957
2021-09-10,50.74680946199149
2021-09-11,56.02883292307132
2021-09-12,61.32720279495636
2021-09-13,61.79473939934651
2021-09-14,67.8527382708266
2021-09-15,65.97187873256863
2021-09-16,59.843227570536484
2021-09-17,66.65503609851531
2021-09-18,56.32786452305623
2021-09-19,75.01535062036935
2021-09-20,67.84482446752152
2021-09-21,62.52836254331969
2021-09-22,68.17732954349216
2021-09-23,69.97083747864606
2021-09-24,56.191432616878615
2021-09-25,55.90397047200654
2021-09-26,67.29352351566303
2021-09-27,70.71195130881704
2021-09-28,69.7034125090804
2021-09-29,69.87796136523934
2021-09-30,69.59359345537288
2021-10-01,66.38959758773349
2021-10-02,69.16625213360686
2021-10-03,72.05488332202482
2021-10-04,68.41721693737061
2021-10-05,70.52773337065267
2021-10-06,70.11060791616157
2021-10-07,73.29313386527922
2021-10-08,66.845927974993
2021-10-09,60.30271582246245
2021-10-10,78.16807969290929
2021-10-11,71.89497649008933
2021-10-12,73.08701786590088
2021-10-13,66.17500253450788
2021-10-14,69.86064161464931
2021-10-15,56.594069689540724
2021-10-16,66.00375505727224
2021-10-17,68.82590411295767
2021-10-18,64.84295100305545
2021-10-19,70.18877513860838
2021-10-20,62.622097627168856
2021-10-21,58.992975016301216
2021-10-22,53.9499725857345
2021-10-23,67.40679352965358
2021-10-24,51.120950080637876
2021-10-25,63.53423235765432
2021-10-26,61.38984728657684
2021-10-27,57.56061983098466
2021-10-28,54.462882689730755
2021-10-29,49.51197092860476
2021-10-30,59.18607989908183
2021-10-31,59.055611671951006
2021-11-01,58.80753488345991
2021-11-02,53.5909989427593
2021-11-03,49.25478381257648
2021-11-04,46.87315519962904
2021-11-05,51.439459262788645
2021-11-06,45.10894897545356
2021-11-07,45.049981843043206
2021-11-08,54.17354369679981
2021-11-09,51.260591388620426
2021-11-10,49.19925281577416
2021-11-11,50.30333103550449
2021-11-12,40.26764680647405
2021-11-13,39.806246581307
2021-11-14,54.78168295557856
2021-11-15,39.07539424694495
2021-11-16,42.7600986841059
2021-11-17,41.963224997927604
2021-11-18,37.93808318472831
2021-11-19,37.5480374808272
2021-11-20,42.1856545427318
2021-11-21,36.75153304714141
2021-11-22,46.74264143721926
2021-11-23,35.73341472338484
2021-11-24,35.116284120494996
2021-11-25,34.427105889398824
2021-11-26,33.66588003309281
2021-11-27,32.83260654876295
2021-11-28,31.92728543579687
2021-11-29,31.097016690416233
2021-11-30,38.43858073265698
2021-12-01,29.66163629960872
2021-12-02,29.07146160055703
2021-12-03,28.571276213216784
2021-12-04,28.16108014097331
2021-12-05,27.84087338160979
2021-12-06,27.53782214376291
2021-12-07,27.251926427094617
2021-12-08,26.98318623173464
2021-12-09,26.731601556635724
2021-12-10,26.497172406269428
2021-12-11,26.279898774044515
2021-12-12,32.74420680828393
2021-12-13,31.16673121430295
2021-12-14,26.321986242754498
2021-12-15,26.764309934281776
2021-12-16,27.420780890610864
2021-12-17,28.291399113833155
2021-12-18,29.37616460739616
2021-12-19,34.69362686147856
2021-12-20,31.678863010872476
2021-12-21,40.305257679949555
2021-12-22,32.80105296250856
2021-12-23,32.91945726908997
2021-12-24,32.742734463953504
2021-12-25,32.270884542109485
2021-12-26,38.15150043155632
2021-12-27,42.801609438041964
2021-12-28,38.92936527906508
2021-12-29,31.16696495382532
2021-12-30,34.693385025683845
2021-12-31,32.57899370326588
2022-01-01,33.77600521751526
2022-01-02,42.258810377306816
2022-01-03,36.6120067572699
2022-01-04,47.55163604862999
2022-01-05,45.833798453327645
2022-01-06,42.99690341768773
2022-01-07,46.28229755778885
2022-01-08,40.13302192907242
2022-01-09,40.225398333656535
2022-01-10,48.88761050673305
2022-01-11,47.921413742616934
2022-01-12,41.01787482563806
2022-01-13,41.45381608310339
2022-01-14,41.975648552438805
2022-01-15,45.58733745439214
2022-01-16,45.50509378429494
2022-01-17,44.073497980799274
2022-01-18,54.2832075696552
2022-01-19,55.50434221815556
2022-01-20,58.26072709269931
2022-01-21,50.795120845171326
2022-01-22,58.24870766091968
2022-01-23,63.09657176590665
2022-01-24,65.53130988548338
2022-01-25,64.12056774209681
2022-01-26,62.97777300420124
2022-01-27,64.73043880158623
2022-01-28,66.62403768075369
2022-01-29,69.2263083583793
2022-01-30,61.635443285611316
2022-01-31,75.00963670843802
2022-02-01,71.53075698149226
2022-02-02,74.06922084726556
2022-02-03,76.61709787139091
2022-02-04,68.01396098860603
2022-02-05,82.69599424776209
2022-02-06,84.56358507459873
2022-02-07,80.50407868349274
2022-02-08,81.64576598195377
2022-02-09,83.14067865394887
2022-02-10,83.97882330139872
2022-02-11,91.92643705092436
2022-02-12,92.38605468862575
2022-02-13,96.73693518467937
2022-02-14,92.36610904954006
2022-02-15,98.86897852925225
2022-02-16,98.44058422347827
2022-02-17,97.06896275400737
2022-02-18,92.26738794888698
2022-02-19,95.73341973050753
2022-02-20,93.2230905742008
2022-02-21,89.35016835114712
2022-02-22,82.85981277968422
2022-02-23,80.76382651912924
2022-02-24,80.49131728215472
2022-02-25,78.97557783634795
2022-02-26,76.99552732987321
2022-02-27,82.49185630177783
2022-02-28,84.588502602317
2022-03-01,82.05205004922323
2022-03-02,81.20345162689155
2022-03-03,82.16207019621865
2022-03-04,83.25682576083948
2022-03-05,84.64686880222429
2022-03-06,92.12129784758957
2022-03-07,87.56141225642101
2022-03-08,86.47520159278602
2022-03-09,83.18221813008518
2022-03-10,81.35057425781923
2022-03-11,82.74469784316672
2022-03-12,85.21452717673054
2022-03-13,85.59694656619878
2022-03-14,85.23310049560328
2022-03-15,81.45721850695213
2022-03-16,82.56501911386435
2022-03-17,83.50347473388922
2022-03-18,77.96624779096145
2022-03-19,79.91879247299903
2022-03-20,77.64365505148231
2022-03-21,79.82307223639788
2022-03-22,78.26079455843255
2022-03-23,86.53511206948494
2022-03-24,79.75886922805705
2022-03-25,77.06531978373438
2022-03-26,79.6343196641306
2022-03-27,90.3979103168437
2022-03-28,86.73079283824859
2022-03-29,84.32918283954716
2022-03-30,86.833647437197925
2022-03-31,82.84503385125598
2022-04-01,85.43357485077128
2022-04-02,82.97135295034059
2022-04-03,95.29249610416089
2022-04-04,83.34539865401257
2022-04-05,86.04235175807422
2022-04-06,81.14207652120753
2022-04-07,86.51839553375362
2022-04-08,84.54998455732898
2022-04-09,85.40411048009253
2022-04-10,90.329492417532
2022-04-11,89.73304175550112
2022-04-12,84.93693167834181
2022-04-13,86.92254496521105
2022-04-14,83.99232169623724
2022-04-15,93.09578746852704
2022-04-16,89.88291959425123
2022-04-17,89.63216367998506
2022-04-18,98.69857828206605
2022-04-19,88.6738035900285
2022-04-20,88.92110226339159
2022-04-21,88.93654294590537
2022-04-22,91.3461084753347
2022-04-23,92.80763887652385
2022-04-24,106.45104834316817
2022-04-25,97.20806966428134
2022-04-26,95.63559406424217
2022-04-27,98.86891298610476
2022-04-28,96.88154650192763
2022-04-29,90.62839745900193
2022-04-30,95.86536289390884
2022-05-01,94.68801436065883
2022-05-02,89.37080801205701
2022-05-03,88.03041807727098
2022-05-04,89.95066741951489
2022-05-05,89.87959036259551
2022-05-06,87.3397354794681
2022-05-07,89.4745106323701
2022-05-08,99.11189733974817
2022-05-09,92.37858611184241
2022-05-10,94.04389992833147
2022-05-11,98.09225688920394
2022-05-12,92.76641564525075
2022-05-13,94.67770703568388
2022-05-14,100.66301536822762
2022-05-15,102.42662212912805
2022-05-16,102.40358676379581
2022-05-17,100.39497117693188
2022-05-18,93.93394300695329
2022-05-19,102.05887783673879
2022-05-20,92.10414065132794
2022-05-21,92.3388345899181
2022-05-22,99.20043748125904
2022-05-23,98.20450799782293
2022-05-24,86.3669747316814
2022-05-25,88.7111893047737
2022-05-26,92.38728114732207
2022-05-27,87.30908889945641
2022-05-28,89.0932529299404
2022-05-29,97.12306514781697
2022-05-30,95.60486247497475
2022-05-31,91.6208410550745
2022-06-01,90.30360370978967
2022-06-02,91.2025736930744
2022-06-03,80.59102252978569
2022-06-04,93.12396617149011
2022-06-05,100.47262005075925
2022-06-06,94.71275038432313
2022-06-07,95.43210795252
2022-06-08,89.3064313427448
2022-06-09,88.73874556866068
2022-06-10,89.1106262603162
2022-06-11,86.42800860929698
2022-06-12,92.36855872944372
2022-06-13,83.41829107887303
2022-06-14,83.01211312115136
2022-06-15,82.23759824775675
2022-06-16,80.61729503034819
2022-06-17,79.60345155608894
2022-06-18,77.80350117119322
2022-06-19,81.42431239966504
2022-06-20,82.00631540618156
2022-06-21,75.09788776344274
2022-06-22,80.03734249225562
2022-06-23,78.51778407800275
2022-06-24,77.301577417852
2022-06-25,77.60989634732502
2022-06-26,88.32762220035886
2022-06-27,83.3377392202877
2022-06-28,82.87225155542416
2022-06-29,80.10758258450271
2022-06-30,81.48932654723518
2022-07-01,79.53741111810953
2022-07-02,81.28779723281711
2022-07-03,85.40759966237786
2022-07-04,81.30925477599108
2022-07-05,85.76324388496495
2022-07-06,80.21782459050888
2022-07-07,81.41746322600771
2022-07-08,78.86128901864147
2022-07-09,77.95582724364056
2022-07-10,87.89048754500136
2022-07-11,81.10100997599687
2022-07-12,83.90690435747358
2022-07-13,80.31354794146958
2022-07-14,78.83549114519413
2022-07-15,80.04965444267486
2022-07-16,80.2160016663718
2022-07-17,83.75095850175722
2022-07-18,72.3751195186526
2022-07-19,74.13875595014872
2022-07-20,73.46501504608892
2022-07-21,75.99761750283831
2022-07-22,74.62988248790742
2022-07-23,74.96268249120898
2022-07-24,80.77278071104823
2022-07-25,82.90970697471919
2022-07-26,79.42386796242484
2022-07-27,78.41204409811185
2022-07-28,81.12754537043737
2022-07-29,82.41787514945575
2022-07-30,83.29761771105625
2022-07-31,68.2893893547451
2022-08-01,79.21093985798412
2022-08-02,77.56418298992514
2022-08-03,76.41935151390172
2022-08-04,73.48865735157597
2022-08-05,77.3356202969192
2022-08-06,74.27023890804436
2022-08-07,77.25715573122162
2022-08-08,75.60240302775287
2022-08-09,75.9459222491509
2022-08-10,78.18824435384954
2022-08-11,71.88511941182391
2022-08-12,78.02451632746835
2022-08-13,72.95269573647218
2022-08-14,79.62711367323668
2022-08-15,72.8244640585135
2022-08-16,79.08308861580834
2022-08-17,76.59937225272965
2022-08-18,77.3891758416847
2022-08-19,77.03607369904981
2022-08-20,79.61217557740981
2022-08-21,84.66910561626499
2022-08-22,78.98238660781658
2022-08-23,68.35948059465952
2022-08-24,78.19407011615719
2022-08-25,67.70384592978824
2022-08-26,79.28251583865885
2022-08-27,81.04030339329138
2022-08-28,78.12970522735034
2022-08-29,73.90006292658396
2022-08-30,74.59803264389336
2022-08-31,77.65731296525425
2022-09-01,75.25963679917422
2022-09-02,74.90502182537577
2022-09-03,70.76458189569885
2022-09-04,74.84805670347663
2022-09-05,70.57959304597073
2022-09-06,72.46330825510177
2022-09-07,68.48946263262737
2022-09-08,69.71289302977584
2022-09-09,72.24665514814888
2022-09-10,67.94959007114035
2022-09-11,71.61810109913596
2022-09-12,70.90656214835772
2022-09-13,69.5947970020823
2022-09-14,70.98517801836083
2022-09-15,69.66658904219425
2022-09-16,59.670887258057206
2022-09-17,68.63057390585973
2022-09-18,76.07491912720118
2022-09-19,73.62522630804308
2022-09-20,78.96862228769028
2022-09-21,72.76526375453702
2022-09-22,75.96792287306441
2022-09-23,70.50689954694168
2022-09-24,61.59743242416164
2022-09-25,80.25550062825486
2022-09-26,72.86244117057291
2022-09-27,69.65684431602826
2022-09-28,72.56840957868032
2022-09-29,65.60251420704171
2022-09-30,65.45006427938574
2022-10-01,68.33123601052041
2022-10-02,71.58417032354495
2022-10-03,67.04368241172882
2022-10-04,58.94715368226686
2022-10-05,69.79142195974688
2022-10-06,70.11987671769005
2022-10-07,68.06755570198386
2022-10-08,71.0732133309926
2022-10-09,82.67641738079838
2022-10-10,74.09413444482064
2022-10-11,70.4522457780288
2022-10-12,72.34756566367778
2022-10-13,72.4591722448058
2022-10-14,61.63591320527603
2022-10-15,60.88565125713497
2022-10-16,75.55982112720069
2022-10-17,65.94156951469601
2022-10-18,76.13547183341865
2022-10-19,67.41134179290349
2022-10-20,66.97166828961734
2022-10-21,66.00655435024895
2022-10-22,64.68127162427433
2022-10-23,72.04750338007557
2022-10-24,65.42051668483701
2022-10-25,63.269418113394906
2022-10-26,68.45891621586459
2022-10-27,55.067377363758006
2022-10-28,54.606595625430046
2022-10-29,62.3617381748588
2022-10-30,64.94427129510142
2022-10-31,63.14822115069083
2022-11-01,65.64728863344494
2022-11-02,59.221017667873795
2022-11-03,51.98608247856152
2022-11-04,58.10075418157605
2022-11-05,59.7111039967357
2022-11-06,51.74880141017454
2022-11-07,59.647693747542355
2022-11-08,60.361567982362374
2022-11-09,59.65656824685857
2022-11-10,50.995282723067525
2022-11-11,57.45453029741035
2022-11-12,57.38984635620071
2022-11-13,59.79323274165659
2022-11-14,56.97523521736518
2022-11-15,56.97295277219605
2022-11-16,57.87657970799453
2022-11-17,58.73121317045868
2022-11-18,47.36184181550733
2022-11-19,47.004435011685906
2022-11-20,57.034633199155714
2022-11-21,52.0548352101241
2022-11-22,53.880898479607104
2022-11-23,51.91248318897664
2022-11-24,51.33269183275731
2022-11-25,51.301393533433895
2022-11-26,44.95522405581324
2022-11-27,53.95854182011178
2022-11-28,54.21540893928972
2022-11-29,55.45389820038054
2022-11-30,52.183318214924185
2022-12-01,44.58271326320027
2022-12-02,53.76575043306718
2022-12-03,45.17688281656493
2022-12-04,58.435396955846045
2022-12-05,55.062492551901336
2022-12-06,53.27477783212039
2022-12-07,53.411977848962835
2022-12-08,55.648546009926264
2022-12-09,44.384675166370904
2022-12-10,43.37357372827534
2022-12-11,54.0873835900302
2022-12-12,49.6634809701603
2022-12-13,50.55270191937368
2022-12-14,49.513699819233814
2022-12-15,49.09288227126692
2022-12-16,50.48387783973432
2022-12-17,46.684065618767235
2022-12-18,56.44871698434743
2022-12-19,59.615958539841486
2022-12-20,53.92707777611005
2022-12-21,66.78044109693572
2022-12-22,67.16006937535137
2022-12-23,65.40003144204718
2022-12-24,68.89776380197787
2022-12-25,69.77531793960901
2022-12-26,73.04389326568709
2022-12-27,68.61732842067568
2022-12-28,68.49159046604908
2022-12-29,72.64678559176242
2022-12-30,75.1943462197496
2022-12-31,76.47246710959452
2023-01-01,88.59647817829855
2023-01-02,84.83464509759125
2023-01-03,86.4580409800724
2023-01-04,92.46126330957104
2023-01-05,94.06655126330216
2023-01-06,93.01843889677345
2023-01-07,97.70905318552514
2023-01-08,107.42221699256172
2023-01-09,97.8196432565522
2023-01-10,98.74204606037193
2023-01-11,95.6271569309769
2023-01-12,100.41126150228219
2023-01-13,94.95120561227364
2023-01-14,97.39014341985296
2023-01-15,101.04375497595832
2023-01-16,98.9410579287669
2023-01-17,100.28217397156692
2023-01-18,95.46298405482614
2023-01-19,91.59016900387712
2023-01-20,91.05098594764561
2023-01-21,94.80033773444558
2023-01-22,88.68454413537081
2023-01-23,93.85327627709457
2023-01-24,90.32090719099037
2023-01-25,92.0528910677557
2023-01-26,91.33042986319393
2023-01-27,86.99968263428792
2023-01-28,85.52613743247134
2023-01-29,97.25457513688465
2023-01-30,96.64081838676495
2023-01-31,82.94879623468572
2023-02-01,84.91282090009766
2023-02-02,87.09708618274995
2023-02-03,84.18994497271746
2023-02-04,76.2648513372569
2023-02-05,98.17575932346679
2023-02-06,92.07917123976699
2023-02-07,84.749093939911
2023-02-08,86.79657929037191
2023-02-09,86.40470451468988
2023-02-10,85.16497436319557
2023-02-11,85.7431592951979
2023-02-12,86.34881646508268
2023-02-13,79.17337530574109
2023-02-14,77.62526334324019
2023-02-15,78.00423203337598
2023-02-16,80.48167419272164
2023-02-17,78.3977545571157
2023-02-18,83.95196916174399
2023-02-19,88.80728157779564
2023-02-20,84.79504995307073
2023-02-21,85.34359562414171
2023-02-22,87.5423012470456
2023-02-23,88.55400354707949
2023-02-24,84.2606839790463
2023-02-25,91.49250528721437
2023-02-26,93.00153473011613
2023-02-27,93.91616630669593
2023-02-28,94.23640001700312
2023-03-01,93.24605872459895
2023-03-02,92.50540935833806
2023-03-03,88.30961249113426
2023-03-04,92.28736485804424
2023-03-05,90.90628519595882
2023-03-06,85.6269606364235
2023-03-07,83.89273647177424
2023-03-08,86.57894031839064
2023-03-09,85.88719889177179
2023-03-10,86.27372550063139
2023-03-11,89.96662679439221
2023-03-12,89.56540567959183
2023-03-13,84.80343441784741
2023-03-14,91.91406147273467
2023-03-15,86.945140340375
2023-03-16,85.65256805712274
2023-03-17,83.42098084244037
2023-03-18,85.56355609678258
2023-03-19,87.11602323149648
2023-03-20,86.69470287627671
2023-03-21,84.97598455097913
2023-03-22,88.69009699795328
2023-03-23,84.16999317082114
2023-03-24,83.21270203309355
2023-03-25,85.26119692697382
2023-03-26,100.20270111477504
2023-03-27,90.67092214603406
2023-03-28,90.86331836010791
2023-03-29,92.16587029082396
2023-03-30,95.971144595491225
2023-03-31,90.70094421158792
2023-04-01,92.0912723618631
2023-04-02,99.188690483398
2023-04-03,92.60351251502853
2023-04-04,90.954813749248
2023-04-05,89.99144014822843
2023-04-06,86.2885959127479
2023-04-07,93.61891830881852
2023-04-08,92.16817319151255
2023-04-09,89.81430907366902
2023-04-10,92.78349917906931
2023-04-11,88.30391787909221
2023-04-12,85.80523083081805
2023-04-13,85.88425230861121
2023-04-14,86.03436233340939
2023-04-15,85.89747233285117
2023-04-16,95.85815080857847
2023-04-17,80.75625695799829
2023-04-18,80.54162061586874
2023-04-19,86.62011612433601
2023-04-20,86.19084229110034
2023-04-21,82.8255030462707
2023-04-22,83.45938640341791
2023-04-23,91.4545461475159
2023-04-24,85.14924850451462
2023-04-25,83.78080714929642
2023-04-26,83.37046020950721
2023-04-27,82.68479149867412
2023-04-28,82.0222081592889
2023-04-29,84.32699398074364
2023-04-30,85.69996232296062
2023-05-01,87.1973582371245
2023-05-02,86.84405622310945
2023-05-03,87.16503977871538
2023-05-04,95.06346076555162
2023-05-05,87.84201295969964
2023-05-06,81.18619991931223
2023-05-07,90.13574154432
2023-05-08,85.7314475439386
2023-05-09,87.50903873965022
2023-05-10,82.81605235915059
2023-05-11,88.9601025676086
2023-05-12,81.75031715496058
2023-05-13,82.91073597176144
2023-05-14,85.87640191584758
2023-05-15,87.87759748029862
2023-05-16,82.94617984764417
2023-05-17,71.87790139495628
2023-05-18,85.71016535128564
2023-05-19,77.26556789939171
2023-05-20,66.30784351995996
2023-05-21,77.1839543191183
2023-05-22,74.94510667050713
2023-05-23,70.4334266902938
2023-05-24,70.91015480598111
2023-05-25,71.75992723594312
2023-05-26,68.56631829983702
2023-05-27,61.56805370949601
2023-05-28,75.11515615488585
2023-05-29,82.71939737157011
2023-05-30,77.63677597892686
2023-05-31,75.56350758298471
2023-06-01,78.49356400396252
2023-06-02,70.30627568394746
2023-06-03,71.71568907725481
2023-06-04,75.01830906970463
2023-06-05,64.04300703170699
2023-06-06,54.3620448357405
2023-06-07,61.21408047071082
2023-06-08,64.82466740249045
2023-06-09,65.98955801359928
2023-06-10,64.82811515397441
2023-06-11,70.73021685863114
2023-06-12,66.67229001973115
2023-06-13,71.23515260401115
2023-06-14,66.15628760002411
2023-06-15,70.05630058859185
2023-06-16,66.46005680957451
2023-06-17,70.32770092841594
2023-06-18,73.06204670002786
2023-06-19,69.3235783830543
2023-06-20,69.46166773835607
2023-06-21,68.90226889694797
2023-06-22,67.86421376653863
2023-06-23,60.24010286453208
2023-06-24,78.43695168042822
2023-06-25,83.46289381781747
2023-06-26,74.29817887723007
2023-06-27,71.97056338416364
2023-06-28,77.75325113843382
2023-06-29,79.45133698813864
2023-06-30,78.21866187271239
2023-07-01,81.08845256137784
2023-07-02,85.85694280014161
2023-07-03,93.53948023773447
2023-07-04,85.22164302311393
2023-07-05,91.36238362453184
2023-07-06,83.55334223326524
2023-07-07,86.0251786860634
2023-07-08,90.97951970312877
2023-07-09,86.71880536371123
2023-07-10,88.7525638534076
2023-07-11,96.16567994233452
2023-07-12,93.48076992331708
2023-07-13,78.1912138155241
2023-07-14,78.66558380732624
2023-07-15,79.18777048016221
2023-07-16,96.52366426861782
2023-07-17,98.21230236928506
2023-07-18,80.34225579876528
2023-07-19,92.69089622977114
2023-07-20,92.52019992708284
2023-07-21,90.29431062661959
2023-07-22,94.70682303001453
2023-07-23,100.14768289462616
2023-07-24,95.19158244670317
2023-07-25,89.5864882877936
2023-07-26,89.24086180507675
2023-07-27,88.54464875129479
2023-07-28,86.30422056448397
2023-07-29,92.08849955972894
2023-07-30,82.36310922939032
2023-07-31,81.4531241577215
2023-08-01,79.94265133546557
2023-08-02,72.59027228958313
2023-08-03,86.29853848418371
2023-08-04,73.83648584518356
2023-08-05,76.74238837581531
2023-08-06,84.79082805154489
2023-08-07,80.97405043412584
2023-08-08,79.01878400501252
2023-08-09,82.54570206976092
2023-08-10,78.703403764317315
2023-08-11,76.32474045994101
2023-08-12,74.01714549529653
2023-08-13,80.45431976347363
2023-08-14,75.47524167417487
2023-08-15,69.16148170260587
2023-08-16,68.24020801113527
2023-08-17,69.64624365855134
2023-08-18,67.2048562707934
2023-08-19,67.23309547575718
2023-08-20,70.32777555387604
2023-08-21,72.33857820746091
2023-08-22,57.21119926266714
2023-08-23,66.78231986034875
2023-08-24,66.57596833164898
2023-08-25,73.02443123231244
2023-08-26,55.690180195589654
2023-08-27,64.10880060211196
2023-08-28,65.29778126355308
2023-08-29,65.10590214243453
2023-08-30,63.56682968526431
2023-08-31,55.22812982798542
2023-09-01,68.15384644134271
2023-09-02,68.46125473069367
2023-09-03,75.43204687034013
2023-09-04,71.52684720908974
2023-09-05,71.74558802227384
2023-09-06,74.71406616892881
2023-09-07,75.14052835183644
2023-09-08,78.99311738963539
2023-09-09,70.35678577245798
2023-09-10,75.4515742711732
2023-09-11,71.78551048555595
2023-09-12,69.30549911261207
2023-09-13,68.52877919405402
2023-09-14,74.389015460541
2023-09-15,68.2074511884803
2023-09-16,74.0402928056388
2023-09-17,75.21346746143503
2023-09-18,76.7349957708864
2023-09-19,69.64501204164452
2023-09-20,73.4578129938413
2023-09-21,75.31587658791976
2023-09-22,83.33587705425224
2023-09-23,61.7288513050842
2023-09-24,77.63640602253696
2023-09-25,70.15273884287464
2023-09-26,66.75120052668309
2023-09-27,74.01664198220544
2023-09-28,70.02608526325959
2023-09-29,69.6616300867093
2023-09-30,67.63152315527219
2023-10-01,71.8351370883288
2023-10-02,68.07955251858286
2023-10-03,68.46938730874632
2023-10-04,74.18602768290722
2023-10-05,67.79637544617397
2023-10-06,57.019228635416496
2023-10-07,70.38230991326179
2023-10-08,77.09000235186143
2023-10-09,64.78299660291597
2023-10-10,67.16140577053929
2023-10-11,70.21998804394238
2023-10-12,67.11527299431924
2023-10-13,57.25044634314847
2023-10-14,70.1448606326015
2023-10-15,74.08472311333581
2023-10-16,69.40635640719222
2023-10-17,70.74548305358086
2023-10-18,66.63408708519694
2023-10-19,67.00683085198453
2023-10-20,66.93311021119928
2023-10-21,64.50311946201937
2023-10-22,63.51657619759511
2023-10-23,59.41866401188146
2023-10-24,62.07671236096061
2023-10-25,57.26664752995796
2023-10-26,59.073286570514256
2023-10-27,56.296414792631815
2023-10-28,58.66410498769949
2023-10-29,56.0427567130342
2023-10-30,53.03100455525071
2023-10-31,52.80879742668854
2023-11-01,56.643217960655434
2023-11-02,56.5711238673005
2023-11-03,54.02486942226665
2023-11-04,57.849548341240464
2023-11-05,67.80031373812159
2023-11-06,58.525275166160206
2023-11-07,50.873144864503686
2023-11-08,58.769589405083046
2023-11-09,59.137789899540564
2023-11-10,57.07056154928192
2023-11-11,48.270841527169694
2023-11-12,63.29552105031797
2023-11-13,54.785013686170004
2023-11-14,53.18602955589052
2023-11-15,43.856724948137135
2023-11-16,53.222199902179646
2023-11-17,44.29833247140007
2023-11-18,45.181302687421976
2023-11-19,59.277542834061386
2023-11-20,57.89177402081512
2023-11-21,55.407220437451784
2023-11-22,58.150113465114885
2023-11-23,47.380484664302614
2023-11-24,55.08757953228449
2023-11-25,45.16413402621068
2023-11-26,51.2704736303067
2023-11-27,48.32799159983627
2023-11-28,51.238681456173254
2023-11-29,47.68980548384748
2023-11-30,46.486669772301376
2023-12-01,40.24714074964041
2023-12-02,40.77672156805144
2023-12-03,41.70327205307725
2023-12-04,42.4996943768904
2023-12-05,50.208397067503526
2023-12-06,52.216704968452895
2023-12-07,44.10819240051199
2023-12-08,44.38410208963599
2023-12-09,57.65979781749076
2023-12-10,54.25371597471687
2023-12-11,53.61984513531936
2023-12-12,58.3841681363333
2023-12-13,55.918706896780634
2023-12-14,52.54663221541535
2023-12-15,58.49642270248734
2023-12-16,57.44291231718037
2023-12-17,59.054492422930146
2023-12-18,56.62669133524222
2023-12-19,57.595202890114024
2023-12-20,60.44809757158551
2023-12-21,58.00371019041573
2023-12-22,61.601512099093654
2023-12-23,63.72164334922684
2023-12-24,67.74605153463892
2023-12-25,69.2188213194443
2023-12-26,77.74866263106371
2023-12-27,61.7839937863551
2023-12-28,75.03044866410356
2023-12-29,64.53376726273558
2023-12-30,82.74015229754235
2023-12-31,79.3886595005871
2024-01-01,86.6781225574471
2024-01-02,83.00225621761224
2024-01-03,82.35405994616393
2024-01-04,94.59474202589658
2024-01-05,81.7669141474254
2024-01-06,89.46718742708393
2024-01-07,94.06171630791093
2024-01-08,85.30676441731946
2024-01-09,84.44892018329128
2024-01-10,85.04258935940726
2024-01-11,87.80394908557258
2024-01-12,84.4510534832881
2024-01-13,81.50295085989882
2024-01-14,89.1330292817945
2024-01-15,78.57026128096528
2024-01-16,73.06285856835825
2024-01-17,76.21466122863914
2024-01-18,73.63785419859332
2024-01-19,73.69089800218097
2024-01-20,75.21995169962403
2024-01-21,82.54197192388591
2024-01-22,77.98554847720435
2024-01-23,78.08243695973884
2024-01-24,80.266335960174
2024-01-25,75.56513744433771
2024-01-26,75.79576419197247
2024-01-27,67.03254962926883
2024-01-28,84.153932490512
2024-01-29,73.95188543686581
2024-01-30,77.4505040137435
2024-01-31,74.41319319141952
2024-02-01,77.57811215109858
2024-02-02,75.45224810060385
2024-02-03,62.67345426267355
2024-02-04,78.87019893866727
2024-02-05,73.60797921587289
2024-02-06,72.43044635104346
2024-02-07,73.10949369034059
2024-02-08,77.75386503164458
2024-02-09,69.77212334302818
2024-02-10,59.349899031570345
2024-02-11,74.0814360116799
2024-02-12,64.13023848412327
2024-02-13,68.42696112882254
2024-02-14,61.86867708318587
2024-02-15,69.79703892012891
2024-02-16,62.47233189948755
2024-02-17,63.36312992755786
2024-02-18,69.62308796711118
2024-02-19,66.33885731815525
2024-02-20,66.40162646207645
2024-02-21,63.00771258995001
2024-02-22,62.72207279881406
2024-02-23,54.145554310673035
2024-02-24,68.9689954782769
2024-02-25,71.20449512007197
2024-02-26,63.45130094333119
2024-02-27,65.38132984841644
2024-02-28,64.56248126002468
2024-02-29,61.086572760776
2024-03-01,62.48264605343231
2024-03-02,67.33452704392323
2024-03-03,67.89281183039695
2024-03-04,65.02402588233484
2024-03-05,67.79974627701338
2024-03-06,66.43221879812296
2024-03-07,67.84448911287068
2024-03-08,68.93312295898615
2024-03-09,66.11723464306873
2024-03-10,70.93523361029176
2024-03-11,67.21055849190871
2024-03-12,68.82602765452823
2024-03-13,66.46521713267052
2024-03-14,70.78508758529757
2024-03-15,57.600887967827525
2024-03-16,57.87350686127648
2024-03-17,72.4415448481205
2024-03-18,66.44300473658285
2024-03-19,69.32072442230435
2024-03-20,72.24185253594136
2024-03-21,69.69580387801354
2024-03-22,68.76477459169999
2024-03-23,56.8758771430262
2024-03-24,69.40030462140165
2024-03-25,68.6573236622511
2024-03-26,65.27022847899283
2024-03-27,68.95944039585815
2024-03-28,56.65120111091313
2024-03-29,57.685818883073736
2024-03-30,59.080287648007136
2024-03-31,72.41280447016625
2024-04-01,77.80540512256677
2024-04-02,73.81506420127766
2024-04-03,74.16851018899665
2024-04-04,76.71721166657387
2024-04-05,70.47978585513358
2024-04-06,74.55428976487259
2024-04-07,76.04953491485983
2024-04-08,67.59161983379038
2024-04-09,68.51732724949422
2024-04-10,69.15826579494646
2024-04-11,54.95216700416121
2024-04-12,55.62038209832264
2024-04-13,66.88421176760319
2024-04-14,77.6337286124224
2024-04-15,66.98703606271216
2024-04-16,70.37500863611851
2024-04-17,72.45339812328262
2024-04-18,71.59091215249538
2024-04-19,75.2875168660318
2024-04-20,71.5671390089597
2024-04-21,79.16974702823536
2024-04-22,66.45743605815927
2024-04-23,65.47913302227313
2024-04-24,65.17387990280615
2024-04-25,66.19817240949939
2024-04-26,63.22046962222834
2024-04-27,69.21153526759842
2024-04-28,69.66878229874744
2024-04-29,70.17857681143687
2024-04-30,71.01762360981549
2024-05-01,70.43888451998357
2024-05-02,71.11851320335744
2024-05-03,69.56243331704677
2024-05-04,59.5637763353827
2024-05-05,82.59570924188924
2024-05-06,58.70486617187566
2024-05-07,66.36689957202788
2024-05-08,65.38908037048716
2024-05-09,64.66936694425955
2024-05-10,65.07585279597225
2024-05-11,52.71904191505029
2024-05-12,65.07887118971911
2024-05-13,57.91476234787844
2024-05-14,58.25480653261297
2024-05-15,56.9015531023198
2024-05-16,58.82700758394725
2024-05-17,58.444988299259684
2024-05-18,63.561826054657544
2024-05-19,66.06084661691914
2024-05-20,64.95942821427779
2024-05-21,61.28409140894463
2024-05-22,68.90480010787351
2024-05-23,55.068386534314705
2024-05-24,66.6367080830304
2024-05-25,64.48262044697697
2024-05-26,68.61133835081608
2024-05-27,64.45362353928786
2024-05-28,61.67786737810284
2024-05-29,66.16467991699105
2024-05-30,67.36503716961164
2024-05-31,65.64233271768428
2024-06-01,68.26443825913267
2024-06-02,64.91844436759843
2024-06-03,63.33529271924419
2024-06-04,60.517649369873006
2024-06-05,66.38589393412785
2024-06-06,60.250464646605884
2024-06-07,61.60729470967721
2024-06-08,52.28670487976366
2024-06-09,70.29913362681974
2024-06-10,62.33920511437026
2024-06-11,57.98238262927675
2024-06-12,57.41434172383724
2024-06-13,58.009099562022804
2024-06-14,46.66326702415442
2024-06-15,57.29247348356077
2024-06-16,55.61968536566391
2024-06-17,50.912927792564055
2024-06-18,49.55811358189571
2024-06-19,50.15272916895471
2024-06-20,52.69677455730743
2024-06-21,54.32554119107277
2024-06-22,66.88579256309391
2024-06-23,63.84913385465998
2024-06-24,53.61536741334079
2024-06-25,66.9502694565815
2024-06-26,69.92494807360411
2024-06-27,69.01483821889212
2024-06-28,58.69940778962609
2024-06-29,58.464643081164105
2024-06-30,67.89277409511632
2024-07-01,66.5020165070172
2024-07-02,64.77760994294879
2024-07-03,73.70093717987879
2024-07-04,55.79206133654317
2024-07-05,65.2417191823313
2024-07-06,67.673408094092
2024-07-07,71.44252801698138
2024-07-08,68.52334650231188
2024-07-09,69.38995419187444
2024-07-10,66.25392471249819
2024-07-11,67.164112488709
2024-07-12,74.97166211040042
2024-07-13,67.19295191375629
2024-07-14,80.28790892311306
2024-07-15,82.75511397187871
2024-07-16,81.1915609460435
2024-07-17,83.28762815593694
2024-07-18,70.41822269006724
2024-07-19,80.35525674448547
2024-07-20,71.69897810203604
2024-07-21,85.13650175420213
2024-07-22,79.94015243480781
2024-07-23,80.41403541604448
2024-07-24,77.72203488495475
2024-07-25,78.25663323579316
2024-07-26,80.93328606484258
2024-07-27,66.48135290951683
2024-07-28,78.35783446191644
2024-07-29,71.30052806755242
2024-07-30,71.31466421091413
2024-07-31,72.4804081680576
2024-08-01,67.47868705645615
2024-08-02,62.36073413634891
2024-08-03,66.77068570990112
2024-08-04,71.72268724672418
2024-08-05,67.40137299271183
2024-08-06,56.47139410615205
2024-08-07,65.70675938103176
2024-08-08,59.81241727604411
2024-08-09,61.132329598947315
2024-08-10,65.03137160987903
2024-08-11,64.16114251509059
2024-08-12,66.52515259429701
2024-08-13,65.39361033010915
2024-08-14,65.68935549996984
2024-08-15,69.08444719477765
2024-08-16,66.19813436940976
2024-08-17,69.99499832220228
2024-08-18,69.41904427705764
2024-08-19,67.67716447920097
2024-08-20,71.29042490182302
2024-08-21,73.20308240959645
2024-08-22,60.06790390422733
2024-08-23,62.31917048121441
2024-08-24,68.12723427731538
2024-08-25,76.52603233810287
2024-08-26,68.47403634744286
2024-08-27,73.27850412519612
2024-08-28,72.91174786529022
2024-08-29,65.74261638672769
2024-08-30,72.37738882064379
2024-08-31,64.52536943935995
2024-09-01,74.50000765559457
2024-09-02,71.48030934228471
2024-09-03,70.90916654114045
2024-09-04,75.34176819376367
2024-09-05,76.05436812009039
2024-09-06,69.67280154725951
2024-09-07,72.03463761512533
2024-09-08,83.96273695782602
2024-09-09,72.82563529812693
2024-09-10,73.15031954227535
2024-09-11,68.03505949201724
2024-09-12,71.66326924615309
2024-09-13,72.61713923626381
2024-09-14,67.2617804972289
2024-09-15,80.37897830383677
2024-09-16,77.06607709304718
2024-09-17,73.71557580018367
2024-09-18,72.36106382929998
2024-09-19,70.67717590223259
2024-09-20,65.8080451650902
2024-09-21,64.52872031842013
2024-09-22,70.89621869154196
2024-09-23,68.72460911787023
2024-09-24,67.8348373548971
2024-09-25,65.36047062920704
2024-09-26,65.02723150929654
2024-09-27,66.03323448857876
2024-09-28,58.83207419456977
2024-09-29,68.87515056771434
2024-09-30,58.96831194124006
2024-10-01,62.84793442139089
2024-10-02,68.41574576896963
2024-10-03,59.05742846353334
2024-10-04,66.99190997070504
2024-10-05,55.64000575935505
2024-10-06,68.69392725650965
2024-10-07,65.53861486235735
2024-10-08,62.366944774640686
2024-10-09,62.38994317128287
2024-10-10,61.11096032398082
2024-10-11,57.77841314237134
2024-10-12,61.59591947232017
2024-10-13,67.58225665195114
2024-10-14,63.912782266249124
2024-10-15,67.46571723834853
2024-10-16,66.98562960952906
2024-10-17,65.30336613129454
2024-10-18,58.804179309391245
2024-10-19,64.20733447872834
2024-10-20,69.00936080352015
2024-10-21,54.038645287389585
2024-10-22,62.86230396415415
2024-10-23,65.693837224811
2024-10-24,56.61550216111405
2024-10-25,53.13122164241492
2024-10-26,53.79808843033327
2024-10-27,66.73013272299043
2024-10-28,58.27853555512606
2024-10-29,59.19116871495418
2024-10-30,59.83589178041406
2024-10-31,55.37629864839983
2024-11-01,59.384388168202975
2024-11-02,50.732816840640666
2024-11-03,61.570315210930524
2024-11-04,50.66166136548125
2024-11-05,55.4062725620423
2024-11-06,50.555899152376774
2024-11-07,45.79181337900667
2024-11-08,43.25911175532788
2024-11-09,43.25147842954093
2024-11-10,51.66148836734195
2024-11-11,46.30601406863845
2024-11-12,47.68812450286831
2024-11-13,42.23688706568231
2024-11-14,44.18964392978916
2024-11-15,43.324512626302734
2024-11-16,44.693447445225964
2024-11-17,59.56870631314712
2024-11-18,55.58983619822272
2024-11-19,59.31463699866491
2024-11-20,57.995396356665644
2024-11-21,54.00139075691177
2024-11-22,55.66001331475304
2024-11-23,60.42103472228625
2024-11-24,67.60464968039372
2024-11-25,60.5968927785076
2024-11-26,64.6151587977299
2024-11-27,62.07100863413561
2024-11-28,57.117228264809214
2024-11-29,60.71524567224157
2024-11-30,52.014926643229806
2024-12-01,64.36679993736368
2024-12-02,55.95182709584339
2024-12-03,61.87908888096177
2024-12-04,57.92065896383866
2024-12-05,62.35818886291534
2024-12-06,48.86624617286005
2024-12-07,55.19417172738911
2024-12-08,67.06128125416345
2024-12-09,58.2252218177096
2024-12-10,56.75452679508233
2024-12-11,61.037778682993746
2024-12-12,51.931827556552015
2024-12-13,53.055808533386774
2024-12-14,57.86699182151405
2024-12-15,67.05639016097886
2024-12-16,61.3392020179387
2024-12-17,63.22888400300312
2024-12-18,60.272145895079774
2024-12-19,59.929788624100446
2024-12-20,59.13019142137915
2024-12-21,55.37200739833249
2024-12-22,66.55803098987467
2024-12-23,56.108355656130826
2024-12-24,67.7587967266244
2024-12-25,64.51523731563329
2024-12-26,64.13194368090885
2024-12-27,61.82989588411557
2024-12-28,59.31262331925489
2024-12-29,73.98268837617242
2024-12-30,66.52060748030418
2024-12-31,68.52586986222188
2025-01-01,75.21908931539728
2025-01-02,79.80865406596085
2025-01-03,65.79325821905762
2025-01-04,76.57875788004307
2025-01-05,77.24461564509684
2025-01-06,70.57774986003875
2025-01-07,70.62127714131083
2025-01-08,72.29377219162092
2025-01-09,71.55178713057927
2025-01-10,71.84660098328152
2025-01-11,76.10048552911196
2025-01-12,80.15256219922244
2025-01-13,76.45307246222022
2025-01-14,75.95254339218485
2025-01-15,75.52155697542229
2025-01-16,76.1533910344443
2025-01-17,75.84828110618865
2025-01-18,73.64479602727009
2025-01-19,76.94282395622722
2025-01-20,75.64229322104363
2025-01-21,74.72288891161725
2025-01-22,81.23211496434024
2025-01-23,77.13254827188548
2025-01-24,65.25814178742952
2025-01-25,72.48691862746976
2025-01-26,72.64383918689789
2025-01-27,67.5282812042841
2025-01-28,70.01642133724599
2025-01-29,64.23479742976264
2025-01-30,70.40983588283845
2025-01-31,67.72560628016423
2025-02-01,71.96646343090808
2025-02-02,78.56975397988472
2025-02-03,74.25894034392716
2025-02-04,77.11961162148911
2025-02-05,78.4763738324598
2025-02-06,72.80889440916305
2025-02-07,73.31562036948985
2025-02-08,65.2957588980683
2025-02-09,80.0544539572371
2025-02-10,71.44213875559356
2025-02-11,72.42968175440821
2025-02-12,71.55329440444741
2025-02-13,72.57924006374992
2025-02-14,68.67138811042088
2025-02-15,64.41758209990668
2025-02-16,74.87269115341495
2025-02-17,74.73935040226377
2025-02-18,71.15673152845875
2025-02-19,70.18891621238272
2025-02-20,74.32710468594874
2025-02-21,64.50313737898728
2025-02-22,67.86756153436578
2025-02-23,72.30759598609562
2025-02-24,64.30586236704515
2025-02-25,64.82019108355674
2025-02-26,57.65860893102631
2025-02-27,56.064954635103156
2025-02-28,63.046603411125886
2025-03-01,61.818097777661734
2025-03-02,67.64194843837937
2025-03-03,69.23926596532559
2025-03-04,68.48654548961835
2025-03-05,65.55219042851192
2025-03-06,63.25778197856428
2025-03-07,66.12969671321852
2025-03-08,64.9830487449879
2025-03-09,65.6596073632095
2025-03-10,61.40555456535052
2025-03-11,60.55908864707894
2025-03-12,58.39750377807849
2025-03-13,55.92899818430366
2025-03-14,60.27474171855317
2025-03-15,64.10617430268341
2025-03-16,68.16338947551472
2025-03-17,68.00624676441325
2025-03-18,68.90410401820776
2025-03-19,67.33918792190131
2025-03-20,65.94863990098582
2025-03-21,63.40291629713014
2025-03-22,64.64740543743702
2025-03-23,69.94327733552073
2025-03-24,61.86349838020625
2025-03-25,65.73339801927904
2025-03-26,65.65798972688891
2025-03-27,57.23932108621553
2025-03-28,63.88133100272986
2025-03-29,70.34272813703525
2025-03-30,68.41016420909017
2025-03-31,70.585773569676
2025-04-01,69.84983650177621
2025-04-02,65.47662859787614
2025-04-03,64.54111188368199
2025-04-04,66.39813505676966
2025-04-05,68.96821959254864
2025-04-06,76.2939190893027
2025-04-07,67.93056140148849
2025-04-08,68.77664647650333
2025-04-09,67.83853685169933
2025-04-10,58.691003256417886
2025-04-11,59.18357482663036
2025-04-12,63.6513641571344
2025-04-13,78.82070692850883
2025-04-14,72.20791668262244
2025-04-15,79.14439888854218
2025-04-16,72.06783766952267
2025-04-17,73.1598743527661
2025-04-18,79.58371061998649
2025-04-19,69.60172744624928
2025-04-20,81.00965636223283
2025-04-21,80.335125273599
2025-04-22,80.27195101025353
2025-04-23,71.75495340290345
2025-04-24,74.84401691513202
2025-04-25,69.90060531168264
2025-04-26,70.89818985873005
2025-04-27,76.58381337974255
2025-04-28,69.90697614931604
2025-04-29,64.94095447722835
2025-04-30,60.957791168471196
2025-05-01,56.93819559873238
2025-05-02,60.07072723504066
2025-05-03,63.632834997974705
2025-05-04,69.46987685361536
2025-05-05,57.068826985499406
2025-05-06,69.38802632019095
2025-05-07,64.27225786288213
2025-05-08,65.41610688585186
2025-05-09,64.63094513617881
2025-05-10,70.25009619464366
2025-05-11,68.59456483298851
2025-05-12,67.64299918251099
2025-05-13,62.405339841016925
2025-05-14,62.034581138551445
2025-05-15,66.10627481318245
2025-05-16,57.7121308907429
2025-05-17,56.2967780636189
2025-05-18,67.22436947076486
2025-05-19,60.08779613879931
2025-05-20,58.94195675236173
2025-05-21,63.678125766987534
2025-05-22,62.926218668670614
2025-05-23,57.92915942985673
2025-05-24,57.10027940970477
2025-05-25,76.46177624815944
2025-05-26,71.40404156401182
2025-05-27,71.58496372771899
2025-05-28,66.01568914752431
2025-05-29,71.51355369299401
2025-05-30,59.48137474674215
2025-05-31,57.20833994185696
2025-06-01,68.39769306324904
2025-06-02,55.013989908610064
2025-06-03,52.14918317193017
2025-06-04,55.97953110309102
2025-06-05,49.679198619770084
2025-06-06,57.33094956186897
2025-06-07,59.23823146447283
2025-06-08,57.52503070895257
2025-06-09,72.26553688316812
2025-06-10,70.45555775716133
2025-06-11,66.51330212727555
2025-06-12,60.8406656465146
2025-06-13,61.01718969297833
2025-06-14,61.37544411002227
2025-06-15,69.94146235899689
2025-06-16,63.15863128838263
2025-06-17,60.3335554941945
2025-06-18,60.429948361907734
2025-06-19,57.44455380474851
2025-06-20,60.449394081549464
2025-06-21,52.44446246819013
2025-06-22,54.385808921826296
2025-06-23,55.805046821929075
2025-06-24,56.868574399324544
2025-06-25,58.72313566820209
2025-06-26,60.769131926993964
2025-06-27,53.59485855680029
2025-06-28,57.63060795763192
2025-06-29,67.93152883072224
2025-06-30,65.63253750723862
2025-07-01,60.64455319884537
2025-07-02,68.90726349408666
2025-07-03,70.85002579321488
2025-07-04,69.72476489558757
2025-07-05,64.69334257693394
2025-07-06,77.49190429869611
2025-07-07,71.47553880938949
2025-07-08,70.77131186605466
2025-07-09,75.03300033204594
2025-07-10,70.66346990653068
2025-07-11,74.42911762869144
2025-07-12,76.09436826961695
2025-07-13,76.79221033675661
2025-07-14,74.17898122460653
2025-07-15,73.71536365143656
2025-07-16,72.8709935393827
2025-07-17,73.03255799561015
2025-07-18,72.66722692597085
2025-07-19,72.11662041740081
2025-07-20,74.4903414845103
2025-07-21,74.39674770002712
2025-07-22,73.04843893548824
2025-07-23,66.30453609579858
2025-07-24,74.2756444206486
2025-07-25,74.10969195650084
2025-07-26,75.53298561487877
2025-07-27,79.24420207835175
2025-07-28,78.46858433179571
2025-07-29,77.06879602110466
2025-07-30,73.95117072548612
2025-07-31,74.4331240881408
2025-08-01,69.94362457537198
2025-08-02,69.43346053575027
2025-08-03,73.97122522287883
2025-08-04,70.63083034123926
2025-08-05,69.24635033489355
2025-08-06,66.93198750453752
2025-08-07,65.68759051834705
2025-08-08,63.700757013361084
2025-08-09,63.519787948289164
2025-08-10,66.63433273683424
2025-08-11,63.442227576924516
2025-08-12,62.104073881045814
2025-08-13,61.817589411934044
2025-08-14,59.28085762347393
2025-08-15,60.041757945978155
2025-08-16,59.946306899855145
2025-08-17,67.80589646012362
2025-08-18,66.06363010807466
2025-08-19,68.9239719432766
2025-08-20,65.4855880852851
2025-08-21,64.86865334956737
2025-08-22,61.67967181151354
2025-08-23,70.94642708279714
2025-08-24,74.29101805146806
2025-08-25,64.53489111620094
2025-08-26,75.57709747206451
2025-08-27,68.5849211940384
2025-08-28,72.36459827639685
2025-08-29,57.79159177686574
2025-08-30,66.56332616935009
2025-08-31,71.65074576738732
2025-09-01,62.58455418591731
2025-09-02,73.46691805696136
2025-09-03,65.91604780169892
2025-09-04,69.3747813149708
2025-09-05,71.77420756603894
2025-09-06,58.31333237202075
2025-09-07,77.95745190386174
2025-09-08,69.34303039672132
2025-09-09,59.286922901306994
2025-09-10,69.80494514069422
2025-09-11,66.41449417735562
2025-09-12,65.53459402425364
2025-09-13,69.79122752200207
2025-09-14,81.43902640200784
2025-09-15,70.82689673426228
2025-09-16,70.73983639368888
2025-09-17,73.83039844317936
2025-09-18,70.31082866577995
2025-09-19,65.035216550521
2025-09-20,65.56320966941304
2025-09-21,78.41997749404818
2025-09-22,74.60689732250752
2025-09-23,71.63052141105324
2025-09-24,72.19640784248784
2025-09-25,71.45046712152124
2025-09-26,75.91786872734359
2025-09-27,64.35202423709737
2025-09-28,75.34692386107588
2025-09-29,77.81454164270433
2025-09-30,75.95645012692232
2025-10-01,73.03523405059116
2025-10-02,59.38752422849894
2025-10-03,72.60466287699123
2025-10-04,57.82748122886039
2025-10-05,70.99737128079565
2025-10-06,55.69405482126505
2025-10-07,68.8934019319958
2025-10-08,60.62216343540308
2025-10-09,55.62823820518415
2025-10-10,59.195422015895886
2025-10-11,47.83310474425568
2025-10-12,63.79573752838791
2025-10-13,44.444151295764534
2025-10-14,49.88948049372364
2025-10-15,53.72866130052936
2025-10-16,44.025408086431746
2025-10-17,45.12974354147086
2025-10-18,46.85603725842026
2025-10-19,63.8196078672903
2025-10-20,63.77589378765078
2025-10-21,56.27392352595646
2025-10-22,55.5841896821446
2025-10-23,66.05680524275562
2025-10-24,56.100400901200025
2025-10-25,63.64583988914898
2025-10-26,57.02217765974429
2025-10-27,47.54165888259148
2025-10-28,48.83817425355653
2025-10-29,44.70490039776904
2025-10-30,53.36456670977991
2025-10-31,52.93398286228008
2025-11-01,41.50334315657593
2025-11-02,52.963213881077465
2025-11-03,51.891787882687936
2025-11-04,48.417856115659816
2025-11-05,53.625112377634395
2025-11-06,40.673965834470614
2025-11-07,41.45135096269344
2025-11-08,42.54315628925335
2025-11-09,59.88716510281003
2025-11-10,58.38785605284852
2025-11-11,46.230110710977286
2025-11-12,59.32509699852115
2025-11-13,47.8018767522652
2025-11-14,48.32189869792433
2025-11-15,60.839691274397644
2025-11-16,68.36594126682792
2025-11-17,49.06149492300796
2025-11-18,49.35850335601558
2025-11-19,52.90425525169499
2025-11-20,50.14972210018942
2025-11-21,50.64393241065398
2025-11-22,51.203876678505026
2025-11-23,55.49001583269654
2025-11-24,65.24756359968775
2025-11-25,62.15432153470576
2025-11-26,57.6492300316562
2025-11-27,50.55855434158094
2025-11-28,49.29737583101173
2025-11-29,47.65882597409441
2025-11-30,45.64290476977698
2025-12-01,56.77115668215242
2025-12-02,46.40472263613682
2025-12-03,54.55226373263375
2025-12-04,42.95577409499943
2025-12-05,54.09074718935592
2025-12-06,44.84508764840122
2025-12-07,63.90115747104903
2025-12-08,51.78535699005454
2025-12-09,52.768043364745914
2025-12-10,61.59725091281027
2025-12-11,50.55427189236439
2025-12-12,61.00054644183413
2025-12-13,55.71254677620113
2025-12-14,66.82098547430002
2025-12-15,60.487371877308405
2025-12-16,61.28277099938794
2025-12-17,61.76247728839867
2025-12-18,52.5100876301305
2025-12-19,57.17713096310225
2025-12-20,71.96167926999426
2025-12-21,75.06895916035175
2025-12-22,75.39796710648308
2025-12-23,76.71526435428581
2025-12-24,60.73622965244785
2025-12-25,66.16095353092766
2025-12-26,73.25477707658209
2025-12-27,74.307743939318
2025-12-28,68.60367698325953
2025-12-29,67.10694405948894
2025-12-30,63.097858440121044
2025-12-31,51.40402968885478
2026-01-01,55.81845382790785
2026-01-02,65.5408325186942
2026-01-03,64.98326089419442
2026-01-04,67.0369274376295
2026-01-05,71.47807017046543
2026-01-06,72.02024532613983
2026-01-07,75.59534026481134
2026-01-08,63.10529797484378
2026-01-09,72.8346494112921
2026-01-10,65.70311124338066
2026-01-11,74.26579732111806
2026-01-12,71.24666399308548
2026-01-13,69.04176493021517
2026-01-14,70.37434159554094
2026-01-15,69.78022767609191
2026-01-16,68.17895924945786
2026-01-17,57.931313514565495
2026-01-18,78.10873210556204
2026-01-19,71.20257925891043
2026-01-20,68.0615220652908
2026-01-21,73.12409044061661
2026-01-22,73.59635452698086
2026-01-23,79.21301838476418
2026-01-24,79.86802684352367
2026-01-25,87.90438341805876
2026-01-26,75.87492085806267
2026-01-27,73.69108678747746
2026-01-28,76.81709266781053
2026-01-29,80.08938974899705
2026-01-30,64.09162007096657
2026-01-31,70.75109212965843
2026-02-01,79.18372691190397
2026-02-02,70.27938317183902
2026-02-03,73.40132356527124
2026-02-04,69.63053536445183
2026-02-05,71.55979991362538
2026-02-06,67.95906180983378
2026-02-07,70.73476597184634
2026-02-08,69.36308723770101
2026-02-09,78.01941223218815
2026-02-10,70.63290375552847
2026-02-11,71.20544283280755
2026-02-12,63.80208814487687
2026-02-13,68.87367574306725
2026-02-14,67.42161766111919
2026-02-15,72.45646523611993
2026-02-16,70.49795592862328
2026-02-17,77.20251772263846
2026-02-18,68.18034031029741
2026-02-19,59.40615262886948
2026-02-20,70.61461359037618
2026-02-21,73.6360891042645
2026-02-22,80.80474099056335
2026-02-23,76.40936349023235
2026-02-24,73.81859651251989
2026-02-25,72.55498863111086
2026-02-26,71.50448652279634
2026-02-27,67.97238327724764
2026-02-28,73.47448173852943
2026-03-01,84.01942989111855
2026-03-02,75.71599911203752
2026-03-03,72.84869368925439
2026-03-04,75.10881205556908
2026-03-05,67.07682220026078
2026-03-06,69.92999462361857
2026-03-07,62.58175606557657
2026-03-08,72.07546092715619
2026-03-09,78.5130320986377
2026-03-10,73.3456714895714
2026-03-11,71.3835090179864
2026-03-12,73.61548421432306
2026-03-13,69.30686612811137
2026-03-14,75.98383095663422
2026-03-15,79.79030795779539
2026-03-16,74.42048579358745
2026-03-17,74.16259592529077
2026-03-18,68.39528210835364
2026-03-19,67.84681374099493
2026-03-20,71.79684244591084
2026-03-21,74.43673956847077
2026-03-22,64.49280756432461
2026-03-23,68.89047347384056
2026-03-24,68.7386940420533
2026-03-25,71.2028555585095
2026-03-26,68.13197153195902
2026-03-27,64.90563095029613
2026-03-28,63.871019667349096
2026-03-29,73.88583506144623
2026-03-30,71.70120511329696
2026-03-31,70.31765408011256
2026-04-01,76.09887596603626
2026-04-02,62.821825565995915
2026-04-03,76.69973862288938
2026-04-04,61.23480494976079
2026-04-05,77.5384806013956
2026-04-06,72.89192924639525
2026-04-07,74.42051642718383
2026-04-08,75.71265446311835
2026-04-09,75.09942338542865
2026-04-10,77.74748701437522
2026-04-11,73.12254059813306
2026-04-12,76.6843539994308
2026-04-13,78.86293376954889
2026-04-14,75.70649856463903
2026-04-15,78.13710543768148
2026-04-16,73.98104125721379
2026-04-17,73.16227589191016
2026-04-18,65.63259850420145
2026-04-19,81.4913084501454
2026-04-20,76.38776093652557
2026-04-21,74.67907992576554
2026-04-22,71.546558643352
2026-04-23,63.67886797927066
2026-04-24,69.8953671701826
2026-04-25,65.71483069460913
2026-04-26,78.82210410372726
2026-04-27,67.2520345600546
2026-04-28,69.94425068396038
2026-04-29,70.46881196431447
2026-04-30,64.10930107176313
2026-05-01,58.49295043745167
2026-05-02,61.46528419275962
2026-05-03,58.74394189300732
2026-05-04,59.09292867973332
2026-05-05,63.857240577038006
2026-05-06,61.67802433413255
2026-05-07,60.679076312146165
2026-05-08,62.114593382665014
2026-05-09,55.87280788683736
2026-05-10,66.35254512767722
2026-05-11,72.17472089879585
2026-05-12,69.25236986490002
2026-05-13,67.4475953145549
2026-05-14,69.90181766451826
2026-05-15,63.29424775263599
2026-05-16,61.36146379649935
2026-05-17,58.25481009624808
2026-05-18,60.46121824363377
2026-05-19,55.65772103438362
2026-05-20,63.18954002181473
2026-05-21,50.73006193079857
2026-05-22,60.59106165526353
2026-05-23,57.72955483396544
2026-05-24,58.99224526671556
2026-05-25,52.56239233182569
2026-05-26,52.29056147195103
2026-05-27,60.21312163362019
2026-05-28,56.487698445136814
2026-05-29,55.46125368039364
2026-05-30,55.830388326367654
2026-05-31,66.09755802919055
2026-06-01,70.25900659486742
2026-06-02,64.76687956532041
2026-06-03,66.8995134281846
2026-06-04,65.10798879803264
2026-06-05,59.98987067001769
2026-06-06,59.5176969905955
2026-06-07,70.82471217170144
2026-06-08,64.04938731287685
2026-06-09,64.55670473816936
2026-06-10,65.79910671034537
2026-06-11,62.915745113507704
2026-06-12,64.63417813863599
2026-06-13,55.76580711982529
2026-06-14,61.87709149742476
2026-06-15,63.053190333069395
2026-06-16,54.61994540214187
2026-06-17,61.20715985255776
2026-06-18,62.88503803899667
2026-06-19,60.6328115506541
2026-06-20,56.338998440103424
2026-06-21,61.366638525445936
2026-06-22,61.780564286633286
2026-06-23,55.24217606814216
2026-06-24,60.9073116257254
2026-06-25,62.766142755445955
2026-06-26,56.522744643760234
2026-06-27,56.436070324515654
2026-06-28,70.60385892384213
2026-06-29,69.75570689777537
2026-06-30,67.68216238398749
2026-07-01,71.56726626414765
2026-07-02,65.77502057909993
2026-07-03,72.55733073552518
2026-07-04,68.52797349961949
2026-07-05,78.65825152367023
2026-07-06,70.93111117355744
2026-07-07,67.02166094209551
2026-07-08,66.69710619142481
2026-07-09,66.03700726868357
2026-07-10,67.23178379466755
2026-07-11,65.5462195690231
2026-07-12,77.50221852134514
2026-07-13,75.03846012841993
2026-07-14,78.404674785387
2026-07-15,72.83525075272576
2026-07-16,69.15207840913209
2026-07-17,70.43588488992928
2026-07-18,77.09539190965492
2026-07-19,70.41721806845314
2026-07-20,78.12121363749182
2026-07-21,82.84478460463524
2026-07-22,74.90080799932977
2026-07-23,74.20926552184436
2026-07-24,78.65200070760302
2026-07-25,75.09351858266311
2026-07-26,69.867495823742
2026-07-27,68.55041558061372
2026-07-28,69.95578423080886
2026-07-29,71.36390239144907
2026-07-30,69.8941655983105
2026-07-31,64.53944974795829
2026-08-01,62.03801307190351
2026-08-02,69.60964673889238
2026-08-03,71.22254157859985
2026-08-04,69.09965432715698
2026-08-05,67.27714960458674
2026-08-06,67.14048447342107
2026-08-07,64.23023410042698
2026-08-08,61.08461834891779
2026-08-09,62.172168662480445
2026-08-10,69.40600036325382
2026-08-11,64.57069534593994
2026-08-12,57.2879740635384
2026-08-13,58.19399712296109
2026-08-14,61.60819814727815
2026-08-15,60.68159188112996
2026-08-16,65.82946647971862
2026-08-17,58.261621733246415
2026-08-18,63.73873369351341
2026-08-19,66.16309505705077
2026-08-20,65.94855259342765
2026-08-21,63.207609952632225
2026-08-22,65.35186286100058
2026-08-23,71.21606711122871
2026-08-24,65.41867624753434
2026-08-25,64.42437010740747
2026-08-26,63.81734113684523
2026-08-27,58.50846241422791
2026-08-28,63.228475940271224
2026-08-29,65.26973508480394
2026-08-30,67.16765743374799
2026-08-31,64.64563984685385
2026-09-01,59.57653822858224
2026-09-02,63.82136191890196
2026-09-03,63.74478371481433
2026-09-04,61.803987458593284
2026-09-05,66.5225627893094
2026-09-06,61.39500307233867
2026-09-07,63.2378476111909
2026-09-08,65.11703888707322
2026-09-09,63.52524740765131
2026-09-10,61.99563332032627
2026-09-11,62.47020046117585
2026-09-12,58.413861343941576
2026-09-13,69.54658698215268
2026-09-14,64.1932750932949
2026-09-15,64.54178802847969
2026-09-16,64.62957840156203
2026-09-17,62.32614391175517
2026-09-18,62.55893289746265
2026-09-19,68.00084930246352
2026-09-20,71.87903325658029
2026-09-21,68.6532187094138
2026-09-22,67.09150976418378
2026-09-23,64.77238123087724
2026-09-24,63.86851293821589
2026-09-25,62.33640622003486
2026-09-26,63.956671872164705
2026-09-27,65.76801401449303
2026-09-28,62.07510817253876
2026-09-29,62.65075806314499
2026-09-30,61.50439512274689
2026-10-01,61.977042537378736
2026-10-02,63.98723042295342
2026-10-03,65.14429128454609
2026-10-04,70.39496292632155
2026-10-05,67.52029923036739
2026-10-06,67.51361926672541
2026-10-07,67.33117019627346
