time,value
2006-01-01,6.730102983104985
2006-01-02,6.734930064674009
2006-01-03,6.744559387128729
2006-01-04,6.758990949116949
2006-01-05,6.778224749373865
2006-01-06,6.802260790429592
2006-01-07,6.831099071854126
2006-01-08,6.864739592880148
2006-01-09,6.907635783332195
2006-01-10,6.95978764277429
2006-01-11,7.021195174111066
2006-01-12,7.0918583745682735
2006-01-13,7.171777245362246
2006-01-14,7.260951785619694
2006-01-15,7.359381996831132
2006-01-16,7.4486574755288775
2006-01-17,7.5287782247127595
2006-01-18,7.599744241869926
2006-01-19,7.661555528629604
2006-01-20,7.714212083173248
2006-01-21,7.757713909258896
2006-01-22,7.792061002846597
2006-01-23,7.888742839145211
2006-01-24,8.047759418982904
2006-01-25,8.269110743527078
2006-01-26,8.552796808776986
2006-01-27,8.89881761909252
2006-01-28,9.307173171550318
2006-01-29,9.77786346875631
2006-01-30,10.034404829562398
2006-01-31,10.076797251277178
2006-02-01,9.905040735927678
2006-02-02,9.4909996211889
2006-02-03,8.834673903216434
2006-02-04,7.936063583996482
2006-02-05,6.795168663100583
2006-02-06,6.4809948476491
2006-02-07,6.993542138548602
2006-02-08,8.332810537268958
2006-02-09,10.498800038939248
2006-02-10,13.491510649510934
2006-02-11,17.310942365972164
2006-02-12,21.957095188978506
2006-02-13,25.104984239247422
2006-02-14,26.754609515528117
2006-02-15,57.1723540391806
2006-02-16,25.559068750666203
2006-02-17,22.713902707233977
2006-02-18,18.370472892377265
2006-02-19,12.528779303643935
2006-02-20,7.828945788701046
2006-02-21,29.856986857607005
2006-02-22,1.854858976904028
2006-02-23,0.5806056791277712
2006-02-24,0.44821245641845753
2006-02-25,1.4576793032438529
2006-02-26,3.60900622437346
2006-02-27,5.1318865372335
2006-02-28,6.026320243830689
2006-03-01,6.292307344142577
2006-03-02,5.975356478457963
2006-03-03,5.075467649480171
2006-03-04,3.5926408563591634
2006-03-05,1.5268760975674365
2006-03-06,0.36170524684658245
2006-03-07,0.09712830323744903
2006-03-08,0.7331452692154645
2006-03-09,2.269756141378889
2006-03-10,4.706960920263777
2006-03-11,8.04475960874345
2006-03-12,12.283152205228657
2006-03-13,16.113285750296416
2006-03-14,19.535160248162057
2006-03-15,22.548775695664972
2006-03-16,25.154132094745822
2006-03-17,27.351229445484993
2006-03-18,29.140067746933752
2006-03-19,30.520647002033883
2006-03-20,31.885477113726992
2006-03-21,33.234558081311384
2006-03-22,34.567889906800616
2006-03-23,35.88547258870206
2006-03-24,37.1873061301448
2006-03-25,38.473390527022424
2006-03-26,39.74372578120756
2006-03-27,60.614187764005045
2006-03-28,41.17605957140309
2006-03-29,41.33805810626635
2006-03-30,41.1306110674763
2006-03-31,40.5537184582709
2006-04-01,39.607380273796956
2006-04-02,38.24953362119229
2006-04-03,56.435505944740605
2006-04-04,35.19265404226393
2006-04-05,33.49362111728071
2006-04-06,31.68085943473622
2006-04-07,29.754368994883045
2006-04-08,27.714149795149392
2006-04-09,25.560201837834843
2006-04-10,24.51495064595881
2006-04-11,24.57839621978351
2006-04-12,25.75053855746037
2006-04-13,28.031377660566797
2006-04-14,31.420913529075474
2006-04-15,35.919146164550305
2006-04-16,41.52607556442379
2006-04-17,45.95861437958446
2006-04-18,49.21676261083046
2006-04-19,73.45426453257659
2006-04-20,52.20988732306887
2006-04-21,51.94486380300303
2006-04-22,50.50544969965563
2006-04-23,47.891645012344284
2006-04-24,45.85118112282477
2006-04-25,44.38405803310235
2006-04-26,43.490275739846666
2006-04-27,43.169834245252936
2006-04-28,43.422733548476195
2006-04-29,44.24897364985777
2006-04-30,45.64855454924864
2006-05-01,72.5024123067152
2006-05-02,47.163212864076556
2006-05-03,47.325073462972775
2006-05-04,47.08995501952597
2006-05-05,46.4578575364299
2006-05-06,45.42878101246533
2006-05-07,44.00272544846963
2006-05-08,42.32420722520702
2006-05-09,40.393226344483224
2006-05-10,38.209782803458936
2006-05-11,58.55167001135419
2006-05-12,33.08550774548582
2006-05-13,30.144676227499957
2006-05-14,26.951382048631707
2006-05-15,24.620614213542066
2006-05-16,23.152372720992386
2006-05-17,22.546657570316185
2006-05-18,22.803468762858273
2006-05-19,23.9228062960474
2006-05-20,25.904670172120923
2006-05-21,28.74906039122325
2006-05-22,30.7030306341145
2006-05-23,31.766580901604446
2006-05-24,31.939711193792608
2006-05-25,31.222421510231314
2006-05-26,60.81716857352417
2006-05-27,27.116582215887146
2006-05-28,23.728032605658775
2006-05-29,21.529084725251426
2006-05-30,20.519738577353422
2006-05-31,43.05229951978247
2006-06-01,22.06985147129074
2006-06-02,24.576279148875468
2006-06-03,28.21927719274268
2006-06-04,32.99884560038595
2006-06-05,36.624181606305726
2006-06-06,39.095285209149324
2006-06-07,40.412156411160645
2006-06-08,40.574795209217115
2006-06-09,39.58320160727582
2006-06-10,37.43737560145176
2006-06-11,34.13731719330541
2006-06-12,30.98525743903783
2006-06-13,55.69465107667792
2006-06-14,25.125133879135454
2006-06-15,22.417070074632992
2006-06-16,19.857004922053697
2006-06-17,17.444938419193832
2006-06-18,15.180870564330439
2006-06-19,13.04202426381331
2006-06-20,11.028399518600864
2006-06-21,9.13999632692033
2006-06-22,7.37681468883179
2006-06-23,5.738854603684657
2006-06-24,4.2261160712016945
2006-06-25,2.8385990929422746
2006-06-26,2.7195089270993478
2006-06-27,3.86884557510744
2006-06-28,6.2866090349429005
2006-06-29,9.972799310630576
2006-06-30,14.927416399112584
2006-07-01,21.1504603034181
2006-07-02,28.662630335837402
2006-07-03,34.44019057132681
2006-07-04,38.48314100755992
2006-07-05,40.791481648621584
2006-07-06,41.365212491021865
2006-07-07,40.20433353663795
2006-07-08,37.30884478412034
2006-07-09,32.67874623435742
2006-07-10,29.032022583165553
2006-07-11,26.36867382708415
2006-07-12,24.68869996690694
2006-07-13,23.992101002630747
2006-07-14,24.278876934439356
2006-07-15,25.54902776209228
2006-07-16,27.802553486961003
2006-07-17,28.723130947730365
2006-07-18,28.31076014592435
2006-07-19,26.56544108376088
2006-07-20,23.487173757132886
2006-07-21,19.075958167279428
2006-07-22,13.331794314788961
2006-07-23,6.254682198500547
2006-07-24,1.1584934907809712
2006-07-25,-1.956771808170756
2006-07-26,-3.0911136989668364
2006-07-27,-2.2445321815003645
2006-07-28,0.5829727436912322
2006-07-29,5.391401077054184
2006-07-30,12.180752819644223
2006-07-31,17.504755890038336
2006-08-01,21.36341028644782
2006-08-02,23.788159774357855
2006-08-03,24.779004351515397
2006-08-04,24.335944018243556
2006-08-05,22.458978774789575
2006-08-06,19.148108621203786
2006-08-07,16.458748362625506
2006-08-08,14.390898002883837
2006-08-09,12.944557535855214
2006-08-10,12.119726967710045
2006-08-11,11.916406293458232
2006-08-12,12.334595514804894
2006-08-13,13.374294632539605
2006-08-14,14.387338389433106
2006-08-15,15.373726785079004
2006-08-16,16.333459818876538
2006-08-17,17.266537493067563
2006-08-18,18.17295980639302
2006-08-19,19.052726758461258
2006-08-20,19.905838351059277
2006-08-21,20.411101014179607
2006-08-22,20.568514750694174
2006-08-23,20.378079558575642
2006-08-24,19.839795437577497
2006-08-25,18.95366238991859
2006-08-26,17.719680413234762
2006-08-27,16.13784950859661
2006-08-28,14.850356102263687
2006-08-29,13.85720019304431
2006-08-30,13.15838178220557
2006-08-31,12.753900869371778
2006-09-01,12.64375745326446
2006-09-02,12.789428559601511
2006-09-03,13.19091418891236
2006-09-04,13.790751641978524
2006-09-05,14.588940918987554
2006-09-06,15.585482021534318
2006-09-07,16.780374947459755
2006-09-08,18.17361969852439
2006-09-09,19.765216275485102
2006-09-10,21.555164677011934
2006-09-11,22.433716772181693
2006-09-12,22.400872561522014
2006-09-13,21.45663204453232
2006-09-14,19.60099522146452
2006-09-15,16.833962091943167
2006-09-16,13.155532657732678
2006-09-17,8.565706914137142
2006-09-18,4.985403771865643
2006-09-19,2.4146232270448325
2006-09-20,0.8533652834372996
2006-09-21,25.1595871268852
2006-09-22,0.7594171926457607
2006-09-23,2.226727045081578
2006-09-24,4.70355949668074
2006-09-25,6.62196699311459
2006-09-26,7.981949529872465
2006-09-27,8.783507113256002
2006-09-28,9.02663973974328
2006-09-29,8.711347408895643
2006-09-30,7.837630123581183
2006-10-01,6.405487880332277
2006-10-02,5.753994962199249
2006-10-03,5.883151369691424
2006-10-04,6.79295710023085
2006-10-05,8.483412155536808
2006-10-06,10.954516536773946
2006-10-07,14.206270242710985
2006-10-08,48.73907471983878
2006-10-09,21.12059742596232
2006-10-10,22.852042694951606
2006-10-11,23.433009085917455
2006-10-12,22.86349659806118
2006-10-13,21.143505230969353
2006-10-14,18.273034983020892
2006-10-15,14.252085855022091
2006-10-16,11.002886175527246
2006-10-17,8.525435947397115
2006-10-18,6.819735168638195
2006-10-19,5.88578383855706
2006-10-20,5.723581956810007
2006-10-21,6.333129524411618
2006-10-22,7.714426540645272
2006-10-23,8.57681727586507
2006-10-24,8.920301726431996
2006-10-25,8.744879893666994
2006-10-26,8.050551778681097
2006-10-27,6.837317381615953
2006-10-28,5.105176700571725
2006-10-29,2.854129736595195
2006-10-30,21.341153601552023
2006-10-31,1.233576745630967
2006-11-01,1.8640707184523055
2006-11-02,3.4662090866082593
2006-11-03,6.039991854618138
2006-11-04,9.58541901886428
2006-11-05,14.102490581910706
2006-11-06,17.326246095300966
2006-11-07,19.256685561134745
2006-11-08,19.89380897880205
2006-11-09,19.237616348735287
2006-11-10,17.288107669285537
2006-11-11,14.045282944280464
2006-11-12,9.509142168688433
2006-11-13,6.021278151065898
2006-11-14,3.5816908915613093
2006-11-15,2.1903803880733594
2006-11-16,1.8473466392929585
2006-11-17,2.552589650162527
2006-11-18,4.3061094151689625
2006-11-19,37.6083073839588
2006-11-20,9.557171239932485
2006-11-21,11.653905319869866
2006-11-22,13.398108179097196
2006-11-23,14.789779817517132
2006-11-24,15.82892023572708
2006-11-25,16.515529431559575
2006-11-26,16.84960740993356
2006-11-27,17.1262537527946
2006-11-28,17.345468461890007
2006-11-29,17.507251537265283
2006-11-30,17.611602979163074
2006-12-01,17.65852278725137
2006-12-02,17.65827326900305
2006-12-03,17.61085442283723
2006-12-04,17.16187553718637
2006-12-05,16.31133661321414
2006-12-06,15.059237648525453
2006-12-07,13.405578644120036
2006-12-08,11.350359600457377
2006-12-09,8.893580517219265
2006-12-10,6.035241392434144
2006-12-11,3.7038706549297533
2006-12-12,1.8994683028472918
2006-12-13,0.6220343383443043
2006-12-14,-0.12843123954776248
2006-12-15,-0.351928432986254
2006-12-16,-0.04845723881131647
2006-12-17,0.7819823401185031
2006-12-18,1.4819825948860872
2006-12-19,2.051543524686691
2006-12-20,2.4906651300256355
2006-12-21,2.7993474103354785
2006-12-22,2.977590366467975
2006-12-23,3.025393997978872
2006-12-24,2.942758305311351
2006-12-25,2.9471942621753264
2006-12-26,3.0387018679592446
2006-12-27,3.217281123771874
2006-12-28,3.4829320296223973
2006-12-29,3.8356545853779203
2006-12-30,4.275448790991339
2006-12-31,4.802314645543733
2007-01-01,5.176427091690944
2007-01-02,5.367489831298884
2007-01-03,5.3755028665015825
2007-01-04,5.200466194184281
2007-01-05,4.8423798155471225
2007-01-06,4.301243732608812
2007-01-07,3.577057943060357
2007-01-08,3.4415898403259977
2007-01-09,3.894839423101733
2007-01-10,4.936806692364319
2007-01-11,6.567491646162651
2007-01-12,8.78689428989634
2007-01-13,11.595014618475481
2007-01-14,14.991852633122429
2007-01-15,17.442883566708655
2007-01-16,18.948107418461575
2007-01-17,19.507524190067265
2007-01-18,19.12113387851317
2007-01-19,17.788936484698436
2007-01-20,15.510932010774093
2007-01-21,12.287120454347818
2007-01-22,9.448077093735932
2007-01-23,6.993801925792822
2007-01-24,4.924294953879345
2007-01-25,3.239556175156466
2007-01-26,1.9395855926705
2007-01-27,1.0243832025910882
2007-01-28,0.49394900620584714
2007-01-29,0.6217567577758656
2007-01-30,1.4078064573631779
2007-01-31,2.852098104993545
2007-02-01,4.95463169944916
2007-02-02,7.74436275012052
2007-02-03,11.221291254465612
2007-02-04,15.385417214213938
2007-02-05,18.169527971841298
2007-02-06,19.573623524795128
2007-02-07,19.59770387466713
2007-02-08,18.241769021610164
2007-02-09,15.50581896490792
2007-02-10,11.389853704977728
2007-02-11,5.893873241160652
2007-02-12,1.869758479143585
2007-02-13,-0.6824905841818532
2007-02-14,-1.7628739454563866
2007-02-15,-1.3713916054651902
2007-02-16,0.4919564332961589
2007-02-17,3.82717017306682
2007-02-18,8.634249614692752
2007-02-19,12.68306434699215
2007-02-20,36.25521124323102
2007-02-21,18.505899693661142
2007-02-22,20.27992030570732
2007-02-23,21.295676210893394
2007-02-24,21.553167411325514
2007-02-25,21.052393903374416
2007-02-26,20.572765352191258
2007-02-27,20.114281756959365
2007-02-28,19.6769431170383
2007-03-01,19.26074943426037
2007-03-02,18.85774445670053
2007-03-03,18.467928184558424
2007-03-04,18.09130061828737
2007-03-05,18.318217782472107
2007-03-06,19.148679676094783
2007-03-07,20.582686299169737
2007-03-08,22.620237652332648
2007-03-09,25.261333733424593
2007-03-10,28.50597454684413
2007-03-11,32.3541600902538
2007-03-12,35.04947066154841
2007-03-13,36.59190625824641
2007-03-14,36.98146688380839
2007-03-15,36.21815253714423
2007-03-16,34.301963217899534
2007-03-17,31.23289892486134
2007-03-18,27.010959660003426
2007-03-19,23.672006820351214
2007-03-20,21.21604040411188
2007-03-21,19.643060412608772
2007-03-22,18.953066844072538
2007-03-23,19.146059699508257
2007-03-24,20.222038978701587
2007-03-25,22.18100468320563
2007-03-26,43.11875402086862
2007-03-27,24.452674495625818
2007-03-28,24.765378602509635
2007-03-29,24.529328845301382
2007-03-30,23.744525223824773
2007-03-31,22.410967737558554
2007-04-01,20.528656384839866
2007-04-02,19.948921951182296
2007-04-03,20.671764436606598
2007-04-04,22.697183842426995
2007-04-05,26.025180165361068
2007-04-06,30.655753409109387
2007-04-07,36.588903573269434
2007-04-08,43.82463065789002
2007-04-09,49.66249989867711
2007-04-10,54.10251129624072
2007-04-11,57.14466485037298
2007-04-12,81.85477664760226
2007-04-13,59.03539843338218
2007-04-14,57.88397846045895
2007-04-15,55.33470064610902
2007-04-16,82.85173084927028
2007-04-17,51.19604284604391
2007-04-18,49.60666285904617
2007-04-19,48.33724881533534
2007-04-20,47.38780071489607
2007-04-21,46.75831855522824
2007-04-22,46.44880233784106
2007-04-23,45.797948959649574
2007-04-24,44.80575841663092
2007-04-25,43.472230712583944
2007-04-26,41.797365844833124
2007-04-27,39.78116381417323
2007-04-28,37.42362461991847
2007-04-29,34.724748262700544
2007-04-30,56.20916727307374
2007-05-01,30.267243475602097
2007-05-02,28.525056833975093
2007-05-03,27.11272795943802
2007-05-04,26.03025684947985
2007-05-05,25.277643504551524
2007-05-06,24.854887925676238
2007-05-07,45.119121481832885
2007-05-08,23.66543072806691
2007-05-09,22.898729109462177
2007-05-10,22.017378809324203
2007-05-11,21.02137982996532
2007-05-12,19.910732169542154
2007-05-13,18.685435828447375
2007-05-14,17.8902264523269
2007-05-15,17.52510404187724
2007-05-16,17.5900685959685
2007-05-17,18.085120115263678
2007-05-18,19.010258598431303
2007-05-19,20.365484048231483
2007-05-20,22.150796462295368
2007-05-21,23.549797043566233
2007-05-22,44.792078567102216
2007-05-23,25.18886270805887
2007-05-24,25.42892779068275
2007-05-25,25.282681042373166
2007-05-26,24.750122460578783
2007-05-27,23.831252047079168
2007-05-28,48.2604339670681
2007-05-29,22.215698386383217
2007-05-30,21.519015139939135
2007-05-31,20.89639428295189
2007-06-01,20.347835814203098
2007-06-02,19.86001884205748
2007-06-03,19.432943363286757
2007-06-04,19.115390328526228
2007-06-05,18.907359736870788
2007-06-06,40.72857743443131
2007-06-07,18.81986588199305
2007-06-08,18.940402618829378
2007-06-09,19.170461798941027
2007-06-10,19.510043423428712
2007-06-11,19.63567860550458
2007-06-12,19.54736734804477
2007-06-13,19.245109651164235
2007-06-14,18.728905512182237
2007-06-15,17.998754934613135
2007-06-16,17.0546579151352
2007-06-17,15.896614456582054
2007-06-18,14.965304662884627
2007-06-19,39.84674304690171
2007-06-20,34.48051569643626
2007-06-21,13.531777274191674
2007-06-22,13.507402142614017
2007-06-23,13.709760676223516
2007-06-24,14.138852874853178
2007-06-25,14.527191022343608
2007-06-26,14.874775116090488
2007-06-27,15.18160515917904
2007-06-28,15.447681148338754
2007-06-29,15.673003086799199
2007-06-30,15.857570972227911
2007-07-01,16.001384805184617
2007-07-02,16.018779669843934
2007-07-03,15.909755564753166
2007-07-04,15.674312490234247
2007-07-05,15.312450447383357
2007-07-06,14.824169435104977
2007-07-07,14.209469453045966
2007-07-08,13.468350502228056
2007-07-09,12.988280751242907
2007-07-10,12.769260199104695
2007-07-11,12.811288847822304
2007-07-12,13.114366695475738
2007-07-13,13.678493743800566
2007-07-14,14.50366999171801
2007-07-15,15.589895438236207
2007-07-16,16.5293311340842
2007-07-17,17.321977076783483
2007-07-18,17.967833267834692
2007-07-19,18.466899706736072
2007-07-20,18.819176392952617
2007-07-21,19.024663327993558
2007-07-22,19.083360511204745
2007-07-23,19.272386633474394
2007-07-24,19.591741694965307
2007-07-25,20.04142569743819
2007-07-26,20.621438638803887
2007-07-27,21.33178051948844
2007-07-28,22.172451340890536
2007-07-29,23.14345110201582
2007-07-30,23.8226576326999
2007-07-31,24.2100709341452
2007-08-01,24.305691005398156
2007-08-02,24.10601547952267
2007-08-03,23.61104435813355
2007-08-04,22.820777641224748
2007-08-05,21.735215327367648
2007-08-06,20.879032232118362
2007-08-07,20.25222835352352
2007-08-08,19.85480369256518
2007-08-09,19.68675824798435
2007-08-10,19.74809202129737
2007-08-11,20.03880501262855
2007-08-12,20.55889722059888
2007-08-13,20.427379282849795
2007-08-14,19.64425120367862
2007-08-15,18.20951297888254
2007-08-16,16.123164610804018
2007-08-17,13.38520609763652
2007-08-18,9.995637439746375
2007-08-19,5.954458636311202
2007-08-20,3.1184620673675276
2007-08-21,1.4876477314379075
2007-08-22,1.0620156298330055
2007-08-23,1.8415657603439053
2007-08-24,3.8262981253180675
2007-08-25,7.016212724542223
2007-08-26,11.41130955685365
2007-08-27,15.087188389530162
2007-08-28,18.043849220734597
2007-08-29,20.28129205290812
2007-08-30,21.799516886656455
2007-08-31,22.598523719964163
2007-09-01,22.678312553982842
2007-09-02,22.038733013912132
2007-09-03,21.59411124170774
2007-09-04,21.344447234574222
2007-09-05,21.28974099185934
2007-09-06,21.42999251542702
2007-09-07,21.765201805108635
2007-09-08,22.295368858660098
2007-09-09,23.020493678757553
2007-09-10,23.111129989725313
2007-09-11,22.567277793739
2007-09-12,21.388937087651673
2007-09-13,19.576107872317436
2007-09-14,17.128790148740805
2007-09-15,14.046983916454984
2007-09-16,10.330689175031308
2007-09-17,7.312720111951318
2007-09-18,4.993076727776459
2007-09-19,3.3717590216894777
2007-09-20,2.4487669956147515
2007-09-21,2.2241006475139984
2007-09-22,2.6977599773787997
2007-09-23,3.8697449853198753
2007-09-24,4.751196831980776
2007-09-25,5.342115515343541
2007-09-26,5.6425010353727645
2007-09-27,5.652353392520454
2007-09-28,5.371672585884117
2007-09-29,4.800458617033302
2007-09-30,3.938711486326521
2007-10-01,3.5754504669879856
2007-10-02,3.705470474812018
2007-10-03,4.32877151104633
2007-10-04,5.445353575341092
2007-10-05,7.055216666726455
2007-10-06,9.158360786968018
2007-10-07,11.7547859352817
2007-10-08,13.909548737755202
2007-10-09,15.622649192969249
2007-10-10,16.894087303136967
2007-10-11,17.72386306707994
2007-10-12,18.11197648378469
2007-10-13,18.058427554349596
2007-10-14,48.765673002284785
2007-10-15,16.78812696408565
2007-10-16,15.73315960445763
2007-10-17,14.398314201559868
2007-10-18,12.783590756894409
2007-10-19,10.888989269249763
2007-10-20,8.714509736799824
2007-10-21,6.260152162519442
2007-10-22,4.525599405767695
2007-10-23,3.5108514666220563
2007-10-24,3.2159083447707415
2007-10-25,3.6407700412872446
2007-10-26,4.785436554858553
2007-10-27,6.649907886935894
2007-10-28,9.234184037263734
2007-10-29,11.591684422292488
2007-10-30,13.722409044944584
2007-10-31,15.626357903095734
2007-11-01,17.303530998490935
2007-11-02,18.767179205476285
2007-11-03,20.017302524732482
2007-11-04,21.053900954821014
2007-11-05,21.346416371247315
2007-11-06,20.894848772173315
2007-11-07,19.699198159469887
2007-11-08,17.759464532602138
2007-11-09,15.075647891248561
2007-11-10,11.647748234192438
2007-11-11,7.475765562917544
2007-11-12,4.285642060816322
2007-11-13,2.0773777281017383
2007-11-14,0.8509725648356441
2007-11-15,0.6064265689225459
2007-11-16,1.3437397428777675
2007-11-17,3.062912085482392
2007-11-18,5.763943596976875
2007-11-19,8.259778449907174
2007-11-20,10.550416646405019
2007-11-21,12.635858183141087
2007-11-22,14.516103064709009
2007-11-23,16.191151288354053
2007-11-24,17.661002854650206
2007-11-25,18.925657764512334
2007-11-26,19.867667563262795
2007-11-27,20.487032250262487
2007-11-28,20.783751825210352
2007-11-29,20.757826289691682
2007-11-30,20.409255643288343
2007-12-01,19.738039885578374
2007-12-02,18.72729817318118
2007-12-03,17.482793794422083
2007-12-04,16.00452675371598
2007-12-05,14.29249704920019
2007-12-06,12.346704679760169
2007-12-07,10.167149647147586
2007-12-08,7.7538319481296645
2007-12-09,5.106751585329925
2007-12-10,3.3162741055757303
2007-12-11,2.3823995069691364
2007-12-12,2.3051277904756633
2007-12-13,3.084458954963493
2007-12-14,4.720393003470931
2007-12-15,7.212929932556703
2007-12-16,10.562069743740736
2007-12-17,12.904384232340043
2007-12-18,14.239873399039539
2007-12-19,14.568537243696388
2007-12-20,13.89037576508306
2007-12-21,12.205388963480463
2007-12-22,9.513576839576068
2007-12-23,5.814939392407558
2007-12-24,3.1650269381045364
2007-12-25,1.5638394763699996
2007-12-26,1.0113770057894924
2007-12-27,1.507639529929192
2007-12-28,3.052627043972194
2007-12-29,5.646339549733476
2007-12-30,9.288777048208523
2007-12-31,12.13981328911604
2008-01-01,14.199448270668057
2008-01-02,15.483358352115433
2008-01-03,15.991543533375356
2008-01-04,15.7240038166682
2008-01-05,14.680739200594392
2008-01-06,12.861749686299571
2008-01-07,11.339568628896869
2008-01-08,10.114196028821324
2008-01-09,9.185631885626934
2008-01-10,8.5538762010539
2008-01-11,8.218928973230662
2008-01-12,8.180790202978462
2008-01-13,8.43945988869143
2008-01-14,8.681226925806671
2008-01-15,8.906091312066767
2008-01-16,9.114053049762349
2008-01-17,9.305112136204475
2008-01-18,9.479268572442484
2008-01-19,9.636522359642829
2008-01-20,9.776873496430015
2008-01-21,9.965270204533626
2008-01-22,10.201712482846522
2008-01-23,10.486200330308288
2008-01-24,10.818733751945496
2008-01-25,11.199312741004379
2008-01-26,11.627937302546956
2008-01-27,12.104607433775769
2008-01-28,12.51854609245854
2008-01-29,12.86975327697915
2008-01-30,13.158228987336406
2008-01-31,13.383973223617698
2008-02-01,13.54698598652721
2008-02-02,13.644088926615893
2008-02-03,13.675282043971864
2008-02-04,13.641130573234623
2008-02-05,13.541634514799812
2008-02-06,13.376793870205702
2008-02-07,13.146608639036389
2008-02-08,12.851078819982767
2008-02-09,12.490204413265037
2008-02-10,12.063985420223018
2008-02-11,11.759155655641674
2008-02-12,11.575715119791923
2008-02-13,11.513663813062507
2008-02-14,11.57300173423488
2008-02-15,11.753728884429083
2008-02-16,12.05584526332301
2008-02-17,12.479350870793033
2008-02-18,12.957998814371757
2008-02-19,13.491789092553997
2008-02-20,14.080721707706196
2008-02-21,14.724796658804129
2008-02-22,15.42401394388412
2008-02-23,16.178373566703097
2008-02-24,16.98787552556287
2008-02-25,34.55741262738572
2008-02-26,17.168912855712204
2008-02-27,16.540448229823102
2008-02-28,15.43266140818214
2008-02-29,13.845552391965697
2008-03-01,11.77912117931601
2008-03-02,9.220925101363957
2008-03-03,7.711343641282538
2008-03-04,7.2503768007964045
2008-03-05,25.93544947721027
2008-03-06,9.474286976706313
2008-03-07,12.159163993434802
2008-03-08,15.892655629211774
2008-03-09,20.67476188575499
2008-03-10,24.411403225029677
2008-03-11,27.102579650778573
2008-03-12,28.748291160133547
2008-03-13,29.34853775422618
2008-03-14,28.90331943432405
2008-03-15,27.412636199231663
2008-03-16,24.87648804913671
2008-03-17,22.798747006902577
2008-03-18,21.179413069259013
2008-03-19,20.018486238038324
2008-03-20,19.31596651453095
2008-03-21,19.07185389645916
2008-03-22,19.28614838477445
2008-03-23,19.958849978451223
2008-03-24,20.90499946170723
2008-03-25,22.124596837091353
2008-03-26,23.61764210266769
2008-03-27,25.38413525640129
2008-03-28,27.424076302367475
2008-03-29,29.737465240428428
2008-03-30,32.32430206902952
2008-03-31,33.9739413107859
2008-04-01,34.68638296341331
2008-04-02,34.475712113052126
2008-04-03,33.341928758209804
2008-04-04,31.285032899815
2008-04-05,28.305024537744355
2008-04-06,24.40190367076348
2008-04-07,21.231565444392917
2008-04-08,18.794009858419827
2008-04-09,17.08923691371816
2008-04-10,16.117246609023635
2008-04-11,15.878038943980568
2008-04-12,16.371613921148644
2008-04-13,17.59797153534881
2008-04-14,39.92649050837365
2008-04-15,19.392134561665774
2008-04-16,44.141843933239215
2008-04-17,20.30822798229997
2008-04-18,20.436998590647384
2008-04-19,20.346251797255526
2008-04-20,20.03598760344027
2008-04-21,20.02679327732021
2008-04-22,20.318668818169897
2008-04-23,45.08151724118547
2008-04-24,21.80562950281066
2008-04-25,23.00071464591428
2008-04-26,24.496869658979918
2008-04-27,26.29409453773402
2008-04-28,48.84791664617759
2008-04-29,52.531215943706336
2008-04-30,31.72755022318557
2008-05-01,33.552629134858705
2008-05-02,35.38287645515894
2008-05-03,37.218292183320834
2008-05-04,39.05887632181198
2008-05-05,68.90951182546799
2008-05-06,68.34959895734961
2008-05-07,39.25128511909192
2008-05-08,66.55725826294726
2008-05-09,66.1408946897295
2008-05-10,31.44967848767031
2008-05-11,27.07269506972711
2008-05-12,23.607674877237542
2008-05-13,21.054617908605344
2008-05-14,19.413524163613303
2008-05-15,18.68439364327477
2008-05-16,18.86722634691394
2008-05-17,19.96202227391913
2008-05-18,21.968781426557733
2008-05-19,23.801061781292287
2008-05-20,25.458863343757276
2008-05-21,26.942186110635724
2008-05-22,28.251030082457753
2008-05-23,29.385395259268748
2008-05-24,30.3452816442279
2008-05-25,31.130689232336014
2008-05-26,31.657758106814843
2008-05-27,51.220007341968106
2008-05-28,31.936879715365116
2008-05-29,31.688932447752176
2008-05-30,51.77626790287509
2008-05-31,30.418021771485314
2008-06-01,29.395058361427658
2008-06-02,28.150381153447963
2008-06-03,26.683990145748073
2008-06-04,24.995885340162026
2008-06-05,23.08606673430964
2008-06-06,20.954534327852496
2008-06-07,18.601288122489915
2008-06-08,16.026328118274655
2008-06-09,13.96109190622424
2008-06-10,12.405579486979004
2008-06-11,11.35979086337531
2008-06-12,10.823726031924974
2008-06-13,10.797384994520336
2008-06-14,11.2807677500521
2008-06-15,12.273874298654
2008-06-16,13.147940466432761
2008-06-17,13.90296625310804
2008-06-18,14.538951657098853
2008-06-19,15.055896679354474
2008-06-20,15.453801322349479
2008-06-21,15.732665583583447
2008-06-22,15.892489463220443
2008-06-23,15.994855072142581
2008-06-24,16.039762408506302
2008-06-25,16.027211474357244
2008-06-26,15.95720226825613
2008-06-27,15.829734790572047
2008-06-28,15.644809041693449
2008-06-29,15.4024250221768
2008-06-30,15.242455589610406
2008-07-01,15.164900748356928
2008-07-02,15.18529987120321
2008-07-03,15.30365295846957
2008-07-04,15.519960014200173
2008-07-05,15.834221034660155
2008-07-06,16.246436021909823
2008-07-07,16.50948916789306
2008-07-08,16.623380472810222
2008-07-09,16.588109937377446
2008-07-10,16.40367756183406
2008-07-11,16.070083346052176
2008-07-12,15.587327287876727
2008-07-13,14.955409388779875
2008-07-14,14.505790901316644
2008-07-15,14.238471821188867
2008-07-16,14.153452150318458
2008-07-17,14.250731888068874
2008-07-18,14.53031103558336
2008-07-19,14.992189592249478
2008-07-20,15.636367558310269
2008-07-21,16.203855158734342
2008-07-22,16.694652393096302
2008-07-23,17.108759260411407
2008-07-24,17.446175762133517
2008-07-25,17.7069018988355
2008-07-26,17.890937669164884
2008-07-27,17.99828307422856
2008-07-28,18.06121435244922
2008-07-29,18.079731502150885
2008-07-30,18.053834527983025
2008-07-31,17.983523426450308
2008-08-01,17.86879819621641
2008-08-02,17.687553548220933
2008-08-03,17.439789482574763
2008-08-04,17.329644656479452
2008-08-05,17.35711907347258
2008-08-06,17.52221272933674
2008-08-07,17.824925627298107
2008-08-08,18.26525776677397
2008-08-09,18.84320914647745
2008-08-10,19.558779766996746
2008-08-11,20.242216751570147
2008-08-12,20.89352010016413
2008-08-13,21.512689810783236
2008-08-14,22.099725885185006
2008-08-15,22.654628324243237
2008-08-16,23.17739712513684
2008-08-17,23.668032291239285
2008-08-18,23.29172348439675
2008-08-19,22.04847070523
2008-08-20,19.938273952054228
2008-08-21,16.961133227238015
2008-08-22,13.117048528303458
2008-08-23,8.406019856624143
2008-08-24,2.828047210415888
2008-08-25,-1.2304817827591785
2008-08-26,-3.7695671203228898
2008-08-27,24.463094370826468
2008-08-28,-4.289406834965007
2008-08-29,-2.2701612138182927
2008-08-30,1.2685280620314818
2008-08-31,6.326660992094983
2008-09-01,10.529579388834673
2008-09-02,13.901230718986712
2008-09-03,16.44161498862648
2008-09-04,18.15073219383388
2008-09-05,46.53474803134863
2008-09-06,19.075165417451263
2008-09-07,18.290481434252637
2008-09-08,17.41384159817238
2008-09-09,16.445245910901242
2008-09-10,15.384694369356223
2008-09-11,14.232186974524723
2008-09-12,12.9877237282647
2008-09-13,11.651304627382428
2008-09-14,10.222929673038102
2008-09-15,9.190202277396512
2008-09-16,8.553122440006971
2008-09-17,8.311690160756974
2008-09-18,8.46590543998427
2008-09-19,9.015768278149135
2008-09-20,9.961278672608058
2008-09-21,11.302436626631751
2008-09-22,12.345515795297661
2008-09-23,13.090516180060465
2008-09-24,13.537437780633773
2008-09-25,13.686280596209103
2008-09-26,13.537044627262656
2008-09-27,13.08972987429966
2008-09-28,12.344336338030129
2008-09-29,11.71767251063886
2008-09-30,11.209738388009837
2008-10-01,10.820533974656676
2008-10-02,10.530684870193902
2008-10-03,10.340191071852912
2008-10-04,10.249052584680532
2008-10-05,10.257269402658125
2008-10-06,10.3569816571795
2008-10-07,10.548189347703584
2008-10-08,10.830892473788964
2008-10-09,11.205091035999395
2008-10-10,11.670785032135452
2008-10-11,12.227974465895217
2008-10-12,12.876659333699148
2008-10-13,13.310741492967107
2008-10-14,13.530220940291116
2008-10-15,13.535097677300769
2008-10-16,13.325371703369324
2008-10-17,12.901043020252677
2008-10-18,12.262111626003701
2008-10-19,11.408577521587942
2008-10-20,10.749783356166912
2008-10-21,10.285729132393318
2008-10-22,10.016414849943127
2008-10-23,9.941840507074659
2008-10-24,10.062006105503036
2008-10-25,10.37691164388036
2008-10-26,10.88655712204991
2008-10-27,11.304539438477834
2008-10-28,11.63085858741674
2008-10-29,11.865514573468666
2008-10-30,12.008507394198148
2008-10-31,12.059837053003932
2008-11-01,12.019503545017088
2008-11-02,11.911158742881817
2008-11-03,11.802277471857385
2008-11-04,11.692859733097288
2008-11-05,11.582905523359061
2008-11-06,11.472414846039683
2008-11-07,11.361387696136715
2008-11-08,11.24982408034455
2008-11-09,11.137723993125086
2008-11-10,11.189733629405747
2008-11-11,11.405852986976251
2008-11-12,11.78608206794249
2008-11-13,12.330420871319669
2008-11-14,13.038869397037168
2008-11-15,13.911427645459655
2008-11-16,14.948095615884682
2008-11-17,15.715386423979462
2008-11-18,16.2133000691193
2008-11-19,16.441836553285604
2008-11-20,16.400995873142357
2008-11-21,16.09077803055466
2008-11-22,15.51118302650976
2008-11-23,14.66221085815211
2008-11-24,14.07131155594279
2008-11-25,13.73848511835029
2008-11-26,13.663731545748119
2008-11-27,13.847050837473375
2008-11-28,14.288442994769174
2008-11-29,14.987908016671696
2008-11-30,15.945445903839913
2008-12-01,16.43656098956724
2008-12-02,16.430535864482685
2008-12-03,15.92737052710947
2008-12-04,14.927064978173785
2008-12-05,13.429619218403271
2008-12-06,11.435033246384176
2008-12-07,8.943307062955542
2008-12-08,6.928056231397072
2008-12-09,5.389280751681767
2008-12-10,4.326980622910892
2008-12-11,3.741155846740129
2008-12-12,3.631806421546359
2008-12-13,3.998932347414849
2008-12-14,4.842533624387032
2008-12-15,5.5327463147783575
2008-12-16,6.06957041863404
2008-12-17,6.453005933786208
2008-12-18,6.683052864338053
2008-12-19,6.7597112077121135
2008-12-20,6.682980963676254
2008-12-21,6.452862132920769
2008-12-22,6.284737232741227
2008-12-23,6.178606263405616
2008-12-24,6.134469223277711
2008-12-25,6.152326114057697
2008-12-26,6.232176933762581
2008-12-27,6.374021684400819
2008-12-28,6.577860366035004
2008-12-29,6.585104032310285
2008-12-30,6.395752682772858
2008-12-31,6.009806320967282
2009-01-01,5.427264945434402
2009-01-02,4.663426259881659
2009-01-03,3.7182902636987247
2009-01-04,2.5918569580086492
2009-01-05,2.135423223013133
2009-01-06,2.3489890565135916
2009-01-07,3.232554459177421
2009-01-08,4.786119431154751
2009-01-09,7.009683971094817
2009-01-10,9.903248081476669
2009-01-11,13.466811763219125
2009-01-12,15.934843367881802
2009-01-13,17.307342897187546
2009-01-14,17.584310353192244
2009-01-15,16.76574573370197
2009-01-16,14.851649040589479
2009-01-17,11.842020269820262
2009-01-18,7.736859423355046
2009-01-19,4.505250547475477
2009-01-20,2.1471936384081434
2009-01-21,0.6626886955444391
2009-01-22,0.05173571847533154
2009-01-23,0.3143347093158799
2009-01-24,1.4504856667298078
2009-01-25,3.460188592336187
2009-01-26,5.388401007964663
2009-01-27,7.235122917297589
2009-01-28,9.000354318863508
2009-01-29,10.684095213443795
2009-01-30,12.28634559991284
2009-01-31,13.807105479516647
2009-02-01,15.246374852045212
2009-02-02,16.235056617858092
2009-02-03,16.77315077356998
2009-02-04,16.860657321474406
2009-02-05,16.49757626207739
2009-02-06,15.68390759558485
2009-02-07,14.419651319253255
2009-02-08,12.704807434761923
2009-02-09,11.25379880052156
2009-02-10,10.066625418126813
2009-02-11,9.143287286013475
2009-02-12,8.483784404813099
2009-02-13,8.08811677344386
2009-02-14,7.956284392640471
2009-02-15,8.08828726230069
2009-02-16,8.2639671468516
2009-02-17,8.48332404388841
2009-02-18,8.74635795359071
2009-02-19,9.053068877436093
2009-02-20,9.40345681548751
2009-02-21,9.79752176470153
2009-02-22,10.235263729092411
2009-02-23,10.518970727281815
2009-02-24,10.648642755939795
2009-02-25,10.624279818392031
2009-02-26,10.445881913195542
2009-02-27,10.11344903890233
2009-02-28,9.626981198152519
2009-03-01,25.71579557080138
2009-03-02,8.602154634525714
2009-03-03,8.474009932133372
2009-03-04,8.602044282814926
2009-03-05,8.986257685286628
2009-03-06,9.626650143334167
2009-03-07,10.523221653279847
2009-03-08,27.53722105040597
2009-03-09,13.243333744214084
2009-03-10,15.225306238082675
2009-03-11,17.621889695331653
2009-03-12,20.433084119836227
2009-03-13,23.658889510262384
2009-03-14,27.299305865191265
2009-03-15,31.354333188527935
2009-03-16,34.39450129215852
2009-03-17,53.581161373339626
2009-03-18,50.53529166698302
2009-03-19,37.42585029081932
2009-03-20,36.40658152011837
2009-03-21,34.372453530910406
2009-03-22,45.858610745155126
2009-03-23,41.284454389647905
2009-03-24,25.876395964992515
2009-03-25,23.47831281483962
2009-03-26,21.297197683802047
2009-03-27,19.333050572379843
2009-03-28,17.585871479072736
2009-03-29,16.05566040569119
2009-03-30,15.678868627691806
2009-03-31,16.455496144571214
2009-04-01,18.385542957772472
2009-04-02,21.47563197143444
2009-04-03,25.72576318531242
2009-04-04,31.135936602771018
2009-04-05,37.70615222027273
2009-04-06,56.38845281351604
2009-04-07,47.399706063291255
2009-04-08,50.523044289305325
2009-04-09,72.23297726013878
2009-04-10,53.322843349254946
2009-04-11,75.33506278840812
2009-04-12,51.52680589002015
2009-04-13,67.34597022258923
2009-04-14,68.13625242694445
2009-04-15,57.68395061717587
2009-04-16,50.060172680131494
2009-04-17,47.055059562059654
2009-04-18,32.323324317033915
2009-04-19,42.37184130997275
2009-04-20,32.92878871671519
2009-04-21,21.77956686540613
2009-04-22,21.09313388060738
2009-04-23,21.82077730818844
2009-04-24,34.571332439239384
2009-04-25,58.72075013514559
2009-04-26,32.48816608953084
2009-04-27,44.87178749964846
2009-04-28,48.13185558150128
2009-04-29,52.56518105334675
2009-04-30,42.25851098714253
2009-05-01,42.173810763002535
2009-05-02,41.07678720820024
2009-05-03,38.967440322211665
2009-05-04,37.004910693357566
2009-05-05,45.720027466795976
2009-05-06,33.52030320826592
2009-05-07,31.99822535164827
2009-05-08,30.62296474999273
2009-05-09,29.39452140531988
2009-05-10,28.312895317712545
2009-05-11,27.64127396005286
2009-05-12,37.57245986506007
2009-05-13,40.71108340747536
2009-05-14,28.08643827961293
2009-05-15,29.054835850169976
2009-05-16,30.433238151263165
2009-05-17,32.221645183883396
2009-05-18,33.64284498974135
2009-05-19,46.865795688768
2009-05-20,35.38362291807029
2009-05-21,56.50483885814392
2009-05-22,35.65557194133343
2009-05-23,35.240735611262586
2009-05-24,34.458692055867154
2009-05-25,33.71840121097414
2009-05-26,47.63301364296616
2009-05-27,32.36307765748411
2009-05-28,31.74804494827665
2009-05-29,31.17476495071849
2009-05-30,30.643237663483713
2009-05-31,30.153463088932455
2009-06-01,29.55957627975698
2009-06-02,28.85825887621175
2009-06-03,28.049510876071615
2009-06-04,27.13333227968285
2009-06-05,39.31876309997916
2009-06-06,24.978683299723443
2009-06-07,23.740212914500844
2009-06-08,22.552566735114596
2009-06-09,21.415744759005968
2009-06-10,20.329746984879257
2009-06-11,19.29457341530176
2009-06-12,18.310224048986864
2009-06-13,17.37669888707481
2009-06-14,16.493997927744584
2009-06-15,15.882832596519151
2009-06-16,15.543202894486743
2009-06-17,15.47510882268577
2009-06-18,15.678550377543095
2009-06-19,16.153527562322264
2009-06-20,16.900040376213674
2009-06-21,17.918088817777406
2009-06-22,18.76630102619768
2009-06-23,19.44467699795848
2009-06-24,19.953216736340014
2009-06-25,20.291920239100087
2009-06-26,20.46078750912349
2009-06-27,20.459818544184614
2009-06-28,20.289013343700198
2009-06-29,20.06084038523753
2009-06-30,19.775299666797814
2009-07-01,19.432391190980304
2009-07-02,19.03759509221564
2009-07-03,18.590911373911798
2009-07-04,18.092340034693034
2009-07-05,17.541881075006362
2009-07-06,17.03167967346949
2009-07-07,16.561735829998952
2009-07-08,16.132049544134986
2009-07-09,31.2398409881069
2009-07-10,15.39344964825492
2009-07-11,15.084536036146996
2009-07-12,14.815879981540325
2009-07-13,14.768545630887184
2009-07-14,14.942532982732835
2009-07-15,15.337842037518977
2009-07-16,15.954472794809531
2009-07-17,16.79242525365658
2009-07-18,17.851699417962305
2009-07-19,19.132295283240868
2009-07-20,19.982718668559357
2009-07-21,20.402969569827405
2009-07-22,20.393047989358962
2009-07-23,19.952953927163286
2009-07-24,19.082687381815546
2009-07-25,17.78224835355399
2009-07-26,16.051636845200623
2009-07-27,14.71672903635773
2009-07-28,13.777524931048037
2009-07-29,13.234024527797965
2009-07-30,13.086227827480478
2009-07-31,13.33413482790069
2009-08-01,13.97774553154006
2009-08-02,15.01224180994098
2009-08-03,16.03102970096091
2009-08-04,17.034109205375767
2009-08-05,18.021480320891246
2009-08-06,18.993143049962868
2009-08-07,19.94909738894685
2009-08-08,20.889343341530715
2009-08-09,21.81388090728145
2009-08-10,22.39970844768757
2009-08-11,22.646825962087956
2009-08-12,22.555233450418324
2009-08-13,22.124930914099597
2009-08-14,21.355918353178794
2009-08-15,20.248195763879323
2009-08-16,18.80176315257602
2009-08-17,17.502982307312358
2009-08-18,16.351853234625064
2009-08-19,15.348375931531109
2009-08-20,14.4925503977999
2009-08-21,13.784376632581068
2009-08-22,13.223854637676522
2009-08-23,12.81098441078736
2009-08-24,12.428292594115607
2009-08-25,12.075779185535204
2009-08-26,11.753444185706183
2009-08-27,11.461287594959842
2009-08-28,11.1993094131388
2009-08-29,10.967509639704918
2009-08-30,10.765888274998543
2009-08-31,10.632611030494688
2009-09-01,10.567677905796456
2009-09-02,10.574423144824399
2009-09-03,30.336396532317163
2009-09-04,10.80294871966745
2009-09-05,11.024729053259462
2009-09-06,11.318187750250692
2009-09-07,11.601803311093205
2009-09-08,11.875575731509585
2009-09-09,12.139505014731391
2009-09-10,12.393591159773875
2009-09-11,12.637834165581447
2009-09-12,12.872234034146995
2009-09-13,13.096790763237626
2009-09-14,13.338022667661436
2009-09-15,13.595929744747986
2009-09-16,13.870511997447618
2009-09-17,14.16176942254128
2009-09-18,14.469702024152625
2009-09-19,14.794309797167811
2009-09-20,15.135592746733044
2009-09-21,15.425734439545764
2009-09-22,15.664734876555201
2009-09-23,15.8525940586103
2009-09-24,15.989311983046255
2009-09-25,16.074888654269234
2009-09-26,16.109324069904687
2009-09-27,16.09261822800104
2009-09-28,15.88655374386526
2009-09-29,15.491130615199031
2009-09-30,14.906348839934614
2009-10-01,14.132208421079143
2009-10-02,13.168411686041816
2009-10-03,12.014958635662774
2009-10-04,10.671849268243903
2009-10-05,9.686704170051042
2009-10-06,9.059523340302725
2009-10-07,8.79030677915935
2009-10-08,31.47483356160637
2009-10-09,9.32576646070608
2009-10-10,10.13044270495122
2009-10-11,11.293083216924199
2009-10-12,12.294900495247244
2009-10-13,13.135894541272101
2009-10-14,13.816065352730737
2009-10-15,14.335412930973957
2009-10-16,14.69393727618085
2009-10-17,14.891638386235595
2009-10-18,14.92851626574388
2009-10-19,15.029883865590437
2009-10-20,15.195741185227178
2009-10-21,15.426088227893244
2009-10-22,15.720924992665942
2009-10-23,16.080251478505847
2009-10-24,16.504067687213325
2009-10-25,16.99237361527636
2009-10-26,17.30317177125137
2009-10-27,17.436462155532897
2009-10-28,17.392244768684687
2009-10-29,17.17051960959565
2009-10-30,16.771286678651215
2009-10-31,16.19454597433365
2009-11-01,15.440297498962968
2009-11-02,14.962488374091249
2009-11-03,14.761118600173745
2009-11-04,14.836188176940531
2009-11-05,15.18769710378194
2009-11-06,15.815645381716335
2009-11-07,16.720033009876357
2009-11-08,17.900859990279574
2009-11-09,18.877884816846347
2009-11-10,19.651107488663005
2009-11-11,20.220528007893773
2009-11-12,20.586146372448965
2009-11-13,20.747962584496268
2009-11-14,20.705976643816765
2009-11-15,20.460188548589816
2009-11-16,20.044342241261443
2009-11-17,19.458437721521214
2009-11-18,18.702474990058505
2009-11-19,17.776454045776624
2009-11-20,16.680374890304233
2009-11-21,15.414237520463939
2009-11-22,40.89016086214722
2009-11-23,12.936857676367614
2009-11-24,12.290684730948868
2009-11-25,12.039523101343118
2009-11-26,12.18337279104044
2009-11-27,12.72223379827528
2009-11-28,13.656106123888389
2009-11-29,14.984989766201435
2009-11-30,15.942526369964595
2009-12-01,16.528715934575953
2009-12-02,16.754442862541755
2009-12-03,16.61970715100584
2009-12-04,16.12450880080659
2009-12-05,15.268847812496357
2009-12-06,14.052724187098539
2009-12-07,13.004268994363633
2009-12-08,12.123482234397061
2009-12-09,11.410363908531652
2009-12-10,10.86491401587825
2009-12-11,10.487132556396656
2009-12-12,10.277019529912849
2009-12-13,10.234574936266643
2009-12-14,10.114877049650465
2009-12-15,28.45738557118644
2009-12-16,9.643721393556671
2009-12-17,9.292263625199134
2009-12-18,8.863552561102832
2009-12-19,8.357588205189222
2009-12-20,7.774370554597059
2009-12-21,7.493218819310906
2009-12-22,7.5141330004333184
2009-12-23,7.837113100959779
2009-12-24,8.462159115256442
2009-12-25,9.38927104625911
2009-12-26,10.618448895318174
2009-12-27,12.149692660153923
2009-12-28,13.157526020502338
2009-12-29,13.64194897420305
2009-12-30,13.602961523488412
2009-12-31,13.040563667062342
2010-01-01,11.954755404365764
2010-01-02,10.33522004769601
2010-01-03,8.181957594021304
2010-01-04,6.581437704404414
2010-01-05,5.533660378136795
2010-01-06,5.038625614375742
2010-01-07,5.096333413126393
2010-01-08,5.706783775582113
2010-01-09,6.869976701101976
2010-01-10,8.585912190077725
2010-01-11,9.860183815821953
2010-01-12,10.692791574735502
2010-01-13,11.083735470729755
2010-01-14,11.033015502173281
2010-01-15,10.540631669950638
2010-01-16,9.606583971438356
2010-01-17,8.230872411312351
2010-01-18,7.253331017742061
2010-01-19,6.673959794846982
2010-01-20,6.49275874010468
2010-01-21,23.325036060586143
2010-01-22,7.324867140055092
2010-01-23,8.338176594099687
2010-01-24,9.749656217538899
2010-01-25,10.840674920518058
2010-01-26,11.611232703616105
2010-01-27,12.06132956662462
2010-01-28,12.19096550859053
2010-01-29,12.000140529765318
2010-01-30,11.488854631248177
2010-01-31,10.657107812059866
2010-02-01,10.113006522091071
2010-02-02,9.866899430959505
2010-02-03,9.918786539030636
2010-02-04,10.26866784479467
2010-02-05,10.916543349556896
2010-02-06,11.86241305170488
2010-02-07,13.106276952937753
2010-02-08,14.016201045784236
2010-02-09,14.592185325716097
2010-02-10,14.834229793966786
2010-02-11,14.742334455977163
2010-02-12,14.316499303187646
2010-02-13,13.556724341552037
2010-02-14,12.463009570281187
2010-02-15,11.859650768111802
2010-02-16,11.746647934863002
2010-02-17,12.124001073536766
2010-02-18,12.991710181636634
2010-02-19,14.349775258963874
2010-02-20,16.198196306563826
2010-02-21,18.5369733262577
2010-02-22,20.476741117165307
2010-02-23,22.017499680909822
2010-02-24,23.159249020533068
2010-02-25,23.901989132115876
2010-02-26,24.245720017567255
2010-02-27,24.190441678111306
2010-02-28,23.73615411025545
2010-03-01,23.065388379278808
2010-03-02,22.15814667869344
2010-03-03,21.014429006500023
2010-03-04,19.634235365009715
2010-03-05,18.017565752252207
2010-03-06,16.164420168639296
2010-03-07,14.07479861461896
2010-03-08,12.78600110940251
2010-03-09,12.298027653779942
2010-03-10,12.6108782468391
2010-03-11,29.037758573085448
2010-03-12,15.639051581726727
2010-03-13,18.354374323812685
2010-03-14,21.870521115792783
2010-03-15,24.92093785430583
2010-03-16,27.5056245422955
2010-03-17,41.06548197746343
2010-03-18,31.277807764219126
2010-03-19,45.882360687987145
2010-03-20,33.18707077943797
2010-03-21,33.44310721185887
2010-03-22,51.27870209741546
2010-03-23,49.042890990579245
2010-03-24,33.60021437334477
2010-03-25,47.20399905329482
2010-03-26,33.1957840347046
2010-03-27,53.38643598808202
2010-03-28,32.38401893986969
2010-03-29,43.68156113830882
2010-03-30,42.395528686745074
2010-03-31,43.81512537408877
2010-04-01,32.65114741153738
2010-04-02,33.27335325942525
2010-04-03,34.136833932969886
2010-04-04,35.24158942978649
2010-04-05,66.99824565471775
2010-04-06,51.088636233787554
2010-04-07,56.78221509006892
2010-04-08,45.075911319884824
2010-04-09,56.844943230235614
2010-04-10,60.64683520141955
2010-04-11,45.36871226129844
2010-04-12,37.17716806356039
2010-04-13,37.89834639313532
2010-04-14,24.100402343374164
2010-04-15,24.543600351680123
2010-04-16,39.87799159810963
2010-04-17,51.9021429965896
2010-04-18,30.661696093191935
2010-04-19,49.03099527226071
2010-04-20,47.543358431531715
2010-04-21,56.25715221074617
2010-04-22,62.06734478984327
2010-04-23,58.057391594383134
2010-04-24,66.40703894432679
2010-04-25,69.7109164318081
2010-04-26,64.48665989644495
2010-04-27,67.60359754363209
2010-04-28,57.32201770063288
2010-04-29,62.34017992231624
2010-04-30,37.810553139730935
2010-05-01,51.52047458365144
2010-05-02,25.07722105435331
2010-05-03,34.72910002639505
2010-05-04,15.965032223534866
2010-05-05,13.872567610771508
2010-05-06,13.422522866797877
2010-05-07,32.79032903193122
2010-05-08,17.449692984530383
2010-05-09,21.926907845161136
2010-05-10,38.766810295536644
2010-05-11,28.222270847663346
2010-05-12,30.040418989182598
2010-05-13,30.97221155759856
2010-05-14,61.25802952746938
2010-05-15,30.176729977982124
2010-05-16,45.116768126955435
2010-05-17,27.256383126465444
2010-05-18,26.597511867555667
2010-05-19,26.472842057362747
2010-05-20,26.882373691550228
2010-05-21,27.826106771718525
2010-05-22,29.30404129943049
2010-05-23,31.316177271286584
2010-05-24,33.08263906986058
2010-05-25,46.148335683741706
2010-05-26,35.8785401505074
2010-05-27,36.90797943277801
2010-05-28,37.69174454278666
2010-05-29,38.229835479388676
2010-05-30,38.52225224455366
2010-05-31,56.03868206375289
2010-06-01,37.266911657588835
2010-06-02,35.7192701320204
2010-06-03,46.66338488147666
2010-06-04,30.78416043848212
2010-06-05,27.39669227348932
2010-06-06,23.395948560253167
2010-06-07,33.05492010638679
2010-06-08,18.22860356783213
2010-06-09,29.903013325382013
2010-06-10,16.840115157408555
2010-06-11,17.562942167221948
2010-06-12,19.23048332226444
2010-06-13,21.842738622459937
2010-06-14,36.55409179482887
2010-06-15,24.7515026457818
2010-06-16,25.04801137046382
2010-06-17,24.572604567887534
2010-06-18,23.325282242463313
2010-06-19,21.30604439049173
2010-06-20,18.514891013142492
2010-06-21,16.32433229763377
2010-06-22,14.734368244100374
2010-06-23,13.744998853516282
2010-06-24,13.356224122942065
2010-06-25,13.568044055373946
2010-06-26,42.414665917376745
2010-06-27,37.45317327632938
2010-06-28,16.9614769882332
2010-06-29,36.189927181261375
2010-06-30,18.56249465227775
2010-07-01,18.99550323050988
2010-07-02,19.191582354540646
2010-07-03,19.15073202434866
2010-07-04,18.872952240980858
2010-07-05,18.8509491177368
2010-07-06,19.08472265561076
2010-07-07,19.57427285390172
2010-07-08,35.11476460914519
2010-07-09,21.320703232648913
2010-07-10,22.577583414460108
2010-07-11,24.090240256118648
2010-07-12,39.93880874236279
2010-07-13,25.269757336295704
2010-07-14,24.93661757371553
2010-07-15,23.98821227705893
2010-07-16,22.424541445552595
2010-07-17,20.245605078898123
2010-07-18,17.45140317806452
2010-07-19,15.412450399321518
2010-07-20,14.128746742945674
2010-07-21,13.600292209052224
2010-07-22,13.827086798004164
2010-07-23,14.809130508363994
2010-07-24,16.546423343199486
2010-07-25,19.03896529763444
2010-07-26,21.081367069830062
2010-07-27,22.673628658050614
2010-07-28,23.815750063937916
2010-07-29,24.507731285797785
2010-07-30,24.749572325805286
2010-07-31,24.541273181808524
2010-08-01,23.88283385383842
2010-08-02,23.153407595814063
2010-08-03,22.352994407183633
2010-08-04,21.48159428419817
2010-08-05,20.539207230432602
2010-08-06,19.52583324409496
2010-08-07,18.44147232650865
2010-08-08,17.286124477289547
2010-08-09,16.44323919846387
2010-08-10,15.912816491814606
2010-08-11,29.189918887273368
2010-08-12,15.789358790393498
2010-08-13,16.19632379493434
2010-08-14,16.915751373193025
2010-08-15,17.94764152132455
2010-08-16,18.607040043946608
2010-08-17,18.893946940843428
2010-08-18,18.80836221175458
2010-08-19,18.35028585770079
2010-08-20,17.51971787717027
2010-08-21,16.31665827154682
2010-08-22,14.741107040538632
2010-08-23,13.5714027580331
2010-08-24,12.807545422698178
2010-08-25,12.449535038676707
2010-08-26,12.497371602963169
2010-08-27,12.951055115215608
2010-08-28,13.81058557544815
2010-08-29,15.075962984792408
2010-08-30,16.115198285396907
2010-08-31,16.928291475128074
2010-09-01,17.5152425554051
2010-09-02,17.88902030654823
2010-09-03,18.049624727989393
2010-09-04,17.99705582064603
2010-09-05,17.73131358413033
2010-09-06,17.316895732926714
2010-09-07,16.753802267371196
2010-09-08,16.042033189966514
2010-09-09,15.181588495754207
2010-09-10,14.172468189213562
2010-09-11,13.014672266561147
2010-09-12,11.70820073119324
2010-09-13,10.717700985852543
2010-09-14,10.043173033427053
2010-09-15,9.684616870187904
2010-09-16,9.64203249953713
2010-09-17,9.915419919183199
2010-09-18,10.504779130881687
2010-09-19,11.410110133817373
2010-09-20,12.086666069231219
2010-09-21,12.534446937611486
2010-09-22,12.753452740160364
2010-09-23,12.743683475448261
2010-09-24,12.505139144247337
2010-09-25,12.037819745063036
2010-09-26,11.341725279444479
2010-09-27,10.912636784614108
2010-09-28,10.750554258637923
2010-09-29,10.85547770107239
2010-09-30,11.227407114325027
2010-10-01,11.866342497449766
2010-10-02,12.758158300168585
2010-10-03,13.902854523631065
2010-10-04,14.688484061036455
2010-10-05,15.115046912448003
2010-10-06,15.182543077775534
2010-10-07,14.890972557704035
2010-10-08,14.240335352186088
2010-10-09,13.230631461365988
2010-10-10,11.861860883729445
2010-10-11,10.875872048322503
2010-10-12,10.272664954632743
2010-10-13,10.052239604779182
2010-10-14,10.214595996407486
2010-10-15,10.759734130683603
2010-10-16,11.687654005001113
2010-10-17,12.998355622822086
2010-10-18,13.928563208145711
2010-10-19,14.478276758335753
2010-10-20,14.647496272713777
2010-10-21,14.436221754310488
2010-10-22,13.844453201178217
2010-10-23,12.872190616169004
2010-10-24,11.519433994978774
2010-10-25,10.521560974546157
2010-10-26,9.878571555317938
2010-10-27,9.59046573669786
2010-10-28,9.657243519622721
2010-10-29,10.078904903540163
2010-10-30,10.8554498874972
2010-10-31,11.986878472429106
2010-11-01,12.768812147483203
2010-11-02,13.218537121455512
2010-11-03,13.336053396074911
2010-11-04,13.121360970901705
2010-11-05,35.638275772633726
2010-11-06,11.69535002118923
2010-11-07,10.484031496538636
2010-11-08,9.81208905266931
2010-11-09,9.679522690008447
2010-11-10,10.086332410289796
2010-11-11,11.032518210619642
2010-11-12,12.518080092154761
2010-11-13,14.543018055453263
2010-11-14,17.10733210103008
2010-11-15,19.10588737321826
2010-11-16,20.53868387393224
2010-11-17,21.405721601320018
2010-11-18,21.707000556151044
2010-11-19,21.442520738771137
2010-11-20,20.612282149481953
2010-11-21,39.85791000307608
2010-11-22,17.949502274266933
2010-11-23,16.811934611727445
2010-11-24,15.803581797095946
2010-11-25,14.924443834113465
2010-11-26,14.174520718852671
2010-11-27,13.553812454121369
2010-11-28,13.062319036736222
2010-11-29,12.827094191304447
2010-11-30,12.848137915155965
2010-12-01,13.125450210653975
2010-12-02,13.63826680315556
2010-12-03,14.386587694091862
2010-12-04,15.37041288525413
2010-12-05,16.589742374574065
2010-12-06,17.11910921153255
2010-12-07,16.95851339628378
2010-12-08,16.107954927287
2010-12-09,14.567433807813359
2010-12-10,12.336950036017392
2010-12-11,9.416503611382836
2010-12-12,5.806094531863865
2010-12-13,3.11830913144577
2010-12-14,1.3531474064490854
2010-12-15,0.5106093586464899
2010-12-16,0.5906949865809423
2010-12-17,1.5934042904819354
2010-12-18,3.5187372705239897
2010-12-19,6.366693928826377
2010-12-20,8.447223543506276
2010-12-21,9.760326117833115
2010-12-22,10.306001649384854
2010-12-23,10.084250141664494
2010-12-24,36.241208938628
2010-12-25,7.338465999357787
2010-12-26,4.814433365247579
2010-12-27,2.8754900983065683
2010-12-28,1.5216361966732417
2010-12-29,0.7528716605376558
2010-12-30,0.5691964895474657
2010-12-31,0.9706106850272229
2011-01-01,1.9571142467302498
2011-01-02,3.545976396650828
2011-01-03,4.964794895088088
2011-01-04,6.213569743367727
2011-01-05,7.29230093991468
2011-01-06,8.200988487483315
2011-01-07,8.939632382869167
2011-01-08,9.5082326264451
2011-01-09,9.906789219817318
2011-01-10,10.211841888408864
2011-01-11,10.423390627417671
2011-01-12,10.541435441420436
2011-01-13,10.565976326316042
2011-01-14,10.497013285921383
2011-01-15,10.334546318919566
2011-01-16,10.078575424733279
2011-01-17,9.93048831612811
2011-01-18,9.890284995395392
2011-01-19,9.957965459715655
2011-01-20,10.133529712714001
2011-01-21,10.416977751279322
2011-01-22,10.808309576494656
2011-01-23,11.307525188572084
2011-01-24,11.665436700962898
2011-01-25,11.882044114056418
2011-01-26,11.957347428554327
2011-01-27,11.891346642013525
2011-01-28,11.684041756837853
2011-01-29,11.335432772610321
2011-01-30,10.845519688807164
2011-01-31,10.535344256301222
2011-02-01,10.40490647782425
2011-02-02,10.437677940327655
2011-02-03,10.633658644478631
2011-02-04,10.992848589715964
2011-02-05,11.515247775592933
2011-02-06,12.200856204428113
2011-02-07,13.055851737637504
2011-02-08,14.080234375701378
2011-02-09,15.274004118134595
2011-02-10,16.63716096622018
2011-02-11,18.169704919322996
2011-02-12,19.87163597675903
2011-02-13,21.742954141694348
2011-02-14,22.928259564996345
2011-02-15,23.427552247495896
2011-02-16,23.240832190247954
2011-02-17,22.36809939482217
2011-02-18,20.80935385746474
2011-02-19,18.564595581235903
2011-02-20,15.633824563914734
2011-02-21,13.413427669346046
2011-02-22,22.320225064304307
2011-02-23,27.401039411037157
2011-02-24,11.014481718764728
2011-02-25,22.86846573247155
2011-02-26,12.96705502740125
2011-02-27,30.064088234172853
2011-02-28,16.695808001315957
2011-03-01,28.948630286890157
2011-03-02,19.022300453854825
2011-03-03,19.679398060733995
2011-03-04,19.999063252973247
2011-03-05,19.981296032756553
2011-03-06,33.811213263381276
2011-03-07,33.60939153637731
2011-03-08,31.43278015720209
2011-03-09,19.048730926005792
2011-03-10,30.979961986816782
2011-03-11,30.303566219376517
2011-03-12,36.0530422056492
2011-03-13,32.67916573048788
2011-03-14,32.55631143026324
2011-03-15,34.54038924099625
2011-03-16,33.847022466628076
2011-03-17,41.08504639365633
2011-03-18,33.112638951265794
2011-03-19,21.266692747500414
2011-03-20,40.85798797675945
2011-03-21,37.39771632928327
2011-03-22,36.195870584108725
2011-03-23,37.08443751525178
2011-03-24,34.58298561711518
2011-03-25,33.90392529279938
2011-03-26,44.32998741538309
2011-03-27,36.24484014591173
2011-03-28,31.340238679356585
2011-03-29,36.376715306413516
2011-03-30,33.56886969571305
2011-03-31,34.955649731984074
2011-04-01,43.34527652124392
2011-04-02,40.73419453427027
2011-04-03,37.08118787703839
2011-04-04,38.8984937695538
2011-04-05,39.991624488623685
2011-04-06,39.87854208277021
2011-04-07,40.34938749657487
2011-04-08,47.33262750845967
2011-04-09,60.90026778910332
2011-04-10,30.768349234302946
2011-04-11,46.92365129902265
2011-04-12,51.953653613991925
2011-04-13,51.474798391017956
2011-04-14,41.118741686806125
2011-04-15,43.97530147582113
2011-04-16,52.24386357836553
2011-04-17,41.586511750119264
2011-04-18,37.50999920887503
2011-04-19,35.95800657876271
2011-04-20,38.39464913890359
2011-04-21,35.315178531241905
2011-04-22,40.13665114733853
2011-04-23,49.43079706416847
2011-04-24,24.254550101213173
2011-04-25,45.05215009660315
2011-04-26,39.719919973780094
2011-04-27,40.50039834653389
2011-04-28,42.03716347902766
2011-04-29,41.782014735777786
2011-04-30,40.072978732711626
2011-05-01,42.91652838848089
2011-05-02,33.361924898851925
2011-05-03,33.588914584315695
2011-05-04,32.23460278632966
2011-05-05,39.127763373981495
2011-05-06,36.41099034546388
2011-05-07,45.93400403487283
2011-05-08,41.21871969676502
2011-05-09,34.6828055109333
2011-05-10,37.741160229867646
2011-05-11,30.892248402689315
2011-05-12,32.649527683499336
2011-05-13,32.9762078273515
2011-05-14,40.47896647840417
2011-05-15,34.35616582507839
2011-05-16,19.025479460787803
2011-05-17,33.98401718599981
2011-05-18,18.725015008395793
2011-05-19,32.45513455783266
2011-05-20,34.84520052064888
2011-05-21,42.08448755778632
2011-05-22,35.32551171282899
2011-05-23,21.09711380209418
2011-05-24,21.35502250463313
2011-05-25,21.35607701923803
2011-05-26,21.100277345878975
2011-05-27,20.58762348398979
2011-05-28,19.818115436296612
2011-05-29,18.791753201926056
2011-05-30,28.920284998421025
2011-05-31,32.21029411773025
2011-06-01,27.829715048031495
2011-06-02,28.045363700363357
2011-06-03,15.59188069003234
2011-06-04,39.353114876231025
2011-06-05,15.186441304950119
2011-06-06,15.161220211500911
2011-06-07,15.251559921099657
2011-06-08,15.45746043351103
2011-06-09,15.778921747280506
2011-06-10,16.215943865233918
2011-06-11,16.7685267847422
2011-06-12,17.43667050783017
2011-06-13,17.774518417568423
2011-06-14,17.78207051452275
2011-06-15,31.968469174271952
2011-06-16,31.73146240189484
2011-06-17,15.822951926980808
2011-06-18,28.316407871388257
2011-06-19,31.87489051439189
2011-06-20,25.335077535155424
2011-06-21,11.163163110395335
2011-06-22,22.311741757765734
2011-06-23,23.406028248981723
2011-06-24,12.573875180683872
2011-06-25,14.101194699995593
2011-06-26,16.157055301674394
2011-06-27,31.96389434443767
2011-06-28,19.086370686833288
2011-06-29,19.959825472438908
2011-06-30,20.43914498638704
2011-07-01,32.927305774967685
2011-07-02,20.223937011635986
2011-07-03,19.537968338667792
2011-07-04,30.255395739477322
2011-07-05,17.9575092619836
2011-07-06,31.806179659010304
2011-07-07,16.099021209051102
2011-07-08,15.065516318506917
2011-07-09,36.32426483310456
2011-07-10,12.78998480442974
2011-07-11,24.24483173650725
2011-07-12,12.210201326971887
2011-07-13,12.802937231198372
2011-07-14,27.167129526875915
2011-07-15,15.753664320793355
2011-07-16,18.111655507310434
2011-07-17,21.05806512097841
2011-07-18,38.66803662905757
2011-07-19,24.449909514745716
2011-07-20,24.895344296737772
2011-07-21,24.507120800570867
2011-07-22,23.2852390257537
2011-07-23,21.2296989751784
2011-07-24,18.340500645329243
2011-07-25,33.23559682706454
2011-07-26,27.48396165580478
2011-07-27,13.254553251298699
2011-07-28,27.054245980217143
2011-07-29,12.848627980298492
2011-07-30,13.541077243172557
2011-07-31,14.830467771037007
2011-08-01,15.755059948430027
2011-08-02,31.365679532243533
2011-08-03,31.017913738433368
2011-08-04,32.53916620446
2011-08-05,35.731421338095316
2011-08-06,14.840651400095808
2011-08-07,31.387700229590482
2011-08-08,28.226439662600963
2011-08-09,12.065397898516288
2011-08-10,11.870855590290052
2011-08-11,31.335103454115803
2011-08-12,12.577584266799697
2011-08-13,13.47885525051498
2011-08-14,14.74539733026999
2011-08-15,15.543195829143656
2011-08-16,15.87225074951046
2011-08-17,15.732562090696868
2011-08-18,28.661195690163375
2011-08-19,14.046954031231563
2011-08-20,37.30698772657094
2011-08-21,32.380095452076766
2011-08-22,23.437715323662804
2011-08-23,21.40070718949481
2011-08-24,8.275654341506431
2011-08-25,8.816505778883073
2011-08-26,26.97557268763917
2011-08-27,28.482156764786765
2011-08-28,14.27233171625278
2011-08-29,28.994832396043073
2011-08-30,17.447312455662434
2011-08-31,18.16480594552823
2011-09-01,18.30230151323585
2011-09-02,17.85848001451336
2011-09-03,16.833341449117896
2011-09-04,15.226885814629735
2011-09-05,26.47914856339246
2011-09-06,13.003170290471958
2011-09-07,28.92321246223864
2011-09-08,12.098382424450458
2011-09-09,12.14058636216946
2011-09-10,12.512522214547092
2011-09-11,13.214189981677878
2011-09-12,13.639831712285412
2011-09-13,13.789447404583191
2011-09-14,30.694378020733243
2011-09-15,13.26060067814711
2011-09-16,12.582138259727662
2011-09-17,29.557061473783822
2011-09-18,10.397135309617035
2011-09-19,9.66319114833204
2011-09-20,9.425817319135625
2011-09-21,30.350640927556753
2011-09-22,10.440780656190391
2011-09-23,11.693117821982165
2011-09-24,13.44202532023064
2011-09-25,15.687503152413736
2011-09-26,17.406892615269943
2011-09-27,18.6001937088912
2011-09-28,19.2674064335749
2011-09-29,19.408530789683002
2011-09-30,19.02356677691217
2011-10-01,18.112514395802584
2011-10-02,16.6786428302377
2011-10-03,28.868670331692712
2011-10-04,14.503433398774611
2011-10-05,13.762095533458357
2011-10-06,13.251602233690905
2011-10-07,12.971953500680165
2011-10-08,12.92314933360728
2011-10-09,13.105189733519857
2011-10-10,13.291482203816196
2011-10-11,13.482026744895053
2011-10-12,13.676823355361465
2011-10-13,13.875872037560026
2011-10-14,14.079172791329995
2011-10-15,14.286725614579506
2011-10-16,14.49853050806061
2011-10-17,14.541704696922652
2011-10-18,29.1294066176061
2011-10-19,14.122160953722796
2011-10-20,13.65944302393037
2011-10-21,13.028094386602803
2011-10-22,12.228115042727591
2011-10-23,11.259504992701928
2011-10-24,10.84653691161072
2011-10-25,10.989210798474096
2011-10-26,11.687526653563715
2011-10-27,12.941484476769046
2011-10-28,14.751084268929114
2011-10-29,17.116326030110177
2011-10-30,20.03720976134388
2011-10-31,22.060456706262208
2011-11-01,23.18606686637938
2011-11-02,23.406841007187243
2011-11-03,22.722779130661714
2011-11-04,21.133881234651312
2011-11-05,18.64014731863275
2011-11-06,15.241577385253143
2011-11-07,12.638673731481234
2011-11-08,10.83143636105802
2011-11-09,23.60095032253758
2011-11-10,22.03293905525786
2011-11-11,10.183721932178166
2011-11-12,11.559149685527869
2011-11-13,13.730243720208076
2011-11-14,15.430817989285257
2011-11-15,16.660872490385675
2011-11-16,17.420407228238492
2011-11-17,17.709422200384694
2011-11-18,17.527917408413824
2011-11-19,16.875892849056964
2011-11-20,41.123346028197375
2011-11-21,14.79783483872235
2011-11-22,14.0093517923
2011-11-23,13.38789938401435
2011-11-24,12.933477612854773
2011-11-25,12.646086481616011
2011-11-26,12.52572598743735
2011-11-27,12.572396132545428
2011-11-28,12.556282213594827
2011-11-29,12.477384231271948
2011-11-30,12.335702185259617
2011-12-01,12.131236078420889
2011-12-02,11.876601899432378
2011-12-03,11.571799650868936
2011-12-04,11.216829331099412
2011-12-05,10.936210115047952
2011-12-06,10.729942000905066
2011-12-07,10.598024992062674
2011-12-08,10.540459081799346
2011-12-09,10.557244274393677
2011-12-10,10.648380570374414
2011-12-11,10.813867969586125
2011-12-12,10.871184892038162
2011-12-13,10.82033134054723
2011-12-14,10.661307312156865
2011-12-15,10.394112809064499
2011-12-16,10.018747829768659
2011-12-17,9.535212376144612
2011-12-18,8.94350644661864
2011-12-19,8.532762772779428
2011-12-20,8.302981353560622
2011-12-21,8.254162191146534
2011-12-22,8.386305284350517
2011-12-23,8.699410633106275
2011-12-24,9.193478237221136
2011-12-25,9.868508096843172
2011-12-26,10.340656239500301
2011-12-27,10.609922663368515
2011-12-28,10.676307369909468
2011-12-29,10.53981035747114
2011-12-30,10.200431628215748
2011-12-31,9.658171180606084
2012-01-01,8.91302901513587
2012-01-02,8.358254496527875
2012-01-03,7.993847622879751
2012-01-04,7.819808394892341
2012-01-05,7.836136814444491
2012-01-06,21.277874938406423
2012-01-07,8.439896589291251
2012-01-08,9.027327945021982
2012-01-09,9.521921840099395
2012-01-10,9.923678274409234
2012-01-11,19.931360876402643
2012-01-12,10.448678754049524
2012-01-13,10.571922801324495
2012-01-14,10.602329387539001
2012-01-15,10.539898511839974
2012-01-16,10.545619567585794
2012-01-17,10.619492555169302
2012-01-18,20.698299846430842
2012-01-19,10.971694328027507
2012-01-20,11.250023113105737
2012-01-21,11.596503830037452
2012-01-22,23.45203727667687
2012-01-23,12.372276215325874
2012-01-24,12.679923041648912
2012-01-25,12.934076954295772
2012-01-26,13.134737956386546
2012-01-27,13.281906047244293
2012-01-28,13.37558122465162
2012-01-29,13.415763492408752
2012-01-30,13.436519069281873
2012-01-31,13.437847953050923
2012-02-01,13.41975014794166
2012-02-02,13.386173374550564
2012-02-03,13.337117633024194
2012-02-04,13.27258292521765
2012-02-05,13.19256924788922
2012-02-06,13.156096622726277
2012-02-07,13.163165049753268
2012-02-08,13.213774528079787
2012-02-09,21.602578135458103
2012-02-10,13.445616639728152
2012-02-11,13.626849270905652
2012-02-12,13.851622955390154
2012-02-13,13.950286677958756
2012-02-14,13.922840437113333
2012-02-15,13.76928423421531
2012-02-16,13.489618068189591
2012-02-17,13.083841939237699
2012-02-18,12.551955848351042
2012-02-19,11.893959794702507
2012-02-20,11.486847854639342
2012-02-21,11.330620025638272
2012-02-22,11.425276307376533
2012-02-23,11.770816702452487
2012-02-24,12.367241209674402
2012-02-25,25.35750590287982
2012-02-26,23.7774877648405
2012-02-27,15.417808384392936
2012-02-28,25.968490461135996
2012-02-29,28.065379483078825
2012-03-01,31.831272465989034
2012-03-02,36.901622495733115
2012-03-03,34.59774625988449
2012-03-04,35.74849636604598
2012-03-05,31.244259982191185
2012-03-06,24.387297111786275
2012-03-07,25.42241437884325
2012-03-08,46.64858014152738
2012-03-09,46.98255971605304
2012-03-10,58.9529142364182
2012-03-11,48.65297406215389
2012-03-12,43.041807559466115
2012-03-13,44.485601027422845
2012-03-14,30.31056925208156
2012-03-15,44.970212272625496
2012-03-16,37.728535395922684
2012-03-17,53.13304606519485
2012-03-18,43.692005023120934
2012-03-19,41.61374320054198
2012-03-20,26.68866939871433
2012-03-21,42.288198457229385
2012-03-22,38.17637505783633
2012-03-23,39.41917276403188
2012-03-24,44.872501497882205
2012-03-25,41.22331305822992
2012-03-26,36.62952203426445
2012-03-27,38.78773442020587
2012-03-28,34.8009347677537
2012-03-29,35.58998293203915
2012-03-30,35.21841150683474
2012-03-31,40.56676222955565
2012-04-01,38.83402721364508
2012-04-02,31.71530714320221
2012-04-03,33.857755262027716
2012-04-04,34.376514551333784
2012-04-05,35.203737139475855
2012-04-06,33.29718349409238
2012-04-07,43.63403284333932
2012-04-08,31.891582793025968
2012-04-09,40.56743025970708
2012-04-10,29.722430639381347
2012-04-11,19.79419308393802
2012-04-12,29.270173201868012
2012-04-13,27.57196340664511
2012-04-14,32.08293237504941
2012-04-15,29.884062927866335
2012-04-16,31.221852524345564
2012-04-17,17.326823350993543
2012-04-18,31.046348991119686
2012-04-19,27.148868142528514
2012-04-20,28.25616192904851
2012-04-21,46.95322122756046
2012-04-22,35.4482831608805
2012-04-23,33.29631861607548
2012-04-24,35.244914042609146
2012-04-25,34.68954943697806
2012-04-26,38.49476527648634
2012-04-27,47.336614792320326
2012-04-28,49.566180805702295
2012-04-29,56.14832663617433
2012-04-30,50.2269718584564
2012-05-01,54.57190924705339
2012-05-02,48.20131033729382
2012-05-03,51.22475845482404
2012-05-04,50.18119374322497
2012-05-05,52.16917510830672
2012-05-06,48.55602285630524
2012-05-07,41.44422746487821
2012-05-08,37.77633555444711
2012-05-09,38.15039421337782
2012-05-10,41.34430721911287
2012-05-11,42.91172448960626
2012-05-12,52.00536666110274
2012-05-13,40.75103906478936
2012-05-14,45.07815353345355
2012-05-15,39.06666925579304
2012-05-16,40.49998640691711
2012-05-17,46.857906557456886
2012-05-18,58.18843348779299
2012-05-19,54.49799300584805
2012-05-20,35.786585112247074
2012-05-21,38.73439689555857
2012-05-22,36.195291009351436
2012-05-23,38.1540536035015
2012-05-24,38.99424246738055
2012-05-25,45.26837351472702
2012-05-26,57.91252044431744
2012-05-27,28.250850773101224
2012-05-28,44.22687976450573
2012-05-29,29.706613017492543
2012-05-30,44.4307542094242
2012-05-31,40.53953510644819
2012-06-01,46.93123101245208
2012-06-02,44.60004937409722
2012-06-03,33.76200719983424
2012-06-04,30.145312594707082
2012-06-05,29.771652326136646
2012-06-06,27.02458418497756
2012-06-07,29.18468140497906
2012-06-08,24.343006338198446
2012-06-09,33.35320089365698
2012-06-10,25.792869766910126
2012-06-11,25.942365147922732
2012-06-12,24.284937735551964
2012-06-13,15.802192409251836
2012-06-14,28.55033816868247
2012-06-15,34.121138295232385
2012-06-16,17.033373877254316
2012-06-17,17.73022920524171
2012-06-18,28.818868487291603
2012-06-19,29.965690759488606
2012-06-20,19.14253633577845
2012-06-21,34.46840650951173
2012-06-22,19.51885870942987
2012-06-23,39.0909947286172
2012-06-24,19.44300851624638
2012-06-25,30.490077668517518
2012-06-26,28.54876277557202
2012-06-27,27.34814479604654
2012-06-28,18.671576793223462
2012-06-29,18.380307601453797
2012-06-30,18.049673902172984
2012-07-01,17.679675697234323
2012-07-02,28.431446955267084
2012-07-03,25.499034581820737
2012-07-04,16.839065039419197
2012-07-05,16.648656137771166
2012-07-06,16.50314456132755
2012-07-07,16.40253031094714
2012-07-08,29.217826783651695
2012-07-09,16.167526556104704
2012-07-10,25.459425261992155
2012-07-11,15.438243179407031
2012-07-12,14.888246635248052
2012-07-13,32.55212398159514
2012-07-14,13.417543828615973
2012-07-15,12.496837568479645
2012-07-16,21.673013251534467
2012-07-17,11.927786128692794
2012-07-18,12.279440950044462
2012-07-19,23.872067793555658
2012-07-20,14.255111672215799
2012-07-21,36.992789956046295
2012-07-22,34.88059865683244
2012-07-23,19.337144372377875
2012-07-24,20.10876917852717
2012-07-25,33.34717008046533
2012-07-26,32.84228343222226
2012-07-27,31.699141054272538
2012-07-28,16.81271112573903
2012-07-29,14.393057291092516
2012-07-30,26.62401972513166
2012-07-31,25.423387375932244
2012-08-01,28.68056876524367
2012-08-02,27.811514449710977
2012-08-03,11.427327726206173
2012-08-04,12.654616814665209
2012-08-05,14.488042802503012
2012-08-06,28.48641289148439
2012-08-07,30.025788319909356
2012-08-08,17.78006467713517
2012-08-09,18.141319939695375
2012-08-10,31.421578676500467
2012-08-11,17.759702424257537
2012-08-12,17.016829644609142
2012-08-13,16.399899953886802
2012-08-14,15.908913352444264
2012-08-15,40.193810650370516
2012-08-16,15.304769417242385
2012-08-17,27.04854563630501
2012-08-18,15.204397836374685
2012-08-19,15.343126681264893
2012-08-20,15.432318386575615
2012-08-21,25.30074682174847
2012-08-22,15.462090383705071
2012-08-23,30.223837618189094
2012-08-24,15.293713828468043
2012-08-25,15.135219844080169
2012-08-26,14.927188721132078
2012-08-27,14.791515206532873
2012-08-28,14.728199302613687
2012-08-29,14.737241004987307
2012-08-30,14.818640318762025
2012-08-31,27.531386069978478
2012-09-01,15.198511768868128
2012-09-02,15.493578342478706
2012-09-03,15.62251467660909
2012-09-04,15.585320771352414
2012-09-05,15.381996627754042
2012-09-06,15.012542243984303
2012-09-07,14.476957619654367
2012-09-08,13.77524275659508
2012-09-09,12.907397655091172
2012-09-10,12.105679568030132
2012-09-11,11.370088498753654
2012-09-12,21.78949752491749
2012-09-13,23.010304110284416
2012-09-14,9.560077381806016
2012-09-15,9.08899437546622
2012-09-16,8.684038382998308
2012-09-17,19.8974142702446
2012-09-18,8.094395073352162
2012-09-19,7.909707753638149
2012-09-20,7.798443325891242
2012-09-21,19.981564004078873
2012-09-22,7.7961831405727375
2012-09-23,7.905187386120348
2012-09-24,8.117403632518393
2012-09-25,8.432831879532817
2012-09-26,8.851472130239427
2012-09-27,9.373324384022942
2012-09-28,9.998388638029292
2012-09-29,10.726664896043886
2012-09-30,11.558153155033807
2012-10-01,12.15851436450453
2012-10-02,12.534272947741291
2012-10-03,12.685428905862723
2012-10-04,12.611982238702835
2012-10-05,12.313932945393796
2012-10-06,27.70453395589829
2012-10-07,11.044026486322451
2012-10-08,10.477587978496638
2012-10-09,10.091965508383336
2012-10-10,22.394143810114198
2012-10-11,9.863168677461964
2012-10-12,10.01999431616334
2012-10-13,10.357635990751834
2012-10-14,10.876093702810374
2012-10-15,11.328480158678767
2012-10-16,11.714795359272692
2012-10-17,12.035039303883154
2012-10-18,12.28921199296531
2012-10-19,12.47731342669601
2012-10-20,12.599343604295115
2012-10-21,12.655302527712385
2012-10-22,12.664313422993898
2012-10-23,12.626376294581304
2012-10-24,24.1904083164396
2012-10-25,12.409657958764209
2012-10-26,12.230876753093106
2012-10-27,12.005147520663211
2012-10-28,11.732470264097161
2012-10-29,11.535432669951216
2012-10-30,11.414034739203586
2012-10-31,26.657480267058627
2012-11-01,11.39815787249398
2012-11-02,11.498966623947663
2012-11-03,11.670702730943992
2012-11-04,11.91336619216715
2012-11-05,12.151612111378403
2012-11-06,12.385440489328179
2012-11-07,12.614851327885578
2012-11-08,12.839844624105204
2012-11-09,13.060420379314603
2012-11-10,13.27657859566784
2012-11-11,13.488319269379815
2012-11-12,13.721328924847963
2012-11-13,13.975607564174888
2012-11-14,14.25115518502918
2012-11-15,14.547971789143451
2012-11-16,14.866057375937753
2012-11-17,33.198828654557474
2012-11-18,38.343828902628694
2012-11-19,15.710203330335158
2012-11-20,15.637915446476317
2012-11-21,15.349171844840141
2012-11-22,14.843972523361874
2012-11-23,14.122317484504954
2012-11-24,13.184206727536402
2012-11-25,38.09569256070113
2012-11-26,11.145750408287341
2012-11-27,20.997361140767268
2012-11-28,10.190000609697615
2012-11-29,10.118140657774616
2012-11-30,10.316957336843792
2012-12-01,10.786450645674567
2012-12-02,11.527728618670626
2012-12-03,12.017509833127862
2012-12-04,12.255794289879121
2012-12-05,12.242581987991008
2012-12-06,11.97787292653239
2012-12-07,11.461667106686138
2012-12-08,10.693964529010783
2012-12-09,9.674765192031936
2012-12-10,8.847438098507576
2012-12-11,8.211983247988144
2012-12-12,7.768400639282977
2012-12-13,7.516690274916162
2012-12-14,7.456852153646896
2012-12-15,7.5888862757337
2012-12-16,7.912792640366167
2012-12-17,8.05114565992267
2012-12-18,8.003945333320159
2012-12-19,7.771191661483039
2012-12-20,7.35288464121216
2012-12-21,6.749024277149136
2012-12-22,5.959610566079976
2012-12-23,23.550105258422374
2012-12-24,4.211830170884919
2012-12-25,3.6411705515538895
2012-12-26,3.2726646533894876
2012-12-27,3.1063124728216773
2012-12-28,3.1421140124673124
2012-12-29,3.3800692697214054
2012-12-30,3.820178247954882
2012-12-31,4.294436779038507
2013-01-01,4.802844865415281
2013-01-02,5.3496800757715945
2013-01-03,5.93494241599969
2013-01-04,6.558631881277989
2013-01-05,7.220748475717078
2013-01-06,7.9212921965104295
2013-01-07,8.401580893499405
2013-01-08,8.661614566275839
2013-01-09,8.701393215590864
2013-01-10,8.520916839768688
2013-01-11,8.120185441158995
2013-01-12,7.499199019358185
2013-01-13,6.657957572627097
2013-01-14,6.079772485043911
2013-01-15,15.645421721733715
2013-01-16,5.712571391738739
2013-01-17,5.923555386620593
2013-01-18,6.397595739138574
2013-01-19,7.134692453394097
2013-01-20,8.134845526729809
2013-01-21,8.90026239469835
2013-01-22,9.430943056889804
2013-01-23,9.726887511575493
2013-01-24,9.788095760991409
2013-01-25,9.614567804115595
2013-01-26,9.20630364200454
2013-01-27,8.563303274951862
2013-01-28,8.084504867790361
2013-01-29,7.769908423384624
2013-01-30,7.619513940085659
2013-01-31,7.633321417871331
2013-02-01,7.811330857189606
2013-02-02,20.516720744235975
2013-02-03,8.618567580964456
2013-02-04,8.939462153701216
2013-02-05,9.102429966645026
2013-02-06,9.107471019311655
2013-02-07,8.95458531020263
2013-02-08,8.643772840021377
2013-02-09,8.175033609864217
2013-02-10,7.54836761735137
2013-02-11,7.14980574973751
2013-02-12,6.979348007503732
2013-02-13,7.036994389282958
2013-02-14,7.322744893893978
2013-02-15,7.836599523239597
2013-02-16,8.57855827687724
2013-02-17,9.548621155557122
2013-02-18,19.451777296362234
2013-02-19,22.58279014835596
2013-02-20,10.82902096675284
2013-02-21,10.712557961730564
2013-02-22,21.14131515190536
2013-02-23,9.664737543396424
2013-02-24,8.733380127583908
2013-02-25,17.902710673718744
2013-02-26,7.866421752910094
2013-02-27,17.651586157186617
2013-02-28,8.327138653657311
2013-03-01,9.055375331905571
2013-03-02,22.220800515837766
2013-03-03,11.55055826690853
2013-03-04,24.026635395771933
2013-03-05,13.157371386011317
2013-03-06,27.51459053559019
2013-03-07,27.523176900933485
2013-03-08,32.81467617176178
2013-03-09,27.215814944478904
2013-03-10,20.41335590834129
2013-03-11,22.692246905357738
2013-03-12,23.32964367387322
2013-03-13,8.296441633914219
2013-03-14,24.448329962793245
2013-03-15,19.937226406590355
2013-03-16,30.64595619998549
2013-03-17,35.51286105096041
2013-03-18,25.634144484876288
2013-03-19,27.115861959348244
2013-03-20,28.725129055344865
2013-03-21,33.738203728987024
2013-03-22,31.338234315654375
2013-03-23,42.06683815758874
2013-03-24,25.100801043405674
2013-03-25,25.912250535169036
2013-03-26,19.119188188753807
2013-03-27,21.44293055241636
2013-03-28,21.634591944358082
2013-03-29,26.544711744178507
2013-03-30,23.926325686037643
2013-03-31,10.945210621285915
2013-04-01,37.16042915905555
2013-04-02,23.62741593766327
2013-04-03,24.43042927360271
2013-04-04,32.34090003028582
2013-04-05,25.049071648466345
2013-04-06,36.17559124629716
2013-04-07,36.83218430908645
2013-04-08,35.78308968259416
2013-04-09,27.715889093886858
2013-04-10,34.66631752310998
2013-04-11,32.40246707479434
2013-04-12,37.125613355425266
2013-04-13,49.36379793802821
2013-04-14,46.53124253652576
2013-04-15,50.48022148828207
2013-04-16,43.11330989341801
2013-04-17,35.66339217179581
2013-04-18,40.92347558071128
2013-04-19,33.61957017332648
2013-04-20,36.217444790761824
2013-04-21,36.54814131398737
2013-04-22,35.976090747545044
2013-04-23,36.997489631068476
2013-04-24,38.4122434767183
2013-04-25,45.11673779867485
2013-04-26,48.44629038486642
2013-04-27,43.65252737425241
2013-04-28,50.79502815135948
2013-04-29,38.249082039623715
2013-04-30,41.42947741487584
2013-05-01,40.88668292183197
2013-05-02,37.56024528057703
2013-05-03,37.768661978269655
2013-05-04,44.24214797638302
2013-05-05,39.53332956132884
2013-05-06,39.3535165019331
2013-05-07,37.20219698255449
2013-05-08,31.805270688171433
2013-05-09,41.690196373540225
2013-05-10,44.77923575225485
2013-05-11,40.57834992508744
2013-05-12,28.387483772575873
2013-05-13,27.199332733451858
2013-05-14,21.932709392095525
2013-05-15,24.912584152420106
2013-05-16,26.934232280783156
2013-05-17,21.445137866844156
2013-05-18,41.7279214146147
2013-05-19,25.637689951876965
2013-05-20,32.97696104533066
2013-05-21,23.85859418721948
2013-05-22,13.987825928021831
2013-05-23,25.310384159985773
2013-05-24,28.6959753158209
2013-05-25,14.651851982836458
2013-05-26,27.82552947832907
2013-05-27,14.57227286649761
2013-05-28,14.519202186141158
2013-05-29,28.628393184840736
2013-05-30,28.531612294432463
2013-05-31,23.745608812131838
2013-06-01,14.21837864689375
2013-06-02,25.728720700411944
2013-06-03,23.260489425239427
2013-06-04,37.2620821729318
2013-06-05,12.739168973659556
2013-06-06,11.940650985631812
2013-06-07,26.10383827909676
2013-06-08,40.119541232197484
2013-06-09,19.581050838811457
2013-06-10,18.85695565686368
2013-06-11,19.981841182243677
2013-06-12,17.263259219157842
2013-06-13,27.510533248209995
2013-06-14,21.185337572515355
2013-06-15,26.62990371614697
2013-06-16,15.81402472278743
2013-06-17,31.879089499815457
2013-06-18,33.42983879972932
2013-06-19,20.46627261894751
2013-06-20,32.095470052622616
2013-06-21,33.370679568116394
2013-06-22,19.455520376535574
2013-06-23,17.860158486669974
2013-06-24,16.400471256770476
2013-06-25,25.109248616856657
2013-06-26,13.88812077309724
2013-06-27,23.522298948415152
2013-06-28,11.918468927188222
2013-06-29,34.66900776982638
2013-06-30,10.491515716860729
2013-07-01,20.942493246789176
2013-07-02,19.967923810171936
2013-07-03,20.1527982844659
2013-07-04,9.536174925490698
2013-07-05,21.946717229741765
2013-07-06,10.086701216574438
2013-07-07,10.619013531626738
2013-07-08,22.687642524891114
2013-07-09,11.657861231818746
2013-07-10,12.164396614640687
2013-07-11,23.947228201276335
2013-07-12,28.284881957557
2013-07-13,30.169750959839376
2013-07-14,14.10461503668635
2013-07-15,14.441280046735212
2013-07-16,31.907803316731894
2013-07-17,26.981072994723934
2013-07-18,14.638268311247773
2013-07-19,32.01031276288553
2013-07-20,38.16998394970335
2013-07-21,13.615746419797965
2013-07-22,25.298892161276854
2013-07-23,29.207955933106643
2013-07-24,28.42718057362615
2013-07-25,27.268905613871837
2013-07-26,14.992285376397714
2013-07-27,16.01924271809036
2013-07-28,17.296749908870787
2013-07-29,18.06705310539978
2013-07-30,18.33015230770183
2013-07-31,18.08604751515965
2013-08-01,17.33473872846053
2013-08-02,30.173579154564557
2013-08-03,14.245233794960388
2013-08-04,11.90703764779568
2013-08-05,24.662322262157243
2013-08-06,9.217678933449589
2013-08-07,21.20348771586522
2013-08-08,26.17103629485848
2013-08-09,22.268178838190625
2013-08-10,11.787095823425938
2013-08-11,14.085311362675798
2013-08-12,29.88160252610655
2013-08-13,28.70156991822476
2013-08-14,17.721778583060466
2013-08-15,29.49679170163929
2013-08-16,17.43094056877129
2013-08-17,16.470976712423642
2013-08-18,14.967982956053014
2013-08-19,26.154803000839706
2013-08-20,12.744501063278815
2013-08-21,12.024012924751602
2013-08-22,26.133507091792566
2013-08-23,11.365542262918277
2013-08-24,11.42755974168721
2013-08-25,11.750412425635474
2013-08-26,12.038528035752494
2013-08-27,12.291906571325132
2013-08-28,12.51054803294424
2013-08-29,12.69445242170359
2013-08-30,24.908569669223144
2013-08-31,32.251569050247774
2013-09-01,13.037743144015822
2013-09-02,13.113209654090921
2013-09-03,13.184449508002324
2013-09-04,13.251462704890075
2013-09-05,28.759465322736112
2013-09-06,27.58192788079905
2013-09-07,13.427142353781887
2013-09-08,13.477248923625005
2013-09-09,13.46357541245965
2013-09-10,13.38612181957231
2013-09-11,13.244888145497802
2013-09-12,13.039874391301451
2013-09-13,12.771080556072926
2013-09-14,12.43850663957053
2013-09-15,12.042152643205197
2013-09-16,11.500317601146296
2013-09-17,10.813001517514284
2013-09-18,9.98020439065142
2013-09-19,9.00192622103388
2013-09-20,7.878167006863064
2013-09-21,6.608926749811993
2013-09-22,33.61244295410169
2013-09-23,4.164498958783719
2013-09-24,13.696608551686435
2013-09-25,3.260130417321366
2013-09-26,3.385468364489631
2013-09-27,3.8958211249770534
2013-09-28,4.791188697205665
2013-09-29,6.071571081644951
2013-09-30,7.058861757776909
2013-10-01,7.753060727015381
2013-10-02,19.61588703537675
2013-10-03,8.246632144015372
2013-10-04,8.04600459143343
2013-10-05,21.92623367134511
2013-10-06,20.76702660035872
2013-10-07,16.10306553637923
2013-10-08,17.24508355828364
2013-10-09,5.927642537908077
2013-10-10,6.176634153620689
2013-10-11,6.6871683166228415
2013-10-12,7.4592450219621576
2013-10-13,8.49286427543368
2013-10-14,19.911126380366998
2013-10-15,10.199550049990858
2013-10-16,21.429447765383788
2013-10-17,11.42549885552622
2013-10-18,23.767134541464443
2013-10-19,12.170710688545611
2013-10-20,12.363040242747221
2013-10-21,12.495929957596775
2013-10-22,12.569379837926796
2013-10-23,12.583389878600242
2013-10-24,12.537960083477614
2013-10-25,12.433090452636732
2013-10-26,12.268780982762843
2013-10-27,12.045031676489677
2013-10-28,11.811522552492457
2013-10-29,11.568253610864337
2013-10-30,11.315224849611793
2013-10-31,11.052436270976878
2013-11-01,10.779887875688098
2013-11-02,10.496628803348354
2013-11-03,10.202659055041586
2013-11-04,23.522360643484568
2013-11-05,9.970545970987114
2013-11-06,10.032402634983423
2013-11-07,22.285818665155073
2013-11-08,10.511942372482872
2013-11-09,10.929625448036823
2013-11-10,11.465917325975159
2013-11-11,11.838063454275208
2013-11-12,28.141331093402442
2013-11-13,26.833079263506594
2013-11-14,11.969627341258379
2013-11-15,11.685190471620933
2013-11-16,11.236607849879412
2013-11-17,27.83723477173965
2013-11-18,27.12130676198745
2013-11-19,10.024897522939519
2013-11-20,20.935501898901336
2013-11-21,10.261215277398437
2013-11-22,28.910045893452793
2013-11-23,11.332832742555183
2013-11-24,30.399313213874123
2013-11-25,12.63306747923667
2013-11-26,12.686398581971755
2013-11-27,12.341872175965237
2013-11-28,11.59948825938776
2013-11-29,28.946702439717438
2013-11-30,8.921147894242447
2013-12-01,28.254866112155685
2013-12-02,15.647904064933854
2013-12-03,15.511758488559062
2013-12-04,4.080558178418513
2013-12-05,4.080092448785324
2013-12-06,4.563499397185327
2013-12-07,5.53077902629455
2013-12-08,6.981931332756762
2013-12-09,8.250370446258094
2013-12-10,9.336096360223017
2013-12-11,10.239109079108355
2013-12-12,10.959408600213772
2013-12-13,11.496994926585353
2013-12-14,11.851868055580669
2013-12-15,12.024027988401752
2013-12-16,11.925223468899375
2013-12-17,11.555454497055562
2013-12-18,10.914721072739685
2013-12-19,10.003023196553144
2013-12-20,8.820360866694557
2013-12-21,7.3667340858181625
2013-12-22,19.89926538342169
2013-12-23,4.418327557239819
2013-12-24,20.70062711433468
2013-12-25,3.47302478395079
2013-12-26,3.7515373070000537
2013-12-27,4.530825770192309
2013-12-28,5.810890172051993
2013-12-29,7.591730513693964
2013-12-30,9.027909332074387
2013-12-31,10.119426627899566
2014-01-01,10.866282401833521
2014-01-02,11.259508047127902
2014-01-03,11.29910356389625
2014-01-04,10.985068953901244
2014-01-05,10.317404214264641
2014-01-06,9.809262882292426
2014-01-07,19.44543110713451
2014-01-08,9.271550435551417
2014-01-09,9.241979322232371
2014-01-10,9.371931613415345
2014-01-11,9.661407313025407
2014-01-12,10.11040641776516
2014-01-13,10.365467686760068
2014-01-14,10.42659112062694
2014-01-15,10.29377672062357
2014-01-16,9.967024483760612
2014-01-17,9.446334411929978
2014-01-18,8.731706503968713
2014-01-19,7.8231407607739625
2014-01-20,7.0880639850880796
2014-01-21,6.526476173934539
2014-01-22,6.138377332619992
2014-01-23,5.92376745638896
2014-01-24,5.882646548270561
2014-01-25,6.01501460670499
2014-01-26,6.32087163222255
2014-01-27,6.631846916048519
2014-01-28,6.947940461861334
2014-01-29,7.269152264387666
2014-01-30,7.595482328271668
2014-01-31,7.92693065163111
2014-02-01,8.263497235367737
2014-02-02,8.606667500668346
2014-02-03,8.913913706665019
2014-02-04,9.185235853812266
2014-02-05,9.420633942020059
2014-02-06,9.620107970997793
2014-02-07,9.783657940620902
2014-02-08,22.938309534338835
2014-02-09,10.00298570463482
2014-02-10,10.141404976373803
2014-02-11,10.32654167102118
2014-02-12,10.5583957854866
2014-02-13,10.836967318304946
2014-02-14,11.162256274448431
2014-02-15,11.534262650120843
2014-02-16,11.952986446621956
2014-02-17,12.212488768520886
2014-02-18,12.312769615007095
2014-02-19,20.606486631065227
2014-02-20,12.035666882942657
2014-02-21,11.658283304300975
2014-02-22,11.121678251830556
2014-02-23,10.425851723606641
2014-02-24,17.694797087386345
2014-02-25,9.52667180143814
2014-02-26,16.759903927786027
2014-02-27,17.396761474564798
2014-02-28,9.409084755836584
2014-03-01,21.867162618006795
2014-03-02,10.15808373695204
2014-03-03,17.70347456938857
2014-03-04,21.413517143119005
2014-03-05,19.728088621050045
2014-03-06,11.607107110390356
2014-03-07,23.572660828618975
2014-03-08,28.34860218938632
2014-03-09,26.24695575992989
2014-03-10,25.97492698630079
2014-03-11,22.33210641527125
2014-03-12,26.005335473889723
2014-03-13,25.657721553470967
2014-03-14,29.765932062520513
2014-03-15,36.24980322199261
2014-03-16,34.8645284063659
2014-03-17,38.280554367282356
2014-03-18,32.82080424309677
2014-03-19,38.37684419477531
2014-03-20,36.28520475235308
2014-03-21,29.3601074980555
2014-03-22,41.261415285824214
2014-03-23,30.94589658082319
2014-03-24,32.12008668429691
2014-03-25,25.750486995391615
2014-03-26,16.205441454335375
2014-03-27,23.142497797266024
2014-03-28,38.76104184238555
2014-03-29,40.90732931790564
2014-03-30,30.205409356582962
2014-03-31,29.597668800676338
2014-04-01,25.979075824223138
2014-04-02,30.578874025737463
2014-04-03,33.41227725467163
2014-04-04,33.23118724274795
2014-04-05,53.43744653262612
2014-04-06,23.51350293133392
2014-04-07,41.23940033120723
2014-04-08,41.08997961712367
2014-04-09,33.67407607351062
2014-04-10,34.59291806224478
2014-04-11,41.350309043835736
2014-04-12,43.96146286834586
2014-04-13,34.313740788774055
2014-04-14,35.85807088230321
2014-04-15,34.86537219225203
2014-04-16,31.33564471608798
2014-04-17,32.44545350378276
2014-04-18,26.961914132928
2014-04-19,32.526415596509246
2014-04-20,29.121381812391125
2014-04-21,35.69278350895058
2014-04-22,26.998633261711408
2014-04-23,32.43124527103791
2014-04-24,29.23082754685552
2014-04-25,33.180622780135174
2014-04-26,45.21670467376229
2014-04-27,31.588415871884916
2014-04-28,29.001483271779694
2014-04-29,29.629290640888126
2014-04-30,23.929086635806424
2014-05-01,32.49449269115471
2014-05-02,31.564294602106184
2014-05-03,30.369219149735223
2014-05-04,29.349300980256594
2014-05-05,25.064967342742634
2014-05-06,15.438054615246507
2014-05-07,23.838402816141723
2014-05-08,26.62415050954276
2014-05-09,26.55151470397723
2014-05-10,44.214116835811
2014-05-11,31.300153083114694
2014-05-12,33.25001903740472
2014-05-13,27.649949952457213
2014-05-14,25.10878111463546
2014-05-15,27.810684496206985
2014-05-16,26.550935362832224
2014-05-17,40.15501593694056
2014-05-18,15.786766168006382
2014-05-19,25.768429597207547
2014-05-20,24.904447756538744
2014-05-21,31.11823184487972
2014-05-22,29.4086007417879
2014-05-23,28.904273202407246
2014-05-24,30.437314733873734
2014-05-25,18.016466268898505
2014-05-26,34.53749133455768
2014-05-27,32.80667414232397
2014-05-28,18.986499891358218
2014-05-29,18.584976954163103
2014-05-30,17.82102027685619
2014-05-31,36.97622672929147
2014-06-01,27.296757684596628
2014-06-02,22.722834778483357
2014-06-03,12.879641147626185
2014-06-04,21.643056659410654
2014-06-05,11.422121593775937
2014-06-06,11.019103692025908
2014-06-07,27.578565483279665
2014-06-08,10.864551643236492
2014-06-09,11.065836978285184
2014-06-10,22.539977233319654
2014-06-11,25.23939396216049
2014-06-12,22.024312364355513
2014-06-13,27.923915762384887
2014-06-14,27.20696555863288
2014-06-15,15.843144426570145
2014-06-16,26.28331358469458
2014-06-17,26.804975364448108
2014-06-18,17.252117482878454
2014-06-19,30.98736674531303
2014-06-20,31.625858387896763
2014-06-21,15.279286270842086
2014-06-22,13.870163805397588
2014-06-23,23.93053445755089
2014-06-24,11.839751109504165
2014-06-25,11.218460877746946
2014-06-26,10.859781388853762
2014-06-27,10.763712646426237
2014-06-28,29.833743010223294
2014-06-29,11.359407391507853
2014-06-30,11.751581068259764
2014-07-01,12.106775674647904
2014-07-02,12.42161732073719
2014-07-03,12.696106006649984
2014-07-04,24.739171504716406
2014-07-05,13.124024496128595
2014-07-06,13.277454299730103
2014-07-07,25.983712031855553
2014-07-08,22.84856207526086
2014-07-09,24.67364224499287
2014-07-10,27.870670017522237
2014-07-11,12.392066952894504
2014-07-12,11.884482207878216
2014-07-13,11.266728373706506
2014-07-14,21.460766413037383
2014-07-15,10.562084325237352
2014-07-16,23.554223887318845
2014-07-17,10.565258436662798
2014-07-18,10.832277300455285
2014-07-19,33.71801765520675
2014-07-20,11.897178649378558
2014-07-21,12.350466250707136
2014-07-22,25.58513304734046
2014-07-23,12.754120421548185
2014-07-24,24.61342463944379
2014-07-25,26.528318740734115
2014-07-26,12.102299097373182
2014-07-27,11.549744636584625
2014-07-28,11.201028498874804
2014-07-29,11.056150687062134
2014-07-30,11.115111200423645
2014-07-31,11.377910038966409
2014-08-01,11.844547204912033
2014-08-02,30.162694620398025
2014-08-03,13.408185308252309
2014-08-04,14.195031156078066
2014-08-05,14.881843167143943
2014-08-06,15.468621343277151
2014-08-07,15.955365684052818
2014-08-08,16.34207618823717
2014-08-09,16.628752857572895
2014-08-10,16.81539569329762
2014-08-11,16.86111254024096
2014-08-12,16.765903398539404
2014-08-13,16.529768267602062
2014-08-14,16.152707149731455
2014-08-15,15.634720041846165
2014-08-16,14.97580694683727
2014-08-17,14.175967862951032
2014-08-18,13.382616458219623
2014-08-19,12.595752733011297
2014-08-20,11.815376686655524
2014-08-21,11.041488319735219
2014-08-22,10.274087632665854
2014-08-23,9.513174624239866
2014-08-24,8.758749294143698
2014-08-25,21.366931562905872
2014-08-26,7.788607533535873
2014-08-27,21.301972060043614
2014-08-28,7.536744304733956
2014-08-29,7.680167138695783
2014-08-30,8.003159606213043
2014-08-31,8.505721707935056
2014-09-01,9.017791994353312
2014-09-02,9.539146826498492
2014-09-03,10.069786208864247
2014-09-04,10.60971013575741
2014-09-05,11.15891861107951
2014-09-06,11.717411633218687
2014-09-07,12.285189203534628
2014-09-08,12.749989709991604
2014-09-09,13.111813154494047
2014-09-10,13.370659534933758
2014-09-11,13.526528854044455
2014-09-12,13.579421109385299
2014-09-13,13.52933630352003
2014-09-14,13.376274433329879
2014-09-15,24.43601972393437
2014-09-16,12.77590048698711
2014-09-17,12.32858841242011
2014-09-18,11.783192934904804
2014-09-19,11.139714055817524
2014-09-20,10.39815177252329
2014-09-21,9.558506087650912
2014-09-22,9.050773040955418
2014-09-23,22.24000492881743
2014-09-24,9.031044858921934
2014-09-25,9.519049725926331
2014-09-26,10.338967229017747
2014-09-27,11.490797370486474
2014-09-28,12.974540148662829
2014-09-29,13.946902523542045
2014-09-30,14.407884493393333
2014-10-01,14.357486062422392
2014-10-02,13.78509918418745
2014-10-03,12.690723862532545
2014-10-04,11.07436009576445
2014-10-05,8.936007884030298
2014-10-06,24.1083281665003
2014-10-07,6.35536562141478
2014-10-08,5.913075568380302
2014-10-09,22.2094129710565
2014-10-10,19.595571022402154
2014-10-11,7.978329730956338
2014-10-12,9.797455892464109
2014-10-13,23.663729170036856
2014-10-14,12.290213786536404
2014-10-15,12.963845520313058
2014-10-16,13.25564577931091
2014-10-17,13.1656145638704
2014-10-18,12.693751874197153
2014-10-19,11.840057707350155
2014-10-20,10.994936230114053
2014-10-21,10.158387438714744
2014-10-22,9.330411335377029
2014-10-23,8.511007919545092
2014-10-24,24.23747925434345
2014-10-25,6.897919148605654
2014-10-26,6.104233796293204
2014-10-27,5.698821375518927
2014-10-28,5.681681888419006
2014-10-29,6.052815335625871
2014-10-30,22.309441889089676
2014-10-31,7.959901031125989
2014-11-01,29.44142369204353
2014-11-02,25.699766538013535
2014-11-03,12.86913869124847
2014-11-04,13.775337339466173
2014-11-05,14.161239948836656
2014-11-06,14.026846518858683
2014-11-07,13.372157050470895
2014-11-08,12.197171544234447
2014-11-09,27.039192060153457
2014-11-10,9.123273475195269
2014-11-11,8.061321974843182
2014-11-12,7.3160354961917795
2014-11-13,18.484327122503085
2014-11-14,34.389631805384944
2014-11-15,6.980166195170734
2014-11-16,7.501539805342473
2014-11-17,7.926120763904287
2014-11-18,8.253909072893563
2014-11-19,8.48490473141866
2014-11-20,20.216020820894673
2014-11-21,20.43544550944668
2014-11-22,25.52446857573526
2014-11-23,32.93488938689321
2014-11-24,8.412240028535463
2014-11-25,25.932344978925116
2014-11-26,8.737160701944818
2014-11-27,23.105905684677452
2014-11-28,9.571897824453286
2014-11-29,27.731829460489873
2014-11-30,24.06948699886472
2014-12-01,11.490375142772901
2014-12-02,11.877126227432745
2014-12-03,12.076704651025194
2014-12-04,12.08911041194478
2014-12-05,11.914343512048703
2014-12-06,11.552403949783784
2014-12-07,11.003291725302532
2014-12-08,10.570133981553585
2014-12-09,10.252930716560616
2014-12-10,10.05168193126744
2014-12-11,22.44737031357802
2014-12-12,9.997047796308312
2014-12-13,10.14366244977169
2014-12-14,10.406231581706946
2014-12-15,10.610759533812638
2014-12-16,10.75724630748467
2014-12-17,10.845691900377028
2014-12-18,10.876096315580767
2014-12-19,10.848459550675077
2014-12-20,10.7627816067095
2014-12-21,10.619062482642743
2014-12-22,10.365538542753242
2014-12-23,10.002209786512886
2014-12-24,9.529076213483645
2014-12-25,8.946137823222665
2014-12-26,8.253394616813921
2014-12-27,7.450846593247203
2014-12-28,6.538493754565978
2014-12-29,5.873330837220421
2014-12-30,5.4553578430462
2014-12-31,5.2845747697029415
2015-01-01,5.360981619681382
2015-01-02,19.53061546201412
2015-01-03,6.318210749259196
2015-01-04,7.199033028092803
2015-01-05,7.862653832414448
2015-01-06,8.309073160790705
2015-01-07,8.538291013933758
2015-01-08,8.5503073912187
2015-01-09,8.34512229309014
2015-01-10,7.922735719950905
2015-01-11,7.283147671258452
2015-01-12,6.765254207611404
2015-01-13,6.369055328519722
2015-01-14,15.143263484393426
2015-01-15,5.941741327956924
2015-01-16,5.91062620369175
2015-01-17,6.001205666911137
2015-01-18,6.213479713006485
2015-01-19,6.486714517582373
2015-01-20,6.820910079770427
2015-01-21,7.216066398571524
2015-01-22,7.672183473820837
2015-01-23,24.726563369596118
2015-01-24,8.767299898333693
2015-01-25,9.406299246693951
2015-01-26,9.803820298345073
2015-01-27,9.959863053175424
2015-01-28,9.874427511704598
2015-01-29,9.547513673572388
2015-01-30,8.979121538182701
2015-01-31,8.169251104708664
2015-02-01,7.117902374923884
2015-02-02,6.3567673053913065
2015-02-03,5.885845894029039
2015-02-04,5.705138141619758
2015-02-05,14.291311458506044
2015-02-06,6.214363615614001
2015-02-07,6.904296841237567
2015-02-08,7.884443726963017
2015-02-09,8.64501556905361
2015-02-10,20.3148885979688
2015-02-11,9.50743412059741
2015-02-12,9.609280833780087
2015-02-13,9.491552501964144
2015-02-14,9.154249126527239
2015-02-15,8.597370707235067
2015-02-16,8.25097102217837
2015-02-17,8.115050069989122
2015-02-18,16.978299828545317
2015-02-19,8.474644364347007
2015-02-20,8.970159610653731
2015-02-21,9.67615358919274
2015-02-22,10.592626302759436
2015-02-23,28.67783517921154
2015-02-24,11.199628358873436
2015-02-25,10.89015770521625
2015-02-26,10.172039259399952
2015-02-27,9.045273027018904
2015-02-28,7.509859004486865
2015-03-01,21.14302366266577
2015-03-02,11.881149117051363
2015-03-03,12.414809254163092
2015-03-04,14.967391785128203
2015-03-05,5.497791184388354
2015-03-06,7.407849993010487
2015-03-07,41.29118964827509
2015-03-08,30.38976661400826
2015-03-09,34.18033792016997
2015-03-10,35.18952780320852
2015-03-11,33.10531169471203
2015-03-12,37.600451179305246
2015-03-13,36.50598813748201
2015-03-14,40.11873328454728
2015-03-15,40.806085669429926
2015-03-16,34.557530433012325
2015-03-17,31.9438998716652
2015-03-18,30.37499004273182
2015-03-19,28.040658426378588
2015-03-20,37.81191841934858
2015-03-21,30.748491411687517
2015-03-22,22.841636475052503
2015-03-23,21.992288451977128
2015-03-24,17.74762433918807
2015-03-25,19.546387298743863
2015-03-26,23.670284568089016
2015-03-27,7.70555140430853
2015-03-28,26.178480926275817
2015-03-29,26.460929465935244
2015-03-30,23.93925300272923
2015-03-31,10.76883389408573
2015-04-01,22.62648114759447
2015-04-02,22.389924412227664
2015-04-03,26.1844333029672
2015-04-04,28.669587347265487
2015-04-05,25.997083547190325
2015-04-06,28.41600615548804
2015-04-07,34.730260994912804
2015-04-08,35.05907010477571
2015-04-09,30.026482619957342
2015-04-10,36.48182517038535
2015-04-11,42.67217239189885
2015-04-12,39.34079545413388
2015-04-13,40.24540206626443
2015-04-14,38.24543001596584
2015-04-15,40.30942797242695
2015-04-16,28.912016077077418
2015-04-17,33.41350600839648
2015-04-18,36.412527673909445
2015-04-19,29.736437600135673
2015-04-20,37.961453956979994
2015-04-21,33.239384119097366
2015-04-22,33.27762227622092
2015-04-23,37.60813157805699
2015-04-24,40.302445249608006
2015-04-25,42.84267998121571
2015-04-26,31.343742533748987
2015-04-27,33.3884296714631
2015-04-28,34.46759902162055
2015-04-29,31.66502097308022
2015-04-30,41.55400042333964
2015-05-01,30.22586757736665
2015-05-02,26.44642257623033
2015-05-03,23.59914447131502
2015-05-04,27.58626834567209
2015-05-05,24.88672961801879
2015-05-06,26.837420900229507
2015-05-07,34.27040770110299
2015-05-08,29.92033063812392
2015-05-09,40.309277923773045
2015-05-10,36.522972994538605
2015-05-11,32.94632808994715
2015-05-12,16.890344145682377
2015-05-13,37.654902779469374
2015-05-14,41.09174063436119
2015-05-15,32.169248897074155
2015-05-16,44.88610444870978
2015-05-17,26.39414629598141
2015-05-18,25.049352354011674
2015-05-19,13.341556611896785
2015-05-20,12.904462400512578
2015-05-21,26.988325624204258
2015-05-22,12.45574986840021
2015-05-23,12.444131548634337
2015-05-24,31.139800277413265
2015-05-25,12.798631649759475
2015-05-26,26.24804478799038
2015-05-27,25.28240169594736
2015-05-28,14.036027887959484
2015-05-29,14.636665590043236
2015-05-30,30.668597011833864
2015-05-31,33.151540390704966
2015-06-01,27.299044979412695
2015-06-02,29.600858685871216
2015-06-03,31.16428134166553
2015-06-04,26.918913729726214
2015-06-05,16.78674971103161
2015-06-06,38.782782388703595
2015-06-07,15.524919094150333
2015-06-08,30.798801028915584
2015-06-09,25.449770656817645
2015-06-10,27.27401650814926
2015-06-11,12.011628483635555
2015-06-12,10.995073536422165
2015-06-13,27.34859765873844
2015-06-14,8.796084893133578
2015-06-15,21.29350818505731
2015-06-16,18.703234893371988
2015-06-17,8.675867388096801
2015-06-18,25.11607514664907
2015-06-19,11.313393080228174
2015-06-20,29.49072030038374
2015-06-21,16.125055331109333
2015-06-22,17.982745005883316
2015-06-23,29.68136553673704
2015-06-24,19.238398787065638
2015-06-25,18.636362895090997
2015-06-26,17.21441848065411
2015-06-27,14.972565544203494
2015-06-28,11.910804085159981
2015-06-29,23.253308585501788
2015-06-30,23.22204941243878
2015-07-01,7.064652388271885
2015-07-02,23.01667806396175
2015-07-03,20.216121822754584
2015-07-04,26.641186526059002
2015-07-05,10.725386790878417
2015-07-06,23.178319310049243
2015-07-07,13.087975530444252
2015-07-08,13.45095343788975
2015-07-09,25.72336767895209
2015-07-10,12.540276327602633
2015-07-11,33.62838196005591
2015-07-12,9.44742198277285
2015-07-13,22.432461394892016
2015-07-14,19.93135463591053
2015-07-15,21.73565998962865
2015-07-16,9.081900118097213
2015-07-17,29.25779821498095
2015-07-18,13.045904449876799
2015-07-19,16.064597931821453
2015-07-20,18.250111549387103
2015-07-21,19.602445302207872
2015-07-22,20.121599192191447
2015-07-23,32.60058047278369
2015-07-24,18.66036737496201
2015-07-25,16.679981672146326
2015-07-26,13.866416102137094
2015-07-27,11.648594414439419
2015-07-28,25.93976953570471
2015-07-29,25.129452616769797
2015-07-30,22.16866335694246
2015-07-31,8.734746470531654
2015-08-01,9.495644186939902
2015-08-02,10.855826927795533
2015-08-03,28.692989163975234
2015-08-04,29.15246535187795
2015-08-05,12.390267777118506
2015-08-06,12.053045603257713
2015-08-07,11.291472201203558
2015-08-08,10.105547571152615
2015-08-09,8.49527171020511
2015-08-10,26.4031344153058
2015-08-11,6.260603032686113
2015-08-12,5.636210215375515
2015-08-13,5.340445076967169
2015-08-14,18.790364009310405
2015-08-15,29.448664949984007
2015-08-16,6.424915744895327
2015-08-17,7.064419666494581
2015-08-18,7.653309608560535
2015-08-19,20.464551880455257
2015-08-20,27.63474001103092
2015-08-21,22.897380606210497
2015-08-22,9.502729574099517
2015-08-23,9.838549615117689
2015-08-24,10.06476696163128
2015-08-25,23.52043186486578
2015-08-26,10.188393576459486
2015-08-27,10.085802840274415
2015-08-28,22.426597771132183
2015-08-29,9.551813290882142
2015-08-30,9.120414475582985
2015-08-31,23.61563859220391
2015-09-01,8.886009381372277
2015-09-02,9.078197206608149
2015-09-03,9.475043315217025
2015-09-04,10.07654770709107
2015-09-05,10.88271038117956
2015-09-06,11.893531338263172
2015-09-07,12.607649319384159
2015-09-08,13.025064327718582
2015-09-09,13.145776359018413
2015-09-10,12.969785413996366
2015-09-11,12.497091495248862
2015-09-12,11.727694600318419
2015-09-13,10.661594730529686
2015-09-14,23.792379515659043
2015-09-15,8.996732382823636
2015-09-16,8.397969905597673
2015-09-17,7.954986557772169
2015-09-18,7.667782343551261
2015-09-19,7.5363572560604055
2015-09-20,7.560711302154085
2015-09-21,21.800490120369886
2015-09-22,7.820352572722195
2015-09-23,8.055639798230883
2015-09-24,8.361238084655323
2015-09-25,8.737147432038492
2015-09-26,9.183367840148446
2015-09-27,9.699899307506264
2015-09-28,9.945041522744443
2015-09-29,9.918794482086248
2015-09-30,9.6211581878944
2015-10-01,9.052132639991783
2015-10-02,8.21318776485976
2015-10-03,7.104323563490164
2015-10-04,5.7255400381760975
2015-10-05,28.5112621834525
2015-10-06,17.398918451679844
2015-10-07,3.6689717050438424
2015-10-08,3.6767096773117673
2015-10-09,4.031078024776646
2015-10-10,25.403704325146602
2015-10-11,5.779705843121723
2015-10-12,6.673344224393052
2015-10-13,7.412991889980891
2015-10-14,23.911901767352116
2015-10-15,22.211400125039468
2015-10-16,8.707990590458643
2015-10-17,8.831675393628188
2015-10-18,8.801369481030806
2015-10-19,8.8263563979168609
2015-10-20,8.906636146046736
2015-10-21,9.04220872740743
2015-10-22,9.233074140287574
2015-10-23,9.47923238331387
2015-10-24,9.780683456442553
2015-10-25,10.137427360460137
2015-10-26,10.569816008686967
2015-10-27,11.077849395074734
2015-10-28,11.66152752248331
2015-10-29,25.065853866500202
2015-10-30,13.055818000033122
2015-10-31,13.866430350941142
2015-11-01,14.752687443214652
2015-11-02,15.329159656079407
2015-11-03,15.595846991679174
2015-11-04,15.552749448783631
2015-11-05,15.199867028942581
2015-11-06,14.537199729119273
2015-11-07,13.564747551352296
2015-11-08,12.282510495779126
2015-11-09,11.372451198756025
2015-11-10,10.83456966314709
2015-11-11,10.668865886726687
2015-11-12,10.875339867901708
2015-11-13,11.453991609666824
2015-11-14,12.404821112552268
2015-11-15,13.727828374814575
2015-11-16,30.511091087641184
2015-11-17,15.326875037635283
2015-11-18,15.602914438252517
2015-11-19,15.529964553645748
2015-11-20,15.108025381396441
2015-11-21,14.33709692375436
2015-11-22,38.17914455597272
2015-11-23,12.253188360941357
2015-11-24,11.445124469325403
2015-11-25,10.79298750513524
2015-11-26,10.296777467207306
2015-11-27,23.133531849044545
2015-11-28,9.772138172126121
2015-11-29,9.74370891445977
2015-11-30,9.776035538060718
2015-12-01,9.869118040151026
2015-12-02,10.020432799888114
2015-12-03,10.22997981568815
2015-12-04,10.497759086500615
2015-12-05,10.82377061389329
2015-12-06,11.208014395783415
2015-12-07,11.361364921866826
2015-12-08,11.283822189725834
2015-12-09,10.975386199464634
2015-12-10,10.43605695143094
2015-12-11,9.665834446089331
2015-12-12,8.664718683154863
2015-12-13,24.186028732709207
2015-12-14,18.38311115593499
2015-12-15,6.101134783285767
2015-12-16,6.00156892443784
2015-12-17,6.2794841194974405
2015-12-18,6.934880368630113
2015-12-19,26.94925217654743
2015-12-20,9.378116025691147
2015-12-21,25.024157619295483
2015-12-22,11.300449181391723
2015-12-23,11.812423978364723
2015-12-24,12.024937590812877
2015-12-25,11.937990016334131
2015-12-26,11.55158125650872
2015-12-27,10.865711310450601
2015-12-28,10.250620891354997
2015-12-29,9.706310001006251
2015-12-30,9.232778635581015
2015-12-31,8.830026797520484
2016-01-01,8.498054488615022
2016-01-02,8.238145471452881
2016-01-03,8.050299747071078
2016-01-04,7.878639569399288
2016-01-05,7.723164939637286
2016-01-06,7.583875857511118
2016-01-07,7.4607723223406
2016-01-08,7.353854335324188
2016-01-09,7.263121895274961
2016-01-10,7.188575002883267
2016-01-11,7.139116267611032
2016-01-12,7.114745693303251
2016-01-13,7.115463276854834
2016-01-14,7.141269019571509
2016-01-15,7.192162920878637
2016-01-16,7.268144981190707
2016-01-17,7.369215200581091
2016-01-18,7.530838130137202
2016-01-19,7.7530137685997405
2016-01-20,8.035742115762538
2016-01-21,8.379023173554149
2016-01-22,8.782856940904704
2016-01-23,9.247243417253914
2016-01-24,9.772182603803605
2016-01-25,10.134120116578266
2016-01-26,10.333055957913846
2016-01-27,10.36899012701462
2016-01-28,10.241922621827053
2016-01-29,9.951853445834727
2016-01-30,9.498782596285912
2016-01-31,8.882710073660691
2016-02-01,8.442598218072286
2016-02-02,8.172426332677613
2016-02-03,8.072194420782113
2016-02-04,8.141902479731826
2016-02-05,8.38155051242314
2016-02-06,8.791138518604173
2016-02-07,9.37066649598435
2016-02-08,18.34330374652298
2016-02-09,10.291048988748983
2016-02-10,10.631903504817416
2016-02-11,10.89320020206338
2016-02-12,11.074939078060204
2016-02-13,11.177120133502127
2016-02-14,22.536635975568952
2016-02-15,11.207132884905977
2016-02-16,11.199288683491204
2016-02-17,11.176210764900272
2016-02-18,11.137899127077052
2016-02-19,11.084353772550198
2016-02-20,11.015574698830573
2016-02-21,10.931561908158713
2016-02-22,10.791640689336218
2016-02-23,10.59581104092317
2016-02-24,10.34407296466599
2016-02-25,10.036426460835226
2016-02-26,9.672871528944249
2016-02-27,9.253408168069022
2016-02-28,8.778036378393438
2016-02-29,17.567485420953737
2016-03-01,8.241599519231158
2016-03-02,8.192592277572825
2016-03-03,8.293745102563435
2016-03-04,8.545057997012698
2016-03-05,18.437278212856242
2016-03-06,17.40278635964218
2016-03-07,10.026420090454476
2016-03-08,10.531299261773938
2016-03-09,11.012801504418908
2016-03-10,11.47092681677163
2016-03-11,23.858616311942733
2016-03-12,26.28014603529391
2016-03-13,12.705041177734673
2016-03-14,20.775870210598967
2016-03-15,20.51227263505225
2016-03-16,14.098420419916433
2016-03-17,27.848385404083377
2016-03-18,23.253135579774312
2016-03-19,28.030853337336445
2016-03-20,27.958418820917487
2016-03-21,27.078386014431114
2016-03-22,26.612851139675477
2016-03-23,28.147939081174496
2016-03-24,28.963435663276236
2016-03-25,36.5599314440634
2016-03-26,44.45491602173708
2016-03-27,35.70305521005799
2016-03-28,39.18770105774763
2016-03-29,39.531642842850395
2016-03-30,37.670954263410735
2016-03-31,38.181995641408456
2016-04-01,44.54904131072208
2016-04-02,48.64823932434217
2016-04-03,42.6269714049759
2016-04-04,35.197717579202845
2016-04-05,30.416797221081435
2016-04-06,27.86817757458329
2016-04-07,31.296153447020863
2016-04-08,27.307670333371448
2016-04-09,38.17648196015555
2016-04-10,40.49674546951681
2016-04-11,40.14287938389879
2016-04-12,41.033192212974626
2016-04-13,39.745414502059425
2016-04-14,36.161536959447986
2016-04-15,37.068093924233196
2016-04-16,46.98944162077125
2016-04-17,30.796814189561086
2016-04-18,33.28960234375338
2016-04-19,25.813549992771577
2016-04-20,27.40215573954196
2016-04-21,24.76837342778153
2016-04-22,28.88506700501126
2016-04-23,29.137400712696426
2016-04-24,23.6272251000665
2016-04-25,25.972644816145635
2016-04-26,23.9086941770803
2016-04-27,26.556091299964336
2016-04-28,19.849728773505934
2016-04-29,28.24753228894647
2016-04-30,43.012813965648874
2016-05-01,38.87158385775481
2016-05-02,36.952406618497704
2016-05-03,41.311601624469425
2016-05-04,39.78021075283247
2016-05-05,46.08731496158798
2016-05-06,48.68800526339322
2016-05-07,58.191116942505595
2016-05-08,35.305556421469205
2016-05-09,37.0145869603895
2016-05-10,27.53139088788122
2016-05-11,32.565992478934085
2016-05-12,24.508217849496166
2016-05-13,23.23163174509793
2016-05-14,31.726469598100156
2016-05-15,29.503118162626443
2016-05-16,33.56793764375384
2016-05-17,27.045599364298774
2016-05-18,26.343395151583074
2016-05-19,25.792878700698534
2016-05-20,29.294357100973972
2016-05-21,29.85327963546249
2016-05-22,26.6375807968018
2016-05-23,21.46852943639757
2016-05-24,23.642857530823836
2016-05-25,25.767983026092395
2016-05-26,25.787744029469714
2016-05-27,29.74861661329217
2016-05-28,26.735741393909542
2016-05-29,17.815202309472944
2016-05-30,31.26009727381954
2016-05-31,27.83333695818569
2016-06-01,18.845811926355886
2016-06-02,25.144297489245602
2016-06-03,23.95100023890145
2016-06-04,32.089244760760195
2016-06-05,12.922146452154076
2016-06-06,21.011615691026744
2016-06-07,16.306499059272323
2016-06-08,8.659572310604016
2016-06-09,18.14041562145266
2016-06-10,18.466959676274087
2016-06-11,18.10587109873767
2016-06-12,17.133155869759232
2016-06-13,19.06663415859129
2016-06-14,10.099218868079486
2016-06-15,18.157108762328193
2016-06-16,11.075771370858018
2016-06-17,19.043583572819948
2016-06-18,24.09313070467696
2016-06-19,12.105301101785647
2016-06-20,21.82284278096709
2016-06-21,12.42254153255891
2016-06-22,12.454645257088561
2016-06-23,20.73106040979781
2016-06-24,12.265819723671656
2016-06-25,12.044890465546587
2016-06-26,11.739616880257895
2016-06-27,11.51612408268018
2016-06-28,19.331038538609732
2016-06-29,11.31448085500564
2016-06-30,19.396965076700976
2016-07-01,11.439960781542524
2016-07-02,25.14604525466524
2016-07-03,11.891390102722529
2016-07-04,21.674013486705306
2016-07-05,12.032572216901336
2016-07-06,11.907344900768683
2016-07-07,11.651572002761924
2016-07-08,20.52998298082126
2016-07-09,24.237451521804122
2016-07-10,10.100979818982813
2016-07-11,20.544457355246962
2016-07-12,17.766907873219065
2016-07-13,9.802963979411281
2016-07-14,10.251696396279057
2016-07-15,10.97446432729772
2016-07-16,25.024295502087718
2016-07-17,13.242106735302993
2016-07-18,14.173233956541607
2016-07-19,14.76464944042272
2016-07-20,26.58726421619904
2016-07-21,14.928345186701838
2016-07-22,14.500625448782635
2016-07-23,27.654290050383704
2016-07-24,25.611073132763714
2016-07-25,23.86405935081679
2016-07-26,21.055141771038898
2016-07-27,26.53505662462241
2016-07-28,10.739476166768792
2016-07-29,10.903332087171046
2016-07-30,28.76876154849893
2016-07-31,11.993643403688742
2016-08-01,12.593639923729304
2016-08-02,23.968942172190932
2016-08-03,26.331992175944748
2016-08-04,13.988341583200159
2016-08-05,14.318146168138632
2016-08-06,31.81375963628527
2016-08-07,14.775111388551979
2016-08-08,14.736948978515422
2016-08-09,30.041141853870034
2016-08-10,29.225212821237566
2016-08-11,26.51228173451781
2016-08-12,30.014987344078854
2016-08-13,11.053071509181503
2016-08-14,9.617682930357157
2016-08-15,21.851115040353367
2016-08-16,7.502198669328262
2016-08-17,17.2489239397011
2016-08-18,17.02860893177558
2016-08-19,18.152144205764234
2016-08-20,18.591370079357258
2016-08-21,6.6193632278211805
2016-08-22,24.34206299044171
2016-08-23,7.184385050820304
2016-08-24,7.422445368410621
2016-08-25,7.630871956067319
2016-08-26,19.510586084024897
2016-08-27,7.958823939290143
2016-08-28,8.078349336021153
2016-08-29,20.833124228600415
2016-08-30,8.546182126757394
2016-08-31,8.894489521262788
2016-09-01,9.319057580425739
2016-09-02,20.478701565650752
2016-09-03,24.197990435536486
2016-09-04,11.03818103238631
2016-09-05,11.503512616969763
2016-09-06,11.786898091066718
2016-09-07,11.888337455100345
2016-09-08,24.552834186785926
2016-09-09,22.922273613132216
2016-09-10,11.100978887994
2016-09-11,10.47463381009802
2016-09-12,26.715773609391814
2016-09-13,23.1615116341323
2016-09-14,9.640621754270356
2016-09-15,9.710958793192038
2016-09-16,9.955466361376539
2016-09-17,10.374144458941284
2016-09-18,10.96699308562109
2016-09-19,11.267961129300314
2016-09-20,11.277048593267455
2016-09-21,22.17913611521257
2016-09-22,25.132740214062636
2016-09-23,9.553027493422459
2016-09-24,8.39459263020156
2016-09-25,21.973460507205196
2016-09-26,16.352944347629116
2016-09-27,5.184118967792336
2016-09-28,4.87427619306648
2016-09-29,4.944590977543715
2016-09-30,5.395063316848904
2016-10-01,6.22569321387943
2016-10-02,7.434182384274965
2016-10-03,19.62909108985837
2016-10-04,9.735815205015447
2016-10-05,10.828958853619254
2016-10-06,11.883653995860948
2016-10-07,12.89990063097307
2016-10-08,13.877698758711196
2016-10-09,14.817048378692629
2016-10-10,27.735897723264713
2016-10-11,29.076391961160905
2016-10-12,14.626199439956896
2016-10-13,13.559617191766199
2016-10-14,11.991551977067054
2016-10-15,9.922003796161832
2016-10-16,7.350972647244294
2016-10-17,5.5492421978287805
2016-10-18,16.73777466746949
2016-10-19,4.253683405632058
2016-10-20,15.464697904836406
2016-10-21,18.44430443514964
2016-10-22,23.273296706341473
2016-10-23,10.894174229009714
2016-10-24,13.036232435958771
2016-10-25,14.506275091132343
2016-10-26,15.304302198506095
2016-10-27,15.43031375189193
2016-10-28,14.88430975636373
2016-10-29,29.189512430524438
2016-10-30,11.776255114770366
2016-10-31,10.109268839719322
2016-11-01,23.82452494176029
2016-11-02,7.449085200126489
2016-11-03,6.460530289861229
2016-11-04,17.052560519650278
2016-11-05,20.143673511794965
2016-11-06,20.43823966041742
2016-11-07,17.58527735110859
2016-11-08,5.032270669786049
2016-11-09,5.5090092460513
2016-11-10,17.40136598953457
2016-11-11,7.244706068557293
2016-11-12,25.795025748223118
2016-11-13,10.023362452093245
2016-11-14,20.64542755122789
2016-11-15,22.92248589037664
2016-11-16,12.564199675258095
2016-11-17,12.738393020235307
2016-11-18,12.576210166829217
2016-11-19,12.077651114841446
2016-11-20,38.29284565337448
2016-11-21,21.637387042573195
2016-11-22,10.139056744362573
2016-11-23,9.870332874958427
2016-11-24,19.645122045268252
2016-11-25,9.899096513585574
2016-11-26,23.613640414022672
2016-11-27,23.761838434274733
2016-11-28,19.756473946866308
2016-11-29,11.051503958208464
2016-11-30,10.933974622333755
2016-12-01,10.615193961981106
2016-12-02,10.089337195939995
2016-12-03,9.356404319611688
2016-12-04,8.416395338988151
2016-12-05,7.716629837567743
2016-12-06,17.841941212630275
2016-12-07,15.91852849828149
2016-12-08,7.05879421824158
2016-12-09,7.320002638037348
2016-12-10,7.821454541477928
2016-12-11,8.563149922536079
2016-12-12,9.245873323291908
2016-12-13,9.869624742111363
2016-12-14,10.434404179496125
2016-12-15,10.940211634874089
2016-12-16,11.387047107112325
2016-12-17,11.774910597464613
2016-12-18,12.103802107320202
2016-12-19,20.567517918074348
2016-12-20,12.036079425563283
2016-12-21,11.63946523243613
2016-12-22,11.001015806663622
2016-12-23,10.1207311462884
2016-12-24,8.99861125317265
2016-12-25,7.634656125067136
2016-12-26,6.550819472882923
2016-12-27,5.747101294817302
2016-12-28,17.184443337848283
2016-12-29,4.980020369024776
2016-12-30,5.016657618801105
2016-12-31,5.333413343780195
2017-01-01,5.930287544492097
2017-01-02,6.383379379733707
2017-01-03,6.6926888516186285
2017-01-04,6.858215956721862
2017-01-05,25.025389375987583
2017-01-06,6.757923073466146
2017-01-07,6.492103084505325
2017-01-08,6.082500732611644
2017-01-09,15.647313318225496
2017-01-10,5.544206959756914
2017-01-11,5.415515541728418
2017-01-12,5.3804611008273495
2017-01-13,5.43904363855844
2017-01-14,5.591263155043184
2017-01-15,5.837119649687805
2017-01-16,6.051845676563821
2017-01-17,6.235441237394482
2017-01-18,6.387906329481761
2017-01-19,6.509240955003871
2017-01-20,6.599445112710757
2017-01-21,6.658518805009336
2017-01-22,6.686462028242714
2017-01-23,6.738909197243519
2017-01-24,6.815860311848883
2017-01-25,6.917315369913553
2017-01-26,7.0432743747535635
2017-01-27,7.193737324589874
2017-01-28,7.368704218183463
2017-01-29,7.568175057263474
2017-01-30,7.71488564655569
2017-01-31,7.808835987075332
2017-02-01,14.792572697463589
2017-02-02,16.898449538403955
2017-02-03,7.735963357171154
2017-02-04,7.580710548880642
2017-02-05,22.02513143623628
2017-02-06,7.234853775666881
2017-02-07,7.205341544947954
2017-02-08,7.271440086851001
2017-02-09,7.433149400764617
2017-02-10,7.690469486755459
2017-02-11,8.04340034449929
2017-02-12,8.491941972748878
2017-02-13,17.606935663954793
2017-02-14,18.77307321325955
2017-02-15,9.728176506036386
2017-02-16,10.103791231313098
2017-02-17,18.405799751762984
2017-02-18,10.800325506728214
2017-02-19,19.83393104642364
2017-02-20,11.340294156576032
2017-02-21,11.457472809732453
2017-02-22,11.472781014991835
2017-02-23,11.386218772949743
2017-02-24,21.234576329230435
2017-02-25,20.294222010151103
2017-02-26,10.515309362143475
2017-02-27,17.7514194737329
2017-02-28,19.770801934125846
2017-03-01,10.02094083231157
2017-03-02,10.105642303149898
2017-03-03,20.362932960013268
2017-03-04,24.891560822859077
2017-03-05,11.174540366442201
2017-03-06,21.812756728704457
2017-03-07,19.091240426722955
2017-03-08,12.994777609738378
2017-03-09,20.112674437537073
2017-03-10,21.541442544423788
2017-03-11,28.149937688257797
2017-03-12,29.693353247525977
2017-03-13,30.684373877275185
2017-03-14,30.680964776655117
2017-03-15,27.05691916891694
2017-03-16,23.89455847791536
2017-03-17,30.19059105562439
2017-03-18,37.260333116243345
2017-03-19,22.7000207011859
2017-03-20,23.76220813145905
2017-03-21,21.091371450421036
2017-03-22,22.28410877796937
2017-03-23,19.985841050542252
2017-03-24,21.84117016640677
2017-03-25,35.57270416159754
2017-03-26,34.164315927623484
2017-03-27,32.08353097667389
2017-03-28,27.718222381815497
2017-03-29,30.11710259014326
2017-03-30,32.18161269826258
2017-03-31,30.32347018263848
2017-04-01,46.48840293970134
2017-04-02,44.896438376012206
2017-04-03,45.770518942789174
2017-04-04,36.65166368528038
2017-04-05,37.81946931287219
2017-04-06,40.7292630629151
2017-04-07,42.04478225821653
2017-04-08,60.15147446952571
2017-04-09,48.55767918414239
2017-04-10,41.8890895774228
2017-04-11,35.777361707462056
2017-04-12,40.207281729204055
2017-04-13,47.69026002409983
2017-04-14,39.19279799310654
2017-04-15,50.597720869018694
2017-04-16,38.53361380589546
2017-04-17,33.39545237595335
2017-04-18,27.886662086719554
2017-04-19,26.639607663640767
2017-04-20,27.01408123354414
2017-04-21,26.821910510071305
2017-04-22,33.71769817435573
2017-04-23,33.60233413846445
2017-04-24,34.0769658327223
2017-04-25,30.981265694024906
2017-04-26,29.72365955368315
2017-04-27,27.105895597511623
2017-04-28,29.576481550247035
2017-04-29,44.546000881681834
2017-04-30,44.3482752971259
2017-05-01,32.388045660293216
2017-05-02,28.030219758403042
2017-05-03,31.558819952896688
2017-05-04,19.81202259999357
2017-05-05,28.068605370485717
2017-05-06,34.852877378928994
2017-05-07,26.72178018520338
2017-05-08,16.760086746634183
2017-05-09,22.10314620920625
2017-05-10,27.331744545051677
2017-05-11,29.66366269462319
2017-05-12,28.838880188203714
2017-05-13,33.698093093452634
2017-05-14,30.278202029464666
2017-05-15,35.20896456249026
2017-05-16,34.03324241384372
2017-05-17,30.989369287414128
2017-05-18,28.367525498785213
2017-05-19,36.91455720060056
2017-05-20,31.918518701762277
2017-05-21,28.370590330534068
2017-05-22,33.69758045603063
2017-05-23,30.868148115815917
2017-05-24,35.82154828776599
2017-05-25,30.38234992823046
2017-05-26,35.74222156614551
2017-05-27,35.44186727545562
2017-05-28,24.02085713083314
2017-05-29,22.48780228819955
2017-05-30,22.808070141070964
2017-05-31,23.395535803756037
2017-06-01,21.571988409375248
2017-06-02,22.756573905638714
2017-06-03,26.701272765677718
2017-06-04,22.527228443136803
2017-06-05,24.42384008231533
2017-06-06,22.89836026953511
2017-06-07,13.474436563351015
2017-06-08,13.677448819319219
2017-06-09,24.209452315011312
2017-06-10,35.11166294758538
2017-06-11,14.011531865691737
2017-06-12,25.253449247688675
2017-06-13,23.879875363901718
2017-06-14,21.61773353372726
2017-06-15,20.54718753895651
2017-06-16,21.89033360148476
2017-06-17,30.415547156746605
2017-06-18,24.465122988514175
2017-06-19,22.197183849138884
2017-06-20,10.218675236300605
2017-06-21,18.43595182508475
2017-06-22,9.23805231897169
2017-06-23,18.299785568762235
2017-06-24,24.871517858276427
2017-06-25,17.668360670130568
2017-06-26,17.997972567936035
2017-06-27,15.953573541911144
2017-06-28,19.231769584538753
2017-06-29,17.275729505800534
2017-06-30,17.938071578765097
2017-07-01,23.6109841524021
2017-07-02,10.346781040781151
2017-07-03,10.882312506211475
2017-07-04,11.202475069818014
2017-07-05,20.90202417303598
2017-07-06,21.701520585773025
2017-07-07,10.870749347355304
2017-07-08,25.332617577278533
2017-07-09,9.572754357548469
2017-07-10,21.781277979974718
2017-07-11,17.88471832703716
2017-07-12,8.647922966340692
2017-07-13,19.68290845730165
2017-07-14,9.1523807457193591
2017-07-15,30.672561298095417
2017-07-16,10.553648156047904
2017-07-17,20.363523215674235
2017-07-18,23.61731384261707
2017-07-19,26.13347815540773
2017-07-20,12.088770308096404
2017-07-21,12.043596476476006
2017-07-22,32.44646437961278
2017-07-23,11.438503566176552
2017-07-24,20.528325000208525
2017-07-25,20.634851636075524
2017-07-26,22.834955611736973
2017-07-27,10.799351242034321
2017-07-28,10.868112408388694
2017-07-29,24.39334557051722
2017-07-30,11.279893840985887
2017-07-31,11.460560172384056
2017-08-01,11.570292271536099
2017-08-02,11.612674668280054
2017-08-03,23.054610210391015
2017-08-04,11.495390358474996
2017-08-05,35.59563375092327
2017-08-06,11.10870723862375
2017-08-07,23.371045716468583
2017-08-08,20.950599687195734
2017-08-09,11.101940339880839
2017-08-10,21.569252107175824
2017-08-11,11.659331017225302
2017-08-12,12.106596937893809
2017-08-13,12.666243249117356
2017-08-14,24.38028796935159
2017-08-15,13.16004713141442
2017-08-16,13.094204704036883
2017-08-17,12.819866031294325
2017-08-18,12.337031112601986
2017-08-19,11.645699948455222
2017-08-20,10.745872537612414
2017-08-21,10.10862231220368
2017-08-22,9.733949270786146
2017-08-23,9.621853417319235
2017-08-24,9.772334747234648
2017-08-25,10.185393263733285
2017-08-26,24.226081260216574
2017-08-27,11.799241850258387
2017-08-28,21.87577002520261
2017-08-29,12.852390155819817
2017-08-30,12.967325573093595
2017-08-31,12.807835168289424
2017-09-01,12.373918941223115
2017-09-02,11.66356764397588
2017-09-03,10.676781275056427
2017-09-04,9.90874834283766
2017-09-05,9.359468846781365
2017-09-06,9.02894278735733
2017-09-07,8.917170164429724
2017-09-08,9.024150977350594
2017-09-09,23.442994845039777
2017-09-10,9.894372910538678
2017-09-11,10.28447712396395
2017-09-12,10.520197864463235
2017-09-13,10.601535133851602
2017-09-14,25.479666110354028
2017-09-15,10.301059257504214
2017-09-16,9.919246111936506
2017-09-17,9.383049493242742
2017-09-18,9.089351135606575
2017-09-19,9.038151037819937
2017-09-20,9.229449198180198
2017-09-21,9.663245619381183
2017-09-22,10.339540300587515
2017-09-23,11.25833324066435
2017-09-24,12.419624442038318
2017-09-25,13.192222218551258
2017-09-26,25.74508469037343
2017-09-27,13.571337494851818
2017-09-28,13.17785499618192
2017-09-29,12.395679072939146
2017-09-30,11.224809725700107
2017-10-01,9.665246951503194
2017-10-02,8.483600732110908
2017-10-03,7.679871067412967
2017-10-04,7.25405795754212
2017-10-05,19.4011215693507
2017-10-06,7.536181397351512
2017-10-07,8.24411794935821
2017-10-08,9.329971056045693
2017-10-09,10.145420945519552
2017-10-10,22.57340322101267
2017-10-11,10.965111075011118
2017-10-12,10.969351316307414
2017-10-13,10.703188339474808
2017-10-14,10.166622146391033
2017-10-15,9.359652737216829
2017-10-16,8.676741723554954
2017-10-17,21.246922818594495
2017-10-18,7.683094883492645
2017-10-19,7.372359058024719
2017-10-20,21.48680762613106
2017-10-21,26.8066123760089
2017-10-22,7.184501955174836
2017-10-23,7.1719392007773095
2017-10-24,19.67036520822344
2017-10-25,18.31370404484339
2017-10-26,6.690238236418169
2017-10-27,6.381667015440018
2017-10-28,28.152837949578494
2017-10-29,24.107979972172085
2017-10-30,5.3230200931708715
2017-10-31,17.485555522418885
2017-11-01,5.595255814320411
2017-11-02,16.724145012442232
2017-11-03,18.037637891477583
2017-11-04,26.685084698968414
2017-11-05,9.027836903135137
2017-11-06,9.849395511474484
2017-11-07,10.272274206545196
2017-11-08,26.10571772774658
2017-11-09,22.793005255190373
2017-11-10,9.148830813575135
2017-11-11,7.976989856619687
2017-11-12,18.965457816608186
2017-11-13,5.148225731584882
2017-11-14,16.971265459926112
2017-11-15,19.457823110861753
2017-11-16,3.247161667109394
2017-11-17,15.863022906305336
2017-11-18,22.50266663734775
2017-11-19,26.726373178492132
2017-11-20,4.6504873368290855
2017-11-21,16.74977057959357
2017-11-22,18.404709799508506
2017-11-23,5.40297333692525
2017-11-24,5.410739486687519
2017-11-25,24.69450163890457
2017-11-26,26.149338343254694
2017-11-27,15.828414927539864
2017-11-28,4.990617860045335
2017-11-29,5.154854081341137
2017-11-30,22.085577452008017
2017-12-01,5.882859110081146
2017-12-02,20.029414478610253
2017-12-03,29.108455023378802
2017-12-04,7.7309751854696565
2017-12-05,8.227095170310273
2017-12-06,8.625085039018137
2017-12-07,8.924944790250919
2017-12-08,9.126674423165847
2017-12-09,9.230273941185619
2017-12-10,9.235743339196858
2017-12-11,9.234751204211431
2017-12-12,9.227297538281928
2017-12-13,9.21338233505561
2017-12-14,9.193005600311317
2017-12-15,9.166167332805738
2017-12-16,9.132867530228426
2017-12-17,9.093106196321948
2017-12-18,9.01181315216835
2017-12-19,8.888988398479434
2017-12-20,8.724631935594402
2017-12-21,8.518743764664446
2017-12-22,8.271323883216748
2017-12-23,7.982372292370046
2017-12-24,7.651888992555184
2017-12-25,7.419443704346348
2017-12-26,7.285036428248352
2017-12-27,7.248667162927398
2017-12-28,7.3103359086995985
2017-12-29,7.47004266756586
2017-12-30,7.727787438520528
2017-12-31,8.083570217998068
2018-01-01,8.402927923129045
2018-01-02,8.68755296943421
2018-01-03,8.937445360166812
2018-01-04,9.152605091055076
2018-01-05,9.333032166796864
2018-01-06,9.47872658242872
2018-01-07,9.589688343263692
2018-01-08,9.583621523042039
2018-01-09,9.460526125887718
2018-01-10,9.220402146954648
2018-01-11,8.863249588677636
2018-01-12,8.389068451702764
2018-01-13,7.797858735268726
2018-01-14,7.089620438843439
2018-01-15,14.071644074816042
2018-01-16,5.990138124993056
2018-01-17,5.5988941088874284
2018-01-18,5.313314851983861
2018-01-19,14.390129182844351
2018-01-20,5.0591506180169175
2018-01-21,5.090565640274516
2018-01-22,13.206967971836608
2018-01-23,5.30445979360632
2018-01-24,5.486938923212664
2018-01-25,5.719772755387951
2018-01-26,14.453626652108202
2018-01-27,6.336504527821207
2018-01-28,6.7204024684647585
2018-01-29,7.088886215246202
2018-01-30,7.441955768793155
2018-01-31,15.244198851520093
2018-02-01,15.614443798777828
2018-02-02,8.405950498205467
2018-02-03,8.691905737123436
2018-02-04,8.959718013391345
2018-02-05,9.260760396562373
2018-02-06,9.595032887987129
2018-02-07,9.962535486924335
2018-02-08,10.363268192551429
2018-02-09,10.79723100715509
2018-02-10,21.275212127728757
2018-02-11,11.76484695853408
2018-02-12,12.031834702441074
2018-02-13,12.0653871629404
2018-02-14,11.86550433785108
2018-02-15,11.432186227760237
2018-02-16,17.821988428751766
2018-02-17,9.865244150631549
2018-02-18,16.714248695830808
2018-02-19,7.883191859918533
2018-02-20,7.319959175244241
2018-02-21,13.90646261069795
2018-02-22,15.421739950229997
2018-02-23,7.341434967519191
2018-02-24,16.29164406732905
2018-02-25,8.781730367629294
2018-02-26,9.512119807802508
2018-02-27,10.110153168217398
2018-02-28,16.360285887985807
2018-03-01,10.909151649816852
2018-03-02,11.127400214108919
2018-03-03,11.230576143294602
2018-03-04,17.355162591320052
2018-03-05,19.57361059368482
2018-03-06,11.255398097042889
2018-03-07,11.304013465762031
2018-03-08,17.145254023172505
2018-03-09,18.45630699992403
2018-03-10,21.555669882088385
2018-03-11,23.53111337717734
2018-03-12,11.866135257271432
2018-03-13,12.068743891344953
2018-03-14,19.100542583698658
2018-03-15,22.448703605594183
2018-03-16,18.512943492326027
2018-03-17,21.85240855350435
2018-03-18,13.631615781934988
2018-03-19,20.054091839952605
2018-03-20,20.812237809432794
2018-03-21,21.18446928999319
2018-03-22,15.216317453609282
2018-03-23,24.671495865441223
2018-03-24,25.810135368434096
2018-03-25,30.385161328761864
2018-03-26,23.825379906662953
2018-03-27,26.880424819028022
2018-03-28,26.39326014951341
2018-03-29,26.1041803911919
2018-03-30,31.94565263592701
2018-03-31,34.15290805379155
2018-04-01,25.009339081715684
2018-04-02,40.23900335136869
2018-04-03,38.628655945962855
2018-04-04,39.08178522844806
2018-04-05,38.712163948927525
2018-04-06,43.370252746297325
2018-04-07,48.86972201001819
2018-04-08,47.435959608098806
2018-04-09,41.512702817231855
2018-04-10,41.99480944823137
2018-04-11,39.937575238333665
2018-04-12,47.2759398845908
2018-04-13,48.37067203269769
2018-04-14,54.248639882167836
2018-04-15,49.05459507362264
2018-04-16,49.05887687565052
2018-04-17,45.40478795987633
2018-04-18,47.35705778062734
2018-04-19,48.0511458607357
2018-04-20,49.6712241714222
2018-04-21,67.19447193898324
2018-04-22,49.44886013711433
2018-04-23,45.05275170475953
2018-04-24,40.90111481721643
2018-04-25,41.36229341626341
2018-04-26,37.38757505139965
2018-04-27,48.01045832394972
2018-04-28,51.58123864618854
2018-04-29,47.523870663219306
2018-04-30,52.748580391587694
2018-05-01,51.06809332780694
2018-05-02,43.303685267074314
2018-05-03,42.94041795340063
2018-05-04,40.17551956746132
2018-05-05,45.487815157575135
2018-05-06,42.86004360791422
2018-05-07,45.057991053906484
2018-05-08,43.37097165778523
2018-05-09,41.62128637152437
2018-05-10,36.24665471837663
2018-05-11,46.592599864180414
2018-05-12,39.22048902192424
2018-05-13,29.157505356480996
2018-05-14,26.269937293444514
2018-05-15,23.077195848275316
2018-05-16,22.45350732286179
2018-05-17,21.404635966045863
2018-05-18,27.341165251264336
2018-05-19,27.808114533672786
2018-05-20,26.107743819469793
2018-05-21,32.650970439005306
2018-05-22,29.392373589932056
2018-05-23,31.881177538503536
2018-05-24,27.11635864854999
2018-05-25,27.81291803789233
2018-05-26,34.46489460236531
2018-05-27,25.412582967939464
2018-05-28,26.32567452365657
2018-05-29,23.26507177780639
2018-05-30,25.449500563262397
2018-05-31,21.508065595262174
2018-06-01,23.58972341859077
2018-06-02,25.54894417791756
2018-06-03,14.826739041358639
2018-06-04,23.087612281403707
2018-06-05,14.890773472786632
2018-06-06,19.77454831205742
2018-06-07,20.42157331687961
2018-06-08,14.413658092828793
2018-06-09,31.96518156622436
2018-06-10,13.7134698214041
2018-06-11,21.141942604973323
2018-06-12,19.729881932781606
2018-06-13,19.726094742261633
2018-06-14,12.321887482366664
2018-06-15,12.01440158420186
2018-06-16,23.21598445373288
2018-06-17,11.447921412468316
2018-06-18,16.422302203663712
2018-06-19,11.279011999628047
2018-06-20,11.385260736271885
2018-06-21,11.618645101681267
2018-06-22,19.597764945132415
2018-06-23,20.24143285181622
2018-06-24,21.636285520015637
2018-06-25,13.470100551623368
2018-06-26,13.632286469762636
2018-06-27,13.568169716291827
2018-06-28,19.182215184576098
2018-06-29,12.761028210084897
2018-06-30,20.390662676163345
2018-07-01,20.513421239110215
2018-07-02,10.28726775642264
2018-07-03,9.733778626771478
2018-07-04,21.97319952038249
2018-07-05,16.765149464336556
2018-07-06,9.320826111925285
2018-07-07,19.97383042460197
2018-07-08,10.085120164345398
2018-07-09,10.44452083070448
2018-07-10,10.677215563887746
2018-07-11,10.783204360975319
2018-07-12,10.762487226673617
2018-07-13,19.375753930974945
2018-07-14,30.258503365354187
2018-07-15,20.54893550722057
2018-07-16,16.668208238661524
2018-07-17,18.85033998130825
2018-07-18,9.23192426572195
2018-07-19,17.871327730744238
2018-07-20,18.246462165369508
2018-07-21,19.432042063787172
2018-07-22,9.441123637080548
2018-07-23,9.63151624679464
2018-07-24,17.559027450883896
2018-07-25,19.234555818370445
2018-07-26,10.289757406125744
2018-07-27,20.49897649791527
2018-07-28,20.305885978617773
2018-07-29,11.078593562287795
2018-07-30,11.272759284965366
2018-07-31,22.66852330372578
2018-08-01,11.411220075465142
2018-08-02,26.230601161423262
2018-08-03,24.067276284186825
2018-08-04,11.005724504838028
2018-08-05,10.70780883826142
2018-08-06,10.499117510264423
2018-08-07,19.92240186283563
2018-08-08,20.880237001920186
2018-08-09,20.731202303902382
2018-08-10,10.556595555373917
2018-08-11,23.755046393545317
2018-08-12,11.120680598684856
2018-08-13,11.288089753990683
2018-08-14,11.296253378894223
2018-08-15,11.145171469415951
2018-08-16,10.834844026400699
2018-08-17,10.365271049611497
2018-08-18,22.295441371121935
2018-08-19,8.948388498379614
2018-08-20,16.388123441957404
2018-08-21,7.873753407677727
2018-08-22,16.53188661898496
2018-08-23,7.46777564060995
2018-08-24,7.515533255961994
2018-08-25,18.053267966250917
2018-08-26,8.112541476176462
2018-08-27,8.52934696102594
2018-08-28,17.8475697739361
2018-08-29,9.467115557895072
2018-08-30,22.573069547389373
2018-08-31,10.543760989515768
2018-09-01,11.134162518749532
2018-09-02,11.756282382229745
2018-09-03,12.181450944069102
2018-09-04,21.48438270260603
2018-09-05,12.440934167775517
2018-09-06,12.275248829639239
2018-09-07,11.912612192368425
2018-09-08,11.353024253045053
2018-09-09,24.793602821449532
2018-09-10,9.842707993446952
2018-09-11,20.92462485539832
2018-09-12,8.34344060597069
2018-09-13,19.430881906602906
2018-09-14,6.855222093960531
2018-09-15,6.115256165087343
2018-09-16,5.378052454171428
2018-09-17,4.8980097280522195
2018-09-18,4.6751279893126005
2018-09-19,18.906525043369168
2018-09-20,5.000847467024773
2018-09-21,15.534234834221294
2018-09-22,22.138453579686974
2018-09-23,7.418134075776509
2018-09-24,23.625847016526926
2018-09-25,8.79871375786524
2018-09-26,9.11637025179495
2018-09-27,9.185604514274942
2018-09-28,9.006416544418613
2018-09-29,8.578806340911528
2018-09-30,7.9027739093346465
2018-10-01,17.94229492332779
2018-10-02,6.564700982200526
2018-10-03,19.689607561888565
2018-10-04,5.260916031066088
2018-10-05,4.621881544724119
2018-10-06,25.183087576323924
2018-10-07,3.3695285536678736
2018-10-08,24.15044074598166
2018-10-09,13.732014006059602
2018-10-10,14.111554988101979
2018-10-11,3.7733696551127847
2018-10-12,4.597180706219893
2018-10-13,23.207509719360313
2018-10-14,21.517357922138554
2018-10-15,8.368535688073266
2018-10-16,9.479067921910534
2018-10-17,10.44382043757234
2018-10-18,11.262793234019561
2018-10-19,11.93598631309195
2018-10-20,27.75260346858567
2018-10-21,12.845033316924273
2018-10-22,13.040632780753139
2018-10-23,13.050198065944947
2018-10-24,12.873729171964616
2018-10-25,12.511226099282336
2018-10-26,11.962688847249254
2018-10-27,11.228117415931035
2018-10-28,10.307511805309073
2018-10-29,9.571261050552863
2018-10-30,9.019365151424223
2018-10-31,8.651824106536502
2018-11-01,29.634304393989378
2018-11-02,8.45970750198171
2018-11-03,23.732222319202428
2018-11-04,8.964613983871331
2018-11-05,23.527012443701082
2018-11-06,9.096825679259751
2018-11-07,22.670541299572566
2018-11-08,8.499769964110817
2018-11-09,7.927766826938564
2018-11-10,29.30318922000846
2018-11-11,18.6937907940091
2018-11-12,20.090441433230986
2018-11-13,17.77190332968094
2018-11-14,4.897637891640406
2018-11-15,17.864510823963364
2018-11-16,19.895626502449808
2018-11-17,23.888000371136535
2018-11-18,21.885005965021413
2018-11-19,7.211911903021369
2018-11-20,21.836022471743725
2018-11-21,19.4996955834281
2018-11-22,8.549588412147676
2018-11-23,8.77325892590978
2018-11-24,31.135570444007932
2018-11-25,8.887267472108721
2018-11-26,19.546370204254437
2018-11-27,20.773545059045055
2018-11-28,18.089226687351136
2018-11-29,8.421173195356067
2018-11-30,8.18667719865952
2018-12-01,24.000259488393844
2018-12-02,20.27137200579069
2018-12-03,19.51565219993749
2018-12-04,16.84471518336421
2018-12-05,7.292169929223693
2018-12-06,18.186168115902195
2018-12-07,7.6634136391341805
2018-12-08,8.018449210658096
2018-12-09,8.486427258903067
2018-12-10,8.942259389029767
2018-12-11,9.385945602190152
2018-12-12,9.817485899701534
2018-12-13,10.236880278742461
2018-12-14,10.644128740991661
2018-12-15,24.586297913964838
2018-12-16,11.422187916090888
2018-12-17,11.637020916361507
2018-12-18,11.683730286518887
2018-12-19,11.562316027405892
2018-12-20,11.272778139025009
2018-12-21,10.81511662115786
2018-12-22,10.189331473804591
2018-12-23,26.608777989013074
2018-12-24,8.779576554348054
2018-12-25,8.341793043687327
2018-12-26,8.082072166323188
2018-12-27,8.00041392130233
2018-12-28,8.096818310760398
2018-12-29,8.371285332419864
2018-12-30,8.823814985994142
2018-12-31,9.147439648910533
2019-01-01,9.342159317614813
2019-01-02,9.412763993940201
2019-01-03,9.35925367842158
2019-01-04,9.18162837080122
2019-01-05,8.879888072423203
2019-01-06,8.454032781600514
2019-01-07,8.042949459894526
2019-01-08,7.646638107627558
2019-01-09,7.265098722260261
2019-01-10,6.89833130931734
2019-01-11,6.546335864844688
2019-01-12,6.209112387795633
2019-01-13,5.886660881526405
2019-01-14,5.6427742800739615
2019-01-15,5.477452586107008
2019-01-16,16.44156588609557
2019-01-17,5.382503913759447
2019-01-18,5.452876936995148
2019-01-19,5.601814866400255
2019-01-20,5.8293177020206866
2019-01-21,6.09631599125717
2019-01-22,6.402809733692036
2019-01-23,6.748798929589009
2019-01-24,7.134283581190407
2019-01-25,7.559263686650788
2019-01-26,18.896595318503092
2019-01-27,8.527710256459699
2019-01-28,8.858336079593572
2019-01-29,9.015616714481737
2019-01-30,8.999552159984962
2019-01-31,8.810142416255824
2019-02-01,8.447387482942037
2019-02-02,7.910453912536523
2019-02-03,7.199341706517687
2019-02-04,15.194278650865517
2019-02-05,6.543268660802817
2019-02-06,6.598307823551798
2019-02-07,15.141378972992232
2019-02-08,7.4745375180992175
2019-02-09,8.295728048739361
2019-02-10,9.37230237013234
2019-02-11,10.1533412370555
2019-02-12,10.638844647296493
2019-02-13,10.828812602612693
2019-02-14,10.723245101184828
2019-02-15,10.322142143432314
2019-02-16,20.364349253666994
2019-02-17,17.656040266433774
2019-02-18,16.171421202121852
2019-02-19,7.667843077136302
2019-02-20,16.795246702684913
2019-02-21,8.060837555174427
2019-02-22,20.3836799248728
2019-02-23,9.812313298701426
2019-02-24,20.798237559746187
2019-02-25,22.24240999859797
2019-02-26,13.06474557256069
2019-02-27,22.101514704974335
2019-02-28,13.727912481007362
2019-03-01,22.578665860239703
2019-03-02,29.062250179758685
2019-03-03,28.238276460648365
2019-03-04,20.36678646793507
2019-03-05,22.01108431070854
2019-03-06,21.886281475214048
2019-03-07,25.06277717752399
2019-03-08,22.257840544787594
2019-03-09,25.646430168921206
2019-03-10,13.004796269510887
2019-03-11,21.594483081722796
2019-03-12,21.76715625233865
2019-03-13,14.380883340781502
2019-03-14,21.927435232447422
2019-03-15,25.16529695061913
2019-03-16,30.77699464264831
2019-03-17,27.815666407731676
2019-03-18,26.398588045648893
2019-03-19,25.459675617186257
2019-03-20,22.294716207541953
2019-03-21,26.524467307148328
2019-03-22,26.68202606975197
2019-03-23,33.32422368378131
2019-03-24,37.15632833355303
2019-03-25,24.92271335189566
2019-03-26,28.015850422659753
2019-03-27,27.5782548044143
2019-03-28,34.22476225422699
2019-03-29,28.79186393390708
2019-03-30,37.67163782375604
2019-03-31,35.174061220371264
2019-04-01,30.082450453951964
2019-04-02,29.379200103833846
2019-04-03,23.83358339097525
2019-04-04,22.676327096974816
2019-04-05,26.245457835325134
2019-04-06,35.19102678598388
2019-04-07,28.34736747489728
2019-04-08,27.771815403051814
2019-04-09,27.65191292743016
2019-04-10,26.18551815721814
2019-04-11,27.164929677314667
2019-04-12,25.837773311311885
2019-04-13,34.51701851744701
2019-04-14,26.056527950311736
2019-04-15,30.347814391074742
2019-04-16,28.045354671603857
2019-04-17,25.701664702410177
2019-04-18,33.613555202834945
2019-04-19,32.12347843828414
2019-04-20,49.93769459270845
2019-04-21,40.876567718775384
2019-04-22,43.088707469508805
2019-04-23,38.764711628136965
2019-04-24,32.44093735970749
2019-04-25,25.821518841604327
2019-04-26,30.86339750189699
2019-04-27,42.37816483287489
2019-04-28,29.751410409721416
2019-04-29,28.352221692503868
2019-04-30,31.758093006142637
2019-05-01,36.35473977989878
2019-05-02,30.888196024772714
2019-05-03,31.817757661475277
2019-05-04,36.80324043551871
2019-05-05,28.241258345179038
2019-05-06,19.661134490521682
2019-05-07,26.612093136059038
2019-05-08,31.304733634560925
2019-05-09,32.5689638598126
2019-05-10,27.282537983190377
2019-05-11,38.607279645298846
2019-05-12,33.58459385816053
2019-05-13,27.592834018003828
2019-05-14,29.888728954838612
2019-05-15,31.83959897144407
2019-05-16,27.67298957924251
2019-05-17,28.569781099112703
2019-05-18,41.03048535278118
2019-05-19,29.484301672299647
2019-05-20,28.00012252654166
2019-05-21,28.829337828211884
2019-05-22,25.731456232313576
2019-05-23,29.159300739812167
2019-05-24,29.700130241840426
2019-05-25,39.78292333027811
2019-05-26,27.659180294223123
2019-05-27,28.53744143172909
2019-05-28,31.496846891898322
2019-05-29,30.37491147121004
2019-05-30,26.497739582286762
2019-05-31,40.458952660185346
2019-06-01,31.149313974255097
2019-06-02,14.66664968700288
2019-06-03,22.23641676893955
2019-06-04,21.798090940065777
2019-06-05,23.726489057576863
2019-06-06,19.98697851638871
2019-06-07,26.912845315001903
2019-06-08,32.62315401022907
2019-06-09,21.20465167533877
2019-06-10,24.435524565775715
2019-06-11,12.307409977228883
2019-06-12,20.439112351279263
2019-06-13,18.018205674512558
2019-06-14,24.078188549544755
2019-06-15,21.89974458234473
2019-06-16,10.494795976154979
2019-06-17,18.486005905366486
2019-06-18,17.557144896818148
2019-06-19,17.927017525470482
2019-06-20,24.562014822569342
2019-06-21,17.128535819190702
2019-06-22,21.55462196041433
2019-06-23,11.25417999217265
2019-06-24,19.777302309179596
2019-06-25,21.872000695769508
2019-06-26,21.126557677187204
2019-06-27,18.997087898715165
2019-06-28,11.68729246265083
2019-06-29,11.288123345058038
2019-06-30,10.727023688788956
2019-07-01,17.053217558527507
2019-07-02,19.818907935790378
2019-07-03,9.741363945628702
2019-07-04,18.023042310032366
2019-07-05,23.472274505497303
2019-07-06,21.096667455641736
2019-07-07,21.285039124793848
2019-07-08,17.613821769207114
2019-07-09,22.69600847228832
2019-07-10,10.321535586380923
2019-07-11,19.13344566619468
2019-07-12,10.440692379907489
2019-07-13,21.55621355410465
2019-07-14,20.315476721252438
2019-07-15,10.476945833817249
2019-07-16,10.580080594966601
2019-07-17,19.71480934944279
2019-07-18,23.65801224359894
2019-07-19,11.254810996324515
2019-07-20,27.098716675447427
2019-07-21,12.009069695889872
2019-07-22,24.237362721271005
2019-07-23,24.23648201080205
2019-07-24,25.423483957577115
2019-07-25,11.597092953685866
2019-07-26,10.983531388547835
2019-07-27,24.388862726220857
2019-07-28,9.143727403370363
2019-07-29,18.476441138902207
2019-07-30,17.96029335235716
2019-07-31,20.908332245881084
2019-08-01,19.961978441036905
2019-08-02,18.74992024106332
2019-08-03,23.30463261262127
2019-08-04,8.794160414308605
2019-08-05,18.33894804464455
2019-08-06,19.90247310989329
2019-08-07,21.861395145326775
2019-08-08,8.510477602940126
2019-08-09,22.43707359064352
2019-08-10,19.595715194802146
2019-08-11,16.731720856472922
2019-08-12,15.217870402864527
2019-08-13,13.546045091484912
2019-08-14,24.63926241849005
2019-08-15,12.510688959963812
2019-08-16,14.889295305186549
2019-08-17,18.22801482585318
2019-08-18,4.975465617926397
2019-08-19,15.33881288892428
2019-08-20,16.035436136504917
2019-08-21,7.143341500269187
2019-08-22,17.714816412477333
2019-08-23,17.095447298821
2019-08-24,26.526906620926948
2019-08-25,7.5701678856394725
2019-08-26,7.546387630946464
2019-08-27,20.31908270026067
2019-08-28,22.954447402918802
2019-08-29,17.896674183281178
2019-08-30,18.406807146740306
2019-08-31,9.429660927034496
2019-09-01,10.206750501160656
2019-09-02,10.722721516560775
2019-09-03,10.97757397420849
2019-09-04,10.971307873041832
2019-09-05,21.504773617826288
2019-09-06,18.16804929525219
2019-09-07,25.515068155862366
2019-09-08,19.615946084185666
2019-09-09,20.903515236545484
2019-09-10,20.633087098736365
2019-09-11,15.598409231120788
2019-09-12,5.673471708245517
2019-09-13,5.393418954745421
2019-09-14,22.76688152861804
2019-09-15,21.989040340927122
2019-09-16,15.96238694561358
2019-09-17,5.909017562106917
2019-09-18,16.94690985011298
2019-09-19,7.26477180627268
2019-09-20,8.221072432233846
2019-09-21,26.164311580498644
2019-09-22,10.690520696786177
2019-09-23,11.56519627037253
2019-09-24,22.1638167200529
2019-09-25,11.955978237222615
2019-09-26,11.472084629596738
2019-09-27,10.535334627777607
2019-09-28,9.145728230294814
2019-09-29,7.3032654422774375
2019-09-30,5.920054964239598
2019-10-01,4.996096799272873
2019-10-02,13.606009936365073
2019-10-03,14.406428849871336
2019-10-04,15.431986144185267
2019-10-05,18.36881457740442
2019-10-06,7.653688778912462
2019-10-07,8.73323211391591
2019-10-08,17.50312142493435
2019-10-09,9.62544047186482
2019-10-10,18.954854795514223
2019-10-11,8.828477749338383
2019-10-12,7.7965572328805735
2019-10-13,6.342343947547536
2019-10-14,14.266942811015287
2019-10-15,14.591016957299733
2019-10-16,3.8042900054517306
2019-10-17,3.5664673303376295
2019-10-18,16.971792555319077
2019-10-19,15.392011640303153
2019-10-20,13.870309006954802
2019-10-21,18.610073211044273
2019-10-22,6.125455095208143
2019-10-23,16.09157847801552
2019-10-24,7.705230720634646
2019-10-25,8.544583189029666
2019-10-26,9.416912096159749
2019-10-27,10.322217439374253
2019-10-28,20.978990773344663
2019-10-29,11.432873645070309
2019-10-30,11.638224507659245
2019-10-31,20.26893895116107
2019-11-01,11.348971754366774
2019-11-02,10.819039072551476
2019-11-03,20.031247364355792
2019-11-04,18.048308266086355
2019-11-05,16.853165254252776
2019-11-06,19.156031714883262
2019-11-07,7.96356967984279
2019-11-08,16.926428631856787
2019-11-09,20.462594371702536
2019-11-10,25.790635251111393
2019-11-11,16.097584592448158
2019-11-12,18.295561314345022
2019-11-13,19.14952335968983
2019-11-14,8.986709143414533
2019-11-15,27.226222325289857
2019-11-16,31.718744282033676
2019-11-17,30.290891244542962
2019-11-18,24.09152180017601
2019-11-19,12.340574534491015
2019-11-20,20.100022699560874
2019-11-21,11.811066576267992
2019-11-22,23.332529505598835
2019-11-23,20.341709090362414
2019-11-24,28.63863669798738
2019-11-25,17.28457827203728
2019-11-26,13.803700924321896
2019-11-27,14.737732370274493
2019-11-28,17.174443314177537
2019-11-29,7.852789649498321
2019-11-30,27.309963066881036
2019-12-01,19.77157217772907
2019-12-02,12.170104269937056
2019-12-03,13.008228798181428
2019-12-04,13.39324559870948
2019-12-05,13.32515467177487
2019-12-06,12.803956016528995
2019-12-07,11.829649632667948
2019-12-08,21.739128129202424
2019-12-09,9.291341617366543
2019-12-10,8.496967924500915
2019-12-11,8.01911443807986
2019-12-12,15.086350303151857
2019-12-13,8.012968095165158
2019-12-14,16.64931807910244
2019-12-15,9.2729025883831
2019-12-16,9.820517308833967
2019-12-17,10.127519402030355
2019-12-18,10.193908862691805
2019-12-19,10.019685696508683
2019-12-20,9.604849900560108
2019-12-21,17.110044001796382
2019-12-22,16.526007514490992
2019-12-23,16.005505162309973
2019-12-24,6.985862764713187
2019-12-25,6.814446165666464
2019-12-26,6.884577718658196
2019-12-27,7.196257421853414
2019-12-28,7.7494852772774445
2019-12-29,8.54426128636052
2019-12-30,9.18220434214208
2019-12-31,9.663314444221882
2020-01-01,9.98759159467432
2020-01-02,10.142000502724132
2020-01-03,10.126541170108737
2020-01-04,9.941213596031979
2020-01-05,9.58601777877751
2020-01-06,17.372455004222125
2020-01-07,8.890603358929571
2020-01-08,8.55038475453141
2020-01-09,8.215158554615911
2020-01-10,7.884924757388928
2020-01-11,7.559683364303785
2020-01-12,7.239434374130806
2020-01-13,7.065719568830826
2020-01-14,7.038538946879014
2020-01-15,13.13836338231289
2020-01-16,7.423780256156894
2020-01-17,7.836202188791974
2020-01-18,8.39515830319979
2020-01-19,9.100648603314555
2020-01-20,9.559705522648798
2020-01-21,9.772329059736396
2020-01-22,9.73851921498133
2020-01-23,9.458275990283868
2020-01-24,8.931599383963434
2020-01-25,13.540913180156888
2020-01-26,11.79331248678037
2020-01-27,6.378781135596361
2020-01-28,5.877994724844126
2020-01-29,5.63658679317216
2020-01-30,5.654557340259072
2020-01-31,11.288328104196317
2020-02-01,13.125157972284978
2020-02-02,7.294752052850038
2020-02-03,7.91402859726
2020-02-04,8.32646350289524
2020-02-05,8.532056774017322
2020-02-06,8.53080841036643
2020-02-07,8.322718408054275
2020-02-08,12.82217370345247
2020-02-09,7.286013494227914
2020-02-10,6.896017295836897
2020-02-11,6.737798175792039
2020-02-12,6.811356132724399
2020-02-13,10.36694707485558
2020-02-14,12.204161549486535
2020-02-15,12.97305073855101
2020-02-16,15.039800942959275
2020-02-17,10.319687993249683
2020-02-18,11.11168024720688
2020-02-19,11.799335493531228
2020-02-20,12.382653735468033
2020-02-21,12.861634969915482
2020-02-22,13.236279198824935
2020-02-23,16.470819810205704
2020-02-24,18.61038326073278
2020-02-25,18.562883567894247
2020-02-26,17.654425139968417
2020-02-27,15.3389649855337
2020-02-28,15.984847045351751
2020-02-29,20.970179823573808
2020-03-01,20.856220164886228
2020-03-02,21.98813641892241
2020-03-03,22.165755355250255
2020-03-04,22.28914784054384
2020-03-05,24.08444978389992
2020-03-06,20.279088578211088
2020-03-07,24.39012848835236
2020-03-08,23.584559110072895
2020-03-09,23.85101196183206
2020-03-10,25.553515703810184
2020-03-11,29.00409490663966
2020-03-12,31.108505943505634
2020-03-13,36.417107086281725
2020-03-14,44.43585943774685
2020-03-15,45.77802393460471
2020-03-16,58.04120052221243
2020-03-17,68.87441674815089
2020-03-18,68.27288488518406
2020-03-19,68.0135321917319
2020-03-20,66.46022984482036
2020-03-21,67.27726635352349
2020-03-22,63.10806249891537
2020-03-23,62.41547041990346
2020-03-24,60.72713798549608
2020-03-25,65.11562205542185
2020-03-26,65.64814057166771
2020-03-27,68.98121763558336
2020-03-28,77.40303340679331
2020-03-29,75.31235952433684
2020-03-30,75.45557025845135
2020-03-31,80.17284986329594
2020-04-01,90.03624337893044
2020-04-02,94.32300354660492
2020-04-03,101.90182864084561
2020-04-04,114.11682449385869
2020-04-05,109.77432242289983
2020-04-06,110.49240358003642
2020-04-07,110.8106380410296
2020-04-08,110.37099761562942
2020-04-09,106.2092489166524
2020-04-10,105.63196722512038
2020-04-11,105.49290482082473
2020-04-12,98.48548642417923
2020-04-13,97.62178539385381
2020-04-14,98.45545164879701
2020-04-15,94.32996108816616
2020-04-16,91.90183781051246
2020-04-17,86.43070858515085
2020-04-18,87.68134223968602
2020-04-19,82.10667214405564
2020-04-20,82.710345687732
2020-04-21,81.18770899974683
2020-04-22,83.68324586894998
2020-04-23,87.29272762869111
2020-04-24,90.1440068776046
2020-04-25,97.5415012576982
2020-04-26,106.98901423341775
2020-04-27,128.24157798159968
2020-04-28,115.74360569175047
2020-04-29,117.85890528046787
2020-04-30,112.4337324771667
2020-05-01,116.00538934292312
2020-05-02,114.62150763994887
2020-05-03,100.62548452640186
2020-05-04,99.46784067923673
2020-05-05,91.80105277269361
2020-05-06,88.40996995263203
2020-05-07,83.7121526837046
2020-05-08,86.60030113290881
2020-05-09,83.29333024394884
2020-05-10,73.37520726422655
2020-05-11,69.81217690609492
2020-05-12,66.33774577563929
2020-05-13,65.57812064846593
2020-05-14,63.554988290837116
2020-05-15,64.55868650366281
2020-05-16,66.63906174101312
2020-05-17,66.35584313380454
2020-05-18,65.4064260920325
2020-05-19,64.51686778327192
2020-05-20,62.929108522017295
2020-05-21,61.001176495778424
2020-05-22,65.12157470323004
2020-05-23,62.835322502954575
2020-05-24,57.184659425201346
2020-05-25,53.88085336956681
2020-05-26,49.98567299115044
2020-05-27,48.09932301767577
2020-05-28,46.713684708534075
2020-05-29,45.516733497153126
2020-05-30,48.252764188002175
2020-05-31,39.00852385322619
2020-06-01,40.30157480994254
2020-06-02,39.09943843901226
2020-06-03,39.27041931184941
2020-06-04,37.98229443249761
2020-06-05,36.64117451164978
2020-06-06,35.511080333845534
2020-06-07,32.17382150724813
2020-06-08,32.7012123165346
2020-06-09,30.124704092824558
2020-06-10,27.92857116907782
2020-06-11,28.58300803799718
2020-06-12,30.553893909841094
2020-06-13,30.174940119553472
2020-06-14,24.27389689886887
2020-06-15,25.471324281277937
2020-06-16,27.108698007539672
2020-06-17,23.923603743070494
2020-06-18,22.28254275202235
2020-06-19,23.6256284228104
2020-06-20,26.64675791786259
2020-06-21,23.00727469607999
2020-06-22,24.015079048324907
2020-06-23,25.093810656453527
2020-06-24,23.513254555878532
2020-06-25,25.22787957110002
2020-06-26,21.657010106414567
2020-06-27,26.113694360018506
2020-06-28,20.422501292040828
2020-06-29,23.89485763778039
2020-06-30,23.373727481559385
2020-07-01,22.39738940707892
2020-07-02,20.90737089745639
2020-07-03,20.82782344933095
2020-07-04,26.421082656362422
2020-07-05,22.169926774593016
2020-07-06,22.84865695573675
2020-07-07,22.16477775962835
2020-07-08,21.730416117956594
2020-07-09,23.6257358106971
2020-07-10,27.200685659157806
2020-07-11,25.48671699455283
2020-07-12,19.67992398943393
2020-07-13,20.191411478775755
2020-07-14,22.08079048230424
2020-07-15,20.433674066283295
2020-07-16,20.52647766905237
2020-07-17,21.10510254504534
2020-07-18,24.15570507850306
2020-07-19,20.213540063951008
2020-07-20,22.86736052738576
2020-07-21,20.87828157544078
2020-07-22,21.81289896508102
2020-07-23,22.83698954302698
2020-07-24,20.882311731616895
2020-07-25,25.647629162705627
2020-07-26,20.85566024629157
2020-07-27,24.509165241244638
2020-07-28,20.87690555132678
2020-07-29,19.449628430252808
2020-07-30,19.577282695029524
2020-07-31,13.433252119316288
2020-08-01,23.581313258049995
2020-08-02,23.909313303054464
2020-08-03,17.578122007239685
2020-08-04,20.450988358666468
2020-08-05,16.754670455323044
2020-08-06,19.568198069870327
2020-08-07,20.28489355768678
2020-08-08,9.596023998758035
2020-08-09,20.36817713900157
2020-08-10,22.1544019267072
2020-08-11,15.81276592926378
2020-08-12,14.994343957607393
2020-08-13,16.500884200449214
2020-08-14,16.016046809308463
2020-08-15,18.304206906390032
2020-08-16,9.540275977091886
2020-08-17,18.808464566083536
2020-08-18,15.88039264600759
2020-08-19,19.433530784409022
2020-08-20,16.602866055660954
2020-08-21,21.247489655786403
2020-08-22,20.444384091053323
2020-08-23,9.201156285178874
2020-08-24,18.314833660180405
2020-08-25,15.594881697479433
2020-08-26,16.928551276528204
2020-08-27,14.645238456271295
2020-08-28,15.973512373398417
2020-08-29,22.135469252543743
2020-08-30,17.255859156157342
2020-08-31,17.262155038390265
2020-09-01,16.775933429168436
2020-09-02,10.071969344919035
2020-09-03,16.879816191423092
2020-09-04,16.841871114609088
2020-09-05,23.23717963615437
2020-09-06,9.69366535667099
2020-09-07,17.255321803761063
2020-09-08,22.10427368123859
2020-09-09,9.653372471765966
2020-09-10,17.241558049665088
2020-09-11,19.074799528318376
2020-09-12,18.975397853501953
2020-09-13,10.936880107081
2020-09-14,20.268259436519692
2020-09-15,19.529375341768805
2020-09-16,11.384437589366627
2020-09-17,11.218657532315824
2020-09-18,18.84002005362286
2020-09-19,19.307348759770512
2020-09-20,9.776419711415137
2020-09-21,17.892548947123963
2020-09-22,20.35790211535832
2020-09-23,8.435791332786673
2020-09-24,17.749021357664233
2020-09-25,15.326996253360782
2020-09-26,16.848950523383415
2020-09-27,7.987756122238432
2020-09-28,8.018960290371238
2020-09-29,15.946484601059446
2020-09-30,16.865155497988013
2020-10-01,18.911613616477798
2020-10-02,8.163984870341139
2020-10-03,22.90528346595656
2020-10-04,17.465913613552143
2020-10-05,17.94856194790819
2020-10-06,8.439975541684804
2020-10-07,8.441689845683436
2020-10-08,8.410953512142084
2020-10-09,23.220937578892382
2020-10-10,8.252128933557763
2020-10-11,8.12404068799661
2020-10-12,8.026990187265667
2020-10-13,20.649976498306813
2020-10-14,7.926002420240271
2020-10-15,7.9220651525304255
2020-10-16,7.949165630640776
2020-10-17,16.960008742235683
2020-10-18,8.096479818504163
2020-10-19,8.075328998340613
2020-10-20,18.94271738627638
2020-10-21,15.996700078609658
2020-10-22,15.800581183406468
2020-10-23,6.887457856293531
2020-10-24,20.823815478805162
2020-10-25,19.880683469387318
2020-10-26,5.144814072017989
2020-10-27,16.32133346550632
2020-10-28,14.511178935794828
2020-10-29,13.791458845361385
2020-10-30,15.362267680247001
2020-10-31,18.90558040487867
2020-11-01,14.79663921099825
2020-11-02,6.870805750894879
2020-11-03,19.341986504017164
2020-11-04,19.553610260234283
2020-11-05,20.636710886822556
2020-11-06,15.856758144997098
2020-11-07,24.01323220589996
2020-11-08,15.619811469727402
2020-11-09,19.32472987951108
2020-11-10,16.250501116018643
2020-11-11,18.020040308280606
2020-11-12,20.369011705781656
2020-11-13,17.772980341624276
2020-11-14,30.85356985853065
2020-11-15,23.50193722880215
2020-11-16,16.112055936876033
2020-11-17,18.284681899648845
2020-11-18,21.36713384602306
2020-11-19,15.72265302766397
2020-11-20,15.972390640316597
2020-11-21,29.31891377736833
2020-11-22,21.907556894161708
2020-11-23,23.17502465466191
2020-11-24,15.38792082044369
2020-11-25,15.317565881429026
2020-11-26,23.796025351007273
2020-11-27,21.00973920762103
2020-11-28,19.83572132317355
2020-11-29,18.83785862479437
2020-11-30,21.288712311333725
2020-12-01,14.779305364496288
2020-12-02,7.594082985406539
2020-12-03,16.46236235430319
2020-12-04,14.818051794488193
2020-12-05,23.514793214108202
2020-12-06,18.084660134182712
2020-12-07,8.522997239469126
2020-12-08,16.77553242479587
2020-12-09,8.415555103409144
2020-12-10,16.23164688317919
2020-12-11,7.799254822237176
2020-12-12,22.69349485859647
2020-12-13,17.83497514602672
2020-12-14,17.864028171709098
2020-12-15,14.467999439283371
2020-12-16,14.247408643204132
2020-12-17,6.161386480331807
2020-12-18,14.045809665316204
2020-12-19,7.100253129808476
2020-12-20,7.868491856087012
2020-12-21,18.989174758555546
2020-12-22,9.103832834066447
2020-12-23,17.293543125762938
2020-12-24,9.937658513582797
2020-12-25,10.204003117719026
2020-12-26,10.369968895260245
2020-12-27,10.435555849086132
2020-12-28,17.18139652845522
2020-12-29,10.445903510152421
2020-12-30,10.390664215715613
2020-12-31,10.29514950695343
2021-01-01,10.159359381138662
2021-01-02,18.895903917675334
2021-01-03,9.748676475638089
2021-01-04,15.753768913540984
2021-01-05,9.505023410325466
2021-01-06,9.489895577064523
2021-01-07,9.545900205785514
2021-01-08,17.29163714984739
2021-01-09,9.871306859113592
2021-01-10,10.140708882076057
2021-01-11,16.034590053744147
2021-01-12,10.313593034934392
2021-01-13,17.201625091997848
2021-01-14,9.99858399724561
2021-01-15,16.13862977100016
2021-01-16,9.195681763492038
2021-01-17,8.611270699984328
2021-01-18,15.587402392447963
2021-01-19,15.51092627339443
2021-01-20,7.757793210201944
2021-01-21,14.637759760098588
2021-01-22,15.869229050803323
2021-01-23,20.006874637975827
2021-01-24,8.719253192617495
2021-01-25,15.313015520257439
2021-01-26,15.658261756738558
2021-01-27,9.911004185058529
2021-01-28,10.240200925423355
2021-01-29,19.992115447184247
2021-01-30,28.245887898853482
2021-01-31,17.840167079479947
2021-02-01,17.2357656252425
2021-02-02,11.336781565380566
2021-02-03,19.588745944937692
2021-02-04,19.161861261534952
2021-02-05,21.10699760099655
2021-02-06,21.861874491451935
2021-02-07,11.311695544664966
2021-02-08,19.06686179495807
2021-02-09,16.681133530381622
2021-02-10,17.649573284168603
2021-02-11,16.837776799025058
2021-02-12,19.98619605011978
2021-02-13,21.820415753674332
2021-02-14,12.81168566821226
2021-02-15,18.339420726121148
2021-02-16,20.948246581860673
2021-02-17,19.458070321120235
2021-02-18,25.86783667680511
2021-02-19,25.33037666130218
2021-02-20,28.090496898524854
2021-02-21,35.240283373042175
2021-02-22,31.266251002057917
2021-02-23,25.8411613692651
2021-02-24,24.607458732685245
2021-02-25,28.345204509450813
2021-02-26,23.975368924288244
2021-02-27,32.565610736227214
2021-02-28,32.16620173581725
2021-03-01,29.7629118434838
2021-03-02,29.8381763749139
2021-03-03,26.96556808345254
2021-03-04,28.771687448043096
2021-03-05,28.71801965855414
2021-03-06,38.5314880355709
2021-03-07,30.259891763517704
2021-03-08,31.813556926776343
2021-03-09,30.97152131298679
2021-03-10,31.97211862374962
2021-03-11,32.96920350431454
2021-03-12,28.632356265316528
2021-03-13,41.09731975843215
2021-03-14,32.36110182730374
2021-03-15,28.60828140882865
2021-03-16,32.2790506333104
2021-03-17,29.374307281263235
2021-03-18,29.852835457860458
2021-03-19,34.00065768025715
2021-03-20,31.832987801353724
2021-03-21,30.7344072431344
2021-03-22,35.88281954008844
2021-03-23,31.44297790258301
2021-03-24,36.86441369032724
2021-03-25,36.64990673055727
2021-03-26,43.74847656427299
2021-03-27,50.12549058437761
2021-03-28,45.79216232401451
2021-03-29,41.86882187972108
2021-03-30,44.28193587018708
2021-03-31,48.03311074780221
2021-04-01,46.29580902469124
2021-04-02,45.1519912473814
2021-04-03,53.85838623998751
2021-04-04,37.26022609703022
2021-04-05,47.19089457279019
2021-04-06,38.58884375431232
2021-04-07,38.6262130350035
2021-04-08,42.51862571822431
2021-04-09,40.6453243117933
2021-04-10,47.38544095713101
2021-04-11,43.965497528069406
2021-04-12,41.50424711793559
2021-04-13,44.27802642194555
2021-04-14,40.401899680505004
2021-04-15,44.25299887611732
2021-04-16,47.16664179823445
2021-04-17,48.902809547165724
2021-04-18,45.09315818110804
2021-04-19,50.295767748981376
2021-04-20,47.3492870547048
2021-04-21,49.98279705573369
2021-04-22,49.45960986890414
2021-04-23,50.148069435591324
2021-04-24,65.77725671384925
2021-04-25,52.03968316063744
2021-04-26,50.98516809958213
2021-04-27,50.180732623632835
2021-04-28,52.626612956880294
2021-04-29,48.122005938388824
2021-04-30,50.37399079512576
2021-05-01,56.25832153926744
2021-05-02,50.15347756248623
2021-05-03,46.38231267517836
2021-05-04,44.32077774479678
2021-05-05,44.28089733728392
2021-05-06,48.75886799168484
2021-05-07,52.47627411125568
2021-05-08,64.74184861582773
2021-05-09,48.42466801126962
2021-05-10,50.26036939535393
2021-05-11,47.75718188401126
2021-05-12,47.10559288108014
2021-05-13,45.52538348845193
2021-05-14,54.59546536986173
2021-05-15,57.33250134540276
2021-05-16,40.5714548657926
2021-05-17,43.85366285285886
2021-05-18,37.79681189276258
2021-05-19,40.576333026162445
2021-05-20,37.47506750123234
2021-05-21,40.11593044287135
2021-05-22,44.546610669421504
2021-05-23,40.54830360307223
2021-05-24,38.356690678571056
2021-05-25,39.8439193005905
2021-05-26,35.831266781300556
2021-05-27,39.579777229698436
2021-05-28,40.68263126333518
2021-05-29,45.21630731519154
2021-05-30,33.60926442118033
2021-05-31,34.116833395538734
2021-06-01,32.85392099698788
2021-06-02,33.69502105617697
2021-06-03,31.803752778720785
2021-06-04,35.13674263023151
2021-06-05,30.97898949543132
2021-06-06,26.481056373169835
2021-06-07,27.37850690302512
2021-06-08,26.33876375434916
2021-06-09,25.519996851570436
2021-06-10,22.374005560269538
2021-06-11,22.737249414307136
2021-06-12,27.569804005665677
2021-06-13,19.21227892363444
2021-06-14,24.757592940842112
2021-06-15,23.894146824329056
2021-06-16,21.188300108171134
2021-06-17,16.874071217446893
2021-06-18,22.444365043063918
2021-06-19,22.661981886590304
2021-06-20,12.378516389419396
2021-06-21,26.110236857948628
2021-06-22,17.911525766166207
2021-06-23,13.056373061057265
2021-06-24,20.671497332005927
2021-06-25,20.267285333094815
2021-06-26,26.598898811233532
2021-06-27,12.354187344821339
2021-06-28,22.692284926538775
2021-06-29,11.961597185231195
2021-06-30,19.27520368201965
2021-07-01,18.86307541713227
2021-07-02,12.098882087042396
2021-07-03,25.76473237297597
2021-07-04,12.562902295634654
2021-07-05,24.07944232036822
2021-07-06,12.834614130913982
2021-07-07,20.613707690627308
2021-07-08,21.75270234326411
2021-07-09,12.585309426442306
2021-07-10,26.420151488577055
2021-07-11,21.65395290212227
2021-07-12,19.347639284919474
2021-07-13,26.10373048234267
2021-07-14,11.70984773069204
2021-07-15,22.899670597557844
2021-07-16,23.192326766842783
2021-07-17,12.587816239687204
2021-07-18,25.174822982582043
2021-07-19,23.668330391657214
2021-07-20,25.645722419925846
2021-07-21,13.529615113458066
2021-07-22,23.77487874254104
2021-07-23,12.75007799096576
2021-07-24,26.86886723333933
2021-07-25,20.315639182369836
2021-07-26,18.228721301624287
2021-07-27,23.050305878589096
2021-07-28,18.48310974613786
2021-07-29,9.513525509331393
2021-07-30,21.599557601117827
2021-07-31,21.95262441362467
2021-08-01,10.416713666452187
2021-08-02,22.44950733636744
2021-08-03,21.622137201540447
2021-08-04,21.117641224882966
2021-08-05,22.236121771251025
2021-08-06,29.969971917192687
2021-08-07,12.024648953978753
2021-08-08,12.057590246020816
2021-08-09,23.08627340171101
2021-08-10,21.948874775652044
2021-08-11,11.357607917017193
2021-08-12,25.60117254096098
2021-08-13,20.392081675971717
2021-08-14,9.459416281882785
2021-08-15,8.560417002229881
2021-08-16,20.896102847823506
2021-08-17,17.006154265099568
2021-08-18,7.733424965083082
2021-08-19,19.600003159424432
2021-08-20,17.113094327995828
2021-08-21,20.892321955580073
2021-08-22,10.994115786773207
2021-08-23,25.520563315136023
2021-08-24,12.259553627795615
2021-08-25,21.459042991000103
2021-08-26,11.791777507127984
2021-08-27,20.684703984684756
2021-08-28,9.59078742576071
2021-08-29,7.84033714885336
2021-08-30,19.91039170202883
2021-08-31,5.627788056291904
2021-09-01,15.33248972342195
2021-09-02,16.812898811038544
2021-09-03,20.833862887563107
2021-09-04,25.939267308659595
2021-09-05,7.661185593581992
2021-09-06,17.481231976743032
2021-09-07,18.450497289432498
2021-09-08,9.242877121730423
2021-09-09,9.02188030903737
2021-09-10,8.426769837840386
2021-09-11,24.85891579852135
2021-09-12,21.28340225538458
2021-09-13,15.548478418717487
2021-09-14,13.258585556443922
2021-09-15,15.687823982069698
2021-09-16,3.868700294630595
2021-09-17,4.089284279198998
2021-09-18,27.296437837978495
2021-09-19,5.46880531683542
2021-09-20,16.144513388046875
2021-09-21,6.851430662162712
2021-09-22,17.008660802446446
2021-09-23,20.068113545440635
2021-09-24,8.151168568499395
2021-09-25,21.218972208679443
2021-09-26,8.501527096577833
2021-09-27,19.737158966292206
2021-09-28,24.611481018651354
2021-09-29,8.003302688051749
2021-09-30,7.547587159595939
2021-10-01,6.947051267643034
2021-10-02,18.970014807719842
2021-10-03,5.3154621499158985
2021-10-04,4.684589790567912
2021-10-05,14.711211428436808
2021-10-06,14.307666730692219
2021-10-07,15.460899484805951
2021-10-08,17.494856464200137
2021-10-09,23.045745227821676
2021-10-10,6.289532525404838
2021-10-11,26.030176207355535
2021-10-12,7.861817935594614
2021-10-13,8.52492516208871
2021-10-14,19.558831740438016
2021-10-15,23.38615371834088
2021-10-16,10.022104941456975
2021-10-17,10.357117565957632
2021-10-18,10.451581161971248
2021-10-19,10.305495727971048
2021-10-20,9.91886126496848
2021-10-21,21.304623612781008
2021-10-22,19.708833768173466
2021-10-23,23.48893710415457
2021-10-24,19.93593298065271
2021-10-25,16.95272438428069
2021-10-26,15.863415571065495
2021-10-27,14.171810000643514
2021-10-28,20.648598234188647
2021-10-29,3.86930606795673
2021-10-30,23.932665369638315
2021-10-31,18.277750411229448
2021-11-01,18.990877877194258
2021-11-02,17.892255745299202
2021-11-03,6.973253458652306
2021-11-04,7.321531353651681
2021-11-05,25.90563809565422
2021-11-06,26.530723887212364
2021-11-07,7.636665894550862
2021-11-08,19.090070946053928
2021-11-09,19.115649868975858
2021-11-10,20.914442045596807
2021-11-11,19.99809408746121
2021-11-12,20.68694615381769
2021-11-13,27.40534659878675
2021-11-14,27.26828091548679
2021-11-15,16.551582899800252
2021-11-16,21.309303912264305
2021-11-17,17.489550229546673
2021-11-18,15.649153043194541
2021-11-19,14.279993609499428
2021-11-20,27.267165172215293
2021-11-21,21.56206565257573
2021-11-22,20.31370252580418
2021-11-23,21.827942402362577
2021-11-24,16.368018661209447
2021-11-25,14.450759343451672
2021-11-26,18.908387441560492
2021-11-27,27.74874610592559
2021-11-28,18.24204570862392
2021-11-29,15.876049596596683
2021-11-30,18.31057351827367
2021-12-01,18.109031953900896
2021-12-02,5.873282599866845
2021-12-03,16.498072888518042
2021-12-04,19.873032084981865
2021-12-05,5.857361755141685
2021-12-06,15.863999613674679
2021-12-07,16.090284211257455
2021-12-08,6.536215548666306
2021-12-09,7.06735773843479
2021-12-10,23.712185432030996
2021-12-11,25.964296712388688
2021-12-12,9.575357085567633
2021-12-13,10.287666617842667
2021-12-14,10.723857102966742
2021-12-15,10.883928541056218
2021-12-16,10.767880931952291
2021-12-17,10.375714277192223
2021-12-18,23.748534100431044
2021-12-19,26.782442584853268
2021-12-20,8.076325260952007
2021-12-21,24.262641078026043
2021-12-22,7.476046667189566
2021-12-23,7.562466640796816
2021-12-24,7.906592796180725
2021-12-25,8.508425131095276
2021-12-26,9.36796364763945
2021-12-27,9.982147944386032
2021-12-28,10.350978023226867
2021-12-29,10.474453885350377
2021-12-30,10.352575528121987
2021-12-31,9.985342952214953
2022-01-01,9.3727561567351
2022-01-02,22.39760863800545
2022-01-03,7.876157424707635
2022-01-04,7.463682240826138
2022-01-05,7.275089843325001
2022-01-06,7.31038023401384
2022-01-07,7.5695534127254485
2022-01-08,8.05260938046032
2022-01-09,8.759548135878589
2022-01-10,9.297509032232975
2022-01-11,9.666492071323272
2022-01-12,9.86649725314932
2022-01-13,9.897524578133714
2022-01-14,9.75957404589636
2022-01-15,9.452645653952967
2022-01-16,8.976739405144816
2022-01-17,8.581294371457254
2022-01-18,8.266310552038822
2022-01-19,8.031787947025116
2022-01-20,7.877726556650328
2022-01-21,7.804126379649439
2022-01-22,20.91601924262428
2022-01-23,16.89901834173826
2022-01-24,7.805157800648495
2022-01-25,17.732334968142776
2022-01-26,7.077431693525328
2022-01-27,15.049535101821753
2022-01-28,5.627809094878825
2022-01-29,4.632286610881396
2022-01-30,3.456290004501068
2022-01-31,17.573963143693728
2022-02-01,13.026632296314483
2022-02-02,10.521048698155209
2022-02-03,3.2446759685988398
2022-02-04,4.328547975271591
2022-02-05,27.839772290249357
2022-02-06,7.863159091264401
2022-02-07,9.338996935257864
2022-02-08,10.295555887324031
2022-02-09,10.732835940101939
2022-02-10,10.650837098628593
2022-02-11,21.256441734364152
2022-02-12,8.929002728442313
2022-02-13,16.23387145864017
2022-02-14,15.270634154915442
2022-02-15,11.109690034474067
2022-02-16,4.557102561791732
2022-02-17,11.786145137819872
2022-02-18,16.07750136895666
2022-02-19,15.611027946722537
2022-02-20,15.275109758419276
2022-02-21,16.020362855723672
2022-02-22,7.677986599397912
2022-02-23,17.618135975563035
2022-02-24,16.894531902957993
2022-02-25,18.588204313616224
2022-02-26,22.66315037486649
2022-02-27,10.865932902370481
2022-02-28,20.098927295472286
2022-03-01,19.57570958899894
2022-03-02,21.107393840901267
2022-03-03,18.609500989456386
2022-03-04,11.35397371249502
2022-03-05,23.028677069919198
2022-03-06,22.09312772762134
2022-03-07,24.874971639770667
2022-03-08,16.857065804746266
2022-03-09,22.05930142278566
2022-03-10,18.913980365845713
2022-03-11,27.100652100557944
2022-03-12,28.21386747486214
2022-03-13,28.07808507762476
2022-03-14,24.267860515112467
2022-03-15,22.087611430316993
2022-03-16,21.77135625000809
2022-03-17,28.415496238698374
2022-03-18,27.380878781532864
2022-03-19,36.16688169216566
2022-03-20,25.417193605376788
2022-03-21,29.224805298651056
2022-03-22,27.750154705135117
2022-03-23,30.489989551913645
2022-03-24,29.091652191051768
2022-03-25,31.779790192393627
2022-03-26,39.4164714278079
2022-03-27,32.358149268343496
2022-03-28,28.806027591305995
2022-03-29,27.121977423014386
2022-03-30,26.031898441418868
2022-03-31,27.173919630461562
2022-04-01,24.151537359404546
2022-04-02,30.029796560655555
2022-04-03,25.021139264615194
2022-04-04,21.937149343857957
2022-04-05,30.372582237466503
2022-04-06,24.741423434569832
2022-04-07,26.113331852831642
2022-04-08,16.964927791521987
2022-04-09,26.994549543873518
2022-04-10,26.87188779447765
2022-04-11,27.552384371814647
2022-04-12,30.35614321610369
2022-04-13,31.850894089090772
2022-04-14,31.724612421043396
2022-04-15,34.033617586218234
2022-04-16,41.58613069170093
2022-04-17,31.60435832753547
2022-04-18,37.40114661660812
2022-04-19,30.582259942773952
2022-04-20,32.989418008125476
2022-04-21,27.14924505120848
2022-04-22,41.45597668841836
2022-04-23,49.387524705174066
2022-04-24,35.654685309680815
2022-04-25,33.24202672771802
2022-04-26,29.980590839779637
2022-04-27,33.983016393079865
2022-04-28,32.144271563466084
2022-04-29,36.945339041323905
2022-04-30,41.20965377859771
2022-05-01,37.44862616336819
2022-05-02,35.38682969060639
2022-05-03,32.21604325345561
2022-05-04,32.616635362085006
2022-05-05,29.724065537629485
2022-05-06,40.38766040786819
2022-05-07,45.30990058715749
2022-05-08,28.24150668765716
2022-05-09,36.44604072479325
2022-05-10,32.92258943098895
2022-05-11,33.7504188062591
2022-05-12,32.32500884877146
2022-05-13,34.34080790413003
2022-05-14,46.42833803025596
2022-05-15,32.886788326647135
2022-05-16,33.75378974611807
2022-05-17,32.93407502846566
2022-05-18,29.17954590720222
2022-05-19,30.420826796238842
2022-05-20,30.235412023049577
2022-05-21,30.96348584056767
2022-05-22,31.834987616177244
2022-05-23,28.674249105538145
2022-05-24,27.015706057952876
2022-05-25,25.375241624194985
2022-05-26,26.879101948026104
2022-05-27,35.47959821399829
2022-05-28,36.277557337931114
2022-05-29,16.167947496294975
2022-05-30,24.236832968563938
2022-05-31,16.04671497617366
2022-06-01,25.062228350958147
2022-06-02,24.853737950353306
2022-06-03,26.212093388728874
2022-06-04,28.77326600799909
2022-06-05,12.827703974487463
2022-06-06,28.07917400387508
2022-06-07,20.90545415272801
2022-06-08,21.692936892988886
2022-06-09,17.02256567688481
2022-06-10,20.595419254832002
2022-06-11,26.12700281957692
2022-06-12,9.383408318475631
2022-06-13,18.342886272321177
2022-06-14,21.906988153984983
2022-06-15,20.153720102331032
2022-06-16,22.391815038017217
2022-06-17,21.184687445933477
2022-06-18,22.434802052787106
2022-06-19,10.124897743881126
2022-06-20,17.839689222942837
2022-06-21,10.268396298064129
2022-06-22,10.110806237436416
2022-06-23,18.945043293034622
2022-06-24,16.409504296349876
2022-06-25,21.539688005704782
2022-06-26,7.951517072410957
2022-06-27,16.699197067037947
2022-06-28,15.254166858862114
2022-06-29,21.375824732609548
2022-06-30,18.57887271715658
2022-07-01,16.12003964144569
2022-07-02,20.93758763834321
2022-07-03,9.03162707573396
2022-07-04,19.80181404503382
2022-07-05,19.86151985329731
2022-07-06,10.380836628167526
2022-07-07,18.70391730656133
2022-07-08,21.6409360438264
2022-07-09,28.444621349510705
2022-07-10,9.664654457169451
2022-07-11,20.625136549181427
2022-07-12,20.1648267983705
2022-07-13,18.762550254479486
2022-07-14,21.436702042034245
2022-07-15,26.67916341681772
2022-07-16,10.126016089933003
2022-07-17,10.728326869512898
2022-07-18,21.159148103729017
2022-07-19,11.38611519805438
2022-07-20,23.116511973012585
2022-07-21,11.314792554896641
2022-07-22,21.902572583333246
2022-07-23,28.637785885444245
2022-07-24,9.84072551719578
2022-07-25,24.818670122269626
2022-07-26,30.38221918621207
2022-07-27,8.745972379510404
2022-07-28,18.830568811936374
2022-07-29,8.787926229150981
2022-07-30,24.43365191816961
2022-07-31,9.447311497857324
2022-08-01,9.66030383176726
2022-08-02,21.130196265553153
2022-08-03,9.534286401397283
2022-08-04,19.336075073812243
2022-08-05,23.505434064558614
2022-08-06,23.590485265086308
2022-08-07,18.879172613255022
2022-08-08,19.142224938358062
2022-08-09,17.595108061281508
2022-08-10,19.230215055286493
2022-08-11,15.726890797381472
2022-08-12,5.108979693213566
2022-08-13,19.020973270111085
2022-08-14,5.484779036214852
2022-08-15,23.47121990190528
2022-08-16,6.285044623103435
2022-08-17,16.019142078105038
2022-08-18,7.42995001837836
2022-08-19,19.676551630606887
2022-08-20,21.880515705146095
2022-08-21,9.793507749753253
2022-08-22,10.372109814644704
2022-08-23,10.655301414620933
2022-08-24,23.25407547772178
2022-08-25,22.114380637518906
2022-08-26,9.732413432818356
2022-08-27,8.833963175683277
2022-08-28,7.640102454961421
2022-08-29,6.712453061904385
2022-08-30,15.645770439666421
2022-08-31,5.655788259440847
2022-09-01,5.526772849371876
2022-09-02,16.122430647418856
2022-09-03,27.79600211665411
2022-09-04,6.770827853630575
2022-09-05,7.298458728270081
2022-09-06,7.667185268335021
2022-09-07,17.813789848663454
2022-09-08,7.927925351659995
2022-09-09,7.81993889460086
2022-09-10,21.204122919829114
2022-09-11,7.1272529807313285
2022-09-12,6.804390693038293
2022-09-13,18.597407081792344
2022-09-14,26.4890410271243
2022-09-15,6.453400855658771
2022-09-16,6.542269915932572
2022-09-17,6.734071814237832
2022-09-18,7.028806548295823
2022-09-19,7.166941545070484
2022-09-20,7.148476804063285
2022-09-21,6.9734123249352304
2022-09-22,21.23489709720007
2022-09-23,6.153484152251685
2022-09-24,23.034000318202153
2022-09-25,4.707157028434075
2022-09-26,14.92867731496055
2022-09-27,3.8006324699783187
2022-09-28,14.59042914966727
2022-09-29,15.289547165230925
2022-09-30,22.773315194087736
2022-10-01,4.773192574034258
2022-10-02,5.590106247952113
2022-10-03,6.17373902433467
2022-10-04,17.612963982749633
2022-10-05,18.954131339923705
2022-10-06,6.524951959930511
2022-10-07,6.175461141952422
2022-10-08,23.53410204152252
2022-10-09,18.24569729708801
2022-10-10,19.487815826046464
2022-10-11,4.170639655793307
2022-10-12,4.3806951133108
2022-10-13,19.25991463980374
2022-10-14,5.826914099023572
2022-10-15,21.39020567382021
2022-10-16,8.641277183253788
2022-10-17,9.908293668023441
2022-10-18,10.864127086240046
2022-10-19,11.50877743725701
2022-10-20,11.8422447199572
2022-10-21,11.864528936475768
2022-10-22,27.440879235107243
2022-10-23,10.975548166992978
2022-10-24,10.293553474185893
2022-10-25,24.376814998709833
2022-10-26,8.683825767686779
2022-10-27,7.756092754231881
2022-10-28,6.746446966382203
2022-10-29,22.426208891921505
2022-10-30,4.481417065862836
2022-10-31,27.936398734034956
2022-11-01,15.747087839352417
2022-11-02,2.3859118325224067
2022-11-03,15.5470512117652
2022-11-04,21.47584831136083
2022-11-05,15.77995729568746
2022-11-06,19.41302795249966
2022-11-07,3.274797494197024
2022-11-08,3.6561232827482266
2022-11-09,20.53300342696774
2022-11-10,15.994453009559528
2022-11-11,18.512713786336576
2022-11-12,28.139789857664788
2022-11-13,19.913715841980967
2022-11-14,4.998483148528698
2022-11-15,4.949788958854701
2022-11-16,4.790454052245072
2022-11-17,17.33948772601969
2022-11-18,18.156965708801554
2022-11-19,30.122689438543286
2022-11-20,19.968039515700855
2022-11-21,15.472879426015368
2022-11-22,18.509356576468427
2022-11-23,2.7954016495099285
2022-11-24,13.864599726762986
2022-11-25,14.558025106313345
2022-11-26,25.495301271038283
2022-11-27,20.544370714686558
2022-11-28,7.030889807847091
2022-11-29,7.7066499071349925
2022-11-30,19.919442196199476
2022-12-01,8.254478292349038
2022-12-02,8.135536070342347
2022-12-03,25.303067506254408
2022-12-04,19.145875081341693
2022-12-05,6.6689720434624595
2022-12-06,6.401817307871846
2022-12-07,6.319464091496914
2022-12-08,17.550788624975667
2022-12-09,18.95612647986348
2022-12-10,7.1812135577918745
2022-12-11,7.838066418514052
2022-12-12,8.229806196159746
2022-12-13,8.356432889792533
2022-12-14,8.217946497777374
2022-12-15,7.81434702322223
2022-12-16,7.145634465231185
2022-12-17,20.668947104131334
2022-12-18,16.96581121020705
2022-12-19,4.157140179054887
2022-12-20,3.644619071310767
2022-12-21,3.4753067731155145
2022-12-22,17.612302666571935
2022-12-23,26.164040593097113
2022-12-24,5.026622733952521
2022-12-25,6.2301456733154055
2022-12-26,7.202480377743962
2022-12-27,7.943626849884621
2022-12-28,8.453585087232778
2022-12-29,8.732355091825376
2022-12-30,8.77993686149966
2022-12-31,8.596330399689672
2023-01-01,8.18153570265711
2023-01-02,7.852331493910468
2023-01-03,7.608717772838446
2023-01-04,7.450694538358665
2023-01-05,7.37826179269708
2023-01-06,7.391419533778316
2023-01-07,7.490167760647219
2023-01-08,7.674506476358513
2023-01-09,7.8460040037048415
2023-01-10,8.004660344869626
2023-01-11,8.150475496659574
2023-01-12,8.283449460494726
2023-01-13,8.4035822367585
2023-01-14,8.510873825347419
2023-01-15,8.605324226942386
2023-01-16,20.55058820429937
2023-01-17,8.151815956678746
2023-01-18,7.603857284815334
2023-01-19,6.841762256118718
2023-01-20,5.865530869274604
2023-01-21,4.675163124862066
2023-01-22,3.2706590234360453
2023-01-23,2.337205715344854
2023-01-24,1.8748032047776535
2023-01-25,18.056724891875675
2023-01-26,2.3631505713471856
2023-01-27,17.27699983045221
2023-01-28,20.050906960584058
2023-01-29,18.35547590438316
2023-01-30,7.946513060283828
2023-01-31,8.68958253558734
2023-02-01,8.857761017714479
2023-02-02,8.444985004121898
2023-02-03,7.451254498843563
2023-02-04,5.87656949703826
2023-02-05,3.720930002911333
2023-02-06,12.269140329579166
2023-02-07,11.239603612231203
2023-02-08,0.320295280319816
2023-02-09,18.800308756777703
2023-02-10,17.22375013676391
2023-02-11,16.340253141631287
2023-02-12,2.9407777581297694
2023-02-13,16.302490865766444
2023-02-14,15.342157777680656
2023-02-15,16.57107851117116
2023-02-16,6.59819872411078
2023-02-17,17.01400568965465
2023-02-18,19.282252607400796
2023-02-19,7.210451914979519
2023-02-20,20.35582039355466
2023-02-21,18.921224618912554
2023-02-22,7.593033572203288
2023-02-23,17.961734526460937
2023-02-24,8.164031380722609
2023-02-25,23.417484334072583
2023-02-26,8.987783886622942
2023-02-27,17.510724510972558
2023-02-28,23.556303977510765
2023-03-01,9.339121954852159
2023-03-02,9.134985650403745
2023-03-03,8.772779296704792
2023-03-04,26.997978820631406
2023-03-05,21.27723536319653
2023-03-06,20.736733234019844
2023-03-07,20.360077466285976
2023-03-08,15.54490569362305
2023-03-09,6.239213821216083
2023-03-10,14.414731792764167
2023-03-11,24.73025171782815
2023-03-12,6.685372151392819
2023-03-13,23.755657551076247
2023-03-14,20.816767705101437
2023-03-15,20.594491929253813
2023-03-16,17.70640643689654
2023-03-17,25.751581949159814
2023-03-18,24.164399235826075
2023-03-19,21.9035636587664
2023-03-20,23.33557258478259
2023-03-21,23.058000654080473
2023-03-22,26.09524346184386
2023-03-23,21.656451392916363
2023-03-24,25.940899894651807
2023-03-25,23.997411789074945
2023-03-26,25.13471999651047
2023-03-27,16.62686820432551
2023-03-28,20.39358225965698
2023-03-29,22.835791441821073
2023-03-30,22.31536676962895
2023-03-31,24.16272793746458
2023-04-01,31.91415337164963
2023-04-02,25.339832006404848
2023-04-03,29.036288037386697
2023-04-04,26.656234362661202
2023-04-05,28.826507682497514
2023-04-06,28.35854200964281
2023-04-07,22.432115292833085
2023-04-08,35.749172437542
2023-04-09,30.89276742311411
2023-04-10,36.63498122098923
2023-04-11,29.755985622398228
2023-04-12,24.296886151093126
2023-04-13,22.051824069510108
2023-04-14,33.8376510388383
2023-04-15,40.984897122732406
2023-04-16,14.657291901815581
2023-04-17,28.7558662234605
2023-04-18,32.63063216832941
2023-04-19,32.930113207006855
2023-04-20,30.39836792331806
2023-04-21,42.052736174962
2023-04-22,43.31528282067602
2023-04-23,36.37017983147162
2023-04-24,29.65020004207139
2023-04-25,23.467368018589593
2023-04-26,28.118494478315135
2023-04-27,28.626400195340892
2023-04-28,28.423355410031796
2023-04-29,44.98273588647912
2023-04-30,32.12490567523835
2023-05-01,41.60892913994444
2023-05-02,31.814574446963533
2023-05-03,36.41649296765868
2023-05-04,25.784351762799503
2023-05-05,32.63672692109489
2023-05-06,37.80410913716974
2023-05-07,36.8141462801173
2023-05-08,36.61827798932663
2023-05-09,28.97385528230599
2023-05-10,25.581799428494705
2023-05-11,28.8863028701344
2023-05-12,30.748724814214512
2023-05-13,35.56341124881288
2023-05-14,32.9295432668921
2023-05-15,29.553057999512465
2023-05-16,23.22378143168408
2023-05-17,25.362612784474983
2023-05-18,25.448723704129147
2023-05-19,32.67283781991683
2023-05-20,40.430435125068634
2023-05-21,12.706679995355255
2023-05-22,32.51886804463288
2023-05-23,28.621389756022438
2023-05-24,25.76819412795915
2023-05-25,25.571408093930202
2023-05-26,33.751482050525986
2023-05-27,38.555490634164805
2023-05-28,29.47860674752264
2023-05-29,30.42684311662954
2023-05-30,26.058991852978053
2023-05-31,26.931884148772646
2023-06-01,22.04465385090529
2023-06-02,28.477049727789286
2023-06-03,32.211968146274074
2023-06-04,26.882907838669617
2023-06-05,19.781352014608693
2023-06-06,21.50613517071801
2023-06-07,21.474424068194416
2023-06-08,24.314583122789365
2023-06-09,26.724352330356233
2023-06-10,30.419866811869667
2023-06-11,21.776053795967023
2023-06-12,18.822227429041916
2023-06-13,23.534543301536658
2023-06-14,23.588031009005206
2023-06-15,17.24055338373453
2023-06-16,26.62985344022675
2023-06-17,8.068491451712728
2023-06-18,8.182138485164042
2023-06-19,20.01521926802878
2023-06-20,18.917792990434016
2023-06-21,21.947202657647924
2023-06-22,7.261728570001545
2023-06-23,17.556732338304446
2023-06-24,29.482375515453764
2023-06-25,18.70074185900151
2023-06-26,23.194055595139574
2023-06-27,20.964584736358177
2023-06-28,4.367727383349381
2023-06-29,17.970992554697688
2023-06-30,16.582822099729057
2023-07-01,24.817153993039625
2023-07-02,7.519401419910636
2023-07-03,18.158958752984383
2023-07-04,8.954063901865384
2023-07-05,21.377982259004376
2023-07-06,18.76782717717202
2023-07-07,8.534182126056463
2023-07-08,26.273849817181098
2023-07-09,18.76063949236439
2023-07-10,16.22167624597073
2023-07-11,5.395915971416828
2023-07-12,15.61366798823674
2023-07-13,5.843701706825428
2023-07-14,17.87130708566084
2023-07-15,26.838526937721355
2023-07-16,9.499531004591228
2023-07-17,10.72853677945228
2023-07-18,20.670768348793032
2023-07-19,12.024076081281823
2023-07-20,12.090609605179761
2023-07-21,23.730594123029032
2023-07-22,11.061204403599495
2023-07-23,22.654264745902054
2023-07-24,9.003548740676475
2023-07-25,8.176053593645964
2023-07-26,16.271472209437825
2023-07-27,21.744895606385136
2023-07-28,6.4988988802298095
2023-07-29,18.169232631360625
2023-07-30,25.657448322191968
2023-07-31,20.935445407281286
2023-08-01,5.639352709290932
2023-08-02,5.382085292139488
2023-08-03,18.533514807648086
2023-08-04,14.46322957490666
2023-08-05,19.66731576228463
2023-08-06,4.009400584631088
2023-08-07,18.260027769310973
2023-08-08,20.91992988084952
2023-08-09,16.149434480484658
2023-08-10,4.3125702302600075
2023-08-11,18.24992282811323
2023-08-12,19.036427515132928
2023-08-13,6.516072008593458
2023-08-14,19.731413387579728
2023-08-15,8.108469718293291
2023-08-16,20.2030640372349
2023-08-17,9.363523229890053
2023-08-18,22.08550812784282
2023-08-19,10.281232543327464
2023-08-20,10.613583125469125
2023-08-21,10.833145717792291
2023-08-22,20.456669619315257
2023-08-23,10.933906928864731
2023-08-24,10.815105548679856
2023-08-25,10.58351617582331
2023-08-26,22.0960723690309
2023-08-27,9.781973460327272
2023-08-28,19.538783583125223
2023-08-29,18.135886325643156
2023-08-30,8.537515079245653
2023-08-31,8.165041511067942
2023-09-01,20.654751926219493
2023-09-02,7.47139191384126
2023-09-03,7.137994582095307
2023-09-04,20.627930262668478
2023-09-05,18.610889634924998
2023-09-06,7.015339478069469
2023-09-07,17.849799978911896
2023-09-08,7.6648501511279
2023-09-09,8.208989710138283
2023-09-10,8.899385417510704
2023-09-11,18.826244815288558
2023-09-12,23.194403010165612
2023-09-13,9.600883451589258
2023-09-14,9.378153099982129
2023-09-15,8.927141234584495
2023-09-16,8.247847853313527
2023-09-17,7.34027295769226
2023-09-18,6.495859684755707
2023-09-19,16.271439223130187
2023-09-20,4.996518001854039
2023-09-21,14.066355272569108
2023-09-22,14.358658092150428
2023-09-23,15.234163478768476
2023-09-24,17.31692056533892
2023-09-25,14.495689005325708
2023-09-26,15.611164869065652
2023-09-27,2.5139191613095226
2023-09-28,2.8181260818358878
2023-09-29,12.939503423915852
2023-09-30,4.00377777477026
2023-10-01,4.885222545480996
2023-10-02,5.7530264810496945
2023-10-03,17.320033053761843
2023-10-04,7.447711840920954
2023-10-05,8.27459326541866
2023-10-06,9.087833855831706
2023-10-07,23.434500235912903
2023-10-08,10.673392525940162
2023-10-09,11.21689267095574
2023-10-10,11.517934045424816
2023-10-11,11.57651664551668
2023-10-12,11.392640474511758
2023-10-13,10.966305532695303
2023-10-14,25.346696713319297
2023-10-15,9.386259330449114
2023-10-16,22.587187593095237
2023-10-17,8.065002708501632
2023-10-18,18.445848190191654
2023-10-19,7.412077222995688
2023-10-20,7.336238655746042
2023-10-21,7.427482872267834
2023-10-22,7.685809873760132
2023-10-23,7.93251840629042
2023-10-24,17.424337298207973
2023-10-25,21.44410779345138
2023-10-26,8.602933191459499
2023-10-27,8.803167850479031
2023-10-28,8.991784039495759
2023-10-29,9.168781761300083
2023-10-30,9.089805995723047
2023-10-31,17.659557855104026
2023-11-01,8.163934008944198
2023-11-02,7.333360528772449
2023-11-03,22.696430178238682
2023-11-04,21.152536785840148
2023-11-05,14.948644613272764
2023-11-06,2.252105653229105
2023-11-07,13.355304974990819
2023-11-08,11.28333136166296
2023-11-09,16.78581853167448
2023-11-10,15.457632302262434
2023-11-11,27.6583756808388
2023-11-12,24.525776202065014
2023-11-13,16.99030194333703
2023-11-14,5.615997313456262
2023-11-15,19.73917210408475
2023-11-16,19.372677932238844
2023-11-17,7.108718893143889
2023-11-18,30.119009048171833
2023-11-19,30.374979524934172
2023-11-20,24.700085203766868
2023-11-21,7.295869547680422
2023-11-22,18.231487396421166
2023-11-23,25.21239604188158
2023-11-24,8.035004756918527
2023-11-25,36.64482069203034
2023-11-26,30.669515743475852
2023-11-27,22.98270862590386
2023-11-28,9.242057442641876
2023-11-29,9.105109930827453
2023-11-30,8.764778991076097
2023-12-01,18.037837544753007
2023-12-02,7.4455136087108835
2023-12-03,6.438125948505383
2023-12-04,17.673721669497578
2023-12-05,14.21417980221285
2023-12-06,5.2642250789651825
2023-12-07,5.489012160140692
2023-12-08,6.0218429262537265
2023-12-09,29.276482122163245
2023-12-10,8.011635512107933
2023-12-11,9.066022327249605
2023-12-12,10.025877817833438
2023-12-13,10.89120198652935
2023-12-14,11.661994832474551
2023-12-15,12.338256355399494
2023-12-16,12.919986555781302
2023-12-17,13.40718543536954
2023-12-18,13.630625528726082
2023-12-19,13.590306837763594
2023-12-20,13.28622936243326
2023-12-21,12.71839310101444
2023-12-22,11.886798055150715
2023-12-23,10.79144422490787
2023-12-24,9.432331609004464
2023-12-25,8.393850949250796
2023-12-26,7.676002249552418
2023-12-27,7.278785506048653
2023-12-28,7.2022007209898575
2023-12-29,7.446247892567221
2023-12-30,8.010927021628989
2023-12-31,8.896238108328898
2024-01-01,23.610907731069382
2024-01-02,20.040358663717754
2024-01-03,10.029523517761897
2024-01-04,9.91168829233635
2024-01-05,9.54605455112728
2024-01-06,8.932622294647329
2024-01-07,8.07139152445883
2024-01-08,7.430531592711761
2024-01-09,7.010042498952913
2024-01-10,6.809924242080552
2024-01-11,6.830176824473249
2024-01-12,7.0708002452053735
2024-01-13,7.531794503827543
2024-01-14,8.213159600848435
2024-01-15,8.731946160911868
2024-01-16,9.088154183876318
2024-01-17,9.281783669010684
2024-01-18,9.312834616632632
2024-01-19,9.181307027596779
2024-01-20,8.887200900976204
2024-01-21,8.430516235875707
2024-01-22,8.022066361383366
2024-01-23,7.661851275352273
2024-01-24,15.774534294822432
2024-01-25,7.086125473805806
2024-01-26,6.8706147564702675
2024-01-27,6.70333882905755
2024-01-28,6.58429769214437
2024-01-29,6.60019595088825
2024-01-30,6.751033607099757
2024-01-31,15.221455076155305
2024-02-01,7.4575271083355945
2024-02-02,8.005012097169232
2024-02-03,8.679265626299163
2024-02-04,9.480287694274214
2024-02-05,10.105133542416318
2024-02-06,10.553803168217494
2024-02-07,10.826296575468952
2024-02-08,10.922613759339166
2024-02-09,10.842754723343514
2024-02-10,21.403571129184545
2024-02-11,10.154507988034027
2024-02-12,9.862585157618865
2024-02-13,9.71095097324541
2024-02-14,9.699605435403395
2024-02-15,18.901262882824305
2024-02-16,10.097780299305423
2024-02-17,22.65025677434406
2024-02-18,11.057109749035295
2024-02-19,11.495703423266646
2024-02-20,21.989882206910593
2024-02-21,21.451985763458488
2024-02-22,20.750869851741317
2024-02-23,23.474816996064156
2024-02-24,23.799368606493218
2024-02-25,24.870772401550852
2024-02-26,20.943497126513112
2024-02-27,20.202187191333373
2024-02-28,11.079931880978776
2024-02-29,10.8340899491697
2024-03-01,18.240565019465212
2024-03-02,23.576239483480194
2024-03-03,10.10579569027902
2024-03-04,21.784033990344696
2024-03-05,17.83974426909166
2024-03-06,16.110330951809722
2024-03-07,18.129914828312405
2024-03-08,20.154201088618155
2024-03-09,25.77147225945993
2024-03-10,20.342575726103114
2024-03-11,17.102350451756628
2024-03-12,20.145118801587245
2024-03-13,9.101276976390496
2024-03-14,17.97350217386267
2024-03-15,21.841832324137968
2024-03-16,32.405188537320875
2024-03-17,30.128032690230782
2024-03-18,27.160455211952836
2024-03-19,27.194746817255595
2024-03-20,21.20819710344953
2024-03-21,21.39576623769173
2024-03-22,13.40432412889607
2024-03-23,35.92491711336373
2024-03-24,11.70546275637016
2024-03-25,19.70290808756645
2024-03-26,26.400614180885416
2024-03-27,22.269830787125027
2024-03-28,22.007715087666842
2024-03-29,25.254238737664373
2024-03-30,26.412961098955822
2024-03-31,25.623893195951386
2024-04-01,30.798706564101487
2024-04-02,25.80823807315175
2024-04-03,29.47796994655844
2024-04-04,30.731030047919198
2024-04-05,31.595578062576752
2024-04-06,45.332658101210036
2024-04-07,43.07999769370245
2024-04-08,41.57493566384528
2024-04-09,40.60945563595156
2024-04-10,35.81521366706051
2024-04-11,35.3968557492702
2024-04-12,40.90250377657491
2024-04-13,42.595391120855496
2024-04-14,30.442727854802868
2024-04-15,27.907863444302098
2024-04-16,22.76383520363256
2024-04-17,25.3494571543311
2024-04-18,17.59330644663045
2024-04-19,16.266703566998864
2024-04-20,27.48012962541125
2024-04-21,18.340994825972206
2024-04-22,14.463203278921231
2024-04-23,13.92260348503754
2024-04-24,17.99329576234578
2024-04-25,20.538796952200613
2024-04-26,26.44749194549651
2024-04-27,36.00540325767012
2024-04-28,34.67738647004062
2024-04-29,34.10675347534762
2024-04-30,35.41159230704734
2024-05-01,43.89632060786405
2024-05-02,37.53079068671589
2024-05-03,38.78077138408892
2024-05-04,50.766508374228565
2024-05-05,44.78174146947363
2024-05-06,44.97187860821218
2024-05-07,43.848330176179644
2024-05-08,43.90729271363552
2024-05-09,39.22029944085688
2024-05-10,52.565143765206045
2024-05-11,52.73936896485755
2024-05-12,30.070213454826987
2024-05-13,27.382593482408257
2024-05-14,22.21074020711966
2024-05-15,19.547046704892097
2024-05-16,18.14341470551602
2024-05-17,26.42450752427237
2024-05-18,31.909342472248746
2024-05-19,21.804912294382866
2024-05-20,24.70839478866656
2024-05-21,19.714143954489863
2024-05-22,24.295535553636494
2024-05-23,20.979193823748858
2024-05-24,25.054322559049872
2024-05-25,31.84055325035402
2024-05-26,27.920829505069605
2024-05-27,23.63474912402414
2024-05-28,23.038631479979003
2024-05-29,23.012230898544768
2024-05-30,24.179596515235424
2024-05-31,27.476802030862665
2024-06-01,27.911454371629752
2024-06-02,19.836684135774888
2024-06-03,19.85530857959219
2024-06-04,18.60659068712215
2024-06-05,18.586726996754717
2024-06-06,20.107742074355958
2024-06-07,20.985463950400597
2024-06-08,33.38885074620344
2024-06-09,18.00280699052086
2024-06-10,9.935685402946072
2024-06-11,9.81153511815552
2024-06-12,17.630356134354365
2024-06-13,17.47889552372701
2024-06-14,17.469792033932755
2024-06-15,10.738505187985078
2024-06-16,11.326140508247992
2024-06-17,19.977013388423092
2024-06-18,19.217748063350296
2024-06-19,12.792639338894823
2024-06-20,13.182669906108519
2024-06-21,24.132134570740334
2024-06-22,20.991092521474837
2024-06-23,14.056354477501273
2024-06-24,14.031934843822853
2024-06-25,13.74126857651797
2024-06-26,18.800797883706917
2024-06-27,12.361196137763457
2024-06-28,19.072404146328616
2024-06-29,19.588898743071642
2024-06-30,8.294237716464705
2024-07-01,21.02028091097808
2024-07-02,11.448048003303857
2024-07-03,9.618570937605039
2024-07-04,4.97501852231292
2024-07-05,8.573461258475685
2024-07-06,8.220672443653282
2024-07-07,9.746711109799215
2024-07-08,16.99320132655962
2024-07-09,6.906327954522331
2024-07-10,10.647401621375666
2024-07-11,21.91695490907518
2024-07-12,17.690546417127813
2024-07-13,28.178097580236198
2024-07-14,8.136046151267971
2024-07-15,20.871572779371867
2024-07-16,18.369023273787434
2024-07-17,15.369407887493075
2024-07-18,17.623052316583045
2024-07-19,9.962302607313418
2024-07-20,23.605811757503595
2024-07-21,13.978073400051233
2024-07-22,19.037398904126288
2024-07-23,8.346629230844364
2024-07-24,11.603571503893233
2024-07-25,9.151991527677179
2024-07-26,10.761702544621702
2024-07-27,17.720865793713696
2024-07-28,21.230205926939416
2024-07-29,22.37677300023001
2024-07-30,25.53948745902015
2024-07-31,18.734352948681853
2024-08-01,7.452357454260922
2024-08-02,10.997052962404503
2024-08-03,14.483526759709335
2024-08-04,6.253463190028973
2024-08-05,12.719476447006635
2024-08-06,16.27264370483728
2024-08-07,25.609945285395856
2024-08-08,17.175516013778765
2024-08-09,13.119800424150995
2024-08-10,7.472441401645985
2024-08-11,20.61059715128552
2024-08-12,14.036239605249662
2024-08-13,8.50488615687652
2024-08-14,7.947138614879278
2024-08-15,7.265571579270412
2024-08-16,13.340382292439399
2024-08-17,34.43938578733004
2024-08-18,9.02550929656572
2024-08-19,20.80536769851696
2024-08-20,31.08861525115058
2024-08-21,13.513797650552634
2024-08-22,8.730746554737127
2024-08-23,9.180997887802992
2024-08-24,8.122008581014466
2024-08-25,8.697706684858224
2024-08-26,16.187996854592555
2024-08-27,5.936298856824716
2024-08-28,18.558413234147068
2024-08-29,8.801043832584634
2024-08-30,6.1263242560087185
2024-08-31,26.944273601760884
2024-09-01,9.775040153859921
2024-09-02,9.024858433308712
2024-09-03,10.163923402362167
2024-09-04,6.393956583235205
2024-09-05,6.7325724029583665
2024-09-06,9.942548463362272
2024-09-07,21.853874448045463
2024-09-08,8.901509146492703
2024-09-09,10.650125259378584
2024-09-10,12.477188048792549
2024-09-11,7.117814618485845
2024-09-12,5.763223654869503
2024-09-13,8.95625309335728
2024-09-14,27.77860731319258
2024-09-15,7.609271443171776
2024-09-16,19.292694724414204
2024-09-17,22.463484704663227
2024-09-18,9.42132081612312
2024-09-19,10.716751308684959
2024-09-20,10.773621224013695
2024-09-21,17.460516591448243
2024-09-22,9.876481726330466
2024-09-23,14.346499351838819
2024-09-24,9.37725885520079
2024-09-25,6.196942853976695
2024-09-26,6.774774167140658
2024-09-27,7.172754169559231
2024-09-28,8.028966950710753
2024-09-29,5.838483102210007
2024-09-30,6.3086565999356425
2024-10-01,16.736604406237166
2024-10-02,7.6967109191987575
2024-10-03,5.6119230423601545
2024-10-04,24.28340163576648
2024-10-05,11.806129466572925
2024-10-06,6.063677433439952
2024-10-07,9.728204121805948
2024-10-08,7.10823863835522
2024-10-09,6.170442905600428
2024-10-10,6.2162711685628995
2024-10-11,16.48724193306025
2024-10-12,10.31019606026755
2024-10-13,8.6224850390926
2024-10-14,7.041124624166802
2024-10-15,9.559134545701239
2024-10-16,17.03217439657994
2024-10-17,21.506937125680775
2024-10-18,17.809568561138885
2024-10-19,20.66718568785929
2024-10-20,9.331261254152992
2024-10-21,11.194129766226936
2024-10-22,13.386611402766889
2024-10-23,15.887655147349811
2024-10-24,8.654412387224696
2024-10-25,12.157075885729254
2024-10-26,10.120655559563566
2024-10-27,12.44572166762066
2024-10-28,11.729667487217858
2024-10-29,9.162808963315936
2024-10-30,8.90316236270795
2024-10-31,18.28214937120418
2024-11-01,25.029114968067248
2024-11-02,20.779146483536827
2024-11-03,9.031447348416105
2024-11-04,9.672059782789516
2024-11-05,16.798209102126858
2024-11-06,4.572465316596186
2024-11-07,6.327582370900015
2024-11-08,9.048319687407492
2024-11-09,28.17877095026529
2024-11-10,26.16599382168388
2024-11-11,9.374475921904526
2024-11-12,10.845718991928251
2024-11-13,19.98148508977845
2024-11-14,12.161414981708948
2024-11-15,18.801692148782855
2024-11-16,23.796412507196035
2024-11-17,26.357229632178726
2024-11-18,16.712788957196114
2024-11-19,5.574415589650713
2024-11-20,17.902305298187308
2024-11-21,7.99922850419647
2024-11-22,9.71013535942405
2024-11-23,18.81944660109377
2024-11-24,12.292510073899912
2024-11-25,19.273608227897405
2024-11-26,5.2959462446248144
2024-11-27,12.187143662781715
2024-11-28,5.776625856281134
2024-11-29,9.99077611105722
2024-11-30,9.69845998568503
2024-12-01,17.8832340880301
2024-12-02,8.650364589360855
2024-12-03,9.603307290522395
2024-12-04,11.250322491577062
2024-12-05,8.132171199952708
2024-12-06,11.06491112553837
2024-12-07,13.794028351160094
2024-12-08,10.017761506755257
2024-12-09,5.968962007683147
2024-12-10,11.794990185352255
2024-12-11,6.20284609232324
2024-12-12,11.52139094695023
2024-12-13,5.498780717286143
2024-12-14,24.75842318413162
2024-12-15,11.464882057493442
2024-12-16,6.105710588893618
2024-12-17,8.447335837182962
2024-12-18,7.235537810707219
2024-12-19,8.95028926413718
2024-12-20,9.512031547951796
2024-12-21,13.975288247579291
2024-12-22,13.233446447355526
2024-12-23,16.26666932158819
2024-12-24,19.365790658347375
2024-12-25,10.317108150173244
2024-12-26,10.205095241061024
2024-12-27,10.494665110407901
2024-12-28,10.280434790681582
2024-12-29,7.65316846611538
2024-12-30,9.145417493115751
2024-12-31,7.837453372708231
2025-01-01,6.998104906680131
2025-01-02,20.359757551982643
2025-01-03,8.475713642992242
2025-01-04,21.79419011035303
2025-01-05,9.083724681899728
2025-01-06,8.494134917658874
2025-01-07,9.63406108664795
2025-01-08,8.080461283775737
2025-01-09,7.924652674674498
2025-01-10,8.951374111271802
2025-01-11,10.322524967967771
2025-01-12,6.581031345200401
2025-01-13,7.998995821656399
2025-01-14,6.881935020399335
2025-01-15,6.54749791242816
2025-01-16,7.023525661990734
2025-01-17,8.88286623322229
2025-01-18,9.536786547600718
2025-01-19,7.083263258298219
2025-01-20,8.711354533009988
2025-01-21,10.178258190812729
2025-01-22,13.784879362669397
2025-01-23,8.746148270403728
2025-01-24,10.720632990514085
2025-01-25,10.28062250272586
2025-01-26,8.45175939396651
2025-01-27,8.7759616051948
2025-01-28,8.58063710498839
2025-01-29,9.47311620252181
2025-01-30,12.789359533722527
2025-01-31,9.761322418909598
2025-02-01,8.860607113699194
2025-02-02,7.1187157315514735
2025-02-03,8.063204119029162
2025-02-04,6.529069861326984
2025-02-05,6.636807602016188
2025-02-06,6.83784921173082
2025-02-07,9.22724496145307
2025-02-08,15.916476467097313
2025-02-09,7.204844820329756
2025-02-10,7.752178463471976
2025-02-11,17.571427437801994
2025-02-12,10.011602771925146
2025-02-13,12.978070143659814
2025-02-14,14.897959805224307
2025-02-15,10.516896586658959
2025-02-16,12.69978270679794
2025-02-17,8.19029513342624
2025-02-18,9.558050875705712
2025-02-19,8.938601718532322
2025-02-20,10.381890961939012
2025-02-21,11.476321858578254
2025-02-22,12.347050773743092
2025-02-23,13.865896129269228
2025-02-24,15.381789876655434
2025-02-25,19.157413271942914
2025-02-26,10.228362559629787
2025-02-27,11.001559474054893
2025-02-28,16.06960997730326
2025-03-01,21.138560764756043
2025-03-02,12.32970395449804
2025-03-03,14.154932171126466
2025-03-04,15.855444833576296
2025-03-05,19.465448616670695
2025-03-06,11.738903502054248
2025-03-07,22.1979756899813
2025-03-08,26.284446132099074
2025-03-09,18.253734470235738
2025-03-10,23.319497973208033
2025-03-11,21.120026463266136
2025-03-12,22.497498539823113
2025-03-13,22.125852054404344
2025-03-14,26.266527286380814
2025-03-15,28.652601227061968
2025-03-16,10.058475178610323
2025-03-17,16.317577764934263
2025-03-18,10.894961554692713
2025-03-19,16.453568828414422
2025-03-20,17.692584875282066
2025-03-21,16.454326499460983
2025-03-22,32.678261938097975
2025-03-23,23.1823245910725
2025-03-24,21.46867373574788
2025-03-25,20.483420654252303
2025-03-26,19.049240154387604
2025-03-27,20.690437781788837
2025-03-28,24.52269546575686
2025-03-29,28.069254548400114
2025-03-30,23.158165826424607
2025-03-31,22.432424087550928
2025-04-01,20.87642781402698
2025-04-02,25.138219942451293
2025-04-03,24.06743494401144
2025-04-04,27.362621559615015
2025-04-05,35.65040763966856
2025-04-06,19.64432202675574
2025-04-07,26.188674493615338
2025-04-08,26.141401950619176
2025-04-09,22.67071836842608
2025-04-10,21.903515256702065
2025-04-11,31.892390817679576
2025-04-12,35.97174254251139
2025-04-13,25.504730413701914
2025-04-14,25.010066911063355
2025-04-15,27.76549476088656
2025-04-16,31.199931528028586
2025-04-17,28.037101887538228
2025-04-18,28.087451339401056
2025-04-19,31.967442149774037
2025-04-20,23.699942346585765
2025-04-21,28.96189653844538
2025-04-22,23.66107712146796
2025-04-23,26.486961465048253
2025-04-24,26.400292919137183
2025-04-25,29.198127688343764
2025-04-26,41.77161702498262
2025-04-27,40.716267889025865
2025-04-28,45.07470527551551
2025-04-29,45.081229291510226
2025-04-30,45.08117521464677
2025-05-01,55.05154137683513
2025-05-02,49.386614528087335
2025-05-03,46.1255468714685
2025-05-04,28.848866145305365
2025-05-05,25.730186201491275
2025-05-06,22.12270676720943
2025-05-07,16.045008204593657
2025-05-08,22.8243857054996
2025-05-09,27.332775769381456
2025-05-10,40.14928125460251
2025-05-11,33.18499678998258
2025-05-12,28.711750799458933
2025-05-13,27.447782216809607
2025-05-14,20.757096322474617
2025-05-15,25.30821699708106
2025-05-16,27.428402971481674
2025-05-17,33.407806823429986
2025-05-18,19.56068682126488
2025-05-19,24.884049607076008
2025-05-20,21.753940076015006
2025-05-21,14.945737364931679
2025-05-22,10.92786729027007
2025-05-23,25.10077528884267
2025-05-24,28.96168993631212
2025-05-25,14.051029041325938
2025-05-26,21.049595695043585
2025-05-27,26.79577674849534
2025-05-28,25.353536834195594
2025-05-29,22.820120975841768
2025-05-30,31.47873593017561
2025-05-31,30.52492121875371
2025-06-01,15.173161170657728
2025-06-02,13.876534579517998
2025-06-03,14.235086405923697
2025-06-04,16.547552776398135
2025-06-05,17.26060443280386
2025-06-06,18.515046081991272
2025-06-07,27.60829735401554
2025-06-08,11.64788355508595
2025-06-09,18.310815666577568
2025-06-10,18.885783757332934
2025-06-11,18.452937101593157
2025-06-12,14.241927143584329
2025-06-13,20.931674326934477
2025-06-14,22.38415298134018
2025-06-15,10.87286482626688
2025-06-16,19.83112841674761
2025-06-17,15.531995188299106
2025-06-18,16.373095492868664
2025-06-19,14.632257689695823
2025-06-20,10.87962666949895
2025-06-21,16.938184828495757
2025-06-22,10.424289146306153
2025-06-23,12.251926451114288
2025-06-24,13.9406291729889
2025-06-25,9.933359931343533
2025-06-26,12.19897159534429
2025-06-27,13.828473537738587
2025-06-28,18.85563337129514
2025-06-29,8.523438829169017
2025-06-30,15.003119783807701
2025-07-01,8.059524131609393
2025-07-02,8.335778571002923
2025-07-03,9.545774154516076
2025-07-04,14.573274805134048
2025-07-05,14.260242203870177
2025-07-06,15.372282004841676
2025-07-07,19.018438880936095
2025-07-08,15.034528679361353
2025-07-09,12.176845051571643
2025-07-10,14.090515968380966
2025-07-11,12.503716328195397
2025-07-12,19.251330429981
2025-07-13,11.759675124455427
2025-07-14,19.42314041350169
2025-07-15,12.220992232002397
2025-07-16,14.729808878635435
2025-07-17,19.26164379086142
2025-07-18,16.758626849860082
2025-07-19,22.5131300729459
2025-07-20,9.561512336304675
2025-07-21,10.744244951436691
2025-07-22,11.706589582882307
2025-07-23,13.3928694815102
2025-07-24,10.258396839757122
2025-07-25,12.38574857550906
2025-07-26,12.013637104646161
2025-07-27,10.26196647580484
2025-07-28,15.862842247723858
2025-07-29,15.744145666625563
2025-07-30,15.47621086368665
2025-07-31,17.005938089647845
2025-08-01,11.325733005839117
2025-08-02,19.95845652941409
2025-08-03,11.029485346598971
2025-08-04,12.545473559168512
2025-08-05,16.996274175902467
2025-08-06,15.231058442506743
2025-08-07,15.156773052635451
2025-08-08,15.543966340383896
2025-08-09,15.429696698271318
2025-08-10,10.389821500341702
2025-08-11,11.793417153148614
2025-08-12,9.81677329371417
2025-08-13,9.967843430711063
2025-08-14,10.551545309962037
2025-08-15,14.939743498776952
2025-08-16,19.804056943685566
2025-08-17,8.586199476646778
2025-08-18,10.485022284061458
2025-08-19,16.587395020411748
2025-08-20,8.137793353476994
2025-08-21,6.791836622884042
2025-08-22,17.71576016254214
2025-08-23,20.097525336683212
2025-08-24,17.338199930435227
2025-08-25,19.382838560251855
2025-08-26,20.510990825718142
2025-08-27,18.954517514627383
2025-08-28,2.7524768831193027
2025-08-29,2.6912928954547706
2025-08-30,26.77959611163527
2025-08-31,8.694831299728275
2025-09-01,8.030220387046644
2025-09-02,3.4587908207671134
2025-09-03,3.7865692725556634
2025-09-04,4.159840253916137
2025-09-05,16.019504559709752
2025-09-06,5.042859801022521
2025-09-07,5.5526083676827085
2025-09-08,6.146052968329261
2025-09-09,6.823193599747233
2025-09-10,7.584030263713781
2025-09-11,8.428562961092394
2025-09-12,9.356791690882481
2025-09-13,29.055521090058857
2025-09-14,11.464337247818595
2025-09-15,12.276130534034177
2025-09-16,17.64047710456372
2025-09-17,13.04823458241441
2025-09-18,13.00854534382859
2025-09-19,12.685028596000105
2025-09-20,12.077684341858317
2025-09-21,11.186512577972136
2025-09-22,24.734493905638253
2025-09-23,9.818250331387908
2025-09-24,9.341159847770642
2025-09-25,17.21874339411356
2025-09-26,8.801060161046106
2025-09-27,8.738050956313055
2025-09-28,15.78161751359977
2025-09-29,8.9290707769878
2025-09-30,9.086056748102669
2025-10-01,9.284026761855303
2025-10-02,9.51944792889164
2025-10-03,15.221547718337987
2025-10-04,10.102643722919389
2025-10-05,10.450418350822412
2025-10-06,10.67334575792248
2025-10-07,24.18848233791027
2025-10-08,10.744658915060949
2025-10-09,10.593044664416686
2025-10-10,15.579397560600725
2025-10-11,29.1567894817075
2025-10-12,9.389118593048057
2025-10-13,9.005375209071834
2025-10-14,8.764044352854706
2025-10-15,8.665126023780267
2025-10-16,8.708620220295794
2025-10-17,8.89452694382654
2025-10-18,9.222846194318752
2025-10-19,9.693577972097184
2025-10-20,9.978192765531865
2025-10-21,10.076690576911748
2025-10-22,14.080060175309683
2025-10-23,9.715335250176304
2025-10-24,27.768939767533322
2025-10-25,14.139280710083128
2025-10-26,7.777424887826385
2025-10-27,22.327732882325297
2025-10-28,6.600840975804028
2025-10-29,6.256344167788923
2025-10-30,6.074377457930239
2025-10-31,23.483741673455093
2025-11-01,26.108173387397407
2025-11-02,6.52206336200463
2025-11-03,6.660884043603128
2025-11-04,20.13556095748191
2025-11-05,21.34522128224013
2025-11-06,19.189994335570923
2025-11-07,12.88238954737246
2025-11-08,14.97768116754563
2025-11-09,15.268208354882978
2025-11-10,6.945753426880302
2025-11-11,6.681343260614222
2025-11-12,7.907603631649483
2025-11-13,7.281414178661018
2025-11-14,8.456062539919168
2025-11-15,20.48026116643703
2025-11-16,19.541706627534047
2025-11-17,8.705415934324046
2025-11-18,14.974515175099572
2025-11-19,10.578817866594733
2025-11-20,11.080549298065241
2025-11-21,11.292301041795819
2025-11-22,26.737295316364957
2025-11-23,10.845865462179733
2025-11-24,15.19286751750609
2025-11-25,20.588790594575883
2025-11-26,9.87228349914662
2025-11-27,9.591436491055788
2025-11-28,25.94773784342456
2025-11-29,13.590728005662385
2025-11-30,23.33707468661703
2025-12-01,22.468448296853396
2025-12-02,8.586402333734284
2025-12-03,15.077565493088734
2025-12-04,8.428187958422356
2025-12-05,8.399825658738106
2025-12-06,15.61652772277123
2025-12-07,25.01656228509973
2025-12-08,8.458213069625797
2025-12-09,8.446160009429997
2025-12-10,8.408431643956973
2025-12-11,8.345027974321226
2025-12-12,8.255949000521934
2025-12-13,24.770948509034262
2025-12-14,12.831367701670171
2025-12-15,7.9530389190097965
2025-12-16,7.998016054096555
2025-12-17,8.135696545905503
2025-12-18,8.366080396843394
2025-12-19,8.689167607173196
2025-12-20,9.10495817275864
2025-12-21,9.613452097786869
2025-12-22,10.023135471028716
2025-12-23,10.334008292480615
2025-12-24,10.546070560426635
2025-12-25,10.65932227565265
2025-12-26,10.673763440240574
2025-12-27,15.292875492168971
2025-12-28,10.406214111323546
2025-12-29,10.162936193145304
2025-12-30,9.859560292774063
2025-12-31,9.496086415474572
2026-01-01,9.072514559145484
2026-01-02,8.58847911014655
2026-01-03,12.158081770320408
2026-01-04,7.4390174372721205
2026-01-05,6.980979850954405
2026-01-06,6.6698673102868495
2026-01-07,6.505679813713895
2026-01-08,6.48841736149542
2026-01-09,6.618079954359469
2026-01-10,6.894667592281409
2026-01-11,7.318180273564394
2026-01-12,7.561362459967903
2026-01-13,7.6242141455637835
2026-01-14,7.506735334243956
2026-01-15,7.20892602437994
2026-01-16,6.730786217890146
2026-01-17,6.0723159134601294
2026-01-18,13.091911617091725
2026-01-19,4.630579841541503
2026-01-20,4.263510105878143
2026-01-21,11.251088623159752
2026-01-22,4.236967237574877
2026-01-23,4.577494103217571
2026-01-24,5.153886504748781
2026-01-25,10.010907347623368
2026-01-26,9.843790824503534
2026-01-27,14.175064466127644
2026-01-28,16.09396193426595
2026-01-29,5.89305224917532
2026-01-30,5.044248218262203
2026-01-31,3.8632317952559996
2026-02-01,10.809335689876491
2026-02-02,1.3517204847067879
2026-02-03,8.38297597408625
2026-02-04,0.8999944660711092
2026-02-05,8.72712417622392
2026-02-06,2.508053738309896
2026-02-07,4.084502858035844
2026-02-08,10.72625657289362
2026-02-09,7.730692210653296
2026-02-10,11.570106714741708
2026-02-11,9.23047542833337
2026-02-12,20.04432049449439
2026-02-13,8.583852510927139
2026-02-14,18.701524194571405
2026-02-15,5.790823457997102
2026-02-16,14.038476963925358
2026-02-17,8.04455464574433
2026-02-18,3.4047129974040597
2026-02-19,3.4787879832998625
2026-02-20,3.9875855389443986
2026-02-21,24.21719558254778
2026-02-22,21.241952650009797
2026-02-23,18.083068135829585
2026-02-24,18.351112031078532
2026-02-25,21.63005158329155
2026-02-26,19.22777384461235
2026-02-27,24.88011355330049
2026-02-28,30.08085551744776
2026-03-01,24.612169265510282
2026-03-02,23.799889710762635
2026-03-03,22.734173137311714
2026-03-04,23.643955628880747
2026-03-05,27.031525835685663
2026-03-06,28.51369532787728
2026-03-07,31.30980416201053
2026-03-08,29.290761948328694
2026-03-09,34.93784742529342
2026-03-10,32.063686146130514
2026-03-11,31.61273289932184
2026-03-12,35.57345209067732
2026-03-13,34.108191906919146
2026-03-14,43.125327217383536
2026-03-15,30.53601590761135
2026-03-16,28.06972951162083
2026-03-17,28.482943705006974
2026-03-18,28.41782104600875
2026-03-19,27.447914624908865
2026-03-20,28.678971829021634
2026-03-21,28.397237204121378
2026-03-22,24.226589017349937
2026-03-23,23.88366083598011
2026-03-24,21.703862915906175
2026-03-25,21.417544464072556
2026-03-26,13.050557373558043
2026-03-27,14.540364040291923
2026-03-28,21.72745927565515
2026-03-29,19.29385691458643
2026-03-30,17.36040834867924
2026-03-31,20.630636114616188
2026-04-01,18.581759497638288
2026-04-02,30.25829228738073
2026-04-03,32.90855387427636
2026-04-04,45.887650125992955
2026-04-05,41.68216955214956
2026-04-06,60.8069201507152
2026-04-07,53.08345258713137
2026-04-08,52.35391027359634
2026-04-09,51.32915605953496
2026-04-10,48.638072573323896
2026-04-11,46.22407789557081
2026-04-12,35.61531520278789
2026-04-13,31.963553910753586
2026-04-14,32.28619542723764
2026-04-15,27.75842302605515
2026-04-16,30.01416500941107
2026-04-17,34.96787304858911
2026-04-18,52.54336590599688
2026-04-19,41.20562551982401
2026-04-20,50.73836292641731
2026-04-21,43.10817864017573
2026-04-22,42.454316042290856
2026-04-23,46.5286758916511
2026-04-24,52.630033250482
2026-04-25,65.5698221766243
2026-04-26,57.51592797940595
2026-04-27,51.70860833294593
2026-04-28,50.593692821653264
2026-04-29,54.555192306523494
2026-04-30,54.01854293520256
2026-05-01,56.15809826108706
2026-05-02,61.03894752335152
2026-05-03,48.01143847351187
2026-05-04,46.91468329700078
2026-05-05,37.78720060377653
2026-05-06,41.83750409594991
2026-05-07,41.863192676057736
2026-05-08,41.89924245517658
2026-05-09,46.540798128238436
2026-05-10,38.64054325255763
2026-05-11,36.519579688581544
2026-05-12,28.871670052602674
2026-05-13,33.834679915864946
2026-05-14,32.45632620009661
2026-05-15,35.66662783323114
2026-05-16,38.6474981900541
2026-05-17,30.496866566544668
2026-05-18,30.869897392056274
2026-05-19,35.48516592779049
2026-05-20,30.266454820934005
2026-05-21,31.12770845514416
2026-05-22,34.94933760345113
2026-05-23,46.04375537656374
2026-05-24,29.859817508866
2026-05-25,35.52229657724607
2026-05-26,27.211617121023956
2026-05-27,27.325632901374565
2026-05-28,25.235298948756704
2026-05-29,29.352473660649892
2026-05-30,33.97639390132866
2026-05-31,20.877969854736378
2026-06-01,27.28536603470461
2026-06-02,27.38753202164883
2026-06-03,24.202596360116146
2026-06-04,29.443772196971672
2026-06-05,26.86308934014238
2026-06-06,30.03077987851957
2026-06-07,17.818052965480355
2026-06-08,23.288961651647085
2026-06-09,20.53222945238165
2026-06-10,17.820208800945064
2026-06-11,16.492956422858644
2026-06-12,22.129796752058887
2026-06-13,16.027301523223112
2026-06-14,11.318868425678449
2026-06-15,18.716667407785906
2026-06-16,19.4046715364276
2026-06-17,11.55800985874455
2026-06-18,15.093305050874292
2026-06-19,12.397243060750592
2026-06-20,17.72083684733188
2026-06-21,8.494309382353158
2026-06-22,12.4420702533141
2026-06-23,9.271176243324334
2026-06-24,7.981172294350996
2026-06-25,12.155613283175647
2026-06-26,9.729549278329515
2026-06-27,20.127927882970084
2026-06-28,9.438406283118834
2026-06-29,19.429378574029265
2026-06-30,14.767411498353129
2026-07-01,11.60726986812565
2026-07-02,11.710423242174476
2026-07-03,20.185106148331293
2026-07-04,24.531651794042922
2026-07-05,11.669317692498542
2026-07-06,12.536124029268823
2026-07-07,9.638142524437828
2026-07-08,9.834308423435115
2026-07-09,12.096995907543402
2026-07-10,14.410189957535213
2026-07-11,18.73148962315143
2026-07-12,6.909245196562108
2026-07-13,14.455981983727522
2026-07-14,12.569615335097316
2026-07-15,7.950814541812165
2026-07-16,20.806909350375065
2026-07-17,11.286772952463357
2026-07-18,31.33866482160269
2026-07-19,14.162410484376256
2026-07-20,14.675942988642642
2026-07-21,16.263052298750456
2026-07-22,28.55871183413125
2026-07-23,25.598597164106664
2026-07-24,16.33460269080634
2026-07-25,27.658944888219096
2026-07-26,27.029105087725142
2026-07-27,17.04857896610253
2026-07-28,18.737724462667963
2026-07-29,11.683663004398367
2026-07-30,20.428759689171493
2026-07-31,22.22800794909317
2026-08-01,9.849375009336253
2026-08-02,9.651951398876438
2026-08-03,14.323361837165818
2026-08-04,10.305425919367439
2026-08-05,18.112800995462848
2026-08-06,25.905219018738414
2026-08-07,17.939569280573522
2026-08-08,11.215720076121068
2026-08-09,7.300072792519557
2026-08-10,9.49179821180122
2026-08-11,17.27639269276176
2026-08-12,5.69877639766774
2026-08-13,6.117617397188194
2026-08-14,9.074001245648716
2026-08-15,7.576392214403199
2026-08-16,5.681810935055341
2026-08-17,6.651286651744584
2026-08-18,17.684777060297638
2026-08-19,7.4045404752316175
2026-08-20,11.051724508821867
2026-08-21,10.881549435715169
2026-08-22,14.966017551077401
2026-08-23,7.0460035976659645
2026-08-24,24.18584134633159
2026-08-25,7.438742410118337
2026-08-26,12.644561140549856
2026-08-27,11.134096748929313
2026-08-28,9.668574717163077
2026-08-29,15.736448759255595
2026-08-30,12.19279057408795
2026-08-31,20.99320710700721
2026-09-01,11.92726995874035
2026-09-02,14.70815216058351
2026-09-03,8.7676774021913
2026-09-04,18.518086561194885
2026-09-05,21.198732884222288
2026-09-06,9.25255982969032
2026-09-07,9.7183569685299
2026-09-08,14.377088761423881
2026-09-09,9.883938376462648
2026-09-10,9.188584804624998
2026-09-11,10.107394046860987
2026-09-12,22.30103324938883
2026-09-13,8.372603949214508
2026-09-14,12.337292041250599
2026-09-15,10.513388506490312
2026-09-16,8.717881777751412
2026-09-17,9.371952999953113
2026-09-18,12.178281757411472
2026-09-19,18.32460515847956
2026-09-20,14.493232665017791
2026-09-21,18.05263425606092
2026-09-22,10.49406967292412
2026-09-23,10.336893320903844
2026-09-24,10.886980101359612
2026-09-25,12.017979726902315
2026-09-26,14.52474049455023
2026-09-27,10.340341544442596
2026-09-28,12.122047702070367
2026-09-29,8.715744389422873
2026-09-30,9.665286067463832
2026-10-01,10.603983473078529
2026-10-02,10.420063355092662
2026-10-03,14.021102587003632
2026-10-04,10.458381981221141
2026-10-05,11.934952564871399
2026-10-06,10.33817558863616
2026-10-07,12.844616099198348
2026-10-08,10.093537080961198
