time,value
2006-01-01,74.91633108445123
2006-01-02,74.64003487103206
2006-01-03,74.08713795800097
2006-01-04,73.25764034323623
2006-01-05,72.15154203068342
2006-01-06,70.76884301250863
2006-01-07,69.10954329544393
2006-01-08,67.17364288064658
2006-01-09,65.57736662297688
2006-01-10,64.3207145291052
2006-01-11,63.40368659865585
2006-01-12,62.82628282913632
2006-01-13,62.588503218536154
2006-01-14,62.69034777115917
2006-01-15,63.13181648816733
2006-01-16,63.13451308151661
2006-01-17,62.698437561834034
2006-01-18,61.82358992195749
2006-01-19,60.50997016470656
2006-01-20,58.75757828633275
2006-01-21,56.566414290832064
2006-01-22,53.93647817708298
2006-01-23,52.40941633105975
2006-01-24,92.44040184807857
2006-01-25,52.66391544734395
2006-01-26,54.44547641126743
2006-01-27,57.32991164140375
2006-01-28,61.31722114119292
2006-01-29,66.40740491141099
2006-01-30,70.50920770963957
2006-01-31,73.62262954174024
2006-02-01,75.74767039968212
2006-02-02,76.83568130007833
2006-02-03,76.88666224045384
2006-02-04,75.90061322305195
2006-02-05,73.87753424822846
2006-02-06,72.42896934109154
2006-02-07,71.55491850207136
2006-02-08,71.25538173475351
2006-02-09,71.53035903541411
2006-02-10,72.37985040515197
2006-02-11,73.80385584803261
2006-02-12,75.80237535585776
2006-02-13,76.7454562202168
2006-02-14,76.63309843478015
2006-02-15,75.4653020028975
2006-02-16,73.24206692445937
2006-02-17,69.96339319545143
2006-02-18,65.62928082199596
2006-02-19,60.23972979611602
2006-02-20,56.48235396552797
2006-02-21,54.35715333159418
2006-02-22,53.86412789128475
2006-02-23,55.00327764239105
2006-02-24,57.774602587012346
2006-02-25,62.17810272964708
2006-02-26,68.21377806592676
2006-02-27,111.95069341498356
2006-02-28,74.52571134272563
2006-03-01,74.80196929152018
2006-03-02,73.18668766710992
2006-03-03,69.67986647244273
2006-03-04,64.28150570773707
2006-03-05,56.99160537120483
2006-03-06,51.979041138080966
2006-03-07,49.24381300602285
2006-03-08,48.78592097860919
2006-03-09,50.60536504943774
2006-03-10,54.70214522672082
2006-03-11,61.07626150250079
2006-03-12,69.72771388524124
2006-03-13,76.01950182099084
2006-03-14,79.95162531605492
2006-03-15,81.52408436953081
2006-03-16,80.73687898219025
2006-03-17,77.59000915141809
2006-03-18,72.08347488237544
2006-03-19,64.21727616291506
2006-03-20,57.809078939138004
2006-03-21,86.91908047778057
2006-03-22,49.366688951140496
2006-03-23,47.332496188296574
2006-03-24,46.75630491300683
2006-03-25,47.63811512397615
2006-03-26,49.97792682348841
2006-03-27,52.75451209855251
2006-03-28,55.967870954786584
2006-03-29,59.61800338812108
2006-03-30,63.70490940177699
2006-03-31,68.2285889940984
2006-04-01,73.18904216553611
2006-04-02,78.58683623395605
2006-04-03,82.49631755633935
2006-04-04,84.91748613185926
2006-04-05,85.85034196252741
2006-04-06,85.29488505091278
2006-04-07,83.2511153933336
2006-04-08,79.71903299081353
2006-04-09,74.69863783914869
2006-04-10,70.26910591756169
2006-04-11,66.43043722019917
2006-04-12,63.18263175056495
2006-04-13,60.52568950439928
2006-04-14,58.4596104872389
2006-04-15,56.9843946918644
2006-04-16,56.10004212287169
2006-04-17,55.71249767178219
2006-04-18,55.821761335398165
2006-04-19,56.427833109896234
2006-04-20,57.53071300101704
2006-04-21,59.13040101110176
2006-04-22,61.22689713657479
2006-04-23,63.82020137110217
2006-04-24,65.65991455715636
2006-04-25,66.74603669020435
2006-04-26,67.07856777130786
2006-04-27,66.6575077980242
2006-04-28,65.4828567715211
2006-04-29,63.554614689837315
2006-04-30,60.872781558027484
2006-05-01,58.77721374941717
2006-05-02,57.26909160656352
2006-05-03,56.34841513251398
2006-05-04,56.01518432821261
2006-05-05,56.2693991946062
2006-05-06,57.11105972728319
2006-05-07,58.54016593116691
2006-05-08,59.03520612522195
2006-05-09,58.59618030518897
2006-05-10,57.22308848064895
2006-05-11,54.9159306417953
2006-05-12,51.67470679411954
2006-05-13,47.49941693741374
2006-05-14,42.390061065146654
2006-05-15,38.858621397751826
2006-05-16,36.905097938058546
2006-05-17,36.529490682442805
2006-05-18,37.73179962610277
2006-05-19,40.51202477787003
2006-05-20,44.87016613232665
2006-05-21,50.8062236919769
2006-05-22,55.26527555938712
2006-05-23,58.247321724623525
2006-05-24,59.7523621927094
2006-05-25,59.78039697189637
2006-05-26,58.331426050915624
2006-05-27,55.405449431952015
2006-05-28,51.00246711821926
2006-05-29,47.82865859766041
2006-05-30,45.884023869375866
2006-05-31,45.16856293149093
2006-06-01,45.68227578280714
2006-06-02,47.41739463642108
2006-06-03,50.373919494848565
2006-06-04,54.55185035085424
2006-06-05,57.37500231532177
2006-06-06,92.58761535953988
2006-06-07,58.95696956055975
2006-06-08,57.71578484408308
2006-06-09,55.1198212313973
2006-06-10,51.16907872252892
2006-06-11,45.86355732179649
2006-06-12,42.26447537986027
2006-06-13,40.37183290188023
2006-06-14,40.185629878776666
2006-06-15,41.70586631926139
2006-06-16,44.93254222074976
2006-06-17,49.86565758222414
2006-06-18,56.50521240316982
2006-06-19,60.50409637756736
2006-06-20,61.862309503221105
2006-06-21,60.57985178146635
2006-06-22,56.656723211601665
2006-06-23,50.09292379474385
2006-06-24,40.88845352556618
2006-06-25,29.043312410079498
2006-06-26,19.04743434566091
2006-06-27,10.900819334874097
2006-06-28,4.603467371042715
2006-06-29,0.1553784584624509
2006-06-30,-2.4434474021624375
2006-07-01,-3.19301021439459
2006-07-02,-2.1082190041291753
2006-07-03,-0.13895666460494738
2006-07-04,2.714776800414331
2006-07-05,6.452981398278258
2006-07-06,11.075657125623106
2006-07-07,16.58280398251318
2006-07-08,22.97442196804591
2006-07-09,30.25051108860551
2006-07-10,37.39860490242985
2006-07-11,44.41870341826832
2006-07-12,51.31080663222078
2006-07-13,58.074914546075135
2006-07-14,64.7110271590519
2006-07-15,71.2191444734533
2006-07-16,77.59926648776809
2006-07-17,81.70450884889532
2006-07-18,83.53487155346727
2006-07-19,83.09035459768987
2006-07-20,80.37095799314544
2006-07-21,75.3766817262313
2006-07-22,68.1075258054504
2006-07-23,58.563490224845914
2006-07-24,50.992746135179004
2006-07-25,45.395293529600245
2006-07-26,41.771132415110955
2006-07-27,40.12026278478916
2006-07-28,40.442684642804736
2006-07-29,42.73839798350326
2006-07-30,47.00740281300169
2006-07-31,50.509129019934946
2006-08-01,53.24357659720108
2006-08-02,55.25973313111533
2006-08-03,56.557598621842
2006-08-04,57.13717306500777
2006-08-05,56.99845646606953
2006-08-06,56.14144882121279
2006-08-07,56.22303717543339
2006-08-08,57.24322153567557
2006-08-09,59.202001893621954
2006-08-10,62.09937825700912
2006-08-11,65.93535062125657
2006-08-12,70.70991898665771
2006-08-13,76.42308335746286
2006-08-14,79.20115450577848
2006-08-15,79.0441324207482
2006-08-16,75.952017116644015
2006-08-17,69.9248085873544
2006-08-18,60.96250682884837
2006-08-19,49.06511184794261
2006-08-20,75.9389876487706
2006-08-21,23.20079159644811
2006-08-22,15.969615728155707
2006-08-23,12.53909603483879
2006-08-24,12.90923250569025
2006-08-25,17.080025152136923
2006-08-26,25.051473969067818
2006-08-27,36.82357895564142
2006-08-28,46.06466416122228
2006-08-29,52.7747295843454
2006-08-30,56.95377522413988
2006-08-31,58.601801086358535
2006-09-01,57.71880716633244
2006-09-02,54.258992993557584
2006-09-03,48.22235856130759
2006-09-04,44.16671338831097
2006-09-05,42.092057476765014
2006-09-06,41.99839082385615
2006-09-07,43.88571342742467
2006-09-08,47.75402529245605
2006-09-09,53.6033264190256
2006-09-10,61.433616804386354
2006-09-11,66.7384559812443
2006-09-12,69.51784394657821
2006-09-13,69.77178070752232
2006-09-14,67.50026625715185
2006-09-15,62.703300595904885
2006-09-16,55.380883728231495
2006-09-17,45.5330156477188
2006-09-18,64.01789957677573
2006-09-19,32.844634813921324
2006-09-20,30.00412205134745
2006-09-21,29.49939439724504
2006-09-22,31.33045184935177
2006-09-23,35.49729440692644
2006-09-24,41.999922069329116
2006-09-25,47.53955713428655
2006-09-26,52.11619960466403
2006-09-27,55.72984947725376
2006-09-28,58.38050675361842
2006-09-29,60.06817143457713
2006-09-30,60.79284351651931
2006-10-01,60.554523007269786
2006-10-02,59.77026636891674
2006-10-03,58.44007360013772
2006-10-04,56.56394470356962
2006-10-05,54.14187967607779
2006-10-06,51.17387851907266
2006-10-07,47.65994123254172
2006-10-08,43.60006781954204
2006-10-09,40.37685364649319
2006-10-10,37.99029872473795
2006-10-11,36.44040304751929
2006-10-12,35.72716661248227
2006-10-13,35.85058942540614
2006-10-14,36.81067148497279
2006-10-15,38.60741279146699
2006-10-16,40.719315320807944
2006-10-17,43.146379082766444
2006-10-18,45.88860407303293
2006-10-19,48.945990289714025
2006-10-20,52.31853773333186
2006-10-21,56.00624640846848
2006-10-22,60.009116309264215
2006-10-23,63.084583801715056
2006-10-24,65.23264888397499
2006-10-25,66.4533115551687
2006-10-26,66.74657181406926
2006-10-27,66.11242966382008
2006-10-28,64.55088510267157
2006-10-29,62.06193813421465
2006-10-30,60.490766342375515
2006-10-31,59.83736973315435
2006-11-01,60.101748306553844
2006-11-02,61.24486269093197
2006-11-03,63.26671288645349
2006-11-04,66.16729889300437
2006-11-05,69.94662071363712
2006-11-06,72.78162896228889
2006-11-07,74.67232363931917
2006-11-08,75.61870474426692
2006-11-09,75.62077227781796
2006-11-10,74.67852623831344
2006-11-11,72.79196662773057
2006-11-12,69.9610934489231
2006-11-13,66.73100396805938
2006-11-14,63.101698187902514
2006-11-15,59.07317610529864
2006-11-16,54.645437724647934
2006-11-17,49.81848304142648
2006-11-18,44.592312056668696
2006-11-19,38.96692476886484
2006-11-20,35.051441283060655
2006-11-21,32.845861600257116
2006-11-22,32.350185717798226
2006-11-23,33.564413636539925
2006-11-24,36.48854535659828
2006-11-25,41.12258087981119
2006-11-26,47.46652020511332
2006-11-27,52.88713769762097
2006-11-28,57.38443336114871
2006-11-29,60.95840720074393
2006-11-30,63.60905920224895
2006-12-01,65.33638938074327
2006-12-02,66.17474745594802
2006-12-03,66.12413343342223
2006-12-04,66.38945870437111
2006-12-05,66.9707232679287
2006-12-06,100.53791227046086
2006-12-07,69.08107028200972
2006-12-08,70.61015272758131
2006-12-09,72.45517447017406
2006-12-10,74.61613550733658
2006-12-11,75.2499012504997
2006-12-12,74.35647170562889
2006-12-13,71.93584686997494
2006-12-14,67.98802674253035
2006-12-15,62.51301132323947
2006-12-16,55.51080061388424
2006-12-17,46.98139461277024
2006-12-18,40.536755556556926
2006-12-19,36.17688344363503
2006-12-20,33.901778275546135
2006-12-21,33.711440053127745
2006-12-22,35.605868768815014
2006-12-23,39.5850644330466
2006-12-24,45.64902704145627
2006-12-25,50.69192830749805
2006-12-26,54.713768234347064
2006-12-27,57.714546819558635
2006-12-28,59.69426406484526
2006-12-29,60.65291997339442
2006-12-30,60.59051454001162
2006-12-31,59.50704776482027
2007-01-01,58.052058426373094
2007-01-02,56.19636769147902
2007-01-03,53.93997555737002
2007-01-04,88.2277694803494
2007-01-05,48.225087094508105
2007-01-06,44.76659076289805
2007-01-07,40.90739303330935
2007-01-08,38.76664549044444
2007-01-09,38.344348128732506
2007-01-10,39.640500952431424
2007-01-11,42.65510396097562
2007-01-12,47.38815715365043
2007-01-13,53.839660533943835
2007-01-14,62.00961409874279
2007-01-15,68.06545934800143
2007-01-16,72.00719627967376
2007-01-17,73.83482490167309
2007-01-18,73.54834520748429
2007-01-19,71.14775719994064
2007-01-20,66.63306087960973
2007-01-21,60.004256241015995
2007-01-22,55.22198863440458
2007-01-23,52.28625806008782
2007-01-24,51.197064518957134
2007-01-25,51.95440800369661
2007-01-26,88.14795245902837
2007-01-27,59.00870607164426
2007-01-28,65.3056606502899
2007-01-29,69.69710664658193
2007-01-30,72.18304406298367
2007-01-31,72.76347290031023
2007-02-01,71.43839315450653
2007-02-02,68.24508017579383
2007-02-03,63.183533970842205
2007-02-04,56.253754529167956
2007-02-05,51.31387874452261
2007-02-06,48.363906614494105
2007-02-07,47.40383814227362
2007-02-08,48.433673319771444
2007-02-09,51.45341216037418
2007-02-10,56.463054653616076
2007-02-11,63.4626008020586
2007-02-12,68.58472108219543
2007-02-13,71.82941549830554
2007-02-14,73.19668404833588
2007-02-15,72.68652673716765
2007-02-16,70.29894355654092
2007-02-17,66.03393451148646
2007-02-18,59.891499599127826
2007-02-19,54.746180606943966
2007-02-20,50.59797753851197
2007-02-21,47.44689038831185
2007-02-22,45.29291915718274
2007-02-23,44.13606384580246
2007-02-24,43.97632445414178
2007-02-25,44.81370098087762
2007-02-26,45.178196928157476
2007-02-27,45.06981229180412
2007-02-28,44.48854707524417
2007-03-01,43.43440128022443
2007-03-02,41.870623829553864
2007-03-03,39.79721472583094
2007-03-04,37.214173963694265
2007-03-05,35.76789717622346
2007-03-06,35.45838436859069
2007-03-07,36.28563553370022
2007-03-08,38.24965067301829
2007-03-09,41.35042978653455
2007-03-10,45.58797287437761
2007-03-11,50.96227993841073
2007-03-12,55.7701944993771
2007-03-13,60.0117165544437
2007-03-14,63.68684610588256
2007-03-15,66.7955831530029
2007-03-16,69.33792769878198
2007-03-17,71.31387974086122
2007-03-18,72.72343928044022
2007-03-19,73.5092043486947
2007-03-20,73.67117495423922
2007-03-21,73.20935109051656
2007-03-22,72.12373275828071
2007-03-23,70.41431995649202
2007-03-24,68.08111268859612
2007-03-25,65.12411094999764
2007-03-26,62.013922757263224
2007-03-27,58.75054810793701
2007-03-28,55.3339870043676
2007-03-29,51.76423944118138
2007-03-30,48.04130542223564
2007-03-31,44.16518494593083
2007-04-01,40.135878012188556
2007-04-02,37.657778238982715
2007-04-03,36.73088562329292
2007-04-04,37.35520017122634
2007-04-05,39.530721877545425
2007-04-06,43.25745074470657
2007-04-07,48.535386774040745
2007-04-08,55.36452996182927
2007-04-09,60.107185818335324
2007-04-10,62.76335434738016
2007-04-11,63.3330355429959
2007-04-12,61.81622940894225
2007-04-13,58.21293593975066
2007-04-14,52.523155142432785
2007-04-15,44.74688701406524
2007-04-16,38.51800760754421
2007-04-17,33.83651692344015
2007-04-18,30.70241496030844
2007-04-19,29.115701723908238
2007-04-20,29.076377203001236
2007-04-21,30.584441407852573
2007-04-22,33.639894333126314
2007-04-23,36.59615153556564
2007-04-24,39.45321301221746
2007-04-25,42.2110787638369
2007-04-26,44.86974879292802
2007-04-27,47.42922310077866
2007-04-28,49.889501683771506
2007-04-29,52.25058454492072
2007-04-30,53.971189477997505
2007-05-01,55.05131648010064
2007-05-02,55.49308235179961
2007-05-03,55.2964870974473
2007-05-04,54.46153071232044
2007-05-05,52.9882131985818
2007-05-06,50.87653455547405
2007-05-07,48.63690094079505
2007-05-08,46.26931235778082
2007-05-09,43.77376880462204
2007-05-10,41.15027028035165
2007-05-11,38.39881678342972
2007-05-12,35.519408316822904
2007-05-13,32.5120448823188
2007-05-14,30.819465381934663
2007-05-15,30.441669821574195
2007-05-16,31.378658198674675
2007-05-17,33.63043051450372
2007-05-18,37.19698676717187
2007-05-19,42.07832695959984
2007-05-20,48.27445109118468
2007-05-21,53.51124997587494
2007-05-22,57.78872361648071
2007-05-23,61.106872013806765
2007-05-24,63.465695165971034
2007-05-25,64.86519307733755
2007-05-26,65.30536574299995
2007-05-27,64.7862131666543
2007-05-28,63.70487729172488
2007-05-29,62.06135812217921
2007-05-30,59.855655654226005
2007-05-31,57.0877698915651
2007-06-01,53.75770083150921
2007-06-02,49.8353892915727
2007-06-03,45.32083527459323
2007-06-04,41.42757934866319
2007-06-05,38.155621507915264
2007-06-06,35.504961753044796
2007-06-07,75.18196409987036
2007-06-08,32.067536509114966
2007-06-09,31.28077101792615
2007-06-10,31.115303611741332
2007-06-11,31.330574937483966
2007-06-12,31.926584985658018
2007-06-13,32.90333376447914
2007-06-14,34.26082127129807
2007-06-15,35.99904750580817
2007-06-16,38.118012463436436
2007-06-17,40.61771615552485
2007-06-18,43.561509986481155
2007-06-19,46.94939395862373
2007-06-20,50.78136807188504
2007-06-21,55.05743232514471
2007-06-22,59.77758672308952
2007-06-23,64.9418312631381
2007-06-24,70.55016594510509
2007-06-25,74.61842621874086
2007-06-26,79.52066665182424
2007-06-27,78.13472354570045
2007-06-28,80.18940834856109
2007-06-29,75.49072324557484
2007-06-30,71.8586114826216
2007-07-01,66.68642531361729
2007-07-02,62.64469187221222
2007-07-03,61.85348465924082
2007-07-04,57.95258316220005
2007-07-05,57.302207895624534
2007-07-06,57.78228535614868
2007-07-07,59.39281554278685
2007-07-08,62.1337984508102
2007-07-09,63.77162650952798
2007-07-10,64.30629971864853
2007-07-11,63.7378180729505
2007-07-12,62.06618157692828
2007-07-13,81.43051845816001
2007-07-14,55.41344402971694
2007-07-15,50.43234297629912
2007-07-16,46.593216303334
2007-07-17,43.89606400768816
2007-07-18,42.34088609337533
2007-07-19,41.92768255775688
2007-07-20,42.65645340026116
2007-07-21,44.527198617901746
2007-07-22,47.53991821657761
2007-07-23,49.97147646939763
2007-07-24,69.23428034807178
2007-07-25,53.09110893443407
2007-07-26,53.77918314743875
2007-07-27,53.88609601558969
2007-07-28,53.41184753517605
2007-07-29,52.35643771018068
2007-07-30,50.851902544672484
2007-07-31,58.038886809857125
2007-08-01,46.49545617665235
2007-08-02,43.637893772613246
2007-08-03,40.325554822494524
2007-08-04,36.55843931836748
2007-08-05,32.336547266377735
2007-08-06,29.497234438314123
2007-08-07,28.040500834776864
2007-08-08,27.96634645299457
2007-08-09,29.274771297105605
2007-08-10,31.965775364034254
2007-08-11,36.039358654704
2007-08-12,41.495521169752536
2007-08-13,45.91306122146166
2007-08-14,49.29197880831967
2007-08-15,51.63227393280984
2007-08-16,52.9339465928667
2007-08-17,53.196996788590916
2007-08-18,52.4214245228791
2007-08-19,50.607229796809854
2007-08-20,48.946073134370245
2007-08-21,47.43795454595971
2007-08-22,46.082874025258384
2007-08-23,44.88083157496312
2007-08-24,43.83182719634536
2007-08-25,42.93586088334795
2007-08-26,42.192932638345674
2007-08-27,41.629466431337676
2007-08-28,41.245462250348595
2007-08-29,41.0409201049504
2007-08-30,41.015839989595165
2007-08-31,41.17022190953534
2007-09-01,41.50406586309763
2007-09-02,60.09499058532676
2007-09-03,59.27551538248365
2007-09-04,42.799213013564625
2007-09-05,43.058026193951946
2007-09-06,43.23038810836492
2007-09-07,43.31629875222281
2007-09-08,43.3157581318844
2007-09-09,43.22876623925039
2007-09-10,43.92750665460599
2007-09-11,45.41197937628034
2007-09-12,47.68218440399629
2007-09-13,50.73812173295648
2007-09-14,54.579791371819866
2007-09-15,59.2071933183929
2007-09-16,64.62032757030552
2007-09-17,67.80555995986855
2007-09-18,68.76289047730583
2007-09-19,67.49231913147783
2007-09-20,76.15820208807466
2007-09-21,58.2674708396029
2007-09-22,50.31319389067886
2007-09-23,40.13101507627566
2007-09-24,32.785675986413
2007-09-25,28.27717661786454
2007-09-26,26.60551697161508
2007-09-27,27.77069704386531
2007-09-28,31.772716846559064
2007-09-29,38.61157637004069
2007-09-30,48.287275615972746
2007-10-01,70.71297477362846
2007-10-02,61.15490922653941
2007-10-03,64.34315438146862
2007-10-04,65.36768510052181
2007-10-05,64.22850138449124
2007-10-06,60.925603231294325
2007-10-07,55.45899064644096
2007-10-08,73.05597745042607
2007-10-09,47.21095396105816
2007-10-10,44.42952986083381
2007-10-11,58.71240509767506
2007-10-12,41.55187014853897
2007-10-13,41.45563452953429
2007-10-14,42.25446174604449
2007-10-15,43.08196053931192
2007-10-16,68.54488567884663
2007-10-17,44.822972862604665
2007-10-18,45.73648639529353
2007-10-19,46.6786715070261
2007-10-20,47.64952819943713
2007-10-21,48.649056470306974
2007-10-22,49.478114547281564
2007-10-23,50.136702429173724
2007-10-24,50.624820114317856
2007-10-25,50.94246760333564
2007-10-26,51.08964489884837
2007-10-27,51.066351997046745
2007-10-28,50.87258890428579
2007-10-29,50.47283651879162
2007-10-30,49.86709485163759
2007-10-31,49.05536389837921
2007-11-01,48.03764365787591
2007-11-02,46.821224516226096
2007-11-03,45.40610647088705
2007-11-04,43.79228952191927
2007-11-05,42.98523776801464
2007-11-06,42.98495120256092
2007-11-07,43.79142982913362
2007-11-08,45.40467364934518
2007-11-09,47.82468266032143
2007-11-10,51.051456864645594
2007-11-11,55.084996264487835
2007-11-12,57.93738475905597
2007-11-13,59.6086223607271
2007-11-14,63.88703712511219
2007-11-15,59.40764486473972
2007-11-16,57.535429769100574
2007-11-17,54.4820637747352
2007-11-18,50.24754688115475
2007-11-19,47.11537853204103
2007-11-20,45.08555872770192
2007-11-21,44.15808746669451
2007-11-22,44.33296475088558
2007-11-23,74.86880902461299
2007-11-24,47.98976495030242
2007-11-25,51.471687868735856
2007-11-26,54.03447964607053
2007-11-27,55.678140285836555
2007-11-28,56.402669783470635
2007-11-29,56.208068144780675
2007-11-30,55.09433536815813
2007-12-01,53.06147145134811
2007-12-02,50.08854539229569
2007-12-03,47.873525762291514
2007-12-04,46.416412564224984
2007-12-05,63.92898474913787
2007-12-06,45.77590546004318
2007-12-07,46.59251155615424
2007-12-08,48.16702407882549
2007-12-09,50.499443036069216
2007-12-10,71.95693324025851
2007-12-11,53.34853961390376
2007-12-12,57.549279390023415
2007-12-13,53.77664774300042
2007-12-14,53.082831143583434
2007-12-15,51.783767429532986
2007-12-16,49.87945660464729
2007-12-17,48.48805295970105
2007-12-18,47.609556499571255
2007-12-19,47.243967214174
2007-12-20,47.391285113883676
2007-12-21,48.051510192462125
2007-12-22,49.224642453651356
2007-12-23,50.91068189559445
2007-12-24,52.23726015914412
2007-12-25,53.20437724296913
2007-12-26,53.812033151764176
2007-12-27,54.060227882188386
2007-12-28,53.9489614361038
2007-12-29,53.478233809025625
2007-12-30,52.64804500736389
2007-12-31,51.93344597817279
2008-01-01,51.33443672122469
2008-01-02,50.87072062555291
2008-01-03,56.65923107061215
2008-01-04,50.349167895378585
2008-01-05,50.29133126559443
2008-01-06,50.36878779456681
2008-01-07,50.372729628408806
2008-01-08,50.30315675669392
2008-01-09,66.58596024459001
2008-01-10,76.73178534343592
2008-01-11,49.653349956087254
2008-01-12,49.289718290229615
2008-01-13,48.85257192508606
2008-01-14,51.63498551838925
2008-01-15,81.96567140879904
2008-01-16,46.00531057424326
2008-01-17,44.5442827048935
2008-01-18,42.82728445960793
2008-01-19,40.854315834293246
2008-01-20,38.62537683434502
2008-01-21,37.384968847382154
2008-01-22,37.13309186965916
2008-01-23,37.8697459047313
2008-01-24,39.59493094968173
2008-01-25,42.30864700833851
2008-01-26,46.01089407742994
2008-01-27,50.70167215993032
2008-01-28,60.863725772652586
2008-01-29,83.4828708954663
2008-01-30,60.27446381318954
2008-01-31,61.96554683588905
2008-02-01,62.90670609356612
2008-02-02,63.098743594526404
2008-02-03,62.54165933683566
2008-02-04,61.37415939655224
2008-02-05,59.59624377765882
2008-02-06,78.25358538818298
2008-02-07,54.20916548593513
2008-02-08,50.60000281527024
2008-02-09,46.38042446357332
2008-02-10,41.550430427518556
2008-02-11,37.92262939297308
2008-02-12,35.49702135821212
2008-02-13,34.27360632313917
2008-02-14,34.252384288934486
2008-02-15,35.433355254759896
2008-02-16,37.81651921920215
2008-02-17,41.40187618866189
2008-02-18,60.909976116761435
2008-02-19,46.08465037924713
2008-02-20,47.182067607513346
2008-02-21,47.45017158643989
2008-02-22,46.88896232043017
2008-02-23,45.49843980837254
2008-02-24,43.27860404841366
2008-02-25,41.61420695583856
2008-02-26,40.50524852852752
2008-02-27,65.14932369079335
2008-02-28,39.953647668200304
2008-02-29,40.51100523973715
2008-03-01,41.62380147085675
2008-03-02,43.27400206511474
2008-03-03,44.83006611159154
2008-03-04,46.29199361125763
2008-03-05,47.659784567762756
2008-03-06,48.93343897888047
2008-03-07,57.29928418266271
2008-03-08,51.19833816348003
2008-03-09,52.18958293985891
2008-03-10,52.97086728713697
2008-03-11,53.54219120379389
2008-03-12,66.7630169321194
2008-03-13,54.054957757892105
2008-03-14,53.99640039073988
2008-03-15,53.7278825952956
2008-03-16,79.17686066725112
2008-03-17,52.54860291119804
2008-03-18,51.62547819773098
2008-03-19,50.48003024235348
2008-03-20,49.1122590461958
2008-03-21,47.52216460149993
2008-03-22,45.709746912349615
2008-03-23,43.67500597926103
2008-03-24,42.513342384892745
2008-03-25,42.224756126264744
2008-03-26,42.80924720736538
2008-03-27,44.2668156215811
2008-03-28,46.597461375520645
2008-03-29,49.80118446815082
2008-03-30,53.877984896567455
2008-03-31,56.70476000098289
2008-04-01,70.79341898767323
2008-04-02,69.8562380654831
2008-04-03,57.75105591066964
2008-04-04,73.6470993866804
2008-04-05,52.30866412311397
2008-04-06,47.74549150939065
2008-04-07,44.25334535452283
2008-04-08,41.83222566366211
2008-04-09,40.482132430948376
2008-04-10,49.621752863812766
2008-04-11,40.99502534365691
2008-04-12,42.85801149094742
2008-04-13,45.792024097882646
2008-04-14,47.821178400674675
2008-04-15,48.94547440316854
2008-04-16,60.773183415211726
2008-04-17,48.47949149493591
2008-04-18,46.88921258862425
2008-04-19,44.39407537936809
2008-04-20,40.99407986770513
2008-04-21,38.27411310620142
2008-04-22,36.23417509400071
2008-04-23,34.8742658279086
2008-04-24,34.19438531239022
2008-04-25,34.194533546287346
2008-04-26,34.874710525402875
2008-04-27,49.58095274036714
2008-04-28,37.83343438634472
2008-04-29,39.67026491848901
2008-04-30,41.74540784814259
2008-05-01,44.058863177513715
2008-05-02,46.587671127689994
2008-05-03,49.33183168944193
2008-05-04,52.29134486620367
2008-05-05,53.894039378279594
2008-05-06,54.139915224987924
2008-05-07,53.0289724030408
2008-05-08,50.5612109175051
2008-05-09,46.73663076605102
2008-05-10,41.55523194815748
2008-05-11,35.01701446373454
2008-05-12,55.035477956254645
2008-05-13,27.373294482664928
2008-05-14,26.267791985664523
2008-05-15,51.30190682866627
2008-05-16,39.950848289885485
2008-05-17,33.816714472397265
2008-05-18,54.30877224038801
2008-05-19,45.13048277510883
2008-05-20,49.34366691737917
2008-05-21,52.59438438576685
2008-05-22,54.88263518222806
2008-05-23,70.94466792329436
2008-05-24,56.571736761339714
2008-05-25,55.972587541979195
2008-05-26,54.47713060986582
2008-05-27,52.08536596477282
2008-05-28,48.79729360457417
2008-05-29,44.61291353298662
2008-05-30,39.532225744206606
2008-05-31,33.55523024127027
2008-06-01,26.681927022388734
2008-06-02,21.910265852855133
2008-06-03,19.24024672382866
2008-06-04,18.671869641859786
2008-06-05,20.205134603912576
2008-06-06,23.8400416136102
2008-06-07,29.576590666209633
2008-06-08,37.4147817676897
2008-06-09,57.284861698317286
2008-06-10,47.793264175901584
2008-06-11,57.910211612886926
2008-06-12,51.10788019384727
2008-06-13,50.11623831155476
2008-06-14,47.358629830849104
2008-06-15,42.8350547502905
2008-06-16,39.590740075824144
2008-06-17,37.625685805351864
2008-06-18,36.93989193733813
2008-06-19,37.533358470907785
2008-06-20,39.40608541111854
2008-06-21,42.558072752562
2008-06-22,46.989320499447274
2008-06-23,50.32310997426614
2008-06-24,57.911757892538674
2008-06-25,53.69831410984624
2008-06-26,53.73972876908304
2008-06-27,52.68368515778671
2008-06-28,50.530183275782214
2008-06-29,47.27922312345268
2008-06-30,45.10510082479592
2008-07-01,44.007816388499585
2008-07-02,43.98235064049487
2008-07-03,45.02870358002832
2008-07-04,47.14687520901218
2008-07-05,50.33686552719567
2008-07-06,54.598674534327394
2008-07-07,57.74599581994875
2008-07-08,59.77882938304939
2008-07-09,60.69717522605169
2008-07-10,60.5010333473426
2008-07-11,59.190403744168876
2008-07-12,56.7652864231809
2008-07-13,53.225681376569106
2008-07-14,60.94532507865344
2008-07-15,48.018849064375566
2008-07-16,46.35162179255734
2008-07-17,45.308520447471814
2008-07-18,44.88954502843262
2008-07-19,45.09469553361178
2008-07-20,45.92397196448628
2008-07-21,46.356414955530624
2008-07-22,46.39202450710842
2008-07-23,46.030800618615125
2008-07-24,56.91576991336619
2008-07-25,44.11785252867575
2008-07-26,42.566128322658976
2008-07-27,40.61757067655555
2008-07-28,39.14107528981318
2008-07-29,38.13664214946819
2008-07-30,37.60427126870033
2008-07-31,37.54396264087458
2008-08-01,37.95571626609204
2008-08-02,38.831299808131384
2008-08-03,40.17071326056153
2008-08-04,45.16653330532226
2008-08-05,42.65428711208943
2008-08-06,43.7984475065962
2008-08-07,44.87752354753289
2008-08-08,45.891515237395865
2008-08-09,46.840422575573065
2008-08-10,47.724245557406746
2008-08-11,48.62709243348598
2008-08-12,49.54896319913354
2008-08-13,50.48985786071784
2008-08-14,51.449776411133996
2008-08-15,52.428718855407894
2008-08-16,53.42668518788048
2008-08-17,54.4436754157934
2008-08-18,55.30232053435699
2008-08-19,70.18278430976237
2008-08-20,56.54457544924088
2008-08-21,56.928185246058
2008-08-22,57.15344993341603
2008-08-23,57.220369512617644
2008-08-24,57.12894398526747
2008-08-25,56.50485203958354
2008-08-26,55.34809368009853
2008-08-27,53.65866890961106
2008-08-28,51.43657772320982
2008-08-29,48.681820121675266
2008-08-30,45.39439610277911
2008-08-31,41.574305669085284
2008-09-01,38.8275869659492
2008-09-02,37.16647942489266
2008-09-03,36.59098304871454
2008-09-04,37.10109783593881
2008-09-05,38.69682378615007
2008-09-06,41.3781609037761
2008-09-07,45.14510918321907
2008-09-08,48.28114081636853
2008-09-09,50.78625581167205
2008-09-10,52.66045415945075
2008-09-11,53.90373586341013
2008-09-12,54.516100927996206
2008-09-13,54.49754934684996
2008-09-14,53.84808112153362
2008-09-15,62.18586974155099
2008-09-16,60.98633852254452
2008-09-17,52.02200792705004
2008-09-18,58.319603175648616
2008-09-19,50.90656869862367
2008-09-20,50.379431951520814
2008-09-21,49.87268378186753
2008-09-22,49.378153203715925
2008-09-23,48.895840216251266
2008-09-24,48.425744816364514
2008-09-25,67.67412400227303
2008-09-26,47.52220678462614
2008-09-27,47.08876415359315
2008-09-28,57.2331513263818
2008-09-29,74.56345280012015
2008-09-30,47.36377718900533
2008-10-01,48.48124031105656
2008-10-02,57.740504758190795
2008-10-03,52.23515213931969
2008-10-04,54.87160084697052
2008-10-05,58.01437808472515
2008-10-06,60.018562593385674
2008-10-07,60.88415437724208
2008-10-08,60.611153434689896
2008-10-09,59.199559764638884
2008-10-10,56.649373371629665
2008-10-11,52.96059424914483
2008-10-12,48.13322239844821
2008-10-13,44.22633572258672
2008-10-14,41.23993422034358
2008-10-15,59.332093832754964
2008-10-16,38.028586734732706
2008-10-17,37.80364075054017
2008-10-18,38.499179937482516
2008-10-19,40.11520430006401
2008-10-20,41.545611922167645
2008-10-21,42.79040280456646
2008-10-22,43.84957694547303
2008-10-23,44.72313434871071
2008-10-24,45.41107501275805
2008-10-25,45.913398936639545
2008-10-26,46.230106118393586
2008-10-27,49.472278887611246
2008-10-28,59.53251122080154
2008-10-29,45.54809374357261
2008-10-30,44.776711640860995
2008-10-31,43.73330721733752
2008-11-01,42.417880472836615
2008-11-02,40.81939249524273
2008-11-03,39.73398408080063
2008-11-04,39.16165522517257
2008-11-05,61.110533409154
2008-11-06,39.55623621169713
2008-11-07,40.52314604917928
2008-11-08,42.0031354482434
2008-11-09,43.99620440943082
2008-11-10,45.67590283428453
2008-11-11,47.042230720179695
2008-11-12,48.0951880627494
2008-11-13,48.834774869629044
2008-11-14,49.26099113608436
2008-11-15,49.373836864374205
2008-11-16,49.17331205622415
2008-11-17,48.85635161840274
2008-11-18,48.42295556023912
2008-11-19,47.873123875005454
2008-11-20,47.206856564000184
2008-11-21,46.42415362855711
2008-11-22,45.52501506796563
2008-11-23,44.50944088222301
2008-11-24,43.768784091272934
2008-11-25,43.3030446959603
2008-11-26,43.112222697034525
2008-11-27,43.19631809324605
2008-11-28,43.555330883342066
2008-11-29,44.1892610703965
2008-11-30,45.09810865440809
2008-12-01,46.01340565876663
2008-12-02,46.96222990907656
2008-12-03,47.94458140847821
2008-12-04,48.96046015638737
2008-12-05,50.00986615475579
2008-12-06,51.09279940240182
2008-12-07,52.20925989839083
2008-12-08,52.107470242364
2008-12-09,50.78743043305213
2008-12-10,48.249140474210975
2008-12-11,44.49260036151534
2008-12-12,39.51781009685364
2008-12-13,33.32476967755036
2008-12-14,25.9134791065678
2008-12-15,21.835963477083535
2008-12-16,21.092222798949592
2008-12-17,23.682257064979822
2008-12-18,29.606066275028144
2008-12-19,38.863650429388635
2008-12-20,51.455009533576
2008-12-21,67.38014358277941
2008-12-22,79.20383624276074
2008-12-23,86.92608751145131
2008-12-24,90.54689738950145
2008-12-25,90.06626587842617
2008-12-26,85.48419297556379
2008-12-27,76.80067868548194
2008-12-28,64.01572300496198
2008-12-29,87.34195226230051
2008-12-30,45.4329019054085
2008-12-31,39.63503648856286
2009-01-01,36.16620115660449
2009-01-02,35.00590178441578
2009-01-03,36.15413837250068
2009-01-04,39.61091092349039
2009-01-05,42.947379428574884
2009-01-06,46.163543887006625
2009-01-07,49.259404296101046
2009-01-08,52.234960662075025
2009-01-09,55.090212980509314
2009-01-10,98.31508965035071
2009-01-11,60.43980548534714
2009-01-12,61.93768351054012
2009-01-13,62.318795332751144
2009-01-14,61.58314095107584
2009-01-15,59.73072036688371
2009-01-16,56.76153357975808
2009-01-17,52.67558058703584
2009-01-18,47.47286138955269
2009-01-19,43.40116179201257
2009-01-20,40.4604817900631
2009-01-21,38.65082138711959
2009-01-22,37.972180575938665
2009-01-23,38.424559366189435
2009-01-24,40.00795775066938
2009-01-25,42.722375734020886
2009-01-26,45.03210625668276
2009-01-27,46.93714932426455
2009-01-28,48.437504935890196
2009-01-29,49.533173091234225
2009-01-30,50.22415378977054
2009-01-31,50.51044702973938
2009-02-01,50.39205281574106
2009-02-02,50.095438774673404
2009-02-03,49.62060491350936
2009-02-04,48.96755122680364
2009-02-05,73.78569158053315
2009-02-06,47.12678437912014
2009-02-07,45.93907122022451
2009-02-08,44.5731382340639
2009-02-09,43.779958082210875
2009-02-10,43.55953076192569
2009-02-11,43.91185627515047
2009-02-12,44.83693461946811
2009-02-13,46.33476579700913
2009-02-14,48.40534980757834
2009-02-15,51.04868665131264
2009-02-16,52.548718845336204
2009-02-17,52.90544639427735
2009-02-18,52.11886929423923
2009-02-19,50.18898754601276
2009-02-20,80.4113817564643
2009-02-21,42.899310113175254
2009-02-22,37.53951441936173
2009-02-23,33.80250567698573
2009-02-24,57.58098487085286
2009-02-25,31.196849032917832
2009-02-26,32.32820113380353
2009-02-27,35.08234017882719
2009-02-28,39.4592661755467
2009-03-01,45.45897912033919
2009-03-02,49.93226355453854
2009-03-03,52.8791194881595
2009-03-04,54.29954690927599
2009-03-05,54.19354582785024
2009-03-06,52.561116241270966
2009-03-07,49.40225814757998
2009-03-08,44.71697154903478
2009-03-09,41.23210684020008
2009-03-10,38.947664018541126
2009-03-11,37.863643089540325
2009-03-12,37.980044048507104
2009-03-13,39.2968668960231
2009-03-14,41.814111635339664
2009-03-15,75.56036034888692
2009-03-16,48.00092607543849
2009-03-17,49.22155508605264
2009-03-18,49.1936652872116
2009-03-19,47.91725667680054
2009-03-20,69.75579690371218
2009-03-21,41.61888302889125
2009-03-22,36.59691799153706
2009-03-23,32.66178588053696
2009-03-24,29.813486691955344
2009-03-25,28.052020430970305
2009-03-26,51.74085473497245
2009-03-27,27.789586677228034
2009-03-28,61.92384902675209
2009-03-29,31.87448462183507
2009-03-30,34.24336648320511
2009-03-31,59.718746798457666
2009-04-01,38.33017948639332
2009-04-02,40.00997485327563
2009-04-03,41.434650875183884
2009-04-04,42.60420754890077
2009-04-05,43.5186448776903
2009-04-06,44.142789074029984
2009-04-07,44.476640137311925
2009-04-08,44.52019806929949
2009-04-09,44.27346286928553
2009-04-10,43.736434535909225
2009-04-11,42.90911307120352
2009-04-12,41.791498474047835
2009-04-13,40.50574955587475
2009-04-14,39.05186631495883
2009-04-15,37.4298487515743
2009-04-16,35.63969686678178
2009-04-17,33.68141065945629
2009-04-18,31.55499012996324
2009-04-19,29.26043527767411
2009-04-20,27.78772729536009
2009-04-21,27.136866182970827
2009-04-22,49.16893774454623
2009-04-23,28.30068457150966
2009-04-24,30.115364070464473
2009-04-25,32.75189044028073
2009-04-26,36.21026368311161
2009-04-27,39.58401710418761
2009-04-28,42.873150716099474
2009-04-29,46.07766450588688
2009-04-30,49.1975584820898
2009-05-01,52.23283263989662
2009-05-02,55.20530650883964
2009-05-03,58.11498007893621
2009-05-04,78.3850636341082
2009-05-05,60.4418271276203
2009-05-06,59.85900060459578
2009-05-07,58.11200738608032
2009-05-08,55.20084746918076
2009-05-09,51.12552085218645
2009-05-10,45.88602753855539
2009-05-11,41.052691509135876
2009-05-12,36.625512765056804
2009-05-13,32.6044913046572
2009-05-14,28.989627125642563
2009-05-15,25.780920232409255
2009-05-16,22.978370619833584
2009-05-17,20.58197828868889
2009-05-18,19.6694679262078
2009-05-19,20.240839530202447
2009-05-20,22.296093100887003
2009-05-21,25.835228640127617
2009-05-22,56.646681226328774
2009-05-23,37.3651456232564
2009-05-24,45.355927064477896
2009-05-25,51.79426996893253
2009-05-26,56.68017433589235
2009-05-27,60.013640165974216
2009-05-28,61.79466745659545
2009-05-29,62.023256210048515
2009-05-30,60.69940642773041
2009-05-31,57.82311810974195
2009-06-01,55.113945949331125
2009-06-02,52.560796337305334
2009-06-03,50.16366927668492
2009-06-04,47.92256476430804
2009-06-05,45.837482801559204
2009-06-06,43.90842338510342
2009-06-07,42.13538651971598
2009-06-08,40.79847976328545
2009-06-09,39.89770311539053
2009-06-10,39.43305657960882
2009-06-11,39.404540151321164
2009-06-12,39.812153833819266
2009-06-13,40.6558976251985
2009-06-14,41.93577152728082
2009-06-15,43.175116999959265
2009-06-16,44.37393404377213
2009-06-17,45.532222658373414
2009-06-18,46.64998284269532
2009-06-19,65.52192991117442
2009-06-20,48.76391792505123
2009-06-21,49.760092822518466
2009-06-22,50.3803755070057
2009-06-23,50.624765981866624
2009-06-24,76.59449705155276
2009-06-25,49.98587028682557
2009-06-26,49.102584121667824
2009-06-27,47.843405743451164
2009-06-28,46.20833515230471
2009-06-29,44.94015331716375
2009-06-30,44.03886023533096
2009-07-01,43.504455910531014
2009-07-02,43.348382900546646
2009-07-03,43.57064120798115
2009-07-04,44.1712308334206
2009-07-05,45.15015177339181
2009-07-06,45.86166320760509
2009-07-07,46.30576512843741
2009-07-08,46.48245754367195
2009-07-09,46.391740445060016
2009-07-10,46.03361384151022
2009-07-11,45.40807772586561
2009-07-12,44.51513210354902
2009-07-13,43.79058445677393
2009-07-14,43.23443479099422
2009-07-15,42.84668310290908
2009-07-16,42.627329389552166
2009-07-17,42.57637365762721
2009-07-18,42.69381590117063
2009-07-19,42.97965612539068
2009-07-20,43.36448090763847
2009-07-21,43.848290246573
2009-07-22,44.43108414709765
2009-07-23,45.11286260212974
2009-07-24,45.89362562303008
2009-07-25,46.77337319646112
2009-07-26,47.752105330913714
2009-07-27,48.367107189870076
2009-07-28,76.42262144458606
2009-07-29,48.50592007166181
2009-07-30,66.44469489620603
2009-07-31,47.18981184105878
2009-08-01,45.986162308614155
2009-08-02,44.42264074949215
2009-08-03,43.097107719490644
2009-08-04,42.0095632144208
2009-08-05,41.16000723123896
2009-08-06,58.134623267371765
2009-08-07,40.17486084566286
2009-08-08,40.03927043786824
2009-08-09,40.141668553819876
2009-08-10,39.966536563251445
2009-08-11,39.51387445714176
2009-08-12,38.783682241831734
2009-08-13,37.77595991479848
2009-08-14,36.490707476291156
2009-08-15,34.927924925426964
2009-08-16,33.08761226589992
2009-08-17,31.78095200043574
2009-08-18,31.00794413411654
2009-08-19,30.768588664777475
2009-08-20,31.062885589058745
2009-08-21,31.89083491361332
2009-08-22,33.252436635495194
2009-08-23,35.14769075378595
2009-08-24,36.902813729717636
2009-08-25,38.517805561341795
2009-08-26,39.99266624929503
2009-08-27,41.327395796054375
2009-08-28,42.52199419715281
2009-08-29,43.57646145710102
2009-08-30,86.1971615855743
2009-08-31,44.82576865666637
2009-09-01,59.178602111497945
2009-09-02,43.72867137975232
2009-09-03,42.26765866955381
2009-09-04,40.198336580320216
2009-09-05,37.5207051132313
2009-09-06,34.23476425994787
2009-09-07,31.97095499923677
2009-09-08,44.90944108601003
2009-09-09,30.509731233075254
2009-09-10,31.312316727948676
2009-09-11,33.13703381195006
2009-09-12,35.98388248329833
2009-09-13,39.85286273832596
2009-09-14,42.92321921496542
2009-09-15,45.194951922143744
2009-09-16,46.668060850104375
2009-09-17,47.342546002571716
2009-09-18,47.21840738084769
2009-09-19,46.29564498213517
2009-09-20,44.57425881127855
2009-09-21,43.02528848795054
2009-09-22,41.64873401493406
2009-09-23,40.44459539247464
2009-09-24,39.41287262272258
2009-09-25,38.553565699865395
2009-09-26,37.86667462771965
2009-09-27,37.35219940535659
2009-09-28,37.13563834292376
2009-09-29,37.216991445061645
2009-09-30,37.5962587115543
2009-10-01,38.27344013856293
2009-10-02,39.28762480223042
2009-10-03,40.638812706230965
2009-10-04,42.327003849957485
2009-10-05,43.92262124069501
2009-10-06,45.4256648748072
2009-10-07,46.83613475837573
2009-10-08,48.154030890645885
2009-10-09,49.379353266922536
2009-10-10,50.51210189517254
2009-10-11,51.55227676647903
2009-10-12,51.966595670204626
2009-10-13,51.755058604338736
2009-10-14,50.91766556851674
2009-10-15,49.454416560105415
2009-10-16,66.23744129731845
2009-10-17,44.65035063407152
2009-10-18,41.30953371518339
2009-10-19,38.62263674390113
2009-10-20,36.58965972288303
2009-10-21,35.21060265290343
2009-10-22,34.48546553069509
2009-10-23,34.41424835638723
2009-10-24,34.996951133275246
2009-10-25,36.23357386246262
2009-10-26,37.5402654857791
2009-10-27,38.91702601001702
2009-10-28,40.36385542936757
2009-10-29,41.880753752104766
2009-10-30,43.46772097313853
2009-10-31,45.12475709061403
2009-11-01,46.85186211079547
2009-11-02,61.689738041315536
2009-11-03,48.34908450948328
2009-11-04,48.11920188951527
2009-11-05,47.23699005607368
2009-11-06,45.70244900955228
2009-11-07,43.51557875152644
2009-11-08,40.67637927694284
2009-11-09,38.96423281021244
2009-11-10,51.86419705167237
2009-11-11,38.92109890596254
2009-11-12,40.59011146869556
2009-11-13,43.38617703729934
2009-11-14,47.3092956151483
2009-11-15,52.35946720382554
2009-11-16,73.03056533592385
2009-11-17,58.023762276465426
2009-11-18,58.63788576739736
2009-11-19,57.773326546599264
2009-11-20,55.430084636739196
2009-11-21,51.60816001977374
2009-11-22,46.30755270501218
2009-11-23,42.18887885240983
2009-11-24,39.252138460056656
2009-11-25,37.497331530516526
2009-11-26,36.924458063895244
2009-11-27,54.248145480630285
2009-11-28,39.32451151329272
2009-11-29,42.29743843059621
2009-11-30,44.69476575383316
2009-12-01,46.51649348262484
2009-12-02,47.80257112835207
2009-12-03,48.55299868970555
2009-12-04,48.76777616569753
2009-12-05,48.44690355958185
2009-12-06,47.59038086919302
2009-12-07,46.96674335660735
2009-12-08,46.57599102168772
2009-12-09,46.418123864988445
2009-12-10,46.493141883438476
2009-12-11,46.801045077235166
2009-12-12,47.34183345576573
2009-12-13,48.11550700606567
2009-12-14,48.554516836806144
2009-12-15,66.76637598973531
2009-12-16,48.428545332717654
2009-12-17,47.863563999228184
2009-12-18,46.96391894423009
2009-12-19,45.72961016638409
2009-12-20,44.16063766696419
2009-12-21,43.17130385052068
2009-12-22,42.761608715716314
2009-12-23,61.03906530130739
2009-12-24,43.68113448533136
2009-12-25,45.01035539366536
2009-12-26,46.91921498396203
2009-12-27,49.40771325717617
2009-12-28,50.888121933338844
2009-12-29,51.360441013125495
2009-12-30,70.70470401187197
2009-12-31,49.28081038910746
2010-01-01,46.72886068532278
2010-01-02,81.51556049559778
2010-01-03,38.53134515084967
2010-01-04,35.26516578161884
2010-01-05,33.3471675000416
2010-01-06,32.77735029739123
2010-01-07,33.5557141845167
2010-01-08,35.68225915683412
2010-01-09,39.156985212615176
2010-01-10,43.97989235414408
2010-01-11,47.98681078430913
2010-01-12,51.1777404956253
2010-01-13,71.39017256482707
2010-01-14,55.111633781353014
2010-01-15,55.85459735828613
2010-01-16,55.78157221853687
2010-01-17,54.89255836734747
2010-01-18,53.758014944711356
2010-01-19,52.377941950348486
2010-01-20,50.75233938284018
2010-01-21,48.881207246908545
2010-01-22,46.76454554041335
2010-01-23,70.32981055375058
2010-01-24,41.794633408590144
2010-01-25,39.747819141650446
2010-01-26,38.261911466842875
2010-01-27,37.336910374786605
2010-01-28,36.972815870713426
2010-01-29,37.16962795255048
2010-01-30,37.92734662102842
2010-01-31,39.24597187653882
2010-02-01,40.7809356292984
2010-02-02,42.53153712380483
2010-02-03,44.497776359956895
2010-02-04,46.67965333529815
2010-02-05,49.07716805462327
2010-02-06,51.69032051522506
2010-02-07,54.51911071716467
2010-02-08,56.25550726524105
2010-02-09,74.80116486713088
2010-02-10,56.451119401325414
2010-02-11,71.88161695878941
2010-02-12,52.27715692367734
2010-02-13,48.55158520153536
2010-02-14,43.73361982808346
2010-02-15,40.03043543283587
2010-02-16,58.50374584141164
2010-02-17,35.96840958010854
2010-02-18,35.60956812116449
2010-02-19,36.36550764206945
2010-02-20,38.23622814213498
2010-02-21,41.22172961896929
2010-02-22,43.634846683182076
2010-02-23,45.47557933034568
2010-02-24,46.74392755924009
2010-02-25,47.439891372333825
2010-02-26,68.83371641804922
2010-02-27,47.11466575326004
2010-02-28,46.093476322669076
2010-03-01,61.0025516340915
2010-03-02,44.72197954513796
2010-03-03,44.37995139083453
2010-03-04,44.2670700576549
2010-03-05,62.17805085713984
2010-03-06,44.72874785652559
2010-03-07,45.30330698628596
2010-03-08,45.92596473907613
2010-03-09,46.596721111281205
2010-03-10,68.44680053292399
2010-03-11,48.082529713126455
2010-03-12,69.23745485533323
2010-03-13,49.76073279827639
2010-03-14,50.67198227046142
2010-03-15,70.16829202389732
2010-03-16,50.90341154708449
2010-03-17,50.223591348373816
2010-03-18,49.01341459649343
2010-03-19,47.272881283853664
2010-03-20,45.001991417312745
2010-03-21,62.98441638812701
2010-03-22,39.77630704356668
2010-03-23,37.7286775665544
2010-03-24,55.590337046187614
2010-03-25,34.763844042290934
2010-03-26,53.416549256745
2010-03-27,59.32459919257387
2010-03-28,33.14265731483973
2010-03-29,33.38223703004831
2010-03-30,34.02498356868012
2010-03-31,35.07089692577367
2010-04-01,63.21205007000412
2010-04-02,79.2411878493573
2010-04-03,40.61781896831998
2010-04-04,43.266580659146776
2010-04-05,45.26785604917133
2010-04-06,46.62164513054459
2010-04-07,64.01049351162052
2010-04-08,47.38676437905005
2010-04-09,46.79809455029896
2010-04-10,45.56193841412055
2010-04-11,43.67829597874073
2010-04-12,63.16145068287432
2010-04-13,40.489401959577336
2010-04-14,39.18415038392029
2010-04-15,38.071695759667705
2010-04-16,37.15203808701271
2010-04-17,36.425177369585796
2010-04-18,35.891113608723344
2010-04-19,35.52274796667334
2010-04-20,35.32008043563295
2010-04-21,35.28311102643712
2010-04-22,35.411839736557184
2010-04-23,35.70626656327672
2010-04-24,36.16639150818326
2010-04-25,36.792214571499514
2010-04-26,37.51909912990452
2010-04-27,38.34704518557928
2010-04-28,58.11342714646662
2010-04-29,40.30612178005236
2010-04-30,41.437252319585205
2010-05-01,42.66944435838967
2010-05-02,44.004441560071385
2010-05-03,44.87510416666301
2010-05-04,65.36999750426736
2010-05-05,45.223425582599695
2010-05-06,63.816501227504844
2010-05-07,43.71440859985573
2010-05-08,42.26339821564045
2010-05-09,40.34805323062057
2010-05-10,38.89219981829338
2010-05-11,37.895837985408285
2010-05-12,37.35896772472683
2010-05-13,37.2815890425056
2010-05-14,37.66370193014734
2010-05-15,38.505306397424214
2010-05-16,39.80640243938762
2010-05-17,40.34262125233727
2010-05-18,40.11396282736281
2010-05-19,56.53283415160551
2010-05-20,37.36201428793602
2010-05-21,34.83872417040819
2010-05-22,67.93935942067988
2010-05-23,27.497512236580683
2010-05-24,24.586370125308243
2010-05-25,22.81713048862645
2010-05-26,22.189793324773888
2010-05-27,41.12466940459531
2010-05-28,24.360826413109038
2010-05-29,27.15919666719801
2010-05-30,31.099469395076838
2010-05-31,52.28783552636648
2010-06-01,36.818819570755096
2010-06-02,38.59324304851187
2010-06-03,39.64261413199424
2010-06-04,39.966932822032796
2010-06-05,39.566199112658985
2010-06-06,38.4404130120204
2010-06-07,37.69328898377217
2010-06-08,37.32482703095329
2010-06-09,37.33502714976819
2010-06-10,37.723889345704336
2010-06-11,38.491413614910726
2010-06-12,39.63759995609367
2010-06-13,70.11361605911185
2010-06-14,42.03631658467206
2010-06-15,42.25920458508803
2010-06-16,41.83111238093919
2010-06-17,40.75203996640499
2010-06-18,39.021987345847116
2010-06-19,36.64095451342172
2010-06-20,33.608941476290525
2010-06-21,31.42208957616385
2010-06-22,30.08039881608329
2010-06-23,29.58386919342991
2010-06-24,29.932500707867323
2010-06-25,31.12629335797845
2010-06-26,33.16524714899607
2010-06-27,36.0493620820446
2010-06-28,65.63003183365831
2010-06-29,39.849985214129774
2010-06-30,40.76649342026366
2010-07-01,41.02713271806335
2010-07-02,40.64360841399767
2010-07-03,39.615920511710186
2010-07-04,37.94406900762299
2010-07-05,36.76539840814446
2010-07-06,36.07990871089847
2010-07-07,35.88759991706979
2010-07-08,56.694101003093905
2010-07-09,36.9825250452224
2010-07-10,38.26975896472205
2010-07-11,40.050173787876574
2010-07-12,41.756884589608305
2010-07-13,43.38989136986711
2010-07-14,44.94919412774701
2010-07-15,46.434792866036084
2010-07-16,47.84668758311942
2010-07-17,49.18487827709331
2010-07-18,50.44936495262025
2010-07-19,51.534860913640536
2010-07-20,52.4413661690235
2010-07-21,53.16888070884769
2010-07-22,53.71740454069148
2010-07-23,54.08693765894871
2010-07-24,54.2774800711756
2010-07-25,54.28903176729323
2010-07-26,54.071386194484276
2010-07-27,53.62454334896686
2010-07-28,52.94850323270606
2010-07-29,52.04326584722417
2010-07-30,50.90883118671337
2010-07-31,49.545199257303324
2010-08-01,47.95237005341417
2010-08-02,66.62997584371195
2010-08-03,45.520852456657074
2010-08-04,44.6821640621092
2010-08-05,44.094855937297865
2010-08-06,63.77798280514429
2010-08-07,43.67438049486182
2010-08-08,43.84121317580322
2010-08-09,43.79921075477331
2010-08-10,43.54837322355979
2010-08-11,43.08870059009165
2010-08-12,42.420192852443094
2010-08-13,41.54285000786195
2010-08-14,40.45667205464595
2010-08-15,39.16165900143189
2010-08-16,38.59154719375543
2010-08-17,38.746336636220086
2010-08-18,39.62602732616071
2010-08-19,41.23061927086158
2010-08-20,67.33273994860224
2010-08-21,46.61450690789995
2010-08-22,50.39380259979238
2010-08-23,53.150732165833006
2010-08-24,54.88529560262135
2010-08-25,55.59749291373354
2010-08-26,55.28732409659452
2010-08-27,53.95478915424803
2010-08-28,51.599888078932935
2010-08-29,48.222620880056006
2010-08-30,45.6080163720529
2010-08-31,43.75607455582298
2010-09-01,42.66679543364205
2010-09-02,42.36906756225908
2010-09-03,42.86289093838167
2010-09-04,44.14826556774254
2010-09-05,46.22519145006996
2010-09-06,47.778290375129195
2010-09-07,62.41025337133275
2010-09-08,49.313007345930295
2010-09-09,49.29462539439107
2010-09-10,48.75241648392766
2010-09-11,47.68638061933495
2010-09-12,46.09651779194786
2010-09-13,44.864384513027645
2010-09-14,43.9899807892516
2010-09-15,43.47330661273562
2010-09-16,43.314361986799476
2010-09-17,43.51314690933405
2010-09-18,44.069661381696214
2010-09-19,44.983905405325615
2010-09-20,45.67363978014918
2010-09-21,46.13886450216544
2010-09-22,46.379579571099995
2010-09-23,46.395784992081914
2010-09-24,46.18748076425863
2010-09-25,45.754666884221194
2010-09-26,45.09734335341824
2010-09-27,44.684944940210464
2010-09-28,44.51747164915035
2010-09-29,44.59492347481091
2010-09-30,44.91730042197383
2010-10-01,45.48460248055241
2010-10-02,46.27932001338266
2010-10-03,47.30145301287221
2010-10-04,47.95308837467472
2010-10-05,48.23422610097024
2010-10-06,48.144866192891286
2010-10-07,61.480190589571365
2010-10-08,67.8682445637252
2010-10-09,67.50151902764703
2010-10-10,44.08245019885953
2010-10-11,42.83960818966067
2010-10-12,41.92527462210978
2010-10-13,53.781848095235944
2010-10-14,41.08213282073873
2010-10-15,41.15332458476391
2010-10-16,41.55302479277186
2010-10-17,42.28123344089995
2010-10-18,42.85598313902307
2010-10-19,54.60750276637437
2010-10-20,43.54510566065296
2010-10-21,57.07502557940541
2010-10-22,43.62039236228121
2010-10-23,43.42784727922066
2010-10-24,43.08184324098492
2010-10-25,42.525493872596485
2010-10-26,41.75879917775671
2010-10-27,54.37108275655028
2010-10-28,39.594373795245254
2010-10-29,38.19664310844999
2010-10-30,36.58856709430262
2010-10-31,49.88870269969809
2010-11-01,33.75074635326582
2010-11-02,33.53199407488644
2010-11-03,34.11388890464104
2010-11-04,35.49643084800154
2010-11-05,37.67961990357999
2010-11-06,59.49548351250442
2010-11-07,44.44793935206531
2010-11-08,46.72969513119388
2010-11-09,47.50872341350745
2010-11-10,46.78502419659761
2010-11-11,44.55859747888394
2010-11-12,40.829443260277216
2010-11-13,35.597561545273194
2010-11-14,28.862952328885406
2010-11-15,24.37091194525414
2010-11-16,22.121440390910823
2010-11-17,22.114537669172137
2010-11-18,24.350203777938383
2010-11-19,28.828438719519177
2010-11-20,35.54924249148407
2010-11-21,44.51261509605331
2010-11-22,50.91699108594228
2010-11-23,54.76237046164132
2010-11-24,56.048753225203185
2010-11-25,54.77613937362178
2010-11-26,50.94452890851623
2010-11-27,44.553921830484
2010-11-28,35.60431813717767
2010-11-29,28.943135027368925
2010-11-30,24.570372497215615
2010-12-01,22.48603054621651
2010-12-02,22.689847026367897
2010-12-03,25.181821929803824
2010-12-04,71.66831927420385
2010-12-05,49.54215622582058
2010-12-06,42.70645689587737
2010-12-07,46.99058487820528
2010-12-08,49.88263097317515
2010-12-09,51.382595185747526
2010-12-10,65.21882233079106
2010-12-11,50.20627795147665
2010-12-12,47.529996504488714
2010-12-13,59.744395794544644
2010-12-14,44.30898453197115
2010-12-15,43.764254006801686
2010-12-16,43.930040453407905
2010-12-17,44.80634387234543
2010-12-18,46.39316426699889
2010-12-19,66.55472755163362
2010-12-20,50.37878085400439
2010-12-21,51.45800192852793
2010-12-22,51.92816485957288
2010-12-23,51.78926964132999
2010-12-24,51.041316279482615
2010-12-25,49.684304772155514
2010-12-26,47.718235116959555
2010-12-27,45.9499909644734
2010-12-28,44.37957231148076
2010-12-29,43.00697915636895
2010-12-30,56.707481330108834
2010-12-31,40.85526934221697
2011-01-01,40.07615268563691
2011-01-02,39.50645099087495
2011-01-03,49.03138081320077
2011-01-04,52.246438975205315
2011-01-05,51.07653458201069
2011-01-06,54.29069801868014
2011-01-07,46.27577763104348
2011-01-08,62.16136464164036
2011-01-09,53.471831345214866
2011-01-10,66.88628059987694
2011-01-11,75.92919171884634
2011-01-12,72.88488735855842
2011-01-13,56.710708413776885
2011-01-14,64.10825521910645
2011-01-15,65.77880706013839
2011-01-16,46.082477423084114
2011-01-17,50.70180480550197
2011-01-18,39.07735019987985
2011-01-19,48.74484122214722
2011-01-20,35.49553201553052
2011-01-21,34.98836380954172
2011-01-22,35.33702286358088
2011-01-23,36.54150917763326
2011-01-24,37.65331643146957
2011-01-25,55.91107509148229
2011-01-26,39.598893777381065
2011-01-27,40.4326638656053
2011-01-28,53.129579244629106
2011-01-29,41.822166870737526
2011-01-30,42.377899790300496
2011-01-31,42.55948681341499
2011-02-01,42.366927943282384
2011-02-02,41.78576640465963
2011-02-03,40.81600219943087
2011-02-04,39.457635327192236
2011-02-05,37.71066578580714
2011-02-06,35.57509357860261
2011-02-07,34.29064395560078
2011-02-08,33.85731691852418
2011-02-09,45.25778832654448
2011-02-10,35.544030606496534
2011-02-11,37.66407132745948
2011-02-12,58.047641610440415
2011-02-13,44.45752053176716
2011-02-14,47.234546602008734
2011-02-15,48.96631284863608
2011-02-16,49.65281926935315
2011-02-17,65.52479252739555
2011-02-18,60.81902548324369
2011-02-19,45.44077958870552
2011-02-20,41.94624671234376
2011-02-21,58.70269454299345
2011-02-22,48.67817720514945
2011-02-23,47.13061319140708
2011-02-24,33.81637505172688
2011-02-25,33.24597209495345
2011-02-26,49.52587708691018
2011-02-27,33.85964413483907
2011-02-28,34.43130186694785
2011-03-01,51.65791392534224
2011-03-02,35.50144931988356
2011-03-03,36.009544862967104
2011-03-04,36.499654950385256
2011-03-05,36.971779586900574
2011-03-06,37.42591876595752
2011-03-07,48.581476068692695
2011-03-08,37.618751202907916
2011-03-09,54.83936204043058
2011-03-10,36.857655740817904
2011-03-11,36.11938505068966
2011-03-12,35.14263238388249
2011-03-13,33.92739774450577
2011-03-14,33.056836163531486
2011-03-15,32.53094764449512
2011-03-16,32.34973218970686
2011-03-17,32.51318978853079
2011-03-18,33.02132045344816
2011-03-19,51.356041758692825
2011-03-20,35.07160096141897
2011-03-21,36.44300694647088
2011-03-22,51.30229679639906
2011-03-23,39.707606516403175
2011-03-24,41.60080010428321
2011-03-25,43.667922894388006
2011-03-26,45.90897488534013
2011-03-27,48.323956078732415
2011-03-28,49.97879052178428
2011-03-29,67.27798139135517
2011-03-30,51.00801916274231
2011-03-31,64.84061954646049
2011-04-01,48.99666080030134
2011-04-02,46.83881532224016
2011-04-03,43.908876917727
2011-04-04,41.47502042946614
2011-04-05,39.53724584889634
2011-04-06,38.09555318367519
2011-04-07,37.149942433582765
2011-04-08,36.7004135962237
2011-04-09,36.746966669704634
2011-04-10,37.28960165561575
2011-04-11,37.65541027149351
2011-04-12,37.8443925202687
2011-04-13,37.85654839427689
2011-04-14,37.691877906185226
2011-04-15,37.350381041415474
2011-04-16,36.83205780541271
2011-04-17,36.1369082040174
2011-04-18,35.338026099890754
2011-04-19,51.743552557488634
2011-04-20,33.429064383182656
2011-04-21,55.00083042802643
2011-04-22,31.1051726584404
2011-04-23,29.78762804286205
2011-04-24,28.36635092279595
2011-04-25,27.132934435675647
2011-04-26,26.08737857754669
2011-04-27,63.18247459891019
2011-04-28,24.559848749464717
2011-04-29,24.07787478116843
2011-04-30,23.78376144305279
2011-05-01,23.67750873343282
2011-05-02,37.48969884208855
2011-05-03,24.13956321749275
2011-05-04,38.40145992765454
2011-05-05,25.501030905145676
2011-05-06,26.519044699162567
2011-05-07,27.76191179485942
2011-05-08,29.229632193668497
2011-05-09,46.88776239974535
2011-05-10,31.627058794532076
2011-05-11,32.556765000707074
2011-05-12,33.30713313885179
2011-05-13,33.87816321648091
2011-05-14,34.269855227898404
2011-05-15,34.48220917731261
2011-05-16,34.67697323957198
2011-05-17,34.854147416188326
2011-05-18,55.86691370725369
2011-05-19,35.15572610288484
2011-05-20,35.28013061499808
2011-05-21,35.38694524116764
2011-05-22,60.360967175673956
2011-05-23,54.944183465228676
2011-05-24,54.86504594889803
2011-05-25,36.48994834885367
2011-05-26,54.1066744948823
2011-05-27,55.65177997189604
2011-05-28,38.62288293919552
2011-05-29,62.31253090795356
2011-05-30,40.448744942397326
2011-05-31,41.22143020166059
2011-06-01,64.63058668827568
2011-06-02,63.896010943801976
2011-06-03,64.80613804602147
2011-06-04,43.37980869084537
2011-06-05,43.68674751440367
2011-06-06,43.5452182240721
2011-06-07,58.178043690427295
2011-06-08,41.91675531442364
2011-06-09,40.42982169259852
2011-06-10,38.4944199576627
2011-06-11,36.11055011109074
2011-06-12,33.27821215326881
2011-06-13,31.154862952147663
2011-06-14,44.963325374843414
2011-06-15,29.03513082288877
2011-06-16,47.806611696975665
2011-06-17,29.751353720235464
2011-06-18,31.172948306386868
2011-06-19,33.303531647653344
2011-06-20,34.78521296706856
2011-06-21,35.61799226283347
2011-06-22,35.801869536814415
2011-06-23,35.33684478895485
2011-06-24,34.22291801703358
2011-06-25,32.46008922584857
2011-06-26,30.048358407867408
2011-06-27,28.061629003023477
2011-06-28,26.499901003002563
2011-06-29,50.52601403323688
2011-06-30,24.651449231121727
2011-07-01,24.364725457833543
2011-07-02,24.49495585987636
2011-07-03,25.04214043504416
2011-07-04,42.09218139614013
2011-07-05,26.656141941644854
2011-07-06,27.722958875715214
2011-07-07,28.96298659806499
2011-07-08,30.376225106490267
2011-07-09,64.63265954415644
2011-07-10,33.72233448327119
2011-07-11,35.2780332597086
2011-07-12,36.62977072976847
2011-07-13,37.777546891602626
2011-07-14,63.258605905688874
2011-07-15,39.46121529407926
2011-07-16,39.99710753708489
2011-07-17,40.329038476958594
2011-07-18,40.66989874145949
2011-07-19,58.85717940498495
2011-07-20,41.37840725804568
2011-07-21,65.310151176284
2011-07-22,42.122633087981676
2011-07-23,42.508139996391385
2011-07-24,42.90257622936719
2011-07-25,43.00143795110098
2011-07-26,61.08601471249703
2011-07-27,42.312437840636555
2011-07-28,41.52457601160952
2011-07-29,40.44113966572706
2011-07-30,66.1712654137074
2011-07-31,72.35137859088573
2011-08-01,36.11444339776558
2011-08-02,35.254230476862304
2011-08-03,34.80690467583181
2011-08-04,52.60995705006013
2011-08-05,35.15091439572076
2011-08-06,35.94224992706447
2011-08-07,37.146472570197695
2011-08-08,53.45031189033712
2011-08-09,57.01476991253037
2011-08-10,39.81137156202285
2011-08-11,58.491261289057896
2011-08-12,62.24218560660497
2011-08-13,41.054617154609346
2011-08-14,41.15310937253166
2011-08-15,40.93696846782054
2011-08-16,40.406194437300634
2011-08-17,39.56078728153425
2011-08-18,58.1952289946492
2011-08-19,58.10007378563422
2011-08-20,35.13676705922478
2011-08-21,33.03282740484362
2011-08-22,48.71102018129078
2011-08-23,30.872517659270784
2011-08-24,53.75464777410679
2011-08-25,55.771013003163695
2011-08-26,59.86011355589381
2011-08-27,34.742176424304404
2011-08-28,37.41589908555204
2011-08-29,56.86707280846534
2011-08-30,40.96274257994201
2011-08-31,60.047642361359415
2011-09-01,42.108783628691754
2011-09-02,41.77108364349239
2011-09-03,40.822763450858105
2011-09-04,39.26382305526801
2011-09-05,38.22639863642646
2011-09-06,56.12545400121272
2011-09-07,37.71609774140973
2011-09-08,38.24322126439818
2011-09-09,39.291860768645044
2011-09-10,40.862016251790635
2011-09-11,42.95368771544424
2011-09-12,63.464593894717346
2011-09-13,64.26816701901643
2011-09-14,63.61094134720981
2011-09-15,48.18163569307233
2011-09-16,48.70393821619988
2011-09-17,76.56689447352656
2011-09-18,48.806921903086106
2011-09-19,64.8980129012089
2011-09-20,63.53181237601443
2011-09-21,45.38203851145836
2011-09-22,64.68300543589913
2011-09-23,40.508326052839
2011-09-24,37.29433276164005
2011-09-25,33.56224810027058
2011-09-26,31.035038568478097
2011-09-27,29.712704168936135
2011-09-28,44.331493521295435
2011-09-29,45.83597302749116
2011-09-30,32.97495177071153
2011-10-01,36.47211790321245
2011-10-02,41.172387965117416
2011-10-03,44.92060791868351
2011-10-04,47.71677776943765
2011-10-05,49.56089751193085
2011-10-06,70.78481960853343
2011-10-07,67.77063835688084
2011-10-08,49.38095611392339
2011-10-09,47.41687543506923
2011-10-10,45.42857907365779
2011-10-11,43.416067027470675
2011-10-12,56.21985382617659
2011-10-13,39.31839588598262
2011-10-14,37.23323679122007
2011-10-15,35.123862006213365
2011-10-16,32.99027154323835
2011-10-17,31.48388996816775
2011-10-18,30.604717294857952
2011-10-19,47.54860821531879
2011-10-20,55.14226248808958
2011-10-21,31.73045264329885
2011-10-22,54.074276341217775
2011-10-23,35.616987351707216
2011-10-24,37.80499905887244
2011-10-25,39.92415066535252
2011-10-26,41.9744421785081
2011-10-27,68.42360714741505
2011-10-28,67.41673298570649
2011-10-29,47.71215613519147
2011-10-30,70.4792104851031
2011-10-31,68.24580105430744
2011-11-01,74.69783723976799
2011-11-02,66.35799132192223
2011-11-03,76.4844151098649
2011-11-04,48.388535370397285
2011-11-05,46.20190722625578
2011-11-06,64.21396698730732
2011-11-07,41.227680713002265
2011-11-08,39.80259441881461
2011-11-09,39.08552609795955
2011-11-10,39.07647575464077
2011-11-11,57.813445819893346
2011-11-12,64.74652465590047
2011-11-13,61.7524986462782
2011-11-14,68.03034413879666
2011-11-15,60.22449728925926
2011-11-16,62.60485377293114
2011-11-17,61.159679366197054
2011-11-18,45.935589894037676
2011-11-19,44.87584924283742
2011-11-20,43.28698455077749
2011-11-21,41.67703136427758
2011-11-22,64.65274444293519
2011-11-23,38.39385949093222
2011-11-24,36.72064080579012
2011-11-25,35.026333620383305
2011-11-26,53.051950238303704
2011-11-27,31.574453756871435
2011-11-28,46.26829236024666
2011-11-29,42.91519283576929
2011-11-30,45.218272057372374
2011-12-01,49.931919396597
2011-12-02,41.19960471626295
2011-12-03,27.496275063523463
2011-12-04,46.999294416721355
2011-12-05,42.202524666055254
2011-12-06,48.599150974189456
2011-12-07,48.63507167303573
2011-12-08,50.199740619237744
2011-12-09,57.60281543181776
2011-12-10,43.0748087347834
2011-12-11,47.80075498812837
2011-12-12,63.474590735107896
2011-12-13,72.44062187666687
2011-12-14,55.096857318103964
2011-12-15,70.80535517993805
2011-12-16,54.22614517254018
2011-12-17,52.07035498955663
2011-12-18,48.76760873383144
2011-12-19,60.15132654009095
2011-12-20,43.48852620876651
2011-12-21,54.85822642480718
2011-12-22,55.4093450202563
2011-12-23,55.56847299726818
2011-12-24,38.236001110845635
2011-12-25,79.73457550479428
2011-12-26,37.89754447153519
2011-12-27,54.94360929088935
2011-12-28,37.86757821894617
2011-12-29,37.968278988813026
2011-12-30,57.33102980518135
2011-12-31,38.401048324378664
2012-01-01,38.733116888887444
2012-01-02,54.046609557775206
2012-01-03,39.49114410807859
2012-01-04,61.66857568701433
2012-01-05,70.29867429259018
2012-01-06,40.862910165493396
2012-01-07,41.38275890897262
2012-01-08,41.93390434960912
2012-01-09,52.785494556409475
2012-01-10,53.04959220896323
2012-01-11,57.63622245278618
2012-01-12,63.52167389162757
2012-01-13,56.6995592793636
2012-01-14,37.4826763442298
2012-01-15,52.96446111886176
2012-01-16,46.21957082440737
2012-01-17,58.72979674403236
2012-01-18,50.58535670003191
2012-01-19,44.66058726269639
2012-01-20,45.84796575187161
2012-01-21,34.8181965293722
2012-01-22,51.10142693183475
2012-01-23,52.015049678670565
2012-01-24,50.2099951918639
2012-01-25,56.66893932739408
2012-01-26,38.999939367742975
2012-01-27,38.353274467884404
2012-01-28,37.21227174939605
2012-01-29,35.57693121271048
2012-01-30,34.75624523516035
2012-01-31,50.82320486993456
2012-02-01,48.84070980896016
2012-02-02,49.32532884015074
2012-02-03,39.66890730447401
2012-02-04,64.97046151883674
2012-02-05,47.10274304929246
2012-02-06,62.86354393430859
2012-02-07,72.2147547155334
2012-02-08,72.65399355628612
2012-02-09,65.32818546516839
2012-02-10,64.20896238725737
2012-02-11,42.395719535811175
2012-02-12,36.69432314787799
2012-02-13,44.161435405510126
2012-02-14,29.763710536716378
2012-02-15,44.543321728125704
2012-02-16,44.676504947276605
2012-02-17,30.54824201841547
2012-02-18,51.885351567852425
2012-02-19,38.524896608761026
2012-02-20,63.065589777566935
2012-02-21,45.27080309190859
2012-02-22,47.28301892811443
2012-02-23,62.70726146608651
2012-02-24,48.58597577739904
2012-02-25,47.87671679058734
2012-02-26,46.2602995326187
2012-02-27,58.472969914067704
2012-02-28,55.18125190575903
2012-02-29,59.16323663059306
2012-03-01,54.57050575941317
2012-03-02,58.183378415147956
2012-03-03,63.221896964494846
2012-03-04,36.738033834639715
2012-03-05,35.634910089019414
2012-03-06,34.61066489245595
2012-03-07,33.665298245500715
2012-03-08,47.88261180051852
2012-03-09,32.01120060582248
2012-03-10,31.30246960670519
2012-03-11,53.71538327703749
2012-03-12,45.70074811449625
2012-03-13,29.884266603486672
2012-03-14,42.96753906744183
2012-03-15,46.85607956115254
2012-03-16,29.88012661702397
2012-03-17,30.19298284575691
2012-03-18,45.2601845931438
2012-03-19,48.53201069283862
2012-03-20,46.26441573923057
2012-03-21,45.54748162178562
2012-03-22,33.45223549389364
2012-03-23,58.77512325099198
2012-03-24,35.39250320542592
2012-03-25,36.49904420335694
2012-03-26,56.90052145116172
2012-03-27,37.79096169621495
2012-03-28,55.28447926254384
2012-03-29,37.85465986292335
2012-03-30,52.79311774439798
2012-03-31,36.69013869873511
2012-04-01,35.647295867288044
2012-04-02,53.29759162322432
2012-04-03,71.72065686313394
2012-04-04,47.28521846790474
2012-04-05,32.97439964236319
2012-04-06,32.680794361908774
2012-04-07,32.53703658933455
2012-04-08,32.543126326372104
2012-04-09,32.615832099114535
2012-04-10,32.755153914801625
2012-04-11,48.49671236286325
2012-04-12,33.233645659598224
2012-04-13,51.01997786638192
2012-04-14,33.9786015560755
2012-04-15,34.45100356488386
2012-04-16,34.93068168133354
2012-04-17,54.05717243980748
2012-04-18,50.543848952849935
2012-04-19,36.413372692763176
2012-04-20,36.922155248670784
2012-04-21,37.43821391651206
2012-04-22,37.96154869214608
2012-04-23,51.50272527112808
2012-04-24,53.97631843311875
2012-04-25,51.39499565736552
2012-04-26,36.42538793730261
2012-04-27,35.13397278301532
2012-04-28,33.47960764269998
2012-04-29,49.52435631558525
2012-04-30,30.124040592815586
2012-05-01,44.02999746344392
2012-05-02,29.49065761638834
2012-05-03,49.17785344285159
2012-05-04,48.52308520818656
2012-05-05,33.67804159766625
2012-05-06,36.443825173548326
2012-05-07,53.51734470999503
2012-05-08,40.4813225390374
2012-05-09,41.75303633055499
2012-05-10,57.74954971899615
2012-05-11,42.802394119856636
2012-05-12,42.580038122226306
2012-05-13,41.859658862618204
2012-05-14,41.0424108797201
2012-05-15,55.23883066832117
2012-05-16,58.71929981939059
2012-05-17,38.009454575767656
2012-05-18,36.80473169246545
2012-05-19,60.35318197392017
2012-05-20,34.104679747901564
2012-05-21,33.18497408116046
2012-05-22,32.74402308111299
2012-05-23,32.781826748736925
2012-05-24,60.61605350683726
2012-05-25,56.08527327460135
2012-05-26,35.76776574209689
2012-05-27,37.72058807381829
2012-05-28,38.731509722266274
2012-05-29,38.80053068808869
2012-05-30,37.92765097321277
2012-05-31,36.11287057621192
2012-06-01,52.829853308630376
2012-06-02,29.6506958893654
2012-06-03,51.062867263291416
2012-06-04,35.756910100626655
2012-06-05,19.808829269666465
2012-06-06,19.27557492037195
2012-06-07,20.116004492060284
2012-06-08,22.33011799661308
2012-06-09,25.9179154224797
2012-06-10,52.56670606530668
2012-06-11,34.771827007819304
2012-06-12,37.595206115779376
2012-06-13,59.56107973316377
2012-06-14,61.048402053936734
2012-06-15,57.64893685107239
2012-06-16,38.19821129889281
2012-06-17,35.67633478333944
2012-06-18,33.76761120161032
2012-06-19,54.40263695629297
2012-06-20,52.05196467135806
2012-06-21,31.720358028544794
2012-06-22,32.26424616687689
2012-06-23,33.42128723201874
2012-06-24,35.191481226529504
2012-06-25,36.53711857287812
2012-06-26,53.02857516986004
2012-06-27,54.950066657560924
2012-06-28,56.63414543490508
2012-06-29,37.67410147376143
2012-06-30,36.89695557777036
2012-07-01,57.83170777742098
2012-07-02,34.82629906902148
2012-07-03,59.522443909243016
2012-07-04,62.655496224109896
2012-07-05,53.609387916444184
2012-07-06,34.67796900560039
2012-07-07,35.47275793788152
2012-07-08,36.60029545152719
2012-07-09,37.58500135913905
2012-07-10,38.426875658722864
2012-07-11,39.12591835313178
2012-07-12,39.68212944330218
2012-07-13,40.09550892917951
2012-07-14,40.36605680217218
2012-07-15,40.493773075271875
2012-07-16,60.67921667027393
2012-07-17,69.85114639641787
2012-07-18,40.066298371933755
2012-07-19,39.65359896057549
2012-07-20,39.1057956321592
2012-07-21,38.42288838147355
2012-07-22,37.60487720982291
2012-07-23,64.9102360280449
2012-07-24,36.30064134797857
2012-07-25,35.81441665695533
2012-07-26,35.43878746046393
2012-07-27,35.17375375577776
2012-07-28,35.01931554230579
2012-07-29,34.97547282452726
2012-07-30,35.01837176199892
2012-07-31,35.148012350913426
2012-08-01,35.36439459659695
2012-08-02,61.63229094342596
2012-08-03,35.96080068785294
2012-08-04,36.340824533074866
2012-08-05,36.77539558086977
2012-08-06,62.4743341766499
2012-08-07,57.41209133655366
2012-08-08,37.85414902747917
2012-08-09,38.13874694718228
2012-08-10,58.96099116328632
2012-08-11,38.595462940186486
2012-08-12,38.76758101674482
2012-08-13,56.37742459217053
2012-08-14,38.5862386464479
2012-08-15,38.232778200493726
2012-08-16,61.0596887588958
2012-08-17,59.20891762334057
2012-08-18,36.12123981678957
2012-08-19,35.06700800494789
2012-08-20,34.18758621351214
2012-08-21,56.108676913154895
2012-08-22,32.953172674919266
2012-08-23,32.598180927364645
2012-08-24,32.417999200103814
2012-08-25,57.74924362337157
2012-08-26,32.58206578901646
2012-08-27,32.78578801810652
2012-08-28,62.122003529091856
2012-08-29,60.40522087016175
2012-08-30,54.59486149340125
2012-08-31,52.08578455670653
2012-09-01,64.55577198801474
2012-09-02,34.75858012772496
2012-09-03,67.00652789367707
2012-09-04,34.30373687332447
2012-09-05,50.71711263952961
2012-09-06,52.644450073129946
2012-09-07,65.38761000807976
2012-09-08,28.055300984148644
2012-09-09,49.15358004410001
2012-09-10,41.54515818420283
2012-09-11,48.396122163324506
2012-09-12,38.53898533228756
2012-09-13,21.64641596335094
2012-09-14,43.49916901055238
2012-09-15,23.95686193513205
2012-09-16,26.156513489641306
2012-09-17,60.16322590954152
2012-09-18,54.554850817761945
2012-09-19,31.5400270552473
2012-09-20,65.7383908989622
2012-09-21,34.11616851696715
2012-09-22,59.70713374103046
2012-09-23,35.882015912870436
2012-09-24,36.106142989926056
2012-09-25,68.5817665592709
2012-09-26,52.141885888492006
2012-09-27,55.63408341731006
2012-09-28,51.95991647634719
2012-09-29,28.864130410619047
2012-09-30,52.01820762727104
2012-10-01,45.41986952702111
2012-10-02,39.48978200496698
2012-10-03,62.17120895404869
2012-10-04,40.89507699164736
2012-10-05,39.055059412673586
2012-10-06,21.20074681316484
2012-10-07,43.63573060145629
2012-10-08,42.983244986211524
2012-10-09,65.95441765249487
2012-10-10,46.23612982769342
2012-10-11,27.6200637202199
2012-10-12,56.62485611900078
2012-10-13,29.145006077280744
2012-10-14,29.684023457441988
2012-10-15,30.11056549594192
2012-10-16,49.366272524022605
2012-10-17,52.07024573432018
2012-10-18,48.3710337036255
2012-10-19,53.839012331094885
2012-10-20,30.55614566719317
2012-10-21,30.307835693346206
2012-10-22,29.99276613283806
2012-10-23,59.04867891293801
2012-10-24,48.10398856577689
2012-10-25,52.211095579651285
2012-10-26,60.27503773962543
2012-10-27,27.416024488402584
2012-10-28,49.1897521401793
2012-10-29,45.23045603310468
2012-10-30,45.27263492203984
2012-10-31,43.29025389774954
2012-11-01,46.19159788123238
2012-11-02,44.957075694560466
2012-11-03,25.754076609730735
2012-11-04,26.18783884603055
2012-11-05,26.54917576375422
2012-11-06,48.03882239967164
2012-11-07,46.169990477293965
2012-11-08,27.198634592556793
2012-11-09,47.21981435057122
2012-11-10,27.269480551101896
2012-11-11,49.461047569349546
2012-11-12,44.839907171937035
2012-11-13,49.91516877818475
2012-11-14,51.886186817308044
2012-11-15,51.851763577326984
2012-11-16,53.46120590276449
2012-11-17,59.36928427452761
2012-11-18,65.19683047281669
2012-11-19,60.098810740293395
2012-11-20,54.606081989200405
2012-11-21,54.97459882345578
2012-11-22,65.68779536872616
2012-11-23,52.96351677966388
2012-11-24,27.645417698348574
2012-11-25,60.72254194502179
2012-11-26,51.51712097808526
2012-11-27,20.433191340049895
2012-11-28,41.515590063988235
2012-11-29,46.39796199365401
2012-11-30,42.063449605179386
2012-12-01,54.09195617026876
2012-12-02,57.10232360002466
2012-12-03,55.13209100451252
2012-12-04,59.3029554527416
2012-12-05,57.79811380630894
2012-12-06,67.43913288117653
2012-12-07,38.17837586711462
2012-12-08,38.553300958131146
2012-12-09,38.3963048505913
2012-12-10,37.63977004214543
2012-12-11,58.77305128877799
2012-12-12,63.39421187443321
2012-12-13,56.925079125583224
2012-12-14,28.61824385215518
2012-12-15,50.09636578607642
2012-12-16,20.510248569283114
2012-12-17,44.66833348793856
2012-12-18,35.995159914165214
2012-12-19,52.080265487818764
2012-12-20,40.02607851921514
2012-12-21,41.191409987467566
2012-12-22,58.91276901461191
2012-12-23,65.03835989052963
2012-12-24,69.08816877038291
2012-12-25,77.43578358716513
2012-12-26,39.95870995432706
2012-12-27,40.70061832507056
2012-12-28,64.10182674057816
2012-12-29,38.459470920273404
2012-12-30,70.50976091286196
2012-12-31,33.00610491009173
2013-01-01,31.048540228036906
2013-01-02,56.304748627173815
2013-01-03,28.698511209081893
2013-01-04,28.306046871642103
2013-01-05,28.43528265577835
2013-01-06,60.78305519879661
2013-01-07,59.634452722662644
2013-01-08,48.13650724825017
2013-01-09,51.61781445940621
2013-01-10,28.291805800317015
2013-01-11,52.78079102844284
2013-01-12,53.06108768416753
2013-01-13,49.66505958331997
2013-01-14,49.37266190009268
2013-01-15,44.62595290588283
2013-01-16,46.693671332904614
2013-01-17,38.928026880810165
2013-01-18,50.141166021397225
2013-01-19,45.68205132226549
2013-01-20,25.724459298596845
2013-01-21,52.391815862575456
2013-01-22,52.072388526829215
2013-01-23,60.14707609936579
2013-01-24,51.62414199348606
2013-01-25,52.019325827203275
2013-01-26,56.99890862728537
2013-01-27,30.31043551896406
2013-01-28,53.51099580445315
2013-01-29,57.40010704404956
2013-01-30,64.73447247383743
2013-01-31,54.35078583866266
2013-02-01,53.35818374718999
2013-02-02,28.22851606724981
2013-02-03,27.619207476548603
2013-02-04,44.88593087642469
2013-02-05,47.63674354763
2013-02-06,45.742151639579596
2013-02-07,60.75044322740769
2013-02-08,54.92270584820636
2013-02-09,49.50779727085725
2013-02-10,50.30183269661573
2013-02-11,47.41752632555537
2013-02-12,47.271241848348076
2013-02-13,47.192167882155516
2013-02-14,45.27143622336487
2013-02-15,45.38292645545115
2013-02-16,24.275340638505362
2013-02-17,45.44661798575664
2013-02-18,44.90128055438118
2013-02-19,41.09439441928363
2013-02-20,47.789059709663235
2013-02-21,41.94251030191252
2013-02-22,47.74443732688953
2013-02-23,47.61400426281559
2013-02-24,25.99954960661308
2013-02-25,26.62759586142073
2013-02-26,42.92137024384293
2013-02-27,48.86251797259577
2013-02-28,46.89460422418868
2013-03-01,45.89894574151552
2013-03-02,55.27242230529227
2013-03-03,25.940545596268286
2013-03-04,48.045491262856295
2013-03-05,46.44629348143311
2013-03-06,49.572790385729846
2013-03-07,24.824507439373363
2013-03-08,24.89048451073881
2013-03-09,51.02191251968952
2013-03-10,47.219977328033565
2013-03-11,25.78730029957553
2013-03-12,26.147089370147487
2013-03-13,26.515789796330814
2013-03-14,55.045197282783505
2013-03-15,27.279924709044906
2013-03-16,69.06892548234613
2013-03-17,53.7638742141384
2013-03-18,28.343308219343335
2013-03-19,45.42675674976337
2013-03-20,45.408874579282624
2013-03-21,54.773202849270085
2013-03-22,27.99029418609326
2013-03-23,27.550183996929366
2013-03-24,55.121126848104296
2013-03-25,55.16022510197224
2013-03-26,42.986547085536216
2013-03-27,48.06991654340438
2013-03-28,26.514385358103226
2013-03-29,26.86776533103892
2013-03-30,50.79831101701721
2013-03-31,28.13506496853005
2013-04-01,56.79355865887175
2013-04-02,56.20483166673327
2013-04-03,53.82557363323557
2013-04-04,30.54036771862644
2013-04-05,51.48065239302835
2013-04-06,31.426423854941508
2013-04-07,53.929431342036324
2013-04-08,54.502412872354384
2013-04-09,31.894177528755634
2013-04-10,31.63417268823457
2013-04-11,31.166206482709605
2013-04-12,52.66416244420714
2013-04-13,29.6063899732991
2013-04-14,28.514539668632565
2013-04-15,51.4951475079657
2013-04-16,26.813267390967965
2013-04-17,26.203845415499956
2013-04-18,51.75219978289532
2013-04-19,46.87669665062589
2013-04-20,47.51431968001652
2013-04-21,25.374251941622166
2013-04-22,45.82081875719725
2013-04-23,44.834751363545614
2013-04-24,46.70198634554153
2013-04-25,24.58073558217645
2013-04-26,43.816316329153004
2013-04-27,23.626709674476054
2013-04-28,23.010379787940657
2013-04-29,46.816658892327155
2013-04-30,22.3722076940537
2013-05-01,22.350365488947485
2013-05-02,40.150189298298415
2013-05-03,63.016482800777844
2013-05-04,53.4135183852137
2013-05-05,46.027088790713286
2013-05-06,47.29634771994289
2013-05-07,54.927445152406634
2013-05-08,55.01825975489576
2013-05-09,44.64399907657622
2013-05-10,43.02969283496116
2013-05-11,23.88161730786296
2013-05-12,22.97100008680216
2013-05-13,22.27098042932402
2013-05-14,42.1481660886899
2013-05-15,38.32430060539753
2013-05-16,21.434506801941218
2013-05-17,38.8155078349871
2013-05-18,21.929845512422652
2013-05-19,22.493411205845362
2013-05-20,23.17859829070906
2013-05-21,44.83858877486319
2013-05-22,24.91383664285363
2013-05-23,49.18043054406347
2013-05-24,56.61875174930743
2013-05-25,28.42885462768428
2013-05-26,29.84377007730668
2013-05-27,30.897593095964762
2013-05-28,31.590323673322093
2013-05-29,58.96158781901806
2013-05-30,31.892507526308567
2013-05-31,31.50196080066447
2013-06-01,30.750321642839673
2013-06-02,29.63653092582544
2013-06-03,50.82539075434306
2013-06-04,52.12396287624562
2013-06-05,46.73926255359774
2013-06-06,50.55446342203309
2013-06-07,51.509475217860356
2013-06-08,28.57733941360984
2013-06-09,49.292957382663076
2013-06-10,46.32844408589828
2013-06-11,45.429458850340765
2013-06-12,48.248215323242874
2013-06-13,65.79412420822277
2013-06-14,60.183904868078926
2013-06-15,26.412793618260274
2013-06-16,24.67697584415294
2013-06-17,23.41380114412391
2013-06-18,43.75449395017934
2013-06-19,41.837861445649786
2013-06-20,40.04631897497512
2013-06-21,23.08753307771423
2013-06-22,24.18757374418513
2013-06-23,25.76025748128324
2013-06-24,26.88499404612334
2013-06-25,27.561783444457717
2013-06-26,27.790625669420717
2013-06-27,46.40889513515126
2013-06-28,26.904468607734607
2013-06-29,25.789469324315984
2013-06-30,24.22652286522892
2013-07-01,39.95282356526153
2013-07-02,41.590081663479744
2013-07-03,23.40367210275714
2013-07-04,48.995800002364724
2013-07-05,50.66313444963328
2013-07-06,28.405675447014254
2013-07-07,31.367421917511617
2013-07-08,33.62573961246925
2013-07-09,35.18062852686664
2013-07-10,61.47297071470542
2013-07-11,54.669941408511605
2013-07-12,35.624722612009904
2013-07-13,34.365896420564944
2013-07-14,56.245779544352395
2013-07-15,50.066258592966435
2013-07-16,53.01550814528336
2013-07-17,47.57685531592413
2013-07-18,54.81201393013508
2013-07-19,55.258014117809246
2013-07-20,32.78839512364642
2013-07-21,34.87890131850393
2013-07-22,59.16241924471031
2013-07-23,37.24051192036172
2013-07-24,37.511616329800525
2013-07-25,37.17625347627427
2013-07-26,36.2344233576125
2013-07-27,34.686125979683744
2013-07-28,32.531361339245116
2013-07-29,30.8360592591922
2013-07-30,47.464445658292725
2013-07-31,49.29471644650496
2013-08-01,57.80564909749767
2013-08-02,28.637700069014535
2013-08-03,29.216157839295278
2013-08-04,30.242301704903447
2013-08-05,30.96325683269946
2013-08-06,31.379023227043763
2013-08-07,31.489600884286588
2013-08-08,55.484680933270504
2013-08-09,50.605712904005266
2013-08-10,29.990201450834924
2013-08-11,28.880024171269632
2013-08-12,44.78820103458971
2013-08-13,48.65929844618129
2013-08-14,48.27850435469044
2013-08-15,25.7120822338439
2013-08-16,25.238288544659277
2013-08-17,51.0277596891514
2013-08-18,24.672531323110306
2013-08-19,24.706188228355323
2013-08-20,41.60577728736177
2013-08-21,49.860905849176234
2013-08-22,46.79274206920141
2013-08-23,44.59772393796488
2013-08-24,28.667930114312536
2013-08-25,30.21896996499535
2013-08-26,31.60544078860697
2013-08-27,46.86848513879618
2013-08-28,48.342881553831766
2013-08-29,51.52949532500046
2013-08-30,35.50563383810185
2013-08-31,36.069259540537885
2013-09-01,56.27883911970698
2013-09-02,51.63842755687724
2013-09-03,58.15451911674868
2013-09-04,56.81596286982535
2013-09-05,56.31158465072147
2013-09-06,50.543165463586796
2013-09-07,28.645662787009847
2013-09-08,46.36390970318344
2013-09-09,39.83333744496088
2013-09-10,22.528309774870984
2013-09-11,35.77020887784005
2013-09-12,36.633561644503416
2013-09-13,25.118368074358585
2013-09-14,27.916701134976112
2013-09-15,48.78213358671195
2013-09-16,51.47177399152748
2013-09-17,55.79614524881769
2013-09-18,36.52289714057618
2013-09-19,56.42010750036504
2013-09-20,52.1636136344603
2013-09-21,31.677624709069
2013-09-22,27.910168292751006
2013-09-23,25.41249020414084
2013-09-24,43.36951788925019
2013-09-25,39.4653327822225
2013-09-26,39.02318359896006
2013-09-27,28.11956112383161
2013-09-28,31.970774672560246
2013-09-29,53.565780334234134
2013-09-30,58.06691298439385
2013-10-01,44.118715790388066
2013-10-02,66.164272248928
2013-10-03,67.03110835950754
2013-10-04,66.39072581941569
2013-10-05,69.21313299766048
2013-10-06,67.07685255438263
2013-10-07,40.75711880084794
2013-10-08,51.8857785042479
2013-10-09,53.270476691978224
2013-10-10,58.92027410419488
2013-10-11,69.64791013100869
2013-10-12,49.53244203076702
2013-10-13,23.736709422621285
2013-10-14,33.39265813408072
2013-10-15,19.972357335184945
2013-10-16,34.35757111739291
2013-10-17,19.549601996645386
2013-10-18,51.45403247828635
2013-10-19,22.46844341329126
2013-10-20,40.6123175870741
2013-10-21,44.285084755411404
2013-10-22,42.59798135573796
2013-10-23,47.164625684198235
2013-10-24,48.841699471761686
2013-10-25,54.35836414201763
2013-10-26,36.0199899000261
2013-10-27,50.579313625204676
2013-10-28,52.27663105492954
2013-10-29,58.107285518210915
2013-10-30,54.51670871527976
2013-10-31,51.931491650453125
2013-11-01,56.60758892383588
2013-11-02,34.952525074564534
2013-11-03,49.108782476180025
2013-11-04,45.8393694474363
2013-11-05,44.93876797846312
2013-11-06,50.176591745716365
2013-11-07,48.022333804920926
2013-11-08,51.886194275506135
2013-11-09,32.3170638051859
2013-11-10,33.55577006498693
2013-11-11,49.66670969646521
2013-11-12,47.70185513047208
2013-11-13,53.38013084061311
2013-11-14,35.004700180893025
2013-11-15,56.03874705346437
2013-11-16,33.6256282869674
2013-11-17,32.41020810362545
2013-11-18,31.671818791076504
2013-11-19,50.87343021823781
2013-11-20,52.73596932873086
2013-11-21,45.79319982932795
2013-11-22,54.59840679381684
2013-11-23,51.593308154767215
2013-11-24,55.03245861921547
2013-11-25,58.97521590778627
2013-11-26,58.71624664552557
2013-11-27,62.06212665437209
2013-11-28,40.09644355829212
2013-11-29,59.13231613138677
2013-11-30,58.69551656297867
2013-12-01,36.28366300594884
2013-12-02,54.47399135273745
2013-12-03,51.12401922650181
2013-12-04,57.68729614865641
2013-12-05,51.11036206946565
2013-12-06,48.586398197772816
2013-12-07,49.29999165194928
2013-12-08,51.58288786912082
2013-12-09,43.62518492693309
2013-12-10,51.99062852478083
2013-12-11,53.19532753536024
2013-12-12,48.907536520211465
2013-12-13,51.222101048594745
2013-12-14,50.96362103135884
2013-12-15,46.4638419140846
2013-12-16,30.858791592989032
2013-12-17,48.3572159284169
2013-12-18,49.74560538031321
2013-12-19,52.9576964823432
2013-12-20,61.74706198534719
2013-12-21,82.36965650106977
2013-12-22,44.34172484367462
2013-12-23,77.71681207460011
2013-12-24,74.892499048403
2013-12-25,48.38069496895717
2013-12-26,47.394909369980965
2013-12-27,69.84982404768056
2013-12-28,68.20018402909743
2013-12-29,55.792025801288034
2013-12-30,53.32483609008072
2013-12-31,58.71329669643769
2014-01-01,49.01890741235159
2014-01-02,47.18673909215776
2014-01-03,56.970364492174006
2014-01-04,51.90228338103037
2014-01-05,58.22542326244488
2014-01-06,60.37294279138918
2014-01-07,56.51617831431837
2014-01-08,59.84075722343951
2014-01-09,41.633451990751155
2014-01-10,63.098351798870986
2014-01-11,64.26384399169527
2014-01-12,50.16944755074954
2014-01-13,25.975976997555563
2014-01-14,44.0249191721932
2014-01-15,47.28282128936155
2014-01-16,38.25206518386472
2014-01-17,38.13338590035869
2014-01-18,25.30898475905255
2014-01-19,28.973316563696763
2014-01-20,49.84739332621707
2014-01-21,54.75861474265578
2014-01-22,51.21412633644208
2014-01-23,56.76268281349536
2014-01-24,52.69523703303495
2014-01-25,59.08966038952033
2014-01-26,51.932711759462464
2014-01-27,49.603751410912466
2014-01-28,50.295503578786196
2014-01-29,54.146989467504994
2014-01-30,60.532613621006504
2014-01-31,60.20746535451965
2014-02-01,54.422735581493356
2014-02-02,41.50480667496952
2014-02-03,56.73728935558664
2014-02-04,67.81913939317305
2014-02-05,66.8261476264097
2014-02-06,45.064141245922286
2014-02-07,59.06128439859327
2014-02-08,43.11401286084761
2014-02-09,41.20649975099813
2014-02-10,58.15503842993711
2014-02-11,61.42866496750719
2014-02-12,73.96587957267445
2014-02-13,53.747520503111716
2014-02-14,54.9918609734253
2014-02-15,54.968932595438616
2014-02-16,52.740342176767854
2014-02-17,51.898933352692126
2014-02-18,49.757853821000936
2014-02-19,32.37755345737054
2014-02-20,46.09219858636037
2014-02-21,52.3394434121584
2014-02-22,32.736405941403575
2014-02-23,52.799506468362
2014-02-24,49.483257634721014
2014-02-25,52.433933191886744
2014-02-26,58.41928993058568
2014-02-27,49.71412314598446
2014-02-28,51.09896411407503
2014-03-01,54.232540043491184
2014-03-02,54.62730858180463
2014-03-03,50.83777271478173
2014-03-04,48.14673854836838
2014-03-05,50.11796142159824
2014-03-06,48.629394288861555
2014-03-07,48.923740987824594
2014-03-08,29.425978594314437
2014-03-09,46.9984568629985
2014-03-10,40.381634361120476
2014-03-11,42.662559867535514
2014-03-12,46.716396199267095
2014-03-13,38.189203076577364
2014-03-14,43.42550043172528
2014-03-15,54.64010031562224
2014-03-16,27.519990964445075
2014-03-17,28.461375480007
2014-03-18,52.38997957228753
2014-03-19,46.269210339104525
2014-03-20,30.32665432678551
2014-03-21,45.83557099723759
2014-03-22,51.41576149654491
2014-03-23,49.312953115647076
2014-03-24,47.92775660935536
2014-03-25,44.862056053365855
2014-03-26,46.371806045573365
2014-03-27,49.12049746667037
2014-03-28,51.54414166435029
2014-03-29,28.2018565948163
2014-03-30,27.368758593976825
2014-03-31,49.86896218245076
2014-04-01,27.199764467307972
2014-04-02,40.476587450296485
2014-04-03,46.22054664665741
2014-04-04,30.668541936483624
2014-04-05,32.81602366804973
2014-04-06,35.45911668845698
2014-04-07,69.3947174955665
2014-04-08,38.59392295697441
2014-04-09,39.08563620599195
2014-04-10,38.86022286763251
2014-04-11,61.27324678458024
2014-04-12,36.25801641949196
2014-04-13,33.88122330814291
2014-04-14,49.58967799598511
2014-04-15,47.02933317845756
2014-04-16,30.370825264603795
2014-04-17,55.25739489715975
2014-04-18,31.04721096643926
2014-04-19,32.290399141064725
2014-04-20,34.13691752837208
2014-04-21,35.409899174662186
2014-04-22,36.10934408349672
2014-04-23,56.74088122761148
2014-04-24,57.82248600622756
2014-04-25,34.76645838037407
2014-04-26,58.160819438784294
2014-04-27,50.81404045766327
2014-04-28,44.339177961605365
2014-04-29,48.12016385168157
2014-04-30,26.393790989106392
2014-05-01,41.51107357508438
2014-05-02,56.12053439908525
2014-05-03,24.6579707837589
2014-05-04,48.11962075408268
2014-05-05,39.06096696189565
2014-05-06,42.75747571519932
2014-05-07,27.1353490004839
2014-05-08,54.20874191961803
2014-05-09,54.11949476076685
2014-05-10,54.39380776149991
2014-05-11,56.804201398008786
2014-05-12,37.288833052639625
2014-05-13,59.97123738657213
2014-05-14,66.56677070387751
2014-05-15,58.53515573819365
2014-05-16,56.93810631522789
2014-05-17,35.18781538102445
2014-05-18,32.48826510295483
2014-05-19,30.33251240412681
2014-05-20,45.723921074331265
2014-05-21,46.385508240855785
2014-05-22,49.19765739534992
2014-05-23,43.86477829114351
2014-05-24,27.71071256910768
2014-05-25,28.817745336869443
2014-05-26,48.098251958414544
2014-05-27,30.916895590599587
2014-05-28,31.909013082016603
2014-05-29,32.86282548429243
2014-05-30,33.778332794324214
2014-05-31,34.65553501489924
2014-06-01,35.4944321424798
2014-06-02,53.88404013304174
2014-06-03,49.97874044045413
2014-06-04,34.04471497571879
2014-06-05,50.23723989668482
2014-06-06,48.88831324073029
2014-06-07,26.645384972987934
2014-06-08,22.856805452836284
2014-06-09,20.083068501863412
2014-06-10,18.324174129499184
2014-06-11,17.580122326797827
2014-06-12,36.827308722247196
2014-06-13,19.136546439168296
2014-06-14,21.437022356715616
2014-06-15,24.752340847222968
2014-06-16,27.72222029550288
2014-06-17,52.20774650483864
2014-06-18,58.96483503474408
2014-06-19,34.55922440224143
2014-06-20,55.6210115004346
2014-06-21,37.390031938611294
2014-06-22,38.28727714794569
2014-06-23,38.529480068014934
2014-06-24,38.11664070025582
2014-06-25,53.31424100987844
2014-06-26,35.32583509832891
2014-06-27,64.95750324309313
2014-06-28,29.914860338698713
2014-06-29,50.625032470253686
2014-06-30,45.393282111772415
2014-07-01,42.47567088001052
2014-07-02,39.57785879058266
2014-07-03,42.16979589159473
2014-07-04,22.163850108956254
2014-07-05,24.225933217347023
2014-07-06,27.246208654813348
2014-07-07,47.49472042230179
2014-07-08,50.00763335650459
2014-07-09,33.74228836014236
2014-07-10,35.05273272428727
2014-07-11,35.93571932103111
2014-07-12,36.391248151177834
2014-07-13,36.41931921582121
2014-07-14,36.200296047744146
2014-07-15,54.15448942555011
2014-07-16,35.02096702549323
2014-07-17,34.060661174040874
2014-07-18,32.85326109166647
2014-07-19,31.398766777710936
2014-07-20,29.697178235124007
2014-07-21,46.15570254238311
2014-07-22,27.494459672525764
2014-07-23,26.993329652525574
2014-07-24,26.89235247026701
2014-07-25,27.191528130318666
2014-07-26,27.890856629979055
2014-07-27,28.990337967317608
2014-07-28,55.485012941940404
2014-07-29,51.94017271254323
2014-07-30,60.931063876319364
2014-07-31,30.846060974950376
2014-08-01,30.674441138629874
2014-08-02,30.246124306134508
2014-08-03,53.109165235713675
2014-08-04,48.2075098964628
2014-08-05,51.569040426034555
2014-08-06,55.494120397673
2014-08-07,57.48036796741346
2014-08-08,47.93531941190956
2014-08-09,70.23359330439185
2014-08-10,28.86761605732605
2014-08-11,58.087239857090175
2014-08-12,46.53647279197481
2014-08-13,50.10184263899003
2014-08-14,56.68850383106577
2014-08-15,44.60914708247293
2014-08-16,24.290363398175145
2014-08-17,22.424225746826238
2014-08-18,38.96425774852238
2014-08-19,37.25698180137878
2014-08-20,40.853126147566364
2014-08-21,41.77501192844545
2014-08-22,44.228030843007716
2014-08-23,25.86452285322302
2014-08-24,28.877426205024832
2014-08-25,53.352125169826266
2014-08-26,32.14137367993221
2014-08-27,57.72903393606829
2014-08-28,53.688193887311556
2014-08-29,49.94316970928308
2014-08-30,27.621831690420706
2014-08-31,24.19039682962513
2014-09-01,50.118763669485716
2014-09-02,35.67510338277359
2014-09-03,39.85788014192951
2014-09-04,39.40777555492306
2014-09-05,42.31316241792275
2014-09-06,21.432822304697353
2014-09-07,51.76335286245479
2014-09-08,25.944829420279262
2014-09-09,49.216310499996254
2014-09-10,50.88550909893214
2014-09-11,53.47386179049309
2014-09-12,55.79968825412671
2014-09-13,27.764895798991986
2014-09-14,26.507203120966203
2014-09-15,48.894200692240716
2014-09-16,47.428756274059396
2014-09-17,48.49816555541972
2014-09-18,43.75580876228754
2014-09-19,29.768931321175437
2014-09-20,32.33131528096216
2014-09-21,35.5303786836752
2014-09-22,64.42383768620762
2014-09-23,58.120400833165455
2014-09-24,54.57285937907612
2014-09-25,72.65334303154205
2014-09-26,34.99654655732463
2014-09-27,31.583950305474183
2014-09-28,51.363367816239936
2014-09-29,39.38047248215899
2014-09-30,38.905616972594004
2014-10-01,41.55742620349901
2014-10-02,49.53259392803615
2014-10-03,22.231578866860634
2014-10-04,24.780472519098268
2014-10-05,28.49812917289823
2014-10-06,53.228295208120485
2014-10-07,33.49197913229234
2014-10-08,62.71143633465258
2014-10-09,56.222747868534256
2014-10-10,55.871298956544564
2014-10-11,57.76449562905743
2014-10-12,31.734734580230622
2014-10-13,30.09970636654152
2014-10-14,47.15954123829351
2014-10-15,53.997826813846686
2014-10-16,48.40091761704953
2014-10-17,27.000222712817415
2014-10-18,27.085509097562703
2014-10-19,27.5148584021371
2014-10-20,47.31850271861947
2014-10-21,61.50737893697996
2014-10-22,55.69279148014969
2014-10-23,51.11023068554774
2014-10-24,55.78817162299757
2014-10-25,29.688504849701054
2014-10-26,29.983704359707197
2014-10-27,58.88923283063807
2014-10-28,46.26888811716959
2014-10-29,49.88598437652747
2014-10-30,50.76412597908254
2014-10-31,62.663739568034956
2014-11-01,30.43617919268932
2014-11-02,30.296047253336525
2014-11-03,51.31189130249722
2014-11-04,52.6114746041536
2014-11-05,48.00602001550075
2014-11-06,50.56886855508079
2014-11-07,65.01604754866847
2014-11-08,33.79277465328486
2014-11-09,35.09848239314306
2014-11-10,35.959785567099075
2014-11-11,67.65645718730622
2014-11-12,64.5009739352247
2014-11-13,52.976876957807754
2014-11-14,34.960952636986235
2014-11-15,62.53803325615359
2014-11-16,31.795108791534467
2014-11-17,30.132900096503064
2014-11-18,51.26337075061495
2014-11-19,53.223502192152964
2014-11-20,26.003767061257662
2014-11-21,62.866011648197144
2014-11-22,46.93884475531645
2014-11-23,44.46587454840024
2014-11-24,52.305370688817014
2014-11-25,48.90904510756828
2014-11-26,42.583415303441036
2014-11-27,44.90199728892172
2014-11-28,49.05275160808256
2014-11-29,60.596526794928465
2014-11-30,28.929601183252274
2014-12-01,55.10307554007594
2014-12-02,58.19735126132661
2014-12-03,61.43966491762358
2014-12-04,67.92056502364184
2014-12-05,32.629260266958795
2014-12-06,70.03367895073514
2014-12-07,58.212216942399856
2014-12-08,67.16215660969098
2014-12-09,60.87700369621076
2014-12-10,57.56853714959623
2014-12-11,60.2952236608117
2014-12-12,58.63047222882649
2014-12-13,49.79385858686773
2014-12-14,47.13141922037901
2014-12-15,38.272684917086984
2014-12-16,60.5929741925382
2014-12-17,41.897501550312434
2014-12-18,50.680949428541325
2014-12-19,22.651353606424596
2014-12-20,60.86353546868931
2014-12-21,53.865257651947374
2014-12-22,61.243056234549435
2014-12-23,59.015771919715164
2014-12-24,62.3019616577958
2014-12-25,67.03525495324736
2014-12-26,33.90740373133661
2014-12-27,57.383322474421114
2014-12-28,61.557428682996665
2014-12-29,67.99866972943946
2014-12-30,65.4543477776255
2014-12-31,33.985612657244616
2015-01-01,62.05807879491171
2015-01-02,32.999577414447586
2015-01-03,32.27607292326793
2015-01-04,51.45272054823733
2015-01-05,66.59420364733248
2015-01-06,56.01321294172876
2015-01-07,58.63568816786337
2015-01-08,61.254614058224504
2015-01-09,55.354941296315616
2015-01-10,48.40906009776041
2015-01-11,27.105689283815423
2015-01-12,45.7392797636071
2015-01-13,51.516525760055615
2015-01-14,45.04698182081745
2015-01-15,39.55370413430995
2015-01-16,41.942304117026595
2015-01-17,48.587536282648415
2015-01-18,42.96726412505254
2015-01-19,38.563271085936385
2015-01-20,40.33487160029446
2015-01-21,37.593473151079934
2015-01-22,40.03580537204942
2015-01-23,54.16110998340361
2015-01-24,46.50002987418331
2015-01-25,27.757198466712886
2015-01-26,51.69807452077745
2015-01-27,55.31129306841669
2015-01-28,33.696356344112175
2015-01-29,58.74594605054396
2015-01-30,34.37501587568223
2015-01-31,57.69523032445763
2015-02-01,53.4747250833982
2015-02-02,51.51213836572882
2015-02-03,53.376805789420814
2015-02-04,58.52600992458929
2015-02-05,56.59197644177838
2015-02-06,55.32513797751613
2015-02-07,26.2261457937788
2015-02-08,25.459570095737988
2015-02-09,47.53800996228922
2015-02-10,43.386977079102174
2015-02-11,46.12827552657706
2015-02-12,54.51071438480945
2015-02-13,41.021460835323495
2015-02-14,19.626799845637258
2015-02-15,44.8203735770657
2015-02-16,40.74019043392284
2015-02-17,39.820968883823404
2015-02-18,33.13861643251488
2015-02-19,34.98023623114414
2015-02-20,40.287594899744775
2015-02-21,54.0654561271317
2015-02-22,44.30418552824153
2015-02-23,39.68990095065037
2015-02-24,41.99512286412901
2015-02-25,47.57054441728805
2015-02-26,54.956442868430884
2015-02-27,43.508168037484175
2015-02-28,51.84153541776527
2015-03-01,31.951450642307968
2015-03-02,54.265131003915485
2015-03-03,69.8096806070588
2015-03-04,71.42550696429913
2015-03-05,72.07633822163226
2015-03-06,37.77148770995163
2015-03-07,37.91729620599007
2015-03-08,59.44576965228076
2015-03-09,61.93476432993549
2015-03-10,56.67975382483935
2015-03-11,58.55600797126382
2015-03-12,35.97095602973357
2015-03-13,55.30722738287246
2015-03-14,34.50755084107819
2015-03-15,33.6290905769317
2015-03-16,61.55028020781878
2015-03-17,47.851528190816275
2015-03-18,46.68694410441777
2015-03-19,47.61656951862204
2015-03-20,40.90891950009005
2015-03-21,48.11228211699472
2015-03-22,43.50773290250667
2015-03-23,41.39604010227404
2015-03-24,40.52601279406613
2015-03-25,44.72073434832624
2015-03-26,35.17758565691237
2015-03-27,44.21899882608254
2015-03-28,53.2161312683642
2015-03-29,33.04403877684412
2015-03-30,15.447169812008473
2015-03-31,37.18594137342134
2015-04-01,33.968389245495814
2015-04-02,45.50930288346291
2015-04-03,22.699438668694157
2015-04-04,47.31000490769755
2015-04-05,28.907702308992604
2015-04-06,31.515388998923456
2015-04-07,33.41100039354933
2015-04-08,67.99438300141851
2015-04-09,54.250924733800716
2015-04-10,63.8460610797418
2015-04-11,58.931266702359196
2015-04-12,32.20792789766729
2015-04-13,48.97292443530642
2015-04-14,47.71471636526313
2015-04-15,59.04737896665814
2015-04-16,46.555374785479785
2015-04-17,45.36562156221906
2015-04-18,46.08616694479518
2015-04-19,21.79234477957886
2015-04-20,39.267641689136454
2015-04-21,39.63657381193178
2015-04-22,35.61958217202664
2015-04-23,48.035093471858914
2015-04-24,39.66017783183686
2015-04-25,40.314885515109445
2015-04-26,40.61528462907651
2015-04-27,19.431921719996055
2015-04-28,44.50288300570918
2015-04-29,39.97872917167345
2015-04-30,22.165044447156056
2015-05-01,42.41145278653768
2015-05-02,24.97960853281941
2015-05-03,26.65433037386428
2015-05-04,50.297676295064036
2015-05-05,45.20165871810922
2015-05-06,55.57502349061475
2015-05-07,56.463462821952135
2015-05-08,30.385059123298205
2015-05-09,30.20262878227806
2015-05-10,29.710673075664985
2015-05-11,53.276925221519804
2015-05-12,44.38926198133649
2015-05-13,50.76671484636082
2015-05-14,27.470676590789157
2015-05-15,26.842634052633517
2015-05-16,26.18737414765208
2015-05-17,55.77676608526469
2015-05-18,39.316104721491044
2015-05-19,40.54661638560032
2015-05-20,45.49666913129725
2015-05-21,39.84707798429977
2015-05-22,46.11927951225908
2015-05-23,27.26412034827931
2015-05-24,53.07024960807921
2015-05-25,29.39162501090602
2015-05-26,44.471961748441416
2015-05-27,48.02033588595559
2015-05-28,58.943632436446876
2015-05-29,59.77864821380693
2015-05-30,27.530739827718417
2015-05-31,25.927766188229135
2015-06-01,43.5033070745296
2015-06-02,46.09065361818652
2015-06-03,42.691429386844725
2015-06-04,23.469883533329394
2015-06-05,23.876425466532055
2015-06-06,24.691372441613638
2015-06-07,25.914724453540494
2015-06-08,57.845878997080916
2015-06-09,50.313878622895665
2015-06-10,43.183056264
2015-06-11,29.954170195048693
2015-06-12,52.125052607470174
2015-06-13,31.46151567898975
2015-06-14,32.08709407553071
2015-06-15,55.57188565092409
2015-06-16,58.66157865550805
2015-06-17,54.19959441048225
2015-06-18,52.166051951991065
2015-06-19,33.063226106295886
2015-06-20,32.82810052113845
2015-06-21,53.99781234302046
2015-06-22,56.09795349863204
2015-06-23,55.1854741267023
2015-06-24,49.52260906595042
2015-06-25,53.602319800622894
2015-06-26,54.59989940137414
2015-06-27,28.95125220489193
2015-06-28,28.16373776419134
2015-06-29,47.168734254575476
2015-06-30,49.168395894223494
2015-07-01,27.906768076762727
2015-07-02,61.440663602928055
2015-07-03,29.39909956538863
2015-07-04,30.62615866966614
2015-07-05,32.1738133543842
2015-07-06,33.20305473530258
2015-07-07,56.65238301392248
2015-07-08,33.70629757836072
2015-07-09,53.61641740650915
2015-07-10,73.84225121355792
2015-07-11,61.435771421902224
2015-07-12,55.60096020951691
2015-07-13,26.99554715459386
2015-07-14,52.77630568071943
2015-07-15,44.525744083836855
2015-07-16,26.016489847063553
2015-07-17,26.8600614253828
2015-07-18,28.28859500455481
2015-07-19,30.302090593199477
2015-07-20,32.03657965331697
2015-07-21,33.49206218663587
2015-07-22,52.63703001962131
2015-07-23,66.8457806749098
2015-07-24,58.705907179841965
2015-07-25,61.96480908436311
2015-07-26,36.58437693076861
2015-07-27,57.07288883263253
2015-07-28,35.42991672896869
2015-07-29,34.215006636949674
2015-07-30,51.34284035375541
2015-07-31,30.50982646217932
2015-08-01,28.019556381454795
2015-08-02,25.13108914547014
2015-08-03,43.79016749347012
2015-08-04,39.02342890116175
2015-08-05,20.631868910614045
2015-08-06,44.71054711835287
2015-08-07,40.70619773967788
2015-08-08,22.381920894414247
2015-08-09,24.353998713881033
2015-08-10,44.835295864720386
2015-08-11,48.79246657854972
2015-08-12,28.718365330247508
2015-08-13,53.42849274110441
2015-08-14,49.93671178809593
2015-08-15,62.03470468610536
2015-08-16,55.94031658755056
2015-08-17,30.882735963853257
2015-08-18,30.653645028555204
2015-08-19,30.229225371620746
2015-08-20,45.874958962368204
2015-08-21,47.97932735186014
2015-08-22,55.31019434173939
2015-08-23,45.033325638708625
2015-08-24,47.329987170277924
2015-08-25,43.32804922684409
2015-08-26,50.544184692766144
2015-08-27,42.93597742177157
2015-08-28,45.45506172839554
2015-08-29,25.01706231834282
2015-08-30,46.694600987696994
2015-08-31,45.12899565452642
2015-09-01,44.0928738009329
2015-09-02,46.75198164617029
2015-09-03,55.19163739395735
2015-09-04,48.69768025289903
2015-09-05,51.181758921379426
2015-09-06,29.27878218449901
2015-09-07,47.20937456732537
2015-09-08,48.113859797991495
2015-09-09,49.50891076295707
2015-09-10,48.753124404319806
2015-09-11,29.998082403524883
2015-09-12,52.88388529121785
2015-09-13,29.827168646230987
2015-09-14,43.840747450502406
2015-09-15,29.445630200969735
2015-09-16,29.18230819573591
2015-09-17,28.87061766624565
2015-09-18,28.510558616771515
2015-09-19,28.102131042493163
2015-09-20,27.645334944165835
2015-09-21,45.847019630201665
2015-09-22,47.152509773598204
2015-09-23,27.078371250978904
2015-09-24,48.42743719896914
2015-09-25,48.22309795946341
2015-09-26,27.71654445191646
2015-09-27,28.197077052026266
2015-09-28,47.1168946867414
2015-09-29,53.61328798749871
2015-09-30,30.169584068144903
2015-10-01,31.00405614160799
2015-10-02,53.01118784686857
2015-10-03,64.0770788866307
2015-10-04,55.860456470847794
2015-10-05,61.5802680530568
2015-10-06,36.40217232875959
2015-10-07,63.94742913815747
2015-10-08,54.75588767899223
2015-10-09,64.08848026573558
2015-10-10,63.584879368125605
2015-10-11,41.358771248518565
2015-10-12,70.24287178188212
2015-10-13,67.0009029486447
2015-10-14,70.00271964223644
2015-10-15,64.68317627317838
2015-10-16,56.65659107829343
2015-10-17,33.82811849040763
2015-10-18,30.396976998119914
2015-10-19,42.754790766266964
2015-10-20,46.711868673200925
2015-10-21,51.68689791547773
2015-10-22,47.35755340519709
2015-10-23,44.289447357932275
2015-10-24,26.0780765961942
2015-10-25,28.06958461816291
2015-10-26,58.11777448418749
2015-10-27,31.141663599423108
2015-10-28,32.222234554258534
2015-10-29,57.605914593805224
2015-10-30,50.43302743666681
2015-10-31,33.6420732978319
2015-11-01,56.72460413489012
2015-11-02,55.048759106513565
2015-11-03,33.20223826202894
2015-11-04,59.16641493534475
2015-11-05,57.45277026732158
2015-11-06,54.61435600935239
2015-11-07,32.439393209238354
2015-11-08,58.0751279327379
2015-11-09,63.75671588860253
2015-11-10,51.98653892640976
2015-11-11,53.21024276841644
2015-11-12,61.3108940280063
2015-11-13,54.88991978391814
2015-11-14,48.09540198610338
2015-11-15,53.47133165099784
2015-11-16,47.42164591269733
2015-11-17,44.960635818002345
2015-11-18,45.56697180615565
2015-11-19,47.05106977677069
2015-11-20,49.1001319986955
2015-11-21,50.04590390563828
2015-11-22,31.433319429913638
2015-11-23,49.199235912968106
2015-11-24,58.196514313838115
2015-11-25,65.83605470359814
2015-11-26,56.76670693879384
2015-11-27,59.58139173510393
2015-11-28,63.01939080710607
2015-11-29,65.28412232150926
2015-11-30,62.3461224289927
2015-12-01,63.47703666845443
2015-12-02,64.90086759875342
2015-12-03,69.46755009182111
2015-12-04,70.29553408889495
2015-12-05,39.23302387797216
2015-12-06,62.26463993537449
2015-12-07,61.83939846305631
2015-12-08,74.58938918191616
2015-12-09,41.5001070182433
2015-12-10,69.13131202075098
2015-12-11,66.15141397508876
2015-12-12,37.75766747092341
2015-12-13,64.60376414418303
2015-12-14,61.87688043500146
2015-12-15,60.664298443251994
2015-12-16,61.030181804357305
2015-12-17,56.683820615137265
2015-12-18,68.1655991508053
2015-12-19,64.47378682574197
2015-12-20,79.11249606878681
2015-12-21,66.70661144479956
2015-12-22,67.71130605398142
2015-12-23,66.38242747479325
2015-12-24,68.03753711986813
2015-12-25,37.67804452677945
2015-12-26,33.69285930516331
2015-12-27,70.23006340274453
2015-12-28,45.55518537019638
2015-12-29,48.919844197900964
2015-12-30,44.809466833922194
2015-12-31,21.161289533620902
2016-01-01,50.127322039093755
2016-01-02,47.06142526619559
2016-01-03,48.24813590351262
2016-01-04,32.48385534939012
2016-01-05,57.32336593927175
2016-01-06,54.78529432821606
2016-01-07,64.07362269670094
2016-01-08,52.65738710941753
2016-01-09,54.38290605459169
2016-01-10,44.90007931393275
2016-01-11,39.71274014574219
2016-01-12,50.915734116769
2016-01-13,40.0429608803512
2016-01-14,40.558430584282846
2016-01-15,53.29359702428916
2016-01-16,46.86709476905698
2016-01-17,28.021452662835244
2016-01-18,48.96763387783862
2016-01-19,54.89652503557472
2016-01-20,32.04502601509059
2016-01-21,65.28558757879753
2016-01-22,54.696712618262886
2016-01-23,57.1380774008889
2016-01-24,42.575752867347695
2016-01-25,49.847445543782385
2016-01-26,39.586090681424544
2016-01-27,49.167006796686316
2016-01-28,21.965784291352556
2016-01-29,48.458498219540616
2016-01-30,43.71388115392426
2016-01-31,50.34193499209571
2016-02-01,53.70656643394634
2016-02-02,54.486530437857596
2016-02-03,48.09412696384023
2016-02-04,28.75997565864777
2016-02-05,56.263198268840185
2016-02-06,51.15317134981419
2016-02-07,51.86926040572376
2016-02-08,61.80662058251668
2016-02-09,58.10160924615089
2016-02-10,53.16454317820295
2016-02-11,57.42201338029637
2016-02-12,30.450928580970732
2016-02-13,52.91300086646492
2016-02-14,26.292986169842642
2016-02-15,42.91662070635946
2016-02-16,46.167515325402185
2016-02-17,45.429601929363706
2016-02-18,44.247921466881905
2016-02-19,22.082089653989996
2016-02-20,22.72378870592136
2016-02-21,44.81756178820277
2016-02-22,45.84369229258972
2016-02-23,49.83146224996228
2016-02-24,48.0064943072902
2016-02-25,44.53140441316323
2016-02-26,42.6143744129506
2016-02-27,53.227386226577885
2016-02-28,28.72893942052204
2016-02-29,52.93562081932323
2016-03-01,49.407150944129484
2016-03-02,46.65328483771291
2016-03-03,50.79095589209042
2016-03-04,51.81063674168733
2016-03-05,45.9587546279718
2016-03-06,25.589142814631444
2016-03-07,40.11137250121174
2016-03-08,47.123973610360935
2016-03-09,50.28427345156646
2016-03-10,48.39455079748056
2016-03-11,67.7725907329068
2016-03-12,55.47804581914032
2016-03-13,45.89995196056497
2016-03-14,57.442203695842075
2016-03-15,32.09819974085989
2016-03-16,62.838376540990524
2016-03-17,51.86131048878723
2016-03-18,31.69796551210967
2016-03-19,50.76247916721936
2016-03-20,49.97083577069402
2016-03-21,48.56109412176843
2016-03-22,26.340422974820683
2016-03-23,25.362739373283887
2016-03-24,47.507503184222415
2016-03-25,24.055459243284112
2016-03-26,23.725862712610848
2016-03-27,23.612295211404753
2016-03-28,44.64029758861841
2016-03-29,42.218815655470806
2016-03-30,39.32110492312267
2016-03-31,22.218820573063173
2016-04-01,40.785822898045204
2016-04-02,39.68932018140367
2016-04-03,42.2848762678392
2016-04-04,39.83191144557492
2016-04-05,48.561152371655695
2016-04-06,42.99696169932344
2016-04-07,43.15839415179639
2016-04-08,38.439735240612755
2016-04-09,44.716138139101666
2016-04-10,27.149421473570683
2016-04-11,51.46708729407386
2016-04-12,29.829116626066817
2016-04-13,65.4266785804311
2016-04-14,29.884376549347497
2016-04-15,44.88052753267403
2016-04-16,27.315201242440416
2016-04-17,44.40515433909698
2016-04-18,42.01008297499322
2016-04-19,37.8204365456353
2016-04-20,43.54875228070205
2016-04-21,37.26443376785859
2016-04-22,38.917025128784836
2016-04-23,43.822580861867145
2016-04-24,24.11804163651525
2016-04-25,42.384723499977774
2016-04-26,45.81595325292041
2016-04-27,58.59072808521105
2016-04-28,28.896911165892668
2016-04-29,62.62589132634917
2016-04-30,30.626961346969612
2016-05-01,31.32714028823579
2016-05-02,46.41739422181581
2016-05-03,53.0287335477876
2016-05-04,49.24961657994646
2016-05-05,52.45769498995574
2016-05-06,53.75561112348452
2016-05-07,25.339122305440004
2016-05-08,22.642937368036186
2016-05-09,39.11720920088984
2016-05-10,36.873310192884695
2016-05-11,38.60645341820222
2016-05-12,16.204945453279475
2016-05-13,31.42628684805562
2016-05-14,38.84529613630095
2016-05-15,15.940536744001626
2016-05-16,32.3027302013587
2016-05-17,35.555634366838106
2016-05-18,47.31704792367006
2016-05-19,40.92965320015192
2016-05-20,36.794813265716485
2016-05-21,49.92681915924735
2016-05-22,22.07578248570757
2016-05-23,45.017248836698606
2016-05-24,46.957455447438896
2016-05-25,43.26359336580695
2016-05-26,45.86742557930634
2016-05-27,25.26169954727786
2016-05-28,25.262158846903752
2016-05-29,48.12789819438532
2016-05-30,40.12395177724722
2016-05-31,49.977254883775046
2016-06-01,45.6086625253318
2016-06-02,42.55572995656124
2016-06-03,24.9352835462186
2016-06-04,25.104510708342
2016-06-05,25.338206737322874
2016-06-06,25.49722365572703
2016-06-07,46.8838889238907
2016-06-08,48.08057489890361
2016-06-09,41.214208958034064
2016-06-10,49.54410949724643
2016-06-11,25.17212153932918
2016-06-12,24.883063777515588
2016-06-13,24.684238449011474
2016-06-14,45.53309346974834
2016-06-15,44.71536102934364
2016-06-16,43.11897845043868
2016-06-17,24.791261478334604
2016-06-18,25.04359832115929
2016-06-19,42.416266236297204
2016-06-20,45.57172139648662
2016-06-21,44.03291692036679
2016-06-22,50.31710897797743
2016-06-23,45.998639827969406
2016-06-24,25.500620031465978
2016-06-25,25.203831726029616
2016-06-26,24.800483827293093
2016-06-27,48.84298836611709
2016-06-28,44.01671001783437
2016-06-29,65.06125154778489
2016-06-30,42.43125096121685
2016-07-01,28.190152672109335
2016-07-02,29.935217122033364
2016-07-03,32.02655780723442
2016-07-04,65.23718449957342
2016-07-05,54.391376056654295
2016-07-06,53.35985266977472
2016-07-07,34.61641409201193
2016-07-08,33.82000154666828
2016-07-09,32.44603835712088
2016-07-10,30.49452451742843
2016-07-11,28.891282793198968
2016-07-12,43.10242316738045
2016-07-13,26.72961568020307
2016-07-14,48.13654200269846
2016-07-15,25.961037011357636
2016-07-16,26.09915584470719
2016-07-17,26.585546789425994
2016-07-18,54.03398235134064
2016-07-19,46.892820303199855
2016-07-20,49.37080650299517
2016-07-21,27.060190640409804
2016-07-22,49.36464000275342
2016-07-23,26.41496060583971
2016-07-24,25.871707600173618
2016-07-25,25.511401959310643
2016-07-26,44.588481741931275
2016-07-27,25.33963278431961
2016-07-28,45.790511098163634
2016-07-29,57.839776851879975
2016-07-30,26.45408427580197
2016-07-31,27.191462843426752
2016-08-01,27.786625816841287
2016-08-02,47.37522298633077
2016-08-03,28.61100383342712
2016-08-04,60.36327900819874
2016-08-05,49.20979312644426
2016-08-06,28.93270103323611
2016-08-07,28.79596814602889
2016-08-08,52.17479062462145
2016-08-09,54.871116556051085
2016-08-10,27.420809488861366
2016-08-11,50.89997167565235
2016-08-12,49.57679712397885
2016-08-13,24.598210847008957
2016-08-14,23.335691302122576
2016-08-15,39.6326711936507
2016-08-16,44.01665329586828
2016-08-17,22.51600566023037
2016-08-18,56.24960628573035
2016-08-19,42.51553379754834
2016-08-20,26.14812951304862
2016-08-21,28.34812846299419
2016-08-22,30.08778015337419
2016-08-23,59.40659392477557
2016-08-24,32.18604174996444
2016-08-25,32.54465165312199
2016-08-26,32.442914297608745
2016-08-27,31.880829682990065
2016-08-28,30.85839780400959
2016-08-29,53.08017178564954
2016-08-30,29.105055545850355
2016-08-31,53.397963572069514
2016-09-01,47.099112578350606
2016-09-02,59.40653542042152
2016-09-03,26.718026981123305
2016-09-04,26.329381896201365
2016-09-05,41.313210933828834
2016-09-06,40.42182290008302
2016-09-07,49.09609984843681
2016-09-08,53.091714371425915
2016-09-09,60.58953018496685
2016-09-10,51.63198271297691
2016-09-11,28.248246971561628
2016-09-12,51.18718456673377
2016-09-13,53.718613080593464
2016-09-14,30.107907453827064
2016-09-15,30.57648102480006
2016-09-16,53.21279210817559
2016-09-17,31.286658284437774
2016-09-18,31.52826197106563
2016-09-19,48.08571032190509
2016-09-20,56.36026901462966
2016-09-21,48.61219935121433
2016-09-22,44.83114772235657
2016-09-23,27.757095786237315
2016-09-24,26.007025624833307
2016-09-25,23.925009820784094
2016-09-26,22.47390564141737
2016-09-27,21.653713089233783
2016-09-28,21.464432157772197
2016-09-29,36.78133268265859
2016-09-30,48.90606146931728
2016-10-01,48.315665393548436
2016-10-02,27.021765085060153
2016-10-03,47.375187089918576
2016-10-04,47.61575736498827
2016-10-05,48.76508746764614
2016-10-06,55.809226682184104
2016-10-07,50.52302863078341
2016-10-08,46.50918434912149
2016-10-09,51.130471172099995
2016-10-10,42.71918216384794
2016-10-11,34.64006819745791
2016-10-12,36.27706117916395
2016-10-13,40.57483452690539
2016-10-14,39.85246620618889
2016-10-15,43.63290932859581
2016-10-16,46.598602487334006
2016-10-17,41.85719885709011
2016-10-18,46.12599935248962
2016-10-19,44.077915196255525
2016-10-20,44.75199874273726
2016-10-21,25.027952813165005
2016-10-22,26.724427786913207
2016-10-23,28.60325983591112
2016-10-24,53.41172387600301
2016-10-25,46.68825957182704
2016-10-26,32.72682396106327
2016-10-27,54.589237885082824
2016-10-28,54.30365536573662
2016-10-29,65.79125246555431
2016-10-30,34.694734762854665
2016-10-31,53.288622408858046
2016-11-01,57.901199681047004
2016-11-02,55.489191383921685
2016-11-03,57.00051806413564
2016-11-04,55.02695314688809
2016-11-05,30.851429034423624
2016-11-06,29.46602264643335
2016-11-07,46.10278727089699
2016-11-08,27.441740615454258
2016-11-09,26.802864969212013
2016-11-10,49.942173266632665
2016-11-11,48.89734689603802
2016-11-12,57.693827828178264
2016-11-13,26.735798191179523
2016-11-14,41.79680127268591
2016-11-15,50.77863735485038
2016-11-16,48.29423442513169
2016-11-17,51.02613808295767
2016-11-18,45.76733306359175
2016-11-19,27.478300376516085
2016-11-20,44.30850258190136
2016-11-21,44.245254761831575
2016-11-22,27.28855691837233
2016-11-23,40.791173114382694
2016-11-24,45.28979314751251
2016-11-25,43.70653597743169
2016-11-26,61.73626472222991
2016-11-27,53.84953199597
2016-11-28,49.48152315367297
2016-11-29,53.35895944732769
2016-11-30,41.987255821654074
2016-12-01,51.58143835611516
2016-12-02,46.82269507348873
2016-12-03,55.758555766249
2016-12-04,50.34683761202487
2016-12-05,45.86171916728102
2016-12-06,59.81452635452041
2016-12-07,33.4313677273043
2016-12-08,61.86691687222016
2016-12-09,49.51735475066678
2016-12-10,31.416027126846053
2016-12-11,60.94707994078052
2016-12-12,58.67723117025122
2016-12-13,47.12791738007944
2016-12-14,46.73525694320266
2016-12-15,69.59409541879234
2016-12-16,51.476632224656825
2016-12-17,62.86662255029973
2016-12-18,45.792220405567626
2016-12-19,54.4322343032841
2016-12-20,44.96290020743658
2016-12-21,62.523336703936536
2016-12-22,32.17041584414714
2016-12-23,55.11960142223995
2016-12-24,57.20574958766014
2016-12-25,33.31983074924151
2016-12-26,66.99149652356785
2016-12-27,50.44455124275069
2016-12-28,48.25434852308826
2016-12-29,68.76216116079476
2016-12-30,32.795408141424424
2016-12-31,51.36252834898076
2017-01-01,31.632106547362287
2017-01-02,45.51412205435993
2017-01-03,51.254088133498975
2017-01-04,49.646029790329465
2017-01-05,54.17767820496195
2017-01-06,58.49683332499766
2017-01-07,50.57281322035709
2017-01-08,30.116881524253273
2017-01-09,50.730630664488366
2017-01-10,29.915664448177733
2017-01-11,54.24744349950047
2017-01-12,53.76354218881508
2017-01-13,47.50986674550105
2017-01-14,48.51965593019267
2017-01-15,53.42164531222125
2017-01-16,43.56874231237045
2017-01-17,26.120539426877382
2017-01-18,45.577192351049355
2017-01-19,46.30348089419228
2017-01-20,27.04821412913337
2017-01-21,44.2753925708259
2017-01-22,48.675261223660186
2017-01-23,48.35905825473785
2017-01-24,62.116035345550756
2017-01-25,31.829978335354962
2017-01-26,57.52665025079403
2017-01-27,56.662205645883795
2017-01-28,33.198749102856866
2017-01-29,33.360834074298054
2017-01-30,55.14136453776957
2017-01-31,49.53536277728262
2017-02-01,59.81318145786447
2017-02-02,49.1115721593803
2017-02-03,43.545135117068746
2017-02-04,57.30205455143366
2017-02-05,49.189275544738905
2017-02-06,39.80255189989611
2017-02-07,49.422939861699284
2017-02-08,41.24189970413066
2017-02-09,39.660327862601875
2017-02-10,43.87885235721272
2017-02-11,25.988964602595594
2017-02-12,57.37805766546413
2017-02-13,50.07449264215367
2017-02-14,56.802064706310055
2017-02-15,56.77710245561419
2017-02-16,49.0959680041112
2017-02-17,55.833625945216454
2017-02-18,31.65311981173628
2017-02-19,50.0351813215584
2017-02-20,48.10287663009191
2017-02-21,48.21723321106752
2017-02-22,45.30665026310134
2017-02-23,26.770993582400507
2017-02-24,25.67859754986324
2017-02-25,24.547544593954374
2017-02-26,23.377834708643874
2017-02-27,40.512323872646675
2017-02-28,39.214656447628116
2017-03-01,39.29535535027426
2017-03-02,42.06542680964858
2017-03-03,44.25787231356438
2017-03-04,21.16167118317768
2017-03-05,39.95615130324489
2017-03-06,41.14826666298082
2017-03-07,49.5105280900386
2017-03-08,22.678894299523133
2017-03-09,44.72644407252583
2017-03-10,45.44746465804811
2017-03-11,49.17066840066209
2017-03-12,23.851665612796044
2017-03-13,49.58000355013439
2017-03-14,43.186241313502485
2017-03-15,39.286661034458184
2017-03-16,48.82918326388162
2017-03-17,53.67153965604678
2017-03-18,23.785148123599928
2017-03-19,47.75592991832049
2017-03-20,23.370260846214453
2017-03-21,41.01064399714023
2017-03-22,52.37255469171552
2017-03-23,41.39904278676979
2017-03-24,50.213535932718415
2017-03-25,54.24403466516307
2017-03-26,47.99920105810419
2017-03-27,48.09256538571469
2017-03-28,26.82415088840403
2017-03-29,49.77721497282419
2017-03-30,55.782423751430386
2017-03-31,50.43538106657898
2017-04-01,27.028313372464602
2017-04-02,26.689305078726655
2017-04-03,41.91491991933268
2017-04-04,40.14211215246506
2017-04-05,48.415854742196395
2017-04-06,49.409292234516535
2017-04-07,45.798582988427576
2017-04-08,22.737865497740597
2017-04-09,41.744026686930525
2017-04-10,41.25802016878429
2017-04-11,20.86278229931448
2017-04-12,20.94397556608563
2017-04-13,21.3782793290348
2017-04-14,46.56391653914763
2017-04-15,23.306218354336387
2017-04-16,24.79985361689127
2017-04-17,56.17380644809936
2017-04-18,44.097060277146184
2017-04-19,27.765576825557275
2017-04-20,45.477026891404634
2017-04-21,56.075784341857144
2017-04-22,54.3164718600911
2017-04-23,28.184448433030454
2017-04-24,27.796112052585492
2017-04-25,44.11508385556018
2017-04-26,47.842643120661286
2017-04-27,42.03725654232033
2017-04-28,47.864903857622856
2017-04-29,44.19436063077196
2017-04-30,47.04782170851736
2017-05-01,38.51705640759101
2017-05-02,40.27631127440651
2017-05-03,41.297461208087924
2017-05-04,35.35930691453432
2017-05-05,18.841949871339914
2017-05-06,43.30621933434458
2017-05-07,17.655791752691105
2017-05-08,40.97440935467276
2017-05-09,38.43390404373716
2017-05-10,34.675785888846434
2017-05-11,47.5990361131861
2017-05-12,39.389884676343684
2017-05-13,39.937892454676735
2017-05-14,40.519478312198515
2017-05-15,44.48817544878177
2017-05-16,40.02718073215081
2017-05-17,43.19344430334025
2017-05-18,53.3105744922697
2017-05-19,45.99104229154208
2017-05-20,24.04468030152203
2017-05-21,24.07684339473743
2017-05-22,43.49272754289791
2017-05-23,43.43590360598396
2017-05-24,48.89543468525409
2017-05-25,23.760560608363235
2017-05-26,44.45819343017028
2017-05-27,48.74158485795519
2017-05-28,23.056166592330868
2017-05-29,22.666112575877627
2017-05-30,22.165296065746773
2017-05-31,45.083057427695316
2017-06-01,38.45231436510633
2017-06-02,20.011004033691094
2017-06-03,41.164893564868485
2017-06-04,18.07617084477429
2017-06-05,38.591101885570254
2017-06-06,41.120615689606076
2017-06-07,17.219173536383792
2017-06-08,38.16990258728553
2017-06-09,40.33584242156078
2017-06-10,19.650622547215605
2017-06-11,21.19187139937957
2017-06-12,49.07642596656553
2017-06-13,46.201322854052776
2017-06-14,44.68046235908274
2017-06-15,26.649618554418176
2017-06-16,27.83724328076009
2017-06-17,28.954143179323125
2017-06-18,30.000318259202974
2017-06-19,30.469143432437967
2017-06-20,30.36061870893772
2017-06-21,29.674744079816627
2017-06-22,52.983519015297745
2017-06-23,26.57094512417285
2017-06-24,24.15302079295666
2017-06-25,43.33163009167919
2017-06-26,18.839509934059315
2017-06-27,35.305823953764396
2017-06-28,43.72559444350099
2017-06-29,50.66757373267242
2017-06-30,38.40655711054374
2017-07-01,17.40389089067442
2017-07-02,19.14177858669127
2017-07-03,40.622598299573205
2017-07-04,21.88543131081015
2017-07-05,43.84864425568641
2017-07-06,53.716257868681836
2017-07-07,24.170603726489418
2017-07-08,24.44424609120209
2017-07-09,50.783612194146485
2017-07-10,42.969787167666986
2017-07-11,44.65543201294355
2017-07-12,23.379093402126244
2017-07-13,41.943604480867144
2017-07-14,45.50509657148882
2017-07-15,20.5090013700126
2017-07-16,19.157784497964943
2017-07-17,37.85021798886667
2017-07-18,58.10717440050641
2017-07-19,39.66864503594063
2017-07-20,22.660964350203688
2017-07-21,25.763771148458062
2017-07-22,29.757382683080746
2017-07-23,34.641798947855186
2017-07-24,57.38123028685317
2017-07-25,40.83795800524849
2017-07-26,70.96184726452272
2017-07-27,73.06375118363852
2017-07-28,41.20051289479212
2017-07-29,38.93958220568348
2017-07-30,35.48776035693395
2017-07-31,32.427975074664225
2017-08-01,29.760226349199673
2017-08-02,27.484166080660057
2017-08-03,47.04381643243332
2017-08-04,24.10711091177364
2017-08-05,23.00611601020428
2017-08-06,48.71084010604619
2017-08-07,39.969413631822505
2017-08-08,51.34766283920016
2017-08-09,49.793294247818615
2017-08-10,42.118347313871496
2017-08-11,42.22494337368359
2017-08-12,46.11622254185562
2017-08-13,23.068496664634445
2017-08-14,40.929502304504034
2017-08-15,24.41925241562874
2017-08-16,40.925606698750684
2017-08-17,25.637944875564315
2017-08-18,44.757099357588395
2017-08-19,26.7245740469138
2017-08-20,27.218364896061214
2017-08-21,54.46800708735452
2017-08-22,51.02298419008531
2017-08-23,43.92292220803098
2017-08-24,48.77295233734025
2017-08-25,42.634574380165546
2017-08-26,23.49198073502639
2017-08-27,41.42756352214006
2017-08-28,53.000797340243025
2017-08-29,36.97619184142562
2017-08-30,36.38081257187523
2017-08-31,39.85234882080237
2017-09-01,40.72312931475024
2017-09-02,41.108064836843944
2017-09-03,57.818028272818594
2017-09-04,36.45768761001682
2017-09-05,38.522541886836116
2017-09-06,40.125003768091275
2017-09-07,47.36329224869417
2017-09-08,26.00343353429527
2017-09-09,53.20220104711041
2017-09-10,54.89604336325753
2017-09-11,29.897758760509753
2017-09-12,49.55998500097942
2017-09-13,55.35479125584244
2017-09-14,59.48128899907834
2017-09-15,30.346907491906045
2017-09-16,29.503288953316513
2017-09-17,47.815135574549224
2017-09-18,55.163442636453624
2017-09-19,25.754428086450336
2017-09-20,42.59979721627219
2017-09-21,41.38352444827884
2017-09-22,39.2052190289245
2017-09-23,20.424994452668983
2017-09-24,19.03353738455117
2017-09-25,45.0974977186452
2017-09-26,37.30852035678767
2017-09-27,34.66205564410181
2017-09-28,37.088592979426615
2017-09-29,34.78713681458473
2017-09-30,57.54565560559058
2017-10-01,22.88179406077187
2017-10-02,43.52506489368523
2017-10-03,45.62312198176856
2017-10-04,48.409015501352876
2017-10-05,54.107084863362076
2017-10-06,49.78033677179759
2017-10-07,48.670541799660015
2017-10-08,48.03203098389837
2017-10-09,29.6290587118757
2017-10-10,54.6657141760733
2017-10-11,28.7813487998908
2017-10-12,55.58152184645848
2017-10-13,48.595038598069706
2017-10-14,25.651369669817505
2017-10-15,44.2598481569336
2017-10-16,44.84782215318597
2017-10-17,44.03367362553211
2017-10-18,47.52796626355683
2017-10-19,21.90144521672752
2017-10-20,44.33494527510826
2017-10-21,46.9700734006651
2017-10-22,24.38500227663718
2017-10-23,25.339406603993165
2017-10-24,54.03867809506142
2017-10-25,26.444493257796324
2017-10-26,39.9412120670463
2017-10-27,50.285333365695664
2017-10-28,47.64110630607045
2017-10-29,41.948547641659246
2017-10-30,47.63091524312028
2017-10-31,43.45271876166221
2017-11-01,44.120798483419044
2017-11-02,48.329743287892505
2017-11-03,41.48232576809623
2017-11-04,41.58446654352434
2017-11-05,42.04335191889606
2017-11-06,37.088748463469905
2017-11-07,46.91348740779907
2017-11-08,37.631148009327035
2017-11-09,46.49941543888321
2017-11-10,59.92896609542823
2017-11-11,52.54842853469221
2017-11-12,49.48588708275727
2017-11-13,29.788636104338273
2017-11-14,63.99924745804736
2017-11-15,51.289912654758474
2017-11-16,54.82973226301801
2017-11-17,60.27813342791214
2017-11-18,31.767643107794548
2017-11-19,56.94846283517436
2017-11-20,48.05181002878862
2017-11-21,54.325949536493255
2017-11-22,55.75182662562411
2017-11-23,55.318397380592614
2017-11-24,61.54071112598403
2017-11-25,54.608244951968274
2017-11-26,51.58585280561407
2017-11-27,58.96949577991994
2017-11-28,63.308871484885266
2017-11-29,58.44694425357247
2017-11-30,57.47576951173487
2017-12-01,52.73313961159268
2017-12-02,57.57095098528926
2017-12-03,56.640726976894904
2017-12-04,50.42615504712913
2017-12-05,66.79564150517616
2017-12-06,45.48349036143835
2017-12-07,57.04296739564404
2017-12-08,55.97938053367166
2017-12-09,51.29435334020056
2017-12-10,58.34972989753301
2017-12-11,53.559679543396115
2017-12-12,61.00962749789953
2017-12-13,46.36133405595382
2017-12-14,44.67755332364736
2017-12-15,50.884011013066015
2017-12-16,46.58713119968964
2017-12-17,56.201177738203285
2017-12-18,49.63062776030092
2017-12-19,46.576391286732445
2017-12-20,49.04625545998669
2017-12-21,49.08125580954357
2017-12-22,68.50772284194419
2017-12-23,54.39332956326115
2017-12-24,54.213820337343975
2017-12-25,64.3888782755341
2017-12-26,49.746136395324726
2017-12-27,57.17049890316673
2017-12-28,57.01569205283812
2017-12-29,57.54011060976528
2017-12-30,58.80524473239266
2017-12-31,32.69405401202932
2018-01-01,54.572779025601406
2018-01-02,31.760875519014643
2018-01-03,55.146135216711045
2018-01-04,71.63314855154324
2018-01-05,60.36873352002219
2018-01-06,50.547344926395844
2018-01-07,40.5007282110556
2018-01-08,46.81070837327151
2018-01-09,49.87529433100351
2018-01-10,40.93614963926264
2018-01-11,45.85121998339244
2018-01-12,47.52089612111297
2018-01-13,47.998414435124545
2018-01-14,41.79778396310066
2018-01-15,51.1298094487382
2018-01-16,51.83688158008975
2018-01-17,41.769518520405846
2018-01-18,43.91969017168266
2018-01-19,51.38980557115203
2018-01-20,45.98412666589769
2018-01-21,38.33777628452694
2018-01-22,42.11814541973291
2018-01-23,39.982337705396446
2018-01-24,37.45644637508424
2018-01-25,35.86117295537033
2018-01-26,42.66890765925064
2018-01-27,46.5841769053101
2018-01-28,38.90478743275817
2018-01-29,39.81072513338343
2018-01-30,47.53481650680238
2018-01-31,47.09485232345728
2018-02-01,43.9768235454042
2018-02-02,55.98642662965353
2018-02-03,50.49645218912725
2018-02-04,56.33776108889714
2018-02-05,52.79023235716822
2018-02-06,63.0704086225174
2018-02-07,48.39137136033382
2018-02-08,55.811801289676424
2018-02-09,52.17513902457283
2018-02-10,48.81161345740481
2018-02-11,46.62486247229614
2018-02-12,26.73381286669526
2018-02-13,48.23852123486132
2018-02-14,25.94037165618107
2018-02-15,46.58860127769402
2018-02-16,44.54380950616461
2018-02-17,47.011378403810475
2018-02-18,40.869844219845916
2018-02-19,38.64299364661762
2018-02-20,45.89167521904129
2018-02-21,39.39934629994373
2018-02-22,53.39998068603875
2018-02-23,41.9818226641033
2018-02-24,50.048724149043444
2018-02-25,54.140855384201686
2018-02-26,55.06980353709956
2018-02-27,49.61134584678397
2018-02-28,64.63935226183918
2018-03-01,53.40259280912237
2018-03-02,56.734429426241825
2018-03-03,53.9100073860353
2018-03-04,56.80494649563987
2018-03-05,53.189514828249784
2018-03-06,57.91224737497183
2018-03-07,60.4770425172786
2018-03-08,48.650033485448354
2018-03-09,29.799344583034593
2018-03-10,51.331209574683704
2018-03-11,28.02562465905671
2018-03-12,45.78057855818027
2018-03-13,41.06337675606266
2018-03-14,44.351746802811675
2018-03-15,48.97267045558824
2018-03-16,50.250222672498765
2018-03-17,56.400022469912344
2018-03-18,52.58957576927032
2018-03-19,54.017047350170735
2018-03-20,59.22271446671722
2018-03-21,61.91586721925897
2018-03-22,55.28446614946827
2018-03-23,57.78357732990594
2018-03-24,60.20304537996979
2018-03-25,54.54915052721557
2018-03-26,52.25440827357874
2018-03-27,50.88594738768306
2018-03-28,62.50385812828645
2018-03-29,42.051899935742675
2018-03-30,57.24944463577805
2018-03-31,43.51846512958086
2018-04-01,47.0942088039014
2018-04-02,48.21414631130196
2018-04-03,54.767731514040165
2018-04-04,49.968152890627756
2018-04-05,53.69544396576763
2018-04-06,58.65099102469135
2018-04-07,28.793544508802597
2018-04-08,56.39843479272889
2018-04-09,52.01271848300999
2018-04-10,53.1721232017363
2018-04-11,51.500620838945174
2018-04-12,55.165707678512355
2018-04-13,45.816583558202794
2018-04-14,44.91865851382836
2018-04-15,48.28525524301589
2018-04-16,47.18095073920212
2018-04-17,38.42697149122486
2018-04-18,35.63402898175812
2018-04-19,43.911152808376485
2018-04-20,46.57579735712902
2018-04-21,46.58216342257509
2018-04-22,23.181334901628038
2018-04-23,43.705121592476935
2018-04-24,46.045796414890745
2018-04-25,56.40885809740741
2018-04-26,53.21126325360701
2018-04-27,45.45463545724979
2018-04-28,46.37807179578436
2018-04-29,49.81918963836458
2018-04-30,46.05913853145689
2018-05-01,54.91646183560365
2018-05-02,54.82480267930879
2018-05-03,53.77520734692871
2018-05-04,52.39327130215578
2018-05-05,59.81963932500161
2018-05-06,49.25797253317871
2018-05-07,51.23722100693843
2018-05-08,53.141209629439906
2018-05-09,49.51335578795815
2018-05-10,45.77548678728616
2018-05-11,52.87552319293726
2018-05-12,25.77059186265977
2018-05-13,48.728935988536016
2018-05-14,39.011512208270524
2018-05-15,43.824042914717296
2018-05-16,39.6024324415048
2018-05-17,42.90624609680579
2018-05-18,52.41478234069328
2018-05-19,49.36017738082396
2018-05-20,22.516468228609874
2018-05-21,47.966995251899675
2018-05-22,54.498141895819096
2018-05-23,41.6233339150497
2018-05-24,49.48494667439933
2018-05-25,50.000695068773744
2018-05-26,56.27332846012462
2018-05-27,48.249036819613565
2018-05-28,50.18820326868942
2018-05-29,48.456054957053375
2018-05-30,45.55230023942105
2018-05-31,48.604449790615334
2018-06-01,49.316680044705336
2018-06-02,27.771402948138174
2018-06-03,28.107853743212587
2018-06-04,43.8018408829697
2018-06-05,44.37296333649372
2018-06-06,56.30476225095133
2018-06-07,55.72034422771434
2018-06-08,54.227980588274875
2018-06-09,49.221023574253024
2018-06-10,53.315648305830344
2018-06-11,60.834754333964355
2018-06-12,60.38929609927216
2018-06-13,57.625673655693475
2018-06-14,51.541330174432375
2018-06-15,51.4052377075473
2018-06-16,26.972261895700335
2018-06-17,43.01292074165389
2018-06-18,46.08380318208884
2018-06-19,49.66996691370011
2018-06-20,50.33063690376844
2018-06-21,51.541343489188044
2018-06-22,38.98290168925057
2018-06-23,23.325189630285067
2018-06-24,22.501943840641736
2018-06-25,21.921396426290624
2018-06-26,37.814274042551844
2018-06-27,37.65763321671452
2018-06-28,36.586071816181196
2018-06-29,22.026190483812922
2018-06-30,58.07478904022466
2018-07-01,23.53477775204047
2018-07-02,48.195745474254664
2018-07-03,54.10154681253423
2018-07-04,42.39910677023923
2018-07-05,50.72841886975012
2018-07-06,49.790762391006794
2018-07-07,42.12327448185215
2018-07-08,45.451159848950674
2018-07-09,37.491108444920975
2018-07-10,43.788268226601545
2018-07-11,44.08029734613158
2018-07-12,38.58374807636028
2018-07-13,39.767753868790784
2018-07-14,43.88943589479315
2018-07-15,23.358430274250555
2018-07-16,24.21363955592318
2018-07-17,51.73786984790888
2018-07-18,49.73179564571779
2018-07-19,48.29350964795834
2018-07-20,26.01374498638377
2018-07-21,45.93862193312037
2018-07-22,52.73769756421917
2018-07-23,61.90788276540905
2018-07-24,50.892985668437746
2018-07-25,49.617322448305096
2018-07-26,25.20237614310868
2018-07-27,24.95011460735654
2018-07-28,24.67084671167769
2018-07-29,56.478472738018006
2018-07-30,41.36703359101833
2018-07-31,51.10623066673053
2018-08-01,23.866379319073474
2018-08-02,44.307200863479885
2018-08-03,51.67642504774371
2018-08-04,52.85560193740272
2018-08-05,24.141614659537495
2018-08-06,44.87782145709023
2018-08-07,47.534667931485046
2018-08-08,53.938484579997144
2018-08-09,53.280372075163804
2018-08-10,52.02481682573951
2018-08-11,24.27911784895457
2018-08-12,46.3258190083359
2018-08-13,50.1595622968061
2018-08-14,41.74221898027724
2018-08-15,40.125042264302806
2018-08-16,40.58131088578652
2018-08-17,43.945152131691444
2018-08-18,23.17693999709413
2018-08-19,48.621408452448506
2018-08-20,40.09326368730666
2018-08-21,44.23412279065295
2018-08-22,43.24927044954959
2018-08-23,47.07872342083632
2018-08-24,49.08421876796484
2018-08-25,41.86287687851454
2018-08-26,50.71388509660902
2018-08-27,47.07464770266788
2018-08-28,50.025826228472496
2018-08-29,49.79583346533918
2018-08-30,44.719088341052384
2018-08-31,43.90148032736264
2018-09-01,47.48203063795007
2018-09-02,30.28719081078092
2018-09-03,56.05444440206081
2018-09-04,57.775566567823844
2018-09-05,60.43962041401738
2018-09-06,54.315121002756584
2018-09-07,47.465298709905596
2018-09-08,30.64524285111765
2018-09-09,48.09845456978866
2018-09-10,48.91690189761451
2018-09-11,50.67340089976595
2018-09-12,51.103509890483
2018-09-13,44.624992449058695
2018-09-14,46.252139626364865
2018-09-15,27.817114800583997
2018-09-16,52.72428521356997
2018-09-17,48.76252598641577
2018-09-18,48.18475861784631
2018-09-19,48.76664369470183
2018-09-20,40.49865386030876
2018-09-21,44.37299232653957
2018-09-22,27.024567888072053
2018-09-23,40.586335555077554
2018-09-24,45.47699374064827
2018-09-25,40.41326969727538
2018-09-26,41.56439994072182
2018-09-27,51.05847843040951
2018-09-28,24.20553202643412
2018-09-29,44.19371603417065
2018-09-30,44.36503212120181
2018-10-01,46.98662282887763
2018-10-02,46.80827347143858
2018-10-03,48.000620445050494
2018-10-04,41.075465944027215
2018-10-05,24.78161904322498
2018-10-06,24.14289814782307
2018-10-07,46.77071469728159
2018-10-08,49.05236694241198
2018-10-09,44.333891372710205
2018-10-10,42.76918353063073
2018-10-11,24.01035005303315
2018-10-12,47.938105113517594
2018-10-13,26.77659337947947
2018-10-14,28.76384273712667
2018-10-15,57.183910221095054
2018-10-16,47.3571763058639
2018-10-17,57.290242276017054
2018-10-18,56.989281346779336
2018-10-19,33.247278243316764
2018-10-20,54.74071237586405
2018-10-21,47.4407876211277
2018-10-22,49.95733034630577
2018-10-23,58.2587253620977
2018-10-24,43.637092111218436
2018-10-25,46.7294006499284
2018-10-26,51.35572053373647
2018-10-27,56.216738112499975
2018-10-28,47.32478053477492
2018-10-29,44.5110103726455
2018-10-30,48.71382081370727
2018-10-31,36.700628318582325
2018-11-01,41.03715211228614
2018-11-02,42.822894596197656
2018-11-03,43.86513153158908
2018-11-04,38.88105681234681
2018-11-05,40.11729809105942
2018-11-06,41.52643257975989
2018-11-07,44.324895903955394
2018-11-08,45.593242580550196
2018-11-09,39.55139830669255
2018-11-10,41.0265101983967
2018-11-11,50.46772370274353
2018-11-12,44.08235630115513
2018-11-13,51.7385809847847
2018-11-14,43.022833844786874
2018-11-15,49.952769714320894
2018-11-16,50.39193384952214
2018-11-17,48.09389901034375
2018-11-18,51.399938003201406
2018-11-19,66.93602836466272
2018-11-20,54.66406063681347
2018-11-21,61.295162519998115
2018-11-22,67.64440656826801
2018-11-23,84.55544742082448
2018-11-24,71.99017562892388
2018-11-25,63.730746043814186
2018-11-26,65.27196536296556
2018-11-27,70.77494261979578
2018-11-28,76.0690414202904
2018-11-29,61.969334313359596
2018-11-30,56.83614883171213
2018-12-01,63.58893045259441
2018-12-02,53.45713555866028
2018-12-03,54.14036518186914
2018-12-04,46.45369187901065
2018-12-05,61.67688865758669
2018-12-06,60.18890970871193
2018-12-07,60.75761883053762
2018-12-08,53.37348866754149
2018-12-09,60.975019427935635
2018-12-10,59.63846000303003
2018-12-11,66.88048329195487
2018-12-12,61.01377999433106
2018-12-13,66.22804124851282
2018-12-14,64.17246688210355
2018-12-15,68.61015702658084
2018-12-16,59.93912058783333
2018-12-17,62.93638532619046
2018-12-18,72.18012391964945
2018-12-19,65.98302708216879
2018-12-20,67.28359501837816
2018-12-21,59.816345765585616
2018-12-22,66.10271588954599
2018-12-23,76.13317802968167
2018-12-24,66.70349086460186
2018-12-25,71.17874560268902
2018-12-26,67.87163295875683
2018-12-27,69.71112577922456
2018-12-28,63.76825121723479
2018-12-29,52.962454755844256
2018-12-30,57.729854757524635
2018-12-31,61.19765699234013
2019-01-01,52.93927046070747
2019-01-02,45.473252710713666
2019-01-03,58.81865846936202
2019-01-04,47.93261460656752
2019-01-05,74.54053985699542
2019-01-06,52.310260719026736
2019-01-07,54.77848095968617
2019-01-08,52.75074577658657
2019-01-09,51.19973702767551
2019-01-10,47.65515469327125
2019-01-11,49.72038974576813
2019-01-12,52.29443305658508
2019-01-13,45.204674681082054
2019-01-14,44.89879891865618
2019-01-15,41.96346553083841
2019-01-16,41.125395777438754
2019-01-17,47.56312985469032
2019-01-18,53.97805405928004
2019-01-19,44.5217500659925
2019-01-20,43.974749159831205
2019-01-21,52.32804266278907
2019-01-22,49.49306524583503
2019-01-23,54.64405041065473
2019-01-24,51.48343437548525
2019-01-25,47.38736190631751
2019-01-26,55.862278575264845
2019-01-27,34.945165828762384
2019-01-28,58.350535557527735
2019-01-29,59.15036746627975
2019-01-30,54.7918238337496
2019-01-31,53.19911381972814
2019-02-01,59.23797989426141
2019-02-02,53.16425752455908
2019-02-03,46.72523924382392
2019-02-04,28.8931229743894
2019-02-05,47.28267429815001
2019-02-06,53.79255338737109
2019-02-07,45.61560112628948
2019-02-08,56.59278903231811
2019-02-09,28.110634758335117
2019-02-10,29.016720743351353
2019-02-11,54.729053417535496
2019-02-12,47.78909590276106
2019-02-13,30.622039311701275
2019-02-14,53.724665912432854
2019-02-15,47.34308189639692
2019-02-16,30.55794880209432
2019-02-17,30.165605502642453
2019-02-18,51.32804883588443
2019-02-19,52.44318069822617
2019-02-20,46.43997393330284
2019-02-21,46.03886956422187
2019-02-22,44.807462989324534
2019-02-23,50.8063110949592
2019-02-24,44.465504622530766
2019-02-25,29.618903011046967
2019-02-26,53.23428849955722
2019-02-27,55.2758847925054
2019-02-28,49.58164959397814
2019-03-01,54.94083458146477
2019-03-02,45.49978811025216
2019-03-03,48.36764678975666
2019-03-04,49.937417693441574
2019-03-05,45.62140078261826
2019-03-06,54.326481077117876
2019-03-07,49.77764924604587
2019-03-08,48.65745089581772
2019-03-09,28.583470672944987
2019-03-10,44.26590301147357
2019-03-11,41.699260711671
2019-03-12,52.07509178148155
2019-03-13,44.76862701240663
2019-03-14,59.92224175758726
2019-03-15,48.18340527322095
2019-03-16,47.50490880922126
2019-03-17,53.61185005149433
2019-03-18,44.442949955348475
2019-03-19,47.55916406875053
2019-03-20,56.07894232540242
2019-03-21,39.104820056079774
2019-03-22,44.21680753966826
2019-03-23,58.59019784032668
2019-03-24,45.92708684470274
2019-03-25,39.431951803911346
2019-03-26,39.626122276093696
2019-03-27,38.00256939085212
2019-03-28,37.04228711387239
2019-03-29,54.60950136245607
2019-03-30,42.15105336341659
2019-03-31,25.49013350650061
2019-04-01,26.42839132771286
2019-04-02,57.365528564854586
2019-04-03,41.90938847251963
2019-04-04,46.75539816201625
2019-04-05,44.585889212313504
2019-04-06,46.90486702162124
2019-04-07,41.99979436893044
2019-04-08,50.95423849320318
2019-04-09,48.10541810946552
2019-04-10,46.69243029963019
2019-04-11,45.252878843195944
2019-04-12,42.45269478519945
2019-04-13,42.89561907815464
2019-04-14,24.40776819175331
2019-04-15,42.697563421297744
2019-04-16,51.26240889693151
2019-04-17,44.29816896082909
2019-04-18,47.21097035445532
2019-04-19,46.68953190059821
2019-04-20,43.88077860837993
2019-04-21,42.50352793572809
2019-04-22,22.921510730171764
2019-04-23,40.08018809166937
2019-04-24,36.49428829541313
2019-04-25,41.13369341665978
2019-04-26,49.10325265774843
2019-04-27,45.85653481802903
2019-04-28,47.378305961245445
2019-04-29,41.537455042886535
2019-04-30,40.35931702535218
2019-05-01,42.905498713993296
2019-05-02,47.340542338441026
2019-05-03,49.00723724891992
2019-05-04,48.84397663586576
2019-05-05,42.471592275891766
2019-05-06,37.92774323720599
2019-05-07,25.72423169752665
2019-05-08,50.965420951152424
2019-05-09,46.11640962544796
2019-05-10,46.86554728630422
2019-05-11,48.54492934539164
2019-05-12,42.5298936078557
2019-05-13,45.54026270330533
2019-05-14,42.83978801706661
2019-05-15,46.45380450746808
2019-05-16,36.88458699489037
2019-05-17,44.78631303047604
2019-05-18,38.07983763233992
2019-05-19,39.773171608358496
2019-05-20,38.99357516957281
2019-05-21,43.73476808673322
2019-05-22,49.374295015874644
2019-05-23,42.3442202297175
2019-05-24,47.21119622205245
2019-05-25,24.207135505638906
2019-05-26,44.21414251863025
2019-05-27,25.970696307240505
2019-05-28,46.00797483604862
2019-05-29,46.215110914087916
2019-05-30,25.862243169264758
2019-05-31,46.04919488241144
2019-06-01,23.954078186066138
2019-06-02,22.444539820651638
2019-06-03,33.737822427733306
2019-06-04,36.35514854038956
2019-06-05,37.80366368218371
2019-06-06,34.88587994501651
2019-06-07,32.91935873891225
2019-06-08,39.10646831144712
2019-06-09,19.050152290132853
2019-06-10,43.769695167624434
2019-06-11,34.7448462369057
2019-06-12,41.64093397751298
2019-06-13,42.874915004172024
2019-06-14,37.54315143632076
2019-06-15,39.408743398142036
2019-06-16,18.199821678813784
2019-06-17,34.61908414016813
2019-06-18,49.462548607905816
2019-06-19,18.31293741452146
2019-06-20,34.24495290930412
2019-06-21,45.26466129103282
2019-06-22,40.36799882625503
2019-06-23,21.70444735375355
2019-06-24,45.22905453946765
2019-06-25,40.931272025843164
2019-06-26,42.55849936555131
2019-06-27,42.985899365450635
2019-06-28,24.801065053367854
2019-06-29,47.9916499979757
2019-06-30,41.934877813942414
2019-07-01,41.32861842151641
2019-07-02,24.2860172330203
2019-07-03,43.044295179478155
2019-07-04,23.748432651398133
2019-07-05,48.10814781019251
2019-07-06,23.083493603566968
2019-07-07,22.70326615513867
2019-07-08,35.52919407898172
2019-07-09,44.247789335620695
2019-07-10,35.24031998827343
2019-07-11,39.87745752931663
2019-07-12,45.50827154370185
2019-07-13,20.852989020169435
2019-07-14,45.431744007771584
2019-07-15,41.18368378021982
2019-07-16,39.66662376940468
2019-07-17,34.48558815913579
2019-07-18,43.9566218120957
2019-07-19,19.735097781707896
2019-07-20,41.3063948092156
2019-07-21,41.453756230381416
2019-07-22,36.81789520392575
2019-07-23,36.53410953180508
2019-07-24,47.37968337328023
2019-07-25,41.729497541534016
2019-07-26,43.249240122827715
2019-07-27,25.73341240204052
2019-07-28,43.46979819698757
2019-07-29,50.38453090582206
2019-07-30,30.524926291371592
2019-07-31,55.10460090967284
2019-08-01,30.875075884868235
2019-08-02,30.182905279823128
2019-08-03,51.49885574540095
2019-08-04,47.242917005557416
2019-08-05,42.21396077017446
2019-08-06,42.1893878446293
2019-08-07,47.79746717707039
2019-08-08,44.41958348479611
2019-08-09,46.86416947577211
2019-08-10,44.46936747978663
2019-08-11,27.434181952789153
2019-08-12,48.93752867448822
2019-08-13,54.830645038383516
2019-08-14,53.42004854479352
2019-08-15,56.07072338187907
2019-08-16,58.2297248194096
2019-08-17,31.154416983229908
2019-08-18,30.905104170536188
2019-08-19,53.05170312876251
2019-08-20,50.01420358068434
2019-08-21,44.610798914768644
2019-08-22,41.14312628911546
2019-08-23,38.72358872577558
2019-08-24,49.29464314967292
2019-08-25,38.991256684171795
2019-08-26,55.690742080609155
2019-08-27,36.59026620492466
2019-08-28,43.86706673680287
2019-08-29,35.36296071428075
2019-08-30,43.33086964866169
2019-08-31,39.23668948987216
2019-09-01,36.32219081384636
2019-09-02,45.18684815337565
2019-09-03,44.31712874097981
2019-09-04,41.8457735589906
2019-09-05,43.93249175438383
2019-09-06,43.69573326217694
2019-09-07,55.06970124142187
2019-09-08,50.752768172923496
2019-09-09,45.88708282482244
2019-09-10,46.111024796544015
2019-09-11,50.19211755755167
2019-09-12,49.13943148163021
2019-09-13,50.112559063414935
2019-09-14,28.887053867535858
2019-09-15,28.524736734916683
2019-09-16,41.899681103329044
2019-09-17,51.773256514733774
2019-09-18,50.91635987397065
2019-09-19,28.207294108828155
2019-09-20,41.6927627717841
2019-09-21,28.72766833317862
2019-09-22,29.157629329254608
2019-09-23,42.965969753611475
2019-09-24,53.149325813237795
2019-09-25,46.79743906367703
2019-09-26,47.017239254441456
2019-09-27,52.458616524486104
2019-09-28,29.721724363717115
2019-09-29,29.4797950429193
2019-09-30,52.32822963490247
2019-10-01,29.2429957035503
2019-10-02,54.35716237452563
2019-10-03,40.400162959135585
2019-10-04,49.027905586728465
2019-10-05,29.91471101773287
2019-10-06,30.327791797290352
2019-10-07,46.83112327647025
2019-10-08,50.551068833960315
2019-10-09,51.49982931232446
2019-10-10,44.7769069497578
2019-10-11,51.34509662252459
2019-10-12,39.57707229432708
2019-10-13,36.13015161993921
2019-10-14,36.02809233244717
2019-10-15,39.93124518997447
2019-10-16,38.281901769317145
2019-10-17,37.5793037981243
2019-10-18,32.50588986744115
2019-10-19,45.82638366238128
2019-10-20,25.546851387160444
2019-10-21,38.899750301418024
2019-10-22,45.555561097433696
2019-10-23,45.06513832428773
2019-10-24,45.09068961876269
2019-10-25,44.00138921409044
2019-10-26,49.52360839416701
2019-10-27,44.210184874274944
2019-10-28,42.43446212512018
2019-10-29,45.968960615111435
2019-10-30,46.6809393620645
2019-10-31,46.79473778242006
2019-11-01,44.85063313127959
2019-11-02,44.88722096349638
2019-11-03,49.7196808471287
2019-11-04,46.87769814073076
2019-11-05,51.142970708926384
2019-11-06,52.18247951355792
2019-11-07,49.1941790994037
2019-11-08,55.3636968555725
2019-11-09,48.92619243426465
2019-11-10,56.65394334634118
2019-11-11,51.0754468259407
2019-11-12,45.050165110203196
2019-11-13,46.15475432128095
2019-11-14,48.446057596148876
2019-11-15,42.43587711369835
2019-11-16,53.91264795930944
2019-11-17,54.62030851488917
2019-11-18,54.067795182456486
2019-11-19,52.25510795353749
2019-11-20,53.10959611397666
2019-11-21,60.53722106038673
2019-11-22,57.695028098030626
2019-11-23,59.27649008262078
2019-11-24,61.65101456161801
2019-11-25,60.7291936717173
2019-11-26,69.4667351132195
2019-11-27,72.01522055619648
2019-11-28,66.91492726128527
2019-11-29,86.55779794355958
2019-11-30,73.66709269603011
2019-12-01,64.24930577877811
2019-12-02,68.80074604679479
2019-12-03,66.67676330612144
2019-12-04,66.65440840177534
2019-12-05,59.63581230973641
2019-12-06,57.28271603812383
2019-12-07,65.85107419643906
2019-12-08,40.97173183445475
2019-12-09,50.03938499716378
2019-12-10,53.21108863942872
2019-12-11,54.72698975559529
2019-12-12,49.095750423220125
2019-12-13,52.93040564092685
2019-12-14,51.52946209379317
2019-12-15,51.809225146165886
2019-12-16,46.17988024779244
2019-12-17,52.54040862097018
2019-12-18,51.566861612288726
2019-12-19,47.51810061229641
2019-12-20,52.81513634879389
2019-12-21,49.94664290514986
2019-12-22,58.35420227040019
2019-12-23,58.08033388285344
2019-12-24,59.93661056433197
2019-12-25,62.86165882073136
2019-12-26,57.61056796354771
2019-12-27,41.47242433268225
2019-12-28,51.565891897417174
2019-12-29,56.576442348043926
2019-12-30,49.63550475068844
2019-12-31,47.04331637829428
2020-01-01,52.06687574088873
2020-01-02,47.794778674716696
2020-01-03,43.68314116949392
2020-01-04,32.599105587440754
2020-01-05,40.49418958791748
2020-01-06,43.53132022667401
2020-01-07,43.82789752789824
2020-01-08,42.37578437375983
2020-01-09,47.04572023193135
2020-01-10,43.68427618719577
2020-01-11,40.876012168091606
2020-01-12,31.60035689044424
2020-01-13,44.645839569128064
2020-01-14,46.682124292925934
2020-01-15,47.0236323619501
2020-01-16,40.59608948015044
2020-01-17,43.8735094410208
2020-01-18,30.23332987792187
2020-01-19,42.73469815227379
2020-01-20,38.92686333289062
2020-01-21,40.593380158905134
2020-01-22,33.55408486798872
2020-01-23,39.29042841036161
2020-01-24,37.053494693396274
2020-01-25,43.19164370578582
2020-01-26,27.641538061453534
2020-01-27,28.08996807923346
2020-01-28,37.4120965775258
2020-01-29,40.07230295533193
2020-01-30,35.5145023637499
2020-01-31,41.08159116922582
2020-02-01,38.77032224120102
2020-02-02,37.45638704051228
2020-02-03,36.558620896499875
2020-02-04,41.23150264660072
2020-02-05,44.54535949852665
2020-02-06,34.726164072182485
2020-02-07,25.921998320621814
2020-02-08,26.313725947059588
2020-02-09,35.227628763611165
2020-02-10,39.73744921776227
2020-02-11,41.16388883470063
2020-02-12,44.198913566212795
2020-02-13,43.59447260792331
2020-02-14,36.77867350884624
2020-02-15,37.51461639693012
2020-02-16,39.824389094568716
2020-02-17,38.82861629895697
2020-02-18,40.52659805874139
2020-02-19,42.883812389060324
2020-02-20,47.60059566510385
2020-02-21,40.91384777124598
2020-02-22,45.31292344569473
2020-02-23,43.50037557110261
2020-02-24,48.21157517531974
2020-02-25,47.907761549257835
2020-02-26,44.74376349960765
2020-02-27,49.04190612275494
2020-02-28,42.208102126235616
2020-02-29,53.680093443413654
2020-03-01,54.92377603101117
2020-03-02,57.96233842239745
2020-03-03,59.43253664427054
2020-03-04,62.403531339111666
2020-03-05,59.8547512248678
2020-03-06,67.00367219919227
2020-03-07,52.602603068318004
2020-03-08,52.64734415963444
2020-03-09,65.65847634801547
2020-03-10,67.16826608170827
2020-03-11,71.53065363854365
2020-03-12,74.5054920132838
2020-03-13,87.04070175815909
2020-03-14,85.18987887188445
2020-03-15,89.91047126844904
2020-03-16,109.35024405554483
2020-03-17,117.30369851724856
2020-03-18,117.56718317413538
2020-03-19,126.21101558837495
2020-03-20,127.61402365466725
2020-03-21,123.12364374989058
2020-03-22,122.26817595676042
2020-03-23,135.02052016701603
2020-03-24,138.85923981370524
2020-03-25,137.12084401915922
2020-03-26,135.2271601024094
2020-03-27,132.34406078819592
2020-03-28,116.79376414444616
2020-03-29,118.6048522680181
2020-03-30,119.31875495903748
2020-03-31,116.43309037226908
2020-04-01,118.28913131397263
2020-04-02,112.1399068606361
2020-04-03,110.27275348201934
2020-04-04,104.73138019991188
2020-04-05,98.94854159048779
2020-04-06,109.10058729863749
2020-04-07,110.67166104476827
2020-04-08,110.67698713185287
2020-04-09,96.70892226633592
2020-04-10,95.56380532925873
2020-04-11,91.0456649594641
2020-04-12,92.99025200104924
2020-04-13,88.14719666880737
2020-04-14,103.27808252773832
2020-04-15,96.67654557198608
2020-04-16,96.9114451440885
2020-04-17,95.23246526127666
2020-04-18,91.97913850009208
2020-04-19,91.31408080545154
2020-04-20,92.06421420428205
2020-04-21,99.52036525470665
2020-04-22,96.86898759620175
2020-04-23,92.47808887551645
2020-04-24,90.86585853331101
2020-04-25,85.25501241219604
2020-04-26,89.99949079472574
2020-04-27,92.48410746747368
2020-04-28,93.26494728332898
2020-04-29,87.61528898912704
2020-04-30,94.30299638851253
2020-05-01,89.10362304854152
2020-05-02,86.29111271173332
2020-05-03,87.13269720309455
2020-05-04,94.78718247536489
2020-05-05,99.44822601765986
2020-05-06,97.2633361246389
2020-05-07,93.50997193886369
2020-05-08,90.06491983771505
2020-05-09,79.49054490703179
2020-05-10,76.94015940514512
2020-05-11,86.7708192250266
2020-05-12,89.7628416156097
2020-05-13,86.09000309676495
2020-05-14,80.68755673983388
2020-05-15,84.43391249434706
2020-05-16,78.7349830703989
2020-05-17,77.95005571723777
2020-05-18,81.21453717585779
2020-05-19,80.27805313117581
2020-05-20,77.88359906030436
2020-05-21,70.76684993426016
2020-05-22,69.79284827640218
2020-05-23,76.4213168256554
2020-05-24,74.03922058548173
2020-05-25,80.1489260238377
2020-05-26,74.31431477573992
2020-05-27,84.72193785240145
2020-05-28,76.82502373075783
2020-05-29,71.75479684297687
2020-05-30,69.58076779525003
2020-05-31,65.12439638838852
2020-06-01,64.54790410651032
2020-06-02,67.87897271927757
2020-06-03,72.77028250885473
2020-06-04,66.581596995908
2020-06-05,74.8313292930352
2020-06-06,70.66432385179348
2020-06-07,70.97433158646616
2020-06-08,80.13723617384088
2020-06-09,77.29985561192548
2020-06-10,80.08312869255482
2020-06-11,75.87088030700878
2020-06-12,82.66635757987608
2020-06-13,74.02077467536559
2020-06-14,66.79045370523438
2020-06-15,72.55552340102074
2020-06-16,79.80930486756958
2020-06-17,71.82647674700812
2020-06-18,69.39338391297498
2020-06-19,71.96463546380707
2020-06-20,66.162113084576
2020-06-21,68.36358511414213
2020-06-22,69.65807442763646
2020-06-23,69.45474086056906
2020-06-24,66.18959576655027
2020-06-25,74.77266428110933
2020-06-26,67.15641660453734
2020-06-27,64.81963020267686
2020-06-28,58.34361787024886
2020-06-29,61.13890590904629
2020-06-30,60.276521477886064
2020-07-01,66.61616012326095
2020-07-02,64.05496653147455
2020-07-03,65.9790794598635
2020-07-04,57.90890483615406
2020-07-05,64.09562394122179
2020-07-06,63.273596847090644
2020-07-07,64.40969181157253
2020-07-08,63.26376183259925
2020-07-09,58.7931478076636
2020-07-10,54.40386946226435
2020-07-11,53.258659402468226
2020-07-12,53.098422910831715
2020-07-13,54.94201279899811
2020-07-14,61.361321508637715
2020-07-15,53.79701706138684
2020-07-16,57.048345132569224
2020-07-17,51.9383987297996
2020-07-18,51.67954009465309
2020-07-19,51.606538124350436
2020-07-20,59.93633384863198
2020-07-21,59.63615514537727
2020-07-22,58.69972178038789
2020-07-23,58.830043618720765
2020-07-24,60.235652484405605
2020-07-25,51.48205357138243
2020-07-26,52.17123796927812
2020-07-27,46.64528617292183
2020-07-28,52.281849854809906
2020-07-29,55.943424349968396
2020-07-30,52.45146946296909
2020-07-31,53.16294892936516
2020-08-01,57.73030971319105
2020-08-02,45.29144837597702
2020-08-03,65.24468456931027
2020-08-04,70.31211180407502
2020-08-05,67.82709909028225
2020-08-06,66.09616391975113
2020-08-07,70.92344195636294
2020-08-08,55.75588144456155
2020-08-09,54.37563723533211
2020-08-10,57.57736495713608
2020-08-11,56.60272817110733
2020-08-12,55.6918738892084
2020-08-13,56.6520778803669
2020-08-14,55.90354389904394
2020-08-15,53.18694391492026
2020-08-16,53.79845146271696
2020-08-17,60.331666671920075
2020-08-18,60.57143716066029
2020-08-19,56.42663113244756
2020-08-20,54.69859409922768
2020-08-21,59.76649428264413
2020-08-22,63.28905887875898
2020-08-23,59.91397117761683
2020-08-24,64.92759644678961
2020-08-25,69.36306643428506
2020-08-26,67.72904319912445
2020-08-27,61.58951539930953
2020-08-28,62.34422253115059
2020-08-29,63.77196529538408
2020-08-30,61.89459820263296
2020-08-31,59.37965429374148
2020-09-01,64.91061244006681
2020-09-02,58.08709923083062
2020-09-03,57.901551209663026
2020-09-04,60.429292579796424
2020-09-05,61.57187103164938
2020-09-06,63.2916244600883
2020-09-07,60.355443514347215
2020-09-08,62.251526006854235
2020-09-09,67.55490450339737
2020-09-10,61.25128795599898
2020-09-11,66.8352614255553
2020-09-12,57.78852846217787
2020-09-13,60.94218324651099
2020-09-14,62.60124059835867
2020-09-15,61.95830807941212
2020-09-16,64.38174331868923
2020-09-17,67.40124629451249
2020-09-18,66.01205331943817
2020-09-19,57.57008786239101
2020-09-20,55.4935704952956
2020-09-21,58.36938057559345
2020-09-22,60.84520139748935
2020-09-23,55.552908643663336
2020-09-24,55.386719859592645
2020-09-25,63.43985703917056
2020-09-26,57.88598968823286
2020-09-27,57.423470998745024
2020-09-28,60.81783003375537
2020-09-29,63.89843039093532
2020-09-30,63.64156067884469
2020-10-01,61.09522696508462
2020-10-02,63.57068738453715
2020-10-03,62.881731258967775
2020-10-04,55.3737047613792
2020-10-05,59.019105087887375
2020-10-06,56.23174874295097
2020-10-07,63.69418133574963
2020-10-08,65.00189968281926
2020-10-09,60.74574394259368
2020-10-10,61.97790057901966
2020-10-11,55.90841796501084
2020-10-12,66.10119707359453
2020-10-13,60.58135882933199
2020-10-14,67.47931106010105
2020-10-15,68.62605057309847
2020-10-16,64.5054781329769
2020-10-17,66.66704838715444
2020-10-18,63.866083960797866
2020-10-19,75.15528375953122
2020-10-20,69.34844674296754
2020-10-21,72.75533754103037
2020-10-22,72.8988022591972
2020-10-23,75.40920003405495
2020-10-24,70.0684716826982
2020-10-25,71.99517416554053
2020-10-26,76.57630177887992
2020-10-27,77.20834689869496
2020-10-28,76.25467014670245
2020-10-29,84.10710722021635
2020-10-30,85.31024207406091
2020-10-31,82.21139442655881
2020-11-01,86.7450007507988
2020-11-02,95.60723611780782
2020-11-03,94.35326176447265
2020-11-04,99.72978692822937
2020-11-05,88.99882277380058
2020-11-06,93.40538700110375
2020-11-07,87.47384226860505
2020-11-08,93.55184861622595
2020-11-09,99.12449934001867
2020-11-10,100.22968986101108
2020-11-11,92.83580498682599
2020-11-12,99.42952598696256
2020-11-13,95.36666930391699
2020-11-14,88.22121757269548
2020-11-15,95.4242921769191
2020-11-16,97.79856591478656
2020-11-17,88.70310236263524
2020-11-18,102.88251092656002
2020-11-19,102.99355490461683
2020-11-20,101.83687987025725
2020-11-21,103.58312222099144
2020-11-22,106.98109104162737
2020-11-23,111.27189266753842
2020-11-24,108.11425430425109
2020-11-25,105.84944875195038
2020-11-26,111.56755789032098
2020-11-27,128.6050908461998
2020-11-28,109.64136536898695
2020-11-29,104.59569099736596
2020-11-30,104.76485035769585
2020-12-01,99.75433426083768
2020-12-02,95.65259625334761
2020-12-03,97.72907501549517
2020-12-04,97.20137273929839
2020-12-05,94.97312731446017
2020-12-06,98.44721835316238
2020-12-07,99.41279690125701
2020-12-08,86.95669770683688
2020-12-09,96.80737261150034
2020-12-10,94.14000765715579
2020-12-11,94.94204238658892
2020-12-12,86.31925926141164
2020-12-13,88.02336451799162
2020-12-14,91.178557409598
2020-12-15,87.57991286923337
2020-12-16,86.7557309741934
2020-12-17,81.62662378373999
2020-12-18,83.30894140328806
2020-12-19,87.84592621764895
2020-12-20,82.44762659594929
2020-12-21,88.7156297959458
2020-12-22,89.6198371851824
2020-12-23,87.1065457481341
2020-12-24,92.57549497764214
2020-12-25,89.06609684299079
2020-12-26,83.94647565733214
2020-12-27,80.97020417793718
2020-12-28,82.01079274697412
2020-12-29,80.8924913093143
2020-12-30,73.45535740593925
2020-12-31,73.65498206700116
2021-01-01,71.67432884126976
2021-01-02,74.53792630546204
2021-01-03,73.07037437358025
2021-01-04,83.62628290006231
2021-01-05,86.6036608018835
2021-01-06,82.00250807363005
2021-01-07,86.08830668563843
2021-01-08,87.6003383500706
2021-01-09,79.13572345808363
2021-01-10,75.91728487366707
2021-01-11,83.54941121868728
2021-01-12,83.71338414533535
2021-01-13,84.10884009062767
2021-01-14,90.88746774108958
2021-01-15,82.87526691276977
2021-01-16,83.844865088335
2021-01-17,84.09685914931688
2021-01-18,91.57718102636449
2021-01-19,89.82785784762171
2021-01-20,98.17283826512636
2021-01-21,93.6736220832718
2021-01-22,92.03960640047057
2021-01-23,84.09539114284283
2021-01-24,85.27233099254657
2021-01-25,88.49233861243205
2021-01-26,98.34311404279723
2021-01-27,91.85407525993087
2021-01-28,92.04927398509412
2021-01-29,86.60929192507118
2021-01-30,85.12659280509072
2021-01-31,79.70904927866101
2021-02-01,96.84354643551183
2021-02-02,90.32095088537318
2021-02-03,100.4948433004271
2021-02-04,95.98118475507853
2021-02-05,94.05336101656843
2021-02-06,87.3780030790304
2021-02-07,79.36113066427455
2021-02-08,87.54476572963151
2021-02-09,86.69655804295326
2021-02-10,87.10407739512846
2021-02-11,88.02142150755327
2021-02-12,82.07779258394493
2021-02-13,77.60109600398306
2021-02-14,82.13055911031331
2021-02-15,87.36490883194907
2021-02-16,81.95252840204975
2021-02-17,84.46611723313852
2021-02-18,88.00006389525456
2021-02-19,87.37582819101299
2021-02-20,77.72766765641437
2021-02-21,84.53121963598025
2021-02-22,83.87186026176124
2021-02-23,75.99287665524847
2021-02-24,79.45360080413339
2021-02-25,77.84952953073162
2021-02-26,85.66293038563407
2021-02-27,75.0200500888671
2021-02-28,76.77290407095497
2021-03-01,75.81481152876464
2021-03-02,78.05730257325504
2021-03-03,80.04356126743076
2021-03-04,86.94410735054629
2021-03-05,70.34247011604424
2021-03-06,69.51214233898472
2021-03-07,67.6315572026336
2021-03-08,64.53788407875322
2021-03-09,81.04954967595381
2021-03-10,74.6260626991056
2021-03-11,70.7430605002398
2021-03-12,68.01033094223347
2021-03-13,78.89700747426801
2021-03-14,68.2146822010885
2021-03-15,65.87116005306753
2021-03-16,82.66731991703199
2021-03-17,74.46927351774237
2021-03-18,72.27875143626913
2021-03-19,67.78923617512046
2021-03-20,75.5979551320716
2021-03-21,65.572060316284
2021-03-22,71.71652043372694
2021-03-23,71.61416483574396
2021-03-24,78.75005121417308
2021-03-25,77.79709079472681
2021-03-26,68.68577297093509
2021-03-27,68.44619638140546
2021-03-28,59.195420715924456
2021-03-29,64.43276863173429
2021-03-30,64.95459829621744
2021-03-31,56.224005872107966
2021-04-01,61.30781884708219
2021-04-02,58.24749482491747
2021-04-03,55.55808312302092
2021-04-04,63.94421717150139
2021-04-05,54.6143257762738
2021-04-06,59.300000885235235
2021-04-07,62.70890902705702
2021-04-08,58.55034029406253
2021-04-09,63.64586151232886
2021-04-10,55.891099747426594
2021-04-11,56.38252413275269
2021-04-12,59.28300148371778
2021-04-13,53.66065215571184
2021-04-14,67.88382413058002
2021-04-15,66.38180117915606
2021-04-16,65.53769860337249
2021-04-17,60.255854234291675
2021-04-18,59.85068936328295
2021-04-19,65.12292387916987
2021-04-20,62.90029780994587
2021-04-21,61.558839265108006
2021-04-22,68.04960890858416
2021-04-23,61.24138231364938
2021-04-24,40.543319316778835
2021-04-25,60.903554507465685
2021-04-26,58.44157450105198
2021-04-27,62.48016137432623
2021-04-28,65.61910900426454
2021-04-29,58.53864912165061
2021-04-30,59.83554250472908
2021-05-01,53.68008521600215
2021-05-02,60.591154660932105
2021-05-03,58.1670857512321
2021-05-04,58.88503239105111
2021-05-05,63.2315688226827
2021-05-06,61.85751845275594
2021-05-07,54.623860062819034
2021-05-08,51.887674051624245
2021-05-09,52.98860965558921
2021-05-10,52.93418093010174
2021-05-11,64.47958420826704
2021-05-12,53.46035629700817
2021-05-13,55.36968236563485
2021-05-14,54.57836985090906
2021-05-15,34.42793451453342
2021-05-16,53.194999602302104
2021-05-17,53.73250972454127
2021-05-18,47.9267786177776
2021-05-19,53.64203220632328
2021-05-20,68.02833561228039
2021-05-21,58.9370332439226
2021-05-22,51.32243290430701
2021-05-23,33.228710240484375
2021-05-24,61.68087200369442
2021-05-25,47.35778860310455
2021-05-26,56.12075987808356
2021-05-27,55.44149537781233
2021-05-28,59.828997511792686
2021-05-29,55.38649190502559
2021-05-30,46.910210426762546
2021-05-31,52.905749641664045
2021-06-01,54.813777561649886
2021-06-02,48.47696901832775
2021-06-03,61.24774774352899
2021-06-04,48.01372999743715
2021-06-05,29.4195659619484
2021-06-06,44.078397652656136
2021-06-07,44.8271904305646
2021-06-08,50.746605831367646
2021-06-09,47.44794826620358
2021-06-10,61.58853540298516
2021-06-11,46.57754636507479
2021-06-12,27.008368499227867
2021-06-13,41.24016275408782
2021-06-14,40.64687564090022
2021-06-15,45.48817552725602
2021-06-16,25.446743954369126
2021-06-17,42.45653148140617
2021-06-18,39.10177699051302
2021-06-19,26.121869209920295
2021-06-20,26.698595469771416
2021-06-21,43.358877538204716
2021-06-22,50.55756746221145
2021-06-23,43.880741714305245
2021-06-24,39.38535043738895
2021-06-25,58.16786276683412
2021-06-26,44.721385772065744
2021-06-27,38.570719813704684
2021-06-28,40.947513856402274
2021-06-29,43.01857387896401
2021-06-30,49.06682265035177
2021-07-01,45.7435501965461
2021-07-02,45.48577072671864
2021-07-03,49.75320697562559
2021-07-04,40.57736711527723
2021-07-05,49.26446252562345
2021-07-06,39.07813757043401
2021-07-07,46.96327971273402
2021-07-08,41.883403056111845
2021-07-09,42.363084283410856
2021-07-10,43.154272595231475
2021-07-11,27.122603444638127
2021-07-12,45.154542382974256
2021-07-13,49.94277459354964
2021-07-14,43.26516751154496
2021-07-15,51.557139563056886
2021-07-16,44.37304501861931
2021-07-17,42.25326815039205
2021-07-18,39.53269451818322
2021-07-19,39.96055383633272
2021-07-20,41.86859155381134
2021-07-21,42.02456445393848
2021-07-22,42.86134376820485
2021-07-23,41.59850523706696
2021-07-24,44.94382240164187
2021-07-25,26.796062449928883
2021-07-26,44.43543300170212
2021-07-27,42.985983556938734
2021-07-28,51.783863627211574
2021-07-29,51.82326925487979
2021-07-30,42.794076187449335
2021-07-31,28.58887840927185
2021-08-01,28.774911694907175
2021-08-02,47.031476562809054
2021-08-03,51.59222575631675
2021-08-04,44.12541383724514
2021-08-05,45.41471220505652
2021-08-06,55.59914207023331
2021-08-07,42.4605372354603
2021-08-08,29.04166381639296
2021-08-09,48.891603854815266
2021-08-10,49.267847780952835
2021-08-11,43.86933207841864
2021-08-12,58.30269486594116
2021-08-13,49.71999408564105
2021-08-14,58.210135400322514
2021-08-15,47.03676317664947
2021-08-16,56.458983798766106
2021-08-17,49.28862268827491
2021-08-18,51.52264674658139
2021-08-19,55.966708180851256
2021-08-20,51.464354616302714
2021-08-21,48.12937932965794
2021-08-22,50.445216450957645
2021-08-23,48.5177298967921
2021-08-24,31.05144607668833
2021-08-25,54.80444883876909
2021-08-26,49.96670119250539
2021-08-27,45.71127006192694
2021-08-28,50.510429007748314
2021-08-29,47.72975516310398
2021-08-30,47.61186179838656
2021-08-31,56.23892700156494
2021-09-01,54.182736203934724
2021-09-02,53.012466155253115
2021-09-03,53.805531259720155
2021-09-04,31.051538861220564
2021-09-05,53.983053219753
2021-09-06,49.90900845333266
2021-09-07,47.57204042462083
2021-09-08,50.586700682583526
2021-09-09,58.79525362156534
2021-09-10,53.89769528319016
2021-09-11,46.73500682979434
2021-09-12,52.03274294121984
2021-09-13,49.38722432199922
2021-09-14,50.7221935097836
2021-09-15,46.359635265276395
2021-09-16,47.05765271254823
2021-09-17,47.25539731938035
2021-09-18,52.51371761681325
2021-09-19,39.477049760270226
2021-09-20,44.105355681137766
2021-09-21,55.13791708996119
2021-09-22,55.33610353175271
2021-09-23,48.17544533910895
2021-09-24,54.84063664168434
2021-09-25,42.447813508436056
2021-09-26,46.704039897079205
2021-09-27,44.08456047243594
2021-09-28,48.031657176555896
2021-09-29,47.589389000118295
2021-09-30,50.36916737509044
2021-10-01,28.17909432061433
2021-10-02,51.72566149679418
2021-10-03,46.563009145931694
2021-10-04,29.12337569278041
2021-10-05,54.667693455616245
2021-10-06,58.342566396345674
2021-10-07,54.53669009923443
2021-10-08,48.35909415278474
2021-10-09,49.56265137579687
2021-10-10,29.20154104857171
2021-10-11,51.07672974541302
2021-10-12,47.17476230505302
2021-10-13,54.913733005916185
2021-10-14,47.467894635053256
2021-10-15,48.33717922245787
2021-10-16,50.08395185116393
2021-10-17,31.09041384558166
2021-10-18,46.00999354793704
2021-10-19,44.23896928713146
2021-10-20,50.80115947312319
2021-10-21,52.906612474848025
2021-10-22,54.100369234197714
2021-10-23,56.74579037823832
2021-10-24,57.41012132898004
2021-10-25,50.78454692737449
2021-10-26,63.39538407557879
2021-10-27,58.70144153823949
2021-10-28,56.58809979479923
2021-10-29,54.18670957999832
2021-10-30,49.33174814494373
2021-10-31,30.62347599291545
2021-11-01,48.987341090178944
2021-11-02,46.71425989279281
2021-11-03,60.540588034710865
2021-11-04,47.54352588705024
2021-11-05,55.92867918495871
2021-11-06,35.509389902405196
2021-11-07,56.213328365972956
2021-11-08,58.34426317665002
2021-11-09,52.60148079839982
2021-11-10,55.88675258965554
2021-11-11,61.17416031042432
2021-11-12,66.8596130325807
2021-11-13,52.277072697004925
2021-11-14,46.71189259151552
2021-11-15,47.61232523152415
2021-11-16,51.50284027627741
2021-11-17,57.06273620172024
2021-11-18,51.01548713263558
2021-11-19,54.14476446518361
2021-11-20,52.756978680575855
2021-11-21,53.45563741978478
2021-11-22,60.37800157457029
2021-11-23,68.6690226175529
2021-11-24,62.78505950361672
2021-11-25,69.79782004449764
2021-11-26,82.55305873245781
2021-11-27,72.91502075961894
2021-11-28,62.27425859037833
2021-11-29,72.27916856720798
2021-11-30,64.04658670592048
2021-12-01,69.16908373943379
2021-12-02,65.03708039175415
2021-12-03,60.096115363383376
2021-12-04,53.51206138546607
2021-12-05,60.820539046021146
2021-12-06,61.68167609173767
2021-12-07,64.64527714190021
2021-12-08,68.5884785499456
2021-12-09,62.47513476022876
2021-12-10,70.95210282201255
2021-12-11,62.579200623809385
2021-12-12,68.80730421142425
2021-12-13,68.00236825823826
2021-12-14,61.36211398363744
2021-12-15,77.24686892173841
2021-12-16,72.14299328145219
2021-12-17,69.96213576773621
2021-12-18,72.65059336060241
2021-12-19,73.67436904201875
2021-12-20,65.54185765209729
2021-12-21,70.63547455298661
2021-12-22,74.77505597674622
2021-12-23,78.47391101748676
2021-12-24,76.99462448334702
2021-12-25,75.51306308832093
2021-12-26,79.54729960766846
2021-12-27,64.53119410476091
2021-12-28,77.47263108079733
2021-12-29,66.78137296651124
2021-12-30,76.80518681520584
2021-12-31,52.17887441156906
2022-01-01,52.160227945210025
2022-01-02,85.74863103176943
2022-01-03,87.24542785273829
2022-01-04,85.14996715381393
2022-01-05,87.94254294988657
2022-01-06,84.15390513561192
2022-01-07,82.194837118421
2022-01-08,80.17518509969773
2022-01-09,75.21025890215985
2022-01-10,80.39825543193044
2022-01-11,91.72894738355004
2022-01-12,85.04472545129371
2022-01-13,92.4113671963685
2022-01-14,84.95523599135755
2022-01-15,75.6053046785427
2022-01-16,82.92090525332863
2022-01-17,74.72882179469386
2022-01-18,80.84910457451636
2022-01-19,77.09206246696738
2022-01-20,71.59043645087385
2022-01-21,77.8987948352279
2022-01-22,68.17011918361912
2022-01-23,59.23132327906858
2022-01-24,64.41475649725531
2022-01-25,65.04880048134402
2022-01-26,70.9825735028696
2022-01-27,61.38428143737637
2022-01-28,59.47581388460892
2022-01-29,67.22218222645618
2022-01-30,64.63908704302452
2022-01-31,64.56122415265554
2022-02-01,63.37404200242899
2022-02-02,68.42124631966146
2022-02-03,70.56219232219254
2022-02-04,69.62310349453801
2022-02-05,69.21853137935094
2022-02-06,61.50179788274235
2022-02-07,61.66207602674895
2022-02-08,66.64624608923307
2022-02-09,65.03318069380956
2022-02-10,59.22901622265376
2022-02-11,63.51016190042131
2022-02-12,68.01680551653172
2022-02-13,61.627249998416474
2022-02-14,65.61157724051601
2022-02-15,65.09451741106244
2022-02-16,58.82487959025492
2022-02-17,61.53891239603685
2022-02-18,58.91743084977197
2022-02-19,67.36493812584013
2022-02-20,56.99187335743976
2022-02-21,58.113871023996225
2022-02-22,57.652243124848816
2022-02-23,57.638838166700275
2022-02-24,54.73714702808334
2022-02-25,55.171042492012234
2022-02-26,56.943431359794346
2022-02-27,60.511479544641226
2022-02-28,58.800384156758
2022-03-01,57.64903615894829
2022-03-02,58.18820647321016
2022-03-03,60.209363270653085
2022-03-04,57.35228604426891
2022-03-05,50.242570252980954
2022-03-06,47.638552343689724
2022-03-07,57.82957391765942
2022-03-08,55.66348929719723
2022-03-09,59.91618273731567
2022-03-10,58.12654125762239
2022-03-11,55.09614367786712
2022-03-12,57.631682492731464
2022-03-13,55.72363033070548
2022-03-14,53.73158624702332
2022-03-15,55.75667603757452
2022-03-16,58.80994361267162
2022-03-17,65.8803450612042
2022-03-18,64.24743935316636
2022-03-19,55.44045984812216
2022-03-20,54.751740006180846
2022-03-21,57.73909136484326
2022-03-22,54.323475951461575
2022-03-23,61.631237861308264
2022-03-24,63.12954663989758
2022-03-25,57.86129470854979
2022-03-26,55.8386829092087
2022-03-27,60.37683248662165
2022-03-28,60.52651217425182
2022-03-29,63.238782635274234
2022-03-30,60.797966531789065
2022-03-31,59.633794981907144
2022-04-01,60.58039526398
2022-04-02,59.83129251363965
2022-04-03,60.30593220871257
2022-04-04,62.4030830931745
2022-04-05,56.07846250082085
2022-04-06,56.10307435034342
2022-04-07,59.437166343611466
2022-04-08,52.64915047870926
2022-04-09,57.453070889898285
2022-04-10,52.96366375320318
2022-04-11,51.450206302365004
2022-04-12,56.505862205648
2022-04-13,57.286976816551075
2022-04-14,59.632441096498866
2022-04-15,65.21050961401161
2022-04-16,59.00689131480961
2022-04-17,54.367622689153016
2022-04-18,66.82104058955588
2022-04-19,70.92626296833356
2022-04-20,100.88250831859358
2022-04-21,73.27704861263405
2022-04-22,74.53830281212828
2022-04-23,83.97349800640252
2022-04-24,61.70493382957703
2022-04-25,57.77655918506413
2022-04-26,57.56708529956755
2022-04-27,58.501946243056935
2022-04-28,52.86546467502447
2022-04-29,51.779337660808345
2022-04-30,49.33516363405998
2022-05-01,48.41763277141376
2022-05-02,48.33856377092479
2022-05-03,53.37285893865843
2022-05-04,50.55679013564073
2022-05-05,55.42597794992504
2022-05-06,51.61067450910949
2022-05-07,46.55118821586427
2022-05-08,54.197763129568784
2022-05-09,50.52293776279064
2022-05-10,50.11591906044827
2022-05-11,55.944275230849
2022-05-12,46.633494723979126
2022-05-13,48.04152322095917
2022-05-14,32.85069229454174
2022-05-15,31.680424192728907
2022-05-16,45.57056897520826
2022-05-17,40.46092936991691
2022-05-18,40.436930588340644
2022-05-19,43.86507337306992
2022-05-20,50.46731530269755
2022-05-21,45.05558881220871
2022-05-22,45.05566829924195
2022-05-23,56.08952897841556
2022-05-24,50.67374635540965
2022-05-25,51.4527373056141
2022-05-26,35.40779707142881
2022-05-27,47.16473514891099
2022-05-28,48.736004980343765
2022-05-29,45.78672101481277
2022-05-30,48.29880814485594
2022-05-31,47.58344053689095
2022-06-01,47.28992504036579
2022-06-02,45.301285309624035
2022-06-03,46.30948729902127
2022-06-04,44.058576404696254
2022-06-05,51.44277016645657
2022-06-06,32.4989701702581
2022-06-07,49.615619396366014
2022-06-08,58.59733942011833
2022-06-09,46.70230134209891
2022-06-10,54.134370669591966
2022-06-11,52.025257753434516
2022-06-12,45.449236878312576
2022-06-13,50.668258275493145
2022-06-14,50.79124451739443
2022-06-15,51.518065355684726
2022-06-16,53.43956094137637
2022-06-17,48.04068196093317
2022-06-18,44.323051979568135
2022-06-19,33.14602621682961
2022-06-20,48.14398208568342
2022-06-21,47.43410557774094
2022-06-22,47.554574106715016
2022-06-23,42.59698610908473
2022-06-24,51.596553876950175
2022-06-25,46.52713549100036
2022-06-26,34.82369238407045
2022-06-27,55.0303500526978
2022-06-28,55.18792999506845
2022-06-29,55.072199821482755
2022-06-30,54.8916913492854
2022-07-01,56.592701560993035
2022-07-02,52.02797396315548
2022-07-03,50.92899349382763
2022-07-04,52.980606117158565
2022-07-05,54.185951952893284
2022-07-06,53.4275143221617
2022-07-07,54.982869021232425
2022-07-08,45.42577502363793
2022-07-09,33.61883467771039
2022-07-10,49.39546567792458
2022-07-11,50.50843590544997
2022-07-12,44.25635906545631
2022-07-13,53.438714148254526
2022-07-14,54.49140548989838
2022-07-15,48.24856036608628
2022-07-16,53.512797887188
2022-07-17,51.481498948453215
2022-07-18,56.62878829710435
2022-07-19,48.6575687822381
2022-07-20,55.128795957585865
2022-07-21,55.51277948274209
2022-07-22,49.29621026430808
2022-07-23,34.687853439121014
2022-07-24,45.26667899993535
2022-07-25,44.83675879825733
2022-07-26,47.75203311097759
2022-07-27,46.713888231862285
2022-07-28,54.75556291724786
2022-07-29,45.18498419991219
2022-07-30,43.89485306938952
2022-07-31,32.256326937514594
2022-08-01,49.142291269460316
2022-08-02,53.01401121657387
2022-08-03,50.8573027427557
2022-08-04,35.82537109922032
2022-08-05,52.04141062052511
2022-08-06,52.16067769419584
2022-08-07,37.24187233341141
2022-08-08,56.540814357617265
2022-08-09,65.83539049106058
2022-08-10,53.58684002518976
2022-08-11,57.53942238871972
2022-08-12,54.68512676724028
2022-08-13,54.44264037142833
2022-08-14,52.9193692188907
2022-08-15,54.81603444527286
2022-08-16,54.050457954740295
2022-08-17,56.07922237872487
2022-08-18,58.538967085593754
2022-08-19,59.06633145193635
2022-08-20,53.42918892118231
2022-08-21,56.468054025170545
2022-08-22,63.029420464537935
2022-08-23,39.60382884853564
2022-08-24,65.79161777347994
2022-08-25,56.54655996116517
2022-08-26,53.748795933489355
2022-08-27,54.82643324941318
2022-08-28,54.67044231371252
2022-08-29,59.32293997479434
2022-08-30,54.84704958710271
2022-08-31,54.65831824675831
2022-09-01,61.1548618818604
2022-09-02,58.165820204560745
2022-09-03,53.82393420043239
2022-09-04,52.71155694043877
2022-09-05,51.98515089180442
2022-09-06,51.28914256503137
2022-09-07,48.08906830007274
2022-09-08,60.67156462530963
2022-09-09,52.94993273047936
2022-09-10,53.74701302974205
2022-09-11,46.54334249336878
2022-09-12,49.557067103511585
2022-09-13,48.85131022119301
2022-09-14,58.3281931825349
2022-09-15,53.06816349312758
2022-09-16,51.73481904728263
2022-09-17,51.721512092556424
2022-09-18,47.91921303930533
2022-09-19,55.54865426599672
2022-09-20,61.33865686794988
2022-09-21,50.14125555449528
2022-09-22,56.09150518258862
2022-09-23,52.72190551002239
2022-09-24,54.699194548510015
2022-09-25,51.37755553463561
2022-09-26,60.777734673776635
2022-09-27,54.67842565159191
2022-09-28,59.38939309582955
2022-09-29,58.22809140205487
2022-09-30,61.76013279324544
2022-10-01,54.832205007508115
2022-10-02,50.881678190554425
2022-10-03,62.64293153235972
2022-10-04,60.94824507552107
2022-10-05,56.28302648744091
2022-10-06,58.8626614678206
2022-10-07,50.528840761767526
2022-10-08,48.84635998144002
2022-10-09,35.73711441908319
2022-10-10,59.560662402772174
2022-10-11,59.87753141304561
2022-10-12,64.35294291720727
2022-10-13,57.27749980214216
2022-10-14,58.948299219588165
2022-10-15,49.033488714168556
2022-10-16,54.15563064600855
2022-10-17,52.06698022695895
2022-10-18,57.08672243623626
2022-10-19,71.80279062793997
2022-10-20,59.251582957466724
2022-10-21,60.075416454585834
2022-10-22,56.629290960573314
2022-10-23,55.62900047447327
2022-10-24,59.70008953664688
2022-10-25,51.817806476296965
2022-10-26,50.95854692452443
2022-10-27,55.66258813612049
2022-10-28,57.65816791524567
2022-10-29,65.21704846090009
2022-10-30,55.19219774231617
2022-10-31,55.58960450914158
2022-11-01,63.69835509137688
2022-11-02,65.03100623741929
2022-11-03,70.46864137524645
2022-11-04,64.04520884178207
2022-11-05,59.24576634209873
2022-11-06,64.7324048582517
2022-11-07,64.82008438268382
2022-11-08,65.61504436871144
2022-11-09,63.68987720842182
2022-11-10,69.34284663066757
2022-11-11,66.76028961414819
2022-11-12,63.13655394847146
2022-11-13,58.158841908782065
2022-11-14,61.252977090239284
2022-11-15,62.23565560832033
2022-11-16,66.63297070293007
2022-11-17,65.86036244045913
2022-11-18,72.34151503016847
2022-11-19,70.7573601512269
2022-11-20,74.250749433538
2022-11-21,69.47028892376954
2022-11-22,77.68622426620098
2022-11-23,81.99143712719601
2022-11-24,75.42417290048161
2022-11-25,90.73996824443813
2022-11-26,82.06182274309471
2022-11-27,73.16236388459959
2022-11-28,66.8011581230849
2022-11-29,61.30995089653592
2022-11-30,64.19588772590055
2022-12-01,62.529995764662814
2022-12-02,57.16180010118112
2022-12-03,56.84963717370765
2022-12-04,67.01533430004598
2022-12-05,66.50672636674906
2022-12-06,69.08691349457277
2022-12-07,69.33406836413843
2022-12-08,63.9116818500319
2022-12-09,66.99991772003887
2022-12-10,61.08210308960234
2022-12-11,62.42371992490287
2022-12-12,62.229425092915605
2022-12-13,69.25755503921025
2022-12-14,63.94087398176954
2022-12-15,57.05352595237491
2022-12-16,68.19750204396223
2022-12-17,61.192531473696974
2022-12-18,61.917947805463605
2022-12-19,67.42631159528376
2022-12-20,62.47608558519468
2022-12-21,58.360069875594924
2022-12-22,59.55367814382071
2022-12-23,72.55347863102382
2022-12-24,60.81293312659372
2022-12-25,81.53927093632083
2022-12-26,65.58717014895294
2022-12-27,65.64567063308033
2022-12-28,61.93900478862591
2022-12-29,67.70894318444894
2022-12-30,63.87482428867598
2022-12-31,59.61204818446524
2023-01-01,55.7547421480411
2023-01-02,54.64944272650199
2023-01-03,59.5684954009767
2023-01-04,64.17841450569486
2023-01-05,57.89219995159087
2023-01-06,58.25860643362296
2023-01-07,53.08921642222245
2023-01-08,51.13434590721151
2023-01-09,58.18836595116275
2023-01-10,62.469228720306255
2023-01-11,49.24068559620622
2023-01-12,64.44924759837814
2023-01-13,52.0693657406328
2023-01-14,53.52936160931671
2023-01-15,48.81018047174268
2023-01-16,62.71235048794264
2023-01-17,54.73257582844964
2023-01-18,57.74937347093683
2023-01-19,61.357540281657
2023-01-20,58.11409437843734
2023-01-21,45.773308466336104
2023-01-22,58.45419649051224
2023-01-23,46.02277296320069
2023-01-24,55.68208679118264
2023-01-25,55.56152481019875
2023-01-26,48.997596143019166
2023-01-27,59.62390706048704
2023-01-28,54.561940601473495
2023-01-29,58.87027047388486
2023-01-30,57.68318429164417
2023-01-31,63.825388975837456
2023-02-01,65.23946775920709
2023-02-02,69.50151102683716
2023-02-03,70.81273009295113
2023-02-04,58.971106675747535
2023-02-05,52.00662276296572
2023-02-06,47.96325271649374
2023-02-07,54.35081554154965
2023-02-08,54.109804270013754
2023-02-09,52.24498258087096
2023-02-10,54.76901795057349
2023-02-11,48.023076171952354
2023-02-12,36.42108076516875
2023-02-13,56.52107261098633
2023-02-14,60.777796735844596
2023-02-15,58.92273807831613
2023-02-16,55.97135425836633
2023-02-17,61.869008999761974
2023-02-18,56.71428091630721
2023-02-19,62.67570656884938
2023-02-20,76.10852406583342
2023-02-21,40.54873290353775
2023-02-22,57.8266983902427
2023-02-23,58.59489641677955
2023-02-24,66.52168855920736
2023-02-25,39.24036004143039
2023-02-26,49.424250160552525
2023-02-27,54.756871479004516
2023-02-28,55.27297930926055
2023-03-01,56.08160323573734
2023-03-02,62.61723015906838
2023-03-03,57.472800070660725
2023-03-04,48.98423880260003
2023-03-05,52.8449025600115
2023-03-06,52.16568627511256
2023-03-07,58.33563550333501
2023-03-08,56.757522844256044
2023-03-09,55.77262109706182
2023-03-10,55.58946208532454
2023-03-11,56.65986474905745
2023-03-12,48.24444035561876
2023-03-13,52.22073645387481
2023-03-14,55.625024900216935
2023-03-15,53.661073828583994
2023-03-16,53.41896512395266
2023-03-17,57.818144265318594
2023-03-18,53.19175658757273
2023-03-19,50.01451581695888
2023-03-20,52.43020440526942
2023-03-21,53.880763957940175
2023-03-22,53.85555886289609
2023-03-23,52.215567912765636
2023-03-24,52.64485325635216
2023-03-25,52.46725654253835
2023-03-26,50.570608053206385
2023-03-27,47.60433522612513
2023-03-28,47.60005325298974
2023-03-29,50.5577621268486
2023-03-30,61.065161891174874
2023-03-31,55.870954611413225
2023-04-01,50.12845254194574
2023-04-02,50.176449210963135
2023-04-03,54.19778717415002
2023-04-04,50.562807234262834
2023-04-05,60.327876242070516
2023-04-06,49.86055450658267
2023-04-07,47.30996425202706
2023-04-08,53.82303048361383
2023-04-09,48.650837108387115
2023-04-10,47.71839714084082
2023-04-11,56.44753790834022
2023-04-12,53.150950122527505
2023-04-13,58.125730934601066
2023-04-14,52.604016535058264
2023-04-15,50.90499190994397
2023-04-16,58.86754801584456
2023-04-17,55.2156439621116
2023-04-18,64.10688904860189
2023-04-19,53.897916330805415
2023-04-20,57.03146473528035
2023-04-21,52.999231804442765
2023-04-22,50.39112443273767
2023-04-23,52.33511992216926
2023-04-24,53.783378498485675
2023-04-25,57.551079733902995
2023-04-26,55.1926849175776
2023-04-27,55.08422214916956
2023-04-28,50.58742849677329
2023-04-29,50.87770404106723
2023-04-30,52.16672071372393
2023-05-01,56.45519991649474
2023-05-02,53.67976512829843
2023-05-03,53.9141073549289
2023-05-04,53.56238943724066
2023-05-05,52.16477198540977
2023-05-06,50.26664590622099
2023-05-07,49.258223339177604
2023-05-08,50.36422154688364
2023-05-09,54.41876781903741
2023-05-10,51.516600702829066
2023-05-11,54.134874088871804
2023-05-12,48.23244543460832
2023-05-13,49.518711851000845
2023-05-14,48.22743309604151
2023-05-15,52.235802804068356
2023-05-16,45.41736022263267
2023-05-17,49.42198584992947
2023-05-18,48.133912873553584
2023-05-19,44.838854204571305
2023-05-20,49.10521219774808
2023-05-21,53.59694436560519
2023-05-22,55.9696856365033
2023-05-23,55.354553426805694
2023-05-24,53.00273865342867
2023-05-25,53.60620726869708
2023-05-26,53.724184243683624
2023-05-27,50.02016045767644
2023-05-28,51.80855720558428
2023-05-29,39.740490924304524
2023-05-30,44.22685202767469
2023-05-31,49.2802009943227
2023-06-01,50.86090217316227
2023-06-02,49.35458469991169
2023-06-03,53.88317896339171
2023-06-04,55.71240988300353
2023-06-05,81.31669169125065
2023-06-06,90.87714069806995
2023-06-07,71.46478405798244
2023-06-08,74.79551314360118
2023-06-09,62.012898821789484
2023-06-10,56.68103675705955
2023-06-11,52.57872765043882
2023-06-12,52.540989158253915
2023-06-13,51.59781289911697
2023-06-14,46.89926400003715
2023-06-15,45.46591373656602
2023-06-16,42.58708176129941
2023-06-17,32.82757333106509
2023-06-18,50.00964556597785
2023-06-19,52.15868866675932
2023-06-20,44.63771328213427
2023-06-21,53.486462075622256
2023-06-22,50.62264994366109
2023-06-23,44.17901786885165
2023-06-24,48.822303862476986
2023-06-25,33.9678409811089
2023-06-26,48.84634933328469
2023-06-27,46.95523304624348
2023-06-28,48.661099876969885
2023-06-29,47.360442193032696
2023-06-30,48.47508730942942
2023-07-01,35.18346841677918
2023-07-02,49.20889426434432
2023-07-03,52.14916423369771
2023-07-04,55.96277616094308
2023-07-05,51.24173678093805
2023-07-06,57.17097353404907
2023-07-07,56.12954763089746
2023-07-08,36.43967714313693
2023-07-09,46.68927615049145
2023-07-10,50.74718419590348
2023-07-11,47.987805819158666
2023-07-12,44.66709562122622
2023-07-13,44.33009454309898
2023-07-14,46.24694121769298
2023-07-15,29.981517277223986
2023-07-16,39.902977665649495
2023-07-17,46.014931599077855
2023-07-18,40.296924460785846
2023-07-19,43.88018068586463
2023-07-20,44.3383425851069
2023-07-21,38.75196467478091
2023-07-22,29.762450011780402
2023-07-23,41.6985109363171
2023-07-24,42.00772752724775
2023-07-25,45.98243325241285
2023-07-26,41.94484619367428
2023-07-27,46.8555543774891
2023-07-28,42.50277885546238
2023-07-29,44.178853096675326
2023-07-30,46.87901342334696
2023-07-31,46.91448600128472
2023-08-01,44.199719318441
2023-08-02,52.92605904964557
2023-08-03,44.10490872600131
2023-08-04,53.56363911870408
2023-08-05,49.36212645991873
2023-08-06,51.206627740900245
2023-08-07,53.96982102442593
2023-08-08,45.83490316351448
2023-08-09,47.51603496057916
2023-08-10,48.621380705776545
2023-08-11,55.47640561370186
2023-08-12,46.2547791887216
2023-08-13,48.030882726865485
2023-08-14,52.108984992463164
2023-08-15,54.085856395363486
2023-08-16,49.59836963068999
2023-08-17,50.45530737702592
2023-08-18,48.79662410744629
2023-08-19,49.16189713699393
2023-08-20,58.22414471033477
2023-08-21,44.168560495189254
2023-08-22,42.237022090442615
2023-08-23,45.339447610418496
2023-08-24,49.72226429409863
2023-08-25,45.37594477903241
2023-08-26,47.94037556953795
2023-08-27,48.86575204251322
2023-08-28,54.63807786710471
2023-08-29,52.11984837753893
2023-08-30,54.99395915485333
2023-08-31,49.28877824859998
2023-09-01,47.548296688335896
2023-09-02,52.505040413319634
2023-09-03,46.93107290079563
2023-09-04,53.20372460853887
2023-09-05,48.095758966358346
2023-09-06,55.219394367031335
2023-09-07,50.31542907514685
2023-09-08,47.946335194362554
2023-09-09,46.51336876894426
2023-09-10,53.871228353931514
2023-09-11,49.32775008232779
2023-09-12,55.8561894652119
2023-09-13,34.356830237481816
2023-09-14,50.0332949559978
2023-09-15,46.27721493427133
2023-09-16,41.40730851388803
2023-09-17,46.23514852070868
2023-09-18,44.37192657311575
2023-09-19,43.977118501346936
2023-09-20,45.221827335281446
2023-09-21,38.70608026546766
2023-09-22,42.224592604579925
2023-09-23,52.16281279900014
2023-09-24,33.48739508794979
2023-09-25,43.90912083099823
2023-09-26,52.148217021191954
2023-09-27,54.034047258342945
2023-09-28,50.67878124564516
2023-09-29,45.94293114331238
2023-09-30,44.189624258059425
2023-10-01,50.113500034178074
2023-10-02,48.65314647455496
2023-10-03,44.68499999568954
2023-10-04,46.97541748731025
2023-10-05,46.33295796236351
2023-10-06,44.42587597771508
2023-10-07,48.239987507393366
2023-10-08,45.57618107697261
2023-10-09,49.91227226252329
2023-10-10,51.23873370374627
2023-10-11,52.89207451602536
2023-10-12,59.98132429752934
2023-10-13,54.57274652145926
2023-10-14,55.915432261237555
2023-10-15,50.02972913388425
2023-10-16,55.65964064539624
2023-10-17,56.18678483425437
2023-10-18,55.42355112347038
2023-10-19,50.354248577948525
2023-10-20,51.10603789710249
2023-10-21,39.189097701027315
2023-10-22,49.21971012261959
2023-10-23,52.33042791598234
2023-10-24,53.526014769315324
2023-10-25,59.06242527927155
2023-10-26,56.705792669022564
2023-10-27,56.81319734204344
2023-10-28,58.48100140191155
2023-10-29,58.76302452407552
2023-10-30,54.39524441768047
2023-10-31,61.45599910243209
2023-11-01,60.85660659588376
2023-11-02,61.827372440237696
2023-11-03,59.31006325894347
2023-11-04,69.97385723124432
2023-11-05,63.67788590741165
2023-11-06,76.90525692920649
2023-11-07,73.75374194521575
2023-11-08,76.95330934064464
2023-11-09,73.54023097251749
2023-11-10,72.72466221946645
2023-11-11,72.35177428406217
2023-11-12,66.16561255277614
2023-11-13,59.5283251640431
2023-11-14,59.23858414954435
2023-11-15,63.16294857424941
2023-11-16,74.6700093799776
2023-11-17,73.09907547368252
2023-11-18,75.99890156363458
2023-11-19,80.77086034619799
2023-11-20,91.08758008510284
2023-11-21,91.93476973160304
2023-11-22,88.3171929748313
2023-11-23,103.59041365650478
2023-11-24,112.31354973160552
2023-11-25,92.38222827245917
2023-11-26,82.58336780744351
2023-11-27,79.4384351245251
2023-11-28,72.2962664878564
2023-11-29,74.72747110928307
2023-11-30,69.27953974187955
2023-12-01,72.47460889848318
2023-12-02,75.27287459174326
2023-12-03,68.31713976841564
2023-12-04,69.37292611031454
2023-12-05,72.35805552534158
2023-12-06,74.56161435824063
2023-12-07,81.75298296422177
2023-12-08,76.90206270110873
2023-12-09,76.1353143259493
2023-12-10,82.92826817121406
2023-12-11,88.81982996880903
2023-12-12,82.16697310038603
2023-12-13,92.02780464966932
2023-12-14,85.10407052854596
2023-12-15,72.88640871531295
2023-12-16,80.94402853315242
2023-12-17,70.27613265929315
2023-12-18,72.19359092173389
2023-12-19,68.00339708928819
2023-12-20,67.57605731061923
2023-12-21,67.64457307031974
2023-12-22,63.48222311702355
2023-12-23,70.65938334923929
2023-12-24,69.92161570830693
2023-12-25,85.52634092509389
2023-12-26,72.50019647522367
2023-12-27,79.91767067817959
2023-12-28,82.19351330297512
2023-12-29,74.48336976041037
2023-12-30,61.39632797028119
2023-12-31,58.33166079942366
2024-01-01,39.45451443080411
2024-01-02,52.560572398836314
2024-01-03,49.40680017903982
2024-01-04,50.637847955632864
2024-01-05,54.20315283606041
2024-01-06,55.65403598332348
2024-01-07,55.61609286445917
2024-01-08,63.32145543255842
2024-01-09,61.87904626240358
2024-01-10,64.77392305086343
2024-01-11,65.19404634392933
2024-01-12,63.85858357135667
2024-01-13,59.601895328636154
2024-01-14,66.3207559853778
2024-01-15,67.48156765511912
2024-01-16,65.97169399961643
2024-01-17,60.737781979953155
2024-01-18,60.56490288720126
2024-01-19,71.94427799211273
2024-01-20,57.06213726000698
2024-01-21,63.394225051357225
2024-01-22,64.85766257996177
2024-01-23,61.17440741701596
2024-01-24,56.58460657271037
2024-01-25,60.81974498197014
2024-01-26,68.66652714134187
2024-01-27,64.92351806631646
2024-01-28,58.477381474040214
2024-01-29,60.843242212822155
2024-01-30,68.42793661026721
2024-01-31,70.45197366056335
2024-02-01,68.7493639876516
2024-02-02,65.98124084323146
2024-02-03,63.20897771997595
2024-02-04,61.68376554120361
2024-02-05,64.76539420142034
2024-02-06,65.01622878580469
2024-02-07,67.99711783125844
2024-02-08,75.93240075164526
2024-02-09,65.67504551719713
2024-02-10,61.90131750565481
2024-02-11,69.8352061571242
2024-02-12,61.59091485638891
2024-02-13,78.28396745490444
2024-02-14,67.97389985201045
2024-02-15,70.34592149446674
2024-02-16,64.13780719637424
2024-02-17,72.18646472592674
2024-02-18,65.09692792124297
2024-02-19,58.70445222580166
2024-02-20,60.446672565961286
2024-02-21,61.11343354231467
2024-02-22,60.009629094732645
2024-02-23,59.498619848578514
2024-02-24,63.57726569239362
2024-02-25,56.327637690257134
2024-02-26,65.7152081961656
2024-02-27,62.336990580625866
2024-02-28,60.06035088025307
2024-02-29,59.55900728235662
2024-03-01,62.50121434715837
2024-03-02,57.74474790833326
2024-03-03,53.15232697687686
2024-03-04,70.39095202597186
2024-03-05,64.3134840142991
2024-03-06,60.39556029249391
2024-03-07,57.52501114659724
2024-03-08,53.92931611517788
2024-03-09,57.60219496286522
2024-03-10,51.44403844604163
2024-03-11,61.0733354845535
2024-03-12,65.62621013180461
2024-03-13,59.39209870047295
2024-03-14,55.40423994986472
2024-03-15,56.301363440691595
2024-03-16,55.19924562989847
2024-03-17,49.06615467179234
2024-03-18,33.24316364209149
2024-03-19,51.86950778395425
2024-03-20,60.38888821034472
2024-03-21,51.259404096383996
2024-03-22,51.38166023635862
2024-03-23,52.588160332705485
2024-03-24,55.95631879683789
2024-03-25,50.095682954432604
2024-03-26,51.3412453791931
2024-03-27,46.106355949286765
2024-03-28,55.92860879426813
2024-03-29,46.881480879867354
2024-03-30,45.71051488132276
2024-03-31,48.87869030196212
2024-04-01,31.63627784214179
2024-04-02,51.494678817498446
2024-04-03,54.96548138084056
2024-04-04,53.13562730095606
2024-04-05,54.83296362748336
2024-04-06,53.52349332904851
2024-04-07,34.05390414818314
2024-04-08,60.83592228196276
2024-04-09,61.82180388662835
2024-04-10,60.5756446381649
2024-04-11,58.57320818158643
2024-04-12,53.83076874277622
2024-04-13,53.87953320787995
2024-04-14,50.24990150081826
2024-04-15,54.76289829309404
2024-04-16,55.09375831222555
2024-04-17,50.945724747105096
2024-04-18,55.63007877430112
2024-04-19,56.14833694315681
2024-04-20,55.315678826744474
2024-04-21,50.76874379273502
2024-04-22,51.223977521407356
2024-04-23,59.0099853371447
2024-04-24,49.03343822319593
2024-04-25,52.19180085464414
2024-04-26,52.53238899535155
2024-04-27,29.82761609558768
2024-04-28,43.995625127274025
2024-04-29,51.17346617094283
2024-04-30,48.830321229905564
2024-05-01,45.66449485971274
2024-05-02,45.572324521845346
2024-05-03,44.15568455630921
2024-05-04,48.42882709327302
2024-05-05,55.13107276494122
2024-05-06,44.528252348172316
2024-05-07,48.99967027014639
2024-05-08,54.21350326154895
2024-05-09,24.757256788156795
2024-05-10,48.10055064521286
2024-05-11,46.51788826442916
2024-05-12,45.867215334546245
2024-05-13,37.410802444498486
2024-05-14,43.95823921822027
2024-05-15,54.669662504344686
2024-05-16,54.72414712632725
2024-05-17,50.41935405000099
2024-05-18,39.62825870887629
2024-05-19,39.20023216732569
2024-05-20,21.635875140208476
2024-05-21,44.03119996219418
2024-05-22,45.20297062366691
2024-05-23,42.91809819218115
2024-05-24,37.301701767301395
2024-05-25,46.8297006006309
2024-05-26,52.52569906822827
2024-05-27,43.280532128665556
2024-05-28,55.086791917194816
2024-05-29,50.57557628058285
2024-05-30,27.744979752591167
2024-05-31,51.40205796108884
2024-06-01,54.16786282611921
2024-06-02,50.728151468594916
2024-06-03,45.4995365778293
2024-06-04,63.32047494927726
2024-06-05,50.94584185763291
2024-06-06,52.39902153606855
2024-06-07,53.49985022547136
2024-06-08,57.95556027686589
2024-06-09,49.22262730085473
2024-06-10,46.21085372276358
2024-06-11,42.2008808883341
2024-06-12,55.82155139827209
2024-06-13,58.20279326884786
2024-06-14,52.19454137831222
2024-06-15,24.65929105866532
2024-06-16,44.441505685892785
2024-06-17,42.567245088669914
2024-06-18,45.31151859764863
2024-06-19,38.91122608118894
2024-06-20,36.34747334313551
2024-06-21,52.21748779065442
2024-06-22,21.45934156049433
2024-06-23,41.87445825836039
2024-06-24,50.91586329056041
2024-06-25,40.92001226889228
2024-06-26,39.46523839968829
2024-06-27,39.409326838973165
2024-06-28,48.62435379858192
2024-06-29,21.493983636982446
2024-06-30,21.672554432305084
2024-07-01,48.20634034704208
2024-07-02,47.53471596167756
2024-07-03,56.24012056196304
2024-07-04,54.89930463084813
2024-07-05,46.133811045967086
2024-07-06,24.462231964853657
2024-07-07,52.86117704370847
2024-07-08,52.848984082256756
2024-07-09,46.57471139525831
2024-07-10,46.36854760616226
2024-07-11,54.78785111727189
2024-07-12,52.232526591655194
2024-07-13,50.433436776869385
2024-07-14,29.58151703928641
2024-07-15,46.63558501242251
2024-07-16,51.68544184495899
2024-07-17,38.254819801567336
2024-07-18,50.113745520710964
2024-07-19,40.12913332676343
2024-07-20,32.03415235253272
2024-07-21,33.309116431205524
2024-07-22,56.000158113595525
2024-07-23,49.8158636531061
2024-07-24,52.56851854996588
2024-07-25,52.3601524933412
2024-07-26,52.91747188471842
2024-07-27,53.08094828480128
2024-07-28,35.244952543636
2024-07-29,56.73406419771129
2024-07-30,48.1762895492219
2024-07-31,47.96548674250354
2024-08-01,36.70989208751884
2024-08-02,43.627128820942026
2024-08-03,50.88297645608377
2024-08-04,51.78926720000041
2024-08-05,59.81327275764404
2024-08-06,59.51165686876133
2024-08-07,58.72528628886958
2024-08-08,57.60797551414819
2024-08-09,54.77507448913174
2024-08-10,50.6670034839998
2024-08-11,44.36907559199692
2024-08-12,45.72635078235851
2024-08-13,48.10344658056751
2024-08-14,50.22444316663368
2024-08-15,52.95277413084159
2024-08-16,46.69399140795196
2024-08-17,56.53085461005709
2024-08-18,37.24113893781167
2024-08-19,56.53894743850307
2024-08-20,55.835812611017396
2024-08-21,65.59146916988163
2024-08-22,68.40038644544093
2024-08-23,61.31793145240624
2024-08-24,37.60587404158144
2024-08-25,56.18034015609034
2024-08-26,53.16803566758306
2024-08-27,50.01471519152675
2024-08-28,50.107572728803206
2024-08-29,54.15085967368816
2024-08-30,48.31654651852442
2024-08-31,50.270434488283335
2024-09-01,26.58429035401325
2024-09-02,42.36519358032564
2024-09-03,44.925427957923986
2024-09-04,53.11449136452103
2024-09-05,54.668268903132116
2024-09-06,63.43337472831707
2024-09-07,49.27568319292192
2024-09-08,63.99609527612719
2024-09-09,57.755669784058924
2024-09-10,57.4350417728906
2024-09-11,60.90111630581696
2024-09-12,53.00561195557969
2024-09-13,54.98437335208345
2024-09-14,63.34259708678682
2024-09-15,33.5357110929708
2024-09-16,55.50401319007605
2024-09-17,51.998049145136235
2024-09-18,51.62529531041487
2024-09-19,55.864782933437525
2024-09-20,53.76086805489105
2024-09-21,58.55663210378443
2024-09-22,45.3122038882794
2024-09-23,53.42662625384375
2024-09-24,50.527708070507124
2024-09-25,47.45374071530795
2024-09-26,51.026948128043415
2024-09-27,49.96395296456157
2024-09-28,52.139485673662264
2024-09-29,47.05154974282101
2024-09-30,52.614929740012926
2024-10-01,45.675920308455034
2024-10-02,46.44469888540286
2024-10-03,47.48119867249194
2024-10-04,47.30473573721046
2024-10-05,48.907026711544205
2024-10-06,47.5413247959544
2024-10-07,50.283911198724454
2024-10-08,55.84216659066188
2024-10-09,54.10306654788693
2024-10-10,50.40211688001091
2024-10-11,50.558720831201214
2024-10-12,55.280821557010235
2024-10-13,47.30431025223192
2024-10-14,61.4614772789202
2024-10-15,54.05940017246089
2024-10-16,55.56415331077649
2024-10-17,56.52820998358584
2024-10-18,55.32472620177179
2024-10-19,50.58123722218272
2024-10-20,50.94367935540673
2024-10-21,57.21001056738407
2024-10-22,48.59089719887297
2024-10-23,48.98310816845794
2024-10-24,50.728295037036816
2024-10-25,52.41942543863205
2024-10-26,37.83525582710147
2024-10-27,51.566145093584545
2024-10-28,55.54216629282018
2024-10-29,61.481263030892045
2024-10-30,56.32161997070586
2024-10-31,54.17543494910052
2024-11-01,51.1346671950884
2024-11-02,50.39393811713616
2024-11-03,53.40357137221804
2024-11-04,56.49607680139049
2024-11-05,54.24082281750787
2024-11-06,55.05709412704362
2024-11-07,57.39065356786425
2024-11-08,52.28813494020201
2024-11-09,52.09642226176099
2024-11-10,52.78590065081343
2024-11-11,55.41238706692926
2024-11-12,56.55235910608278
2024-11-13,53.71556817124024
2024-11-14,56.64547643036852
2024-11-15,55.71421408728778
2024-11-16,57.33795648310708
2024-11-17,61.3354377786831
2024-11-18,57.90338344459263
2024-11-19,64.98161852314553
2024-11-20,67.64595331276516
2024-11-21,67.26731503252547
2024-11-22,76.01185129816172
2024-11-23,76.9034350550629
2024-11-24,76.58647713194539
2024-11-25,87.69555443308391
2024-11-26,82.36984867984269
2024-11-27,87.00056373091867
2024-11-28,84.56795494312856
2024-11-29,97.0283038922903
2024-11-30,84.5796731819451
2024-12-01,79.65433229044196
2024-12-02,73.3057258238469
2024-12-03,71.5446641124143
2024-12-04,73.4828971101233
2024-12-05,63.04278067384172
2024-12-06,67.0914908272625
2024-12-07,67.96803529869382
2024-12-08,57.29798336999286
2024-12-09,68.0051416611807
2024-12-10,65.91263151830715
2024-12-11,72.92673326143853
2024-12-12,72.17480905405509
2024-12-13,65.30027405988825
2024-12-14,61.04137469627818
2024-12-15,48.13683292943752
2024-12-16,64.56444193183758
2024-12-17,60.07625931568833
2024-12-18,64.67601831807752
2024-12-19,61.999146984250174
2024-12-20,65.37517792268056
2024-12-21,68.76418151952095
2024-12-22,62.22167669216253
2024-12-23,76.51128228938384
2024-12-24,72.042334619593845
2024-12-25,72.8973403698298
2024-12-26,66.91757613688797
2024-12-27,65.21469838572834
2024-12-28,61.43948714413549
2024-12-29,63.16382520161025
2024-12-30,55.72012204324636
2024-12-31,53.35947061991601
2025-01-01,46.1262497570972
2025-01-02,48.107975522769
2025-01-03,60.99276265709418
2025-01-04,59.66316621389795
2025-01-05,53.60383754791582
2025-01-06,66.08842756707894
2025-01-07,62.437017799683986
2025-01-08,69.74271086029574
2025-01-09,62.83901808038957
2025-01-10,61.56926635877076
2025-01-11,64.47369691884248
2025-01-12,60.97766844518756
2025-01-13,54.98128921170499
2025-01-14,56.650130796712375
2025-01-15,52.85378145758225
2025-01-16,57.89277081840692
2025-01-17,55.297150549195976
2025-01-18,41.058623567684954
2025-01-19,45.647067457758304
2025-01-20,57.31878996035299
2025-01-21,59.6720272270122
2025-01-22,56.60845901150691
2025-01-23,56.51410119769369
2025-01-24,47.57174255957995
2025-01-25,45.914220310505655
2025-01-26,53.69375619702535
2025-01-27,54.8261741583006
2025-01-28,60.89315970079046
2025-01-29,52.28919718190274
2025-01-30,58.769378950177654
2025-01-31,52.28075089320387
2025-02-01,51.983878507742645
2025-02-02,52.32974028791766
2025-02-03,58.177566363935455
2025-02-04,45.77247664354207
2025-02-05,54.73847482625794
2025-02-06,57.0247774377854
2025-02-07,56.57936187545169
2025-02-08,52.97372968703626
2025-02-09,62.91993539972848
2025-02-10,53.47843044988265
2025-02-11,52.5985438759798
2025-02-12,53.800552988627565
2025-02-13,55.475405239825406
2025-02-14,51.530306763393426
2025-02-15,40.775569846093425
2025-02-16,57.80752848777083
2025-02-17,59.26937367079278
2025-02-18,48.263974938262756
2025-02-19,56.293645366379025
2025-02-20,62.783898436071276
2025-02-21,49.343044212067845
2025-02-22,49.46553715097588
2025-02-23,52.7575055687743
2025-02-24,38.28799254874755
2025-02-25,48.332664102037064
2025-02-26,39.67837754406472
2025-02-27,53.540476979656475
2025-02-28,47.487195464787405
2025-03-01,42.75955796841518
2025-03-02,50.08195691969812
2025-03-03,53.30188396287743
2025-03-04,51.27483888148281
2025-03-05,52.37119193672732
2025-03-06,49.23701393803725
2025-03-07,63.97935518073118
2025-03-08,53.14257037029264
2025-03-09,42.65721089930229
2025-03-10,47.02365939674666
2025-03-11,47.20331071081523
2025-03-12,52.37894802719085
2025-03-13,34.9838186895608
2025-03-14,43.852459968911376
2025-03-15,42.55548950740702
2025-03-16,39.83322349108815
2025-03-17,42.36222508874124
2025-03-18,46.06738426593973
2025-03-19,46.47366448276823
2025-03-20,41.996040651915926
2025-03-21,37.70292503273667
2025-03-22,41.389806799018004
2025-03-23,43.91693232704992
2025-03-24,41.09134034536473
2025-03-25,48.847000695740036
2025-03-26,47.79897631826261
2025-03-27,45.50581008562845
2025-03-28,46.36015826384575
2025-03-29,38.649394324579454
2025-03-30,49.820441954441606
2025-03-31,45.640951495992866
2025-04-01,45.26482912705422
2025-04-02,46.6072335423012
2025-04-03,46.572932104039275
2025-04-04,52.16238971833075
2025-04-05,47.86842194467518
2025-04-06,30.778476918175187
2025-04-07,50.900018678313984
2025-04-08,50.69549892324988
2025-04-09,56.85281522277085
2025-04-10,52.39639562798421
2025-04-11,54.36426823189498
2025-04-12,47.36441117443631
2025-04-13,38.967363651566586
2025-04-14,48.81824883797087
2025-04-15,50.098206412760284
2025-04-16,50.36109302553108
2025-04-17,37.883886842765506
2025-04-18,34.383137582899366
2025-04-19,43.34715239653467
2025-04-20,37.44676897195461
2025-04-21,55.014981904403285
2025-04-22,61.35997784916845
2025-04-23,58.9622964578592
2025-04-24,56.56605803682182
2025-04-25,57.604238337777716
2025-04-26,41.034318932716076
2025-04-27,46.20565463223851
2025-04-28,45.21557085245855
2025-04-29,51.777343077156
2025-04-30,47.25736691655865
2025-05-01,37.077212822927756
2025-05-02,46.94962702487428
2025-05-03,45.466331753845836
2025-05-04,34.40595838720997
2025-05-05,49.803879373501665
2025-05-06,52.80571000648577
2025-05-07,51.63368356064879
2025-05-08,49.57438032784442
2025-05-09,57.91693600545647
2025-05-10,41.73263635096333
2025-05-11,40.81509622081313
2025-05-12,36.48917734156675
2025-05-13,34.04484565232995
2025-05-14,40.72267128576352
2025-05-15,46.55799010393167
2025-05-16,33.6599245968259
2025-05-17,37.61293536148927
2025-05-18,25.870324940597467
2025-05-19,42.15417432312718
2025-05-20,46.01483443201023
2025-05-21,44.35909866764419
2025-05-22,40.51245500756956
2025-05-23,50.189466429480106
2025-05-24,53.20511651084416
2025-05-25,43.62851192114336
2025-05-26,39.90779438649924
2025-05-27,43.70342986499905
2025-05-28,37.557102928340996
2025-05-29,33.50429102896378
2025-05-30,37.27709337192646
2025-05-31,22.356655800461247
2025-06-01,25.753928179373588
2025-06-02,42.49052742295696
2025-06-03,45.62102370251271
2025-06-04,44.23822190411466
2025-06-05,49.760057255864304
2025-06-06,42.77389797566204
2025-06-07,37.268998411473305
2025-06-08,35.65736262449342
2025-06-09,35.3503108923613
2025-06-10,52.18273948556035
2025-06-11,46.01167495714022
2025-06-12,37.7062991964233
2025-06-13,45.57447934408038
2025-06-14,35.65962798677771
2025-06-15,46.94596775988835
2025-06-16,46.86039428395715
2025-06-17,51.01473517546873
2025-06-18,43.25725309621047
2025-06-19,49.71572126699998
2025-06-20,34.413325667993256
2025-06-21,32.1614586441724
2025-06-22,37.049763642458274
2025-06-23,49.238223944976774
2025-06-24,47.787699895583785
2025-06-25,44.496254386992966
2025-06-26,43.10222133839468
2025-06-27,38.96866639845987
2025-06-28,30.36341261186969
2025-06-29,28.32694746199791
2025-06-30,34.304927537438765
2025-07-01,57.406996750596136
2025-07-02,47.719815137415814
2025-07-03,44.73922969588149
2025-07-04,42.537011746290915
2025-07-05,45.48506970395093
2025-07-06,46.020604705240885
2025-07-07,43.0735581044629
2025-07-08,48.164633109225974
2025-07-09,42.54492031619914
2025-07-10,47.66174174905599
2025-07-11,52.336387459426696
2025-07-12,39.98606057857008
2025-07-13,44.08533263433635
2025-07-14,52.59846804723175
2025-07-15,54.415039846632006
2025-07-16,57.93816635961832
2025-07-17,59.78715009437427
2025-07-18,52.31885908439485
2025-07-19,48.227325688606086
2025-07-20,34.38846270219998
2025-07-21,46.7457938723593
2025-07-22,47.30894960292474
2025-07-23,46.67062555590485
2025-07-24,47.695232039790866
2025-07-25,48.43616568324781
2025-07-26,42.5651286105729
2025-07-27,44.61173422772824
2025-07-28,41.328942303542554
2025-07-29,38.44782088912849
2025-07-30,45.478484430349376
2025-07-31,42.82200356026001
2025-08-01,33.7513305316791
2025-08-02,37.7594285800195
2025-08-03,39.679974291650446
2025-08-04,50.29810810284732
2025-08-05,54.27058466594779
2025-08-06,55.62085733056379
2025-08-07,51.370332036469534
2025-08-08,49.34321575280772
2025-08-09,42.51738683502405
2025-08-10,40.61737186985892
2025-08-11,41.06941303471901
2025-08-12,38.27423999588923
2025-08-13,44.84302810581576
2025-08-14,43.50234299386248
2025-08-15,45.145971186199816
2025-08-16,36.17869122441748
2025-08-17,45.530817596909394
2025-08-18,52.15234470234203
2025-08-19,57.87206349777476
2025-08-20,62.0613995044602
2025-08-21,59.55323211868811
2025-08-22,48.02243154944707
2025-08-23,48.85393593976306
2025-08-24,54.48846681503628
2025-08-25,51.894514108819585
2025-08-26,50.873073358783095
2025-08-27,47.87910362603779
2025-08-28,33.52867300569156
2025-08-29,47.8598909508876
2025-08-30,26.853488702557566
2025-08-31,27.23012131768507
2025-09-01,40.9378318321461
2025-09-02,45.2594760127003
2025-09-03,52.70696305963919
2025-09-04,42.2185791554332
2025-09-05,52.37271100254935
2025-09-06,29.36814903117475
2025-09-07,29.717016474456024
2025-09-08,48.1760425104589
2025-09-09,52.83985867278105
2025-09-10,57.05450144186355
2025-09-11,48.51659343655905
2025-09-12,50.37316668239514
2025-09-13,54.282948376508756
2025-09-14,49.8193475157052
2025-09-15,54.725948513058206
2025-09-16,48.983696638825776
2025-09-17,56.99081483631839
2025-09-18,57.47705746625444
2025-09-19,50.44242452669214
2025-09-20,44.22818881975826
2025-09-21,33.41252302370761
2025-09-22,44.800259820284936
2025-09-23,44.81777617731723
2025-09-24,42.84900399788804
2025-09-25,52.44851158869239
2025-09-26,40.042675918098865
2025-09-27,50.46583829843365
2025-09-28,45.76520747935032
2025-09-29,53.73009183206508
2025-09-30,52.88171389276082
2025-10-01,50.93575100317036
2025-10-02,56.4169750298615
2025-10-03,60.35851771192006
2025-10-04,52.75085168657024
2025-10-05,47.982672538629075
2025-10-06,50.58321676142438
2025-10-07,62.01220709478169
2025-10-08,31.387879443418612
2025-10-09,50.6727664552077
2025-10-10,42.29303106897691
2025-10-11,44.201464533478294
2025-10-12,55.56393956667068
2025-10-13,63.672888670063465
2025-10-14,63.94061179122546
2025-10-15,66.58516811925602
2025-10-16,67.22738943065843
2025-10-17,63.15636206768625
2025-10-18,68.76078161111475
2025-10-19,66.10691153960718
2025-10-20,61.289184009370004
2025-10-21,53.05640810518028
2025-10-22,54.754620310300155
2025-10-23,52.41218868050256
2025-10-24,46.23764503376299
2025-10-25,50.619684956210705
2025-10-26,56.59144018382177
2025-10-27,45.933208783772855
2025-10-28,47.63091374416034
2025-10-29,52.09209134100013
2025-10-30,53.68638243517535
2025-10-31,55.54176432593788
2025-11-01,58.075300654289684
2025-11-02,62.35872009221008
2025-11-03,67.41083194584574
2025-11-04,72.81457256678922
2025-11-05,72.5225191796491
2025-11-06,72.58209456207251
2025-11-07,74.03595781664156
2025-11-08,65.83192248106525
2025-11-09,56.31126135324449
2025-11-10,66.84158815511302
2025-11-11,76.3611890519853
2025-11-12,71.73255938643501
2025-11-13,66.71879927546256
2025-11-14,65.90760876625184
2025-11-15,64.08569235446177
2025-11-16,65.84075008136999
2025-11-17,58.75626154279757
2025-11-18,62.434217821495956
2025-11-19,75.20636435888908
2025-11-20,65.37586450507978
2025-11-21,68.81019131182133
2025-11-22,66.9500127924752
2025-11-23,77.31200183152332
2025-11-24,77.38736382277654
2025-11-25,88.02928077233545
2025-11-26,95.8917161936823
2025-11-27,91.38220636448366
2025-11-28,85.55293774892631
2025-11-29,86.93054476616658
2025-11-30,76.49229138838655
2025-12-01,76.80257852877784
2025-12-02,77.20140249419894
2025-12-03,77.59608247908656
2025-12-04,65.3588582682016
2025-12-05,70.84269477687252
2025-12-06,67.07747661622362
2025-12-07,78.0211928888519
2025-12-08,80.30736460399719
2025-12-09,76.67007562574803
2025-12-10,71.51166438086483
2025-12-11,68.42351221037677
2025-12-12,73.31402068444456
2025-12-13,75.27002455393216
2025-12-14,75.14882129849872
2025-12-15,80.64974907513519
2025-12-16,84.6132153923534
2025-12-17,74.0175665961252
2025-12-18,72.95981300620478
2025-12-19,79.58633844446392
2025-12-20,67.52945277556361
2025-12-21,74.78828764941186
2025-12-22,68.7775082356524
2025-12-23,80.31348350801183
2025-12-24,73.85312323732322
2025-12-25,73.67879936251312
2025-12-26,71.42606887900551
2025-12-27,60.97799839605157
2025-12-28,56.16719864794199
2025-12-29,63.05519257285419
2025-12-30,57.19741681463979
2025-12-31,34.4695753774781
2026-01-01,42.625455059585654
2026-01-02,56.79594471412915
2026-01-03,60.85458358549867
2026-01-04,54.963563097373054
2026-01-05,64.61408781671305
2026-01-06,66.659125719193
2026-01-07,61.4925702472683
2026-01-08,63.98969122710992
2026-01-09,67.87136385273674
2026-01-10,63.35976279140506
2026-01-11,67.39230586387886
2026-01-12,62.64760500358803
2026-01-13,64.2094618495984
2026-01-14,64.38536926905064
2026-01-15,65.74721970859099
2026-01-16,64.8426530378064
2026-01-17,57.03762880603976
2026-01-18,57.71716129381945
2026-01-19,60.047731448535046
2026-01-20,49.45528206994801
2026-01-21,54.64769371690285
2026-01-22,53.03401921667685
2026-01-23,54.090871279347205
2026-01-24,41.94666138117284
2026-01-25,61.18085860942599
2026-01-26,63.38372916110395
2026-01-27,66.76705198898026
2026-01-28,59.30549214143845
2026-01-29,61.75955080586211
2026-01-30,51.028536366395585
2026-01-31,44.00352624786684
2026-02-01,49.257495273644416
2026-02-02,53.05479281505079
2026-02-03,47.09179765728822
2026-02-04,58.05768648438907
2026-02-05,45.10628905127706
2026-02-06,54.4534699689212
2026-02-07,46.19145217799322
2026-02-08,52.98153199679123
2026-02-09,49.86812066430272
2026-02-10,64.89874798029426
2026-02-11,59.49502723755092
2026-02-12,61.86088709504421
2026-02-13,54.11472398295217
2026-02-14,56.510190927407095
2026-02-15,65.24158220582599
2026-02-16,56.14933599618905
2026-02-17,61.09785916245373
2026-02-18,65.49737185869725
2026-02-19,64.16809263193159
2026-02-20,65.18318194118638
2026-02-21,71.22376318550172
2026-02-22,60.721688120562845
2026-02-23,61.688674091386424
2026-02-24,54.82063261303804
2026-02-25,60.940955428165644
2026-02-26,63.45646771513079
2026-02-27,60.9928454757456
2026-02-28,65.61304117596693
2026-03-01,68.28938859223267
2026-03-02,64.421132593936
2026-03-03,58.07813036474495
2026-03-04,60.78041860543956
2026-03-05,64.34930161808676
2026-03-06,66.95998830029694
2026-03-07,60.25789705214131
2026-03-08,50.93307918107979
2026-03-09,49.36381034427297
2026-03-10,53.81054420506069
2026-03-11,56.31573824648463
2026-03-12,46.45838753601321
2026-03-13,65.41022114676089
2026-03-14,46.43265147603161
2026-03-15,57.83379185451564
2026-03-16,58.63555752046475
2026-03-17,60.23047686356537
2026-03-18,48.768791912933516
2026-03-19,43.59331495425958
2026-03-20,57.93125621257101
2026-03-21,46.48266731709356
2026-03-22,49.1948858134553
2026-03-23,46.8617727070361
2026-03-24,46.674123318489706
2026-03-25,47.46141475046892
2026-03-26,52.00829514777807
2026-03-27,49.98170661154989
2026-03-28,48.410924905454785
2026-03-29,65.18197481483806
2026-03-30,57.083761484681105
2026-03-31,54.228227398647185
2026-04-01,60.68490693433162
2026-04-02,55.267823577017474
2026-04-03,52.0831311971024
2026-04-04,59.59280296950104
2026-04-05,49.11736670685712
2026-04-06,56.02324705759179
2026-04-07,62.63529754017778
2026-04-08,58.94272466630579
2026-04-09,63.61636583530947
2026-04-10,61.90039708685845
2026-04-11,34.63481230571229
2026-04-12,45.08807201582813
2026-04-13,65.85671576778341
2026-04-14,69.52422271348749
2026-04-15,60.76225825787709
2026-04-16,71.82960840081095
2026-04-17,63.18903068017028
2026-04-18,44.20434988372715
2026-04-19,64.39779205252981
2026-04-20,55.02421715157153
2026-04-21,54.998756134082406
2026-04-22,57.78485131068706
2026-04-23,54.68417788582101
2026-04-24,60.481711606470036
2026-04-25,37.46850768667954
2026-04-26,44.64135577633571
2026-04-27,52.39396345779581
2026-04-28,46.35532264847983
2026-04-29,53.109853177398776
2026-04-30,46.978865395336115
2026-05-01,42.28280014372261
2026-05-02,35.23799099678872
2026-05-03,34.687974232835764
2026-05-04,49.556629302459655
2026-05-05,53.68171084098667
2026-05-06,49.91214559216498
2026-05-07,61.416532209219426
2026-05-08,46.52718637099346
2026-05-09,47.3195553797187
2026-05-10,48.726109559194555
2026-05-11,42.0814400375074
2026-05-12,55.180222192463006
2026-05-13,50.30468534400112
2026-05-14,52.292144035281666
2026-05-15,34.433602540623255
2026-05-16,51.025648655436314
2026-05-17,49.6666142680869
2026-05-18,45.10125343807454
2026-05-19,53.73436280155561
2026-05-20,52.635085422143696
2026-05-21,46.16938884542285
2026-05-22,42.686207025323924
2026-05-23,44.42689048454959
2026-05-24,34.6000171711177
2026-05-25,38.40954573657107
2026-05-26,42.34592439906253
2026-05-27,43.816903165901536
2026-05-28,41.86486164076673
2026-05-29,38.3978717982639
2026-05-30,29.298517623041914
2026-05-31,41.43238110582562
2026-06-01,44.82724458603236
2026-06-02,40.5526332255984
2026-06-03,37.3694421411039
2026-06-04,29.88143073763575
2026-06-05,43.82116974218482
2026-06-06,32.94576855528472
2026-06-07,24.620231046461694
2026-06-08,30.988331560371016
2026-06-09,39.39999256890933
2026-06-10,26.14743788269816
2026-06-11,40.15560384614508
2026-06-12,41.69202261002145
2026-06-13,23.27634868605474
2026-06-14,22.327739113033296
2026-06-15,48.429393190149845
2026-06-16,45.14716362460065
2026-06-17,33.209667977997924
2026-06-18,27.648885511131446
2026-06-19,25.56328144733117
2026-06-20,22.09905379301089
2026-06-21,20.574800960757244
2026-06-22,34.1961879176961
2026-06-23,36.16111876755706
2026-06-24,41.445504471605005
2026-06-25,33.1518709198983
2026-06-26,32.998231468699444
2026-06-27,35.675340396472755
2026-06-28,22.712139919237178
2026-06-29,39.56154699219311
2026-06-30,36.1249839523876
2026-07-01,39.90323490188637
2026-07-02,42.65106254813667
2026-07-03,29.220209952596466
2026-07-04,27.4806389106516
2026-07-05,27.185222163345667
2026-07-06,34.92390298208887
2026-07-07,31.650775135956938
2026-07-08,39.73561568525061
2026-07-09,38.12546513347371
2026-07-10,50.558309255961696
2026-07-11,27.439097176710845
2026-07-12,32.542936578286515
2026-07-13,40.41235741235934
2026-07-14,42.34544986502492
2026-07-15,39.69944658081233
2026-07-16,37.724268890188476
2026-07-17,32.22025405945392
2026-07-18,42.2845806984332
2026-07-19,24.571650038034736
2026-07-20,50.33562463996368
2026-07-21,56.814651225352584
2026-07-22,35.324244289258736
2026-07-23,51.75265597435932
2026-07-24,33.567942793532296
2026-07-25,35.55559669994733
2026-07-26,22.905771468233326
2026-07-27,43.34293473210107
2026-07-28,29.689638872492047
2026-07-29,38.58532449343369
2026-07-30,44.30260918850916
2026-07-31,35.283115553129846
2026-08-01,21.574444235096095
2026-08-02,34.44670535875324
2026-08-03,38.86391277751926
2026-08-04,50.8236041611463
2026-08-05,42.706028494349425
2026-08-06,40.93695335447996
2026-08-07,35.944675500461834
2026-08-08,46.65990286625236
2026-08-09,24.704358216897734
2026-08-10,45.51356684776188
2026-08-11,39.00450393086024
2026-08-12,37.16153729262575
2026-08-13,41.01785810563155
2026-08-14,43.15237006504487
2026-08-15,51.04235109687194
2026-08-16,26.77782440438675
2026-08-17,45.26192238831794
2026-08-18,43.149367163042115
2026-08-19,47.30897757779299
2026-08-20,49.83186084237133
2026-08-21,45.961633131008305
2026-08-22,27.902864333571806
2026-08-23,27.95870900614498
2026-08-24,42.067181045666246
2026-08-25,40.41666355690561
2026-08-26,43.74449617993893
2026-08-27,40.67293091937167
2026-08-28,42.21682978769279
2026-08-29,33.11217010350778
2026-08-30,34.56889009147349
2026-08-31,42.67835461527207
2026-09-01,48.04949002222485
2026-09-02,49.82792049427553
2026-09-03,45.85507176238656
2026-09-04,41.704956362436334
2026-09-05,31.925764000448446
2026-09-06,41.3683111791562
2026-09-07,41.6675762139127
2026-09-08,43.51002456730162
2026-09-09,44.96086445643984
2026-09-10,50.33275915053169
2026-09-11,37.97149965805536
2026-09-12,30.075860926549666
2026-09-13,35.54907039471875
2026-09-14,40.77946321664198
2026-09-15,43.956093016550895
2026-09-16,46.517762635650755
2026-09-17,51.88014320645836
2026-09-18,47.45154750590872
2026-09-19,35.474659471283246
2026-09-20,34.71547063879202
2026-09-21,42.19168369454397
2026-09-22,43.71148162575144
2026-09-23,43.51988886516148
2026-09-24,43.7353366314879
2026-09-25,42.35141272135527
2026-09-26,36.859589752101755
2026-09-27,39.59634771042899
2026-09-28,45.74101623324982
2026-09-29,41.65435046003048
2026-09-30,40.75785553073429
2026-10-01,43.52486557935398
2026-10-02,40.71444194776638
2026-10-03,34.802155246406535
2026-10-04,34.06671873128901
2026-10-05,38.62763136902191
2026-10-06,36.2857816896529
