time,value,n
2006-01-01,0,1
2006-01-02,0,1
2006-01-03,0,1
2006-01-04,0,1
2006-01-05,0,1
2006-01-06,0,1
2006-01-07,0,1
2006-01-08,0,1
2006-01-09,0,1
2006-01-10,0,1
2006-01-11,0,1
2006-01-12,0,1
2006-01-13,0,1
2006-01-14,0,1
2006-01-15,0,1
2006-01-16,0,2
2006-01-17,0,2
2006-01-18,0,2
2006-01-19,0,2
2006-01-20,35,2
2006-01-21,0,2
2006-01-22,0,2
2006-01-23,0,2
2006-01-24,0,2
2006-01-25,0,2
2006-01-26,0,2
2006-01-27,0,2
2006-01-28,0,2
2006-01-29,0,2
2006-01-30,0,2
2006-01-31,0,3
2006-02-01,0,3
2006-02-02,0,3
2006-02-03,0,3
2006-02-04,0,3
2006-02-05,0,3
2006-02-06,0,3
2006-02-07,0,3
2006-02-08,0,3
2006-02-09,0,3
2006-02-10,0,3
2006-02-11,0,3
2006-02-12,0,3
2006-02-13,0,3
2006-02-14,0,3
2006-02-15,0,4
2006-02-16,0,4
2006-02-17,0,4
2006-02-18,0,4
2006-02-19,0,4
2006-02-20,0,4
2006-02-21,0,4
2006-02-22,0,4
2006-02-23,0,4
2006-02-24,0,4
2006-02-25,0,4
2006-02-26,0,4
2006-02-27,0,4
2006-02-28,0,4
2006-03-01,0,4
2006-03-02,0,5
2006-03-03,0,5
2006-03-04,0,5
2006-03-05,0,5
2006-03-06,0,5
2006-03-07,0,5
2006-03-08,0,5
2006-03-09,0,5
2006-03-10,0,5
2006-03-11,0,5
2006-03-12,0,5
2006-03-13,0,5
2006-03-14,42,5
2006-03-15,0,5
2006-03-16,0,5
2006-03-17,0,6
2006-03-18,0,6
2006-03-19,0,6
2006-03-20,30,6
2006-03-21,35,6
2006-03-22,0,6
2006-03-23,0,6
2006-03-24,0,6
2006-03-25,59,6
2006-03-26,0,6
2006-03-27,31,6
2006-03-28,33,6
2006-03-29,34,6
2006-03-30,0,6
2006-03-31,0,6
2006-04-01,0,7
2006-04-02,0,7
2006-04-03,0,7
2006-04-04,0,7
2006-04-05,37,7
2006-04-06,0,7
2006-04-07,63,7
2006-04-08,0,7
2006-04-09,0,7
2006-04-10,35,7
2006-04-11,30,7
2006-04-12,0,7
2006-04-13,0,7
2006-04-14,0,7
2006-04-15,0,7
2006-04-16,0,8
2006-04-17,100,8
2006-04-18,40,8
2006-04-19,40,8
2006-04-20,0,8
2006-04-21,0,8
2006-04-22,0,8
2006-04-23,0,8
2006-04-24,51,8
2006-04-25,0,8
2006-04-26,32,8
2006-04-27,44,8
2006-04-28,0,8
2006-04-29,0,8
2006-04-30,0,8
2006-05-01,51.333333333333336,9
2006-05-02,55.666666666666664,9
2006-05-03,54.44444444444444,9
2006-05-04,0,9
2006-05-05,35.333333333333336,9
2006-05-06,0,9
2006-05-07,0,9
2006-05-08,37.55555555555556,9
2006-05-09,0,9
2006-05-10,0,9
2006-05-11,0,9
2006-05-12,0,9
2006-05-13,0,9
2006-05-14,0,9
2006-05-15,36.333333333333336,9
2006-05-16,0,10
2006-05-17,0,10
2006-05-18,40.4,10
2006-05-19,0,10
2006-05-20,0,10
2006-05-21,0,10
2006-05-22,37.2,10
2006-05-23,0,10
2006-05-24,0,10
2006-05-25,50.6,10
2006-05-26,0,10
2006-05-27,0,10
2006-05-28,0,10
2006-05-29,0,10
2006-05-30,0,10
2006-05-31,0,11
2006-06-01,0,11
2006-06-02,0,11
2006-06-03,0,11
2006-06-04,0,11
2006-06-05,0,11
2006-06-06,0,11
2006-06-07,38.45454545454545,11
2006-06-08,0,11
2006-06-09,0,11
2006-06-10,0,11
2006-06-11,0,11
2006-06-12,0,11
2006-06-13,0,11
2006-06-14,39.72727272727273,11
2006-06-15,0,12
2006-06-16,0,12
2006-06-17,0,12
2006-06-18,0,12
2006-06-19,0,12
2006-06-20,0,12
2006-06-21,0,12
2006-06-22,0,12
2006-06-23,0,12
2006-06-24,0,12
2006-06-25,0,12
2006-06-26,0,12
2006-06-27,0,12
2006-06-28,37.333333333333336,12
2006-06-29,0,12
2006-06-30,49.61538461538461,13
2006-07-01,0,13
2006-07-02,0,12
2006-07-03,0,12
2006-07-04,0,12
2006-07-05,0,12
2006-07-06,52.833333333333336,12
2006-07-07,0,12
2006-07-08,0,12
2006-07-09,0,12
2006-07-10,0,12
2006-07-11,49.416666666666664,12
2006-07-12,50,12
2006-07-13,58.083333333333336,12
2006-07-14,56.666666666666664,12
2006-07-15,0,13
2006-07-16,0,13
2006-07-17,59,12
2006-07-18,0,12
2006-07-19,0,12
2006-07-20,0,12
2006-07-21,0,12
2006-07-22,0,12
2006-07-23,0,12
2006-07-24,47,12
2006-07-25,51.5,12
2006-07-26,53,12
2006-07-27,0,12
2006-07-28,0,12
2006-07-29,0,12
2006-07-30,0,13
2006-07-31,58.53846153846154,13
2006-08-01,0,12
2006-08-02,0,12
2006-08-03,0,12
2006-08-04,82.58333333333333,12
2006-08-05,0,12
2006-08-06,0,12
2006-08-07,41.083333333333336,12
2006-08-08,45.25,12
2006-08-09,62.333333333333336,12
2006-08-10,0,12
2006-08-11,0,12
2006-08-12,83.75,12
2006-08-13,58.166666666666664,12
2006-08-14,0,13
2006-08-15,0,13
2006-08-16,0,12
2006-08-17,0,12
2006-08-18,47,12
2006-08-19,76.75,12
2006-08-20,0,12
2006-08-21,42.666666666666664,12
2006-08-22,0,12
2006-08-23,42.25,12
2006-08-24,52.083333333333336,12
2006-08-25,0,12
2006-08-26,0,12
2006-08-27,0,12
2006-08-28,48.666666666666664,12
2006-08-29,0,13
2006-08-30,63.61538461538461,13
2006-08-31,0,13
2006-09-01,0,13
2006-09-02,0,13
2006-09-03,0,12
2006-09-04,0,12
2006-09-05,0,12
2006-09-06,0,12
2006-09-07,0,12
2006-09-08,0,12
2006-09-09,0,12
2006-09-10,0,12
2006-09-11,0,12
2006-09-12,0,12
2006-09-13,0,13
2006-09-14,47.07692307692308,13
2006-09-15,0,13
2006-09-16,0,13
2006-09-17,0,13
2006-09-18,0,12
2006-09-19,0,12
2006-09-20,0,12
2006-09-21,0,12
2006-09-22,0,12
2006-09-23,0,12
2006-09-24,0,12
2006-09-25,59.916666666666664,12
2006-09-26,42.75,12
2006-09-27,0,12
2006-09-28,0,13
2006-09-29,58.23076923076923,13
2006-09-30,0,13
2006-10-01,0,13
2006-10-02,49.666666666666664,12
2006-10-03,0,12
2006-10-04,0,12
2006-10-05,0,12
2006-10-06,0,12
2006-10-07,0,12
2006-10-08,73.91666666666667,12
2006-10-09,0,12
2006-10-10,0,12
2006-10-11,0,12
2006-10-12,0,12
2006-10-13,64,13
2006-10-14,0,13
2006-10-15,0,13
2006-10-16,0,13
2006-10-17,0,12
2006-10-18,0,12
2006-10-19,0,12
2006-10-20,0,12
2006-10-21,0,12
2006-10-22,0,12
2006-10-23,0,12
2006-10-24,0,12
2006-10-25,0,12
2006-10-26,0,12
2006-10-27,0,12
2006-10-28,0,13
2006-10-29,0,13
2006-10-30,56.69230769230769,13
2006-10-31,0,13
2006-11-01,0,13
2006-11-02,58.25,12
2006-11-03,49.333333333333336,12
2006-11-04,0,12
2006-11-05,0,12
2006-11-06,0,12
2006-11-07,0,12
2006-11-08,48.333333333333336,12
2006-11-09,0,12
2006-11-10,0,12
2006-11-11,0,12
2006-11-12,0,13
2006-11-13,69.15384615384616,13
2006-11-14,0,13
2006-11-15,0,13
2006-11-16,0,13
2006-11-17,58.833333333333336,12
2006-11-18,0,12
2006-11-19,0,12
2006-11-20,0,12
2006-11-21,0,12
2006-11-22,0,12
2006-11-23,0,12
2006-11-24,0,12
2006-11-25,0,12
2006-11-26,0,12
2006-11-27,0,13
2006-11-28,0,13
2006-11-29,57.92307692307692,13
2006-11-30,0,13
2006-12-01,0,13
2006-12-02,0,12
2006-12-03,82.16666666666667,12
2006-12-04,0,12
2006-12-05,0,12
2006-12-06,0,12
2006-12-07,0,12
2006-12-08,52.5,12
2006-12-09,0,12
2006-12-10,0,12
2006-12-11,0,12
2006-12-12,0,13
2006-12-13,0,13
2006-12-14,0,13
2006-12-15,0,13
2006-12-16,0,12
2006-12-17,0,12
2006-12-18,0,12
2006-12-19,48.916666666666664,12
2006-12-20,0,12
2006-12-21,0,12
2006-12-22,0,12
2006-12-23,0,12
2006-12-24,0,12
2006-12-25,0,12
2006-12-26,77.16666666666667,12
2006-12-27,0,13
2006-12-28,0,13
2006-12-29,0,13
2006-12-30,0,13
2006-12-31,0,12
2007-01-01,0,12
2007-01-02,50.833333333333336,12
2007-01-03,0,12
2007-01-04,0,12
2007-01-05,0,12
2007-01-06,0,12
2007-01-07,0,12
2007-01-08,0,12
2007-01-09,41.666666666666664,12
2007-01-10,0,12
2007-01-11,0,13
2007-01-12,58.61538461538461,13
2007-01-13,0,13
2007-01-14,0,13
2007-01-15,0,13
2007-01-16,0,12
2007-01-17,0,12
2007-01-18,0,12
2007-01-19,0,12
2007-01-20,0,12
2007-01-21,0,12
2007-01-22,0,12
2007-01-23,0,12
2007-01-24,0,12
2007-01-25,0,12
2007-01-26,0,13
2007-01-27,0,13
2007-01-28,0,13
2007-01-29,0,13
2007-01-30,0,13
2007-01-31,0,12
2007-02-01,0,12
2007-02-02,0,12
2007-02-03,0,12
2007-02-04,0,12
2007-02-05,0,12
2007-02-06,44.5,12
2007-02-07,0,12
2007-02-08,52.666666666666664,12
2007-02-09,0,12
2007-02-10,0,13
2007-02-11,0,13
2007-02-12,0,13
2007-02-13,41.38461538461539,13
2007-02-14,0,13
2007-02-15,0,12
2007-02-16,0,12
2007-02-17,0,12
2007-02-18,0,12
2007-02-19,0,12
2007-02-20,0,12
2007-02-21,0,12
2007-02-22,0,12
2007-02-23,0,12
2007-02-24,0,12
2007-02-25,0,13
2007-02-26,0,13
2007-02-27,48.53846153846154,13
2007-02-28,0,13
2007-03-01,0,13
2007-03-02,53.916666666666664,12
2007-03-03,0,12
2007-03-04,0,12
2007-03-05,43.75,12
2007-03-06,59,12
2007-03-07,45.75,12
2007-03-08,48.833333333333336,12
2007-03-09,0,12
2007-03-10,0,12
2007-03-11,77.33333333333333,12
2007-03-12,54.92307692307692,13
2007-03-13,0,13
2007-03-14,70,12
2007-03-15,75,12
2007-03-16,0,12
2007-03-17,100,12
2007-03-18,54,12
2007-03-19,54,12
2007-03-20,0,12
2007-03-21,48,12
2007-03-22,42,12
2007-03-23,47,12
2007-03-24,0,12
2007-03-25,0,12
2007-03-26,52,12
2007-03-27,70.46153846153847,13
2007-03-28,80.53846153846153,13
2007-03-29,45.333333333333336,12
2007-03-30,0,12
2007-03-31,0,12
2007-04-01,70.41666666666667,12
2007-04-02,59.333333333333336,12
2007-04-03,78.5,12
2007-04-04,63.416666666666664,12
2007-04-05,63.416666666666664,12
2007-04-06,0,12
2007-04-07,84.5,12
2007-04-08,0,12
2007-04-09,90.58333333333331,12
2007-04-10,83.58333333333333,12
2007-04-11,70.76923076923077,13
2007-04-12,51.61538461538461,13
2007-04-13,58.76923076923077,13
2007-04-14,0,12
2007-04-15,65.83333333333333,12
2007-04-16,78,12
2007-04-17,69,12
2007-04-18,81,12
2007-04-19,71,12
2007-04-20,69.83333333333333,12
2007-04-21,86.16666666666667,12
2007-04-22,65.83333333333333,12
2007-04-23,47.5,12
2007-04-24,77,12
2007-04-25,61.833333333333336,12
2007-04-26,45.92307692307692,13
2007-04-27,74.38461538461539,13
2007-04-28,0,13
2007-04-29,0,12
2007-04-30,50,12
2007-05-01,94.75,12
2007-05-02,65.25,12
2007-05-03,44,12
2007-05-04,53,12
2007-05-05,0,12
2007-05-06,0,12
2007-05-07,58,12
2007-05-08,38.75,12
2007-05-09,38.75,12
2007-05-10,58,12
2007-05-11,49.76923076923077,13
2007-05-12,79.6923076923077,13
2007-05-13,0,12
2007-05-14,66.41666666666667,12
2007-05-15,53,12
2007-05-16,0,12
2007-05-17,76.58333333333333,12
2007-05-18,53,12
2007-05-19,0,12
2007-05-20,70.58333333333333,12
2007-05-21,51,12
2007-05-22,0,12
2007-05-23,0,12
2007-05-24,56,12
2007-05-25,50.916666666666664,12
2007-05-26,0,13
2007-05-27,0,13
2007-05-28,78.33333333333333,12
2007-05-29,41.25,12
2007-05-30,40.5,12
2007-05-31,64.16666666666667,12
2007-06-01,40.25,12
2007-06-02,0,12
2007-06-03,0,12
2007-06-04,46.416666666666664,12
2007-06-05,0,12
2007-06-06,0,12
2007-06-07,59,12
2007-06-08,58.416666666666664,12
2007-06-09,0,12
2007-06-10,0,13
2007-06-11,86,13
2007-06-12,55.69230769230769,13
2007-06-13,0,12
2007-06-14,0,12
2007-06-15,49.75,12
2007-06-16,0,12
2007-06-17,0,12
2007-06-18,43,12
2007-06-19,0,12
2007-06-20,50.75,12
2007-06-21,44,12
2007-06-22,46.5,12
2007-06-23,0,12
2007-06-24,0,12
2007-06-25,0,13
2007-06-26,0,13
2007-06-27,0,13
2007-06-28,49.083333333333336,12
2007-06-29,0,12
2007-06-30,0,12
2007-07-01,0,12
2007-07-02,51.666666666666664,12
2007-07-03,0,12
2007-07-04,43.75,12
2007-07-05,44.333333333333336,12
2007-07-06,0,12
2007-07-07,0,12
2007-07-08,0,12
2007-07-09,66.33333333333333,12
2007-07-10,0,13
2007-07-11,53.15384615384615,13
2007-07-12,48.916666666666664,12
2007-07-13,64.66666666666667,12
2007-07-14,0,12
2007-07-15,0,12
2007-07-16,48.916666666666664,12
2007-07-17,69.5,12
2007-07-18,0,12
2007-07-19,59,12
2007-07-20,62.666666666666664,12
2007-07-21,83.58333333333333,12
2007-07-22,80.58333333333333,12
2007-07-23,46.916666666666664,12
2007-07-24,51.166666666666664,12
2007-07-25,0,13
2007-07-26,54,13
2007-07-27,56.5,12
2007-07-28,0,12
2007-07-29,0,12
2007-07-30,43.25,12
2007-07-31,79.5,12
2007-08-01,0,12
2007-08-02,91.25,12
2007-08-03,73.75,12
2007-08-04,0,12
2007-08-05,0,12
2007-08-06,67.25,12
2007-08-07,92.5,12
2007-08-08,54.5,12
2007-08-09,0,13
2007-08-10,50.61538461538461,13
2007-08-11,0,12
2007-08-12,0,12
2007-08-13,0,12
2007-08-14,56.083333333333336,12
2007-08-15,54.083333333333336,12
2007-08-16,0,12
2007-08-17,48.416666666666664,12
2007-08-18,0,12
2007-08-19,0,12
2007-08-20,46.583333333333336,12
2007-08-21,51.5,12
2007-08-22,66.66666666666667,12
2007-08-23,43.5,12
2007-08-24,0,13
2007-08-25,0,13
2007-08-26,0,12
2007-08-27,41.083333333333336,12
2007-08-28,47.916666666666664,12
2007-08-29,0,12
2007-08-30,42.833333333333336,12
2007-08-31,0,12
2007-09-01,0,12
2007-09-02,0,12
2007-09-03,51.583333333333336,12
2007-09-04,0,12
2007-09-05,43.083333333333336,12
2007-09-06,0,12
2007-09-07,56.666666666666664,12
2007-09-08,0,13
2007-09-09,0,13
2007-09-10,0,13
2007-09-11,59.15384615384615,13
2007-09-12,49.23076923076923,13
2007-09-13,66.25,12
2007-09-14,53.5,12
2007-09-15,0,12
2007-09-16,0,12
2007-09-17,0,12
2007-09-18,44,12
2007-09-19,54,12
2007-09-20,69.5,12
2007-09-21,52,12
2007-09-22,0,12
2007-09-23,0,13
2007-09-24,45.76923076923077,13
2007-09-25,62.38461538461539,13
2007-09-26,48.53846153846154,13
2007-09-27,0,13
2007-09-28,0,12
2007-09-29,0,12
2007-09-30,0,12
2007-10-01,63.583333333333336,12
2007-10-02,0,12
2007-10-03,0,12
2007-10-04,0,12
2007-10-05,0,12
2007-10-06,0,12
2007-10-07,0,12
2007-10-08,54,13
2007-10-09,0,13
2007-10-10,0,13
2007-10-11,48.61538461538461,13
2007-10-12,0,12
2007-10-13,0,12
2007-10-14,0,12
2007-10-15,0,12
2007-10-16,0,12
2007-10-17,45.416666666666664,12
2007-10-18,47.333333333333336,12
2007-10-19,0,12
2007-10-20,0,12
2007-10-21,0,12
2007-10-22,62.833333333333336,12
2007-10-23,0,13
2007-10-24,56.38461538461539,13
2007-10-25,0,13
2007-10-26,54.38461538461539,13
2007-10-27,0,12
2007-10-28,62.416666666666664,12
2007-10-29,0,12
2007-10-30,0,12
2007-10-31,0,12
2007-11-01,0,12
2007-11-02,0,12
2007-11-03,88.41666666666667,12
2007-11-04,0,12
2007-11-05,43.333333333333336,12
2007-11-06,45.833333333333336,12
2007-11-07,0,13
2007-11-08,0,13
2007-11-09,55.23076923076923,13
2007-11-10,75.53846153846153,13
2007-11-11,0,13
2007-11-12,0,12
2007-11-13,0,12
2007-11-14,32.166666666666664,12
2007-11-15,0,12
2007-11-16,53.416666666666664,12
2007-11-17,0,12
2007-11-18,0,12
2007-11-19,42.5,12
2007-11-20,0,12
2007-11-21,0,12
2007-11-22,0,13
2007-11-23,77,13
2007-11-24,64.46153846153847,13
2007-11-25,0,13
2007-11-26,43.69230769230769,13
2007-11-27,0,12
2007-11-28,60.416666666666664,12
2007-11-29,0,12
2007-11-30,0,12
2007-12-01,0,12
2007-12-02,0,12
2007-12-03,0,12
2007-12-04,55.75,12
2007-12-05,0,12
2007-12-06,0,12
2007-12-07,0,13
2007-12-08,0,13
2007-12-09,65.46153846153847,13
2007-12-10,0,13
2007-12-11,53.416666666666664,12
2007-12-12,57.416666666666664,12
2007-12-13,0,12
2007-12-14,0,12
2007-12-15,88.91666666666667,12
2007-12-16,0,12
2007-12-17,0,12
2007-12-18,41.833333333333336,12
2007-12-19,0,12
2007-12-20,0,12
2007-12-21,56.333333333333336,12
2007-12-22,0,13
2007-12-23,0,13
2007-12-24,0,13
2007-12-25,0,13
2007-12-26,64.91666666666667,12
2007-12-27,62.666666666666664,12
2007-12-28,0,12
2007-12-29,0,12
2007-12-30,0,12
2007-12-31,0,12
2008-01-01,75.5,12
2008-01-02,69.16666666666667,12
2008-01-03,0,12
2008-01-04,0,12
2008-01-05,0,12
2008-01-06,0,13
2008-01-07,0,13
2008-01-08,0,13
2008-01-09,41.61538461538461,13
2008-01-10,0,13
2008-01-11,0,12
2008-01-12,0,12
2008-01-13,0,12
2008-01-14,0,12
2008-01-15,0,12
2008-01-16,51.083333333333336,12
2008-01-17,0,12
2008-01-18,0,12
2008-01-19,0,12
2008-01-20,0,12
2008-01-21,50.92307692307692,13
2008-01-22,0,13
2008-01-23,0,13
2008-01-24,0,13
2008-01-25,0,13
2008-01-26,0,12
2008-01-27,0,12
2008-01-28,0,12
2008-01-29,46.833333333333336,12
2008-01-30,90.91666666666669,12
2008-01-31,0,12
2008-02-01,0,12
2008-02-02,0,12
2008-02-03,0,12
2008-02-04,0,12
2008-02-05,0,13
2008-02-06,0,13
2008-02-07,42.38461538461539,13
2008-02-08,0,13
2008-02-09,0,13
2008-02-10,0,12
2008-02-11,0,12
2008-02-12,45.5,12
2008-02-13,40.333333333333336,12
2008-02-14,0,12
2008-02-15,0,12
2008-02-16,65,12
2008-02-17,0,12
2008-02-18,44.25,12
2008-02-19,0,12
2008-02-20,0,13
2008-02-21,0,13
2008-02-22,44.15384615384615,13
2008-02-23,0,13
2008-02-24,0,13
2008-02-25,38.75,12
2008-02-26,0,12
2008-02-27,0,12
2008-02-28,56,12
2008-02-29,42.75,12
2008-03-01,0,12
2008-03-02,0,12
2008-03-03,40.666666666666664,12
2008-03-04,0,12
2008-03-05,42.833333333333336,12
2008-03-06,0,13
2008-03-07,0,13
2008-03-08,0,13
2008-03-09,0,12
2008-03-10,55.416666666666664,12
2008-03-11,0,12
2008-03-12,0,12
2008-03-13,40.333333333333336,12
2008-03-14,43.333333333333336,12
2008-03-15,92.66666666666669,12
2008-03-16,0,12
2008-03-17,42.333333333333336,12
2008-03-18,51.333333333333336,12
2008-03-19,0,12
2008-03-20,43.25,12
2008-03-21,0,13
2008-03-22,64.38461538461539,13
2008-03-23,58.38461538461539,13
2008-03-24,100,12
2008-03-25,37,12
2008-03-26,43,12
2008-03-27,57,12
2008-03-28,0,12
2008-03-29,0,12
2008-03-30,0,12
2008-03-31,44,12
2008-04-01,57,12
2008-04-02,36,12
2008-04-03,45,12
2008-04-04,0,12
2008-04-05,0,13
2008-04-06,59.15384615384615,13
2008-04-07,56.15384615384615,13
2008-04-08,42.84615384615385,13
2008-04-09,0,12
2008-04-10,51.083333333333336,12
2008-04-11,65.41666666666667,12
2008-04-12,65.41666666666667,12
2008-04-13,0,12
2008-04-14,55.166666666666664,12
2008-04-15,51.083333333333336,12
2008-04-16,0,12
2008-04-17,51.166666666666664,12
2008-04-18,0,12
2008-04-19,0,12
2008-04-20,59.15384615384615,13
2008-04-21,60.30769230769231,13
2008-04-22,60.30769230769231,13
2008-04-23,56.15384615384615,13
2008-04-24,39.583333333333336,12
2008-04-25,0,12
2008-04-26,0,12
2008-04-27,66.66666666666667,12
2008-04-28,41.75,12
2008-04-29,62.416666666666664,12
2008-04-30,57.25,12
2008-05-01,54.166666666666664,12
2008-05-02,69.75,12
2008-05-03,70.83333333333333,12
2008-05-04,0,12
2008-05-05,0,13
2008-05-06,66.53846153846153,13
2008-05-07,74.07692307692308,13
2008-05-08,67.91666666666667,12
2008-05-09,79.66666666666667,12
2008-05-10,0,12
2008-05-11,0,12
2008-05-12,68.91666666666667,12
2008-05-13,74.41666666666667,12
2008-05-14,48.833333333333336,12
2008-05-15,55.166666666666664,12
2008-05-16,0,12
2008-05-17,55.166666666666664,12
2008-05-18,61.416666666666664,12
2008-05-19,38.333333333333336,12
2008-05-20,55.07692307692308,13
2008-05-21,38.76923076923077,13
2008-05-22,54.76923076923077,13
2008-05-23,47.75,12
2008-05-24,0,12
2008-05-25,55.083333333333336,12
2008-05-26,45.416666666666664,12
2008-05-27,0,12
2008-05-28,44.416666666666664,12
2008-05-29,0,12
2008-05-30,0,12
2008-05-31,62.75,12
2008-06-01,0,12
2008-06-02,66.83333333333333,12
2008-06-03,55.083333333333336,12
2008-06-04,52.30769230769231,13
2008-06-05,55.76923076923077,13
2008-06-06,48.92307692307692,13
2008-06-07,68.92307692307692,13
2008-06-08,0,12
2008-06-09,40.833333333333336,12
2008-06-10,43.25,12
2008-06-11,0,12
2008-06-12,0,12
2008-06-13,0,12
2008-06-14,69.33333333333333,12
2008-06-15,0,12
2008-06-16,0,12
2008-06-17,41.833333333333336,12
2008-06-18,0,12
2008-06-19,0,13
2008-06-20,0,13
2008-06-21,0,13
2008-06-22,0,13
2008-06-23,0,12
2008-06-24,55.75,12
2008-06-25,57.666666666666664,12
2008-06-26,0,12
2008-06-27,63.583333333333336,12
2008-06-28,0,12
2008-06-29,0,12
2008-06-30,59.166666666666664,12
2008-07-01,0,12
2008-07-02,0,12
2008-07-03,0,12
2008-07-04,68.23076923076923,13
2008-07-05,0,13
2008-07-06,0,13
2008-07-07,0,12
2008-07-08,49.833333333333336,12
2008-07-09,0,12
2008-07-10,48.833333333333336,12
2008-07-11,0,12
2008-07-12,66.5,12
2008-07-13,0,12
2008-07-14,60.5,12
2008-07-15,0,12
2008-07-16,0,12
2008-07-17,49.833333333333336,12
2008-07-18,0,12
2008-07-19,0,13
2008-07-20,0,13
2008-07-21,0,13
2008-07-22,0,12
2008-07-23,0,12
2008-07-24,0,12
2008-07-25,0,12
2008-07-26,0,12
2008-07-27,0,12
2008-07-28,50.416666666666664,12
2008-07-29,90.08333333333331,12
2008-07-30,0,12
2008-07-31,0,12
2008-08-01,0,12
2008-08-02,0,12
2008-08-03,0,13
2008-08-04,51.46153846153846,13
2008-08-05,0,13
2008-08-06,0,12
2008-08-07,0,12
2008-08-08,0,12
2008-08-09,0,12
2008-08-10,0,12
2008-08-11,43.5,12
2008-08-12,0,12
2008-08-13,83.91666666666667,12
2008-08-14,48.25,12
2008-08-15,70.41666666666667,12
2008-08-16,0,12
2008-08-17,0,12
2008-08-18,61.15384615384615,13
2008-08-19,47.23076923076923,13
2008-08-20,0,13
2008-08-21,0,12
2008-08-22,65.91666666666667,12
2008-08-23,0,12
2008-08-24,0,12
2008-08-25,0,12
2008-08-26,42.5,12
2008-08-27,0,12
2008-08-28,0,12
2008-08-29,0,12
2008-08-30,0,12
2008-08-31,0,12
2008-09-01,0,12
2008-09-02,41.84615384615385,13
2008-09-03,40.46153846153846,13
2008-09-04,55.53846153846154,13
2008-09-05,54.53846153846154,13
2008-09-06,73.53846153846153,13
2008-09-07,0,12
2008-09-08,55.25,12
2008-09-09,48.833333333333336,12
2008-09-10,70.5,12
2008-09-11,0,12
2008-09-12,0,12
2008-09-13,61.583333333333336,12
2008-09-14,0,12
2008-09-15,38.916666666666664,12
2008-09-16,0,12
2008-09-17,0,13
2008-09-18,0,13
2008-09-19,56.84615384615385,13
2008-09-20,0,13
2008-09-21,0,13
2008-09-22,0,12
2008-09-23,0,12
2008-09-24,47.583333333333336,12
2008-09-25,0,12
2008-09-26,49.583333333333336,12
2008-09-27,0,12
2008-09-28,0,12
2008-09-29,87.25,12
2008-09-30,0,12
2008-10-01,43.083333333333336,12
2008-10-02,0,13
2008-10-03,45.30769230769231,13
2008-10-04,0,13
2008-10-05,0,13
2008-10-06,0,12
2008-10-07,55.333333333333336,12
2008-10-08,0,12
2008-10-09,0,12
2008-10-10,0,12
2008-10-11,0,12
2008-10-12,0,12
2008-10-13,78.33333333333333,12
2008-10-14,40.5,12
2008-10-15,0,12
2008-10-16,50.833333333333336,12
2008-10-17,0,13
2008-10-18,0,13
2008-10-19,91.76923076923075,13
2008-10-20,60.38461538461539,13
2008-10-21,0,12
2008-10-22,0,12
2008-10-23,44.25,12
2008-10-24,56,12
2008-10-25,0,12
2008-10-26,0,12
2008-10-27,49.916666666666664,12
2008-10-28,53.083333333333336,12
2008-10-29,57.916666666666664,12
2008-10-30,0,12
2008-10-31,54.75,12
2008-11-01,58.76923076923077,13
2008-11-02,0,13
2008-11-03,0,13
2008-11-04,44.46153846153846,13
2008-11-05,55.92307692307692,13
2008-11-06,0,12
2008-11-07,82,12
2008-11-08,0,12
2008-11-09,0,12
2008-11-10,0,12
2008-11-11,44,12
2008-11-12,0,12
2008-11-13,47.166666666666664,12
2008-11-14,51,12
2008-11-15,0,12
2008-11-16,70.46153846153847,13
2008-11-17,41.61538461538461,13
2008-11-18,44,13
2008-11-19,46.92307692307692,13
2008-11-20,38.46153846153846,13
2008-11-21,61.5,12
2008-11-22,51.583333333333336,12
2008-11-23,0,12
2008-11-24,65.5,12
2008-11-25,0,12
2008-11-26,0,12
2008-11-27,35.166666666666664,12
2008-11-28,0,12
2008-11-29,0,12
2008-11-30,0,12
2008-12-01,38.07692307692308,13
2008-12-02,46.69230769230769,13
2008-12-03,50.38461538461539,13
2008-12-04,43.30769230769231,13
2008-12-05,65,12
2008-12-06,86.83333333333333,12
2008-12-07,0,12
2008-12-08,53.833333333333336,12
2008-12-09,0,12
2008-12-10,40,12
2008-12-11,37.333333333333336,12
2008-12-12,0,12
2008-12-13,0,12
2008-12-14,0,12
2008-12-15,0,12
2008-12-16,0,13
2008-12-17,0,13
2008-12-18,36.53846153846154,13
2008-12-19,0,13
2008-12-20,0,12
2008-12-21,0,12
2008-12-22,0,12
2008-12-23,52.916666666666664,12
2008-12-24,0,12
2008-12-25,0,12
2008-12-26,65.25,12
2008-12-27,0,12
2008-12-28,0,12
2008-12-29,0,12
2008-12-30,0,12
2008-12-31,0,13
2009-01-01,0,13
2009-01-02,59.92307692307692,13
2009-01-03,0,13
2009-01-04,0,13
2009-01-05,0,12
2009-01-06,0,12
2009-01-07,0,12
2009-01-08,0,12
2009-01-09,34.666666666666664,12
2009-01-10,0,12
2009-01-11,0,12
2009-01-12,32.166666666666664,12
2009-01-13,0,12
2009-01-14,31.166666666666668,12
2009-01-15,0,13
2009-01-16,32.61538461538461,13
2009-01-17,0,13
2009-01-18,52.92307692307692,13
2009-01-19,30.615384615384617,13
2009-01-20,0,12
2009-01-21,38,12
2009-01-22,41.833333333333336,12
2009-01-23,34.583333333333336,12
2009-01-24,0,12
2009-01-25,0,12
2009-01-26,0,12
2009-01-27,0,12
2009-01-28,29.916666666666668,12
2009-01-29,0,12
2009-01-30,0,13
2009-01-31,54.53846153846154,13
2009-02-01,0,13
2009-02-02,0,13
2009-02-03,29.076923076923077,13
2009-02-04,0,12
2009-02-05,0,12
2009-02-06,0,12
2009-02-07,55.666666666666664,12
2009-02-08,0,12
2009-02-09,29.333333333333332,12
2009-02-10,0,12
2009-02-11,0,12
2009-02-12,0,12
2009-02-13,0,12
2009-02-14,0,13
2009-02-15,0,13
2009-02-16,32.61538461538461,13
2009-02-17,33.76923076923077,13
2009-02-18,27.692307692307693,13
2009-02-19,0,12
2009-02-20,48.5,12
2009-02-21,39.75,12
2009-02-22,46.5,12
2009-02-23,29.25,12
2009-02-24,36,12
2009-02-25,31.666666666666668,12
2009-02-26,29.416666666666668,12
2009-02-27,29.416666666666668,12
2009-02-28,0,12
2009-03-01,47.07692307692308,13
2009-03-02,53.61538461538461,13
2009-03-03,28.166666666666668,12
2009-03-04,32.333333333333336,12
2009-03-05,28,12
2009-03-06,0,12
2009-03-07,43.166666666666664,12
2009-03-08,45.333333333333336,12
2009-03-09,40,12
2009-03-10,38.833333333333336,12
2009-03-11,31.5,12
2009-03-12,58.333333333333336,12
2009-03-13,0,12
2009-03-14,72.5,12
2009-03-15,48.666666666666664,12
2009-03-16,52.69230769230769,13
2009-03-17,24.846153846153847,13
2009-03-18,47.833333333333336,12
2009-03-19,46.833333333333336,12
2009-03-20,0,12
2009-03-21,46.833333333333336,12
2009-03-22,38.5,12
2009-03-23,62.5,12
2009-03-24,45.833333333333336,12
2009-03-25,32.25,12
2009-03-26,42.666666666666664,12
2009-03-27,33.333333333333336,12
2009-03-28,36.5,12
2009-03-29,0,12
2009-03-30,50,12
2009-03-31,0,13
2009-04-01,40.46153846153846,13
2009-04-02,43.53846153846154,13
2009-04-03,40,12
2009-04-04,0,12
2009-04-05,67,12
2009-04-06,57,12
2009-04-07,53,12
2009-04-08,38,12
2009-04-09,47,12
2009-04-10,91,12
2009-04-11,87,12
2009-04-12,53,12
2009-04-13,100,12
2009-04-14,46,12
2009-04-15,48.69230769230769,13
2009-04-16,35.23076923076923,13
2009-04-17,65.3076923076923,13
2009-04-18,40.583333333333336,12
2009-04-19,39.5,12
2009-04-20,26,12
2009-04-21,47.75,12
2009-04-22,34.333333333333336,12
2009-04-23,49.916666666666664,12
2009-04-24,53.083333333333336,12
2009-04-25,48.916666666666664,12
2009-04-26,0,12
2009-04-27,40.583333333333336,12
2009-04-28,59.25,12
2009-04-29,43.75,12
2009-04-30,40.92307692307692,13
2009-05-01,66.46153846153847,13
2009-05-02,0,12
2009-05-03,55,12
2009-05-04,44.333333333333336,12
2009-05-05,28,12
2009-05-06,39.833333333333336,12
2009-05-07,0,12
2009-05-08,37.833333333333336,12
2009-05-09,0,12
2009-05-10,0,12
2009-05-11,44.166666666666664,12
2009-05-12,54,12
2009-05-13,40,12
2009-05-14,42.166666666666664,12
2009-05-15,67.6923076923077,13
2009-05-16,46.61538461538461,13
2009-05-17,38.25,12
2009-05-18,39.25,12
2009-05-19,44.5,12
2009-05-20,46,12
2009-05-21,52.75,12
2009-05-22,50.25,12
2009-05-23,62.5,12
2009-05-24,59.25,12
2009-05-25,31.5,12
2009-05-26,70.5,12
2009-05-27,52.5,12
2009-05-28,34.75,12
2009-05-29,57,12
2009-05-30,0,13
2009-05-31,66.61538461538461,13
2009-06-01,71.23076923076923,13
2009-06-02,37.333333333333336,12
2009-06-03,42.666666666666664,12
2009-06-04,35,12
2009-06-05,37,12
2009-06-06,44,12
2009-06-07,0,12
2009-06-08,41.666666666666664,12
2009-06-09,48.666666666666664,12
2009-06-10,37,12
2009-06-11,67.33333333333333,12
2009-06-12,35,12
2009-06-13,50.666666666666664,12
2009-06-14,75.53846153846153,13
2009-06-15,44.92307692307692,13
2009-06-16,40.15384615384615,13
2009-06-17,31.416666666666668,12
2009-06-18,0,12
2009-06-19,40.666666666666664,12
2009-06-20,0,12
2009-06-21,0,12
2009-06-22,43.083333333333336,12
2009-06-23,27.583333333333332,12
2009-06-24,0,12
2009-06-25,0,12
2009-06-26,38.25,12
2009-06-27,0,12
2009-06-28,0,12
2009-06-29,0,13
2009-06-30,37.92307692307692,13
2009-07-01,43.84615384615385,13
2009-07-02,0,12
2009-07-03,33.5,12
2009-07-04,60,12
2009-07-05,73.5,12
2009-07-06,42,12
2009-07-07,51,12
2009-07-08,42.5,12
2009-07-09,53.5,12
2009-07-10,66.5,12
2009-07-11,56,12
2009-07-12,0,12
2009-07-13,41,12
2009-07-14,40.53846153846154,13
2009-07-15,40.53846153846154,13
2009-07-16,0,12
2009-07-17,42.666666666666664,12
2009-07-18,55.416666666666664,12
2009-07-19,0,12
2009-07-20,58.916666666666664,12
2009-07-21,0,12
2009-07-22,47.833333333333336,12
2009-07-23,36.666666666666664,12
2009-07-24,79.83333333333333,12
2009-07-25,79.33333333333333,12
2009-07-26,0,12
2009-07-27,54.833333333333336,12
2009-07-28,35.666666666666664,12
2009-07-29,0,13
2009-07-30,59.46153846153846,13
2009-07-31,0,12
2009-08-01,0,12
2009-08-02,59.5,12
2009-08-03,32.666666666666664,12
2009-08-04,50.166666666666664,12
2009-08-05,0,12
2009-08-06,44,12
2009-08-07,0,12
2009-08-08,72.83333333333333,12
2009-08-09,55.333333333333336,12
2009-08-10,52.833333333333336,12
2009-08-11,62,12
2009-08-12,40.833333333333336,12
2009-08-13,33.61538461538461,13
2009-08-14,0,13
2009-08-15,88,12
2009-08-16,0,12
2009-08-17,37.25,12
2009-08-18,59,12
2009-08-19,41.25,12
2009-08-20,36.25,12
2009-08-21,35.25,12
2009-08-22,0,12
2009-08-23,0,12
2009-08-24,48.25,12
2009-08-25,49.5,12
2009-08-26,38.75,12
2009-08-27,38,12
2009-08-28,46.61538461538461,13
2009-08-29,0,13
2009-08-30,0,13
2009-08-31,39.38461538461539,13
2009-09-01,33.38461538461539,13
2009-09-02,35.833333333333336,12
2009-09-03,42.166666666666664,12
2009-09-04,44.666666666666664,12
2009-09-05,0,12
2009-09-06,51,12
2009-09-07,51.833333333333336,12
2009-09-08,52.5,12
2009-09-09,36.833333333333336,12
2009-09-10,40.333333333333336,12
2009-09-11,51.833333333333336,12
2009-09-12,0,13
2009-09-13,0,13
2009-09-14,34.84615384615385,13
2009-09-15,28.53846153846154,13
2009-09-16,37.15384615384615,13
2009-09-17,35.5,12
2009-09-18,38.916666666666664,12
2009-09-19,0,12
2009-09-20,0,12
2009-09-21,44.333333333333336,12
2009-09-22,50.166666666666664,12
2009-09-23,0,12
2009-09-24,30,12
2009-09-25,0,12
2009-09-26,0,12
2009-09-27,0,13
2009-09-28,53.84615384615385,13
2009-09-29,57.76923076923077,13
2009-09-30,0,13
2009-10-01,49.46153846153846,13
2009-10-02,48,12
2009-10-03,67,12
2009-10-04,58,12
2009-10-05,34,12
2009-10-06,48,12
2009-10-07,43.5,12
2009-10-08,43.5,12
2009-10-09,53.5,12
2009-10-10,0,12
2009-10-11,52.5,12
2009-10-12,46.69230769230769,13
2009-10-13,41.23076923076923,13
2009-10-14,55.15384615384615,13
2009-10-15,71.53846153846153,13
2009-10-16,0,12
2009-10-17,0,12
2009-10-18,51.333333333333336,12
2009-10-19,48.75,12
2009-10-20,43.916666666666664,12
2009-10-21,36.916666666666664,12
2009-10-22,0,12
2009-10-23,0,12
2009-10-24,0,12
2009-10-25,0,12
2009-10-26,31.5,12
2009-10-27,49.07692307692308,13
2009-10-28,0,13
2009-10-29,48.07692307692308,13
2009-10-30,40.69230769230769,13
2009-10-31,0,12
2009-11-01,0,12
2009-11-02,38.333333333333336,12
2009-11-03,0,12
2009-11-04,41.333333333333336,12
2009-11-05,0,12
2009-11-06,36.333333333333336,12
2009-11-07,58.333333333333336,12
2009-11-08,57.333333333333336,12
2009-11-09,37.333333333333336,12
2009-11-10,0,12
2009-11-11,34.84615384615385,13
2009-11-12,0,13
2009-11-13,36.84615384615385,13
2009-11-14,0,13
2009-11-15,45.46153846153846,13
2009-11-16,41.75,12
2009-11-17,41,12
2009-11-18,32.25,12
2009-11-19,38.75,12
2009-11-20,29.25,12
2009-11-21,46,12
2009-11-22,0,12
2009-11-23,46,12
2009-11-24,35.5,12
2009-11-25,0,12
2009-11-26,38.30769230769231,13
2009-11-27,52.84615384615385,13
2009-11-28,0,13
2009-11-29,39,13
2009-11-30,46.69230769230769,13
2009-12-01,27.583333333333332,12
2009-12-02,58.083333333333336,12
2009-12-03,62.25,12
2009-12-04,43.916666666666664,12
2009-12-05,41.75,12
2009-12-06,51,12
2009-12-07,48,12
2009-12-08,59.083333333333336,12
2009-12-09,42.916666666666664,12
2009-12-10,46.833333333333336,12
2009-12-11,0,13
2009-12-12,50.46153846153846,13
2009-12-13,72.92307692307692,13
2009-12-14,26.307692307692307,13
2009-12-15,54.916666666666664,12
2009-12-16,40.75,12
2009-12-17,0,12
2009-12-18,34.916666666666664,12
2009-12-19,49.75,12
2009-12-20,44.666666666666664,12
2009-12-21,0,12
2009-12-22,0,12
2009-12-23,0,12
2009-12-24,0,12
2009-12-25,0,12
2009-12-26,0,13
2009-12-27,42.46153846153846,13
2009-12-28,77.07692307692308,13
2009-12-29,51.38461538461539,13
2009-12-30,42.5,12
2009-12-31,56,12
2010-01-01,0,12
2010-01-02,97,12
2010-01-03,43.5,12
2010-01-04,48.5,12
2010-01-05,34,12
2010-01-06,31,12
2010-01-07,38.75,12
2010-01-08,0,12
2010-01-09,44.75,12
2010-01-10,0,13
2010-01-11,0,13
2010-01-12,41.15384615384615,13
2010-01-13,23.076923076923077,13
2010-01-14,29.76923076923077,13
2010-01-15,0,12
2010-01-16,0,12
2010-01-17,0,12
2010-01-18,25,12
2010-01-19,39.333333333333336,12
2010-01-20,29.666666666666668,12
2010-01-21,0,12
2010-01-22,47,12
2010-01-23,0,12
2010-01-24,0,12
2010-01-25,40.07692307692308,13
2010-01-26,28.46153846153846,13
2010-01-27,36.07692307692308,13
2010-01-28,41.69230769230769,13
2010-01-29,28.846153846153847,13
2010-01-30,0,12
2010-01-31,0,12
2010-02-01,30.333333333333332,12
2010-02-02,23.75,12
2010-02-03,39.916666666666664,12
2010-02-04,37.333333333333336,12
2010-02-05,25.75,12
2010-02-06,42.916666666666664,12
2010-02-07,0,12
2010-02-08,24.75,12
2010-02-09,46.23076923076923,13
2010-02-10,38.69230769230769,13
2010-02-11,31.153846153846153,13
2010-02-12,45.23076923076923,13
2010-02-13,44.23076923076923,13
2010-02-14,0,12
2010-02-15,26,12
2010-02-16,31,12
2010-02-17,0,12
2010-02-18,35,12
2010-02-19,42.5,12
2010-02-20,42.5,12
2010-02-21,49.5,12
2010-02-22,39.5,12
2010-02-23,37.5,12
2010-02-24,0,13
2010-02-25,23.384615384615383,13
2010-02-26,37.30769230769231,13
2010-02-27,46.76923076923077,13
2010-02-28,54.23076923076923,13
2010-03-01,52.916666666666664,12
2010-03-02,49.916666666666664,12
2010-03-03,32.083333333333336,12
2010-03-04,51.916666666666664,12
2010-03-05,35.083333333333336,12
2010-03-06,55.916666666666664,12
2010-03-07,42.5,12
2010-03-08,34.666666666666664,12
2010-03-09,52.5,12
2010-03-10,46.916666666666664,12
2010-03-11,34.53846153846154,13
2010-03-12,0,13
2010-03-13,50.333333333333336,12
2010-03-14,45,12
2010-03-15,31.333333333333332,12
2010-03-16,33.333333333333336,12
2010-03-17,53.666666666666664,12
2010-03-18,64.66666666666667,12
2010-03-19,45,12
2010-03-20,69,12
2010-03-21,34.333333333333336,12
2010-03-22,59.666666666666664,12
2010-03-23,72.33333333333333,12
2010-03-24,65,12
2010-03-25,46,12
2010-03-26,70.07692307692308,13
2010-03-27,51.15384615384615,13
2010-03-28,61,12
2010-03-29,43.5,12
2010-03-30,54,12
2010-03-31,40.25,12
2010-04-01,67.25,12
2010-04-02,83.75,12
2010-04-03,50.75,12
2010-04-04,88,12
2010-04-05,69.5,12
2010-04-06,69.5,12
2010-04-07,55.75,12
2010-04-08,56,12
2010-04-09,68.25,12
2010-04-10,90.76923076923075,13
2010-04-11,57.84615384615385,13
2010-04-12,76.3076923076923,13
2010-04-13,57.333333333333336,12
2010-04-14,32.666666666666664,12
2010-04-15,46,12
2010-04-16,46,12
2010-04-17,68.5,12
2010-04-18,45,12
2010-04-19,76.66666666666667,12
2010-04-20,58.333333333333336,12
2010-04-21,48.166666666666664,12
2010-04-22,58.333333333333336,12
2010-04-23,72.66666666666667,12
2010-04-24,78.83333333333333,12
2010-04-25,82.6923076923077,13
2010-04-26,69.53846153846153,13
2010-04-27,37.92307692307692,13
2010-04-28,50.583333333333336,12
2010-04-29,41.5,12
2010-04-30,42.5,12
2010-05-01,76.83333333333333,12
2010-05-02,67.83333333333333,12
2010-05-03,52.583333333333336,12
2010-05-04,36.416666666666664,12
2010-05-05,47.583333333333336,12
2010-05-06,36.416666666666664,12
2010-05-07,64.66666666666667,12
2010-05-08,72.83333333333333,12
2010-05-09,44.5,12
2010-05-10,55.61538461538461,13
2010-05-11,47.53846153846154,13
2010-05-12,43,12
2010-05-13,46,12
2010-05-14,50,12
2010-05-15,68,12
2010-05-16,55,12
2010-05-17,31,12
2010-05-18,40,12
2010-05-19,0,12
2010-05-20,43,12
2010-05-21,47,12
2010-05-22,0,12
2010-05-23,51,12
2010-05-24,100,12
2010-05-25,51.15384615384615,13
2010-05-26,43,13
2010-05-27,37.916666666666664,12
2010-05-28,36.916666666666664,12
2010-05-29,53.333333333333336,12
2010-05-30,48.25,12
2010-05-31,32.833333333333336,12
2010-06-01,36.833333333333336,12
2010-06-02,45.166666666666664,12
2010-06-03,44,12
2010-06-04,57.416666666666664,12
2010-06-05,51.25,12
2010-06-06,0,12
2010-06-07,44.083333333333336,12
2010-06-08,47.166666666666664,12
2010-06-09,38.69230769230769,13
2010-06-10,49.30769230769231,13
2010-06-11,30.23076923076923,13
2010-06-12,50.5,12
2010-06-13,42,12
2010-06-14,36.666666666666664,12
2010-06-15,37.833333333333336,12
2010-06-16,26.333333333333332,12
2010-06-17,0,12
2010-06-18,0,12
2010-06-19,0,12
2010-06-20,42,12
2010-06-21,31.5,12
2010-06-22,24.333333333333332,12
2010-06-23,26.166666666666668,12
2010-06-24,49,13
2010-06-25,47,13
2010-06-26,55.69230769230769,13
2010-06-27,0,12
2010-06-28,48.5,12
2010-06-29,61.25,12
2010-06-30,25.75,12
2010-07-01,28,12
2010-07-02,45,12
2010-07-03,0,12
2010-07-04,58,12
2010-07-05,47.25,12
2010-07-06,39.75,12
2010-07-07,37.75,12
2010-07-08,66.5,12
2010-07-09,32.76923076923077,13
2010-07-10,66.53846153846153,13
2010-07-11,50.666666666666664,12
2010-07-12,54,12
2010-07-13,39.333333333333336,12
2010-07-14,49.666666666666664,12
2010-07-15,47.333333333333336,12
2010-07-16,46.333333333333336,12
2010-07-17,55.333333333333336,12
2010-07-18,72.66666666666667,12
2010-07-19,66,12
2010-07-20,39.333333333333336,12
2010-07-21,50.666666666666664,12
2010-07-22,40.666666666666664,12
2010-07-23,38.333333333333336,12
2010-07-24,55.76923076923077,13
2010-07-25,56.76923076923077,13
2010-07-26,57.666666666666664,12
2010-07-27,69.91666666666667,12
2010-07-28,61.083333333333336,12
2010-07-29,30.333333333333332,12
2010-07-30,38.166666666666664,12
2010-07-31,66.08333333333333,12
2010-08-01,0,12
2010-08-02,65.5,12
2010-08-03,49.416666666666664,12
2010-08-04,47.416666666666664,12
2010-08-05,51.416666666666664,12
2010-08-06,56.25,12
2010-08-07,0,12
2010-08-08,42.07692307692308,13
2010-08-09,42.07692307692308,13
2010-08-10,42.5,12
2010-08-11,40,12
2010-08-12,36.5,12
2010-08-13,44,12
2010-08-14,56,12
2010-08-15,40.5,12
2010-08-16,49.5,12
2010-08-17,33.5,12
2010-08-18,37,12
2010-08-19,0,12
2010-08-20,39.5,12
2010-08-21,88.5,12
2010-08-22,0,12
2010-08-23,50.23076923076923,13
2010-08-24,0,13
2010-08-25,0,12
2010-08-26,48.25,12
2010-08-27,26.666666666666668,12
2010-08-28,65.25,12
2010-08-29,0,12
2010-08-30,60.583333333333336,12
2010-08-31,25.166666666666668,12
2010-09-01,57,12
2010-09-02,47.166666666666664,12
2010-09-03,40,12
2010-09-04,0,12
2010-09-05,59.583333333333336,12
2010-09-06,64.66666666666667,12
2010-09-07,41.46153846153846,13
2010-09-08,50.30769230769231,13
2010-09-09,38.46153846153846,13
2010-09-10,43.23076923076923,13
2010-09-11,49.30769230769231,13
2010-09-12,46.333333333333336,12
2010-09-13,38,12
2010-09-14,43.666666666666664,12
2010-09-15,47.833333333333336,12
2010-09-16,41,12
2010-09-17,30.5,12
2010-09-18,55.833333333333336,12
2010-09-19,0,12
2010-09-20,43.666666666666664,12
2010-09-21,61.5,12
2010-09-22,46.61538461538461,13
2010-09-23,58.23076923076923,13
2010-09-24,26,13
2010-09-25,40.30769230769231,13
2010-09-26,0,13
2010-09-27,60.833333333333336,12
2010-09-28,50.583333333333336,12
2010-09-29,62.833333333333336,12
2010-09-30,62.833333333333336,12
2010-10-01,49.416666666666664,12
2010-10-02,47.416666666666664,12
2010-10-03,40.916666666666664,12
2010-10-04,55.083333333333336,12
2010-10-05,72.58333333333333,12
2010-10-06,55.916666666666664,12
2010-10-07,48.84615384615385,13
2010-10-08,50.84615384615385,13
2010-10-09,46.92307692307692,13
2010-10-10,48.69230769230769,13
2010-10-11,49.666666666666664,12
2010-10-12,41.833333333333336,12
2010-10-13,50.333333333333336,12
2010-10-14,43,12
2010-10-15,68.16666666666667,12
2010-10-16,92.5,12
2010-10-17,37,12
2010-10-18,41.166666666666664,12
2010-10-19,34.166666666666664,12
2010-10-20,47.833333333333336,12
2010-10-21,52.666666666666664,12
2010-10-22,42.38461538461539,13
2010-10-23,40.46153846153846,13
2010-10-24,46.38461538461539,13
2010-10-25,66.3076923076923,13
2010-10-26,48.833333333333336,12
2010-10-27,43.083333333333336,12
2010-10-28,0,12
2010-10-29,46.166666666666664,12
2010-10-30,39.25,12
2010-10-31,44.083333333333336,12
2010-11-01,58.75,12
2010-11-02,40.25,12
2010-11-03,65.41666666666667,12
2010-11-04,0,12
2010-11-05,46,12
2010-11-06,0,13
2010-11-07,59.15384615384615,13
2010-11-08,57.23076923076923,13
2010-11-09,44.53846153846154,13
2010-11-10,32.61538461538461,13
2010-11-11,42.333333333333336,12
2010-11-12,40.166666666666664,12
2010-11-13,55.166666666666664,12
2010-11-14,0,12
2010-11-15,57.166666666666664,12
2010-11-16,56.166666666666664,12
2010-11-17,48,12
2010-11-18,42.166666666666664,12
2010-11-19,35.5,12
2010-11-20,55.5,12
2010-11-21,47.61538461538461,13
2010-11-22,49.76923076923077,13
2010-11-23,64.3076923076923,13
2010-11-24,52.76923076923077,13
2010-11-25,41.07692307692308,13
2010-11-26,47.5,12
2010-11-27,42.583333333333336,12
2010-11-28,42.166666666666664,12
2010-11-29,46.5,12
2010-11-30,50.5,12
2010-12-01,37,12
2010-12-02,33.25,12
2010-12-03,26.916666666666668,12
2010-12-04,62.166666666666664,12
2010-12-05,36.833333333333336,12
2010-12-06,29.923076923076923,13
2010-12-07,50.15384615384615,13
2010-12-08,46.46153846153846,13
2010-12-09,0,13
2010-12-10,47.833333333333336,12
2010-12-11,0,12
2010-12-12,36.5,12
2010-12-13,24,12
2010-12-14,46.666666666666664,12
2010-12-15,32.833333333333336,12
2010-12-16,0,12
2010-12-17,0,12
2010-12-18,47.333333333333336,12
2010-12-19,38.5,12
2010-12-20,36.5,12
2010-12-21,29.923076923076923,13
2010-12-22,0,13
2010-12-23,0,13
2010-12-24,0,13
2010-12-25,0,12
2010-12-26,59.5,12
2010-12-27,44.583333333333336,12
2010-12-28,59.916666666666664,12
2010-12-29,42.75,12
2010-12-30,49.333333333333336,12
2010-12-31,0,12
2011-01-01,0,12
2011-01-02,33.416666666666664,12
2011-01-03,52.5,12
2011-01-04,35.666666666666664,12
2011-01-05,33.38461538461539,13
2011-01-06,36.69230769230769,13
2011-01-07,43.23076923076923,13
2011-01-08,0,13
2011-01-09,41.23076923076923,13
2011-01-10,36.333333333333336,12
2011-01-11,48.666666666666664,12
2011-01-12,45,12
2011-01-13,26.666666666666668,12
2011-01-14,34.5,12
2011-01-15,45.166666666666664,12
2011-01-16,25.333333333333332,12
2011-01-17,40,12
2011-01-18,36.5,12
2011-01-19,34.5,12
2011-01-20,31.76923076923077,13
2011-01-21,29.46153846153846,13
2011-01-22,48.15384615384615,13
2011-01-23,28.307692307692307,13
2011-01-24,44.69230769230769,13
2011-01-25,32.583333333333336,12
2011-01-26,43.416666666666664,12
2011-01-27,49,12
2011-01-28,30.583333333333332,12
2011-01-29,47.833333333333336,12
2011-01-30,34.583333333333336,12
2011-01-31,41.25,12
2011-02-01,41.416666666666664,12
2011-02-02,39.416666666666664,12
2011-02-03,26.166666666666668,12
2011-02-04,39.76923076923077,13
2011-02-05,49.92307692307692,13
2011-02-06,43.30769230769231,13
2011-02-07,49.92307692307692,13
2011-02-08,31.384615384615383,13
2011-02-09,42.833333333333336,12
2011-02-10,30.166666666666668,12
2011-02-11,50.666666666666664,12
2011-02-12,36.5,12
2011-02-13,27.833333333333332,12
2011-02-14,36.5,12
2011-02-15,35.5,12
2011-02-16,0,12
2011-02-17,19.5,12
2011-02-18,44,12
2011-02-19,60.69230769230769,13
2011-02-20,24.692307692307693,13
2011-02-21,34,13
2011-02-22,27.692307692307693,13
2011-02-23,40.46153846153846,13
2011-02-24,41.083333333333336,12
2011-02-25,42.333333333333336,12
2011-02-26,51.416666666666664,12
2011-02-27,26.333333333333332,12
2011-02-28,33.833333333333336,12
2011-03-01,35.833333333333336,12
2011-03-02,38.833333333333336,12
2011-03-03,45.416666666666664,12
2011-03-04,59.166666666666664,12
2011-03-05,52.833333333333336,12
2011-03-06,41.92307692307692,13
2011-03-07,48.23076923076923,13
2011-03-08,61,12
2011-03-09,39.333333333333336,12
2011-03-10,57.833333333333336,12
2011-03-11,50.666666666666664,12
2011-03-12,85.83333333333333,12
2011-03-13,42.5,12
2011-03-14,61,12
2011-03-15,51.666666666666664,12
2011-03-16,44.5,12
2011-03-17,38.333333333333336,12
2011-03-18,49.666666666666664,12
2011-03-19,83.83333333333333,12
2011-03-20,73.5,12
2011-03-21,75.3076923076923,13
2011-03-22,39.07692307692308,13
2011-03-23,51.916666666666664,12
2011-03-24,43.75,12
2011-03-25,63.083333333333336,12
2011-03-26,69.16666666666667,12
2011-03-27,73.16666666666667,12
2011-03-28,71.16666666666667,12
2011-03-29,69.16666666666667,12
2011-03-30,51.916666666666664,12
2011-03-31,67.08333333333333,12
2011-04-01,66.08333333333333,12
2011-04-02,56.916666666666664,12
2011-04-03,73.16666666666667,12
2011-04-04,75.25,12
2011-04-05,66,13
2011-04-06,60.92307692307692,13
2011-04-07,67.07692307692308,13
2011-04-08,96,12
2011-04-09,100,12
2011-04-10,75,12
2011-04-11,55,12
2011-04-12,54,12
2011-04-13,56,12
2011-04-14,54,12
2011-04-15,72,12
2011-04-16,91,12
2011-04-17,69,12
2011-04-18,72,12
2011-04-19,62,12
2011-04-20,65.15384615384616,13
2011-04-21,68.15384615384616,13
2011-04-22,83.23076923076923,13
2011-04-23,88.25,12
2011-04-24,72.25,12
2011-04-25,97.25,12
2011-04-26,87.25,12
2011-04-27,77.25,12
2011-04-28,49.083333333333336,12
2011-04-29,65.16666666666667,12
2011-04-30,74.25,12
2011-05-01,50.083333333333336,12
2011-05-02,59.166666666666664,12
2011-05-03,64.16666666666667,12
2011-05-04,57.166666666666664,12
2011-05-05,55.84615384615385,13
2011-05-06,54.84615384615385,13
2011-05-07,53.916666666666664,12
2011-05-08,54.916666666666664,12
2011-05-09,72.08333333333333,12
2011-05-10,67.08333333333333,12
2011-05-11,50.916666666666664,12
2011-05-12,33.583333333333336,12
2011-05-13,35.666666666666664,12
2011-05-14,77.33333333333333,12
2011-05-15,43.666666666666664,12
2011-05-16,62,12
2011-05-17,44.666666666666664,12
2011-05-18,41.75,12
2011-05-19,52.916666666666664,12
2011-05-20,67.92307692307692,13
2011-05-21,63.69230769230769,13
2011-05-22,33.916666666666664,12
2011-05-23,64.83333333333333,12
2011-05-24,61.833333333333336,12
2011-05-25,38.083333333333336,12
2011-05-26,48.5,12
2011-05-27,52.5,12
2011-05-28,71.25,12
2011-05-29,52.666666666666664,12
2011-05-30,54.666666666666664,12
2011-05-31,48.5,12
2011-06-01,63.833333333333336,12
2011-06-02,71,12
2011-06-03,70.08333333333333,12
2011-06-04,57.23076923076923,13
2011-06-05,39.46153846153846,13
2011-06-06,58.23076923076923,13
2011-06-07,60.416666666666664,12
2011-06-08,48.166666666666664,12
2011-06-09,34.583333333333336,12
2011-06-10,55.416666666666664,12
2011-06-11,52.416666666666664,12
2011-06-12,76.25,12
2011-06-13,70,12
2011-06-14,43.916666666666664,12
2011-06-15,46.833333333333336,12
2011-06-16,66,12
2011-06-17,45.833333333333336,12
2011-06-18,62.75,12
2011-06-19,40.92307692307692,13
2011-06-20,49.61538461538461,13
2011-06-21,35.61538461538461,13
2011-06-22,55.166666666666664,12
2011-06-23,65.5,12
2011-06-24,55.166666666666664,12
2011-06-25,41.5,12
2011-06-26,38.083333333333336,12
2011-06-27,52.75,12
2011-06-28,52.75,12
2011-06-29,41.5,12
2011-06-30,54.833333333333336,12
2011-07-01,60.5,12
2011-07-02,40.083333333333336,12
2011-07-03,49.833333333333336,12
2011-07-04,48.76923076923077,13
2011-07-05,54.23076923076923,13
2011-07-06,40.083333333333336,12
2011-07-07,52.5,12
2011-07-08,49,12
2011-07-09,78.16666666666667,12
2011-07-10,44,12
2011-07-11,44.083333333333336,12
2011-07-12,36.166666666666664,12
2011-07-13,51.5,12
2011-07-14,55.5,12
2011-07-15,41.083333333333336,12
2011-07-16,55.916666666666664,12
2011-07-17,61.916666666666664,12
2011-07-18,54.916666666666664,12
2011-07-19,71.23076923076923,13
2011-07-20,46.38461538461539,13
2011-07-21,63.166666666666664,12
2011-07-22,80.25,12
2011-07-23,59.666666666666664,12
2011-07-24,57.666666666666664,12
2011-07-25,60.666666666666664,12
2011-07-26,44.583333333333336,12
2011-07-27,57.083333333333336,12
2011-07-28,41.666666666666664,12
2011-07-29,54.166666666666664,12
2011-07-30,64.16666666666667,12
2011-07-31,51.166666666666664,12
2011-08-01,66.16666666666667,12
2011-08-02,63.166666666666664,12
2011-08-03,74.07692307692308,13
2011-08-04,68.53846153846153,13
2011-08-05,52.833333333333336,12
2011-08-06,78.16666666666667,12
2011-08-07,46.166666666666664,12
2011-08-08,64,12
2011-08-09,61.333333333333336,12
2011-08-10,45.166666666666664,12
2011-08-11,67,12
2011-08-12,94.41666666666669,12
2011-08-13,53.833333333333336,12
2011-08-14,84.83333333333333,12
2011-08-15,90.41666666666669,12
2011-08-16,48.166666666666664,12
2011-08-17,68,12
2011-08-18,47.38461538461539,13
2011-08-19,69.92307692307692,13
2011-08-20,94.66666666666669,12
2011-08-21,47.75,12
2011-08-22,63.833333333333336,12
2011-08-23,56.5,12
2011-08-24,54.583333333333336,12
2011-08-25,66,12
2011-08-26,48.5,12
2011-08-27,58.25,12
2011-08-28,50.583333333333336,12
2011-08-29,43.166666666666664,12
2011-08-30,64.91666666666667,12
2011-08-31,55.583333333333336,12
2011-09-01,60.166666666666664,12
2011-09-02,49.30769230769231,13
2011-09-03,70,13
2011-09-04,50.84615384615385,13
2011-09-05,56.92307692307692,13
2011-09-06,60.53846153846154,13
2011-09-07,51.666666666666664,12
2011-09-08,49.583333333333336,12
2011-09-09,43.833333333333336,12
2011-09-10,47.75,12
2011-09-11,47.5,12
2011-09-12,46.666666666666664,12
2011-09-13,47.666666666666664,12
2011-09-14,49.75,12
2011-09-15,45.583333333333336,12
2011-09-16,55.25,12
2011-09-17,55.38461538461539,13
2011-09-18,37.76923076923077,13
2011-09-19,64.76923076923077,13
2011-09-20,46.38461538461539,13
2011-09-21,45.38461538461539,13
2011-09-22,39.333333333333336,12
2011-09-23,63.333333333333336,12
2011-09-24,49.75,12
2011-09-25,44.833333333333336,12
2011-09-26,59.916666666666664,12
2011-09-27,54.916666666666664,12
2011-09-28,42.25,12
2011-09-29,45.833333333333336,12
2011-09-30,64.5,12
2011-10-01,48.916666666666664,12
2011-10-02,55.61538461538461,13
2011-10-03,46.07692307692308,13
2011-10-04,52,13
2011-10-05,57.84615384615385,13
2011-10-06,50.666666666666664,12
2011-10-07,50.583333333333336,12
2011-10-08,90.33333333333331,12
2011-10-09,49.583333333333336,12
2011-10-10,65.16666666666667,12
2011-10-11,49.833333333333336,12
2011-10-12,55.5,12
2011-10-13,49.583333333333336,12
2011-10-14,66.08333333333333,12
2011-10-15,78.75,12
2011-10-16,30.333333333333332,12
2011-10-17,48.53846153846154,13
2011-10-18,53.23076923076923,13
2011-10-19,72.3076923076923,13
2011-10-20,44.84615384615385,13
2011-10-21,50.833333333333336,12
2011-10-22,50.833333333333336,12
2011-10-23,43.083333333333336,12
2011-10-24,55.5,12
2011-10-25,42.166666666666664,12
2011-10-26,55.333333333333336,12
2011-10-27,22.083333333333332,12
2011-10-28,44.083333333333336,12
2011-10-29,52.5,12
2011-10-30,54.416666666666664,12
2011-10-31,72.66666666666667,12
2011-11-01,56.84615384615385,13
2011-11-02,52.46153846153846,13
2011-11-03,42.15384615384615,13
2011-11-04,34.76923076923077,13
2011-11-05,73.07692307692308,13
2011-11-06,66.91666666666667,12
2011-11-07,43.666666666666664,12
2011-11-08,42.666666666666664,12
2011-11-09,48.25,12
2011-11-10,48.25,12
2011-11-11,53.083333333333336,12
2011-11-12,52.75,12
2011-11-13,50.083333333333336,12
2011-11-14,50.416666666666664,12
2011-11-15,37.333333333333336,12
2011-11-16,47.30769230769231,13
2011-11-17,49.38461538461539,13
2011-11-18,70.38461538461539,13
2011-11-19,79.46153846153847,13
2011-11-20,43.61538461538461,13
2011-11-21,73.16666666666667,12
2011-11-22,38,12
2011-11-23,58.583333333333336,12
2011-11-24,59.75,12
2011-11-25,40.583333333333336,12
2011-11-26,72.5,12
2011-11-27,46,12
2011-11-28,54.166666666666664,12
2011-11-29,51.833333333333336,12
2011-11-30,51.833333333333336,12
2011-12-01,48.69230769230769,13
2011-12-02,51.84615384615385,13
2011-12-03,75,13
2011-12-04,57.69230769230769,13
2011-12-05,54.583333333333336,12
2011-12-06,48.333333333333336,12
2011-12-07,42.5,12
2011-12-08,60.583333333333336,12
2011-12-09,45.666666666666664,12
2011-12-10,59.166666666666664,12
2011-12-11,49.416666666666664,12
2011-12-12,46.583333333333336,12
2011-12-13,39.916666666666664,12
2011-12-14,40.416666666666664,12
2011-12-15,34.25,12
2011-12-16,38.30769230769231,13
2011-12-17,61.69230769230769,13
2011-12-18,47.61538461538461,13
2011-12-19,37.38461538461539,13
2011-12-20,46.333333333333336,12
2011-12-21,51.75,12
2011-12-22,38.833333333333336,12
2011-12-23,42.75,12
2011-12-24,35.583333333333336,12
2011-12-25,38.166666666666664,12
2011-12-26,82.08333333333333,12
2011-12-27,67.91666666666667,12
2011-12-28,48,12
2011-12-29,50.333333333333336,12
2011-12-30,56.5,12
2011-12-31,42.23076923076923,13
2012-01-01,56.61538461538461,13
2012-01-02,79,13
2012-01-03,44.92307692307692,13
2012-01-04,41.23076923076923,13
2012-01-05,37.083333333333336,12
2012-01-06,50.416666666666664,12
2012-01-07,57.583333333333336,12
2012-01-08,24.833333333333332,12
2012-01-09,43.916666666666664,12
2012-01-10,28.916666666666668,12
2012-01-11,47.5,12
2012-01-12,39.25,12
2012-01-13,47.916666666666664,12
2012-01-14,48,12
2012-01-15,44.53846153846154,13
2012-01-16,40.15384615384615,13
2012-01-17,29.76923076923077,13
2012-01-18,36.61538461538461,13
2012-01-19,34.23076923076923,13
2012-01-20,39.083333333333336,12
2012-01-21,43.916666666666664,12
2012-01-22,29,12
2012-01-23,40.333333333333336,12
2012-01-24,22.166666666666668,12
2012-01-25,42.666666666666664,12
2012-01-26,25.083333333333332,12
2012-01-27,44.083333333333336,12
2012-01-28,46.166666666666664,12
2012-01-29,33.583333333333336,12
2012-01-30,35.30769230769231,13
2012-01-31,41.07692307692308,13
2012-02-01,47,13
2012-02-02,42.30769230769231,13
2012-02-03,33,13
2012-02-04,43.666666666666664,12
2012-02-05,31.333333333333332,12
2012-02-06,33.333333333333336,12
2012-02-07,35.75,12
2012-02-08,26.916666666666668,12
2012-02-09,30.083333333333332,12
2012-02-10,35.583333333333336,12
2012-02-11,32.333333333333336,12
2012-02-12,32.666666666666664,12
2012-02-13,39,12
2012-02-14,26.692307692307693,13
2012-02-15,27.846153846153847,13
2012-02-16,36.53846153846154,13
2012-02-17,28.846153846153847,13
2012-02-18,54.23076923076923,13
2012-02-19,39,12
2012-02-20,37.75,12
2012-02-21,31.25,12
2012-02-22,36.75,12
2012-02-23,22.833333333333332,12
2012-02-24,41.083333333333336,12
2012-02-25,49.75,12
2012-02-26,30.25,12
2012-02-27,45.416666666666664,12
2012-02-28,60.416666666666664,12
2012-02-29,48.30769230769231,13
2012-03-01,54.92307692307692,13
2012-03-02,36.53846153846154,13
2012-03-03,46.916666666666664,12
2012-03-04,62.333333333333336,12
2012-03-05,51,12
2012-03-06,48.833333333333336,12
2012-03-07,49.833333333333336,12
2012-03-08,44.666666666666664,12
2012-03-09,44.583333333333336,12
2012-03-10,72.91666666666667,12
2012-03-11,50.833333333333336,12
2012-03-12,65.58333333333333,12
2012-03-13,57.25,12
2012-03-14,55.083333333333336,12
2012-03-15,56.92307692307692,13
2012-03-16,76.61538461538461,13
2012-03-17,47.76923076923077,13
2012-03-18,64.58333333333333,12
2012-03-19,61.583333333333336,12
2012-03-20,56.583333333333336,12
2012-03-21,48.5,12
2012-03-22,51.5,12
2012-03-23,57.5,12
2012-03-24,90.83333333333331,12
2012-03-25,53.583333333333336,12
2012-03-26,63.666666666666664,12
2012-03-27,54.583333333333336,12
2012-03-28,52.5,12
2012-03-29,70.66666666666667,12
2012-03-30,60.53846153846154,13
2012-03-31,88.76923076923077,13
2012-04-01,68.61538461538461,13
2012-04-02,62.61538461538461,13
2012-04-03,61,12
2012-04-04,54,12
2012-04-05,67,12
2012-04-06,96,12
2012-04-07,79,12
2012-04-08,76,12
2012-04-09,100,12
2012-04-10,71,12
2012-04-11,69,12
2012-04-12,63,12
2012-04-13,50,12
2012-04-14,61.07692307692308,13
2012-04-15,52,13
2012-04-16,58.07692307692308,13
2012-04-17,51,13
2012-04-18,53.083333333333336,12
2012-04-19,53.083333333333336,12
2012-04-20,47.083333333333336,12
2012-04-21,61,12
2012-04-22,50.083333333333336,12
2012-04-23,62.083333333333336,12
2012-04-24,69.08333333333333,12
2012-04-25,51.083333333333336,12
2012-04-26,45,12
2012-04-27,64.08333333333333,12
2012-04-28,56,12
2012-04-29,69.15384615384616,13
2012-04-30,87.15384615384616,13
2012-05-01,99.15384615384616,13
2012-05-02,56,12
2012-05-03,62.166666666666664,12
2012-05-04,60.166666666666664,12
2012-05-05,76.16666666666667,12
2012-05-06,63.166666666666664,12
2012-05-07,48,12
2012-05-08,57.166666666666664,12
2012-05-09,43,12
2012-05-10,52.166666666666664,12
2012-05-11,51.166666666666664,12
2012-05-12,61.166666666666664,12
2012-05-13,56.166666666666664,12
2012-05-14,52.76923076923077,13
2012-05-15,55.61538461538461,13
2012-05-16,57.76923076923077,13
2012-05-17,74.08333333333333,12
2012-05-18,88.25,12
2012-05-19,73.08333333333333,12
2012-05-20,60.916666666666664,12
2012-05-21,48.583333333333336,12
2012-05-22,59.666666666666664,12
2012-05-23,49.75,12
2012-05-24,50.75,12
2012-05-25,64.75,12
2012-05-26,60.916666666666664,12
2012-05-27,63.916666666666664,12
2012-05-28,88.41666666666667,12
2012-05-29,51.46153846153846,13
2012-05-30,53.61538461538461,13
2012-05-31,54.61538461538461,13
2012-06-01,47.38461538461539,13
2012-06-02,74.33333333333333,12
2012-06-03,45.166666666666664,12
2012-06-04,49.333333333333336,12
2012-06-05,43.5,12
2012-06-06,58.833333333333336,12
2012-06-07,65.75,12
2012-06-08,53.75,12
2012-06-09,50.666666666666664,12
2012-06-10,54.75,12
2012-06-11,41.333333333333336,12
2012-06-12,40.333333333333336,12
2012-06-13,49.23076923076923,13
2012-06-14,44.69230769230769,13
2012-06-15,57.46153846153846,13
2012-06-16,63.69230769230769,13
2012-06-17,50.083333333333336,12
2012-06-18,55.666666666666664,12
2012-06-19,49.25,12
2012-06-20,40,12
2012-06-21,38.583333333333336,12
2012-06-22,53.666666666666664,12
2012-06-23,57.666666666666664,12
2012-06-24,43.166666666666664,12
2012-06-25,48,12
2012-06-26,43.25,12
2012-06-27,41.75,12
2012-06-28,52.84615384615385,13
2012-06-29,50.61538461538461,13
2012-06-30,61.15384615384615,13
2012-07-01,38.15384615384615,13
2012-07-02,62.916666666666664,12
2012-07-03,53.25,12
2012-07-04,57.583333333333336,12
2012-07-05,55.583333333333336,12
2012-07-06,49,12
2012-07-07,51.833333333333336,12
2012-07-08,42.5,12
2012-07-09,64.16666666666667,12
2012-07-10,51.833333333333336,12
2012-07-11,55.083333333333336,12
2012-07-12,53.25,12
2012-07-13,66.15384615384616,13
2012-07-14,56.84615384615385,13
2012-07-15,44.07692307692308,13
2012-07-16,64.83333333333333,12
2012-07-17,41.5,12
2012-07-18,60.416666666666664,12
2012-07-19,61.166666666666664,12
2012-07-20,56.083333333333336,12
2012-07-21,63.416666666666664,12
2012-07-22,50.25,12
2012-07-23,72.91666666666667,12
2012-07-24,60.166666666666664,12
2012-07-25,53.75,12
2012-07-26,53.833333333333336,12
2012-07-27,56.083333333333336,12
2012-07-28,76.38461538461539,13
2012-07-29,50.38461538461539,13
2012-07-30,63.61538461538461,13
2012-07-31,49.833333333333336,12
2012-08-01,52.666666666666664,12
2012-08-02,52.25,12
2012-08-03,71.5,12
2012-08-04,56.583333333333336,12
2012-08-05,55.583333333333336,12
2012-08-06,56.083333333333336,12
2012-08-07,44.333333333333336,12
2012-08-08,57.083333333333336,12
2012-08-09,48.583333333333336,12
2012-08-10,55.083333333333336,12
2012-08-11,59.333333333333336,12
2012-08-12,43.61538461538461,13
2012-08-13,54.69230769230769,13
2012-08-14,66,13
2012-08-15,60.333333333333336,12
2012-08-16,42.916666666666664,12
2012-08-17,62.666666666666664,12
2012-08-18,53.583333333333336,12
2012-08-19,41.916666666666664,12
2012-08-20,46.166666666666664,12
2012-08-21,47.166666666666664,12
2012-08-22,52.75,12
2012-08-23,63.916666666666664,12
2012-08-24,62.666666666666664,12
2012-08-25,74.25,12
2012-08-26,49.75,12
2012-08-27,74.61538461538461,13
2012-08-28,42,13
2012-08-29,52.84615384615385,13
2012-08-30,52.25,12
2012-08-31,57.583333333333336,12
2012-09-01,56.25,12
2012-09-02,40.333333333333336,12
2012-09-03,42.5,12
2012-09-04,47.166666666666664,12
2012-09-05,43.333333333333336,12
2012-09-06,37.666666666666664,12
2012-09-07,55.333333333333336,12
2012-09-08,55.25,12
2012-09-09,41.25,12
2012-09-10,59.083333333333336,12
2012-09-11,53.30769230769231,13
2012-09-12,42.38461538461539,13
2012-09-13,49.07692307692308,13
2012-09-14,48.46153846153846,13
2012-09-15,59.15384615384615,13
2012-09-16,46,12
2012-09-17,58.583333333333336,12
2012-09-18,48.5,12
2012-09-19,39.416666666666664,12
2012-09-20,43.75,12
2012-09-21,46.583333333333336,12
2012-09-22,62.916666666666664,12
2012-09-23,42.75,12
2012-09-24,52.083333333333336,12
2012-09-25,56.583333333333336,12
2012-09-26,44.76923076923077,13
2012-09-27,41.69230769230769,13
2012-09-28,46.61538461538461,13
2012-09-29,92.6153846153846,13
2012-09-30,42.76923076923077,13
2012-10-01,61.083333333333336,12
2012-10-02,51,12
2012-10-03,48.416666666666664,12
2012-10-04,43.166666666666664,12
2012-10-05,62.083333333333336,12
2012-10-06,58.583333333333336,12
2012-10-07,56.083333333333336,12
2012-10-08,55.25,12
2012-10-09,51.5,12
2012-10-10,43.166666666666664,12
2012-10-11,52.15384615384615,13
2012-10-12,61,13
2012-10-13,53.15384615384615,13
2012-10-14,26.23076923076923,13
2012-10-15,53.583333333333336,12
2012-10-16,50.583333333333336,12
2012-10-17,38.166666666666664,12
2012-10-18,43.416666666666664,12
2012-10-19,56.75,12
2012-10-20,57.5,12
2012-10-21,42.416666666666664,12
2012-10-22,54.666666666666664,12
2012-10-23,43.416666666666664,12
2012-10-24,25.416666666666668,12
2012-10-25,39.083333333333336,12
2012-10-26,55.38461538461539,13
2012-10-27,50.61538461538461,13
2012-10-28,41.46153846153846,13
2012-10-29,48.76923076923077,13
2012-10-30,37.833333333333336,12
2012-10-31,41.833333333333336,12
2012-11-01,53.916666666666664,12
2012-11-02,46.083333333333336,12
2012-11-03,64.91666666666667,12
2012-11-04,36.333333333333336,12
2012-11-05,48.666666666666664,12
2012-11-06,42.666666666666664,12
2012-11-07,34.416666666666664,12
2012-11-08,42.833333333333336,12
2012-11-09,54.666666666666664,12
2012-11-10,40.38461538461539,13
2012-11-11,32.61538461538461,13
2012-11-12,51.30769230769231,13
2012-11-13,36.15384615384615,13
2012-11-14,33.07692307692308,13
2012-11-15,47.333333333333336,12
2012-11-16,42.833333333333336,12
2012-11-17,50.25,12
2012-11-18,38.083333333333336,12
2012-11-19,41.583333333333336,12
2012-11-20,50.583333333333336,12
2012-11-21,43.333333333333336,12
2012-11-22,42.333333333333336,12
2012-11-23,56.5,12
2012-11-24,43.5,12
2012-11-25,32.15384615384615,13
2012-11-26,38.38461538461539,13
2012-11-27,42.07692307692308,13
2012-11-28,46.07692307692308,13
2012-11-29,36,13
2012-11-30,43.833333333333336,12
2012-12-01,43.833333333333336,12
2012-12-02,32.166666666666664,12
2012-12-03,28,12
2012-12-04,44,12
2012-12-05,36.666666666666664,12
2012-12-06,34.833333333333336,12
2012-12-07,43.833333333333336,12
2012-12-08,70.83333333333333,12
2012-12-09,41.833333333333336,12
2012-12-10,38.46153846153846,13
2012-12-11,39,13
2012-12-12,39,13
2012-12-13,28.846153846153847,13
2012-12-14,36.25,12
2012-12-15,49.416666666666664,12
2012-12-16,58.166666666666664,12
2012-12-17,44.583333333333336,12
2012-12-18,31.75,12
2012-12-19,31.25,12
2012-12-20,34.75,12
2012-12-21,24.5,12
2012-12-22,59.166666666666664,12
2012-12-23,69,12
2012-12-24,39.25,12
2012-12-25,48.23076923076923,13
2012-12-26,54.92307692307692,13
2012-12-27,60.15384615384615,13
2012-12-28,56.92307692307692,13
2012-12-29,60.5,12
2012-12-30,52.5,12
2012-12-31,42.833333333333336,12
2013-01-01,62.166666666666664,12
2013-01-02,97.83333333333331,12
2013-01-03,67.5,12
2013-01-04,50.5,12
2013-01-05,51.5,12
2013-01-06,38.333333333333336,12
2013-01-07,43.833333333333336,12
2013-01-08,40.333333333333336,12
2013-01-09,33.23076923076923,13
2013-01-10,30.23076923076923,13
2013-01-11,31.076923076923077,13
2013-01-12,53.30769230769231,13
2013-01-13,34.23076923076923,13
2013-01-14,28.166666666666668,12
2013-01-15,35.583333333333336,12
2013-01-16,32.583333333333336,12
2013-01-17,38.166666666666664,12
2013-01-18,31.166666666666668,12
2013-01-19,53.166666666666664,12
2013-01-20,33,12
2013-01-21,32,12
2013-01-22,38.583333333333336,12
2013-01-23,40.583333333333336,12
2013-01-24,36.46153846153846,13
2013-01-25,33.07692307692308,13
2013-01-26,53.61538461538461,13
2013-01-27,30.923076923076923,13
2013-01-28,43.46153846153846,13
2013-01-29,26.833333333333332,12
2013-01-30,43.5,12
2013-01-31,39.333333333333336,12
2013-02-01,40.333333333333336,12
2013-02-02,53.833333333333336,12
2013-02-03,42.333333333333336,12
2013-02-04,43.333333333333336,12
2013-02-05,27.833333333333332,12
2013-02-06,42.5,12
2013-02-07,36,12
2013-02-08,40.23076923076923,13
2013-02-09,31.923076923076923,13
2013-02-10,35.92307692307692,13
2013-02-11,28.923076923076923,13
2013-02-12,54.38461538461539,13
2013-02-13,44.083333333333336,12
2013-02-14,34.083333333333336,12
2013-02-15,40.083333333333336,12
2013-02-16,42.083333333333336,12
2013-02-17,30.833333333333332,12
2013-02-18,36.083333333333336,12
2013-02-19,37.833333333333336,12
2013-02-20,28.833333333333332,12
2013-02-21,40.833333333333336,12
2013-02-22,50.083333333333336,12
2013-02-23,42,13
2013-02-24,38.15384615384615,13
2013-02-25,41,13
2013-02-26,35.76923076923077,13
2013-02-27,41,13
2013-02-28,31.666666666666668,12
2013-03-01,38.666666666666664,12
2013-03-02,53.166666666666664,12
2013-03-03,34.833333333333336,12
2013-03-04,42.833333333333336,12
2013-03-05,45,12
2013-03-06,38.666666666666664,12
2013-03-07,40.833333333333336,12
2013-03-08,55.166666666666664,12
2013-03-09,56.166666666666664,12
2013-03-10,69.38461538461539,13
2013-03-11,59.07692307692308,13
2013-03-12,50.833333333333336,12
2013-03-13,47.833333333333336,12
2013-03-14,50.75,12
2013-03-15,68.08333333333333,12
2013-03-16,61.833333333333336,12
2013-03-17,63.833333333333336,12
2013-03-18,57,12
2013-03-19,38.583333333333336,12
2013-03-20,53.833333333333336,12
2013-03-21,50.75,12
2013-03-22,58.833333333333336,12
2013-03-23,84.83333333333333,12
2013-03-24,71.08333333333333,12
2013-03-25,54.76923076923077,13
2013-03-26,43.69230769230769,13
2013-03-27,40.333333333333336,12
2013-03-28,45.333333333333336,12
2013-03-29,77.66666666666667,12
2013-03-30,90.83333333333331,12
2013-03-31,65.5,12
2013-04-01,95.83333333333331,12
2013-04-02,62.5,12
2013-04-03,65.5,12
2013-04-04,61.5,12
2013-04-05,63.5,12
2013-04-06,77.66666666666667,12
2013-04-07,74.66666666666667,12
2013-04-08,58.5,12
2013-04-09,60.46153846153846,13
2013-04-10,58.46153846153846,13
2013-04-11,58.46153846153846,13
2013-04-12,62.25,12
2013-04-13,84.41666666666667,12
2013-04-14,84.33333333333333,12
2013-04-15,83.41666666666667,12
2013-04-16,58.25,12
2013-04-17,58.25,12
2013-04-18,65.25,12
2013-04-19,64.33333333333333,12
2013-04-20,93.5,12
2013-04-21,78.41666666666667,12
2013-04-22,76.33333333333333,12
2013-04-23,65.33333333333333,12
2013-04-24,65.3076923076923,13
2013-04-25,65.3076923076923,13
2013-04-26,64.23076923076923,13
2013-04-27,77,12
2013-04-28,88,12
2013-04-29,73,12
2013-04-30,63,12
2013-05-01,82,12
2013-05-02,69,12
2013-05-03,64,12
2013-05-04,82,12
2013-05-05,86,12
2013-05-06,46,12
2013-05-07,70,12
2013-05-08,66,12
2013-05-09,75,13
2013-05-10,100,13
2013-05-11,80,12
2013-05-12,60,12
2013-05-13,67,12
2013-05-14,56,12
2013-05-15,63,12
2013-05-16,70,12
2013-05-17,62,12
2013-05-18,79,12
2013-05-19,97,12
2013-05-20,96,12
2013-05-21,55,12
2013-05-22,52,12
2013-05-23,63,12
2013-05-24,50,13
2013-05-25,73,13
2013-05-26,51,12
2013-05-27,50,12
2013-05-28,46,12
2013-05-29,58,12
2013-05-30,70,12
2013-05-31,58,12
2013-06-01,73,12
2013-06-02,52,12
2013-06-03,59,12
2013-06-04,45,12
2013-06-05,59,12
2013-06-06,52,12
2013-06-07,49,12
2013-06-08,78,13
2013-06-09,58,13
2013-06-10,67,13
2013-06-11,60,12
2013-06-12,53,12
2013-06-13,55,12
2013-06-14,59,12
2013-06-15,68,12
2013-06-16,79,12
2013-06-17,74,12
2013-06-18,57,12
2013-06-19,55,12
2013-06-20,56,12
2013-06-21,52,12
2013-06-22,64,12
2013-06-23,51,13
2013-06-24,69,13
2013-06-25,59,13
2013-06-26,56,12
2013-06-27,52,12
2013-06-28,65,12
2013-06-29,51,12
2013-06-30,56,12
2013-07-01,51,12
2013-07-02,62,12
2013-07-03,45,12
2013-07-04,53,12
2013-07-05,60,12
2013-07-06,59,12
2013-07-07,51,12
2013-07-08,41,13
2013-07-09,46.92307692307692,13
2013-07-10,51.916666666666664,12
2013-07-11,62.916666666666664,12
2013-07-12,56.916666666666664,12
2013-07-13,49.916666666666664,12
2013-07-14,48.916666666666664,12
2013-07-15,73.91666666666667,12
2013-07-16,58.916666666666664,12
2013-07-17,48,12
2013-07-18,50.916666666666664,12
2013-07-19,67,12
2013-07-20,78,12
2013-07-21,64.91666666666667,12
2013-07-22,67.91666666666667,12
2013-07-23,54.84615384615385,13
2013-07-24,51.84615384615385,13
2013-07-25,54,12
2013-07-26,46.833333333333336,12
2013-07-27,85.83333333333333,12
2013-07-28,65.83333333333333,12
2013-07-29,71.83333333333333,12
2013-07-30,62.833333333333336,12
2013-07-31,51.833333333333336,12
2013-08-01,59.833333333333336,12
2013-08-02,80.83333333333333,12
2013-08-03,99.83333333333331,12
2013-08-04,45.833333333333336,12
2013-08-05,53,12
2013-08-06,54.833333333333336,12
2013-08-07,46.76923076923077,13
2013-08-08,54.76923076923077,13
2013-08-09,52,12
2013-08-10,49.75,12
2013-08-11,53.75,12
2013-08-12,54,12
2013-08-13,50.75,12
2013-08-14,39,12
2013-08-15,62.75,12
2013-08-16,52,12
2013-08-17,52,12
2013-08-18,42.75,12
2013-08-19,56,12
2013-08-20,56.75,12
2013-08-21,59,12
2013-08-22,30.692307692307693,13
2013-08-23,47,13
2013-08-24,66.66666666666667,12
2013-08-25,45,12
2013-08-26,52.666666666666664,12
2013-08-27,53,12
2013-08-28,47,12
2013-08-29,41,12
2013-08-30,49.666666666666664,12
2013-08-31,54.666666666666664,12
2013-09-01,43.666666666666664,12
2013-09-02,48.666666666666664,12
2013-09-03,46.666666666666664,12
2013-09-04,36,12
2013-09-05,52,12
2013-09-06,50,13
2013-09-07,57.61538461538461,13
2013-09-08,44,13
2013-09-09,50,13
2013-09-10,45,13
2013-09-11,43.583333333333336,12
2013-09-12,54,12
2013-09-13,31,12
2013-09-14,51,12
2013-09-15,45.583333333333336,12
2013-09-16,64.58333333333333,12
2013-09-17,35.583333333333336,12
2013-09-18,42,12
2013-09-19,33,12
2013-09-20,43,12
2013-09-21,53,13
2013-09-22,32,13
2013-09-23,41.53846153846154,13
2013-09-24,48.53846153846154,13
2013-09-25,42.53846153846154,13
2013-09-26,47.5,12
2013-09-27,47,12
2013-09-28,52.5,12
2013-09-29,45,12
2013-09-30,54.5,12
2013-10-01,45.5,12
2013-10-02,46.5,12
2013-10-03,51.5,12
2013-10-04,49.5,12
2013-10-05,74.5,12
2013-10-06,42.76923076923077,13
2013-10-07,45.76923076923077,13
2013-10-08,46.30769230769231,13
2013-10-09,49.76923076923077,13
2013-10-10,50.75,12
2013-10-11,50.166666666666664,12
2013-10-12,64.66666666666667,12
2013-10-13,31.833333333333332,12
2013-10-14,47.75,12
2013-10-15,38.833333333333336,12
2013-10-16,52.25,12
2013-10-17,39.833333333333336,12
2013-10-18,35.833333333333336,12
2013-10-19,39.75,12
2013-10-20,39.833333333333336,12
2013-10-21,56.30769230769231,13
2013-10-22,43.07692307692308,13
2013-10-23,39.15384615384615,13
2013-10-24,52.38461538461539,13
2013-10-25,36.166666666666664,12
2013-10-26,43,12
2013-10-27,36.25,12
2013-10-28,57.166666666666664,12
2013-10-29,52.833333333333336,12
2013-10-30,45.416666666666664,12
2013-10-31,41.5,12
2013-11-01,39.166666666666664,12
2013-11-02,60.666666666666664,12
2013-11-03,53.833333333333336,12
2013-11-04,53.25,12
2013-11-05,35.76923076923077,13
2013-11-06,29.923076923076923,13
2013-11-07,42.76923076923077,13
2013-11-08,42.76923076923077,13
2013-11-09,58.23076923076923,13
2013-11-10,54.916666666666664,12
2013-11-11,39.75,12
2013-11-12,43.25,12
2013-11-13,47.083333333333336,12
2013-11-14,42.25,12
2013-11-15,39.416666666666664,12
2013-11-16,55.166666666666664,12
2013-11-17,36.916666666666664,12
2013-11-18,48.333333333333336,12
2013-11-19,45.25,12
2013-11-20,54.46153846153846,13
2013-11-21,36.46153846153846,13
2013-11-22,44.69230769230769,13
2013-11-23,47.46153846153846,13
2013-11-24,44.69230769230769,13
2013-11-25,44.75,12
2013-11-26,35.833333333333336,12
2013-11-27,54.75,12
2013-11-28,38.75,12
2013-11-29,37,12
2013-11-30,51.166666666666664,12
2013-12-01,38,12
2013-12-02,40,12
2013-12-03,35.833333333333336,12
2013-12-04,28.333333333333332,12
2013-12-05,39,13
2013-12-06,39.38461538461539,13
2013-12-07,39.53846153846154,13
2013-12-08,39,13
2013-12-09,33.5,12
2013-12-10,39.25,12
2013-12-11,38.083333333333336,12
2013-12-12,37.083333333333336,12
2013-12-13,36.583333333333336,12
2013-12-14,40.916666666666664,12
2013-12-15,40.25,12
2013-12-16,27.833333333333332,12
2013-12-17,33.5,12
2013-12-18,33.583333333333336,12
2013-12-19,34.5,12
2013-12-20,34.76923076923077,13
2013-12-21,56.69230769230769,13
2013-12-22,63.30769230769231,13
2013-12-23,50,13
2013-12-24,40.083333333333336,12
2013-12-25,48.166666666666664,12
2013-12-26,63.833333333333336,12
2013-12-27,54.166666666666664,12
2013-12-28,46.583333333333336,12
2013-12-29,51.166666666666664,12
2013-12-30,49.166666666666664,12
2013-12-31,32.916666666666664,12
2014-01-01,51.166666666666664,12
2014-01-02,91.25,12
2014-01-03,56.75,12
2014-01-04,55.69230769230769,13
2014-01-05,43.61538461538461,13
2014-01-06,36.15384615384615,13
2014-01-07,34.15384615384615,13
2014-01-08,40.61538461538461,13
2014-01-09,36.75,12
2014-01-10,29.333333333333332,12
2014-01-11,37.833333333333336,12
2014-01-12,24.833333333333332,12
2014-01-13,34.833333333333336,12
2014-01-14,32.333333333333336,12
2014-01-15,34.833333333333336,12
2014-01-16,36.833333333333336,12
2014-01-17,40.333333333333336,12
2014-01-18,49.25,12
2014-01-19,31.076923076923077,13
2014-01-20,31.076923076923077,13
2014-01-21,32.07692307692308,13
2014-01-22,32.07692307692308,13
2014-01-23,38.92307692307692,13
2014-01-24,44,12
2014-01-25,59.166666666666664,12
2014-01-26,31.75,12
2014-01-27,36.166666666666664,12
2014-01-28,36.083333333333336,12
2014-01-29,37.166666666666664,12
2014-01-30,37.166666666666664,12
2014-01-31,34.166666666666664,12
2014-02-01,52.75,12
2014-02-02,44.916666666666664,12
2014-02-03,41.23076923076923,13
2014-02-04,30.53846153846154,13
2014-02-05,54.38461538461539,13
2014-02-06,25.846153846153847,13
2014-02-07,37.92307692307692,13
2014-02-08,52.75,12
2014-02-09,41.083333333333336,12
2014-02-10,43.083333333333336,12
2014-02-11,30.166666666666668,12
2014-02-12,36.5,12
2014-02-13,37.833333333333336,12
2014-02-14,31.166666666666668,12
2014-02-15,50.416666666666664,12
2014-02-16,42.833333333333336,12
2014-02-17,44.166666666666664,12
2014-02-18,46.15384615384615,13
2014-02-19,35.30769230769231,13
2014-02-20,38.53846153846154,13
2014-02-21,40.61538461538461,13
2014-02-22,47.15384615384615,13
2014-02-23,56.916666666666664,12
2014-02-24,48.666666666666664,12
2014-02-25,56.166666666666664,12
2014-02-26,42.25,12
2014-02-27,43.25,12
2014-02-28,45.333333333333336,12
2014-03-01,63.166666666666664,12
2014-03-02,47.666666666666664,12
2014-03-03,48.666666666666664,12
2014-03-04,54.75,12
2014-03-05,53.53846153846154,13
2014-03-06,53.53846153846154,13
2014-03-07,60.166666666666664,12
2014-03-08,64.25,12
2014-03-09,74.58333333333333,12
2014-03-10,57.833333333333336,12
2014-03-11,52.916666666666664,12
2014-03-12,80.66666666666667,12
2014-03-13,56,12
2014-03-14,52.916666666666664,12
2014-03-15,79.75,12
2014-03-16,68.41666666666667,12
2014-03-17,78.75,12
2014-03-18,69.33333333333333,12
2014-03-19,66.33333333333333,12
2014-03-20,66.15384615384616,13
2014-03-21,56.84615384615385,13
2014-03-22,80.16666666666667,12
2014-03-23,56.833333333333336,12
2014-03-24,53.75,12
2014-03-25,53.833333333333336,12
2014-03-26,63.916666666666664,12
2014-03-27,59.916666666666664,12
2014-03-28,69,12
2014-03-29,77.08333333333333,12
2014-03-30,66.91666666666667,12
2014-03-31,80.16666666666667,12
2014-04-01,72,12
2014-04-02,61.833333333333336,12
2014-04-03,63.916666666666664,12
2014-04-04,67.92307692307692,13
2014-04-05,86.15384615384616,13
2014-04-06,54.69230769230769,13
2014-04-07,81,12
2014-04-08,64,12
2014-04-09,68,12
2014-04-10,64,12
2014-04-11,66,12
2014-04-12,86,12
2014-04-13,72,12
2014-04-14,77,12
2014-04-15,80,12
2014-04-16,76,12
2014-04-17,64,12
2014-04-18,90,12
2014-04-19,100,13
2014-04-20,92,13
2014-04-21,97,13
2014-04-22,66,12
2014-04-23,56,12
2014-04-24,68,12
2014-04-25,73,12
2014-04-26,72,12
2014-04-27,61,12
2014-04-28,58,12
2014-04-29,56,12
2014-04-30,60,12
2014-05-01,76,12
2014-05-02,71,12
2014-05-03,79,12
2014-05-04,49.07692307692308,13
2014-05-05,55.07692307692308,13
2014-05-06,54,12
2014-05-07,52.083333333333336,12
2014-05-08,61,12
2014-05-09,63,12
2014-05-10,51.083333333333336,12
2014-05-11,53,12
2014-05-12,62,12
2014-05-13,55.083333333333336,12
2014-05-14,53.083333333333336,12
2014-05-15,55.083333333333336,12
2014-05-16,68,12
2014-05-17,72.08333333333333,12
2014-05-18,72,12
2014-05-19,58,13
2014-05-20,57,13
2014-05-21,56.166666666666664,12
2014-05-22,62,12
2014-05-23,56,12
2014-05-24,84,12
2014-05-25,69.16666666666667,12
2014-05-26,67,12
2014-05-27,62,12
2014-05-28,71.16666666666667,12
2014-05-29,84.16666666666667,12
2014-05-30,91,12
2014-05-31,84.16666666666667,12
2014-06-01,61.166666666666664,12
2014-06-02,64,12
2014-06-03,52,13
2014-06-04,51.23076923076923,13
2014-06-05,51.23076923076923,13
2014-06-06,57.25,12
2014-06-07,81.25,12
2014-06-08,93,12
2014-06-09,99.25,12
2014-06-10,76,12
2014-06-11,56,12
2014-06-12,59.25,12
2014-06-13,60.25,12
2014-06-14,62,12
2014-06-15,48,12
2014-06-16,41,12
2014-06-17,47.25,12
2014-06-18,50.61538461538461,13
2014-06-19,61,13
2014-06-20,48.84615384615385,13
2014-06-21,64.08333333333333,12
2014-06-22,65.16666666666667,12
2014-06-23,49.916666666666664,12
2014-06-24,61.75,12
2014-06-25,53,12
2014-06-26,39.833333333333336,12
2014-06-27,59.083333333333336,12
2014-06-28,60.083333333333336,12
2014-06-29,63.083333333333336,12
2014-06-30,43.5,12
2014-07-01,60.083333333333336,12
2014-07-02,62.833333333333336,12
2014-07-03,48,13
2014-07-04,49.38461538461539,13
2014-07-05,71.66666666666667,12
2014-07-06,52.25,12
2014-07-07,61.416666666666664,12
2014-07-08,64.91666666666667,12
2014-07-09,51.25,12
2014-07-10,47.083333333333336,12
2014-07-11,53.666666666666664,12
2014-07-12,54.25,12
2014-07-13,61.833333333333336,12
2014-07-14,59.416666666666664,12
2014-07-15,47.083333333333336,12
2014-07-16,56.333333333333336,12
2014-07-17,56.666666666666664,12
2014-07-18,58.15384615384615,13
2014-07-19,54.69230769230769,13
2014-07-20,61.083333333333336,12
2014-07-21,59.416666666666664,12
2014-07-22,56.916666666666664,12
2014-07-23,53.833333333333336,12
2014-07-24,65.66666666666667,12
2014-07-25,61.583333333333336,12
2014-07-26,68.33333333333333,12
2014-07-27,48.583333333333336,12
2014-07-28,80.16666666666667,12
2014-07-29,57.333333333333336,12
2014-07-30,69.33333333333333,12
2014-07-31,53.083333333333336,12
2014-08-01,70.41666666666667,12
2014-08-02,90.07692307692308,13
2014-08-03,74.15384615384616,13
2014-08-04,75.75,12
2014-08-05,64.08333333333333,12
2014-08-06,66.83333333333333,12
2014-08-07,79.5,12
2014-08-08,50.083333333333336,12
2014-08-09,71.41666666666667,12
2014-08-10,53.416666666666664,12
2014-08-11,57.75,12
2014-08-12,59.75,12
2014-08-13,59.75,12
2014-08-14,61,12
2014-08-15,63.333333333333336,12
2014-08-16,65.83333333333333,12
2014-08-17,55,13
2014-08-18,46.38461538461539,13
2014-08-19,58.083333333333336,12
2014-08-20,43.833333333333336,12
2014-08-21,45.583333333333336,12
2014-08-22,64.08333333333333,12
2014-08-23,73.58333333333333,12
2014-08-24,61.416666666666664,12
2014-08-25,51.583333333333336,12
2014-08-26,51.25,12
2014-08-27,44.833333333333336,12
2014-08-28,49.25,12
2014-08-29,61.666666666666664,12
2014-08-30,60.083333333333336,12
2014-08-31,53,12
2014-09-01,57,13
2014-09-02,43.38461538461539,13
2014-09-03,49.53846153846154,13
2014-09-04,55,13
2014-09-05,52.53846153846154,13
2014-09-06,65.83333333333333,12
2014-09-07,44.583333333333336,12
2014-09-08,64.83333333333333,12
2014-09-09,48.083333333333336,12
2014-09-10,47.083333333333336,12
2014-09-11,66.83333333333333,12
2014-09-12,52.833333333333336,12
2014-09-13,76.08333333333333,12
2014-09-14,50.083333333333336,12
2014-09-15,46.083333333333336,12
2014-09-16,47.07692307692308,13
2014-09-17,61.07692307692308,13
2014-09-18,42.23076923076923,13
2014-09-19,52.84615384615385,13
2014-09-20,62.07692307692308,13
2014-09-21,51.166666666666664,12
2014-09-22,64.25,12
2014-09-23,65.58333333333333,12
2014-09-24,41.5,12
2014-09-25,49.416666666666664,12
2014-09-26,52.916666666666664,12
2014-09-27,60.75,12
2014-09-28,44.333333333333336,12
2014-09-29,62.75,12
2014-09-30,50.333333333333336,12
2014-10-01,61.30769230769231,13
2014-10-02,50.07692307692308,13
2014-10-03,55.46153846153846,13
2014-10-04,75.15384615384616,13
2014-10-05,50.75,12
2014-10-06,51.25,12
2014-10-07,55,12
2014-10-08,61.666666666666664,12
2014-10-09,43.583333333333336,12
2014-10-10,53,12
2014-10-11,53,12
2014-10-12,70.16666666666667,12
2014-10-13,59.666666666666664,12
2014-10-14,55.75,12
2014-10-15,44.666666666666664,12
2014-10-16,53.38461538461539,13
2014-10-17,47.53846153846154,13
2014-10-18,64.23076923076923,13
2014-10-19,51.92307692307692,13
2014-10-20,45.416666666666664,12
2014-10-21,38.083333333333336,12
2014-10-22,68.58333333333333,12
2014-10-23,49.166666666666664,12
2014-10-24,52.166666666666664,12
2014-10-25,67.58333333333333,12
2014-10-26,43.416666666666664,12
2014-10-27,38.083333333333336,12
2014-10-28,55.083333333333336,12
2014-10-29,48.25,12
2014-10-30,53.833333333333336,12
2014-10-31,44.92307692307692,13
2014-11-01,75.76923076923077,13
2014-11-02,44.84615384615385,13
2014-11-03,57.38461538461539,13
2014-11-04,49.15384615384615,13
2014-11-05,60.583333333333336,12
2014-11-06,39.333333333333336,12
2014-11-07,47.5,12
2014-11-08,56.833333333333336,12
2014-11-09,29.083333333333332,12
2014-11-10,51.25,12
2014-11-11,37.166666666666664,12
2014-11-12,42.166666666666664,12
2014-11-13,37.75,12
2014-11-14,54.583333333333336,12
2014-11-15,54.69230769230769,13
2014-11-16,43.84615384615385,13
2014-11-17,59.84615384615385,13
2014-11-18,41.38461538461539,13
2014-11-19,31.307692307692307,13
2014-11-20,38.666666666666664,12
2014-11-21,48.333333333333336,12
2014-11-22,54,12
2014-11-23,40.416666666666664,12
2014-11-24,58.916666666666664,12
2014-11-25,42.916666666666664,12
2014-11-26,52,12
2014-11-27,57.416666666666664,12
2014-11-28,47.333333333333336,12
2014-11-29,62.083333333333336,12
2014-11-30,39.61538461538461,13
2014-12-01,46.46153846153846,13
2014-12-02,50.46153846153846,13
2014-12-03,42.38461538461539,13
2014-12-04,47.416666666666664,12
2014-12-05,45.833333333333336,12
2014-12-06,50.083333333333336,12
2014-12-07,60.5,12
2014-12-08,44.916666666666664,12
2014-12-09,43.833333333333336,12
2014-12-10,38.666666666666664,12
2014-12-11,34.333333333333336,12
2014-12-12,40.5,12
2014-12-13,55.25,12
2014-12-14,51.083333333333336,12
2014-12-15,48.61538461538461,13
2014-12-16,36.46153846153846,13
2014-12-17,27.692307692307693,13
2014-12-18,34.84615384615385,13
2014-12-19,39.416666666666664,12
2014-12-20,48.5,12
2014-12-21,58,12
2014-12-22,64.66666666666667,12
2014-12-23,53,12
2014-12-24,29.916666666666668,12
2014-12-25,35.916666666666664,12
2014-12-26,85.33333333333333,12
2014-12-27,49.333333333333336,12
2014-12-28,50.5,12
2014-12-29,61.666666666666664,12
2014-12-30,57.69230769230769,13
2014-12-31,42.76923076923077,13
2015-01-01,46.23076923076923,13
2015-01-02,79.61538461538461,13
2015-01-03,66.6923076923077,13
2015-01-04,46.5,12
2015-01-05,45.5,12
2015-01-06,50.416666666666664,12
2015-01-07,42.083333333333336,12
2015-01-08,36.166666666666664,12
2015-01-09,37.25,12
2015-01-10,54.75,12
2015-01-11,43.083333333333336,12
2015-01-12,36.166666666666664,12
2015-01-13,45.5,12
2015-01-14,40.53846153846154,13
2015-01-15,32.92307692307692,13
2015-01-16,46.38461538461539,13
2015-01-17,53.15384615384615,13
2015-01-18,51.76923076923077,13
2015-01-19,41.416666666666664,12
2015-01-20,35.916666666666664,12
2015-01-21,37.083333333333336,12
2015-01-22,40.416666666666664,12
2015-01-23,38.083333333333336,12
2015-01-24,44.083333333333336,12
2015-01-25,40.333333333333336,12
2015-01-26,37,12
2015-01-27,39.5,12
2015-01-28,36.083333333333336,12
2015-01-29,32.38461538461539,13
2015-01-30,39.92307692307692,13
2015-01-31,43.61538461538461,13
2015-02-01,33.30769230769231,13
2015-02-02,46,13
2015-02-03,29.333333333333332,12
2015-02-04,31.333333333333332,12
2015-02-05,44.666666666666664,12
2015-02-06,41.666666666666664,12
2015-02-07,49.25,12
2015-02-08,39.416666666666664,12
2015-02-09,38.416666666666664,12
2015-02-10,38.083333333333336,12
2015-02-11,40.416666666666664,12
2015-02-12,38.416666666666664,12
2015-02-13,43.30769230769231,13
2015-02-14,43.61538461538461,13
2015-02-15,43.61538461538461,13
2015-02-16,35.53846153846154,13
2015-02-17,48.07692307692308,13
2015-02-18,45.75,12
2015-02-19,35.833333333333336,12
2015-02-20,41.25,12
2015-02-21,50,12
2015-02-22,48.75,12
2015-02-23,40.083333333333336,12
2015-02-24,51.25,12
2015-02-25,33.666666666666664,12
2015-02-26,37.083333333333336,12
2015-02-27,42.5,12
2015-02-28,54.92307692307692,13
2015-03-01,42,13
2015-03-02,46.166666666666664,12
2015-03-03,51.416666666666664,12
2015-03-04,42,12
2015-03-05,45.083333333333336,12
2015-03-06,52.416666666666664,12
2015-03-07,70.16666666666667,12
2015-03-08,65,12
2015-03-09,56.666666666666664,12
2015-03-10,49.333333333333336,12
2015-03-11,62.916666666666664,12
2015-03-12,48.25,12
2015-03-13,67.16666666666667,12
2015-03-14,76.58333333333333,12
2015-03-15,61.53846153846154,13
2015-03-16,57.46153846153846,13
2015-03-17,53.916666666666664,12
2015-03-18,58.083333333333336,12
2015-03-19,60.083333333333336,12
2015-03-20,58,12
2015-03-21,83.5,12
2015-03-22,62.083333333333336,12
2015-03-23,48.916666666666664,12
2015-03-24,48.916666666666664,12
2015-03-25,48.833333333333336,12
2015-03-26,53,12
2015-03-27,46.833333333333336,12
2015-03-28,78.41666666666667,12
2015-03-29,71.25,12
2015-03-30,47.76923076923077,13
2015-03-31,58.92307692307692,13
2015-04-01,56.92307692307692,13
2015-04-02,55,12
2015-04-03,65,12
2015-04-04,74,12
2015-04-05,77,12
2015-04-06,100,12
2015-04-07,63,12
2015-04-08,59,12
2015-04-09,63,12
2015-04-10,68,12
2015-04-11,79,12
2015-04-12,83,12
2015-04-13,65,12
2015-04-14,59.46153846153846,13
2015-04-15,64.61538461538461,13
2015-04-16,65.61538461538461,13
2015-04-17,68.66666666666667,12
2015-04-18,84.83333333333333,12
2015-04-19,55.583333333333336,12
2015-04-20,60.583333333333336,12
2015-04-21,71.66666666666667,12
2015-04-22,62.666666666666664,12
2015-04-23,56.583333333333336,12
2015-04-24,55.5,12
2015-04-25,89.91666666666667,12
2015-04-26,56.583333333333336,12
2015-04-27,70.66666666666667,12
2015-04-28,59.583333333333336,12
2015-04-29,60.38461538461539,13
2015-04-30,52.15384615384615,13
2015-05-01,72.61538461538461,13
2015-05-02,70.66666666666667,12
2015-05-03,62.5,12
2015-05-04,56.5,12
2015-05-05,49.166666666666664,12
2015-05-06,57.5,12
2015-05-07,50.25,12
2015-05-08,60.5,12
2015-05-09,68.75,12
2015-05-10,69.75,12
2015-05-11,63.666666666666664,12
2015-05-12,61.5,12
2015-05-13,50.333333333333336,12
2015-05-14,81.07692307692308,13
2015-05-15,71.46153846153847,13
2015-05-16,86.5,12
2015-05-17,57.166666666666664,12
2015-05-18,52,12
2015-05-19,55.166666666666664,12
2015-05-20,55.25,12
2015-05-21,49,12
2015-05-22,61.416666666666664,12
2015-05-23,83.08333333333333,12
2015-05-24,68.66666666666667,12
2015-05-25,79.08333333333333,12
2015-05-26,54,12
2015-05-27,58.416666666666664,12
2015-05-28,69.83333333333333,12
2015-05-29,58.76923076923077,13
2015-05-30,71.61538461538461,13
2015-05-31,49.666666666666664,12
2015-06-01,65.33333333333333,12
2015-06-02,57,12
2015-06-03,59.333333333333336,12
2015-06-04,70.66666666666667,12
2015-06-05,61.333333333333336,12
2015-06-06,69.66666666666667,12
2015-06-07,70.91666666666667,12
2015-06-08,57.083333333333336,12
2015-06-09,54,12
2015-06-10,59,12
2015-06-11,55,12
2015-06-12,48.416666666666664,12
2015-06-13,67.3076923076923,13
2015-06-14,60.92307692307692,13
2015-06-15,50.84615384615385,13
2015-06-16,55.5,12
2015-06-17,55.5,12
2015-06-18,57.916666666666664,12
2015-06-19,48.5,12
2015-06-20,53.416666666666664,12
2015-06-21,47.083333333333336,12
2015-06-22,53.5,12
2015-06-23,50.416666666666664,12
2015-06-24,50.5,12
2015-06-25,51.083333333333336,12
2015-06-26,46.083333333333336,12
2015-06-27,72,12
2015-06-28,61.30769230769231,13
2015-06-29,63.30769230769231,13
2015-06-30,46.46153846153846,13
2015-07-01,51.75,12
2015-07-02,57.25,12
2015-07-03,66.58333333333333,12
2015-07-04,91.5,12
2015-07-05,68.66666666666667,12
2015-07-06,84.08333333333333,12
2015-07-07,63.166666666666664,12
2015-07-08,56.75,12
2015-07-09,53.25,12
2015-07-10,62.166666666666664,12
2015-07-11,67.16666666666667,12
2015-07-12,58.666666666666664,12
2015-07-13,70.61538461538461,13
2015-07-14,71.53846153846153,13
2015-07-15,59.916666666666664,12
2015-07-16,49.75,12
2015-07-17,67,12
2015-07-18,69.16666666666667,12
2015-07-19,70.16666666666667,12
2015-07-20,70.16666666666667,12
2015-07-21,68.16666666666667,12
2015-07-22,60.5,12
2015-07-23,63.5,12
2015-07-24,74.25,12
2015-07-25,73.16666666666667,12
2015-07-26,56.833333333333336,12
2015-07-27,66.5,12
2015-07-28,69.38461538461539,13
2015-07-29,65.23076923076923,13
2015-07-30,56.583333333333336,12
2015-07-31,68,12
2015-08-01,48.166666666666664,12
2015-08-02,61.166666666666664,12
2015-08-03,70.66666666666667,12
2015-08-04,67.83333333333333,12
2015-08-05,60.166666666666664,12
2015-08-06,64.83333333333333,12
2015-08-07,70,12
2015-08-08,56.583333333333336,12
2015-08-09,48.75,12
2015-08-10,55.583333333333336,12
2015-08-11,58.166666666666664,12
2015-08-12,63.46153846153846,13
2015-08-13,54.46153846153846,13
2015-08-14,71.16666666666667,12
2015-08-15,90.5,12
2015-08-16,61.416666666666664,12
2015-08-17,63.5,12
2015-08-18,53.5,12
2015-08-19,57.166666666666664,12
2015-08-20,54.416666666666664,12
2015-08-21,49.75,12
2015-08-22,61.416666666666664,12
2015-08-23,63.416666666666664,12
2015-08-24,53.416666666666664,12
2015-08-25,47.083333333333336,12
2015-08-26,64.16666666666667,12
2015-08-27,49.38461538461539,13
2015-08-28,53.46153846153846,13
2015-08-29,70.25,12
2015-08-30,41.333333333333336,12
2015-08-31,49.25,12
2015-09-01,52.583333333333336,12
2015-09-02,51.25,12
2015-09-03,53.333333333333336,12
2015-09-04,50.25,12
2015-09-05,80.25,12
2015-09-06,51.25,12
2015-09-07,58.166666666666664,12
2015-09-08,54.166666666666664,12
2015-09-09,48.416666666666664,12
2015-09-10,65.5,12
2015-09-11,57,13
2015-09-12,59.07692307692308,13
2015-09-13,47.84615384615385,13
2015-09-14,53.15384615384615,13
2015-09-15,47.61538461538461,13
2015-09-16,49.833333333333336,12
2015-09-17,58.25,12
2015-09-18,48.833333333333336,12
2015-09-19,56.75,12
2015-09-20,53.916666666666664,12
2015-09-21,52.916666666666664,12
2015-09-22,44.833333333333336,12
2015-09-23,49.916666666666664,12
2015-09-24,55.833333333333336,12
2015-09-25,53.75,12
2015-09-26,56.61538461538461,13
2015-09-27,46.15384615384615,13
2015-09-28,61,13
2015-09-29,53.92307692307692,13
2015-09-30,49.61538461538461,13
2015-10-01,48.416666666666664,12
2015-10-02,62.916666666666664,12
2015-10-03,54.25,12
2015-10-04,76.5,12
2015-10-05,52.333333333333336,12
2015-10-06,61.916666666666664,12
2015-10-07,51.25,12
2015-10-08,46.833333333333336,12
2015-10-09,62.833333333333336,12
2015-10-10,71.33333333333333,12
2015-10-11,66.3076923076923,13
2015-10-12,62.23076923076923,13
2015-10-13,68.92307692307692,13
2015-10-14,60.07692307692308,13
2015-10-15,50,12
2015-10-16,49.5,12
2015-10-17,70.41666666666667,12
2015-10-18,47.5,12
2015-10-19,50.916666666666664,12
2015-10-20,54.166666666666664,12
2015-10-21,49.083333333333336,12
2015-10-22,53.166666666666664,12
2015-10-23,48.083333333333336,12
2015-10-24,50.666666666666664,12
2015-10-25,44.666666666666664,12
2015-10-26,48.46153846153846,13
2015-10-27,44.84615384615385,13
2015-10-28,51.30769230769231,13
2015-10-29,46.30769230769231,13
2015-10-30,50.416666666666664,12
2015-10-31,59.166666666666664,12
2015-11-01,33.583333333333336,12
2015-11-02,42,12
2015-11-03,50.333333333333336,12
2015-11-04,52.166666666666664,12
2015-11-05,47,12
2015-11-06,48.416666666666664,12
2015-11-07,51.583333333333336,12
2015-11-08,44.166666666666664,12
2015-11-09,48.583333333333336,12
2015-11-10,51.92307692307692,13
2015-11-11,43.38461538461539,13
2015-11-12,47.53846153846154,13
2015-11-13,47.07692307692308,13
2015-11-14,59.23076923076923,13
2015-11-15,54.916666666666664,12
2015-11-16,54.333333333333336,12
2015-11-17,49.583333333333336,12
2015-11-18,56.916666666666664,12
2015-11-19,38.166666666666664,12
2015-11-20,56.583333333333336,12
2015-11-21,69.5,12
2015-11-22,65.41666666666667,12
2015-11-23,53.5,12
2015-11-24,46.166666666666664,12
2015-11-25,60.46153846153846,13
2015-11-26,38.69230769230769,13
2015-11-27,42.92307692307692,13
2015-11-28,65.3076923076923,13
2015-11-29,50.92307692307692,13
2015-11-30,48.75,12
2015-12-01,45.916666666666664,12
2015-12-02,46.75,12
2015-12-03,43.666666666666664,12
2015-12-04,47.75,12
2015-12-05,65.25,12
2015-12-06,63.416666666666664,12
2015-12-07,58.75,12
2015-12-08,62.666666666666664,12
2015-12-09,42.5,12
2015-12-10,31.307692307692307,13
2015-12-11,46,13
2015-12-12,73.6923076923077,13
2015-12-13,53.46153846153846,13
2015-12-14,41.416666666666664,12
2015-12-15,38,12
2015-12-16,48.916666666666664,12
2015-12-17,41.416666666666664,12
2015-12-18,40.75,12
2015-12-19,59.333333333333336,12
2015-12-20,73.58333333333333,12
2015-12-21,51.583333333333336,12
2015-12-22,49.416666666666664,12
2015-12-23,52.083333333333336,12
2015-12-24,55.333333333333336,12
2015-12-25,75.07692307692308,13
2015-12-26,62.30769230769231,13
2015-12-27,55.53846153846154,13
2015-12-28,60.69230769230769,13
2015-12-29,71,12
2015-12-30,50.666666666666664,12
2015-12-31,54.833333333333336,12
2016-01-01,47.083333333333336,12
2016-01-02,79.75,12
2016-01-03,50.5,12
2016-01-04,44.583333333333336,12
2016-01-05,42.666666666666664,12
2016-01-06,44.583333333333336,12
2016-01-07,36.5,12
2016-01-08,39.5,12
2016-01-09,56.23076923076923,13
2016-01-10,39.61538461538461,13
2016-01-11,39.46153846153846,13
2016-01-12,37,13
2016-01-13,48.84615384615385,13
2016-01-14,37.416666666666664,12
2016-01-15,39.75,12
2016-01-16,38.583333333333336,12
2016-01-17,40,12
2016-01-18,47.083333333333336,12
2016-01-19,36.583333333333336,12
2016-01-20,31.833333333333332,12
2016-01-21,37.916666666666664,12
2016-01-22,47.5,12
2016-01-23,42.5,12
2016-01-24,48.92307692307692,13
2016-01-25,38,13
2016-01-26,35,13
2016-01-27,42,13
2016-01-28,31.46153846153846,13
2016-01-29,44.666666666666664,12
2016-01-30,51.666666666666664,12
2016-01-31,42.416666666666664,12
2016-02-01,33.166666666666664,12
2016-02-02,41.583333333333336,12
2016-02-03,35.916666666666664,12
2016-02-04,43.75,12
2016-02-05,38.25,12
2016-02-06,53,12
2016-02-07,34.166666666666664,12
2016-02-08,50.15384615384615,13
2016-02-09,35.30769230769231,13
2016-02-10,36.53846153846154,13
2016-02-11,35.15384615384615,13
2016-02-12,40,13
2016-02-13,52.333333333333336,12
2016-02-14,39.166666666666664,12
2016-02-15,41.333333333333336,12
2016-02-16,32.583333333333336,12
2016-02-17,35.583333333333336,12
2016-02-18,42.333333333333336,12
2016-02-19,46.916666666666664,12
2016-02-20,69.58333333333333,12
2016-02-21,53.75,12
2016-02-22,41.333333333333336,12
2016-02-23,41.38461538461539,13
2016-02-24,41,13
2016-02-25,42.23076923076923,13
2016-02-26,45.38461538461539,13
2016-02-27,59.84615384615385,13
2016-02-28,53.75,12
2016-02-29,40.916666666666664,12
2016-03-01,37.666666666666664,12
2016-03-02,41.916666666666664,12
2016-03-03,48.583333333333336,12
2016-03-04,39.75,12
2016-03-05,62.583333333333336,12
2016-03-06,49.583333333333336,12
2016-03-07,46.166666666666664,12
2016-03-08,37.666666666666664,12
2016-03-09,38.53846153846154,13
2016-03-10,45.07692307692308,13
2016-03-11,44.84615384615385,13
2016-03-12,54.666666666666664,12
2016-03-13,47.583333333333336,12
2016-03-14,45.5,12
2016-03-15,45.5,12
2016-03-16,43.333333333333336,12
2016-03-17,37.166666666666664,12
2016-03-18,54.666666666666664,12
2016-03-19,83.75,12
2016-03-20,64,12
2016-03-21,51.666666666666664,12
2016-03-22,48.583333333333336,12
2016-03-23,53.666666666666664,12
2016-03-24,55.53846153846154,13
2016-03-25,73.15384615384616,13
2016-03-26,76.23076923076923,13
2016-03-27,77,12
2016-03-28,93.33333333333331,12
2016-03-29,69,12
2016-03-30,54.666666666666664,12
2016-03-31,62.833333333333336,12
2016-04-01,61.833333333333336,12
2016-04-02,87.16666666666667,12
2016-04-03,65.83333333333333,12
2016-04-04,76,12
2016-04-05,54.833333333333336,12
2016-04-06,57.833333333333336,12
2016-04-07,60.833333333333336,12
2016-04-08,55.61538461538461,13
2016-04-09,73.92307692307692,13
2016-04-10,71.92307692307692,13
2016-04-11,65.76923076923077,13
2016-04-12,62.416666666666664,12
2016-04-13,44.333333333333336,12
2016-04-14,56.333333333333336,12
2016-04-15,64.5,12
2016-04-16,81.5,12
2016-04-17,55.416666666666664,12
2016-04-18,48.333333333333336,12
2016-04-19,55.416666666666664,12
2016-04-20,55.416666666666664,12
2016-04-21,60.416666666666664,12
2016-04-22,67.5,12
2016-04-23,65.46153846153847,13
2016-04-24,58.30769230769231,13
2016-04-25,59.38461538461539,13
2016-04-26,46.30769230769231,13
2016-04-27,49,12
2016-04-28,49,12
2016-04-29,60,12
2016-04-30,77,12
2016-05-01,49,12
2016-05-02,53,12
2016-05-03,51,12
2016-05-04,56,12
2016-05-05,83,12
2016-05-06,100,12
2016-05-07,87,12
2016-05-08,71.23076923076923,13
2016-05-09,58,13
2016-05-10,48.84615384615385,13
2016-05-11,49.916666666666664,12
2016-05-12,50.916666666666664,12
2016-05-13,59,12
2016-05-14,83.5,12
2016-05-15,61.083333333333336,12
2016-05-16,81.5,12
2016-05-17,53.916666666666664,12
2016-05-18,50.916666666666664,12
2016-05-19,57,12
2016-05-20,60.083333333333336,12
2016-05-21,69.16666666666667,12
2016-05-22,66.16666666666667,12
2016-05-23,47.15384615384615,13
2016-05-24,55.38461538461539,13
2016-05-25,54.38461538461539,13
2016-05-26,62.083333333333336,12
2016-05-27,54.583333333333336,12
2016-05-28,64.08333333333333,12
2016-05-29,54.583333333333336,12
2016-05-30,54.583333333333336,12
2016-05-31,47.333333333333336,12
2016-06-01,35.666666666666664,12
2016-06-02,51.416666666666664,12
2016-06-03,51.416666666666664,12
2016-06-04,65.08333333333333,12
2016-06-05,44.166666666666664,12
2016-06-06,57.666666666666664,12
2016-06-07,48.30769230769231,13
2016-06-08,60.30769230769231,13
2016-06-09,48.53846153846154,13
2016-06-10,51.76923076923077,13
2016-06-11,56.416666666666664,12
2016-06-12,48.833333333333336,12
2016-06-13,36.75,12
2016-06-14,44.333333333333336,12
2016-06-15,39,12
2016-06-16,43.416666666666664,12
2016-06-17,43.416666666666664,12
2016-06-18,61.666666666666664,12
2016-06-19,47.666666666666664,12
2016-06-20,46.666666666666664,12
2016-06-21,47.833333333333336,12
2016-06-22,47.69230769230769,13
2016-06-23,45.30769230769231,13
2016-06-24,52.15384615384615,13
2016-06-25,47.61538461538461,13
2016-06-26,51.333333333333336,12
2016-06-27,45.75,12
2016-06-28,45.75,12
2016-06-29,55.916666666666664,12
2016-06-30,55.916666666666664,12
2016-07-01,53.666666666666664,12
2016-07-02,68.08333333333333,12
2016-07-03,56.916666666666664,12
2016-07-04,56.916666666666664,12
2016-07-05,59.25,12
2016-07-06,57.916666666666664,12
2016-07-07,56.92307692307692,13
2016-07-08,65.92307692307692,13
2016-07-09,81.6923076923077,13
2016-07-10,46,12
2016-07-11,54.083333333333336,12
2016-07-12,51.416666666666664,12
2016-07-13,56.5,12
2016-07-14,49.5,12
2016-07-15,57.083333333333336,12
2016-07-16,63.916666666666664,12
2016-07-17,51.75,12
2016-07-18,64.66666666666667,12
2016-07-19,64.25,12
2016-07-20,58.166666666666664,12
2016-07-21,56.083333333333336,12
2016-07-22,57.38461538461539,13
2016-07-23,81.61538461538461,13
2016-07-24,51.53846153846154,13
2016-07-25,69.5,12
2016-07-26,62.5,12
2016-07-27,59.083333333333336,12
2016-07-28,69.91666666666667,12
2016-07-29,68.41666666666667,12
2016-07-30,77.83333333333333,12
2016-07-31,62.5,12
2016-08-01,61.083333333333336,12
2016-08-02,60.083333333333336,12
2016-08-03,68.5,12
2016-08-04,59.083333333333336,12
2016-08-05,70.5,12
2016-08-06,77.84615384615384,13
2016-08-07,65.84615384615384,13
2016-08-08,69.38461538461539,13
2016-08-09,57.083333333333336,12
2016-08-10,51,12
2016-08-11,52.583333333333336,12
2016-08-12,67.75,12
2016-08-13,75.83333333333333,12
2016-08-14,59.166666666666664,12
2016-08-15,66.75,12
2016-08-16,44.666666666666664,12
2016-08-17,54.583333333333336,12
2016-08-18,56.583333333333336,12
2016-08-19,56.583333333333336,12
2016-08-20,70.33333333333333,12
2016-08-21,47,13
2016-08-22,54.15384615384615,13
2016-08-23,60.07692307692308,13
2016-08-24,55,12
2016-08-25,51.416666666666664,12
2016-08-26,57.666666666666664,12
2016-08-27,71.08333333333333,12
2016-08-28,46.5,12
2016-08-29,66.83333333333333,12
2016-08-30,52.333333333333336,12
2016-08-31,53.333333333333336,12
2016-09-01,53.75,12
2016-09-02,62.583333333333336,12
2016-09-03,58.666666666666664,12
2016-09-04,51.75,12
2016-09-05,64.76923076923077,13
2016-09-06,52.15384615384615,13
2016-09-07,53.76923076923077,13
2016-09-08,50.15384615384615,13
2016-09-09,56.46153846153846,13
2016-09-10,61.833333333333336,12
2016-09-11,48.25,12
2016-09-12,61.166666666666664,12
2016-09-13,50.25,12
2016-09-14,45.583333333333336,12
2016-09-15,56.416666666666664,12
2016-09-16,48.25,12
2016-09-17,59.416666666666664,12
2016-09-18,65.83333333333333,12
2016-09-19,54.75,12
2016-09-20,64.6923076923077,13
2016-09-21,52.53846153846154,13
2016-09-22,44.92307692307692,13
2016-09-23,50.92307692307692,13
2016-09-24,52.30769230769231,13
2016-09-25,49.833333333333336,12
2016-09-26,50.416666666666664,12
2016-09-27,48,12
2016-09-28,50.833333333333336,12
2016-09-29,45.75,12
2016-09-30,63,12
2016-10-01,65.83333333333333,12
2016-10-02,58.333333333333336,12
2016-10-03,58.333333333333336,12
2016-10-04,52.833333333333336,12
2016-10-05,53.46153846153846,13
2016-10-06,43.07692307692308,13
2016-10-07,53.61538461538461,13
2016-10-08,70,13
2016-10-09,60,12
2016-10-10,63,12
2016-10-11,57.75,12
2016-10-12,52.666666666666664,12
2016-10-13,50.833333333333336,12
2016-10-14,66.58333333333333,12
2016-10-15,70.5,12
2016-10-16,51.583333333333336,12
2016-10-17,60.583333333333336,12
2016-10-18,53.166666666666664,12
2016-10-19,52.5,12
2016-10-20,60.53846153846154,13
2016-10-21,47.69230769230769,13
2016-10-22,78,13
2016-10-23,52.23076923076923,13
2016-10-24,60.75,12
2016-10-25,52.333333333333336,12
2016-10-26,53.75,12
2016-10-27,51.416666666666664,12
2016-10-28,49.5,12
2016-10-29,69.91666666666667,12
2016-10-30,57.916666666666664,12
2016-10-31,59.833333333333336,12
2016-11-01,66.25,12
2016-11-02,50.083333333333336,12
2016-11-03,41.75,12
2016-11-04,44.76923076923077,13
2016-11-05,69.15384615384616,13
2016-11-06,57.53846153846154,13
2016-11-07,54.76923076923077,13
2016-11-08,49.38461538461539,13
2016-11-09,42.75,12
2016-11-10,45.75,12
2016-11-11,53.25,12
2016-11-12,61.416666666666664,12
2016-11-13,51.916666666666664,12
2016-11-14,60.416666666666664,12
2016-11-15,49.916666666666664,12
2016-11-16,55.75,12
2016-11-17,35.916666666666664,12
2016-11-18,54.083333333333336,12
2016-11-19,62.53846153846154,13
2016-11-20,51.84615384615385,13
2016-11-21,40.07692307692308,13
2016-11-22,44.53846153846154,13
2016-11-23,47.46153846153846,13
2016-11-24,54.916666666666664,12
2016-11-25,34.583333333333336,12
2016-11-26,74,12
2016-11-27,49.583333333333336,12
2016-11-28,54.166666666666664,12
2016-11-29,42.583333333333336,12
2016-11-30,60.083333333333336,12
2016-12-01,50.583333333333336,12
2016-12-02,50.333333333333336,12
2016-12-03,61.083333333333336,12
2016-12-04,56.15384615384615,13
2016-12-05,50,13
2016-12-06,45.38461538461539,13
2016-12-07,45.38461538461539,13
2016-12-08,51.916666666666664,12
2016-12-09,45.333333333333336,12
2016-12-10,60.166666666666664,12
2016-12-11,47.916666666666664,12
2016-12-12,49.416666666666664,12
2016-12-13,34.416666666666664,12
2016-12-14,36.583333333333336,12
2016-12-15,38.666666666666664,12
2016-12-16,43.75,12
2016-12-17,64.83333333333333,12
2016-12-18,51.5,12
2016-12-19,40.46153846153846,13
2016-12-20,37,13
2016-12-21,44,13
2016-12-22,39.53846153846154,13
2016-12-23,38.75,12
2016-12-24,36.25,12
2016-12-25,36.333333333333336,12
2016-12-26,56.25,12
2016-12-27,59.166666666666664,12
2016-12-28,67.08333333333333,12
2016-12-29,54.583333333333336,12
2016-12-30,58.666666666666664,12
2016-12-31,53.583333333333336,12
2017-01-01,41.25,12
2017-01-02,82.5,12
2017-01-03,63.61538461538461,13
2017-01-04,58.69230769230769,13
2017-01-05,45.53846153846154,13
2017-01-06,41.61538461538461,13
2017-01-07,46.53846153846154,13
2017-01-08,44.666666666666664,12
2017-01-09,38.416666666666664,12
2017-01-10,36.416666666666664,12
2017-01-11,48,12
2017-01-12,42.166666666666664,12
2017-01-13,45.666666666666664,12
2017-01-14,49.416666666666664,12
2017-01-15,37.416666666666664,12
2017-01-16,41.833333333333336,12
2017-01-17,43.166666666666664,12
2017-01-18,41.30769230769231,13
2017-01-19,40.69230769230769,13
2017-01-20,42.69230769230769,13
2017-01-21,50.76923076923077,13
2017-01-22,44,13
2017-01-23,41.666666666666664,12
2017-01-24,31.416666666666668,12
2017-01-25,39.333333333333336,12
2017-01-26,37.083333333333336,12
2017-01-27,45.416666666666664,12
2017-01-28,54.25,12
2017-01-29,37.416666666666664,12
2017-01-30,45.333333333333336,12
2017-01-31,38.416666666666664,12
2017-02-01,40.75,12
2017-02-02,44.92307692307692,13
2017-02-03,47.15384615384615,13
2017-02-04,57.61538461538461,13
2017-02-05,59.92307692307692,13
2017-02-06,42.61538461538461,13
2017-02-07,40.166666666666664,12
2017-02-08,46,12
2017-02-09,35.75,12
2017-02-10,40.25,12
2017-02-11,58.333333333333336,12
2017-02-12,43.666666666666664,12
2017-02-13,42.5,12
2017-02-14,37,12
2017-02-15,40.25,12
2017-02-16,42.416666666666664,12
2017-02-17,45.53846153846154,13
2017-02-18,64.3076923076923,13
2017-02-19,55.46153846153846,13
2017-02-20,53.15384615384615,13
2017-02-21,43.30769230769231,13
2017-02-22,42,12
2017-02-23,34.5,12
2017-02-24,54,12
2017-02-25,68.91666666666667,12
2017-02-26,53.833333333333336,12
2017-02-27,52.833333333333336,12
2017-02-28,44.333333333333336,12
2017-03-01,42.25,12
2017-03-02,44.333333333333336,12
2017-03-03,57,12
2017-03-04,70.76923076923077,13
2017-03-05,60.07692307692308,13
2017-03-06,55.833333333333336,12
2017-03-07,38.333333333333336,12
2017-03-08,44.583333333333336,12
2017-03-09,43.416666666666664,12
2017-03-10,51.833333333333336,12
2017-03-11,72.41666666666667,12
2017-03-12,68.33333333333333,12
2017-03-13,49.75,12
2017-03-14,53.833333333333336,12
2017-03-15,52.75,12
2017-03-16,51.75,12
2017-03-17,65.25,12
2017-03-18,76.5,12
2017-03-19,73.23076923076923,13
2017-03-20,51.69230769230769,13
2017-03-21,51.25,12
2017-03-22,49.25,12
2017-03-23,50.25,12
2017-03-24,56.25,12
2017-03-25,69.33333333333333,12
2017-03-26,63.333333333333336,12
2017-03-27,64.25,12
2017-03-28,61.333333333333336,12
2017-03-29,58.25,12
2017-03-30,67.25,12
2017-03-31,61.333333333333336,12
2017-04-01,95.41666666666669,12
2017-04-02,73.41666666666667,12
2017-04-03,61.23076923076923,13
2017-04-04,62.23076923076923,13
2017-04-05,54.23076923076923,13
2017-04-06,55,12
2017-04-07,56,12
2017-04-08,80,12
2017-04-09,72,12
2017-04-10,67,12
2017-04-11,56,12
2017-04-12,66,12
2017-04-13,63,12
2017-04-14,83,12
2017-04-15,97,12
2017-04-16,66,12
2017-04-17,100,12
2017-04-18,66.6923076923077,13
2017-04-19,53.53846153846154,13
2017-04-20,57.53846153846154,13
2017-04-21,50.583333333333336,12
2017-04-22,73.83333333333333,12
2017-04-23,59.666666666666664,12
2017-04-24,66.75,12
2017-04-25,53.583333333333336,12
2017-04-26,50.583333333333336,12
2017-04-27,51.583333333333336,12
2017-04-28,44.5,12
2017-04-29,60.666666666666664,12
2017-04-30,67.75,12
2017-05-01,72.83333333333333,12
2017-05-02,47.5,12
2017-05-03,52.07692307692308,13
2017-05-04,37.76923076923077,13
2017-05-05,49.166666666666664,12
2017-05-06,67.5,12
2017-05-07,46,12
2017-05-08,44,12
2017-05-09,48.166666666666664,12
2017-05-10,51.166666666666664,12
2017-05-11,37.833333333333336,12
2017-05-12,48.166666666666664,12
2017-05-13,70.66666666666667,12
2017-05-14,52.333333333333336,12
2017-05-15,52.166666666666664,12
2017-05-16,48.166666666666664,12
2017-05-17,56.333333333333336,12
2017-05-18,49.38461538461539,13
2017-05-19,63.84615384615385,13
2017-05-20,70.5,12
2017-05-21,58.75,12
2017-05-22,66.25,12
2017-05-23,62,12
2017-05-24,62,12
2017-05-25,75.5,12
2017-05-26,91,12
2017-05-27,83.75,12
2017-05-28,75.5,12
2017-05-29,60,12
2017-05-30,58,12
2017-05-31,50.75,12
2017-06-01,54.75,12
2017-06-02,66.92307692307692,13
2017-06-03,82.92307692307692,13
2017-06-04,60.84615384615385,13
2017-06-05,76.91666666666667,12
2017-06-06,53.416666666666664,12
2017-06-07,56,12
2017-06-08,50.666666666666664,12
2017-06-09,50.666666666666664,12
2017-06-10,86.25,12
2017-06-11,44,12
2017-06-12,53.75,12
2017-06-13,61.083333333333336,12
2017-06-14,55.75,12
2017-06-15,71.83333333333333,12
2017-06-16,73.83333333333333,12
2017-06-17,77.46153846153847,13
2017-06-18,59.23076923076923,13
2017-06-19,59,13
2017-06-20,60.75,12
2017-06-21,50.833333333333336,12
2017-06-22,60.75,12
2017-06-23,68.25,12
2017-06-24,58.333333333333336,12
2017-06-25,52.833333333333336,12
2017-06-26,52.083333333333336,12
2017-06-27,52.833333333333336,12
2017-06-28,46.583333333333336,12
2017-06-29,43.416666666666664,12
2017-06-30,53.083333333333336,12
2017-07-01,62.833333333333336,12
2017-07-02,58.92307692307692,13
2017-07-03,48.84615384615385,13
2017-07-04,49.166666666666664,12
2017-07-05,49.166666666666664,12
2017-07-06,48.166666666666664,12
2017-07-07,56.916666666666664,12
2017-07-08,66.5,12
2017-07-09,43.916666666666664,12
2017-07-10,58.916666666666664,12
2017-07-11,52.666666666666664,12
2017-07-12,50.5,12
2017-07-13,49.083333333333336,12
2017-07-14,58.25,12
2017-07-15,69.66666666666667,12
2017-07-16,53.666666666666664,12
2017-07-17,66.23076923076923,13
2017-07-18,63.61538461538461,13
2017-07-19,62.083333333333336,12
2017-07-20,58.75,12
2017-07-21,56.416666666666664,12
2017-07-22,63.083333333333336,12
2017-07-23,70.58333333333333,12
2017-07-24,68.33333333333333,12
2017-07-25,60.5,12
2017-07-26,68.16666666666667,12
2017-07-27,59.5,12
2017-07-28,57.416666666666664,12
2017-07-29,69.58333333333333,12
2017-07-30,56.416666666666664,12
2017-07-31,81.75,12
2017-08-01,52.38461538461539,13
2017-08-02,64.3076923076923,13
2017-08-03,65.75,12
2017-08-04,60.666666666666664,12
2017-08-05,70.58333333333333,12
2017-08-06,66.16666666666667,12
2017-08-07,67.91666666666667,12
2017-08-08,56.916666666666664,12
2017-08-09,58.916666666666664,12
2017-08-10,68.5,12
2017-08-11,56,12
2017-08-12,65.75,12
2017-08-13,51.083333333333336,12
2017-08-14,62.75,12
2017-08-15,64.83333333333333,12
2017-08-16,59.07692307692308,13
2017-08-17,54.92307692307692,13
2017-08-18,59.583333333333336,12
2017-08-19,60.666666666666664,12
2017-08-20,43.416666666666664,12
2017-08-21,58.583333333333336,12
2017-08-22,50,12
2017-08-23,52.666666666666664,12
2017-08-24,58.5,12
2017-08-25,47.583333333333336,12
2017-08-26,64.08333333333333,12
2017-08-27,40.583333333333336,12
2017-08-28,66.41666666666667,12
2017-08-29,61.916666666666664,12
2017-08-30,54.833333333333336,12
2017-08-31,53.84615384615385,13
2017-09-01,50.61538461538461,13
2017-09-02,76.53846153846153,13
2017-09-03,61.38461538461539,13
2017-09-04,54.84615384615385,13
2017-09-05,53.166666666666664,12
2017-09-06,46.083333333333336,12
2017-09-07,53.25,12
2017-09-08,54,12
2017-09-09,76.25,12
2017-09-10,56.583333333333336,12
2017-09-11,56,12
2017-09-12,49.083333333333336,12
2017-09-13,52.25,12
2017-09-14,46.25,12
2017-09-15,47.07692307692308,13
2017-09-16,54,13
2017-09-17,58.15384615384615,13
2017-09-18,55,13
2017-09-19,50.07692307692308,13
2017-09-20,50,12
2017-09-21,53.666666666666664,12
2017-09-22,54.666666666666664,12
2017-09-23,64.91666666666667,12
2017-09-24,53.75,12
2017-09-25,51.583333333333336,12
2017-09-26,49.583333333333336,12
2017-09-27,48.583333333333336,12
2017-09-28,48.583333333333336,12
2017-09-29,45.666666666666664,12
2017-09-30,63.69230769230769,13
2017-10-01,60.61538461538461,13
2017-10-02,60.61538461538461,13
2017-10-03,54.46153846153846,13
2017-10-04,52.083333333333336,12
2017-10-05,54.166666666666664,12
2017-10-06,62.333333333333336,12
2017-10-07,68.75,12
2017-10-08,62.25,12
2017-10-09,54.083333333333336,12
2017-10-10,50,12
2017-10-11,49,12
2017-10-12,53.083333333333336,12
2017-10-13,59.166666666666664,12
2017-10-14,60.333333333333336,12
2017-10-15,55.38461538461539,13
2017-10-16,52.38461538461539,13
2017-10-17,53.38461538461539,13
2017-10-18,55.38461538461539,13
2017-10-19,56.416666666666664,12
2017-10-20,52.25,12
2017-10-21,70.5,12
2017-10-22,55.333333333333336,12
2017-10-23,53.583333333333336,12
2017-10-24,57.416666666666664,12
2017-10-25,47.333333333333336,12
2017-10-26,52.25,12
2017-10-27,55.333333333333336,12
2017-10-28,68.5,12
2017-10-29,56.333333333333336,12
2017-10-30,57.53846153846154,13
2017-10-31,59.46153846153846,13
2017-11-01,55.61538461538461,13
2017-11-02,61.46153846153846,13
2017-11-03,53.46153846153846,13
2017-11-04,62.5,12
2017-11-05,55.333333333333336,12
2017-11-06,55.75,12
2017-11-07,53.75,12
2017-11-08,48.833333333333336,12
2017-11-09,39.666666666666664,12
2017-11-10,50.583333333333336,12
2017-11-11,79.33333333333333,12
2017-11-12,53.833333333333336,12
2017-11-13,53.416666666666664,12
2017-11-14,48.07692307692308,13
2017-11-15,53.61538461538461,13
2017-11-16,52.84615384615385,13
2017-11-17,50.61538461538461,13
2017-11-18,64.38461538461539,13
2017-11-19,51.583333333333336,12
2017-11-20,45.916666666666664,12
2017-11-21,48.666666666666664,12
2017-11-22,49.75,12
2017-11-23,40.083333333333336,12
2017-11-24,44,12
2017-11-25,59.5,12
2017-11-26,52,12
2017-11-27,52.5,12
2017-11-28,46.583333333333336,12
2017-11-29,52.76923076923077,13
2017-11-30,47.23076923076923,13
2017-12-01,47.15384615384615,13
2017-12-02,60.69230769230769,13
2017-12-03,51.25,12
2017-12-04,49.583333333333336,12
2017-12-05,46.75,12
2017-12-06,42.833333333333336,12
2017-12-07,46.666666666666664,12
2017-12-08,52.25,12
2017-12-09,50.333333333333336,12
2017-12-10,54,12
2017-12-11,39.75,12
2017-12-12,40.166666666666664,12
2017-12-13,40.75,12
2017-12-14,37.69230769230769,13
2017-12-15,40.23076923076923,13
2017-12-16,55.30769230769231,13
2017-12-17,53.69230769230769,13
2017-12-18,37.833333333333336,12
2017-12-19,35.666666666666664,12
2017-12-20,35.75,12
2017-12-21,34.75,12
2017-12-22,45.916666666666664,12
2017-12-23,45.083333333333336,12
2017-12-24,26,12
2017-12-25,41.416666666666664,12
2017-12-26,65.33333333333333,12
2017-12-27,58.75,12
2017-12-28,56.083333333333336,12
2017-12-29,52.61538461538461,13
2017-12-30,45.46153846153846,13
2017-12-31,34.46153846153846,13
2018-01-01,55.53846153846154,13
2018-01-02,91,13
2018-01-03,56.666666666666664,12
2018-01-04,50.583333333333336,12
2018-01-05,50.666666666666664,12
2018-01-06,57.666666666666664,12
2018-01-07,53.166666666666664,12
2018-01-08,42.083333333333336,12
2018-01-09,40.583333333333336,12
2018-01-10,48.666666666666664,12
2018-01-11,46.666666666666664,12
2018-01-12,46.666666666666664,12
2018-01-13,49.15384615384615,13
2018-01-14,44.69230769230769,13
2018-01-15,40.23076923076923,13
2018-01-16,46.76923076923077,13
2018-01-17,41.23076923076923,13
2018-01-18,40.833333333333336,12
2018-01-19,46.666666666666664,12
2018-01-20,55.083333333333336,12
2018-01-21,35.416666666666664,12
2018-01-22,44.25,12
2018-01-23,41.25,12
2018-01-24,44.25,12
2018-01-25,39.833333333333336,12
2018-01-26,46.666666666666664,12
2018-01-27,56.583333333333336,12
2018-01-28,41.92307692307692,13
2018-01-29,47.30769230769231,13
2018-01-30,39.61538461538461,13
2018-01-31,41.92307692307692,13
2018-02-01,42,13
2018-02-02,43.5,12
2018-02-03,57.416666666666664,12
2018-02-04,51.083333333333336,12
2018-02-05,42.416666666666664,12
2018-02-06,41.083333333333336,12
2018-02-07,36.833333333333336,12
2018-02-08,38.083333333333336,12
2018-02-09,39.416666666666664,12
2018-02-10,56.416666666666664,12
2018-02-11,46.833333333333336,12
2018-02-12,45.46153846153846,13
2018-02-13,44.46153846153846,13
2018-02-14,41.15384615384615,13
2018-02-15,44.15384615384615,13
2018-02-16,51.76923076923077,13
2018-02-17,58.666666666666664,12
2018-02-18,51.416666666666664,12
2018-02-19,46.833333333333336,12
2018-02-20,45.666666666666664,12
2018-02-21,44.833333333333336,12
2018-02-22,44.583333333333336,12
2018-02-23,50.25,12
2018-02-24,55.416666666666664,12
2018-02-25,48.166666666666664,12
2018-02-26,43.916666666666664,12
2018-02-27,45.69230769230769,13
2018-02-28,47.61538461538461,13
2018-03-01,44.69230769230769,13
2018-03-02,41.38461538461539,13
2018-03-03,58.38461538461539,13
2018-03-04,43,12
2018-03-05,47.166666666666664,12
2018-03-06,54.333333333333336,12
2018-03-07,44.916666666666664,12
2018-03-08,41.833333333333336,12
2018-03-09,58.5,12
2018-03-10,64.91666666666667,12
2018-03-11,58.5,12
2018-03-12,57.5,12
2018-03-13,55.333333333333336,12
2018-03-14,49,13
2018-03-15,52.07692307692308,13
2018-03-16,57.333333333333336,12
2018-03-17,82.91666666666667,12
2018-03-18,58.333333333333336,12
2018-03-19,62.416666666666664,12
2018-03-20,47.166666666666664,12
2018-03-21,46,12
2018-03-22,48.083333333333336,12
2018-03-23,51.25,12
2018-03-24,75.75,12
2018-03-25,63.416666666666664,12
2018-03-26,65.5,12
2018-03-27,60.416666666666664,12
2018-03-28,61.416666666666664,12
2018-03-29,52.15384615384615,13
2018-03-30,82.76923076923077,13
2018-03-31,89.41666666666667,12
2018-04-01,69.33333333333333,12
2018-04-02,87.41666666666667,12
2018-04-03,68.33333333333333,12
2018-04-04,65.25,12
2018-04-05,60.333333333333336,12
2018-04-06,81.41666666666667,12
2018-04-07,92.41666666666669,12
2018-04-08,86.41666666666667,12
2018-04-09,83.41666666666667,12
2018-04-10,83.41666666666667,12
2018-04-11,76.33333333333333,12
2018-04-12,70.33333333333333,12
2018-04-13,69.23076923076923,13
2018-04-14,95.3846153846154,13
2018-04-15,83.38461538461539,13
2018-04-16,75,12
2018-04-17,69,12
2018-04-18,69,12
2018-04-19,75,12
2018-04-20,74,12
2018-04-21,98,12
2018-04-22,87,12
2018-04-23,74,12
2018-04-24,78,12
2018-04-25,71,12
2018-04-26,85,12
2018-04-27,74,12
2018-04-28,100,13
2018-04-29,85,13
2018-04-30,89,13
2018-05-01,93,12
2018-05-02,68,12
2018-05-03,55,12
2018-05-04,71,12
2018-05-05,86,12
2018-05-06,77,12
2018-05-07,75,12
2018-05-08,63,12
2018-05-09,62,12
2018-05-10,87,12
2018-05-11,93,12
2018-05-12,85,12
2018-05-13,58.15384615384615,13
2018-05-14,68.15384615384616,13
2018-05-15,62.083333333333336,12
2018-05-16,53.166666666666664,12
2018-05-17,52.166666666666664,12
2018-05-18,66.16666666666667,12
2018-05-19,82.25,12
2018-05-20,62.166666666666664,12
2018-05-21,97.25,12
2018-05-22,68.16666666666667,12
2018-05-23,57.166666666666664,12
2018-05-24,55.166666666666664,12
2018-05-25,55.166666666666664,12
2018-05-26,71.16666666666667,12
2018-05-27,61.166666666666664,12
2018-05-28,64.15384615384616,13
2018-05-29,58.92307692307692,13
2018-05-30,55.083333333333336,12
2018-05-31,79.41666666666667,12
2018-06-01,76.5,12
2018-06-02,79.41666666666667,12
2018-06-03,67.25,12
2018-06-04,63.166666666666664,12
2018-06-05,56.916666666666664,12
2018-06-06,61.166666666666664,12
2018-06-07,46.75,12
2018-06-08,55.083333333333336,12
2018-06-09,76.41666666666667,12
2018-06-10,59.083333333333336,12
2018-06-11,60,12
2018-06-12,50.61538461538461,13
2018-06-13,53.61538461538461,13
2018-06-14,38.15384615384615,13
2018-06-15,48.833333333333336,12
2018-06-16,76.5,12
2018-06-17,43.416666666666664,12
2018-06-18,55,12
2018-06-19,50.833333333333336,12
2018-06-20,45.666666666666664,12
2018-06-21,46.583333333333336,12
2018-06-22,46.583333333333336,12
2018-06-23,62.166666666666664,12
2018-06-24,49.833333333333336,12
2018-06-25,60,12
2018-06-26,49.833333333333336,12
2018-06-27,40.69230769230769,13
2018-06-28,49.15384615384615,13
2018-06-29,58.38461538461539,13
2018-06-30,75.66666666666667,12
2018-07-01,53.666666666666664,12
2018-07-02,61.833333333333336,12
2018-07-03,49.333333333333336,12
2018-07-04,56.916666666666664,12
2018-07-05,58.833333333333336,12
2018-07-06,51.666666666666664,12
2018-07-07,69.41666666666667,12
2018-07-08,56.666666666666664,12
2018-07-09,65.16666666666667,12
2018-07-10,55.583333333333336,12
2018-07-11,53.666666666666664,12
2018-07-12,55.23076923076923,13
2018-07-13,62.76923076923077,13
2018-07-14,69.41666666666667,12
2018-07-15,55.5,12
2018-07-16,63.083333333333336,12
2018-07-17,55.5,12
2018-07-18,61.833333333333336,12
2018-07-19,54.333333333333336,12
2018-07-20,66.16666666666667,12
2018-07-21,64.16666666666667,12
2018-07-22,56.75,12
2018-07-23,67.16666666666667,12
2018-07-24,61.666666666666664,12
2018-07-25,55.416666666666664,12
2018-07-26,55.333333333333336,12
2018-07-27,60.23076923076923,13
2018-07-28,82.76923076923077,13
2018-07-29,59.75,12
2018-07-30,86.41666666666667,12
2018-07-31,60.583333333333336,12
2018-08-01,61.5,12
2018-08-02,83.25,12
2018-08-03,67.16666666666667,12
2018-08-04,90.66666666666669,12
2018-08-05,61.5,12
2018-08-06,67.41666666666667,12
2018-08-07,56.333333333333336,12
2018-08-08,61.75,12
2018-08-09,58.25,12
2018-08-10,65,12
2018-08-11,67.92307692307692,13
2018-08-12,51.53846153846154,13
2018-08-13,64.91666666666667,12
2018-08-14,56.833333333333336,12
2018-08-15,69.16666666666667,12
2018-08-16,57.083333333333336,12
2018-08-17,65.91666666666667,12
2018-08-18,71.41666666666667,12
2018-08-19,60.666666666666664,12
2018-08-20,59.166666666666664,12
2018-08-21,54.916666666666664,12
2018-08-22,51.583333333333336,12
2018-08-23,61.666666666666664,12
2018-08-24,59.083333333333336,12
2018-08-25,72.66666666666667,12
2018-08-26,54.23076923076923,13
2018-08-27,57.53846153846154,13
2018-08-28,48.416666666666664,12
2018-08-29,50,12
2018-08-30,46.75,12
2018-08-31,55.333333333333336,12
2018-09-01,70.16666666666667,12
2018-09-02,54.333333333333336,12
2018-09-03,48.75,12
2018-09-04,50,12
2018-09-05,53.666666666666664,12
2018-09-06,44.75,12
2018-09-07,56.333333333333336,12
2018-09-08,60.25,12
2018-09-09,47.75,12
2018-09-10,57.30769230769231,13
2018-09-11,52.23076923076923,13
2018-09-12,47,13
2018-09-13,51.61538461538461,13
2018-09-14,55.84615384615385,13
2018-09-15,71.41666666666667,12
2018-09-16,43.75,12
2018-09-17,58.75,12
2018-09-18,53.083333333333336,12
2018-09-19,49.416666666666664,12
2018-09-20,53.416666666666664,12
2018-09-21,51.166666666666664,12
2018-09-22,63.5,12
2018-09-23,49.416666666666664,12
2018-09-24,53.416666666666664,12
2018-09-25,54.30769230769231,13
2018-09-26,54.92307692307692,13
2018-09-27,48.30769230769231,13
2018-09-28,47.30769230769231,13
2018-09-29,69,13
2018-09-30,48.083333333333336,12
2018-10-01,50,12
2018-10-02,55.416666666666664,12
2018-10-03,52,12
2018-10-04,52.833333333333336,12
2018-10-05,56.75,12
2018-10-06,75.91666666666667,12
2018-10-07,51,12
2018-10-08,58.666666666666664,12
2018-10-09,53.833333333333336,12
2018-10-10,47.46153846153846,13
2018-10-11,59.07692307692308,13
2018-10-12,55.07692307692308,13
2018-10-13,75.84615384615384,13
2018-10-14,54,12
2018-10-15,51.166666666666664,12
2018-10-16,53,12
2018-10-17,62.666666666666664,12
2018-10-18,54,12
2018-10-19,54.583333333333336,12
2018-10-20,77.5,12
2018-10-21,45.833333333333336,12
2018-10-22,53.583333333333336,12
2018-10-23,47.833333333333336,12
2018-10-24,59.666666666666664,12
2018-10-25,52.23076923076923,13
2018-10-26,55.15384615384615,13
2018-10-27,73.3076923076923,13
2018-10-28,53.30769230769231,13
2018-10-29,53.666666666666664,12
2018-10-30,56.833333333333336,12
2018-10-31,52.666666666666664,12
2018-11-01,74.83333333333333,12
2018-11-02,61.666666666666664,12
2018-11-03,73.91666666666667,12
2018-11-04,51,12
2018-11-05,51.833333333333336,12
2018-11-06,49.916666666666664,12
2018-11-07,51.916666666666664,12
2018-11-08,54.583333333333336,12
2018-11-09,56.53846153846154,13
2018-11-10,72.84615384615384,13
2018-11-11,50.07692307692308,13
2018-11-12,56.15384615384615,13
2018-11-13,55.61538461538461,13
2018-11-14,46.75,12
2018-11-15,48.083333333333336,12
2018-11-16,49.5,12
2018-11-17,73.58333333333333,12
2018-11-18,54.583333333333336,12
2018-11-19,53.166666666666664,12
2018-11-20,43.5,12
2018-11-21,58.666666666666664,12
2018-11-22,56.416666666666664,12
2018-11-23,49.583333333333336,12
2018-11-24,68.23076923076923,13
2018-11-25,54.69230769230769,13
2018-11-26,56.61538461538461,13
2018-11-27,45.23076923076923,13
2018-11-28,50.23076923076923,13
2018-11-29,45.083333333333336,12
2018-11-30,42.333333333333336,12
2018-12-01,58.833333333333336,12
2018-12-02,45.833333333333336,12
2018-12-03,58.583333333333336,12
2018-12-04,45.333333333333336,12
2018-12-05,44.166666666666664,12
2018-12-06,47.75,12
2018-12-07,55.833333333333336,12
2018-12-08,72.75,12
2018-12-09,58.76923076923077,13
2018-12-10,50.84615384615385,13
2018-12-11,47.15384615384615,13
2018-12-12,40.30769230769231,13
2018-12-13,41.833333333333336,12
2018-12-14,38.416666666666664,12
2018-12-15,60.75,12
2018-12-16,61.25,12
2018-12-17,38.166666666666664,12
2018-12-18,41.833333333333336,12
2018-12-19,41.25,12
2018-12-20,32.5,12
2018-12-21,41.916666666666664,12
2018-12-22,65.41666666666667,12
2018-12-23,66.33333333333333,12
2018-12-24,55,13
2018-12-25,36.07692307692308,13
2018-12-26,60.69230769230769,13
2018-12-27,63.15384615384615,13
2018-12-28,61.75,12
2018-12-29,58.75,12
2018-12-30,54.166666666666664,12
2018-12-31,56.166666666666664,12
2019-01-01,50.583333333333336,12
2019-01-02,84.5,12
2019-01-03,63.25,12
2019-01-04,45.583333333333336,12
2019-01-05,58.75,12
2019-01-06,33.416666666666664,12
2019-01-07,44.083333333333336,12
2019-01-08,46.30769230769231,13
2019-01-09,35.92307692307692,13
2019-01-10,37.30769230769231,13
2019-01-11,32.84615384615385,13
2019-01-12,47.76923076923077,13
2019-01-13,33.25,12
2019-01-14,36.75,12
2019-01-15,39.166666666666664,12
2019-01-16,36.333333333333336,12
2019-01-17,44.5,12
2019-01-18,37.666666666666664,12
2019-01-19,46.416666666666664,12
2019-01-20,41.583333333333336,12
2019-01-21,40.666666666666664,12
2019-01-22,45.083333333333336,12
2019-01-23,45.84615384615385,13
2019-01-24,42.46153846153846,13
2019-01-25,43.46153846153846,13
2019-01-26,52,13
2019-01-27,49.61538461538461,13
2019-01-28,43.583333333333336,12
2019-01-29,37.75,12
2019-01-30,36.5,12
2019-01-31,35.416666666666664,12
2019-02-01,37.833333333333336,12
2019-02-02,42.583333333333336,12
2019-02-03,37.5,12
2019-02-04,40.25,12
2019-02-05,41.166666666666664,12
2019-02-06,42.583333333333336,12
2019-02-07,44.07692307692308,13
2019-02-08,38.38461538461539,13
2019-02-09,53.69230769230769,13
2019-02-10,38.69230769230769,13
2019-02-11,37.38461538461539,13
2019-02-12,37.75,12
2019-02-13,41.333333333333336,12
2019-02-14,34.166666666666664,12
2019-02-15,36.5,12
2019-02-16,60.333333333333336,12
2019-02-17,45.583333333333336,12
2019-02-18,47.916666666666664,12
2019-02-19,41,12
2019-02-20,45.666666666666664,12
2019-02-21,48.916666666666664,12
2019-02-22,46.46153846153846,13
2019-02-23,59,13
2019-02-24,47.46153846153846,13
2019-02-25,44.15384615384615,13
2019-02-26,45,13
2019-02-27,39.75,12
2019-02-28,41.666666666666664,12
2019-03-01,45.166666666666664,12
2019-03-02,55.166666666666664,12
2019-03-03,40.75,12
2019-03-04,49.416666666666664,12
2019-03-05,49.416666666666664,12
2019-03-06,39.75,12
2019-03-07,39.583333333333336,12
2019-03-08,46.083333333333336,12
2019-03-09,62.30769230769231,13
2019-03-10,52.53846153846154,13
2019-03-11,45.416666666666664,12
2019-03-12,41.166666666666664,12
2019-03-13,40.083333333333336,12
2019-03-14,41.166666666666664,12
2019-03-15,39.083333333333336,12
2019-03-16,62.333333333333336,12
2019-03-17,54,12
2019-03-18,56,12
2019-03-19,49.75,12
2019-03-20,56,12
2019-03-21,48.666666666666664,12
2019-03-22,48.583333333333336,12
2019-03-23,77.08333333333333,12
2019-03-24,65.3076923076923,13
2019-03-25,59.92307692307692,13
2019-03-26,49.25,12
2019-03-27,46.166666666666664,12
2019-03-28,50.25,12
2019-03-29,58.416666666666664,12
2019-03-30,78,12
2019-03-31,57.416666666666664,12
2019-04-01,58.5,12
2019-04-02,51.333333333333336,12
2019-04-03,55.416666666666664,12
2019-04-04,40,12
2019-04-05,53.333333333333336,12
2019-04-06,68.75,12
2019-04-07,61.583333333333336,12
2019-04-08,54.30769230769231,13
2019-04-09,50.15384615384615,13
2019-04-10,44,13
2019-04-11,44,12
2019-04-12,49,12
2019-04-13,69,12
2019-04-14,57,12
2019-04-15,51,12
2019-04-16,56,12
2019-04-17,52,12
2019-04-18,57,12
2019-04-19,73,12
2019-04-20,90,12
2019-04-21,74,12
2019-04-22,100,12
2019-04-23,67.3076923076923,13
2019-04-24,57.15384615384615,13
2019-04-25,64.23076923076923,13
2019-04-26,60.25,12
2019-04-27,69.41666666666667,12
2019-04-28,52.083333333333336,12
2019-04-29,48,12
2019-04-30,53.083333333333336,12
2019-05-01,69.41666666666667,12
2019-05-02,51.083333333333336,12
2019-05-03,56.166666666666664,12
2019-05-04,68.41666666666667,12
2019-05-05,46,12
2019-05-06,53.083333333333336,12
2019-05-07,39.833333333333336,12
2019-05-08,41.53846153846154,13
2019-05-09,45.69230769230769,13
2019-05-10,45.833333333333336,12
2019-05-11,60.5,12
2019-05-12,42.833333333333336,12
2019-05-13,50,12
2019-05-14,47,12
2019-05-15,43.833333333333336,12
2019-05-16,44.666666666666664,12
2019-05-17,46.833333333333336,12
2019-05-18,59.333333333333336,12
2019-05-19,49,12
2019-05-20,52.166666666666664,12
2019-05-21,49,12
2019-05-22,44.833333333333336,12
2019-05-23,47.53846153846154,13
2019-05-24,48.53846153846154,13
2019-05-25,66,12
2019-05-26,52,12
2019-05-27,56.5,12
2019-05-28,49,12
2019-05-29,51,12
2019-05-30,67,12
2019-05-31,85,12
2019-06-01,67,12
2019-06-02,60.5,12
2019-06-03,62.75,12
2019-06-04,52.25,12
2019-06-05,51.25,12
2019-06-06,51,12
2019-06-07,50.38461538461539,13
2019-06-08,66.84615384615384,13
2019-06-09,55.76923076923077,13
2019-06-10,75.83333333333333,12
2019-06-11,48.416666666666664,12
2019-06-12,44,12
2019-06-13,46.083333333333336,12
2019-06-14,53.083333333333336,12
2019-06-15,67.08333333333333,12
2019-06-16,39.583333333333336,12
2019-06-17,51.833333333333336,12
2019-06-18,51.75,12
2019-06-19,54.166666666666664,12
2019-06-20,57.5,12
2019-06-21,54.166666666666664,12
2019-06-22,72.84615384615384,13
2019-06-23,61.23076923076923,13
2019-06-24,63.38461538461539,13
2019-06-25,56.333333333333336,12
2019-06-26,54.916666666666664,12
2019-06-27,55.916666666666664,12
2019-06-28,60.5,12
2019-06-29,63.916666666666664,12
2019-06-30,50.666666666666664,12
2019-07-01,62.916666666666664,12
2019-07-02,55.25,12
2019-07-03,50.666666666666664,12
2019-07-04,56.25,12
2019-07-05,52.916666666666664,12
2019-07-06,60.5,12
2019-07-07,54.07692307692308,13
2019-07-08,54.07692307692308,13
2019-07-09,58,12
2019-07-10,52.25,12
2019-07-11,51.083333333333336,12
2019-07-12,52.25,12
2019-07-13,60.75,12
2019-07-14,49.583333333333336,12
2019-07-15,54.75,12
2019-07-16,47.833333333333336,12
2019-07-17,51.25,12
2019-07-18,55.833333333333336,12
2019-07-19,57.25,12
2019-07-20,76.41666666666667,12
2019-07-21,66.91666666666667,12
2019-07-22,72.46153846153847,13
2019-07-23,56,13
2019-07-24,67.58333333333333,12
2019-07-25,51.833333333333336,12
2019-07-26,51.833333333333336,12
2019-07-27,81.25,12
2019-07-28,51.833333333333336,12
2019-07-29,59.666666666666664,12
2019-07-30,60.666666666666664,12
2019-07-31,55.75,12
2019-08-01,60.666666666666664,12
2019-08-02,64,12
2019-08-03,66.58333333333333,12
2019-08-04,52.916666666666664,12
2019-08-05,60.083333333333336,12
2019-08-06,54.84615384615385,13
2019-08-07,54.15384615384615,13
2019-08-08,53.833333333333336,12
2019-08-09,59.166666666666664,12
2019-08-10,66.58333333333333,12
2019-08-11,52.666666666666664,12
2019-08-12,57.166666666666664,12
2019-08-13,56.083333333333336,12
2019-08-14,58.916666666666664,12
2019-08-15,65.91666666666667,12
2019-08-16,61.166666666666664,12
2019-08-17,59.833333333333336,12
2019-08-18,45.666666666666664,12
2019-08-19,51,12
2019-08-20,47.666666666666664,12
2019-08-21,51.76923076923077,13
2019-08-22,54.46153846153846,13
2019-08-23,52.5,12
2019-08-24,63.416666666666664,12
2019-08-25,48,12
2019-08-26,52.5,12
2019-08-27,51.5,12
2019-08-28,47.25,12
2019-08-29,47.25,12
2019-08-30,52.083333333333336,12
2019-08-31,57.75,12
2019-09-01,44.083333333333336,12
2019-09-02,50.5,12
2019-09-03,46.833333333333336,12
2019-09-04,47.25,12
2019-09-05,54.38461538461539,13
2019-09-06,55.15384615384615,13
2019-09-07,68,13
2019-09-08,46.30769230769231,13
2019-09-09,56.46153846153846,13
2019-09-10,46,12
2019-09-11,46.583333333333336,12
2019-09-12,48.833333333333336,12
2019-09-13,56.333333333333336,12
2019-09-14,65.58333333333333,12
2019-09-15,52.416666666666664,12
2019-09-16,49.416666666666664,12
2019-09-17,43.416666666666664,12
2019-09-18,47.833333333333336,12
2019-09-19,49.666666666666664,12
2019-09-20,47.46153846153846,13
2019-09-21,49.61538461538461,13
2019-09-22,45.07692307692308,13
2019-09-23,53.38461538461539,13
2019-09-24,42.15384615384615,13
2019-09-25,46.916666666666664,12
2019-09-26,50.416666666666664,12
2019-09-27,53.25,12
2019-09-28,62.75,12
2019-09-29,46.583333333333336,12
2019-09-30,55.833333333333336,12
2019-10-01,48.583333333333336,12
2019-10-02,57.333333333333336,12
2019-10-03,54.5,12
2019-10-04,53.25,12
2019-10-05,64.23076923076923,13
2019-10-06,44.76923076923077,13
2019-10-07,57.84615384615385,13
2019-10-08,48.61538461538461,13
2019-10-09,59.083333333333336,12
2019-10-10,56.333333333333336,12
2019-10-11,51.166666666666664,12
2019-10-12,65,12
2019-10-13,45.25,12
2019-10-14,49.083333333333336,12
2019-10-15,47.833333333333336,12
2019-10-16,54.5,12
2019-10-17,53.25,12
2019-10-18,55.5,12
2019-10-19,62.75,12
2019-10-20,47.84615384615385,13
2019-10-21,56.69230769230769,13
2019-10-22,50.92307692307692,13
2019-10-23,49.61538461538461,13
2019-10-24,52.416666666666664,12
2019-10-25,55.166666666666664,12
2019-10-26,60.25,12
2019-10-27,45.333333333333336,12
2019-10-28,55.666666666666664,12
2019-10-29,51.666666666666664,12
2019-10-30,49.083333333333336,12
2019-10-31,52.166666666666664,12
2019-11-01,61.75,12
2019-11-02,71.91666666666667,12
2019-11-03,53.666666666666664,12
2019-11-04,50.46153846153846,13
2019-11-05,47.23076923076923,13
2019-11-06,45.30769230769231,13
2019-11-07,49.69230769230769,13
2019-11-08,48.76923076923077,13
2019-11-09,60.5,12
2019-11-10,55,12
2019-11-11,59.083333333333336,12
2019-11-12,50.333333333333336,12
2019-11-13,46,12
2019-11-14,55,12
2019-11-15,46.75,12
2019-11-16,68.41666666666667,12
2019-11-17,45.666666666666664,12
2019-11-18,54.416666666666664,12
2019-11-19,45.92307692307692,13
2019-11-20,53.76923076923077,13
2019-11-21,49.84615384615385,13
2019-11-22,52.46153846153846,13
2019-11-23,62.30769230769231,13
2019-11-24,56.083333333333336,12
2019-11-25,49.583333333333336,12
2019-11-26,45.583333333333336,12
2019-11-27,41.916666666666664,12
2019-11-28,42.5,12
2019-11-29,51.666666666666664,12
2019-11-30,63.25,12
2019-12-01,59.833333333333336,12
2019-12-02,45.833333333333336,12
2019-12-03,45.916666666666664,12
2019-12-04,42.76923076923077,13
2019-12-05,38.38461538461539,13
2019-12-06,45.53846153846154,13
2019-12-07,57,13
2019-12-08,53,12
2019-12-09,41.5,12
2019-12-10,42.75,12
2019-12-11,39.75,12
2019-12-12,40,12
2019-12-13,43.5,12
2019-12-14,53.25,12
2019-12-15,44.5,12
2019-12-16,43.75,12
2019-12-17,38,12
2019-12-18,36.5,12
2019-12-19,32.69230769230769,13
2019-12-20,38.46153846153846,13
2019-12-21,54.69230769230769,13
2019-12-22,59.76923076923077,13
2019-12-23,54.666666666666664,12
2019-12-24,40.083333333333336,12
2019-12-25,40.916666666666664,12
2019-12-26,55.75,12
2019-12-27,58.833333333333336,12
2019-12-28,56.5,12
2019-12-29,42.833333333333336,12
2019-12-30,56.333333333333336,12
2019-12-31,41.166666666666664,12
2020-01-01,45.666666666666664,12
2020-01-02,73,12
2020-01-03,56.23076923076923,13
2020-01-04,46.30769230769231,13
2020-01-05,43.69230769230769,13
2020-01-06,39.53846153846154,13
2020-01-07,36.69230769230769,13
2020-01-08,42.833333333333336,12
2020-01-09,28.916666666666668,12
2020-01-10,44.5,12
2020-01-11,44.75,12
2020-01-12,34.083333333333336,12
2020-01-13,39.583333333333336,12
2020-01-14,33.5,12
2020-01-15,36.75,12
2020-01-16,37.25,12
2020-01-17,40.916666666666664,12
2020-01-18,43.23076923076923,13
2020-01-19,38.53846153846154,13
2020-01-20,41.38461538461539,13
2020-01-21,31.307692307692307,13
2020-01-22,29.692307692307693,13
2020-01-23,30.25,12
2020-01-24,35.25,12
2020-01-25,41.5,12
2020-01-26,35.25,12
2020-01-27,38.5,12
2020-01-28,37,12
2020-01-29,33,12
2020-01-30,34.25,12
2020-01-31,38,12
2020-02-01,58.75,12
2020-02-02,38.61538461538461,13
2020-02-03,38.84615384615385,13
2020-02-04,36.38461538461539,13
2020-02-05,36.61538461538461,13
2020-02-06,34.92307692307692,13
2020-02-07,31.166666666666668,12
2020-02-08,43.833333333333336,12
2020-02-09,34.166666666666664,12
2020-02-10,34.333333333333336,12
2020-02-11,35.916666666666664,12
2020-02-12,35.5,12
2020-02-13,34.333333333333336,12
2020-02-14,39.25,12
2020-02-15,47.333333333333336,12
2020-02-16,37.083333333333336,12
2020-02-17,39.92307692307692,13
2020-02-18,32.53846153846154,13
2020-02-19,33.69230769230769,13
2020-02-20,31.384615384615383,13
2020-02-21,35.84615384615385,13
2020-02-22,40.083333333333336,12
2020-02-23,33.083333333333336,12
2020-02-24,37.916666666666664,12
2020-02-25,37.916666666666664,12
2020-02-26,35.25,12
2020-02-27,30.583333333333332,12
2020-02-28,31.666666666666668,12
2020-02-29,48.5,12
2020-03-01,41.5,12
2020-03-02,34.416666666666664,12
2020-03-03,33.92307692307692,13
2020-03-04,30.23076923076923,13
2020-03-05,34.69230769230769,13
2020-03-06,26.75,12
2020-03-07,43.5,12
2020-03-08,32.5,12
2020-03-09,33.5,12
2020-03-10,26.75,12
2020-03-11,28.75,12
2020-03-12,31.25,12
2020-03-13,26.75,12
2020-03-14,44.5,12
2020-03-15,42.5,12
2020-03-16,64.75,12
2020-03-17,76,12
2020-03-18,47.84615384615385,13
2020-03-19,43.15384615384615,13
2020-03-20,35.23076923076923,13
2020-03-21,38.833333333333336,12
2020-03-22,35.5,12
2020-03-23,33.5,12
2020-03-24,29,12
2020-03-25,30.166666666666668,12
2020-03-26,33.333333333333336,12
2020-03-27,33.333333333333336,12
2020-03-28,50.666666666666664,12
2020-03-29,50.666666666666664,12
2020-03-30,36.666666666666664,12
2020-03-31,38.666666666666664,12
2020-04-01,39.833333333333336,12
2020-04-02,44.92307692307692,13
2020-04-03,47.07692307692308,13
2020-04-04,66.46153846153847,13
2020-04-05,70.76923076923077,13
2020-04-06,62.333333333333336,12
2020-04-07,57.083333333333336,12
2020-04-08,54,12
2020-04-09,39.5,12
2020-04-10,47.75,12
2020-04-11,50.916666666666664,12
2020-04-12,55,12
2020-04-13,60.25,12
2020-04-14,62.333333333333336,12
2020-04-15,52.916666666666664,12
2020-04-16,46.666666666666664,12
2020-04-17,49.76923076923077,13
2020-04-18,56.92307692307692,13
2020-04-19,59,13
2020-04-20,49.76923076923077,13
2020-04-21,43,12
2020-04-22,41,12
2020-04-23,45,12
2020-04-24,48,12
2020-04-25,62,12
2020-04-26,85,12
2020-04-27,100,12
2020-04-28,71,12
2020-04-29,60,12
2020-04-30,67,12
2020-05-01,82,12
2020-05-02,85.23076923076923,13
2020-05-03,68,13
2020-05-04,62.92307692307692,13
2020-05-05,59,12
2020-05-06,54.833333333333336,12
2020-05-07,56.916666666666664,12
2020-05-08,60,12
2020-05-09,76.25,12
2020-05-10,57.916666666666664,12
2020-05-11,57.916666666666664,12
2020-05-12,49.833333333333336,12
2020-05-13,51.833333333333336,12
2020-05-14,49.75,12
2020-05-15,55.833333333333336,12
2020-05-16,63.083333333333336,12
2020-05-17,64.3076923076923,13
2020-05-18,65.3076923076923,13
2020-05-19,61.15384615384615,13
2020-05-20,57.166666666666664,12
2020-05-21,76.91666666666667,12
2020-05-22,82.08333333333333,12
2020-05-23,71.58333333333333,12
2020-05-24,61.166666666666664,12
2020-05-25,59.25,12
2020-05-26,49.75,12
2020-05-27,51.916666666666664,12
2020-05-28,48.916666666666664,12
2020-05-29,50.833333333333336,12
2020-05-30,62.25,12
2020-05-31,49.916666666666664,12
2020-06-01,70,13
2020-06-02,54.84615384615385,13
2020-06-03,49.53846153846154,13
2020-06-04,48.53846153846154,13
2020-06-05,46.5,12
2020-06-06,63.833333333333336,12
2020-06-07,48.75,12
2020-06-08,47.5,12
2020-06-09,43.416666666666664,12
2020-06-10,46.416666666666664,12
2020-06-11,52.166666666666664,12
2020-06-12,48.75,12
2020-06-13,57.333333333333336,12
2020-06-14,44.416666666666664,12
2020-06-15,42.166666666666664,12
2020-06-16,45.84615384615385,13
2020-06-17,46.23076923076923,13
2020-06-18,43.84615384615385,13
2020-06-19,47.07692307692308,13
2020-06-20,54.916666666666664,12
2020-06-21,51.25,12
2020-06-22,52.166666666666664,12
2020-06-23,44.333333333333336,12
2020-06-24,43.333333333333336,12
2020-06-25,45.666666666666664,12
2020-06-26,45.416666666666664,12
2020-06-27,55.833333333333336,12
2020-06-28,49.083333333333336,12
2020-06-29,48,12
2020-06-30,41.833333333333336,12
2020-07-01,41.92307692307692,13
2020-07-02,39.53846153846154,13
2020-07-03,49.07692307692308,13
2020-07-04,58.333333333333336,12
2020-07-05,49.5,12
2020-07-06,56.083333333333336,12
2020-07-07,45.75,12
2020-07-08,48.25,12
2020-07-09,47,12
2020-07-10,47.416666666666664,12
2020-07-11,63.333333333333336,12
2020-07-12,49.5,12
2020-07-13,47.25,12
2020-07-14,49.833333333333336,12
2020-07-15,46.416666666666664,12
2020-07-16,44.07692307692308,13
2020-07-17,48.07692307692308,13
2020-07-18,58.30769230769231,13
2020-07-19,50.416666666666664,12
2020-07-20,54.333333333333336,12
2020-07-21,53.25,12
2020-07-22,49.416666666666664,12
2020-07-23,48.083333333333336,12
2020-07-24,50.583333333333336,12
2020-07-25,63.916666666666664,12
2020-07-26,49.166666666666664,12
2020-07-27,50.583333333333336,12
2020-07-28,50.75,12
2020-07-29,54.333333333333336,12
2020-07-30,52.166666666666664,12
2020-07-31,55,13
2020-08-01,43.92307692307692,13
2020-08-02,50.61538461538461,13
2020-08-03,56.583333333333336,12
2020-08-04,52.25,12
2020-08-05,50.333333333333336,12
2020-08-06,52.25,12
2020-08-07,51.166666666666664,12
2020-08-08,60.5,12
2020-08-09,48.25,12
2020-08-10,49.416666666666664,12
2020-08-11,49.25,12
2020-08-12,53.416666666666664,12
2020-08-13,48.25,12
2020-08-14,48.25,12
2020-08-15,68.53846153846153,13
2020-08-16,43.30769230769231,13
2020-08-17,45.46153846153846,13
2020-08-18,46,12
2020-08-19,47.75,12
2020-08-20,38.5,12
2020-08-21,43.583333333333336,12
2020-08-22,56.5,12
2020-08-23,47.5,12
2020-08-24,46.666666666666664,12
2020-08-25,39.166666666666664,12
2020-08-26,44.583333333333336,12
2020-08-27,43.583333333333336,12
2020-08-28,44.416666666666664,12
2020-08-29,56.5,12
2020-08-30,40.92307692307692,13
2020-08-31,51.61538461538461,13
2020-09-01,44.53846153846154,13
2020-09-02,47.53846153846154,13
2020-09-03,46.84615384615385,13
2020-09-04,42.75,12
2020-09-05,59.416666666666664,12
2020-09-06,48.916666666666664,12
2020-09-07,57.833333333333336,12
2020-09-08,39.166666666666664,12
2020-09-09,45.833333333333336,12
2020-09-10,51.583333333333336,12
2020-09-11,43.666666666666664,12
2020-09-12,61.333333333333336,12
2020-09-13,42,12
2020-09-14,44.53846153846154,13
2020-09-15,48.15384615384615,13
2020-09-16,40.92307692307692,13
2020-09-17,49.46153846153846,13
2020-09-18,47.15384615384615,13
2020-09-19,61.25,12
2020-09-20,42.666666666666664,12
2020-09-21,52.583333333333336,12
2020-09-22,47.916666666666664,12
2020-09-23,44,12
2020-09-24,42.25,12
2020-09-25,51,12
2020-09-26,54.583333333333336,12
2020-09-27,42.333333333333336,12
2020-09-28,54.583333333333336,12
2020-09-29,53.15384615384615,13
2020-09-30,48.38461538461539,13
2020-10-01,46.15384615384615,13
2020-10-02,59.07692307692308,13
2020-10-03,68.58333333333333,12
2020-10-04,44.666666666666664,12
2020-10-05,62.75,12
2020-10-06,54.166666666666664,12
2020-10-07,48.666666666666664,12
2020-10-08,47.25,12
2020-10-09,48.666666666666664,12
2020-10-10,71.5,12
2020-10-11,48,12
2020-10-12,56.416666666666664,12
2020-10-13,50.416666666666664,12
2020-10-14,52.84615384615385,13
2020-10-15,49.76923076923077,13
2020-10-16,64.53846153846153,13
2020-10-17,73.15384615384616,13
2020-10-18,57.083333333333336,12
2020-10-19,54.25,12
2020-10-20,61.25,12
2020-10-21,87.83333333333333,12
2020-10-22,63,12
2020-10-23,51.75,12
2020-10-24,65.58333333333333,12
2020-10-25,57.25,12
2020-10-26,54.25,12
2020-10-27,54.25,12
2020-10-28,51.166666666666664,12
2020-10-29,59.23076923076923,13
2020-10-30,50.46153846153846,13
2020-10-31,54.76923076923077,13
2020-11-01,57.53846153846154,13
2020-11-02,47.30769230769231,13
2020-11-03,45.916666666666664,12
2020-11-04,49.416666666666664,12
2020-11-05,43.583333333333336,12
2020-11-06,49.416666666666664,12
2020-11-07,68.58333333333333,12
2020-11-08,57.833333333333336,12
2020-11-09,60.5,12
2020-11-10,51.583333333333336,12
2020-11-11,54.25,12
2020-11-12,58.833333333333336,12
2020-11-13,61.69230769230769,13
2020-11-14,69.61538461538461,13
2020-11-15,61.69230769230769,13
2020-11-16,53.61538461538461,13
2020-11-17,56.23076923076923,13
2020-11-18,47.666666666666664,12
2020-11-19,53.583333333333336,12
2020-11-20,66.33333333333333,12
2020-11-21,79.08333333333333,12
2020-11-22,58.583333333333336,12
2020-11-23,64.08333333333333,12
2020-11-24,52.333333333333336,12
2020-11-25,51.916666666666664,12
2020-11-26,49.666666666666664,12
2020-11-27,65.75,12
2020-11-28,73.15384615384616,13
2020-11-29,63.07692307692308,13
2020-11-30,58.61538461538461,13
2020-12-01,45.84615384615385,13
2020-12-02,47.166666666666664,12
2020-12-03,59.583333333333336,12
2020-12-04,51.916666666666664,12
2020-12-05,66.41666666666667,12
2020-12-06,57.25,12
2020-12-07,63.833333333333336,12
2020-12-08,61.833333333333336,12
2020-12-09,45.75,12
2020-12-10,51.5,12
2020-12-11,49.333333333333336,12
2020-12-12,63.916666666666664,12
2020-12-13,42.30769230769231,13
2020-12-14,46.84615384615385,13
2020-12-15,45.23076923076923,13
2020-12-16,46.30769230769231,13
2020-12-17,46.083333333333336,12
2020-12-18,34.166666666666664,12
2020-12-19,61.75,12
2020-12-20,49.75,12
2020-12-21,57.916666666666664,12
2020-12-22,46.083333333333336,12
2020-12-23,45.083333333333336,12
2020-12-24,44.75,12
2020-12-25,41.5,12
2020-12-26,58.166666666666664,12
2020-12-27,59.333333333333336,12
2020-12-28,68.53846153846153,13
2020-12-29,62.92307692307692,13
2020-12-30,60.61538461538461,13
2020-12-31,41.76923076923077,13
2021-01-01,52.76923076923077,13
2021-01-02,73.91666666666667,12
2021-01-03,41.25,12
2021-01-04,63.25,12
2021-01-05,53.916666666666664,12
2021-01-06,50.5,12
2021-01-07,50.916666666666664,12
2021-01-08,49.416666666666664,12
2021-01-09,63.25,12
2021-01-10,53.416666666666664,12
2021-01-11,53.416666666666664,12
2021-01-12,46.61538461538461,13
2021-01-13,53.38461538461539,13
2021-01-14,54.46153846153846,13
2021-01-15,52.46153846153846,13
2021-01-16,58.23076923076923,13
2021-01-17,46,12
2021-01-18,56.25,12
2021-01-19,48.166666666666664,12
2021-01-20,53,12
2021-01-21,48.166666666666664,12
2021-01-22,48.583333333333336,12
2021-01-23,74,12
2021-01-24,56.25,12
2021-01-25,49.166666666666664,12
2021-01-26,46.166666666666664,12
2021-01-27,44.76923076923077,13
2021-01-28,51.15384615384615,13
2021-01-29,56.61538461538461,13
2021-01-30,75.84615384615384,13
2021-01-31,54.38461538461539,13
2021-02-01,54.75,12
2021-02-02,50.333333333333336,12
2021-02-03,53.75,12
2021-02-04,49.25,12
2021-02-05,57,12
2021-02-06,67.66666666666667,12
2021-02-07,63.666666666666664,12
2021-02-08,56,12
2021-02-09,53.416666666666664,12
2021-02-10,47.166666666666664,12
2021-02-11,50,13
2021-02-12,50.92307692307692,13
2021-02-13,58.69230769230769,13
2021-02-14,55.61538461538461,13
2021-02-15,49.76923076923077,13
2021-02-16,51,12
2021-02-17,51,12
2021-02-18,52.083333333333336,12
2021-02-19,52.25,12
2021-02-20,73.33333333333333,12
2021-02-21,80.91666666666667,12
2021-02-22,69.25,12
2021-02-23,61.75,12
2021-02-24,59.5,12
2021-02-25,61.916666666666664,12
2021-02-26,60.38461538461539,13
2021-02-27,79.3076923076923,13
2021-02-28,73,13
2021-03-01,66.84615384615384,13
2021-03-02,63.61538461538461,13
2021-03-03,62.333333333333336,12
2021-03-04,61.333333333333336,12
2021-03-05,64.33333333333333,12
2021-03-06,78.91666666666667,12
2021-03-07,62.25,12
2021-03-08,57.166666666666664,12
2021-03-09,61.333333333333336,12
2021-03-10,54.083333333333336,12
2021-03-11,60.25,12
2021-03-12,62.25,12
2021-03-13,81.84615384615384,13
2021-03-14,70.46153846153847,13
2021-03-15,46.75,12
2021-03-16,50.833333333333336,12
2021-03-17,55.916666666666664,12
2021-03-18,56.916666666666664,12
2021-03-19,64,12
2021-03-20,77.25,12
2021-03-21,59.916666666666664,12
2021-03-22,57.916666666666664,12
2021-03-23,55.916666666666664,12
2021-03-24,66.08333333333333,12
2021-03-25,59,12
2021-03-26,68.08333333333333,12
2021-03-27,84.41666666666667,12
2021-03-28,75.07692307692308,13
2021-03-29,74.07692307692308,13
2021-03-30,62,12
2021-03-31,65,12
2021-04-01,67,12
2021-04-02,89,12
2021-04-03,92,12
2021-04-04,69,12
2021-04-05,100,12
2021-04-06,67,12
2021-04-07,62,12
2021-04-08,62,12
2021-04-09,63,12
2021-04-10,92,12
2021-04-11,71,12
2021-04-12,67.84615384615384,13
2021-04-13,59.76923076923077,13
2021-04-14,57.69230769230769,13
2021-04-15,61.75,12
2021-04-16,68.83333333333333,12
2021-04-17,85.08333333333333,12
2021-04-18,66.83333333333333,12
2021-04-19,71.83333333333333,12
2021-04-20,56.666666666666664,12
2021-04-21,56.666666666666664,12
2021-04-22,65.83333333333333,12
2021-04-23,60.75,12
2021-04-24,83.08333333333333,12
2021-04-25,70.91666666666667,12
2021-04-26,67.91666666666667,12
2021-04-27,65.53846153846153,13
2021-04-28,62.38461538461539,13
2021-04-29,62.38461538461539,13
2021-04-30,62.666666666666664,12
2021-05-01,84.16666666666667,12
2021-05-02,60.5,12
2021-05-03,64.66666666666667,12
2021-05-04,62.666666666666664,12
2021-05-05,55.333333333333336,12
2021-05-06,63.666666666666664,12
2021-05-07,64.66666666666667,12
2021-05-08,74.83333333333333,12
2021-05-09,61.5,12
2021-05-10,65.66666666666667,12
2021-05-11,56.333333333333336,12
2021-05-12,53.84615384615385,13
2021-05-13,82.76923076923077,13
2021-05-14,81,12
2021-05-15,90.25,12
2021-05-16,64.25,12
2021-05-17,62.25,12
2021-05-18,55,12
2021-05-19,58,12
2021-05-20,51,12
2021-05-21,61.25,12
2021-05-22,84.25,12
2021-05-23,67.5,12
2021-05-24,72.75,12
2021-05-25,60.25,12
2021-05-26,52,12
2021-05-27,53.30769230769231,13
2021-05-28,62.76923076923077,13
2021-05-29,78,12
2021-05-30,55.583333333333336,12
2021-05-31,63.083333333333336,12
2021-06-01,63.083333333333336,12
2021-06-02,61,12
2021-06-03,66.16666666666667,12
2021-06-04,60,12
2021-06-05,73.91666666666667,12
2021-06-06,54.583333333333336,12
2021-06-07,51.25,12
2021-06-08,52.25,12
2021-06-09,53.25,12
2021-06-10,54.583333333333336,12
2021-06-11,59.69230769230769,13
2021-06-12,58.69230769230769,13
2021-06-13,48.84615384615385,13
2021-06-14,60.166666666666664,12
2021-06-15,60.166666666666664,12
2021-06-16,58,12
2021-06-17,54.5,12
2021-06-18,59.166666666666664,12
2021-06-19,66.83333333333333,12
2021-06-20,54.5,12
2021-06-21,51.333333333333336,12
2021-06-22,51.25,12
2021-06-23,42.416666666666664,12
2021-06-24,50.25,12
2021-06-25,49.083333333333336,12
2021-06-26,67.84615384615384,13
2021-06-27,45.84615384615385,13
2021-06-28,47.07692307692308,13
2021-06-29,47.416666666666664,12
2021-06-30,53.5,12
2021-07-01,53.5,12
2021-07-02,42,12
2021-07-03,56.75,12
2021-07-04,49.583333333333336,12
2021-07-05,59.416666666666664,12
2021-07-06,48.583333333333336,12
2021-07-07,49.833333333333336,12
2021-07-08,55.75,12
2021-07-09,47.583333333333336,12
2021-07-10,66.08333333333333,12
2021-07-11,45.53846153846154,13
2021-07-12,55.92307692307692,13
2021-07-13,60,12
2021-07-14,54.083333333333336,12
2021-07-15,50.083333333333336,12
2021-07-16,48.166666666666664,12
2021-07-17,76.5,12
2021-07-18,57.25,12
2021-07-19,61.833333333333336,12
2021-07-20,59,12
2021-07-21,53.083333333333336,12
2021-07-22,54.416666666666664,12
2021-07-23,51.833333333333336,12
2021-07-24,70.33333333333333,12
2021-07-25,55.083333333333336,12
2021-07-26,70.53846153846153,13
2021-07-27,64.23076923076923,13
2021-07-28,60.166666666666664,12
2021-07-29,52.416666666666664,12
2021-07-30,56.5,12
2021-07-31,61.833333333333336,12
2021-08-01,48.083333333333336,12
2021-08-02,72.08333333333333,12
2021-08-03,61.916666666666664,12
2021-08-04,68.66666666666667,12
2021-08-05,53.833333333333336,12
2021-08-06,62.25,12
2021-08-07,62.833333333333336,12
2021-08-08,56.833333333333336,12
2021-08-09,57.833333333333336,12
2021-08-10,58.92307692307692,13
2021-08-11,50,13
2021-08-12,55.75,12
2021-08-13,53.333333333333336,12
2021-08-14,64.25,12
2021-08-15,50.166666666666664,12
2021-08-16,59,12
2021-08-17,58.583333333333336,12
2021-08-18,44.25,12
2021-08-19,49.416666666666664,12
2021-08-20,51.833333333333336,12
2021-08-21,58.583333333333336,12
2021-08-22,49.416666666666664,12
2021-08-23,59.583333333333336,12
2021-08-24,54.333333333333336,12
2021-08-25,57.53846153846154,13
2021-08-26,48.30769230769231,13
2021-08-27,60.166666666666664,12
2021-08-28,67,12
2021-08-29,56.666666666666664,12
2021-08-30,52.5,12
2021-08-31,48.583333333333336,12
2021-09-01,44.666666666666664,12
2021-09-02,46.75,12
2021-09-03,49.166666666666664,12
2021-09-04,62,12
2021-09-05,48.166666666666664,12
2021-09-06,55.916666666666664,12
2021-09-07,49.25,12
2021-09-08,50.75,12
2021-09-09,47.23076923076923,13
2021-09-10,50.46153846153846,13
2021-09-11,52,13
2021-09-12,51.61538461538461,13
2021-09-13,54.23076923076923,13
2021-09-14,54.25,12
2021-09-15,48.25,12
2021-09-16,53.166666666666664,12
2021-09-17,55.833333333333336,12
2021-09-18,71.16666666666667,12
2021-09-19,50.666666666666664,12
2021-09-20,56.833333333333336,12
2021-09-21,53.166666666666664,12
2021-09-22,48,12
2021-09-23,46.5,12
2021-09-24,50.53846153846154,13
2021-09-25,60.38461538461539,13
2021-09-26,50.84615384615385,13
2021-09-27,57.84615384615385,13
2021-09-28,52.69230769230769,13
2021-09-29,51.25,12
2021-09-30,54.416666666666664,12
2021-10-01,56.083333333333336,12
2021-10-02,75.58333333333333,12
2021-10-03,60.833333333333336,12
2021-10-04,69.08333333333333,12
2021-10-05,64.83333333333333,12
2021-10-06,67.5,12
2021-10-07,61.333333333333336,12
2021-10-08,67.16666666666667,12
2021-10-09,71.3076923076923,13
2021-10-10,51.76923076923077,13
2021-10-11,61.53846153846154,13
2021-10-12,66.07692307692308,13
2021-10-13,78.83333333333333,12
2021-10-14,63.5,12
2021-10-15,58.666666666666664,12
2021-10-16,78.83333333333333,12
2021-10-17,57.833333333333336,12
2021-10-18,67.91666666666667,12
2021-10-19,66.16666666666667,12
2021-10-20,58.25,12
2021-10-21,71.41666666666667,12
2021-10-22,69.75,12
2021-10-23,66.16666666666667,12
2021-10-24,68.46153846153847,13
2021-10-25,67.6923076923077,13
2021-10-26,59.61538461538461,13
2021-10-27,60.38461538461539,13
2021-10-28,62.5,12
2021-10-29,56.833333333333336,12
2021-10-30,84.25,12
2021-10-31,69.83333333333333,12
2021-11-01,90.75,12
2021-11-02,61.333333333333336,12
2021-11-03,69.33333333333333,12
2021-11-04,75.33333333333333,12
2021-11-05,75.16666666666667,12
2021-11-06,87.25,12
2021-11-07,69.83333333333333,12
2021-11-08,68.53846153846153,13
2021-11-09,64.23076923076923,13
2021-11-10,57.84615384615385,13
2021-11-11,58.46153846153846,13
2021-11-12,59.53846153846154,13
2021-11-13,91.33333333333331,12
2021-11-14,67.41666666666667,12
2021-11-15,59.666666666666664,12
2021-11-16,61.25,12
2021-11-17,58.666666666666664,12
2021-11-18,63.083333333333336,12
2021-11-19,62.166666666666664,12
2021-11-20,78.5,12
2021-11-21,63.166666666666664,12
2021-11-22,62.166666666666664,12
2021-11-23,61.07692307692308,13
2021-11-24,61.30769230769231,13
2021-11-25,57.30769230769231,13
2021-11-26,71,13
2021-11-27,72.76923076923077,13
2021-11-28,63.166666666666664,12
2021-11-29,58.416666666666664,12
2021-11-30,53.083333333333336,12
2021-12-01,50.666666666666664,12
2021-12-02,52.083333333333336,12
2021-12-03,49.416666666666664,12
2021-12-04,65.58333333333333,12
2021-12-05,64.83333333333333,12
2021-12-06,60.166666666666664,12
2021-12-07,59.166666666666664,12
2021-12-08,51.23076923076923,13
2021-12-09,52.92307692307692,13
2021-12-10,56.46153846153846,13
2021-12-11,76.92307692307692,13
2021-12-12,62.083333333333336,12
2021-12-13,54.333333333333336,12
2021-12-14,50.666666666666664,12
2021-12-15,45.166666666666664,12
2021-12-16,43.75,12
2021-12-17,44.666666666666664,12
2021-12-18,68.33333333333333,12
2021-12-19,65.75,12
2021-12-20,47.083333333333336,12
2021-12-21,44.666666666666664,12
2021-12-22,45.666666666666664,12
2021-12-23,45.61538461538461,13
2021-12-24,45.07692307692308,13
2021-12-25,30.307692307692307,13
2021-12-26,53.07692307692308,13
2021-12-27,79.33333333333333,12
2021-12-28,73.41666666666667,12
2021-12-29,67.33333333333333,12
2021-12-30,59.833333333333336,12
2021-12-31,49.833333333333336,12
2022-01-01,34.916666666666664,12
2022-01-02,56.833333333333336,12
2022-01-03,67.75,12
2022-01-04,67.33333333333333,12
2022-01-05,68.33333333333333,12
2022-01-06,58.833333333333336,12
2022-01-07,67,13
2022-01-08,72.38461538461539,13
2022-01-09,57.07692307692308,13
2022-01-10,53.61538461538461,13
2022-01-11,52.69230769230769,13
2022-01-12,51.5,12
2022-01-13,44.666666666666664,12
2022-01-14,59.583333333333336,12
2022-01-15,68.25,12
2022-01-16,46.833333333333336,12
2022-01-17,53.75,12
2022-01-18,45.833333333333336,12
2022-01-19,55.166666666666664,12
2022-01-20,51.5,12
2022-01-21,53.833333333333336,12
2022-01-22,63.53846153846154,13
2022-01-23,48.30769230769231,13
2022-01-24,56.92307692307692,13
2022-01-25,52.23076923076923,13
2022-01-26,59.38461538461539,13
2022-01-27,56.5,12
2022-01-28,54.833333333333336,12
2022-01-29,72.66666666666667,12
2022-01-30,45.416666666666664,12
2022-01-31,51.416666666666664,12
2022-02-01,51.25,12
2022-02-02,46.75,12
2022-02-03,45.333333333333336,12
2022-02-04,55.833333333333336,12
2022-02-05,70.58333333333333,12
2022-02-06,55.38461538461539,13
2022-02-07,52.61538461538461,13
2022-02-08,50.61538461538461,13
2022-02-09,53,13
2022-02-10,54,13
2022-02-11,58.416666666666664,12
2022-02-12,79.58333333333333,12
2022-02-13,59.583333333333336,12
2022-02-14,52.75,12
2022-02-15,58.333333333333336,12
2022-02-16,57.416666666666664,12
2022-02-17,49.5,12
2022-02-18,51.833333333333336,12
2022-02-19,66.25,12
2022-02-20,56.166666666666664,12
2022-02-21,52.46153846153846,13
2022-02-22,56.69230769230769,13
2022-02-23,56.92307692307692,13
2022-02-24,51.46153846153846,13
2022-02-25,52.53846153846154,13
2022-02-26,68.41666666666667,12
2022-02-27,46.166666666666664,12
2022-02-28,57.666666666666664,12
2022-03-01,51.5,12
2022-03-02,45,12
2022-03-03,58.916666666666664,12
2022-03-04,55.75,12
2022-03-05,75.83333333333333,12
2022-03-06,61.083333333333336,12
2022-03-07,59.833333333333336,12
2022-03-08,53.23076923076923,13
2022-03-09,58.61538461538461,13
2022-03-10,55,12
2022-03-11,60.333333333333336,12
2022-03-12,83,12
2022-03-13,67.41666666666667,12
2022-03-14,64.41666666666667,12
2022-03-15,55.083333333333336,12
2022-03-16,53.916666666666664,12
2022-03-17,56.083333333333336,12
2022-03-18,61.25,12
2022-03-19,83,12
2022-03-20,61.25,12
2022-03-21,67.58333333333333,12
2022-03-22,65.41666666666667,12
2022-03-23,69.38461538461539,13
2022-03-24,71.38461538461539,13
2022-03-25,73.25,12
2022-03-26,84.41666666666667,12
2022-03-27,66.16666666666667,12
2022-03-28,66.16666666666667,12
2022-03-29,57,12
2022-03-30,62,12
2022-03-31,55.916666666666664,12
2022-04-01,60,12
2022-04-02,79.33333333333333,12
2022-04-03,47.75,12
2022-04-04,54.916666666666664,12
2022-04-05,55.916666666666664,12
2022-04-06,56.916666666666664,12
2022-04-07,51.76923076923077,13
2022-04-08,55.84615384615385,13
2022-04-09,73.15384615384616,13
2022-04-10,65,12
2022-04-11,66,12
2022-04-12,57,12
2022-04-13,71,12
2022-04-14,69,12
2022-04-15,79,12
2022-04-16,94,12
2022-04-17,61,12
2022-04-18,100,12
2022-04-19,69,12
2022-04-20,65,12
2022-04-21,75,12
2022-04-22,72.46153846153847,13
2022-04-23,92.6153846153846,13
2022-04-24,56.38461538461539,13
2022-04-25,68.5,12
2022-04-26,56.416666666666664,12
2022-04-27,60.416666666666664,12
2022-04-28,56.416666666666664,12
2022-04-29,67.5,12
2022-04-30,82.58333333333333,12
2022-05-01,64.41666666666667,12
2022-05-02,66.5,12
2022-05-03,64.5,12
2022-05-04,58.416666666666664,12
2022-05-05,60.416666666666664,12
2022-05-06,54.416666666666664,12
2022-05-07,85.84615384615384,13
2022-05-08,58.15384615384615,13
2022-05-09,66.58333333333333,12
2022-05-10,64.41666666666667,12
2022-05-11,65.41666666666667,12
2022-05-12,58.333333333333336,12
2022-05-13,63.333333333333336,12
2022-05-14,81.83333333333333,12
2022-05-15,62.333333333333336,12
2022-05-16,60.333333333333336,12
2022-05-17,61.5,12
2022-05-18,60.333333333333336,12
2022-05-19,56.25,12
2022-05-20,58.333333333333336,12
2022-05-21,80.83333333333333,12
2022-05-22,59.23076923076923,13
2022-05-23,70.53846153846153,13
2022-05-24,55.25,12
2022-05-25,57.25,12
2022-05-26,61.416666666666664,12
2022-05-27,85.5,12
2022-05-28,70.83333333333333,12
2022-05-29,54.166666666666664,12
2022-05-30,60.416666666666664,12
2022-05-31,59.333333333333336,12
2022-06-01,55.25,12
2022-06-02,53,12
2022-06-03,57.333333333333336,12
2022-06-04,81.25,12
2022-06-05,55.083333333333336,12
2022-06-06,82.07692307692308,13
2022-06-07,57.07692307692308,13
2022-06-08,55,13
2022-06-09,56.166666666666664,12
2022-06-10,55.25,12
2022-06-11,81.75,12
2022-06-12,45.75,12
2022-06-13,59.25,12
2022-06-14,60.583333333333336,12
2022-06-15,56.166666666666664,12
2022-06-16,67.83333333333333,12
2022-06-17,60.5,12
2022-06-18,67.75,12
2022-06-19,57.166666666666664,12
2022-06-20,63.5,12
2022-06-21,51.46153846153846,13
2022-06-22,56.92307692307692,13
2022-06-23,50.61538461538461,13
2022-06-24,58.333333333333336,12
2022-06-25,73.33333333333333,12
2022-06-26,47.166666666666664,12
2022-06-27,62.25,12
2022-06-28,59.333333333333336,12
2022-06-29,61.5,12
2022-06-30,51.583333333333336,12
2022-07-01,58.333333333333336,12
2022-07-02,75.58333333333333,12
2022-07-03,49.5,12
2022-07-04,62.583333333333336,12
2022-07-05,58.25,12
2022-07-06,52.07692307692308,13
2022-07-07,64.15384615384616,13
2022-07-08,61.25,12
2022-07-09,73.41666666666667,12
2022-07-10,50.75,12
2022-07-11,68.16666666666667,12
2022-07-12,62.666666666666664,12
2022-07-13,71.58333333333333,12
2022-07-14,56.25,12
2022-07-15,61.25,12
2022-07-16,74.83333333333333,12
2022-07-17,60.333333333333336,12
2022-07-18,61.25,12
2022-07-19,66.66666666666667,12
2022-07-20,66.08333333333333,12
2022-07-21,64.3076923076923,13
2022-07-22,63.84615384615385,13
2022-07-23,69.33333333333333,12
2022-07-24,59.25,12
2022-07-25,71.75,12
2022-07-26,58.75,12
2022-07-27,66.75,12
2022-07-28,75.75,12
2022-07-29,60.25,12
2022-07-30,72.75,12
2022-07-31,51.25,12
2022-08-01,50.25,12
2022-08-02,73.66666666666667,12
2022-08-03,68.75,12
2022-08-04,71.16666666666667,12
2022-08-05,71.84615384615384,13
2022-08-06,75.38461538461539,13
2022-08-07,61.25,12
2022-08-08,77.08333333333333,12
2022-08-09,66.83333333333333,12
2022-08-10,61.333333333333336,12
2022-08-11,55.5,12
2022-08-12,50.083333333333336,12
2022-08-13,71.33333333333333,12
2022-08-14,51,12
2022-08-15,71.5,12
2022-08-16,54.75,12
2022-08-17,57.666666666666664,12
2022-08-18,51.083333333333336,12
2022-08-19,60.25,12
2022-08-20,80.23076923076923,13
2022-08-21,55.84615384615385,13
2022-08-22,60.166666666666664,12
2022-08-23,58.5,12
2022-08-24,62.166666666666664,12
2022-08-25,54.916666666666664,12
2022-08-26,59.25,12
2022-08-27,66.83333333333333,12
2022-08-28,50.166666666666664,12
2022-08-29,67.91666666666667,12
2022-08-30,60.25,12
2022-08-31,52.833333333333336,12
2022-09-01,53.416666666666664,12
2022-09-02,57.666666666666664,12
2022-09-03,78.83333333333333,12
2022-09-04,54.69230769230769,13
2022-09-05,63.15384615384615,13
2022-09-06,56.92307692307692,13
2022-09-07,54.84615384615385,13
2022-09-08,52.76923076923077,13
2022-09-09,59.416666666666664,12
2022-09-10,70,12
2022-09-11,50.583333333333336,12
2022-09-12,64.25,12
2022-09-13,57.333333333333336,12
2022-09-14,55.333333333333336,12
2022-09-15,62.25,12
2022-09-16,73.66666666666667,12
2022-09-17,95.75,12
2022-09-18,58.166666666666664,12
2022-09-19,69.3076923076923,13
2022-09-20,68.61538461538461,13
2022-09-21,72.3076923076923,13
2022-09-22,69.3076923076923,13
2022-09-23,72.23076923076923,13
2022-09-24,78.08333333333333,12
2022-09-25,52.583333333333336,12
2022-09-26,59.416666666666664,12
2022-09-27,57.666666666666664,12
2022-09-28,62.333333333333336,12
2022-09-29,59.5,12
2022-09-30,65.5,12
2022-10-01,87.66666666666667,12
2022-10-02,51.75,12
2022-10-03,63.5,12
2022-10-04,58.69230769230769,13
2022-10-05,61.76923076923077,13
2022-10-06,57.84615384615385,13
2022-10-07,61.76923076923077,13
2022-10-08,79.66666666666667,12
2022-10-09,55.416666666666664,12
2022-10-10,63.75,12
2022-10-11,60.5,12
2022-10-12,61.583333333333336,12
2022-10-13,54.666666666666664,12
2022-10-14,61.583333333333336,12
2022-10-15,64.5,12
2022-10-16,51.75,12
2022-10-17,65.41666666666667,12
2022-10-18,58.583333333333336,12
2022-10-19,55.61538461538461,13
2022-10-20,54.69230769230769,13
2022-10-21,60.38461538461539,13
2022-10-22,73.53846153846153,13
2022-10-23,51.166666666666664,12
2022-10-24,58.083333333333336,12
2022-10-25,55.166666666666664,12
2022-10-26,51.166666666666664,12
2022-10-27,55.833333333333336,12
2022-10-28,54.916666666666664,12
2022-10-29,70.16666666666667,12
2022-10-30,48.75,12
2022-10-31,59.166666666666664,12
2022-11-01,70.91666666666667,12
2022-11-02,55.166666666666664,12
2022-11-03,61.53846153846154,13
2022-11-04,57.61538461538461,13
2022-11-05,76.61538461538461,13
2022-11-06,58.61538461538461,13
2022-11-07,58.76923076923077,13
2022-11-08,56.083333333333336,12
2022-11-09,60.75,12
2022-11-10,55.916666666666664,12
2022-11-11,64,12
2022-11-12,79.91666666666667,12
2022-11-13,57.75,12
2022-11-14,59.916666666666664,12
2022-11-15,56.916666666666664,12
2022-11-16,61,12
2022-11-17,57.083333333333336,12
2022-11-18,63.69230769230769,13
2022-11-19,66.3076923076923,13
2022-11-20,52.38461538461539,13
2022-11-21,48.76923076923077,13
2022-11-22,48.76923076923077,13
2022-11-23,47.75,12
2022-11-24,52.75,12
2022-11-25,57.583333333333336,12
2022-11-26,70.66666666666667,12
2022-11-27,46.75,12
2022-11-28,42.916666666666664,12
2022-11-29,42.916666666666664,12
2022-11-30,49.75,12
2022-12-01,38.916666666666664,12
2022-12-02,51.75,12
2022-12-03,69.92307692307692,13
2022-12-04,45.53846153846154,13
2022-12-05,50.30769230769231,13
2022-12-06,43.30769230769231,13
2022-12-07,50.416666666666664,12
2022-12-08,58.083333333333336,12
2022-12-09,47.333333333333336,12
2022-12-10,59.333333333333336,12
2022-12-11,63.333333333333336,12
2022-12-12,56.5,12
2022-12-13,44.5,12
2022-12-14,42.666666666666664,12
2022-12-15,57.083333333333336,12
2022-12-16,43.5,12
2022-12-17,64.83333333333333,12
2022-12-18,49.15384615384615,13
2022-12-19,56.76923076923077,13
2022-12-20,44,13
2022-12-21,51.92307692307692,13
2022-12-22,42.916666666666664,12
2022-12-23,48,12
2022-12-24,48.666666666666664,12
2022-12-25,39.416666666666664,12
2022-12-26,68.66666666666667,12
2022-12-27,71.33333333333333,12
2022-12-28,67.33333333333333,12
2022-12-29,76.5,12
2022-12-30,67.33333333333333,12
2022-12-31,57.166666666666664,12
2023-01-01,46.833333333333336,12
2023-01-02,93.92307692307692,13
2023-01-03,63.38461538461539,13
2023-01-04,60.38461538461539,13
2023-01-05,69,13
2023-01-06,66.46153846153847,13
2023-01-07,69.83333333333333,12
2023-01-08,42,12
2023-01-09,53.583333333333336,12
2023-01-10,46,12
2023-01-11,59.25,12
2023-01-12,52.75,12
2023-01-13,45,12
2023-01-14,66.83333333333333,12
2023-01-15,41.916666666666664,12
2023-01-16,52.75,12
2023-01-17,46.53846153846154,13
2023-01-18,44.53846153846154,13
2023-01-19,44.46153846153846,13
2023-01-20,48.23076923076923,13
2023-01-21,64.23076923076923,13
2023-01-22,43.75,12
2023-01-23,49.666666666666664,12
2023-01-24,51.416666666666664,12
2023-01-25,44.166666666666664,12
2023-01-26,47.416666666666664,12
2023-01-27,51.416666666666664,12
2023-01-28,62.833333333333336,12
2023-01-29,49.416666666666664,12
2023-01-30,54.25,12
2023-01-31,53.416666666666664,12
2023-02-01,43.07692307692308,13
2023-02-02,47.23076923076923,13
2023-02-03,49.23076923076923,13
2023-02-04,68.76923076923077,13
2023-02-05,52.07692307692308,13
2023-02-06,52.916666666666664,12
2023-02-07,55.416666666666664,12
2023-02-08,54.083333333333336,12
2023-02-09,53.916666666666664,12
2023-02-10,49.75,12
2023-02-11,70.83333333333333,12
2023-02-12,53.333333333333336,12
2023-02-13,58.5,12
2023-02-14,52.333333333333336,12
2023-02-15,54.916666666666664,12
2023-02-16,48.92307692307692,13
2023-02-17,58.30769230769231,13
2023-02-18,75.76923076923077,13
2023-02-19,53.23076923076923,13
2023-02-20,56.23076923076923,13
2023-02-21,58.166666666666664,12
2023-02-22,52.583333333333336,12
2023-02-23,55.833333333333336,12
2023-02-24,59,12
2023-02-25,74.41666666666667,12
2023-02-26,61.333333333333336,12
2023-02-27,61.25,12
2023-02-28,56.083333333333336,12
2023-03-01,55.083333333333336,12
2023-03-02,51.583333333333336,12
2023-03-03,53.92307692307692,13
2023-03-04,72.15384615384616,13
2023-03-05,75.16666666666667,12
2023-03-06,58.666666666666664,12
2023-03-07,57.416666666666664,12
2023-03-08,55.583333333333336,12
2023-03-09,52.25,12
2023-03-10,60.833333333333336,12
2023-03-11,82.25,12
2023-03-12,58.583333333333336,12
2023-03-13,66.83333333333333,12
2023-03-14,51.416666666666664,12
2023-03-15,57.333333333333336,12
2023-03-16,58.833333333333336,12
2023-03-17,62.416666666666664,12
2023-03-18,85.07692307692308,13
2023-03-19,67.84615384615384,13
2023-03-20,68.16666666666667,12
2023-03-21,63.166666666666664,12
2023-03-22,66.16666666666667,12
2023-03-23,68.16666666666667,12
2023-03-24,63.166666666666664,12
2023-03-25,90.5,12
2023-03-26,61,12
2023-03-27,65.16666666666667,12
2023-03-28,56.75,12
2023-03-29,64.16666666666667,12
2023-03-30,65.16666666666667,12
2023-03-31,60.166666666666664,12
2023-04-01,79.41666666666667,12
2023-04-02,72.07692307692308,13
2023-04-03,69.07692307692308,13
2023-04-04,67.15384615384616,13
2023-04-05,65.5,12
2023-04-06,73.5,12
2023-04-07,73.5,12
2023-04-08,95.58333333333331,12
2023-04-09,72.5,12
2023-04-10,93.83333333333331,12
2023-04-11,78.5,12
2023-04-12,73.5,12
2023-04-13,66.5,12
2023-04-14,76.5,12
2023-04-15,87.58333333333333,12
2023-04-16,65.5,12
2023-04-17,71.53846153846153,13
2023-04-18,63.46153846153846,13
2023-04-19,70.46153846153847,13
2023-04-20,70.16666666666667,12
2023-04-21,67.16666666666667,12
2023-04-22,98.16666666666669,12
2023-04-23,77.16666666666667,12
2023-04-24,67.16666666666667,12
2023-04-25,62.166666666666664,12
2023-04-26,72.16666666666667,12
2023-04-27,70.16666666666667,12
2023-04-28,65.16666666666667,12
2023-04-29,98.33333333333331,12
2023-04-30,79.16666666666667,12
2023-05-01,99.16666666666669,12
2023-05-02,69.15384615384616,13
2023-05-03,64.15384615384616,13
2023-05-04,73.08333333333333,12
2023-05-05,74.08333333333333,12
2023-05-06,87.08333333333333,12
2023-05-07,67.08333333333333,12
2023-05-08,75.08333333333333,12
2023-05-09,66.08333333333333,12
2023-05-10,65.08333333333333,12
2023-05-11,67.08333333333333,12
2023-05-12,66.08333333333333,12
2023-05-13,74.08333333333333,12
2023-05-14,55.083333333333336,12
2023-05-15,63.083333333333336,12
2023-05-16,69.08333333333333,12
2023-05-17,68.07692307692308,13
2023-05-18,71.07692307692308,13
2023-05-19,96,12
2023-05-20,89,12
2023-05-21,67,12
2023-05-22,71,12
2023-05-23,67,12
2023-05-24,67,12
2023-05-25,59,12
2023-05-26,77,12
2023-05-27,100,12
2023-05-28,60,12
2023-05-29,81,12
2023-05-30,71,12
2023-05-31,83,12
2023-06-01,73.76923076923077,13
2023-06-02,79.76923076923077,13
2023-06-03,88.92307692307692,13
2023-06-04,62.75,12
2023-06-05,71.83333333333333,12
2023-06-06,63.666666666666664,12
2023-06-07,71.83333333333333,12
2023-06-08,70.83333333333333,12
2023-06-09,68.75,12
2023-06-10,81.91666666666667,12
2023-06-11,56.666666666666664,12
2023-06-12,63.75,12
2023-06-13,55.583333333333336,12
2023-06-14,59.666666666666664,12
2023-06-15,57.666666666666664,12
2023-06-16,59.84615384615385,13
2023-06-17,79.3076923076923,13
2023-06-18,49.46153846153846,13
2023-06-19,65.08333333333333,12
2023-06-20,64.16666666666667,12
2023-06-21,62.166666666666664,12
2023-06-22,54.75,12
2023-06-23,63,12
2023-06-24,72.41666666666667,12
2023-06-25,60,12
2023-06-26,61.083333333333336,12
2023-06-27,60.916666666666664,12
2023-06-28,60.916666666666664,12
2023-06-29,50.666666666666664,12
2023-06-30,61,12
2023-07-01,83.07692307692308,13
2023-07-02,53.69230769230769,13
2023-07-03,65.5,12
2023-07-04,67.58333333333333,12
2023-07-05,52.75,12
2023-07-06,60.166666666666664,12
2023-07-07,63.333333333333336,12
2023-07-08,70.75,12
2023-07-09,54,12
2023-07-10,62.166666666666664,12
2023-07-11,59.083333333333336,12
2023-07-12,58.166666666666664,12
2023-07-13,58.083333333333336,12
2023-07-14,67.75,12
2023-07-15,82.41666666666667,12
2023-07-16,56.46153846153846,13
2023-07-17,68.15384615384616,13
2023-07-18,63.416666666666664,12
2023-07-19,66.58333333333333,12
2023-07-20,71.83333333333333,12
2023-07-21,67.83333333333333,12
2023-07-22,70.66666666666667,12
2023-07-23,57.75,12
2023-07-24,75.16666666666667,12
2023-07-25,68.83333333333333,12
2023-07-26,57.75,12
2023-07-27,63.416666666666664,12
2023-07-28,64.33333333333333,12
2023-07-29,81.66666666666667,12
2023-07-30,57.75,12
2023-07-31,79.84615384615384,13
2023-08-01,53.23076923076923,13
2023-08-02,63.333333333333336,12
2023-08-03,67.33333333333333,12
2023-08-04,72.75,12
2023-08-05,78.66666666666667,12
2023-08-06,59,12
2023-08-07,72.91666666666667,12
2023-08-08,58,12
2023-08-09,64.41666666666667,12
2023-08-10,60,12
2023-08-11,76.33333333333333,12
2023-08-12,73.91666666666667,12
2023-08-13,46.666666666666664,12
2023-08-14,59.916666666666664,12
2023-08-15,68,13
2023-08-16,59,13
2023-08-17,62.916666666666664,12
2023-08-18,56.416666666666664,12
2023-08-19,79.41666666666667,12
2023-08-20,54.916666666666664,12
2023-08-21,68.5,12
2023-08-22,51,12
2023-08-23,56.25,12
2023-08-24,55,12
2023-08-25,49.75,12
2023-08-26,75,12
2023-08-27,50,12
2023-08-28,59.916666666666664,12
2023-08-29,52.916666666666664,12
2023-08-30,50.07692307692308,13
2023-08-31,54.61538461538461,13
2023-09-01,59.07692307692308,13
2023-09-02,62.23076923076923,13
2023-09-03,43.38461538461539,13
2023-09-04,64.83333333333333,12
2023-09-05,60.833333333333336,12
2023-09-06,56.083333333333336,12
2023-09-07,52.5,12
2023-09-08,49.5,12
2023-09-09,69.5,12
2023-09-10,49.5,12
2023-09-11,52.5,12
2023-09-12,53.083333333333336,12
2023-09-13,56.25,12
2023-09-14,55.53846153846154,13
2023-09-15,54.38461538461539,13
2023-09-16,69.6923076923077,13
2023-09-17,46.76923076923077,13
2023-09-18,59,13
2023-09-19,55.416666666666664,12
2023-09-20,57.916666666666664,12
2023-09-21,50.833333333333336,12
2023-09-22,58.083333333333336,12
2023-09-23,74.16666666666667,12
2023-09-24,48.25,12
2023-09-25,57.916666666666664,12
2023-09-26,58.916666666666664,12
2023-09-27,53.5,12
2023-09-28,61.083333333333336,12
2023-09-29,51.23076923076923,13
2023-09-30,68.38461538461539,13
2023-10-01,50.76923076923077,13
2023-10-02,67.3076923076923,13
2023-10-03,53.75,12
2023-10-04,61.666666666666664,12
2023-10-05,51.083333333333336,12
2023-10-06,66,12
2023-10-07,74.91666666666667,12
2023-10-08,51.75,12
2023-10-09,64.25,12
2023-10-10,57,12
2023-10-11,56.916666666666664,12
2023-10-12,58.416666666666664,12
2023-10-13,58.666666666666664,12
2023-10-14,78.76923076923077,13
2023-10-15,53.69230769230769,13
2023-10-16,72.15384615384616,13
2023-10-17,61.76923076923077,13
2023-10-18,60.416666666666664,12
2023-10-19,64.08333333333333,12
2023-10-20,67.25,12
2023-10-21,69.66666666666667,12
2023-10-22,50.666666666666664,12
2023-10-23,60.416666666666664,12
2023-10-24,62.083333333333336,12
2023-10-25,65.75,12
2023-10-26,60.416666666666664,12
2023-10-27,62.333333333333336,12
2023-10-28,71.66666666666667,12
2023-10-29,50,13
2023-10-30,54.92307692307692,13
2023-10-31,57.38461538461539,13
2023-11-01,67.6923076923077,13
2023-11-02,59,13
2023-11-03,61.833333333333336,12
2023-11-04,80.75,12
2023-11-05,60.583333333333336,12
2023-11-06,66.66666666666667,12
2023-11-07,50.416666666666664,12
2023-11-08,56.416666666666664,12
2023-11-09,57.916666666666664,12
2023-11-10,57,12
2023-11-11,79.91666666666667,12
2023-11-12,59.166666666666664,12
2023-11-13,53.53846153846154,13
2023-11-14,58.84615384615385,13
2023-11-15,50.53846153846154,13
2023-11-16,52.76923076923077,13
2023-11-17,62.76923076923077,13
2023-11-18,66.25,12
2023-11-19,56.75,12
2023-11-20,65.33333333333333,12
2023-11-21,56.916666666666664,12
2023-11-22,54,12
2023-11-23,54,12
2023-11-24,63.25,12
2023-11-25,75.91666666666667,12
2023-11-26,48.416666666666664,12
2023-11-27,66.58333333333333,12
2023-11-28,53.30769230769231,13
2023-11-29,51.84615384615385,13
2023-11-30,45,13
2023-12-01,57.15384615384615,13
2023-12-02,72.58333333333333,12
2023-12-03,46.583333333333336,12
2023-12-04,46.666666666666664,12
2023-12-05,53.916666666666664,12
2023-12-06,47.666666666666664,12
2023-12-07,55.083333333333336,12
2023-12-08,68,12
2023-12-09,72.83333333333333,12
2023-12-10,53.833333333333336,12
2023-12-11,55.083333333333336,12
2023-12-12,45,12
2023-12-13,43.38461538461539,13
2023-12-14,47,13
2023-12-15,48,13
2023-12-16,62.53846153846154,13
2023-12-17,57.25,12
2023-12-18,49,12
2023-12-19,42.833333333333336,12
2023-12-20,42.916666666666664,12
2023-12-21,42.916666666666664,12
2023-12-22,40.916666666666664,12
2023-12-23,56.083333333333336,12
2023-12-24,30.083333333333332,12
2023-12-25,43.833333333333336,12
2023-12-26,64.91666666666667,12
2023-12-27,75,12
2023-12-28,65.61538461538461,13
2023-12-29,69.6923076923077,13
2023-12-30,60.61538461538461,13
2023-12-31,34.30769230769231,13
2024-01-01,64.61538461538461,13
2024-01-02,89.08333333333333,12
2024-01-03,62.166666666666664,12
2024-01-04,60.166666666666664,12
2024-01-05,61.166666666666664,12
2024-01-06,74.66666666666667,12
2024-01-07,42.833333333333336,12
2024-01-08,48.75,12
2024-01-09,48.75,12
2024-01-10,40.833333333333336,12
2024-01-11,41.75,12
2024-01-12,52.76923076923077,13
2024-01-13,65.07692307692308,13
2024-01-14,43.84615384615385,13
2024-01-15,54.76923076923077,13
2024-01-16,40,13
2024-01-17,46.333333333333336,12
2024-01-18,39.916666666666664,12
2024-01-19,42,12
2024-01-20,59.5,12
2024-01-21,38,12
2024-01-22,44.75,12
2024-01-23,40,12
2024-01-24,45.416666666666664,12
2024-01-25,53.166666666666664,12
2024-01-26,43.333333333333336,12
2024-01-27,59.07692307692308,13
2024-01-28,42.61538461538461,13
2024-01-29,48.76923076923077,13
2024-01-30,50.76923076923077,13
2024-01-31,46.38461538461539,13
2024-02-01,41.416666666666664,12
2024-02-02,47.75,12
2024-02-03,60,12
2024-02-04,47.75,12
2024-02-05,50.083333333333336,12
2024-02-06,49.75,12
2024-02-07,49.75,12
2024-02-08,46.75,12
2024-02-09,51.083333333333336,12
2024-02-10,66.25,12
2024-02-11,48.46153846153846,13
2024-02-12,52,13
2024-02-13,53.76923076923077,13
2024-02-14,53.76923076923077,13
2024-02-15,47.46153846153846,13
2024-02-16,53.25,12
2024-02-17,66.83333333333333,12
2024-02-18,52.166666666666664,12
2024-02-19,54,12
2024-02-20,53,12
2024-02-21,52,12
2024-02-22,53,12
2024-02-23,53.25,12
2024-02-24,65.91666666666667,12
2024-02-25,50,12
2024-02-26,61.15384615384615,13
2024-02-27,54,13
2024-02-28,55.92307692307692,13
2024-02-29,57,13
2024-03-01,57.15384615384615,13
2024-03-02,77.08333333333333,12
2024-03-03,47.75,12
2024-03-04,50.916666666666664,12
2024-03-05,48.833333333333336,12
2024-03-06,53.083333333333336,12
2024-03-07,50,12
2024-03-08,58.166666666666664,12
2024-03-09,71.75,12
2024-03-10,53.166666666666664,12
2024-03-11,52,12
2024-03-12,48.76923076923077,13
2024-03-13,52.76923076923077,13
2024-03-14,49.76923076923077,13
2024-03-15,56,12
2024-03-16,75.33333333333333,12
2024-03-17,59,12
2024-03-18,55.916666666666664,12
2024-03-19,57,12
2024-03-20,54.916666666666664,12
2024-03-21,50.916666666666664,12
2024-03-22,52.916666666666664,12
2024-03-23,84.41666666666667,12
2024-03-24,61,12
2024-03-25,61,12
2024-03-26,60,12
2024-03-27,56.92307692307692,13
2024-03-28,57.92307692307692,13
2024-03-29,79.23076923076923,13
2024-03-30,100,12
2024-03-31,62,12
2024-04-01,82,12
2024-04-02,67,12
2024-04-03,62,12
2024-04-04,60,12
2024-04-05,80,12
2024-04-06,94,12
2024-04-07,70,12
2024-04-08,73,12
2024-04-09,72,12
2024-04-10,61,12
2024-04-11,69.23076923076923,13
2024-04-12,78.23076923076923,13
2024-04-13,96.3076923076923,13
2024-04-14,69.15384615384616,13
2024-04-15,58.166666666666664,12
2024-04-16,50.166666666666664,12
2024-04-17,50.166666666666664,12
2024-04-18,49.166666666666664,12
2024-04-19,59.25,12
2024-04-20,73.25,12
2024-04-21,55.166666666666664,12
2024-04-22,59.25,12
2024-04-23,47.166666666666664,12
2024-04-24,54.166666666666664,12
2024-04-25,51.166666666666664,12
2024-04-26,63.25,12
2024-04-27,83.25,12
2024-04-28,65.16666666666667,12
2024-04-29,66.16666666666667,12
2024-04-30,59.18181818181818,11
2024-05-01,65.18181818181819,11
2024-05-02,62.27272727272727,11
2024-05-03,63.18181818181818,11
2024-05-04,85.27272727272727,11
2024-05-05,54.18181818181818,11
2024-05-06,61.27272727272727,11
2024-05-07,55.27272727272727,11
2024-05-08,64.27272727272727,11
2024-05-09,67.18181818181819,11
2024-05-10,86.27272727272727,11
2024-05-11,80.27272727272727,11
2024-05-12,52.18181818181818,11
2024-05-13,57.18181818181818,11
2024-05-14,61.2,10
2024-05-15,57.2,10
2024-05-16,54.2,10
2024-05-17,62.2,10
2024-05-18,88.3,10
2024-05-19,63.2,10
2024-05-20,75.3,10
2024-05-21,61.3,10
2024-05-22,56.2,10
2024-05-23,56.2,10
2024-05-24,55.2,10
2024-05-25,78.3,10
2024-05-26,52.2,10
2024-05-27,58.2,10
2024-05-28,60.3,10
2024-05-29,54.22222222222222,9
2024-05-30,62.22222222222222,9
2024-05-31,59.22222222222222,9
2024-06-01,80.33333333333333,9
2024-06-02,41.22222222222222,9
2024-06-03,52.22222222222222,9
2024-06-04,52.22222222222222,9
2024-06-05,51.22222222222222,9
2024-06-06,48.22222222222222,9
2024-06-07,52.22222222222222,9
2024-06-08,66.33333333333333,9
2024-06-09,55.22222222222222,9
2024-06-10,56.22222222222222,9
2024-06-11,52.22222222222222,9
2024-06-12,50.22222222222222,9
2024-06-13,40.111111111111114,9
2024-06-14,51.25,8
2024-06-15,65.25,8
2024-06-16,46.25,8
2024-06-17,56.25,8
2024-06-18,43.25,8
2024-06-19,45.25,8
2024-06-20,43.25,8
2024-06-21,47.125,8
2024-06-22,60.25,8
2024-06-23,41.25,8
2024-06-24,48.25,8
2024-06-25,43.25,8
2024-06-26,44.25,8
2024-06-27,52.25,8
2024-06-28,55.25,8
2024-06-29,50.285714285714285,7
2024-06-30,42.142857142857146,7
2024-07-01,50.285714285714285,7
2024-07-02,51.25,8
2024-07-03,58,9
2024-07-04,51.77777777777778,9
2024-07-05,52.3,10
2024-07-06,70.75,12
2024-07-07,54.46153846153846,13
2024-07-08,64.38461538461539,13
2024-07-09,58.23076923076923,13
2024-07-10,64.85714285714286,14
2024-07-11,62.4,15
2024-07-12,66.66666666666666,15
2024-07-13,85.66666666666667,15
2024-07-14,48.94117647058823,17
2024-07-15,73.66666666666667,18
2024-07-16,67.94736842105263,19
2024-07-17,62.80952380952381,21
2024-07-18,66.91304347826087,23
2024-07-19,63.56,25
2024-07-20,78.92592592592592,27
2024-07-21,68.17241379310344,29
2024-07-22,80.09677419354838,31
2024-07-23,60,33
2024-07-24,79.77142857142859,35
2024-07-25,72.78378378378379,37
2024-07-26,81.43589743589743,39
2024-07-27,90.85365853658536,41
2024-07-28,55.714285714285715,42
2024-07-29,75.25000000000001,44
2024-07-30,64.58695652173914,46
2024-07-31,68.66666666666667,48
2024-08-01,69.82,50
2024-08-02,97.65384615384612,52
2024-08-03,94.94339622641508,53
2024-08-04,66.35849056603774,53
2024-08-05,68.5,54
2024-08-06,77.75,56
2024-08-07,67.8448275862069,58
2024-08-08,69.86666666666666,60
2024-08-09,65.6451612903226,62
2024-08-10,76.953125,64
2024-08-11,55.530303030303024,66
2024-08-12,71.91044776119404,67
2024-08-13,66.82608695652172,69
2024-08-14,58.943661971830984,71
2024-08-15,67.65277777777779,72
2024-08-16,70,73
2024-08-17,92.69333333333331,75
2024-08-18,56.09090909090909,77
2024-08-19,69.9113924050633,79
2024-08-20,62.98765432098765,81
2024-08-21,62.451219512195124,82
2024-08-22,64.89156626506023,83
2024-08-23,62.45882352941177,85
2024-08-24,71.41860465116275,86
2024-08-25,54.73563218390806,87
2024-08-26,61.96629213483146,89
2024-08-27,67.62222222222223,90
2024-08-28,62.83695652173913,92
2024-08-29,59.98936170212766,94
2024-08-30,67.57291666666667,96
2024-08-31,64.21428571428571,98
2024-09-01,52.25,100
2024-09-02,72.90196078431373,102
2024-09-03,65.85576923076923,104
2024-09-04,62.5377358490566,106
2024-09-05,67.50925925925925,108
2024-09-06,71.69999999999996,110
2024-09-07,84.43243243243244,111
2024-09-08,54.945945945945944,111
2024-09-09,68.38392857142858,112
2024-09-10,57.27433628318583,113
2024-09-11,56.55752212389382,113
2024-09-12,69.71681415929204,113
2024-09-13,71.40178571428571,112
2024-09-14,84.16964285714288,112
2024-09-15,63.85714285714284,112
2024-09-16,65.91071428571429,112
2024-09-17,51.5,112
2024-09-18,61.464285714285715,112
2024-09-19,57.90178571428572,112
2024-09-20,62.50892857142858,112
2024-09-21,82.27433628318585,113
2024-09-22,56.17391304347826,115
2024-09-23,64.71794871794874,117
2024-09-24,57.10084033613445,119
2024-09-25,59.32231404958678,121
2024-09-26,65.2439024390244,123
2024-09-27,61.63999999999999,125
2024-09-28,90.7857142857143,126
2024-09-29,52.19531249999999,128
2024-09-30,69.43076923076924,130
2024-10-01,63.62015503875969,129
2024-10-02,72.91603053435112,131
2024-10-03,65.21052631578948,133
2024-10-04,66.64661654135341,133
2024-10-05,84.57894736842105,133
2024-10-06,62.6814814814815,135
2024-10-07,62.72262773722626,137
2024-10-08,64.46376811594203,138
2024-10-09,58.52941176470589,136
2024-10-10,69.26277372262776,137
2024-10-11,75.46043165467626,139
2024-10-12,78.41726618705039,139
2024-10-13,64.24460431654676,139
2024-10-14,70.75886524822693,141
2024-10-15,65.68794326241134,141
2024-10-16,62.75177304964538,141
2024-10-17,61.17021276595744,141
2024-10-18,65.54609929078015,141
2024-10-19,83.28368794326241,141
2024-10-20,52.446808510638306,141
2024-10-21,60.248226950354606,141
2024-10-22,61.59285714285714,140
2024-10-23,50.446043165467614,139
2024-10-24,59.115942028985515,138
2024-10-25,61.97058823529409,136
2024-10-26,86.65185185185184,135
2024-10-27,50.111111111111114,135
2024-10-28,63.06666666666667,135
2024-10-29,50.08888888888888,135
2024-10-30,65.2814814814815,135
2024-10-31,66.87407407407409,135
2024-11-01,80.48148148148151,135
2024-11-02,87.21167883211679,137
2024-11-03,61.55395683453237,139
2024-11-04,69.99280575539568,139
2024-11-05,62.870503597122315,139
2024-11-06,60.1294964028777,139
2024-11-07,56.769784172661886,139
2024-11-08,63.539568345323744,139
2024-11-09,93.87050359712228,139
2024-11-10,60.884892086330936,139
2024-11-11,60.273381294964025,139
2024-11-12,67.52173913043475,138
2024-11-13,66.6277372262774,137
2024-11-14,58.67391304347826,138
2024-11-15,58.67883211678832,137
2024-11-16,90.41605839416056,137
2024-11-17,66.23357664233573,137
2024-11-18,64.99999999999997,137
2024-11-19,59.96350364963504,137
2024-11-20,62.02877697841727,139
2024-11-21,49.92028985507247,138
2024-11-22,57.43795620437956,137
2024-11-23,77.3840579710145,138
2024-11-24,49.058823529411754,136
2024-11-25,66.837037037037,135
2024-11-26,58.32835820895522,134
2024-11-27,66.5151515151515,132
2024-11-28,54.03053435114504,131
2024-11-29,65.28244274809157,131
2024-11-30,75.57251908396947,131
2024-12-01,60.77862595419849,131
2024-12-02,61.419847328244266,131
2024-12-03,56.52671755725191,131
2024-12-04,50.3969465648855,131
2024-12-05,60.984732824427475,131
2024-12-06,56.954198473282446,131
2024-12-07,65.15037593984962,133
2024-12-08,55.21481481481482,135
2024-12-09,60.52592592592592,135
2024-12-10,54.065693430656935,137
2024-12-11,52.036231884057976,138
2024-12-12,47.05797101449275,138
2024-12-13,54.19565217391305,138
2024-12-14,79.07194244604317,139
2024-12-15,58.255319148936174,141
2024-12-16,48.356643356643346,143
2024-12-17,47.165517241379305,145
2024-12-18,59.61904761904762,147
2024-12-19,47.98657718120806,149
2024-12-20,51.218543046357624,151
2024-12-21,72.38410596026492,151
2024-12-22,67.17218543046354,151
2024-12-23,66.85430463576158,151
2024-12-24,61.43046357615894,151
2024-12-25,47.580000000000005,150
2024-12-26,73.47297297297297,148
2024-12-27,89.17687074829932,147
2024-12-28,79.76190476190474,147
2024-12-29,44.51020408163265,147
2024-12-30,71.27891156462587,147
2024-12-31,49.28571428571427,147
2025-01-01,59.74149659863946,147
2025-01-02,98.71428571428568,147
2025-01-03,68.96598639455782,147
2025-01-04,70.68707482993197,147
2025-01-05,51.73469387755103,147
2025-01-06,58.04081632653061,147
2025-01-07,54.81208053691273,149
2025-01-08,53.22666666666666,150
2025-01-09,52.0810810810811,148
2025-01-10,57.435374149659864,147
2025-01-11,68.91836734693877,147
2025-01-12,49.42176870748299,147
2025-01-13,58.156462585034014,147
2025-01-14,47.204081632653086,147
2025-01-15,54.21088435374151,147
2025-01-16,54.1917808219178,146
2025-01-17,56.64827586206895,145
2025-01-18,64.25517241379309,145
2025-01-19,43.10344827586208,145
2025-01-20,53.75862068965518,145
2025-01-21,50.23129251700681,147
2025-01-22,48.917808219178085,146
2025-01-23,48.36986301369863,146
2025-01-24,47.068493150684944,146
2025-01-25,69.62758620689652,145
2025-01-26,57.46896551724138,145
2025-01-27,60.09655172413792,145
2025-01-28,52.31944444444443,144
2025-01-29,54.181818181818194,143
2025-01-30,52.0845070422535,142
2025-01-31,53.17730496453901,141
2025-02-01,65.74468085106383,141
2025-02-02,51.40425531914894,141
2025-02-03,52,141
2025-02-04,52.1063829787234,141
2025-02-05,49.02836879432623,141
2025-02-06,47.39999999999999,140
2025-02-07,56.84057971014493,138
2025-02-08,70.01470588235296,136
2025-02-09,59.511111111111106,135
2025-02-10,55.32592592592593,135
2025-02-11,45.544117647058826,136
2025-02-12,53.507462686567166,134
2025-02-13,53.28148148148148,135
2025-02-14,57.313432835820905,134
2025-02-15,71.83333333333331,132
2025-02-16,52.35877862595421,131
2025-02-17,50.45038167938932,131
2025-02-18,50.66412213740458,131
2025-02-19,51.16923076923077,130
2025-02-20,56.62307692307693,130
2025-02-21,56.390625,128
2025-02-22,72.75968992248065,129
2025-02-23,49.26717557251908,131
2025-02-24,57.954198473282446,131
2025-02-25,52.878787878787875,132
2025-02-26,56.643939393939384,132
2025-02-27,52.06153846153846,130
2025-02-28,60.992248062015506,129
2025-03-01,79.01550387596897,129
2025-03-02,51.403100775193785,129
2025-03-03,66.94573643410853,129
2025-03-04,57.46511627906979,129
2025-03-05,60.41085271317829,129
2025-03-06,61.562499999999986,128
2025-03-07,61.53968253968254,126
2025-03-08,87.35483870967744,124
2025-03-09,70.71544715447156,123
2025-03-10,68.09756097560974,123
2025-03-11,62.260162601626014,123
2025-03-12,57.69354838709677,124
2025-03-13,63.29032258064519,124
2025-03-14,61.443548387096776,124
2025-03-15,83.27642276422763,123
2025-03-16,61.723577235772375,123
2025-03-17,59.91803278688524,122
2025-03-18,53.7,120
2025-03-19,63.847457627118665,118
2025-03-20,64.7008547008547,117
2025-03-21,75.35897435897434,117
2025-03-22,90.2905982905982,117
2025-03-23,67.99999999999997,117
2025-03-24,62.41880341880343,117
2025-03-25,63.36752136752135,117
2025-03-26,62.33613445378151,119
2025-03-27,64.02479338842977,121
2025-03-28,70.32231404958675,121
2025-03-29,92.45454545454548,121
2025-03-30,63.2479338842975,121
2025-03-31,67.02479338842977,121
2025-04-01,60.7603305785124,121
2025-04-02,67.2727272727273,121
2025-04-03,62.2892561983471,121
2025-04-04,76.90082644628099,121
2025-04-05,91.98347107438016,121
2025-04-06,71.297520661157,121
2025-04-07,66.73553719008261,121
2025-04-08,67.66942148760332,121
2025-04-09,66.63414634146342,123
2025-04-10,61.11200000000001,125
2025-04-11,75.248,125
2025-04-12,90.29600000000002,125
2025-04-13,73.672,125
2025-04-14,66.296,125
2025-04-15,67.184,125
2025-04-16,60.864,125
2025-04-17,66.6141732283464,127
2025-04-18,78.44881889763782,127
2025-04-19,99.70078740157474,127
2025-04-20,70.87401574803147,127
2025-04-21,89.74015748031496,127
2025-04-22,71.19685039370081,127
2025-04-23,74.7751937984496,129
2025-04-24,69.00763358778623,131
2025-04-25,79.9473684210526,133
2025-04-26,93.45864661654136,133
2025-04-27,65.67669172932332,133
2025-04-28,73.5187969924812,133
2025-04-29,75.35555555555554,135
2025-04-30,76.25185185185185,135
2025-05-01,87.69343065693431,137
2025-05-02,84.10294117647061,136
2025-05-03,89.83823529411765,136
2025-05-04,55.529411764705905,136
2025-05-05,65.2279411764706,136
2025-05-06,59.07352941176471,136
2025-05-07,57.693430656934304,137
2025-05-08,51.9496402877698,139
2025-05-09,63.21276595744682,141
2025-05-10,79.13380281690141,142
2025-05-11,64.40845070422536,142
2025-05-12,61.61538461538464,143
2025-05-13,55.779310344827586,145
2025-05-14,61.21917808219178,146
2025-05-15,51.204081632653065,147
2025-05-16,71.86577181208057,149
2025-05-17,79.39999999999998,150
2025-05-18,53.83333333333334,150
2025-05-19,65.26666666666667,150
2025-05-20,52.07947019867548,151
2025-05-21,66.11764705882352,153
2025-05-22,51.29677419354839,155
2025-05-23,64.90384615384616,156
2025-05-24,74.58974358974359,156
2025-05-25,55.21935483870968,155
2025-05-26,59.006493506493506,154
2025-05-27,59.48701298701299,154
2025-05-28,66.37662337662341,154
2025-05-29,69.09150326797386,153
2025-05-30,94.90789473684212,152
2025-05-31,80.96666666666667,150
2025-06-01,57.86486486486486,148
2025-06-02,62.31506849315068,146
2025-06-03,57.31250000000003,144
2025-06-04,54.34507042253521,142
2025-06-05,53.31690140845072,142
2025-06-06,56.21830985915493,142
2025-06-07,85.18309859154932,142
2025-06-08,51.05714285714286,140
2025-06-09,71.69565217391302,138
2025-06-10,59.286764705882355,136
2025-06-11,64.80882352941177,136
2025-06-12,62.69117647058823,136
2025-06-13,64.41176470588235,136
2025-06-14,78.56716417910451,134
2025-06-15,53.74242424242424,132
2025-06-16,61.628787878787875,132
2025-06-17,66.29545454545453,132
2025-06-18,61.53030303030304,132
2025-06-19,71.27692307692305,130
2025-06-20,72.4921875,128
2025-06-21,78.56349206349206,126
2025-06-22,52.38709677419355,124
2025-06-23,61.60655737704917,122
2025-06-24,64.55833333333334,120
2025-06-25,61.313559322033896,118
2025-06-26,58.103448275862064,116
2025-06-27,63.12280701754385,114
2025-06-28,78.48214285714285,112
2025-06-29,62.04545454545455,110
2025-06-30,66.75000000000001,108
2025-07-01,63.56603773584904,106
2025-07-02,60.759615384615394,104
2025-07-03,60.68627450980392,102
2025-07-04,68.52,100
2025-07-05,82.05102040816325,98
2025-07-06,50.625,96
2025-07-07,63.3404255319149,94
2025-07-08,57.717391304347814,92
2025-07-09,58.81111111111111,90
2025-07-10,56.20454545454545,88
2025-07-11,62.74418604651163,86
2025-07-12,74.3214285714286,84
2025-07-13,54.34146341463415,82
2025-07-14,69.7125,80
2025-07-15,57.55128205128205,78
2025-07-16,64,76
2025-07-17,59.83783783783784,74
2025-07-18,61.06944444444444,72
2025-07-19,81.41428571428571,70
2025-07-20,60.7205882352941,68
2025-07-21,75.56060606060606,66
2025-07-22,62.875,64
2025-07-23,67.8225806451613,62
2025-07-24,65.78333333333335,60
2025-07-25,65.32758620689657,58
2025-07-26,86.55357142857143,56
2025-07-27,60.407407407407405,54
2025-07-28,74.23076923076923,52
2025-07-29,68.47999999999998,50
2025-07-30,63.37499999999999,48
2025-07-31,64.17391304347827,46
2025-08-01,58.53191489361703,47
2025-08-02,85.95555555555555,45
2025-08-03,56.46511627906977,43
2025-08-04,71.3170731707317,41
2025-08-05,64.43589743589743,39
2025-08-06,62.16216216216216,37
2025-08-07,61.48571428571429,35
2025-08-08,63.54545454545455,33
2025-08-09,75.19354838709675,31
2025-08-10,51.27586206896552,29
2025-08-11,64.25925925925925,27
2025-08-12,59.4,25
2025-08-13,62.608695652173914,23
2025-08-14,60,21
2025-08-15,63.31578947368421,19
2025-08-16,80.3,20
2025-08-17,49.611111111111114,18
2025-08-18,56.75,16
2025-08-19,59.42857142857143,14
2025-08-20,58.583333333333336,12
2025-08-21,54.6,10
2025-08-22,60,8
2025-08-23,77.66666666666667,6
2025-08-24,55.333333333333336,6
2025-08-25,71.33333333333333,6
2025-08-26,59.333333333333336,6
2025-08-27,54,6
2025-08-28,56.666666666666664,6
2025-08-29,64.5,6
2025-08-30,78.33333333333333,6
2025-08-31,43.888888888888886,9
2025-09-01,63.77777777777778,9
2025-09-02,67.33333333333333,9
2025-09-03,66.11111111111111,9
2025-09-04,71.11111111111111,9
2025-09-05,65.66666666666667,9
2025-09-06,79.77777777777777,9
2025-09-07,45.888888888888886,9
2025-09-08,68.11111111111111,9
2025-09-09,65.44444444444444,9
2025-09-10,56.77777777777778,9
2025-09-11,52.888888888888886,9
2025-09-12,61.55555555555556,9
2025-09-13,79.44444444444444,9
2025-09-14,50.888888888888886,9
2025-09-15,50.583333333333336,12
2025-09-16,45.416666666666664,12
2025-09-17,58.5,12
2025-09-18,49.583333333333336,12
2025-09-19,61.083333333333336,12
2025-09-20,64.25,12
2025-09-21,46.75,12
2025-09-22,59.916666666666664,12
2025-09-23,48.083333333333336,12
2025-09-24,56.166666666666664,12
2025-09-25,62.25,12
2025-09-26,53.75,12
2025-09-27,76.58333333333333,12
2025-09-28,51.25,12
2025-09-29,60.416666666666664,12
2025-09-30,49.4,15
2025-10-01,64.6,15
2025-10-02,55.733333333333334,15
2025-10-03,55.266666666666666,15
2025-10-04,77.33333333333333,15
2025-10-05,52.86666666666667,15
2025-10-06,64.46666666666667,15
2025-10-07,62.333333333333336,15
2025-10-08,55.266666666666666,15
2025-10-09,51.333333333333336,15
2025-10-10,66.26666666666667,15
2025-10-11,71.46666666666667,15
2025-10-12,61.6,15
2025-10-13,63.4,15
2025-10-14,64.46666666666667,15
2025-10-15,58,18
2025-10-16,60.666666666666664,18
2025-10-17,55.888888888888886,18
2025-10-18,67.44444444444444,18
2025-10-19,57.388888888888886,18
2025-10-20,65.38888888888889,18
2025-10-21,57.666666666666664,18
2025-10-22,58,18
2025-10-23,56.55555555555556,18
2025-10-24,57.611111111111114,18
2025-10-25,64.33333333333333,18
2025-10-26,45.94444444444444,18
2025-10-27,51,18
2025-10-28,54.888888888888886,18
2025-10-29,58.666666666666664,18
2025-10-30,47.76190476190476,21
2025-10-31,50.80952380952381,21
2025-11-01,84.19047619047619,21
2025-11-02,50.76190476190476,21
2025-11-03,52.57142857142857,21
2025-11-04,51.523809523809526,21
2025-11-05,53.857142857142854,21
2025-11-06,52.333333333333336,21
2025-11-07,52.904761904761905,21
2025-11-08,72.57142857142857,21
2025-11-09,52.666666666666664,21
2025-11-10,50.19047619047619,21
2025-11-11,51.476190476190474,21
2025-11-12,54.19047619047619,21
2025-11-13,50.42857142857143,21
2025-11-14,51.541666666666664,24
2025-11-15,71.16666666666667,24
2025-11-16,50.875,24
2025-11-17,57.916666666666664,24
2025-11-18,49.25,24
2025-11-19,49.708333333333336,24
2025-11-20,46.666666666666664,24
2025-11-21,53.833333333333336,24
2025-11-22,71.45833333333333,24
2025-11-23,48.375,24
2025-11-24,52.75,24
2025-11-25,49.416666666666664,24
2025-11-26,45.625,24
2025-11-27,49.791666666666664,24
2025-11-28,52.75,24
2025-11-29,67.25925925925925,27
2025-11-30,48.629629629629626,27
2025-12-01,50.44444444444444,27
2025-12-02,48.55555555555556,27
2025-12-03,50.666666666666664,27
2025-12-04,47.51851851851852,27
2025-12-05,50.48148148148148,27
2025-12-06,65.85185185185185,27
2025-12-07,51.333333333333336,27
2025-12-08,55.51851851851852,27
2025-12-09,45.81481481481482,27
2025-12-10,41.55555555555556,27
2025-12-11,44.592592592592595,27
2025-12-12,52.22222222222222,27
2025-12-13,62.2962962962963,27
2025-12-14,45.81481481481482,27
2025-12-15,45.96296296296296,27
2025-12-16,40.2962962962963,27
2025-12-17,50.03703703703704,27
2025-12-18,45.148148148148145,27
2025-12-19,47.592592592592595,27
2025-12-20,71.70370370370371,27
2025-12-21,53.55555555555556,27
2025-12-22,64.07407407407408,27
2025-12-23,50.666666666666664,27
2025-12-24,47.22222222222222,27
2025-12-25,42.851851851851855,27
2025-12-26,63.96296296296296,27
2025-12-27,70.85185185185185,27
2025-12-28,50.111111111111114,27
2025-12-29,77.25925925925925,27
2025-12-30,58.07407407407408,27
2025-12-31,45.2962962962963,27
2026-01-01,44.03703703703704,27
2026-01-02,81.88888888888889,27
2026-01-03,64.29629629629629,27
2026-01-04,53.55555555555556,27
2026-01-05,49.629629629629626,27
2026-01-06,51.55555555555556,27
2026-01-07,51.81481481481482,27
2026-01-08,43.370370370370374,27
2026-01-09,53.74074074074074,27
2026-01-10,63.666666666666664,27
2026-01-11,38.666666666666664,27
2026-01-12,48.74074074074074,27
2026-01-13,43.7037037037037,27
2026-01-14,47.888888888888886,27
2026-01-15,46.888888888888886,27
2026-01-16,41.2962962962963,27
2026-01-17,63.888888888888886,27
2026-01-18,38,27
2026-01-19,40.370370370370374,27
2026-01-20,48.48148148148148,27
2026-01-21,50,27
2026-01-22,47.44444444444444,27
2026-01-23,44.888888888888886,27
2026-01-24,62.333333333333336,27
2026-01-25,41.44444444444444,27
2026-01-26,55.333333333333336,27
2026-01-27,45.74074074074074,27
2026-01-28,45.51851851851852,27
2026-01-29,47.22222222222222,27
2026-01-30,56.51851851851852,27
2026-01-31,64.55555555555556,27
2026-02-01,51.111111111111114,27
2026-02-02,46.666666666666664,24
2026-02-03,42.375,24
2026-02-04,46.708333333333336,24
2026-02-05,43.916666666666664,24
2026-02-06,51.25,24
2026-02-07,59.541666666666664,24
2026-02-08,44.875,24
2026-02-09,48.875,24
2026-02-10,51.875,24
2026-02-11,49.541666666666664,24
2026-02-12,44.041666666666664,24
2026-02-13,47.708333333333336,24
2026-02-14,58.208333333333336,24
2026-02-15,47.458333333333336,24
2026-02-16,45.958333333333336,24
2026-02-17,50.57142857142857,21
2026-02-18,44.523809523809526,21
2026-02-19,39.666666666666664,21
2026-02-20,44.23809523809524,21
2026-02-21,59.095238095238095,21
2026-02-22,47.523809523809526,21
2026-02-23,60.095238095238095,21
2026-02-24,47.42857142857143,21
2026-02-25,50.476190476190474,21
2026-02-26,52.714285714285715,21
2026-02-27,54.31818181818182,22
2026-02-28,72.20833333333333,24
2026-03-01,47.61538461538461,26
2026-03-02,56.32142857142857,28
2026-03-03,50.766666666666666,30
2026-03-04,56.3448275862069,29
2026-03-05,52.064516129032256,31
2026-03-06,60.333333333333336,33
2026-03-07,88.97142857142858,35
2026-03-08,55.7027027027027,37
2026-03-09,63.79487179487178,39
2026-03-10,53.65853658536585,41
2026-03-11,55.83720930232558,43
2026-03-12,49.45454545454545,44
2026-03-13,62.888888888888886,45
2026-03-14,79.06382978723406,47
2026-03-15,49.6530612244898,49
2026-03-16,59.25,48
2026-03-17,53.04,50
2026-03-18,56.372549019607845,51
2026-03-19,52.470588235294116,51
2026-03-20,61.39215686274509,51
2026-03-21,69.99999999999999,51
2026-03-22,52.11764705882353,51
2026-03-23,53.98039215686274,51
2026-03-24,54.09803921568628,51
2026-03-25,52.725490196078425,51
2026-03-26,50.96078431372549,51
2026-03-27,52.8235294117647,51
2026-03-28,69.92156862745097,51
2026-03-29,51.31372549019608,51
2026-03-30,57.05882352941177,51
2026-03-31,51.5,48
2026-04-01,49.333333333333336,48
2026-04-02,50.375,48
2026-04-03,68.20833333333334,48
2026-04-04,97.04166666666667,48
2026-04-05,60.708333333333336,48
2026-04-06,99.95833333333333,48
2026-04-07,67.62499999999999,48
2026-04-08,66.29166666666667,48
2026-04-09,64.91666666666664,48
2026-04-10,65.62500000000001,48
2026-04-11,84.875,48
2026-04-12,58.958333333333336,48
2026-04-13,64.95833333333334,48
2026-04-14,54,48
2026-04-15,50.916666666666664,48
2026-04-16,59.80000000000001,45
2026-04-17,68.02222222222223,45
2026-04-18,95.42222222222219,45
2026-04-19,67.11111111111113,45
2026-04-20,65.5111111111111,45
2026-04-21,71.5111111111111,45
2026-04-22,57.51111111111111,45
2026-04-23,57.62222222222222,45
2026-04-24,65.26666666666665,45
2026-04-25,83.97777777777777,45
2026-04-26,58.4,45
2026-04-27,69.31111111111112,45
2026-04-28,61.17777777777778,45
2026-04-29,61.08888888888889,45
2026-04-30,66.95555555555555,45
2026-05-01,78.04761904761905,42
2026-05-02,84,42
2026-05-03,53.09523809523809,42
2026-05-04,58.095238095238095,42
2026-05-05,57.333333333333336,42
2026-05-06,56.23809523809524,42
2026-05-07,45.476190476190474,42
2026-05-08,61.714285714285715,42
2026-05-09,86.38095238095238,42
2026-05-10,49.04761904761905,42
2026-05-11,59.142857142857146,42
2026-05-12,57.57142857142857,42
2026-05-13,56.476190476190474,42
2026-05-14,64.0952380952381,42
2026-05-15,85.71794871794872,39
2026-05-16,80.30769230769232,39
2026-05-17,48.97435897435897,39
2026-05-18,53.92307692307692,39
2026-05-19,53.743589743589745,39
2026-05-20,53.333333333333336,39
2026-05-21,57.15384615384615,39
2026-05-22,66.35897435897435,39
2026-05-23,85.58974358974359,39
2026-05-24,61.07692307692308,39
2026-05-25,75.05128205128206,39
2026-05-26,64.46153846153847,39
2026-05-27,58.94871794871795,39
2026-05-28,60.421052631578945,38
2026-05-29,57.94117647058823,34
2026-05-30,67.62499999999999,32
2026-05-31,45.46666666666667,30
2026-06-01,57.142857142857146,28
2026-06-02,49.23076923076923,26
2026-06-03,53.666666666666664,24
2026-06-04,59.54545454545455,22
2026-06-05,57.6,20
2026-06-06,68.55555555555556,18
2026-06-07,47.625,16
2026-06-08,51,14
2026-06-09,47.333333333333336,12
2026-06-10,46.2,10
2026-06-11,44.2,10
2026-06-12,47.25,8
2026-06-13,62.666666666666664,6
2026-06-14,35.5,4
2026-06-15,48,2
