time,value,n
2006-01-01,0,1
2006-01-02,0,1
2006-01-03,0,1
2006-01-04,0,1
2006-01-05,0,1
2006-01-06,0,1
2006-01-07,0,1
2006-01-08,0,1
2006-01-09,0,1
2006-01-10,0,1
2006-01-11,0,1
2006-01-12,0,1
2006-01-13,0,1
2006-01-14,0,1
2006-01-15,0,1
2006-01-16,0,2
2006-01-17,0,2
2006-01-18,0,2
2006-01-19,0,2
2006-01-20,0,2
2006-01-21,0,2
2006-01-22,0,2
2006-01-23,0,2
2006-01-24,0,2
2006-01-25,0,2
2006-01-26,0,2
2006-01-27,0,2
2006-01-28,0,2
2006-01-29,0,2
2006-01-30,0,2
2006-01-31,0,3
2006-02-01,0,3
2006-02-02,70,3
2006-02-03,0,3
2006-02-04,0,3
2006-02-05,0,3
2006-02-06,0,3
2006-02-07,0,3
2006-02-08,0,3
2006-02-09,0,3
2006-02-10,0,3
2006-02-11,0,3
2006-02-12,0,3
2006-02-13,0,3
2006-02-14,0,3
2006-02-15,0,4
2006-02-16,0,4
2006-02-17,0,4
2006-02-18,0,4
2006-02-19,0,4
2006-02-20,0,4
2006-02-21,0,4
2006-02-22,0,4
2006-02-23,0,4
2006-02-24,0,4
2006-02-25,0,4
2006-02-26,0,4
2006-02-27,0,4
2006-02-28,0,4
2006-03-01,0,4
2006-03-02,0,5
2006-03-03,0,5
2006-03-04,0,5
2006-03-05,0,5
2006-03-06,0,5
2006-03-07,0,5
2006-03-08,0,5
2006-03-09,0,5
2006-03-10,0,5
2006-03-11,100,5
2006-03-12,0,5
2006-03-13,0,5
2006-03-14,0,5
2006-03-15,0,5
2006-03-16,0,5
2006-03-17,0,6
2006-03-18,0,6
2006-03-19,0,6
2006-03-20,0,6
2006-03-21,0,6
2006-03-22,0,6
2006-03-23,0,6
2006-03-24,0,6
2006-03-25,0,6
2006-03-26,0,6
2006-03-27,0,6
2006-03-28,0,6
2006-03-29,0,6
2006-03-30,0,6
2006-03-31,0,6
2006-04-01,0,7
2006-04-02,0,7
2006-04-03,0,7
2006-04-04,0,7
2006-04-05,0,7
2006-04-06,0,7
2006-04-07,0,7
2006-04-08,0,7
2006-04-09,0,7
2006-04-10,0,7
2006-04-11,0,7
2006-04-12,0,7
2006-04-13,0,7
2006-04-14,0,7
2006-04-15,0,7
2006-04-16,0,8
2006-04-17,0,8
2006-04-18,0,8
2006-04-19,0,8
2006-04-20,0,8
2006-04-21,0,8
2006-04-22,0,8
2006-04-23,0,8
2006-04-24,0,8
2006-04-25,0,8
2006-04-26,0,8
2006-04-27,0,8
2006-04-28,0,8
2006-04-29,0,8
2006-04-30,0,8
2006-05-01,0,9
2006-05-02,0,9
2006-05-03,0,9
2006-05-04,0,9
2006-05-05,0,9
2006-05-06,0,9
2006-05-07,0,9
2006-05-08,0,9
2006-05-09,0,9
2006-05-10,0,9
2006-05-11,0,9
2006-05-12,0,9
2006-05-13,0,9
2006-05-14,0,9
2006-05-15,0,9
2006-05-16,0,10
2006-05-17,0,10
2006-05-18,0,10
2006-05-19,0,10
2006-05-20,0,10
2006-05-21,0,10
2006-05-22,0,10
2006-05-23,0,10
2006-05-24,0,10
2006-05-25,0,10
2006-05-26,0,10
2006-05-27,0,10
2006-05-28,0,10
2006-05-29,0,10
2006-05-30,0,10
2006-05-31,0,11
2006-06-01,0,11
2006-06-02,0,11
2006-06-03,0,11
2006-06-04,0,11
2006-06-05,0,11
2006-06-06,0,11
2006-06-07,0,11
2006-06-08,0,11
2006-06-09,0,11
2006-06-10,0,11
2006-06-11,0,11
2006-06-12,0,11
2006-06-13,0,11
2006-06-14,0,11
2006-06-15,0,12
2006-06-16,0,12
2006-06-17,0,12
2006-06-18,0,12
2006-06-19,0,12
2006-06-20,0,12
2006-06-21,0,12
2006-06-22,0,12
2006-06-23,0,12
2006-06-24,0,12
2006-06-25,0,12
2006-06-26,0,12
2006-06-27,0,12
2006-06-28,0,12
2006-06-29,0,12
2006-06-30,0,13
2006-07-01,0,13
2006-07-02,0,12
2006-07-03,0,12
2006-07-04,0,12
2006-07-05,0,12
2006-07-06,0,12
2006-07-07,0,12
2006-07-08,0,12
2006-07-09,0,12
2006-07-10,0,12
2006-07-11,0,12
2006-07-12,0,12
2006-07-13,0,12
2006-07-14,0,12
2006-07-15,0,13
2006-07-16,0,13
2006-07-17,0,12
2006-07-18,0,12
2006-07-19,0,12
2006-07-20,0,12
2006-07-21,0,12
2006-07-22,0,12
2006-07-23,0,12
2006-07-24,0,12
2006-07-25,0,12
2006-07-26,0,12
2006-07-27,0,12
2006-07-28,0,12
2006-07-29,0,12
2006-07-30,0,13
2006-07-31,0,13
2006-08-01,0,12
2006-08-02,0,12
2006-08-03,0,12
2006-08-04,0,12
2006-08-05,0,12
2006-08-06,0,12
2006-08-07,0,12
2006-08-08,0,12
2006-08-09,0,12
2006-08-10,0,12
2006-08-11,0,12
2006-08-12,0,12
2006-08-13,0,12
2006-08-14,0,13
2006-08-15,0,13
2006-08-16,0,12
2006-08-17,0,12
2006-08-18,0,12
2006-08-19,0,12
2006-08-20,0,12
2006-08-21,0,12
2006-08-22,0,12
2006-08-23,0,12
2006-08-24,0,12
2006-08-25,0,12
2006-08-26,0,12
2006-08-27,0,12
2006-08-28,0,12
2006-08-29,0,13
2006-08-30,0,13
2006-08-31,0,13
2006-09-01,0,13
2006-09-02,0,13
2006-09-03,0,12
2006-09-04,0,12
2006-09-05,0,12
2006-09-06,0,12
2006-09-07,0,12
2006-09-08,0,12
2006-09-09,0,12
2006-09-10,0,12
2006-09-11,0,12
2006-09-12,0,12
2006-09-13,0,13
2006-09-14,0,13
2006-09-15,0,13
2006-09-16,0,13
2006-09-17,0,13
2006-09-18,0,12
2006-09-19,0,12
2006-09-20,0,12
2006-09-21,0,12
2006-09-22,0,12
2006-09-23,0,12
2006-09-24,0,12
2006-09-25,0,12
2006-09-26,0,12
2006-09-27,0,12
2006-09-28,0,13
2006-09-29,0,13
2006-09-30,0,13
2006-10-01,0,13
2006-10-02,0,12
2006-10-03,0,12
2006-10-04,0,12
2006-10-05,0,12
2006-10-06,0,12
2006-10-07,0,12
2006-10-08,0,12
2006-10-09,0,12
2006-10-10,0,12
2006-10-11,0,12
2006-10-12,0,12
2006-10-13,0,13
2006-10-14,0,13
2006-10-15,0,13
2006-10-16,0,13
2006-10-17,0,12
2006-10-18,0,12
2006-10-19,0,12
2006-10-20,0,12
2006-10-21,0,12
2006-10-22,0,12
2006-10-23,0,12
2006-10-24,0,12
2006-10-25,0,12
2006-10-26,0,12
2006-10-27,0,12
2006-10-28,0,13
2006-10-29,0,13
2006-10-30,0,13
2006-10-31,0,13
2006-11-01,0,13
2006-11-02,0,12
2006-11-03,0,12
2006-11-04,0,12
2006-11-05,0,12
2006-11-06,0,12
2006-11-07,0,12
2006-11-08,0,12
2006-11-09,0,12
2006-11-10,0,12
2006-11-11,0,12
2006-11-12,0,13
2006-11-13,0,13
2006-11-14,0,13
2006-11-15,0,13
2006-11-16,0,13
2006-11-17,0,12
2006-11-18,0,12
2006-11-19,0,12
2006-11-20,0,12
2006-11-21,0,12
2006-11-22,0,12
2006-11-23,0,12
2006-11-24,0,12
2006-11-25,0,12
2006-11-26,0,12
2006-11-27,0,13
2006-11-28,0,13
2006-11-29,0,13
2006-11-30,0,13
2006-12-01,0,13
2006-12-02,0,12
2006-12-03,0,12
2006-12-04,0,12
2006-12-05,0,12
2006-12-06,0,12
2006-12-07,0,12
2006-12-08,0,12
2006-12-09,0,12
2006-12-10,0,12
2006-12-11,0,12
2006-12-12,0,13
2006-12-13,0,13
2006-12-14,0,13
2006-12-15,0,13
2006-12-16,0,12
2006-12-17,0,12
2006-12-18,0,12
2006-12-19,0,12
2006-12-20,0,12
2006-12-21,0,12
2006-12-22,0,12
2006-12-23,0,12
2006-12-24,0,12
2006-12-25,0,12
2006-12-26,0,12
2006-12-27,0,13
2006-12-28,0,13
2006-12-29,0,13
2006-12-30,0,13
2006-12-31,0,12
2007-01-01,0,12
2007-01-02,0,12
2007-01-03,0,12
2007-01-04,0,12
2007-01-05,0,12
2007-01-06,0,12
2007-01-07,0,12
2007-01-08,0,12
2007-01-09,0,12
2007-01-10,0,12
2007-01-11,0,13
2007-01-12,0,13
2007-01-13,0,13
2007-01-14,0,13
2007-01-15,0,13
2007-01-16,0,12
2007-01-17,0,12
2007-01-18,0,12
2007-01-19,0,12
2007-01-20,0,12
2007-01-21,0,12
2007-01-22,0,12
2007-01-23,0,12
2007-01-24,0,12
2007-01-25,0,12
2007-01-26,0,13
2007-01-27,0,13
2007-01-28,0,13
2007-01-29,0,13
2007-01-30,0,13
2007-01-31,0,12
2007-02-01,0,12
2007-02-02,0,12
2007-02-03,0,12
2007-02-04,0,12
2007-02-05,0,12
2007-02-06,0,12
2007-02-07,0,12
2007-02-08,0,12
2007-02-09,0,12
2007-02-10,0,13
2007-02-11,0,13
2007-02-12,0,13
2007-02-13,0,13
2007-02-14,0,13
2007-02-15,0,12
2007-02-16,0,12
2007-02-17,0,12
2007-02-18,0,12
2007-02-19,0,12
2007-02-20,0,12
2007-02-21,0,12
2007-02-22,0,12
2007-02-23,0,12
2007-02-24,0,12
2007-02-25,0,13
2007-02-26,0,13
2007-02-27,0,13
2007-02-28,0,13
2007-03-01,0,13
2007-03-02,0,12
2007-03-03,0,12
2007-03-04,0,12
2007-03-05,0,12
2007-03-06,0,12
2007-03-07,0,12
2007-03-08,0,12
2007-03-09,0,12
2007-03-10,0,12
2007-03-11,0,12
2007-03-12,0,13
2007-03-13,0,13
2007-03-14,0,12
2007-03-15,0,12
2007-03-16,0,12
2007-03-17,0,12
2007-03-18,0,12
2007-03-19,0,12
2007-03-20,0,12
2007-03-21,0,12
2007-03-22,0,12
2007-03-23,0,12
2007-03-24,0,12
2007-03-25,0,12
2007-03-26,0,12
2007-03-27,0,13
2007-03-28,0,13
2007-03-29,0,12
2007-03-30,0,12
2007-03-31,0,12
2007-04-01,0,12
2007-04-02,0,12
2007-04-03,0,12
2007-04-04,0,12
2007-04-05,0,12
2007-04-06,0,12
2007-04-07,0,12
2007-04-08,0,12
2007-04-09,0,12
2007-04-10,0,12
2007-04-11,0,13
2007-04-12,0,13
2007-04-13,0,13
2007-04-14,0,12
2007-04-15,0,12
2007-04-16,0,12
2007-04-17,0,12
2007-04-18,0,12
2007-04-19,0,12
2007-04-20,0,12
2007-04-21,0,12
2007-04-22,0,12
2007-04-23,0,12
2007-04-24,0,12
2007-04-25,0,12
2007-04-26,0,13
2007-04-27,0,13
2007-04-28,0,13
2007-04-29,0,12
2007-04-30,0,12
2007-05-01,0,12
2007-05-02,0,12
2007-05-03,0,12
2007-05-04,0,12
2007-05-05,0,12
2007-05-06,0,12
2007-05-07,0,12
2007-05-08,0,12
2007-05-09,0,12
2007-05-10,0,12
2007-05-11,0,13
2007-05-12,0,13
2007-05-13,0,12
2007-05-14,0,12
2007-05-15,0,12
2007-05-16,0,12
2007-05-17,0,12
2007-05-18,0,12
2007-05-19,0,12
2007-05-20,0,12
2007-05-21,0,12
2007-05-22,0,12
2007-05-23,0,12
2007-05-24,0,12
2007-05-25,0,12
2007-05-26,0,13
2007-05-27,0,13
2007-05-28,0,12
2007-05-29,0,12
2007-05-30,0,12
2007-05-31,0,12
2007-06-01,0,12
2007-06-02,0,12
2007-06-03,0,12
2007-06-04,0,12
2007-06-05,0,12
2007-06-06,0,12
2007-06-07,0,12
2007-06-08,0,12
2007-06-09,0,12
2007-06-10,0,13
2007-06-11,0,13
2007-06-12,0,13
2007-06-13,0,12
2007-06-14,0,12
2007-06-15,0,12
2007-06-16,0,12
2007-06-17,0,12
2007-06-18,0,12
2007-06-19,0,12
2007-06-20,0,12
2007-06-21,0,12
2007-06-22,0,12
2007-06-23,0,12
2007-06-24,0,12
2007-06-25,0,13
2007-06-26,0,13
2007-06-27,0,13
2007-06-28,0,12
2007-06-29,0,12
2007-06-30,0,12
2007-07-01,0,12
2007-07-02,0,12
2007-07-03,0,12
2007-07-04,0,12
2007-07-05,0,12
2007-07-06,0,12
2007-07-07,0,12
2007-07-08,0,12
2007-07-09,0,12
2007-07-10,0,13
2007-07-11,0,13
2007-07-12,0,12
2007-07-13,0,12
2007-07-14,0,12
2007-07-15,0,12
2007-07-16,0,12
2007-07-17,0,12
2007-07-18,0,12
2007-07-19,0,12
2007-07-20,0,12
2007-07-21,0,12
2007-07-22,0,12
2007-07-23,0,12
2007-07-24,0,12
2007-07-25,0,13
2007-07-26,0,13
2007-07-27,0,12
2007-07-28,0,12
2007-07-29,0,12
2007-07-30,0,12
2007-07-31,0,12
2007-08-01,0,12
2007-08-02,0,12
2007-08-03,0,12
2007-08-04,0,12
2007-08-05,0,12
2007-08-06,0,12
2007-08-07,0,12
2007-08-08,0,12
2007-08-09,0,13
2007-08-10,0,13
2007-08-11,0,12
2007-08-12,0,12
2007-08-13,0,12
2007-08-14,0,12
2007-08-15,0,12
2007-08-16,0,12
2007-08-17,0,12
2007-08-18,100,12
2007-08-19,0,12
2007-08-20,0,12
2007-08-21,0,12
2007-08-22,0,12
2007-08-23,0,12
2007-08-24,0,13
2007-08-25,0,13
2007-08-26,0,12
2007-08-27,0,12
2007-08-28,0,12
2007-08-29,0,12
2007-08-30,0,12
2007-08-31,0,12
2007-09-01,0,12
2007-09-02,0,12
2007-09-03,0,12
2007-09-04,0,12
2007-09-05,0,12
2007-09-06,0,12
2007-09-07,0,12
2007-09-08,0,13
2007-09-09,0,13
2007-09-10,0,13
2007-09-11,0,13
2007-09-12,0,13
2007-09-13,0,12
2007-09-14,0,12
2007-09-15,0,12
2007-09-16,0,12
2007-09-17,0,12
2007-09-18,0,12
2007-09-19,0,12
2007-09-20,0,12
2007-09-21,0,12
2007-09-22,0,12
2007-09-23,0,13
2007-09-24,0,13
2007-09-25,0,13
2007-09-26,0,13
2007-09-27,0,13
2007-09-28,0,12
2007-09-29,0,12
2007-09-30,0,12
2007-10-01,0,12
2007-10-02,0,12
2007-10-03,0,12
2007-10-04,0,12
2007-10-05,0,12
2007-10-06,0,12
2007-10-07,0,12
2007-10-08,0,13
2007-10-09,0,13
2007-10-10,0,13
2007-10-11,0,13
2007-10-12,0,12
2007-10-13,0,12
2007-10-14,0,12
2007-10-15,0,12
2007-10-16,0,12
2007-10-17,0,12
2007-10-18,0,12
2007-10-19,0,12
2007-10-20,0,12
2007-10-21,0,12
2007-10-22,0,12
2007-10-23,0,13
2007-10-24,0,13
2007-10-25,0,13
2007-10-26,0,13
2007-10-27,0,12
2007-10-28,0,12
2007-10-29,0,12
2007-10-30,0,12
2007-10-31,0,12
2007-11-01,0,12
2007-11-02,0,12
2007-11-03,0,12
2007-11-04,0,12
2007-11-05,0,12
2007-11-06,0,12
2007-11-07,0,13
2007-11-08,0,13
2007-11-09,0,13
2007-11-10,0,13
2007-11-11,0,13
2007-11-12,0,12
2007-11-13,0,12
2007-11-14,0,12
2007-11-15,0,12
2007-11-16,0,12
2007-11-17,0,12
2007-11-18,0,12
2007-11-19,0,12
2007-11-20,0,12
2007-11-21,0,12
2007-11-22,0,13
2007-11-23,0,13
2007-11-24,0,13
2007-11-25,0,13
2007-11-26,0,13
2007-11-27,0,12
2007-11-28,0,12
2007-11-29,0,12
2007-11-30,0,12
2007-12-01,0,12
2007-12-02,0,12
2007-12-03,0,12
2007-12-04,0,12
2007-12-05,0,12
2007-12-06,0,12
2007-12-07,0,13
2007-12-08,0,13
2007-12-09,0,13
2007-12-10,0,13
2007-12-11,0,12
2007-12-12,0,12
2007-12-13,0,12
2007-12-14,0,12
2007-12-15,0,12
2007-12-16,0,12
2007-12-17,72.33333333333333,12
2007-12-18,0,12
2007-12-19,0,12
2007-12-20,0,12
2007-12-21,0,12
2007-12-22,0,13
2007-12-23,0,13
2007-12-24,0,13
2007-12-25,0,13
2007-12-26,0,12
2007-12-27,0,12
2007-12-28,0,12
2007-12-29,0,12
2007-12-30,0,12
2007-12-31,0,12
2008-01-01,0,12
2008-01-02,0,12
2008-01-03,0,12
2008-01-04,0,12
2008-01-05,0,12
2008-01-06,0,13
2008-01-07,0,13
2008-01-08,0,13
2008-01-09,0,13
2008-01-10,0,13
2008-01-11,0,12
2008-01-12,0,12
2008-01-13,0,12
2008-01-14,0,12
2008-01-15,0,12
2008-01-16,0,12
2008-01-17,0,12
2008-01-18,0,12
2008-01-19,0,12
2008-01-20,0,12
2008-01-21,0,13
2008-01-22,0,13
2008-01-23,91.6153846153846,13
2008-01-24,0,13
2008-01-25,0,13
2008-01-26,0,12
2008-01-27,0,12
2008-01-28,0,12
2008-01-29,0,12
2008-01-30,0,12
2008-01-31,0,12
2008-02-01,0,12
2008-02-02,0,12
2008-02-03,0,12
2008-02-04,0,12
2008-02-05,0,13
2008-02-06,0,13
2008-02-07,0,13
2008-02-08,0,13
2008-02-09,0,13
2008-02-10,0,12
2008-02-11,0,12
2008-02-12,0,12
2008-02-13,0,12
2008-02-14,0,12
2008-02-15,0,12
2008-02-16,0,12
2008-02-17,0,12
2008-02-18,100,12
2008-02-19,0,12
2008-02-20,0,13
2008-02-21,0,13
2008-02-22,0,13
2008-02-23,0,13
2008-02-24,0,13
2008-02-25,0,12
2008-02-26,0,12
2008-02-27,0,12
2008-02-28,0,12
2008-02-29,0,12
2008-03-01,0,12
2008-03-02,0,12
2008-03-03,0,12
2008-03-04,0,12
2008-03-05,0,12
2008-03-06,0,13
2008-03-07,0,13
2008-03-08,0,13
2008-03-09,0,12
2008-03-10,0,12
2008-03-11,0,12
2008-03-12,0,12
2008-03-13,0,12
2008-03-14,0,12
2008-03-15,0,12
2008-03-16,0,12
2008-03-17,0,12
2008-03-18,0,12
2008-03-19,0,12
2008-03-20,0,12
2008-03-21,0,13
2008-03-22,0,13
2008-03-23,0,13
2008-03-24,0,12
2008-03-25,0,12
2008-03-26,0,12
2008-03-27,0,12
2008-03-28,0,12
2008-03-29,0,12
2008-03-30,0,12
2008-03-31,0,12
2008-04-01,0,12
2008-04-02,0,12
2008-04-03,0,12
2008-04-04,0,12
2008-04-05,0,13
2008-04-06,0,13
2008-04-07,0,13
2008-04-08,0,13
2008-04-09,0,12
2008-04-10,0,12
2008-04-11,0,12
2008-04-12,0,12
2008-04-13,0,12
2008-04-14,0,12
2008-04-15,0,12
2008-04-16,0,12
2008-04-17,0,12
2008-04-18,0,12
2008-04-19,0,12
2008-04-20,0,13
2008-04-21,0,13
2008-04-22,0,13
2008-04-23,0,13
2008-04-24,0,12
2008-04-25,0,12
2008-04-26,0,12
2008-04-27,0,12
2008-04-28,0,12
2008-04-29,0,12
2008-04-30,0,12
2008-05-01,0,12
2008-05-02,0,12
2008-05-03,0,12
2008-05-04,0,12
2008-05-05,0,13
2008-05-06,0,13
2008-05-07,0,13
2008-05-08,0,12
2008-05-09,0,12
2008-05-10,0,12
2008-05-11,0,12
2008-05-12,0,12
2008-05-13,0,12
2008-05-14,0,12
2008-05-15,0,12
2008-05-16,0,12
2008-05-17,0,12
2008-05-18,0,12
2008-05-19,0,12
2008-05-20,0,13
2008-05-21,0,13
2008-05-22,0,13
2008-05-23,0,12
2008-05-24,0,12
2008-05-25,0,12
2008-05-26,0,12
2008-05-27,0,12
2008-05-28,0,12
2008-05-29,0,12
2008-05-30,0,12
2008-05-31,0,12
2008-06-01,0,12
2008-06-02,0,12
2008-06-03,0,12
2008-06-04,0,13
2008-06-05,0,13
2008-06-06,0,13
2008-06-07,0,13
2008-06-08,0,12
2008-06-09,0,12
2008-06-10,0,12
2008-06-11,0,12
2008-06-12,0,12
2008-06-13,0,12
2008-06-14,0,12
2008-06-15,0,12
2008-06-16,0,12
2008-06-17,0,12
2008-06-18,0,12
2008-06-19,0,13
2008-06-20,0,13
2008-06-21,0,13
2008-06-22,0,13
2008-06-23,0,12
2008-06-24,0,12
2008-06-25,0,12
2008-06-26,0,12
2008-06-27,0,12
2008-06-28,0,12
2008-06-29,0,12
2008-06-30,0,12
2008-07-01,0,12
2008-07-02,0,12
2008-07-03,0,12
2008-07-04,0,13
2008-07-05,0,13
2008-07-06,0,13
2008-07-07,0,12
2008-07-08,0,12
2008-07-09,0,12
2008-07-10,0,12
2008-07-11,0,12
2008-07-12,0,12
2008-07-13,0,12
2008-07-14,0,12
2008-07-15,0,12
2008-07-16,0,12
2008-07-17,0,12
2008-07-18,0,12
2008-07-19,0,13
2008-07-20,0,13
2008-07-21,0,13
2008-07-22,0,12
2008-07-23,0,12
2008-07-24,0,12
2008-07-25,0,12
2008-07-26,0,12
2008-07-27,0,12
2008-07-28,0,12
2008-07-29,0,12
2008-07-30,0,12
2008-07-31,0,12
2008-08-01,0,12
2008-08-02,0,12
2008-08-03,0,13
2008-08-04,0,13
2008-08-05,0,13
2008-08-06,0,12
2008-08-07,0,12
2008-08-08,0,12
2008-08-09,0,12
2008-08-10,0,12
2008-08-11,0,12
2008-08-12,0,12
2008-08-13,0,12
2008-08-14,0,12
2008-08-15,0,12
2008-08-16,0,12
2008-08-17,0,12
2008-08-18,0,13
2008-08-19,0,13
2008-08-20,0,13
2008-08-21,0,12
2008-08-22,0,12
2008-08-23,0,12
2008-08-24,0,12
2008-08-25,0,12
2008-08-26,0,12
2008-08-27,0,12
2008-08-28,0,12
2008-08-29,0,12
2008-08-30,0,12
2008-08-31,0,12
2008-09-01,0,12
2008-09-02,0,13
2008-09-03,0,13
2008-09-04,0,13
2008-09-05,0,13
2008-09-06,0,13
2008-09-07,0,12
2008-09-08,0,12
2008-09-09,0,12
2008-09-10,0,12
2008-09-11,0,12
2008-09-12,0,12
2008-09-13,0,12
2008-09-14,0,12
2008-09-15,0,12
2008-09-16,0,12
2008-09-17,0,13
2008-09-18,0,13
2008-09-19,0,13
2008-09-20,0,13
2008-09-21,0,13
2008-09-22,0,12
2008-09-23,0,12
2008-09-24,0,12
2008-09-25,0,12
2008-09-26,0,12
2008-09-27,0,12
2008-09-28,0,12
2008-09-29,0,12
2008-09-30,0,12
2008-10-01,0,12
2008-10-02,0,13
2008-10-03,100,13
2008-10-04,0,13
2008-10-05,0,13
2008-10-06,0,12
2008-10-07,0,12
2008-10-08,0,12
2008-10-09,0,12
2008-10-10,0,12
2008-10-11,0,12
2008-10-12,0,12
2008-10-13,0,12
2008-10-14,0,12
2008-10-15,0,12
2008-10-16,0,12
2008-10-17,0,13
2008-10-18,0,13
2008-10-19,0,13
2008-10-20,0,13
2008-10-21,0,12
2008-10-22,0,12
2008-10-23,0,12
2008-10-24,0,12
2008-10-25,0,12
2008-10-26,0,12
2008-10-27,0,12
2008-10-28,0,12
2008-10-29,0,12
2008-10-30,0,12
2008-10-31,0,12
2008-11-01,0,13
2008-11-02,0,13
2008-11-03,0,13
2008-11-04,0,13
2008-11-05,0,13
2008-11-06,0,12
2008-11-07,0,12
2008-11-08,0,12
2008-11-09,0,12
2008-11-10,0,12
2008-11-11,0,12
2008-11-12,0,12
2008-11-13,73.33333333333333,12
2008-11-14,0,12
2008-11-15,0,12
2008-11-16,0,13
2008-11-17,0,13
2008-11-18,0,13
2008-11-19,0,13
2008-11-20,0,13
2008-11-21,0,12
2008-11-22,0,12
2008-11-23,0,12
2008-11-24,0,12
2008-11-25,0,12
2008-11-26,0,12
2008-11-27,0,12
2008-11-28,0,12
2008-11-29,0,12
2008-11-30,0,12
2008-12-01,0,13
2008-12-02,0,13
2008-12-03,0,13
2008-12-04,0,13
2008-12-05,0,12
2008-12-06,0,12
2008-12-07,0,12
2008-12-08,0,12
2008-12-09,0,12
2008-12-10,0,12
2008-12-11,0,12
2008-12-12,0,12
2008-12-13,0,12
2008-12-14,0,12
2008-12-15,0,12
2008-12-16,0,13
2008-12-17,0,13
2008-12-18,0,13
2008-12-19,0,13
2008-12-20,0,12
2008-12-21,0,12
2008-12-22,0,12
2008-12-23,0,12
2008-12-24,0,12
2008-12-25,0,12
2008-12-26,0,12
2008-12-27,0,12
2008-12-28,0,12
2008-12-29,0,12
2008-12-30,0,12
2008-12-31,0,13
2009-01-01,0,13
2009-01-02,0,13
2009-01-03,0,13
2009-01-04,0,13
2009-01-05,0,12
2009-01-06,0,12
2009-01-07,0,12
2009-01-08,0,12
2009-01-09,0,12
2009-01-10,0,12
2009-01-11,0,12
2009-01-12,0,12
2009-01-13,0,12
2009-01-14,0,12
2009-01-15,0,13
2009-01-16,0,13
2009-01-17,0,13
2009-01-18,0,13
2009-01-19,0,13
2009-01-20,0,12
2009-01-21,0,12
2009-01-22,0,12
2009-01-23,0,12
2009-01-24,0,12
2009-01-25,0,12
2009-01-26,0,12
2009-01-27,0,12
2009-01-28,0,12
2009-01-29,0,12
2009-01-30,0,13
2009-01-31,0,13
2009-02-01,0,13
2009-02-02,0,13
2009-02-03,0,13
2009-02-04,0,12
2009-02-05,0,12
2009-02-06,0,12
2009-02-07,0,12
2009-02-08,0,12
2009-02-09,0,12
2009-02-10,0,12
2009-02-11,0,12
2009-02-12,0,12
2009-02-13,0,12
2009-02-14,0,13
2009-02-15,0,13
2009-02-16,0,13
2009-02-17,0,13
2009-02-18,0,13
2009-02-19,0,12
2009-02-20,0,12
2009-02-21,0,12
2009-02-22,0,12
2009-02-23,0,12
2009-02-24,0,12
2009-02-25,0,12
2009-02-26,0,12
2009-02-27,0,12
2009-02-28,0,12
2009-03-01,0,13
2009-03-02,0,13
2009-03-03,0,12
2009-03-04,0,12
2009-03-05,0,12
2009-03-06,0,12
2009-03-07,0,12
2009-03-08,0,12
2009-03-09,0,12
2009-03-10,0,12
2009-03-11,0,12
2009-03-12,0,12
2009-03-13,0,12
2009-03-14,0,12
2009-03-15,0,12
2009-03-16,0,13
2009-03-17,0,13
2009-03-18,0,12
2009-03-19,0,12
2009-03-20,0,12
2009-03-21,0,12
2009-03-22,0,12
2009-03-23,0,12
2009-03-24,0,12
2009-03-25,0,12
2009-03-26,0,12
2009-03-27,0,12
2009-03-28,0,12
2009-03-29,0,12
2009-03-30,0,12
2009-03-31,0,13
2009-04-01,0,13
2009-04-02,0,13
2009-04-03,0,12
2009-04-04,0,12
2009-04-05,0,12
2009-04-06,0,12
2009-04-07,0,12
2009-04-08,0,12
2009-04-09,0,12
2009-04-10,0,12
2009-04-11,0,12
2009-04-12,0,12
2009-04-13,0,12
2009-04-14,0,12
2009-04-15,0,13
2009-04-16,0,13
2009-04-17,0,13
2009-04-18,0,12
2009-04-19,0,12
2009-04-20,0,12
2009-04-21,0,12
2009-04-22,0,12
2009-04-23,0,12
2009-04-24,0,12
2009-04-25,0,12
2009-04-26,0,12
2009-04-27,0,12
2009-04-28,0,12
2009-04-29,0,12
2009-04-30,0,13
2009-05-01,0,13
2009-05-02,0,12
2009-05-03,0,12
2009-05-04,0,12
2009-05-05,0,12
2009-05-06,0,12
2009-05-07,0,12
2009-05-08,0,12
2009-05-09,0,12
2009-05-10,0,12
2009-05-11,0,12
2009-05-12,0,12
2009-05-13,0,12
2009-05-14,0,12
2009-05-15,0,13
2009-05-16,0,13
2009-05-17,0,12
2009-05-18,0,12
2009-05-19,0,12
2009-05-20,0,12
2009-05-21,0,12
2009-05-22,0,12
2009-05-23,0,12
2009-05-24,0,12
2009-05-25,0,12
2009-05-26,0,12
2009-05-27,100,12
2009-05-28,0,12
2009-05-29,0,12
2009-05-30,0,13
2009-05-31,0,13
2009-06-01,0,13
2009-06-02,0,12
2009-06-03,0,12
2009-06-04,0,12
2009-06-05,0,12
2009-06-06,0,12
2009-06-07,0,12
2009-06-08,0,12
2009-06-09,0,12
2009-06-10,0,12
2009-06-11,0,12
2009-06-12,0,12
2009-06-13,0,12
2009-06-14,0,13
2009-06-15,0,13
2009-06-16,0,13
2009-06-17,0,12
2009-06-18,0,12
2009-06-19,0,12
2009-06-20,0,12
2009-06-21,0,12
2009-06-22,0,12
2009-06-23,0,12
2009-06-24,0,12
2009-06-25,0,12
2009-06-26,0,12
2009-06-27,0,12
2009-06-28,0,12
2009-06-29,0,13
2009-06-30,0,13
2009-07-01,0,13
2009-07-02,0,12
2009-07-03,0,12
2009-07-04,0,12
2009-07-05,0,12
2009-07-06,0,12
2009-07-07,0,12
2009-07-08,0,12
2009-07-09,0,12
2009-07-10,0,12
2009-07-11,0,12
2009-07-12,0,12
2009-07-13,0,12
2009-07-14,0,13
2009-07-15,0,13
2009-07-16,0,12
2009-07-17,0,12
2009-07-18,0,12
2009-07-19,0,12
2009-07-20,0,12
2009-07-21,0,12
2009-07-22,0,12
2009-07-23,0,12
2009-07-24,0,12
2009-07-25,0,12
2009-07-26,0,12
2009-07-27,0,12
2009-07-28,0,12
2009-07-29,0,13
2009-07-30,0,13
2009-07-31,0,12
2009-08-01,0,12
2009-08-02,0,12
2009-08-03,0,12
2009-08-04,0,12
2009-08-05,0,12
2009-08-06,0,12
2009-08-07,0,12
2009-08-08,0,12
2009-08-09,0,12
2009-08-10,0,12
2009-08-11,0,12
2009-08-12,0,12
2009-08-13,0,13
2009-08-14,0,13
2009-08-15,0,12
2009-08-16,0,12
2009-08-17,0,12
2009-08-18,0,12
2009-08-19,0,12
2009-08-20,0,12
2009-08-21,0,12
2009-08-22,0,12
2009-08-23,0,12
2009-08-24,0,12
2009-08-25,0,12
2009-08-26,0,12
2009-08-27,0,12
2009-08-28,0,13
2009-08-29,0,13
2009-08-30,0,13
2009-08-31,0,13
2009-09-01,0,13
2009-09-02,0,12
2009-09-03,0,12
2009-09-04,0,12
2009-09-05,0,12
2009-09-06,0,12
2009-09-07,0,12
2009-09-08,0,12
2009-09-09,0,12
2009-09-10,0,12
2009-09-11,0,12
2009-09-12,0,13
2009-09-13,0,13
2009-09-14,0,13
2009-09-15,0,13
2009-09-16,0,13
2009-09-17,0,12
2009-09-18,0,12
2009-09-19,0,12
2009-09-20,0,12
2009-09-21,0,12
2009-09-22,0,12
2009-09-23,0,12
2009-09-24,0,12
2009-09-25,0,12
2009-09-26,0,12
2009-09-27,0,13
2009-09-28,0,13
2009-09-29,0,13
2009-09-30,0,13
2009-10-01,0,13
2009-10-02,0,12
2009-10-03,0,12
2009-10-04,0,12
2009-10-05,0,12
2009-10-06,0,12
2009-10-07,0,12
2009-10-08,0,12
2009-10-09,0,12
2009-10-10,0,12
2009-10-11,0,12
2009-10-12,0,13
2009-10-13,0,13
2009-10-14,0,13
2009-10-15,0,13
2009-10-16,0,12
2009-10-17,0,12
2009-10-18,0,12
2009-10-19,0,12
2009-10-20,0,12
2009-10-21,0,12
2009-10-22,0,12
2009-10-23,0,12
2009-10-24,0,12
2009-10-25,0,12
2009-10-26,0,12
2009-10-27,0,13
2009-10-28,0,13
2009-10-29,0,13
2009-10-30,0,13
2009-10-31,0,12
2009-11-01,0,12
2009-11-02,0,12
2009-11-03,0,12
2009-11-04,0,12
2009-11-05,0,12
2009-11-06,0,12
2009-11-07,0,12
2009-11-08,0,12
2009-11-09,0,12
2009-11-10,0,12
2009-11-11,0,13
2009-11-12,0,13
2009-11-13,0,13
2009-11-14,0,13
2009-11-15,0,13
2009-11-16,0,12
2009-11-17,0,12
2009-11-18,0,12
2009-11-19,0,12
2009-11-20,0,12
2009-11-21,0,12
2009-11-22,0,12
2009-11-23,0,12
2009-11-24,0,12
2009-11-25,0,12
2009-11-26,0,13
2009-11-27,0,13
2009-11-28,0,13
2009-11-29,0,13
2009-11-30,0,13
2009-12-01,0,12
2009-12-02,85,12
2009-12-03,0,12
2009-12-04,0,12
2009-12-05,0,12
2009-12-06,0,12
2009-12-07,0,12
2009-12-08,0,12
2009-12-09,0,12
2009-12-10,0,12
2009-12-11,0,13
2009-12-12,0,13
2009-12-13,0,13
2009-12-14,98.6153846153846,13
2009-12-15,0,12
2009-12-16,0,12
2009-12-17,0,12
2009-12-18,0,12
2009-12-19,0,12
2009-12-20,0,12
2009-12-21,0,12
2009-12-22,0,12
2009-12-23,0,12
2009-12-24,0,12
2009-12-25,0,12
2009-12-26,0,13
2009-12-27,0,13
2009-12-28,0,13
2009-12-29,0,13
2009-12-30,0,12
2009-12-31,0,12
2010-01-01,0,12
2010-01-02,0,12
2010-01-03,0,12
2010-01-04,0,12
2010-01-05,0,12
2010-01-06,0,12
2010-01-07,0,12
2010-01-08,0,12
2010-01-09,0,12
2010-01-10,0,13
2010-01-11,0,13
2010-01-12,0,13
2010-01-13,0,13
2010-01-14,0,13
2010-01-15,0,12
2010-01-16,0,12
2010-01-17,0,12
2010-01-18,0,12
2010-01-19,0,12
2010-01-20,0,12
2010-01-21,0,12
2010-01-22,0,12
2010-01-23,0,12
2010-01-24,0,12
2010-01-25,0,13
2010-01-26,0,13
2010-01-27,0,13
2010-01-28,0,13
2010-01-29,0,13
2010-01-30,0,12
2010-01-31,0,12
2010-02-01,0,12
2010-02-02,0,12
2010-02-03,0,12
2010-02-04,0,12
2010-02-05,0,12
2010-02-06,0,12
2010-02-07,0,12
2010-02-08,0,12
2010-02-09,0,13
2010-02-10,0,13
2010-02-11,0,13
2010-02-12,0,13
2010-02-13,0,13
2010-02-14,0,12
2010-02-15,0,12
2010-02-16,0,12
2010-02-17,0,12
2010-02-18,0,12
2010-02-19,0,12
2010-02-20,0,12
2010-02-21,0,12
2010-02-22,0,12
2010-02-23,0,12
2010-02-24,0,13
2010-02-25,0,13
2010-02-26,0,13
2010-02-27,0,13
2010-02-28,0,13
2010-03-01,0,12
2010-03-02,0,12
2010-03-03,0,12
2010-03-04,0,12
2010-03-05,0,12
2010-03-06,0,12
2010-03-07,0,12
2010-03-08,0,12
2010-03-09,0,12
2010-03-10,0,12
2010-03-11,0,13
2010-03-12,0,13
2010-03-13,0,12
2010-03-14,0,12
2010-03-15,0,12
2010-03-16,0,12
2010-03-17,0,12
2010-03-18,75.66666666666667,12
2010-03-19,0,12
2010-03-20,0,12
2010-03-21,0,12
2010-03-22,0,12
2010-03-23,0,12
2010-03-24,0,12
2010-03-25,0,12
2010-03-26,0,13
2010-03-27,0,13
2010-03-28,0,12
2010-03-29,0,12
2010-03-30,0,12
2010-03-31,0,12
2010-04-01,0,12
2010-04-02,0,12
2010-04-03,0,12
2010-04-04,0,12
2010-04-05,0,12
2010-04-06,0,12
2010-04-07,0,12
2010-04-08,0,12
2010-04-09,0,12
2010-04-10,0,13
2010-04-11,0,13
2010-04-12,0,13
2010-04-13,0,12
2010-04-14,0,12
2010-04-15,0,12
2010-04-16,0,12
2010-04-17,0,12
2010-04-18,0,12
2010-04-19,0,12
2010-04-20,0,12
2010-04-21,0,12
2010-04-22,0,12
2010-04-23,0,12
2010-04-24,0,12
2010-04-25,0,13
2010-04-26,0,13
2010-04-27,0,13
2010-04-28,0,12
2010-04-29,0,12
2010-04-30,0,12
2010-05-01,0,12
2010-05-02,0,12
2010-05-03,0,12
2010-05-04,0,12
2010-05-05,0,12
2010-05-06,0,12
2010-05-07,0,12
2010-05-08,0,12
2010-05-09,0,12
2010-05-10,0,13
2010-05-11,0,13
2010-05-12,0,12
2010-05-13,0,12
2010-05-14,0,12
2010-05-15,0,12
2010-05-16,0,12
2010-05-17,0,12
2010-05-18,0,12
2010-05-19,0,12
2010-05-20,0,12
2010-05-21,0,12
2010-05-22,0,12
2010-05-23,0,12
2010-05-24,0,12
2010-05-25,0,13
2010-05-26,0,13
2010-05-27,0,12
2010-05-28,0,12
2010-05-29,0,12
2010-05-30,100,12
2010-05-31,0,12
2010-06-01,89,12
2010-06-02,0,12
2010-06-03,0,12
2010-06-04,0,12
2010-06-05,0,12
2010-06-06,0,12
2010-06-07,0,12
2010-06-08,0,12
2010-06-09,0,13
2010-06-10,0,13
2010-06-11,0,13
2010-06-12,0,12
2010-06-13,0,12
2010-06-14,0,12
2010-06-15,0,12
2010-06-16,0,12
2010-06-17,0,12
2010-06-18,0,12
2010-06-19,0,12
2010-06-20,0,12
2010-06-21,0,12
2010-06-22,0,12
2010-06-23,0,12
2010-06-24,0,13
2010-06-25,0,13
2010-06-26,0,13
2010-06-27,0,12
2010-06-28,0,12
2010-06-29,0,12
2010-06-30,0,12
2010-07-01,0,12
2010-07-02,0,12
2010-07-03,0,12
2010-07-04,0,12
2010-07-05,0,12
2010-07-06,0,12
2010-07-07,0,12
2010-07-08,0,12
2010-07-09,0,13
2010-07-10,0,13
2010-07-11,0,12
2010-07-12,0,12
2010-07-13,0,12
2010-07-14,0,12
2010-07-15,0,12
2010-07-16,0,12
2010-07-17,0,12
2010-07-18,0,12
2010-07-19,0,12
2010-07-20,0,12
2010-07-21,0,12
2010-07-22,0,12
2010-07-23,0,12
2010-07-24,0,13
2010-07-25,0,13
2010-07-26,0,12
2010-07-27,0,12
2010-07-28,0,12
2010-07-29,0,12
2010-07-30,0,12
2010-07-31,0,12
2010-08-01,0,12
2010-08-02,76.33333333333333,12
2010-08-03,0,12
2010-08-04,0,12
2010-08-05,0,12
2010-08-06,0,12
2010-08-07,0,12
2010-08-08,0,13
2010-08-09,0,13
2010-08-10,0,12
2010-08-11,0,12
2010-08-12,0,12
2010-08-13,0,12
2010-08-14,0,12
2010-08-15,0,12
2010-08-16,0,12
2010-08-17,0,12
2010-08-18,0,12
2010-08-19,0,12
2010-08-20,0,12
2010-08-21,0,12
2010-08-22,0,12
2010-08-23,0,13
2010-08-24,0,13
2010-08-25,0,12
2010-08-26,0,12
2010-08-27,0,12
2010-08-28,0,12
2010-08-29,0,12
2010-08-30,0,12
2010-08-31,0,12
2010-09-01,0,12
2010-09-02,0,12
2010-09-03,0,12
2010-09-04,0,12
2010-09-05,0,12
2010-09-06,0,12
2010-09-07,0,13
2010-09-08,0,13
2010-09-09,0,13
2010-09-10,0,13
2010-09-11,0,13
2010-09-12,0,12
2010-09-13,0,12
2010-09-14,0,12
2010-09-15,0,12
2010-09-16,0,12
2010-09-17,0,12
2010-09-18,0,12
2010-09-19,0,12
2010-09-20,0,12
2010-09-21,0,12
2010-09-22,0,13
2010-09-23,0,13
2010-09-24,0,13
2010-09-25,0,13
2010-09-26,0,13
2010-09-27,0,12
2010-09-28,0,12
2010-09-29,0,12
2010-09-30,0,12
2010-10-01,0,12
2010-10-02,0,12
2010-10-03,0,12
2010-10-04,0,12
2010-10-05,0,12
2010-10-06,0,12
2010-10-07,0,13
2010-10-08,0,13
2010-10-09,0,13
2010-10-10,0,13
2010-10-11,0,12
2010-10-12,0,12
2010-10-13,0,12
2010-10-14,0,12
2010-10-15,0,12
2010-10-16,0,12
2010-10-17,0,12
2010-10-18,0,12
2010-10-19,0,12
2010-10-20,0,12
2010-10-21,93,12
2010-10-22,0,13
2010-10-23,0,13
2010-10-24,0,13
2010-10-25,0,13
2010-10-26,95.33333333333331,12
2010-10-27,0,12
2010-10-28,0,12
2010-10-29,0,12
2010-10-30,0,12
2010-10-31,0,12
2010-11-01,0,12
2010-11-02,0,12
2010-11-03,0,12
2010-11-04,0,12
2010-11-05,0,12
2010-11-06,0,13
2010-11-07,0,13
2010-11-08,0,13
2010-11-09,0,13
2010-11-10,0,13
2010-11-11,0,12
2010-11-12,0,12
2010-11-13,0,12
2010-11-14,0,12
2010-11-15,0,12
2010-11-16,0,12
2010-11-17,0,12
2010-11-18,0,12
2010-11-19,0,12
2010-11-20,0,12
2010-11-21,0,13
2010-11-22,0,13
2010-11-23,0,13
2010-11-24,0,13
2010-11-25,0,13
2010-11-26,0,12
2010-11-27,0,12
2010-11-28,0,12
2010-11-29,0,12
2010-11-30,0,12
2010-12-01,0,12
2010-12-02,0,12
2010-12-03,0,12
2010-12-04,0,12
2010-12-05,0,12
2010-12-06,0,13
2010-12-07,0,13
2010-12-08,0,13
2010-12-09,0,13
2010-12-10,0,12
2010-12-11,0,12
2010-12-12,0,12
2010-12-13,0,12
2010-12-14,0,12
2010-12-15,0,12
2010-12-16,94.75,12
2010-12-17,0,12
2010-12-18,0,12
2010-12-19,0,12
2010-12-20,0,12
2010-12-21,0,13
2010-12-22,0,13
2010-12-23,0,13
2010-12-24,0,13
2010-12-25,0,12
2010-12-26,0,12
2010-12-27,0,12
2010-12-28,0,12
2010-12-29,0,12
2010-12-30,0,12
2010-12-31,0,12
2011-01-01,0,12
2011-01-02,0,12
2011-01-03,0,12
2011-01-04,0,12
2011-01-05,0,13
2011-01-06,0,13
2011-01-07,0,13
2011-01-08,0,13
2011-01-09,0,13
2011-01-10,0,12
2011-01-11,0,12
2011-01-12,0,12
2011-01-13,0,12
2011-01-14,0,12
2011-01-15,0,12
2011-01-16,0,12
2011-01-17,0,12
2011-01-18,0,12
2011-01-19,0,12
2011-01-20,0,13
2011-01-21,0,13
2011-01-22,0,13
2011-01-23,0,13
2011-01-24,0,13
2011-01-25,0,12
2011-01-26,0,12
2011-01-27,0,12
2011-01-28,0,12
2011-01-29,0,12
2011-01-30,0,12
2011-01-31,0,12
2011-02-01,66.58333333333333,12
2011-02-02,0,12
2011-02-03,0,12
2011-02-04,0,13
2011-02-05,0,13
2011-02-06,0,13
2011-02-07,0,13
2011-02-08,0,13
2011-02-09,0,12
2011-02-10,0,12
2011-02-11,0,12
2011-02-12,0,12
2011-02-13,0,12
2011-02-14,0,12
2011-02-15,0,12
2011-02-16,80.58333333333333,12
2011-02-17,0,12
2011-02-18,0,12
2011-02-19,0,13
2011-02-20,0,13
2011-02-21,0,13
2011-02-22,0,13
2011-02-23,0,13
2011-02-24,0,12
2011-02-25,0,12
2011-02-26,0,12
2011-02-27,0,12
2011-02-28,0,12
2011-03-01,0,12
2011-03-02,0,12
2011-03-03,0,12
2011-03-04,0,12
2011-03-05,0,12
2011-03-06,0,13
2011-03-07,64.3076923076923,13
2011-03-08,0,12
2011-03-09,0,12
2011-03-10,0,12
2011-03-11,0,12
2011-03-12,0,12
2011-03-13,0,12
2011-03-14,0,12
2011-03-15,0,12
2011-03-16,0,12
2011-03-17,0,12
2011-03-18,0,12
2011-03-19,0,12
2011-03-20,0,12
2011-03-21,0,13
2011-03-22,0,13
2011-03-23,0,12
2011-03-24,0,12
2011-03-25,0,12
2011-03-26,0,12
2011-03-27,0,12
2011-03-28,0,12
2011-03-29,0,12
2011-03-30,0,12
2011-03-31,0,12
2011-04-01,0,12
2011-04-02,0,12
2011-04-03,0,12
2011-04-04,0,12
2011-04-05,0,13
2011-04-06,0,13
2011-04-07,0,13
2011-04-08,0,12
2011-04-09,0,12
2011-04-10,0,12
2011-04-11,0,12
2011-04-12,0,12
2011-04-13,0,12
2011-04-14,0,12
2011-04-15,0,12
2011-04-16,0,12
2011-04-17,0,12
2011-04-18,0,12
2011-04-19,0,12
2011-04-20,0,13
2011-04-21,0,13
2011-04-22,0,13
2011-04-23,0,12
2011-04-24,0,12
2011-04-25,0,12
2011-04-26,0,12
2011-04-27,0,12
2011-04-28,0,12
2011-04-29,0,12
2011-04-30,0,12
2011-05-01,0,12
2011-05-02,0,12
2011-05-03,0,12
2011-05-04,0,12
2011-05-05,0,13
2011-05-06,0,13
2011-05-07,0,12
2011-05-08,0,12
2011-05-09,0,12
2011-05-10,0,12
2011-05-11,0,12
2011-05-12,0,12
2011-05-13,0,12
2011-05-14,0,12
2011-05-15,0,12
2011-05-16,0,12
2011-05-17,0,12
2011-05-18,0,12
2011-05-19,0,12
2011-05-20,0,13
2011-05-21,0,13
2011-05-22,0,12
2011-05-23,0,12
2011-05-24,0,12
2011-05-25,0,12
2011-05-26,0,12
2011-05-27,0,12
2011-05-28,0,12
2011-05-29,0,12
2011-05-30,0,12
2011-05-31,0,12
2011-06-01,0,12
2011-06-02,0,12
2011-06-03,0,12
2011-06-04,0,13
2011-06-05,0,13
2011-06-06,0,13
2011-06-07,0,12
2011-06-08,0,12
2011-06-09,0,12
2011-06-10,0,12
2011-06-11,0,12
2011-06-12,0,12
2011-06-13,0,12
2011-06-14,0,12
2011-06-15,0,12
2011-06-16,0,12
2011-06-17,0,12
2011-06-18,0,12
2011-06-19,0,13
2011-06-20,0,13
2011-06-21,0,13
2011-06-22,0,12
2011-06-23,0,12
2011-06-24,0,12
2011-06-25,0,12
2011-06-26,0,12
2011-06-27,0,12
2011-06-28,0,12
2011-06-29,0,12
2011-06-30,0,12
2011-07-01,0,12
2011-07-02,0,12
2011-07-03,0,12
2011-07-04,0,13
2011-07-05,0,13
2011-07-06,0,12
2011-07-07,0,12
2011-07-08,0,12
2011-07-09,0,12
2011-07-10,0,12
2011-07-11,0,12
2011-07-12,0,12
2011-07-13,0,12
2011-07-14,0,12
2011-07-15,0,12
2011-07-16,0,12
2011-07-17,100,12
2011-07-18,0,12
2011-07-19,0,13
2011-07-20,0,13
2011-07-21,0,12
2011-07-22,0,12
2011-07-23,0,12
2011-07-24,0,12
2011-07-25,0,12
2011-07-26,0,12
2011-07-27,0,12
2011-07-28,0,12
2011-07-29,0,12
2011-07-30,0,12
2011-07-31,0,12
2011-08-01,0,12
2011-08-02,0,12
2011-08-03,0,13
2011-08-04,0,13
2011-08-05,0,12
2011-08-06,0,12
2011-08-07,0,12
2011-08-08,0,12
2011-08-09,0,12
2011-08-10,0,12
2011-08-11,0,12
2011-08-12,0,12
2011-08-13,0,12
2011-08-14,0,12
2011-08-15,0,12
2011-08-16,0,12
2011-08-17,0,12
2011-08-18,0,13
2011-08-19,0,13
2011-08-20,0,12
2011-08-21,0,12
2011-08-22,0,12
2011-08-23,0,12
2011-08-24,0,12
2011-08-25,0,12
2011-08-26,0,12
2011-08-27,0,12
2011-08-28,0,12
2011-08-29,0,12
2011-08-30,0,12
2011-08-31,0,12
2011-09-01,0,12
2011-09-02,0,13
2011-09-03,0,13
2011-09-04,0,13
2011-09-05,0,13
2011-09-06,0,13
2011-09-07,0,12
2011-09-08,0,12
2011-09-09,0,12
2011-09-10,0,12
2011-09-11,0,12
2011-09-12,0,12
2011-09-13,0,12
2011-09-14,0,12
2011-09-15,0,12
2011-09-16,0,12
2011-09-17,0,13
2011-09-18,0,13
2011-09-19,0,13
2011-09-20,0,13
2011-09-21,0,13
2011-09-22,0,12
2011-09-23,0,12
2011-09-24,0,12
2011-09-25,0,12
2011-09-26,0,12
2011-09-27,0,12
2011-09-28,0,12
2011-09-29,0,12
2011-09-30,0,12
2011-10-01,0,12
2011-10-02,0,13
2011-10-03,0,13
2011-10-04,0,13
2011-10-05,0,13
2011-10-06,0,12
2011-10-07,0,12
2011-10-08,0,12
2011-10-09,0,12
2011-10-10,0,12
2011-10-11,0,12
2011-10-12,0,12
2011-10-13,0,12
2011-10-14,0,12
2011-10-15,0,12
2011-10-16,0,12
2011-10-17,0,13
2011-10-18,0,13
2011-10-19,0,13
2011-10-20,0,13
2011-10-21,0,12
2011-10-22,0,12
2011-10-23,0,12
2011-10-24,0,12
2011-10-25,0,12
2011-10-26,0,12
2011-10-27,0,12
2011-10-28,0,12
2011-10-29,0,12
2011-10-30,0,12
2011-10-31,0,12
2011-11-01,0,13
2011-11-02,0,13
2011-11-03,0,13
2011-11-04,0,13
2011-11-05,0,13
2011-11-06,0,12
2011-11-07,0,12
2011-11-08,0,12
2011-11-09,0,12
2011-11-10,0,12
2011-11-11,0,12
2011-11-12,0,12
2011-11-13,0,12
2011-11-14,0,12
2011-11-15,0,12
2011-11-16,0,13
2011-11-17,0,13
2011-11-18,0,13
2011-11-19,0,13
2011-11-20,0,13
2011-11-21,0,12
2011-11-22,0,12
2011-11-23,0,12
2011-11-24,0,12
2011-11-25,0,12
2011-11-26,0,12
2011-11-27,0,12
2011-11-28,0,12
2011-11-29,0,12
2011-11-30,0,12
2011-12-01,0,13
2011-12-02,0,13
2011-12-03,0,13
2011-12-04,0,13
2011-12-05,0,12
2011-12-06,98.66666666666669,12
2011-12-07,0,12
2011-12-08,0,12
2011-12-09,0,12
2011-12-10,0,12
2011-12-11,0,12
2011-12-12,0,12
2011-12-13,0,12
2011-12-14,0,12
2011-12-15,0,12
2011-12-16,0,13
2011-12-17,0,13
2011-12-18,0,13
2011-12-19,0,13
2011-12-20,0,12
2011-12-21,0,12
2011-12-22,0,12
2011-12-23,0,12
2011-12-24,0,12
2011-12-25,0,12
2011-12-26,0,12
2011-12-27,0,12
2011-12-28,0,12
2011-12-29,0,12
2011-12-30,0,12
2011-12-31,0,13
2012-01-01,0,13
2012-01-02,0,13
2012-01-03,0,13
2012-01-04,0,13
2012-01-05,0,12
2012-01-06,0,12
2012-01-07,0,12
2012-01-08,0,12
2012-01-09,0,12
2012-01-10,0,12
2012-01-11,0,12
2012-01-12,0,12
2012-01-13,0,12
2012-01-14,0,12
2012-01-15,0,13
2012-01-16,0,13
2012-01-17,0,13
2012-01-18,0,13
2012-01-19,0,13
2012-01-20,0,12
2012-01-21,0,12
2012-01-22,0,12
2012-01-23,0,12
2012-01-24,0,12
2012-01-25,0,12
2012-01-26,0,12
2012-01-27,0,12
2012-01-28,0,12
2012-01-29,0,12
2012-01-30,0,13
2012-01-31,0,13
2012-02-01,0,13
2012-02-02,0,13
2012-02-03,0,13
2012-02-04,0,12
2012-02-05,0,12
2012-02-06,0,12
2012-02-07,0,12
2012-02-08,0,12
2012-02-09,0,12
2012-02-10,0,12
2012-02-11,0,12
2012-02-12,0,12
2012-02-13,0,12
2012-02-14,0,13
2012-02-15,0,13
2012-02-16,0,13
2012-02-17,0,13
2012-02-18,0,13
2012-02-19,0,12
2012-02-20,0,12
2012-02-21,0,12
2012-02-22,0,12
2012-02-23,0,12
2012-02-24,0,12
2012-02-25,0,12
2012-02-26,0,12
2012-02-27,0,12
2012-02-28,0,12
2012-02-29,0,13
2012-03-01,0,13
2012-03-02,0,13
2012-03-03,0,12
2012-03-04,0,12
2012-03-05,0,12
2012-03-06,0,12
2012-03-07,0,12
2012-03-08,0,12
2012-03-09,0,12
2012-03-10,0,12
2012-03-11,0,12
2012-03-12,0,12
2012-03-13,0,12
2012-03-14,0,12
2012-03-15,0,13
2012-03-16,0,13
2012-03-17,0,13
2012-03-18,0,12
2012-03-19,0,12
2012-03-20,0,12
2012-03-21,0,12
2012-03-22,0,12
2012-03-23,0,12
2012-03-24,0,12
2012-03-25,0,12
2012-03-26,0,12
2012-03-27,0,12
2012-03-28,0,12
2012-03-29,0,12
2012-03-30,0,13
2012-03-31,0,13
2012-04-01,0,13
2012-04-02,0,13
2012-04-03,0,12
2012-04-04,0,12
2012-04-05,0,12
2012-04-06,0,12
2012-04-07,0,12
2012-04-08,0,12
2012-04-09,0,12
2012-04-10,0,12
2012-04-11,0,12
2012-04-12,0,12
2012-04-13,0,12
2012-04-14,0,13
2012-04-15,0,13
2012-04-16,0,13
2012-04-17,0,13
2012-04-18,73.25,12
2012-04-19,0,12
2012-04-20,0,12
2012-04-21,0,12
2012-04-22,0,12
2012-04-23,0,12
2012-04-24,0,12
2012-04-25,0,12
2012-04-26,0,12
2012-04-27,0,12
2012-04-28,0,12
2012-04-29,0,13
2012-04-30,0,13
2012-05-01,0,13
2012-05-02,0,12
2012-05-03,0,12
2012-05-04,0,12
2012-05-05,0,12
2012-05-06,0,12
2012-05-07,0,12
2012-05-08,99.5,12
2012-05-09,0,12
2012-05-10,0,12
2012-05-11,0,12
2012-05-12,0,12
2012-05-13,0,12
2012-05-14,0,13
2012-05-15,0,13
2012-05-16,0,13
2012-05-17,0,12
2012-05-18,0,12
2012-05-19,0,12
2012-05-20,0,12
2012-05-21,0,12
2012-05-22,0,12
2012-05-23,0,12
2012-05-24,0,12
2012-05-25,0,12
2012-05-26,0,12
2012-05-27,0,12
2012-05-28,0,12
2012-05-29,0,13
2012-05-30,0,13
2012-05-31,0,13
2012-06-01,0,13
2012-06-02,0,12
2012-06-03,0,12
2012-06-04,0,12
2012-06-05,0,12
2012-06-06,0,12
2012-06-07,0,12
2012-06-08,0,12
2012-06-09,0,12
2012-06-10,0,12
2012-06-11,0,12
2012-06-12,0,12
2012-06-13,0,13
2012-06-14,0,13
2012-06-15,0,13
2012-06-16,0,13
2012-06-17,0,12
2012-06-18,0,12
2012-06-19,0,12
2012-06-20,0,12
2012-06-21,0,12
2012-06-22,0,12
2012-06-23,0,12
2012-06-24,0,12
2012-06-25,0,12
2012-06-26,0,12
2012-06-27,0,12
2012-06-28,0,13
2012-06-29,0,13
2012-06-30,0,13
2012-07-01,0,13
2012-07-02,0,12
2012-07-03,0,12
2012-07-04,0,12
2012-07-05,0,12
2012-07-06,0,12
2012-07-07,0,12
2012-07-08,0,12
2012-07-09,0,12
2012-07-10,0,12
2012-07-11,0,12
2012-07-12,0,12
2012-07-13,0,13
2012-07-14,0,13
2012-07-15,0,13
2012-07-16,0,12
2012-07-17,0,12
2012-07-18,0,12
2012-07-19,0,12
2012-07-20,0,12
2012-07-21,0,12
2012-07-22,0,12
2012-07-23,0,12
2012-07-24,0,12
2012-07-25,0,12
2012-07-26,0,12
2012-07-27,0,12
2012-07-28,0,13
2012-07-29,0,13
2012-07-30,0,13
2012-07-31,0,12
2012-08-01,0,12
2012-08-02,0,12
2012-08-03,0,12
2012-08-04,0,12
2012-08-05,0,12
2012-08-06,0,12
2012-08-07,0,12
2012-08-08,0,12
2012-08-09,0,12
2012-08-10,0,12
2012-08-11,0,12
2012-08-12,0,13
2012-08-13,0,13
2012-08-14,0,13
2012-08-15,0,12
2012-08-16,0,12
2012-08-17,0,12
2012-08-18,0,12
2012-08-19,0,12
2012-08-20,0,12
2012-08-21,0,12
2012-08-22,0,12
2012-08-23,0,12
2012-08-24,0,12
2012-08-25,0,12
2012-08-26,0,12
2012-08-27,0,13
2012-08-28,0,13
2012-08-29,0,13
2012-08-30,0,12
2012-08-31,0,12
2012-09-01,0,12
2012-09-02,0,12
2012-09-03,0,12
2012-09-04,0,12
2012-09-05,0,12
2012-09-06,0,12
2012-09-07,0,12
2012-09-08,0,12
2012-09-09,0,12
2012-09-10,0,12
2012-09-11,0,13
2012-09-12,0,13
2012-09-13,0,13
2012-09-14,0,13
2012-09-15,0,13
2012-09-16,0,12
2012-09-17,0,12
2012-09-18,0,12
2012-09-19,93.5,12
2012-09-20,0,12
2012-09-21,0,12
2012-09-22,0,12
2012-09-23,0,12
2012-09-24,0,12
2012-09-25,0,12
2012-09-26,0,13
2012-09-27,0,13
2012-09-28,0,13
2012-09-29,0,13
2012-09-30,0,13
2012-10-01,0,12
2012-10-02,0,12
2012-10-03,0,12
2012-10-04,0,12
2012-10-05,0,12
2012-10-06,0,12
2012-10-07,0,12
2012-10-08,0,12
2012-10-09,0,12
2012-10-10,0,12
2012-10-11,0,13
2012-10-12,0,13
2012-10-13,0,13
2012-10-14,0,13
2012-10-15,0,12
2012-10-16,0,12
2012-10-17,0,12
2012-10-18,0,12
2012-10-19,0,12
2012-10-20,0,12
2012-10-21,0,12
2012-10-22,0,12
2012-10-23,0,12
2012-10-24,0,12
2012-10-25,0,12
2012-10-26,0,13
2012-10-27,0,13
2012-10-28,0,13
2012-10-29,0,13
2012-10-30,0,12
2012-10-31,0,12
2012-11-01,0,12
2012-11-02,0,12
2012-11-03,0,12
2012-11-04,0,12
2012-11-05,0,12
2012-11-06,0,12
2012-11-07,0,12
2012-11-08,0,12
2012-11-09,0,12
2012-11-10,0,13
2012-11-11,0,13
2012-11-12,0,13
2012-11-13,0,13
2012-11-14,0,13
2012-11-15,0,12
2012-11-16,81,12
2012-11-17,0,12
2012-11-18,0,12
2012-11-19,0,12
2012-11-20,0,12
2012-11-21,0,12
2012-11-22,0,12
2012-11-23,0,12
2012-11-24,0,12
2012-11-25,0,13
2012-11-26,0,13
2012-11-27,0,13
2012-11-28,0,13
2012-11-29,0,13
2012-11-30,0,12
2012-12-01,0,12
2012-12-02,0,12
2012-12-03,0,12
2012-12-04,0,12
2012-12-05,0,12
2012-12-06,0,12
2012-12-07,0,12
2012-12-08,0,12
2012-12-09,0,12
2012-12-10,0,13
2012-12-11,0,13
2012-12-12,0,13
2012-12-13,0,13
2012-12-14,0,12
2012-12-15,0,12
2012-12-16,100,12
2012-12-17,68,12
2012-12-18,0,12
2012-12-19,0,12
2012-12-20,86,12
2012-12-21,0,12
2012-12-22,0,12
2012-12-23,0,12
2012-12-24,0,12
2012-12-25,0,13
2012-12-26,0,13
2012-12-27,0,13
2012-12-28,0,13
2012-12-29,0,12
2012-12-30,0,12
2012-12-31,0,12
2013-01-01,0,12
2013-01-02,0,12
2013-01-03,0,12
2013-01-04,0,12
2013-01-05,0,12
2013-01-06,0,12
2013-01-07,0,12
2013-01-08,0,12
2013-01-09,0,13
2013-01-10,0,13
2013-01-11,0,13
2013-01-12,0,13
2013-01-13,0,13
2013-01-14,0,12
2013-01-15,0,12
2013-01-16,0,12
2013-01-17,0,12
2013-01-18,0,12
2013-01-19,0,12
2013-01-20,0,12
2013-01-21,0,12
2013-01-22,0,12
2013-01-23,0,12
2013-01-24,0,13
2013-01-25,0,13
2013-01-26,0,13
2013-01-27,0,13
2013-01-28,0,13
2013-01-29,0,12
2013-01-30,0,12
2013-01-31,0,12
2013-02-01,0,12
2013-02-02,0,12
2013-02-03,0,12
2013-02-04,0,12
2013-02-05,0,12
2013-02-06,0,12
2013-02-07,0,12
2013-02-08,0,13
2013-02-09,0,13
2013-02-10,0,13
2013-02-11,0,13
2013-02-12,0,13
2013-02-13,0,12
2013-02-14,0,12
2013-02-15,0,12
2013-02-16,0,12
2013-02-17,0,12
2013-02-18,0,12
2013-02-19,0,12
2013-02-20,0,12
2013-02-21,0,12
2013-02-22,0,12
2013-02-23,0,13
2013-02-24,0,13
2013-02-25,0,13
2013-02-26,0,13
2013-02-27,0,13
2013-02-28,0,12
2013-03-01,0,12
2013-03-02,0,12
2013-03-03,0,12
2013-03-04,0,12
2013-03-05,0,12
2013-03-06,0,12
2013-03-07,0,12
2013-03-08,0,12
2013-03-09,0,12
2013-03-10,0,13
2013-03-11,0,13
2013-03-12,0,12
2013-03-13,0,12
2013-03-14,0,12
2013-03-15,0,12
2013-03-16,0,12
2013-03-17,0,12
2013-03-18,0,12
2013-03-19,0,12
2013-03-20,85.5,12
2013-03-21,0,12
2013-03-22,0,12
2013-03-23,0,12
2013-03-24,0,12
2013-03-25,0,13
2013-03-26,79.15384615384616,13
2013-03-27,0,12
2013-03-28,0,12
2013-03-29,0,12
2013-03-30,0,12
2013-03-31,0,12
2013-04-01,0,12
2013-04-02,0,12
2013-04-03,0,12
2013-04-04,0,12
2013-04-05,0,12
2013-04-06,0,12
2013-04-07,0,12
2013-04-08,0,12
2013-04-09,76.46153846153847,13
2013-04-10,0,13
2013-04-11,0,13
2013-04-12,0,12
2013-04-13,0,12
2013-04-14,0,12
2013-04-15,0,12
2013-04-16,0,12
2013-04-17,0,12
2013-04-18,0,12
2013-04-19,0,12
2013-04-20,0,12
2013-04-21,0,12
2013-04-22,0,12
2013-04-23,0,12
2013-04-24,0,13
2013-04-25,0,13
2013-04-26,0,13
2013-04-27,0,12
2013-04-28,0,12
2013-04-29,0,12
2013-04-30,0,12
2013-05-01,0,12
2013-05-02,0,12
2013-05-03,0,12
2013-05-04,0,12
2013-05-05,0,12
2013-05-06,0,12
2013-05-07,0,12
2013-05-08,0,12
2013-05-09,0,13
2013-05-10,0,13
2013-05-11,0,12
2013-05-12,0,12
2013-05-13,0,12
2013-05-14,0,12
2013-05-15,0,12
2013-05-16,94,12
2013-05-17,0,12
2013-05-18,0,12
2013-05-19,0,12
2013-05-20,0,12
2013-05-21,0,12
2013-05-22,0,12
2013-05-23,0,12
2013-05-24,0,13
2013-05-25,0,13
2013-05-26,0,12
2013-05-27,0,12
2013-05-28,0,12
2013-05-29,0,12
2013-05-30,0,12
2013-05-31,0,12
2013-06-01,0,12
2013-06-02,0,12
2013-06-03,0,12
2013-06-04,0,12
2013-06-05,0,12
2013-06-06,0,12
2013-06-07,0,12
2013-06-08,0,13
2013-06-09,0,13
2013-06-10,0,13
2013-06-11,0,12
2013-06-12,0,12
2013-06-13,0,12
2013-06-14,0,12
2013-06-15,0,12
2013-06-16,0,12
2013-06-17,0,12
2013-06-18,0,12
2013-06-19,0,12
2013-06-20,0,12
2013-06-21,0,12
2013-06-22,0,12
2013-06-23,0,13
2013-06-24,0,13
2013-06-25,0,13
2013-06-26,0,12
2013-06-27,0,12
2013-06-28,0,12
2013-06-29,0,12
2013-06-30,0,12
2013-07-01,0,12
2013-07-02,0,12
2013-07-03,0,12
2013-07-04,0,12
2013-07-05,0,12
2013-07-06,0,12
2013-07-07,0,12
2013-07-08,0,13
2013-07-09,0,13
2013-07-10,0,12
2013-07-11,0,12
2013-07-12,0,12
2013-07-13,0,12
2013-07-14,0,12
2013-07-15,0,12
2013-07-16,0,12
2013-07-17,0,12
2013-07-18,0,12
2013-07-19,0,12
2013-07-20,0,12
2013-07-21,0,12
2013-07-22,0,12
2013-07-23,0,13
2013-07-24,0,13
2013-07-25,0,12
2013-07-26,0,12
2013-07-27,0,12
2013-07-28,0,12
2013-07-29,0,12
2013-07-30,0,12
2013-07-31,0,12
2013-08-01,0,12
2013-08-02,0,12
2013-08-03,0,12
2013-08-04,0,12
2013-08-05,0,12
2013-08-06,0,12
2013-08-07,0,13
2013-08-08,0,13
2013-08-09,0,12
2013-08-10,0,12
2013-08-11,0,12
2013-08-12,0,12
2013-08-13,77.66666666666667,12
2013-08-14,0,12
2013-08-15,0,12
2013-08-16,0,12
2013-08-17,0,12
2013-08-18,0,12
2013-08-19,0,12
2013-08-20,0,12
2013-08-21,0,12
2013-08-22,0,13
2013-08-23,0,13
2013-08-24,0,12
2013-08-25,0,12
2013-08-26,0,12
2013-08-27,0,12
2013-08-28,0,12
2013-08-29,0,12
2013-08-30,0,12
2013-08-31,0,12
2013-09-01,0,12
2013-09-02,0,12
2013-09-03,0,12
2013-09-04,0,12
2013-09-05,0,12
2013-09-06,0,13
2013-09-07,0,13
2013-09-08,0,13
2013-09-09,0,13
2013-09-10,0,13
2013-09-11,0,12
2013-09-12,0,12
2013-09-13,0,12
2013-09-14,0,12
2013-09-15,0,12
2013-09-16,0,12
2013-09-17,0,12
2013-09-18,0,12
2013-09-19,0,12
2013-09-20,0,12
2013-09-21,0,13
2013-09-22,0,13
2013-09-23,0,13
2013-09-24,0,13
2013-09-25,0,13
2013-09-26,0,12
2013-09-27,0,12
2013-09-28,0,12
2013-09-29,0,12
2013-09-30,0,12
2013-10-01,0,12
2013-10-02,0,12
2013-10-03,0,12
2013-10-04,0,12
2013-10-05,0,12
2013-10-06,0,13
2013-10-07,0,13
2013-10-08,0,13
2013-10-09,0,13
2013-10-10,0,12
2013-10-11,94.16666666666669,12
2013-10-12,0,12
2013-10-13,0,12
2013-10-14,0,12
2013-10-15,0,12
2013-10-16,0,12
2013-10-17,0,12
2013-10-18,0,12
2013-10-19,0,12
2013-10-20,0,12
2013-10-21,0,13
2013-10-22,0,13
2013-10-23,0,13
2013-10-24,0,13
2013-10-25,0,12
2013-10-26,0,12
2013-10-27,0,12
2013-10-28,0,12
2013-10-29,0,12
2013-10-30,0,12
2013-10-31,0,12
2013-11-01,0,12
2013-11-02,0,12
2013-11-03,0,12
2013-11-04,0,12
2013-11-05,0,13
2013-11-06,0,13
2013-11-07,0,13
2013-11-08,0,13
2013-11-09,0,13
2013-11-10,0,12
2013-11-11,0,12
2013-11-12,0,12
2013-11-13,0,12
2013-11-14,0,12
2013-11-15,0,12
2013-11-16,0,12
2013-11-17,0,12
2013-11-18,0,12
2013-11-19,0,12
2013-11-20,0,13
2013-11-21,0,13
2013-11-22,0,13
2013-11-23,0,13
2013-11-24,0,13
2013-11-25,0,12
2013-11-26,0,12
2013-11-27,0,12
2013-11-28,0,12
2013-11-29,0,12
2013-11-30,0,12
2013-12-01,0,12
2013-12-02,0,12
2013-12-03,0,12
2013-12-04,0,12
2013-12-05,0,13
2013-12-06,0,13
2013-12-07,0,13
2013-12-08,0,13
2013-12-09,0,12
2013-12-10,72.66666666666667,12
2013-12-11,0,12
2013-12-12,0,12
2013-12-13,0,12
2013-12-14,0,12
2013-12-15,0,12
2013-12-16,0,12
2013-12-17,0,12
2013-12-18,0,12
2013-12-19,0,12
2013-12-20,0,13
2013-12-21,0,13
2013-12-22,0,13
2013-12-23,0,13
2013-12-24,0,12
2013-12-25,0,12
2013-12-26,100,12
2013-12-27,0,12
2013-12-28,0,12
2013-12-29,0,12
2013-12-30,0,12
2013-12-31,0,12
2014-01-01,0,12
2014-01-02,0,12
2014-01-03,0,12
2014-01-04,0,13
2014-01-05,0,13
2014-01-06,0,13
2014-01-07,99.07692307692308,13
2014-01-08,0,13
2014-01-09,0,12
2014-01-10,0,12
2014-01-11,0,12
2014-01-12,0,12
2014-01-13,0,12
2014-01-14,79.08333333333333,12
2014-01-15,0,12
2014-01-16,0,12
2014-01-17,0,12
2014-01-18,0,12
2014-01-19,0,13
2014-01-20,0,13
2014-01-21,0,13
2014-01-22,0,13
2014-01-23,0,13
2014-01-24,0,12
2014-01-25,0,12
2014-01-26,0,12
2014-01-27,0,12
2014-01-28,0,12
2014-01-29,0,12
2014-01-30,0,12
2014-01-31,0,12
2014-02-01,0,12
2014-02-02,0,12
2014-02-03,0,13
2014-02-04,0,13
2014-02-05,0,13
2014-02-06,0,13
2014-02-07,0,13
2014-02-08,0,12
2014-02-09,0,12
2014-02-10,0,12
2014-02-11,0,12
2014-02-12,0,12
2014-02-13,0,12
2014-02-14,0,12
2014-02-15,0,12
2014-02-16,0,12
2014-02-17,0,12
2014-02-18,0,13
2014-02-19,0,13
2014-02-20,0,13
2014-02-21,0,13
2014-02-22,0,13
2014-02-23,86.5,12
2014-02-24,0,12
2014-02-25,0,12
2014-02-26,0,12
2014-02-27,0,12
2014-02-28,0,12
2014-03-01,0,12
2014-03-02,0,12
2014-03-03,0,12
2014-03-04,0,12
2014-03-05,0,13
2014-03-06,0,13
2014-03-07,79.16666666666667,12
2014-03-08,0,12
2014-03-09,0,12
2014-03-10,0,12
2014-03-11,0,12
2014-03-12,0,12
2014-03-13,0,12
2014-03-14,0,12
2014-03-15,0,12
2014-03-16,0,12
2014-03-17,0,12
2014-03-18,76.08333333333333,12
2014-03-19,0,12
2014-03-20,0,13
2014-03-21,0,13
2014-03-22,0,12
2014-03-23,0,12
2014-03-24,0,12
2014-03-25,0,12
2014-03-26,0,12
2014-03-27,0,12
2014-03-28,0,12
2014-03-29,0,12
2014-03-30,0,12
2014-03-31,0,12
2014-04-01,0,12
2014-04-02,0,12
2014-04-03,0,12
2014-04-04,0,13
2014-04-05,0,13
2014-04-06,0,13
2014-04-07,0,12
2014-04-08,0,12
2014-04-09,0,12
2014-04-10,0,12
2014-04-11,0,12
2014-04-12,0,12
2014-04-13,0,12
2014-04-14,0,12
2014-04-15,0,12
2014-04-16,0,12
2014-04-17,0,12
2014-04-18,0,12
2014-04-19,0,13
2014-04-20,0,13
2014-04-21,0,13
2014-04-22,0,12
2014-04-23,0,12
2014-04-24,0,12
2014-04-25,0,12
2014-04-26,0,12
2014-04-27,0,12
2014-04-28,0,12
2014-04-29,0,12
2014-04-30,0,12
2014-05-01,0,12
2014-05-02,0,12
2014-05-03,0,12
2014-05-04,0,13
2014-05-05,0,13
2014-05-06,0,12
2014-05-07,0,12
2014-05-08,0,12
2014-05-09,88.5,12
2014-05-10,0,12
2014-05-11,0,12
2014-05-12,0,12
2014-05-13,0,12
2014-05-14,0,12
2014-05-15,0,12
2014-05-16,0,12
2014-05-17,0,12
2014-05-18,0,12
2014-05-19,0,13
2014-05-20,0,13
2014-05-21,0,12
2014-05-22,0,12
2014-05-23,0,12
2014-05-24,0,12
2014-05-25,0,12
2014-05-26,0,12
2014-05-27,0,12
2014-05-28,0,12
2014-05-29,0,12
2014-05-30,0,12
2014-05-31,0,12
2014-06-01,0,12
2014-06-02,0,12
2014-06-03,0,13
2014-06-04,0,13
2014-06-05,0,13
2014-06-06,0,12
2014-06-07,0,12
2014-06-08,0,12
2014-06-09,0,12
2014-06-10,0,12
2014-06-11,0,12
2014-06-12,0,12
2014-06-13,0,12
2014-06-14,0,12
2014-06-15,0,12
2014-06-16,0,12
2014-06-17,0,12
2014-06-18,0,13
2014-06-19,0,13
2014-06-20,0,13
2014-06-21,0,12
2014-06-22,0,12
2014-06-23,0,12
2014-06-24,0,12
2014-06-25,0,12
2014-06-26,0,12
2014-06-27,0,12
2014-06-28,0,12
2014-06-29,0,12
2014-06-30,0,12
2014-07-01,0,12
2014-07-02,0,12
2014-07-03,0,13
2014-07-04,0,13
2014-07-05,0,12
2014-07-06,0,12
2014-07-07,0,12
2014-07-08,77,12
2014-07-09,0,12
2014-07-10,0,12
2014-07-11,0,12
2014-07-12,0,12
2014-07-13,0,12
2014-07-14,0,12
2014-07-15,0,12
2014-07-16,0,12
2014-07-17,0,12
2014-07-18,0,13
2014-07-19,0,13
2014-07-20,0,12
2014-07-21,0,12
2014-07-22,0,12
2014-07-23,0,12
2014-07-24,97.91666666666669,12
2014-07-25,0,12
2014-07-26,0,12
2014-07-27,0,12
2014-07-28,0,12
2014-07-29,0,12
2014-07-30,0,12
2014-07-31,0,12
2014-08-01,0,12
2014-08-02,0,13
2014-08-03,0,13
2014-08-04,0,12
2014-08-05,0,12
2014-08-06,0,12
2014-08-07,0,12
2014-08-08,0,12
2014-08-09,0,12
2014-08-10,0,12
2014-08-11,0,12
2014-08-12,0,12
2014-08-13,0,12
2014-08-14,0,12
2014-08-15,0,12
2014-08-16,0,12
2014-08-17,0,13
2014-08-18,0,13
2014-08-19,0,12
2014-08-20,0,12
2014-08-21,0,12
2014-08-22,0,12
2014-08-23,0,12
2014-08-24,0,12
2014-08-25,0,12
2014-08-26,0,12
2014-08-27,0,12
2014-08-28,0,12
2014-08-29,0,12
2014-08-30,0,12
2014-08-31,0,12
2014-09-01,0,13
2014-09-02,0,13
2014-09-03,0,13
2014-09-04,0,13
2014-09-05,0,13
2014-09-06,0,12
2014-09-07,0,12
2014-09-08,0,12
2014-09-09,0,12
2014-09-10,0,12
2014-09-11,0,12
2014-09-12,80.33333333333333,12
2014-09-13,0,12
2014-09-14,0,12
2014-09-15,0,12
2014-09-16,0,13
2014-09-17,0,13
2014-09-18,0,13
2014-09-19,0,13
2014-09-20,0,13
2014-09-21,0,12
2014-09-22,0,12
2014-09-23,0,12
2014-09-24,0,12
2014-09-25,0,12
2014-09-26,0,12
2014-09-27,0,12
2014-09-28,0,12
2014-09-29,0,12
2014-09-30,0,12
2014-10-01,0,13
2014-10-02,0,13
2014-10-03,0,13
2014-10-04,0,13
2014-10-05,0,12
2014-10-06,0,12
2014-10-07,0,12
2014-10-08,0,12
2014-10-09,0,12
2014-10-10,0,12
2014-10-11,0,12
2014-10-12,0,12
2014-10-13,0,12
2014-10-14,0,12
2014-10-15,0,12
2014-10-16,0,13
2014-10-17,0,13
2014-10-18,0,13
2014-10-19,0,13
2014-10-20,0,12
2014-10-21,0,12
2014-10-22,0,12
2014-10-23,0,12
2014-10-24,0,12
2014-10-25,0,12
2014-10-26,0,12
2014-10-27,0,12
2014-10-28,0,12
2014-10-29,0,12
2014-10-30,0,12
2014-10-31,0,13
2014-11-01,0,13
2014-11-02,0,13
2014-11-03,0,13
2014-11-04,0,13
2014-11-05,0,12
2014-11-06,81.75,12
2014-11-07,0,12
2014-11-08,0,12
2014-11-09,97.33333333333331,12
2014-11-10,65.25,12
2014-11-11,69.16666666666667,12
2014-11-12,72.91666666666667,12
2014-11-13,0,12
2014-11-14,0,12
2014-11-15,0,13
2014-11-16,0,13
2014-11-17,0,13
2014-11-18,0,13
2014-11-19,0,13
2014-11-20,0,12
2014-11-21,80.75,12
2014-11-22,0,12
2014-11-23,0,12
2014-11-24,0,12
2014-11-25,75.91666666666667,12
2014-11-26,0,12
2014-11-27,0,12
2014-11-28,0,12
2014-11-29,0,12
2014-11-30,0,13
2014-12-01,0,13
2014-12-02,78.23076923076923,13
2014-12-03,0,13
2014-12-04,72,12
2014-12-05,0,12
2014-12-06,0,12
2014-12-07,0,12
2014-12-08,0,12
2014-12-09,0,12
2014-12-10,0,12
2014-12-11,67.5,12
2014-12-12,0,12
2014-12-13,0,12
2014-12-14,0,12
2014-12-15,70.07692307692308,13
2014-12-16,0,13
2014-12-17,0,13
2014-12-18,0,13
2014-12-19,0,12
2014-12-20,0,12
2014-12-21,0,12
2014-12-22,0,12
2014-12-23,0,12
2014-12-24,0,12
2014-12-25,0,12
2014-12-26,0,12
2014-12-27,0,12
2014-12-28,0,12
2014-12-29,0,12
2014-12-30,0,13
2014-12-31,0,13
2015-01-01,0,13
2015-01-02,0,13
2015-01-03,0,13
2015-01-04,0,12
2015-01-05,0,12
2015-01-06,0,12
2015-01-07,0,12
2015-01-08,0,12
2015-01-09,0,12
2015-01-10,0,12
2015-01-11,0,12
2015-01-12,0,12
2015-01-13,0,12
2015-01-14,0,13
2015-01-15,0,13
2015-01-16,0,13
2015-01-17,0,13
2015-01-18,0,13
2015-01-19,0,12
2015-01-20,0,12
2015-01-21,56.333333333333336,12
2015-01-22,0,12
2015-01-23,0,12
2015-01-24,0,12
2015-01-25,0,12
2015-01-26,59.833333333333336,12
2015-01-27,52.833333333333336,12
2015-01-28,0,12
2015-01-29,0,13
2015-01-30,0,13
2015-01-31,0,13
2015-02-01,0,13
2015-02-02,0,13
2015-02-03,53.75,12
2015-02-04,0,12
2015-02-05,0,12
2015-02-06,0,12
2015-02-07,0,12
2015-02-08,0,12
2015-02-09,0,12
2015-02-10,0,12
2015-02-11,57.166666666666664,12
2015-02-12,0,12
2015-02-13,0,13
2015-02-14,0,13
2015-02-15,0,13
2015-02-16,0,13
2015-02-17,55,13
2015-02-18,0,12
2015-02-19,0,12
2015-02-20,0,12
2015-02-21,0,12
2015-02-22,0,12
2015-02-23,0,12
2015-02-24,0,12
2015-02-25,0,12
2015-02-26,0,12
2015-02-27,0,12
2015-02-28,0,13
2015-03-01,0,13
2015-03-02,0,12
2015-03-03,0,12
2015-03-04,0,12
2015-03-05,0,12
2015-03-06,60,12
2015-03-07,0,12
2015-03-08,0,12
2015-03-09,51.25,12
2015-03-10,51.25,12
2015-03-11,0,12
2015-03-12,0,12
2015-03-13,0,12
2015-03-14,0,12
2015-03-15,0,13
2015-03-16,43.38461538461539,13
2015-03-17,0,12
2015-03-18,46.083333333333336,12
2015-03-19,0,12
2015-03-20,0,12
2015-03-21,0,12
2015-03-22,0,12
2015-03-23,0,12
2015-03-24,0,12
2015-03-25,0,12
2015-03-26,58.333333333333336,12
2015-03-27,0,12
2015-03-28,0,12
2015-03-29,0,12
2015-03-30,0,13
2015-03-31,0,13
2015-04-01,0,13
2015-04-02,0,12
2015-04-03,0,12
2015-04-04,0,12
2015-04-05,0,12
2015-04-06,0,12
2015-04-07,0,12
2015-04-08,49.833333333333336,12
2015-04-09,0,12
2015-04-10,52.583333333333336,12
2015-04-11,0,12
2015-04-12,0,12
2015-04-13,0,12
2015-04-14,0,13
2015-04-15,71.38461538461539,13
2015-04-16,0,13
2015-04-17,0,12
2015-04-18,0,12
2015-04-19,0,12
2015-04-20,0,12
2015-04-21,0,12
2015-04-22,0,12
2015-04-23,49.666666666666664,12
2015-04-24,0,12
2015-04-25,0,12
2015-04-26,0,12
2015-04-27,93.33333333333331,12
2015-04-28,0,12
2015-04-29,51.84615384615385,13
2015-04-30,42.76923076923077,13
2015-05-01,0,13
2015-05-02,0,12
2015-05-03,0,12
2015-05-04,0,12
2015-05-05,0,12
2015-05-06,0,12
2015-05-07,0,12
2015-05-08,0,12
2015-05-09,0,12
2015-05-10,71,12
2015-05-11,45,12
2015-05-12,45,12
2015-05-13,0,12
2015-05-14,0,13
2015-05-15,45.23076923076923,13
2015-05-16,0,12
2015-05-17,0,12
2015-05-18,0,12
2015-05-19,0,12
2015-05-20,0,12
2015-05-21,0,12
2015-05-22,0,12
2015-05-23,0,12
2015-05-24,0,12
2015-05-25,0,12
2015-05-26,44.916666666666664,12
2015-05-27,0,12
2015-05-28,54.166666666666664,12
2015-05-29,0,13
2015-05-30,0,13
2015-05-31,0,12
2015-06-01,0,12
2015-06-02,0,12
2015-06-03,42.333333333333336,12
2015-06-04,0,12
2015-06-05,0,12
2015-06-06,0,12
2015-06-07,0,12
2015-06-08,0,12
2015-06-09,0,12
2015-06-10,0,12
2015-06-11,0,12
2015-06-12,0,12
2015-06-13,0,13
2015-06-14,0,13
2015-06-15,0,13
2015-06-16,50,12
2015-06-17,45,12
2015-06-18,0,12
2015-06-19,0,12
2015-06-20,0,12
2015-06-21,0,12
2015-06-22,63.75,12
2015-06-23,0,12
2015-06-24,0,12
2015-06-25,0,12
2015-06-26,0,12
2015-06-27,0,12
2015-06-28,0,13
2015-06-29,0,13
2015-06-30,0,13
2015-07-01,0,12
2015-07-02,0,12
2015-07-03,0,12
2015-07-04,0,12
2015-07-05,0,12
2015-07-06,0,12
2015-07-07,0,12
2015-07-08,0,12
2015-07-09,0,12
2015-07-10,0,12
2015-07-11,0,12
2015-07-12,0,12
2015-07-13,0,13
2015-07-14,0,13
2015-07-15,0,12
2015-07-16,0,12
2015-07-17,0,12
2015-07-18,0,12
2015-07-19,0,12
2015-07-20,0,12
2015-07-21,0,12
2015-07-22,0,12
2015-07-23,0,12
2015-07-24,0,12
2015-07-25,0,12
2015-07-26,0,12
2015-07-27,0,12
2015-07-28,0,13
2015-07-29,0,13
2015-07-30,0,12
2015-07-31,0,12
2015-08-01,100,12
2015-08-02,79,12
2015-08-03,0,12
2015-08-04,0,12
2015-08-05,0,12
2015-08-06,0,12
2015-08-07,0,12
2015-08-08,0,12
2015-08-09,0,12
2015-08-10,0,12
2015-08-11,0,12
2015-08-12,0,13
2015-08-13,72.38461538461539,13
2015-08-14,0,12
2015-08-15,0,12
2015-08-16,0,12
2015-08-17,39.25,12
2015-08-18,0,12
2015-08-19,0,12
2015-08-20,0,12
2015-08-21,43.166666666666664,12
2015-08-22,0,12
2015-08-23,51.25,12
2015-08-24,39.25,12
2015-08-25,0,12
2015-08-26,0,12
2015-08-27,0,13
2015-08-28,0,13
2015-08-29,0,12
2015-08-30,0,12
2015-08-31,45.5,12
2015-09-01,0,12
2015-09-02,0,12
2015-09-03,0,12
2015-09-04,0,12
2015-09-05,0,12
2015-09-06,58.5,12
2015-09-07,40.5,12
2015-09-08,50.5,12
2015-09-09,0,12
2015-09-10,0,12
2015-09-11,0,13
2015-09-12,65.92307692307692,13
2015-09-13,0,13
2015-09-14,0,13
2015-09-15,0,13
2015-09-16,0,12
2015-09-17,0,12
2015-09-18,0,12
2015-09-19,0,12
2015-09-20,0,12
2015-09-21,43.75,12
2015-09-22,39.75,12
2015-09-23,0,12
2015-09-24,51.75,12
2015-09-25,0,12
2015-09-26,0,13
2015-09-27,0,13
2015-09-28,0,13
2015-09-29,0,13
2015-09-30,55.92307692307692,13
2015-10-01,0,12
2015-10-02,0,12
2015-10-03,85.66666666666667,12
2015-10-04,0,12
2015-10-05,0,12
2015-10-06,63.333333333333336,12
2015-10-07,0,12
2015-10-08,0,12
2015-10-09,0,12
2015-10-10,0,12
2015-10-11,0,13
2015-10-12,0,13
2015-10-13,0,13
2015-10-14,80.92307692307692,13
2015-10-15,0,12
2015-10-16,0,12
2015-10-17,0,12
2015-10-18,0,12
2015-10-19,40.833333333333336,12
2015-10-20,0,12
2015-10-21,0,12
2015-10-22,49.25,12
2015-10-23,0,12
2015-10-24,0,12
2015-10-25,0,12
2015-10-26,0,13
2015-10-27,0,13
2015-10-28,56.84615384615385,13
2015-10-29,0,13
2015-10-30,0,12
2015-10-31,0,12
2015-11-01,0,12
2015-11-02,48.5,12
2015-11-03,72.5,12
2015-11-04,59,12
2015-11-05,0,12
2015-11-06,0,12
2015-11-07,0,12
2015-11-08,68,12
2015-11-09,0,12
2015-11-10,0,13
2015-11-11,45.07692307692308,13
2015-11-12,0,13
2015-11-13,60.15384615384615,13
2015-11-14,0,13
2015-11-15,0,12
2015-11-16,58.75,12
2015-11-17,42.166666666666664,12
2015-11-18,0,12
2015-11-19,41.75,12
2015-11-20,0,12
2015-11-21,0,12
2015-11-22,0,12
2015-11-23,52.75,12
2015-11-24,52.75,12
2015-11-25,54.84615384615385,13
2015-11-26,54.84615384615385,13
2015-11-27,0,13
2015-11-28,0,13
2015-11-29,0,13
2015-11-30,82.33333333333333,12
2015-12-01,0,12
2015-12-02,71.66666666666667,12
2015-12-03,0,12
2015-12-04,45.333333333333336,12
2015-12-05,62,12
2015-12-06,0,12
2015-12-07,60,12
2015-12-08,0,12
2015-12-09,78.33333333333333,12
2015-12-10,44.07692307692308,13
2015-12-11,0,13
2015-12-12,0,13
2015-12-13,0,13
2015-12-14,0,12
2015-12-15,88.75,12
2015-12-16,0,12
2015-12-17,60.25,12
2015-12-18,0,12
2015-12-19,0,12
2015-12-20,71,12
2015-12-21,49.5,12
2015-12-22,0,12
2015-12-23,77.75,12
2015-12-24,88.75,12
2015-12-25,0,13
2015-12-26,98.6153846153846,13
2015-12-27,98.6153846153846,13
2015-12-28,0,13
2015-12-29,0,12
2015-12-30,0,12
2015-12-31,0,12
2016-01-01,0,12
2016-01-02,0,12
2016-01-03,0,12
2016-01-04,0,12
2016-01-05,0,12
2016-01-06,0,12
2016-01-07,0,12
2016-01-08,0,12
2016-01-09,47.69230769230769,13
2016-01-10,0,13
2016-01-11,44.38461538461539,13
2016-01-12,0,13
2016-01-13,0,13
2016-01-14,0,12
2016-01-15,0,12
2016-01-16,0,12
2016-01-17,0,12
2016-01-18,45.833333333333336,12
2016-01-19,0,12
2016-01-20,0,12
2016-01-21,0,12
2016-01-22,47.75,12
2016-01-23,49.833333333333336,12
2016-01-24,0,13
2016-01-25,0,13
2016-01-26,0,13
2016-01-27,0,13
2016-01-28,0,13
2016-01-29,0,12
2016-01-30,0,12
2016-01-31,0,12
2016-02-01,0,12
2016-02-02,0,12
2016-02-03,0,12
2016-02-04,0,12
2016-02-05,0,12
2016-02-06,0,12
2016-02-07,0,12
2016-02-08,0,13
2016-02-09,45.53846153846154,13
2016-02-10,0,13
2016-02-11,0,13
2016-02-12,0,13
2016-02-13,0,12
2016-02-14,0,12
2016-02-15,0,12
2016-02-16,42.5,12
2016-02-17,0,12
2016-02-18,0,12
2016-02-19,0,12
2016-02-20,0,12
2016-02-21,63,12
2016-02-22,0,12
2016-02-23,0,13
2016-02-24,0,13
2016-02-25,0,13
2016-02-26,0,13
2016-02-27,0,13
2016-02-28,0,12
2016-02-29,0,12
2016-03-01,0,12
2016-03-02,0,12
2016-03-03,0,12
2016-03-04,0,12
2016-03-05,0,12
2016-03-06,0,12
2016-03-07,0,12
2016-03-08,43.333333333333336,12
2016-03-09,0,13
2016-03-10,0,13
2016-03-11,0,13
2016-03-12,0,12
2016-03-13,0,12
2016-03-14,41.75,12
2016-03-15,0,12
2016-03-16,42.166666666666664,12
2016-03-17,0,12
2016-03-18,0,12
2016-03-19,0,12
2016-03-20,0,12
2016-03-21,0,12
2016-03-22,0,12
2016-03-23,0,12
2016-03-24,0,13
2016-03-25,0,13
2016-03-26,88.6923076923077,13
2016-03-27,0,12
2016-03-28,0,12
2016-03-29,0,12
2016-03-30,0,12
2016-03-31,50,12
2016-04-01,0,12
2016-04-02,0,12
2016-04-03,0,12
2016-04-04,0,12
2016-04-05,0,12
2016-04-06,46,12
2016-04-07,0,12
2016-04-08,0,13
2016-04-09,0,13
2016-04-10,0,13
2016-04-11,0,13
2016-04-12,0,12
2016-04-13,0,12
2016-04-14,0,12
2016-04-15,0,12
2016-04-16,0,12
2016-04-17,0,12
2016-04-18,0,12
2016-04-19,53.25,12
2016-04-20,48.083333333333336,12
2016-04-21,0,12
2016-04-22,0,12
2016-04-23,0,13
2016-04-24,0,13
2016-04-25,0,13
2016-04-26,0,13
2016-04-27,0,12
2016-04-28,0,12
2016-04-29,0,12
2016-04-30,0,12
2016-05-01,0,12
2016-05-02,61.833333333333336,12
2016-05-03,0,12
2016-05-04,0,12
2016-05-05,0,12
2016-05-06,0,12
2016-05-07,0,12
2016-05-08,0,13
2016-05-09,0,13
2016-05-10,0,13
2016-05-11,0,12
2016-05-12,0,12
2016-05-13,67.5,12
2016-05-14,0,12
2016-05-15,0,12
2016-05-16,0,12
2016-05-17,0,12
2016-05-18,60.75,12
2016-05-19,54,12
2016-05-20,52.5,12
2016-05-21,0,12
2016-05-22,0,12
2016-05-23,0,13
2016-05-24,0,13
2016-05-25,0,13
2016-05-26,0,12
2016-05-27,0,12
2016-05-28,93.5,12
2016-05-29,0,12
2016-05-30,0,12
2016-05-31,56.166666666666664,12
2016-06-01,0,12
2016-06-02,0,12
2016-06-03,0,12
2016-06-04,0,12
2016-06-05,71.83333333333333,12
2016-06-06,0,12
2016-06-07,0,13
2016-06-08,0,13
2016-06-09,0,13
2016-06-10,0,13
2016-06-11,0,12
2016-06-12,0,12
2016-06-13,0,12
2016-06-14,0,12
2016-06-15,0,12
2016-06-16,0,12
2016-06-17,0,12
2016-06-18,0,12
2016-06-19,0,12
2016-06-20,0,12
2016-06-21,65.5,12
2016-06-22,0,13
2016-06-23,0,13
2016-06-24,0,13
2016-06-25,0,13
2016-06-26,0,12
2016-06-27,0,12
2016-06-28,0,12
2016-06-29,0,12
2016-06-30,0,12
2016-07-01,0,12
2016-07-02,0,12
2016-07-03,0,12
2016-07-04,0,12
2016-07-05,0,12
2016-07-06,0,12
2016-07-07,0,13
2016-07-08,0,13
2016-07-09,0,13
2016-07-10,0,12
2016-07-11,0,12
2016-07-12,0,12
2016-07-13,0,12
2016-07-14,0,12
2016-07-15,0,12
2016-07-16,0,12
2016-07-17,0,12
2016-07-18,0,12
2016-07-19,0,12
2016-07-20,0,12
2016-07-21,0,12
2016-07-22,0,13
2016-07-23,0,13
2016-07-24,0,13
2016-07-25,0,12
2016-07-26,0,12
2016-07-27,0,12
2016-07-28,0,12
2016-07-29,0,12
2016-07-30,0,12
2016-07-31,0,12
2016-08-01,0,12
2016-08-02,0,12
2016-08-03,0,12
2016-08-04,0,12
2016-08-05,0,12
2016-08-06,0,13
2016-08-07,0,13
2016-08-08,0,13
2016-08-09,0,12
2016-08-10,0,12
2016-08-11,65.91666666666667,12
2016-08-12,0,12
2016-08-13,0,12
2016-08-14,0,12
2016-08-15,0,12
2016-08-16,0,12
2016-08-17,0,12
2016-08-18,0,12
2016-08-19,0,12
2016-08-20,0,12
2016-08-21,0,13
2016-08-22,0,13
2016-08-23,0,13
2016-08-24,63,12
2016-08-25,0,12
2016-08-26,0,12
2016-08-27,0,12
2016-08-28,0,12
2016-08-29,57.666666666666664,12
2016-08-30,0,12
2016-08-31,0,12
2016-09-01,0,12
2016-09-02,0,12
2016-09-03,0,12
2016-09-04,0,12
2016-09-05,0,13
2016-09-06,0,13
2016-09-07,0,13
2016-09-08,85.61538461538461,13
2016-09-09,0,13
2016-09-10,0,12
2016-09-11,0,12
2016-09-12,0,12
2016-09-13,0,12
2016-09-14,0,12
2016-09-15,0,12
2016-09-16,0,12
2016-09-17,0,12
2016-09-18,0,12
2016-09-19,0,12
2016-09-20,0,13
2016-09-21,0,13
2016-09-22,0,13
2016-09-23,0,13
2016-09-24,0,13
2016-09-25,97.66666666666669,12
2016-09-26,0,12
2016-09-27,0,12
2016-09-28,0,12
2016-09-29,0,12
2016-09-30,0,12
2016-10-01,0,12
2016-10-02,0,12
2016-10-03,0,12
2016-10-04,0,12
2016-10-05,0,13
2016-10-06,0,13
2016-10-07,0,13
2016-10-08,0,13
2016-10-09,0,12
2016-10-10,58,12
2016-10-11,0,12
2016-10-12,0,12
2016-10-13,62.75,12
2016-10-14,0,12
2016-10-15,0,12
2016-10-16,0,12
2016-10-17,0,12
2016-10-18,0,12
2016-10-19,0,12
2016-10-20,0,13
2016-10-21,0,13
2016-10-22,0,13
2016-10-23,0,13
2016-10-24,0,12
2016-10-25,0,12
2016-10-26,0,12
2016-10-27,0,12
2016-10-28,0,12
2016-10-29,0,12
2016-10-30,0,12
2016-10-31,56.333333333333336,12
2016-11-01,0,12
2016-11-02,0,12
2016-11-03,0,12
2016-11-04,0,13
2016-11-05,0,13
2016-11-06,0,13
2016-11-07,0,13
2016-11-08,0,13
2016-11-09,0,12
2016-11-10,0,12
2016-11-11,0,12
2016-11-12,0,12
2016-11-13,0,12
2016-11-14,0,12
2016-11-15,0,12
2016-11-16,0,12
2016-11-17,0,12
2016-11-18,0,12
2016-11-19,0,13
2016-11-20,0,13
2016-11-21,0,13
2016-11-22,0,13
2016-11-23,0,13
2016-11-24,0,12
2016-11-25,0,12
2016-11-26,0,12
2016-11-27,0,12
2016-11-28,0,12
2016-11-29,0,12
2016-11-30,0,12
2016-12-01,0,12
2016-12-02,0,12
2016-12-03,0,12
2016-12-04,0,13
2016-12-05,0,13
2016-12-06,0,13
2016-12-07,0,13
2016-12-08,0,12
2016-12-09,0,12
2016-12-10,0,12
2016-12-11,0,12
2016-12-12,0,12
2016-12-13,0,12
2016-12-14,0,12
2016-12-15,0,12
2016-12-16,0,12
2016-12-17,0,12
2016-12-18,100,12
2016-12-19,86.15384615384616,13
2016-12-20,0,13
2016-12-21,0,13
2016-12-22,0,13
2016-12-23,0,12
2016-12-24,0,12
2016-12-25,0,12
2016-12-26,0,12
2016-12-27,0,12
2016-12-28,0,12
2016-12-29,0,12
2016-12-30,0,12
2016-12-31,0,12
2017-01-01,0,12
2017-01-02,0,12
2017-01-03,0,13
2017-01-04,0,13
2017-01-05,0,13
2017-01-06,0,13
2017-01-07,0,13
2017-01-08,0,12
2017-01-09,0,12
2017-01-10,0,12
2017-01-11,67.08333333333333,12
2017-01-12,70.66666666666667,12
2017-01-13,0,12
2017-01-14,0,12
2017-01-15,0,12
2017-01-16,0,12
2017-01-17,0,12
2017-01-18,0,13
2017-01-19,70.92307692307692,13
2017-01-20,0,13
2017-01-21,0,13
2017-01-22,0,13
2017-01-23,0,12
2017-01-24,0,12
2017-01-25,0,12
2017-01-26,0,12
2017-01-27,0,12
2017-01-28,0,12
2017-01-29,0,12
2017-01-30,0,12
2017-01-31,0,12
2017-02-01,0,12
2017-02-02,0,13
2017-02-03,0,13
2017-02-04,0,13
2017-02-05,0,13
2017-02-06,0,13
2017-02-07,0,12
2017-02-08,0,12
2017-02-09,0,12
2017-02-10,0,12
2017-02-11,0,12
2017-02-12,0,12
2017-02-13,0,12
2017-02-14,0,12
2017-02-15,0,12
2017-02-16,0,12
2017-02-17,0,13
2017-02-18,0,13
2017-02-19,0,13
2017-02-20,0,13
2017-02-21,0,13
2017-02-22,0,12
2017-02-23,0,12
2017-02-24,0,12
2017-02-25,0,12
2017-02-26,0,12
2017-02-27,0,12
2017-02-28,0,12
2017-03-01,0,12
2017-03-02,0,12
2017-03-03,0,12
2017-03-04,0,13
2017-03-05,0,13
2017-03-06,0,12
2017-03-07,0,12
2017-03-08,0,12
2017-03-09,0,12
2017-03-10,0,12
2017-03-11,0,12
2017-03-12,0,12
2017-03-13,0,12
2017-03-14,0,12
2017-03-15,0,12
2017-03-16,0,12
2017-03-17,0,12
2017-03-18,77.83333333333333,12
2017-03-19,0,13
2017-03-20,0,13
2017-03-21,0,12
2017-03-22,0,12
2017-03-23,0,12
2017-03-24,0,12
2017-03-25,85.75,12
2017-03-26,0,12
2017-03-27,79.33333333333333,12
2017-03-28,0,12
2017-03-29,0,12
2017-03-30,0,12
2017-03-31,0,12
2017-04-01,0,12
2017-04-02,0,12
2017-04-03,0,13
2017-04-04,0,13
2017-04-05,0,13
2017-04-06,0,12
2017-04-07,0,12
2017-04-08,0,12
2017-04-09,0,12
2017-04-10,0,12
2017-04-11,0,12
2017-04-12,0,12
2017-04-13,0,12
2017-04-14,0,12
2017-04-15,0,12
2017-04-16,0,12
2017-04-17,0,12
2017-04-18,0,13
2017-04-19,0,13
2017-04-20,0,13
2017-04-21,0,12
2017-04-22,0,12
2017-04-23,0,12
2017-04-24,0,12
2017-04-25,0,12
2017-04-26,0,12
2017-04-27,0,12
2017-04-28,0,12
2017-04-29,0,12
2017-04-30,88,12
2017-05-01,0,12
2017-05-02,0,12
2017-05-03,0,13
2017-05-04,63.92307692307692,13
2017-05-05,0,12
2017-05-06,0,12
2017-05-07,0,12
2017-05-08,0,12
2017-05-09,0,12
2017-05-10,0,12
2017-05-11,0,12
2017-05-12,0,12
2017-05-13,0,12
2017-05-14,0,12
2017-05-15,0,12
2017-05-16,0,12
2017-05-17,0,12
2017-05-18,0,13
2017-05-19,0,13
2017-05-20,0,12
2017-05-21,0,12
2017-05-22,0,12
2017-05-23,0,12
2017-05-24,0,12
2017-05-25,0,12
2017-05-26,0,12
2017-05-27,0,12
2017-05-28,0,12
2017-05-29,0,12
2017-05-30,0,12
2017-05-31,0,12
2017-06-01,0,12
2017-06-02,0,13
2017-06-03,0,13
2017-06-04,0,13
2017-06-05,0,12
2017-06-06,0,12
2017-06-07,0,12
2017-06-08,0,12
2017-06-09,0,12
2017-06-10,0,12
2017-06-11,0,12
2017-06-12,0,12
2017-06-13,0,12
2017-06-14,0,12
2017-06-15,0,12
2017-06-16,0,12
2017-06-17,0,13
2017-06-18,0,13
2017-06-19,0,13
2017-06-20,0,12
2017-06-21,0,12
2017-06-22,0,12
2017-06-23,0,12
2017-06-24,0,12
2017-06-25,0,12
2017-06-26,0,12
2017-06-27,0,12
2017-06-28,0,12
2017-06-29,0,12
2017-06-30,0,12
2017-07-01,0,12
2017-07-02,0,13
2017-07-03,0,13
2017-07-04,0,12
2017-07-05,0,12
2017-07-06,0,12
2017-07-07,0,12
2017-07-08,0,12
2017-07-09,0,12
2017-07-10,0,12
2017-07-11,0,12
2017-07-12,0,12
2017-07-13,0,12
2017-07-14,0,12
2017-07-15,0,12
2017-07-16,0,12
2017-07-17,0,13
2017-07-18,0,13
2017-07-19,0,12
2017-07-20,0,12
2017-07-21,0,12
2017-07-22,0,12
2017-07-23,0,12
2017-07-24,0,12
2017-07-25,0,12
2017-07-26,0,12
2017-07-27,0,12
2017-07-28,0,12
2017-07-29,0,12
2017-07-30,0,12
2017-07-31,0,12
2017-08-01,0,13
2017-08-02,100,13
2017-08-03,0,12
2017-08-04,0,12
2017-08-05,0,12
2017-08-06,0,12
2017-08-07,0,12
2017-08-08,77,12
2017-08-09,0,12
2017-08-10,79,12
2017-08-11,0,12
2017-08-12,0,12
2017-08-13,0,12
2017-08-14,0,12
2017-08-15,0,12
2017-08-16,0,13
2017-08-17,0,13
2017-08-18,0,12
2017-08-19,0,12
2017-08-20,0,12
2017-08-21,0,12
2017-08-22,0,12
2017-08-23,0,12
2017-08-24,0,12
2017-08-25,0,12
2017-08-26,0,12
2017-08-27,0,12
2017-08-28,0,12
2017-08-29,0,12
2017-08-30,0,12
2017-08-31,0,13
2017-09-01,0,13
2017-09-02,0,13
2017-09-03,0,13
2017-09-04,76.6923076923077,13
2017-09-05,0,12
2017-09-06,0,12
2017-09-07,0,12
2017-09-08,0,12
2017-09-09,0,12
2017-09-10,0,12
2017-09-11,0,12
2017-09-12,0,12
2017-09-13,0,12
2017-09-14,0,12
2017-09-15,0,13
2017-09-16,0,13
2017-09-17,0,13
2017-09-18,0,13
2017-09-19,0,13
2017-09-20,0,12
2017-09-21,0,12
2017-09-22,0,12
2017-09-23,0,12
2017-09-24,0,12
2017-09-25,0,12
2017-09-26,0,12
2017-09-27,0,12
2017-09-28,0,12
2017-09-29,0,12
2017-09-30,0,13
2017-10-01,0,13
2017-10-02,0,13
2017-10-03,0,13
2017-10-04,0,12
2017-10-05,0,12
2017-10-06,0,12
2017-10-07,0,12
2017-10-08,0,12
2017-10-09,0,12
2017-10-10,0,12
2017-10-11,0,12
2017-10-12,0,12
2017-10-13,0,12
2017-10-14,0,12
2017-10-15,0,13
2017-10-16,0,13
2017-10-17,0,13
2017-10-18,0,13
2017-10-19,0,12
2017-10-20,0,12
2017-10-21,0,12
2017-10-22,0,12
2017-10-23,0,12
2017-10-24,76.16666666666667,12
2017-10-25,0,12
2017-10-26,0,12
2017-10-27,0,12
2017-10-28,0,12
2017-10-29,0,12
2017-10-30,0,13
2017-10-31,0,13
2017-11-01,0,13
2017-11-02,0,13
2017-11-03,0,13
2017-11-04,0,12
2017-11-05,0,12
2017-11-06,0,12
2017-11-07,0,12
2017-11-08,0,12
2017-11-09,0,12
2017-11-10,0,12
2017-11-11,0,12
2017-11-12,0,12
2017-11-13,0,12
2017-11-14,0,13
2017-11-15,0,13
2017-11-16,0,13
2017-11-17,0,13
2017-11-18,0,13
2017-11-19,0,12
2017-11-20,0,12
2017-11-21,0,12
2017-11-22,75.83333333333333,12
2017-11-23,91,12
2017-11-24,0,12
2017-11-25,0,12
2017-11-26,0,12
2017-11-27,0,12
2017-11-28,0,12
2017-11-29,0,13
2017-11-30,84.23076923076923,13
2017-12-01,0,13
2017-12-02,0,13
2017-12-03,0,12
2017-12-04,85.75,12
2017-12-05,0,12
2017-12-06,0,12
2017-12-07,0,12
2017-12-08,0,12
2017-12-09,0,12
2017-12-10,0,12
2017-12-11,0,12
2017-12-12,0,12
2017-12-13,0,12
2017-12-14,0,13
2017-12-15,0,13
2017-12-16,0,13
2017-12-17,0,13
2017-12-18,0,12
2017-12-19,75.33333333333333,12
2017-12-20,0,12
2017-12-21,93.08333333333331,12
2017-12-22,93.91666666666669,12
2017-12-23,0,12
2017-12-24,0,12
2017-12-25,0,12
2017-12-26,0,12
2017-12-27,0,12
2017-12-28,0,12
2017-12-29,0,13
2017-12-30,0,13
2017-12-31,0,13
2018-01-01,0,13
2018-01-02,0,13
2018-01-03,0,12
2018-01-04,0,12
2018-01-05,0,12
2018-01-06,0,12
2018-01-07,0,12
2018-01-08,0,12
2018-01-09,0,12
2018-01-10,0,12
2018-01-11,0,12
2018-01-12,0,12
2018-01-13,0,13
2018-01-14,0,13
2018-01-15,0,13
2018-01-16,68.76923076923077,13
2018-01-17,0,13
2018-01-18,0,12
2018-01-19,0,12
2018-01-20,0,12
2018-01-21,0,12
2018-01-22,88.66666666666667,12
2018-01-23,0,12
2018-01-24,0,12
2018-01-25,0,12
2018-01-26,0,12
2018-01-27,0,12
2018-01-28,0,13
2018-01-29,0,13
2018-01-30,0,13
2018-01-31,0,13
2018-02-01,0,13
2018-02-02,0,12
2018-02-03,0,12
2018-02-04,0,12
2018-02-05,0,12
2018-02-06,0,12
2018-02-07,0,12
2018-02-08,0,12
2018-02-09,0,12
2018-02-10,0,12
2018-02-11,0,12
2018-02-12,0,13
2018-02-13,0,13
2018-02-14,0,13
2018-02-15,0,13
2018-02-16,0,13
2018-02-17,0,12
2018-02-18,0,12
2018-02-19,0,12
2018-02-20,0,12
2018-02-21,0,12
2018-02-22,0,12
2018-02-23,0,12
2018-02-24,0,12
2018-02-25,0,12
2018-02-26,0,12
2018-02-27,0,13
2018-02-28,68.6923076923077,13
2018-03-01,0,13
2018-03-02,0,13
2018-03-03,0,13
2018-03-04,0,12
2018-03-05,0,12
2018-03-06,66.58333333333333,12
2018-03-07,0,12
2018-03-08,0,12
2018-03-09,69.41666666666667,12
2018-03-10,0,12
2018-03-11,0,12
2018-03-12,0,12
2018-03-13,0,12
2018-03-14,0,13
2018-03-15,0,13
2018-03-16,0,12
2018-03-17,0,12
2018-03-18,0,12
2018-03-19,0,12
2018-03-20,0,12
2018-03-21,0,12
2018-03-22,0,12
2018-03-23,0,12
2018-03-24,0,12
2018-03-25,0,12
2018-03-26,0,12
2018-03-27,0,12
2018-03-28,0,12
2018-03-29,0,13
2018-03-30,0,13
2018-03-31,0,12
2018-04-01,0,12
2018-04-02,0,12
2018-04-03,0,12
2018-04-04,0,12
2018-04-05,0,12
2018-04-06,0,12
2018-04-07,0,12
2018-04-08,0,12
2018-04-09,0,12
2018-04-10,0,12
2018-04-11,0,12
2018-04-12,0,12
2018-04-13,0,13
2018-04-14,0,13
2018-04-15,0,13
2018-04-16,0,12
2018-04-17,0,12
2018-04-18,0,12
2018-04-19,0,12
2018-04-20,0,12
2018-04-21,0,12
2018-04-22,0,12
2018-04-23,0,12
2018-04-24,0,12
2018-04-25,0,12
2018-04-26,0,12
2018-04-27,0,12
2018-04-28,0,13
2018-04-29,0,13
2018-04-30,0,13
2018-05-01,0,12
2018-05-02,0,12
2018-05-03,0,12
2018-05-04,0,12
2018-05-05,0,12
2018-05-06,0,12
2018-05-07,0,12
2018-05-08,0,12
2018-05-09,0,12
2018-05-10,0,12
2018-05-11,0,12
2018-05-12,0,12
2018-05-13,0,13
2018-05-14,0,13
2018-05-15,89.5,12
2018-05-16,58,12
2018-05-17,0,12
2018-05-18,0,12
2018-05-19,0,12
2018-05-20,0,12
2018-05-21,0,12
2018-05-22,0,12
2018-05-23,0,12
2018-05-24,0,12
2018-05-25,0,12
2018-05-26,83.5,12
2018-05-27,0,12
2018-05-28,0,13
2018-05-29,0,13
2018-05-30,0,12
2018-05-31,66.66666666666667,12
2018-06-01,0,12
2018-06-02,0,12
2018-06-03,0,12
2018-06-04,0,12
2018-06-05,0,12
2018-06-06,0,12
2018-06-07,0,12
2018-06-08,0,12
2018-06-09,0,12
2018-06-10,0,12
2018-06-11,0,12
2018-06-12,62,13
2018-06-13,0,13
2018-06-14,0,13
2018-06-15,0,12
2018-06-16,0,12
2018-06-17,0,12
2018-06-18,59,12
2018-06-19,0,12
2018-06-20,0,12
2018-06-21,0,12
2018-06-22,0,12
2018-06-23,0,12
2018-06-24,0,12
2018-06-25,0,12
2018-06-26,0,12
2018-06-27,53.53846153846154,13
2018-06-28,0,13
2018-06-29,0,13
2018-06-30,0,12
2018-07-01,0,12
2018-07-02,0,12
2018-07-03,0,12
2018-07-04,0,12
2018-07-05,0,12
2018-07-06,0,12
2018-07-07,0,12
2018-07-08,0,12
2018-07-09,0,12
2018-07-10,0,12
2018-07-11,0,12
2018-07-12,0,13
2018-07-13,0,13
2018-07-14,0,12
2018-07-15,0,12
2018-07-16,0,12
2018-07-17,0,12
2018-07-18,0,12
2018-07-19,0,12
2018-07-20,0,12
2018-07-21,0,12
2018-07-22,0,12
2018-07-23,0,12
2018-07-24,0,12
2018-07-25,0,12
2018-07-26,0,12
2018-07-27,0,13
2018-07-28,0,13
2018-07-29,0,12
2018-07-30,100,12
2018-07-31,0,12
2018-08-01,0,12
2018-08-02,0,12
2018-08-03,0,12
2018-08-04,0,12
2018-08-05,0,12
2018-08-06,0,12
2018-08-07,0,12
2018-08-08,0,12
2018-08-09,0,12
2018-08-10,0,12
2018-08-11,0,13
2018-08-12,0,13
2018-08-13,0,12
2018-08-14,0,12
2018-08-15,0,12
2018-08-16,0,12
2018-08-17,0,12
2018-08-18,0,12
2018-08-19,0,12
2018-08-20,0,12
2018-08-21,0,12
2018-08-22,53.5,12
2018-08-23,0,12
2018-08-24,0,12
2018-08-25,70.58333333333333,12
2018-08-26,0,13
2018-08-27,0,13
2018-08-28,0,12
2018-08-29,0,12
2018-08-30,0,12
2018-08-31,0,12
2018-09-01,0,12
2018-09-02,0,12
2018-09-03,0,12
2018-09-04,0,12
2018-09-05,0,12
2018-09-06,0,12
2018-09-07,0,12
2018-09-08,0,12
2018-09-09,0,12
2018-09-10,0,13
2018-09-11,0,13
2018-09-12,0,13
2018-09-13,0,13
2018-09-14,0,13
2018-09-15,0,12
2018-09-16,0,12
2018-09-17,54.25,12
2018-09-18,0,12
2018-09-19,0,12
2018-09-20,0,12
2018-09-21,0,12
2018-09-22,0,12
2018-09-23,0,12
2018-09-24,0,12
2018-09-25,0,13
2018-09-26,0,13
2018-09-27,0,13
2018-09-28,0,13
2018-09-29,0,13
2018-09-30,0,12
2018-10-01,0,12
2018-10-02,53,12
2018-10-03,0,12
2018-10-04,0,12
2018-10-05,0,12
2018-10-06,0,12
2018-10-07,0,12
2018-10-08,0,12
2018-10-09,0,12
2018-10-10,0,13
2018-10-11,0,13
2018-10-12,0,13
2018-10-13,0,13
2018-10-14,0,12
2018-10-15,0,12
2018-10-16,0,12
2018-10-17,0,12
2018-10-18,0,12
2018-10-19,0,12
2018-10-20,0,12
2018-10-21,0,12
2018-10-22,0,12
2018-10-23,0,12
2018-10-24,0,12
2018-10-25,0,13
2018-10-26,0,13
2018-10-27,0,13
2018-10-28,0,13
2018-10-29,0,12
2018-10-30,0,12
2018-10-31,0,12
2018-11-01,0,12
2018-11-02,0,12
2018-11-03,0,12
2018-11-04,0,12
2018-11-05,0,12
2018-11-06,71,12
2018-11-07,0,12
2018-11-08,0,12
2018-11-09,0,13
2018-11-10,0,13
2018-11-11,0,13
2018-11-12,75.3076923076923,13
2018-11-13,0,13
2018-11-14,0,12
2018-11-15,0,12
2018-11-16,0,12
2018-11-17,0,12
2018-11-18,0,12
2018-11-19,0,12
2018-11-20,0,12
2018-11-21,0,12
2018-11-22,82.66666666666667,12
2018-11-23,0,12
2018-11-24,0,13
2018-11-25,0,13
2018-11-26,0,13
2018-11-27,47.07692307692308,13
2018-11-28,0,13
2018-11-29,0,12
2018-11-30,0,12
2018-12-01,0,12
2018-12-02,65.66666666666667,12
2018-12-03,56,12
2018-12-04,0,12
2018-12-05,96.66666666666669,12
2018-12-06,0,12
2018-12-07,0,12
2018-12-08,0,12
2018-12-09,0,13
2018-12-10,0,13
2018-12-11,0,13
2018-12-12,0,13
2018-12-13,0,12
2018-12-14,0,12
2018-12-15,0,12
2018-12-16,0,12
2018-12-17,0,12
2018-12-18,60.833333333333336,12
2018-12-19,0,12
2018-12-20,0,12
2018-12-21,0,12
2018-12-22,79,12
2018-12-23,0,12
2018-12-24,0,13
2018-12-25,0,13
2018-12-26,0,13
2018-12-27,0,13
2018-12-28,0,12
2018-12-29,0,12
2018-12-30,0,12
2018-12-31,0,12
2019-01-01,0,12
2019-01-02,0,12
2019-01-03,0,12
2019-01-04,0,12
2019-01-05,0,12
2019-01-06,0,12
2019-01-07,0,12
2019-01-08,0,13
2019-01-09,78.3076923076923,13
2019-01-10,0,13
2019-01-11,0,13
2019-01-12,0,13
2019-01-13,84.33333333333333,12
2019-01-14,0,12
2019-01-15,0,12
2019-01-16,0,12
2019-01-17,0,12
2019-01-18,0,12
2019-01-19,0,12
2019-01-20,0,12
2019-01-21,0,12
2019-01-22,0,12
2019-01-23,0,13
2019-01-24,0,13
2019-01-25,0,13
2019-01-26,0,13
2019-01-27,0,13
2019-01-28,0,12
2019-01-29,0,12
2019-01-30,0,12
2019-01-31,0,12
2019-02-01,0,12
2019-02-02,0,12
2019-02-03,0,12
2019-02-04,0,12
2019-02-05,0,12
2019-02-06,0,12
2019-02-07,0,13
2019-02-08,0,13
2019-02-09,0,13
2019-02-10,0,13
2019-02-11,0,13
2019-02-12,0,12
2019-02-13,0,12
2019-02-14,0,12
2019-02-15,0,12
2019-02-16,0,12
2019-02-17,85.83333333333333,12
2019-02-18,0,12
2019-02-19,0,12
2019-02-20,0,12
2019-02-21,76.83333333333333,12
2019-02-22,0,13
2019-02-23,0,13
2019-02-24,0,13
2019-02-25,0,13
2019-02-26,0,13
2019-02-27,0,12
2019-02-28,0,12
2019-03-01,0,12
2019-03-02,0,12
2019-03-03,0,12
2019-03-04,0,12
2019-03-05,0,12
2019-03-06,0,12
2019-03-07,0,12
2019-03-08,0,12
2019-03-09,0,13
2019-03-10,0,13
2019-03-11,60,12
2019-03-12,0,12
2019-03-13,0,12
2019-03-14,0,12
2019-03-15,63.416666666666664,12
2019-03-16,0,12
2019-03-17,0,12
2019-03-18,0,12
2019-03-19,0,12
2019-03-20,0,12
2019-03-21,0,12
2019-03-22,74.5,12
2019-03-23,0,12
2019-03-24,0,13
2019-03-25,0,13
2019-03-26,0,12
2019-03-27,0,12
2019-03-28,0,12
2019-03-29,0,12
2019-03-30,0,12
2019-03-31,0,12
2019-04-01,0,12
2019-04-02,0,12
2019-04-03,0,12
2019-04-04,0,12
2019-04-05,0,12
2019-04-06,0,12
2019-04-07,0,12
2019-04-08,51.53846153846154,13
2019-04-09,0,13
2019-04-10,0,13
2019-04-11,0,12
2019-04-12,0,12
2019-04-13,0,12
2019-04-14,0,12
2019-04-15,0,12
2019-04-16,0,12
2019-04-17,0,12
2019-04-18,0,12
2019-04-19,0,12
2019-04-20,0,12
2019-04-21,0,12
2019-04-22,0,12
2019-04-23,0,13
2019-04-24,0,13
2019-04-25,0,13
2019-04-26,82.83333333333333,12
2019-04-27,0,12
2019-04-28,0,12
2019-04-29,0,12
2019-04-30,0,12
2019-05-01,0,12
2019-05-02,0,12
2019-05-03,0,12
2019-05-04,0,12
2019-05-05,0,12
2019-05-06,0,12
2019-05-07,0,12
2019-05-08,0,13
2019-05-09,0,13
2019-05-10,0,12
2019-05-11,0,12
2019-05-12,0,12
2019-05-13,0,12
2019-05-14,0,12
2019-05-15,0,12
2019-05-16,0,12
2019-05-17,0,12
2019-05-18,0,12
2019-05-19,0,12
2019-05-20,0,12
2019-05-21,0,12
2019-05-22,0,12
2019-05-23,0,13
2019-05-24,60.61538461538461,13
2019-05-25,73.75,12
2019-05-26,0,12
2019-05-27,68.41666666666667,12
2019-05-28,0,12
2019-05-29,0,12
2019-05-30,0,12
2019-05-31,0,12
2019-06-01,0,12
2019-06-02,0,12
2019-06-03,0,12
2019-06-04,0,12
2019-06-05,0,12
2019-06-06,0,12
2019-06-07,0,13
2019-06-08,0,13
2019-06-09,0,13
2019-06-10,0,12
2019-06-11,70.33333333333333,12
2019-06-12,0,12
2019-06-13,0,12
2019-06-14,0,12
2019-06-15,0,12
2019-06-16,0,12
2019-06-17,0,12
2019-06-18,0,12
2019-06-19,0,12
2019-06-20,0,12
2019-06-21,0,12
2019-06-22,0,13
2019-06-23,0,13
2019-06-24,0,13
2019-06-25,0,12
2019-06-26,0,12
2019-06-27,0,12
2019-06-28,0,12
2019-06-29,0,12
2019-06-30,0,12
2019-07-01,0,12
2019-07-02,0,12
2019-07-03,0,12
2019-07-04,0,12
2019-07-05,0,12
2019-07-06,0,12
2019-07-07,0,13
2019-07-08,0,13
2019-07-09,59.333333333333336,12
2019-07-10,0,12
2019-07-11,0,12
2019-07-12,0,12
2019-07-13,0,12
2019-07-14,0,12
2019-07-15,0,12
2019-07-16,0,12
2019-07-17,0,12
2019-07-18,0,12
2019-07-19,0,12
2019-07-20,0,12
2019-07-21,0,12
2019-07-22,0,13
2019-07-23,0,13
2019-07-24,0,12
2019-07-25,0,12
2019-07-26,0,12
2019-07-27,0,12
2019-07-28,0,12
2019-07-29,0,12
2019-07-30,0,12
2019-07-31,0,12
2019-08-01,0,12
2019-08-02,0,12
2019-08-03,0,12
2019-08-04,0,12
2019-08-05,0,12
2019-08-06,0,13
2019-08-07,0,13
2019-08-08,0,12
2019-08-09,86.5,12
2019-08-10,0,12
2019-08-11,0,12
2019-08-12,45.25,12
2019-08-13,0,12
2019-08-14,0,12
2019-08-15,57,12
2019-08-16,0,12
2019-08-17,0,12
2019-08-18,0,12
2019-08-19,0,12
2019-08-20,0,12
2019-08-21,0,13
2019-08-22,0,13
2019-08-23,0,12
2019-08-24,0,12
2019-08-25,0,12
2019-08-26,0,12
2019-08-27,0,12
2019-08-28,0,12
2019-08-29,0,12
2019-08-30,0,12
2019-08-31,0,12
2019-09-01,0,12
2019-09-02,0,12
2019-09-03,0,12
2019-09-04,0,12
2019-09-05,0,13
2019-09-06,0,13
2019-09-07,0,13
2019-09-08,0,13
2019-09-09,0,13
2019-09-10,0,12
2019-09-11,0,12
2019-09-12,0,12
2019-09-13,0,12
2019-09-14,0,12
2019-09-15,66.25,12
2019-09-16,0,12
2019-09-17,0,12
2019-09-18,47.833333333333336,12
2019-09-19,0,12
2019-09-20,0,13
2019-09-21,0,13
2019-09-22,0,13
2019-09-23,0,13
2019-09-24,0,13
2019-09-25,100,12
2019-09-26,0,12
2019-09-27,0,12
2019-09-28,0,12
2019-09-29,0,12
2019-09-30,0,12
2019-10-01,0,12
2019-10-02,0,12
2019-10-03,0,12
2019-10-04,0,12
2019-10-05,0,13
2019-10-06,0,13
2019-10-07,0,13
2019-10-08,0,13
2019-10-09,0,12
2019-10-10,0,12
2019-10-11,0,12
2019-10-12,0,12
2019-10-13,0,12
2019-10-14,0,12
2019-10-15,0,12
2019-10-16,0,12
2019-10-17,0,12
2019-10-18,0,12
2019-10-19,0,12
2019-10-20,0,13
2019-10-21,0,13
2019-10-22,0,13
2019-10-23,0,13
2019-10-24,0,12
2019-10-25,0,12
2019-10-26,0,12
2019-10-27,0,12
2019-10-28,0,12
2019-10-29,0,12
2019-10-30,0,12
2019-10-31,0,12
2019-11-01,0,12
2019-11-02,0,12
2019-11-03,0,12
2019-11-04,0,13
2019-11-05,0,13
2019-11-06,45.76923076923077,13
2019-11-07,83.07692307692308,13
2019-11-08,0,13
2019-11-09,0,12
2019-11-10,0,12
2019-11-11,0,12
2019-11-12,0,12
2019-11-13,0,12
2019-11-14,0,12
2019-11-15,72.75,12
2019-11-16,0,12
2019-11-17,0,12
2019-11-18,0,12
2019-11-19,0,13
2019-11-20,0,13
2019-11-21,0,13
2019-11-22,0,13
2019-11-23,0,13
2019-11-24,0,12
2019-11-25,0,12
2019-11-26,57.166666666666664,12
2019-11-27,0,12
2019-11-28,46.166666666666664,12
2019-11-29,0,12
2019-11-30,0,12
2019-12-01,0,12
2019-12-02,0,12
2019-12-03,0,12
2019-12-04,0,13
2019-12-05,48.92307692307692,13
2019-12-06,0,13
2019-12-07,75.76923076923077,13
2019-12-08,0,12
2019-12-09,0,12
2019-12-10,0,12
2019-12-11,0,12
2019-12-12,0,12
2019-12-13,0,12
2019-12-14,0,12
2019-12-15,0,12
2019-12-16,0,12
2019-12-17,0,12
2019-12-18,0,12
2019-12-19,0,13
2019-12-20,85.84615384615384,13
2019-12-21,0,13
2019-12-22,0,13
2019-12-23,0,12
2019-12-24,0,12
2019-12-25,0,12
2019-12-26,0,12
2019-12-27,0,12
2019-12-28,0,12
2019-12-29,0,12
2019-12-30,56.5,12
2019-12-31,0,12
2020-01-01,0,12
2020-01-02,0,12
2020-01-03,0,13
2020-01-04,0,13
2020-01-05,0,13
2020-01-06,0,13
2020-01-07,0,13
2020-01-08,0,12
2020-01-09,0,12
2020-01-10,0,12
2020-01-11,0,12
2020-01-12,0,12
2020-01-13,0,12
2020-01-14,0,12
2020-01-15,0,12
2020-01-16,0,12
2020-01-17,0,12
2020-01-18,0,13
2020-01-19,0,13
2020-01-20,0,13
2020-01-21,0,13
2020-01-22,0,13
2020-01-23,0,12
2020-01-24,0,12
2020-01-25,0,12
2020-01-26,0,12
2020-01-27,0,12
2020-01-28,0,12
2020-01-29,0,12
2020-01-30,0,12
2020-01-31,0,12
2020-02-01,0,12
2020-02-02,0,13
2020-02-03,0,13
2020-02-04,0,13
2020-02-05,0,13
2020-02-06,0,13
2020-02-07,0,12
2020-02-08,0,12
2020-02-09,0,12
2020-02-10,0,12
2020-02-11,0,12
2020-02-12,0,12
2020-02-13,0,12
2020-02-14,0,12
2020-02-15,0,12
2020-02-16,0,12
2020-02-17,0,13
2020-02-18,0,13
2020-02-19,0,13
2020-02-20,0,13
2020-02-21,73.6923076923077,13
2020-02-22,0,12
2020-02-23,0,12
2020-02-24,0,12
2020-02-25,0,12
2020-02-26,0,12
2020-02-27,0,12
2020-02-28,0,12
2020-02-29,0,12
2020-03-01,0,12
2020-03-02,0,12
2020-03-03,0,13
2020-03-04,0,13
2020-03-05,0,13
2020-03-06,0,12
2020-03-07,0,12
2020-03-08,0,12
2020-03-09,0,12
2020-03-10,0,12
2020-03-11,0,12
2020-03-12,0,12
2020-03-13,0,12
2020-03-14,0,12
2020-03-15,0,12
2020-03-16,0,12
2020-03-17,0,12
2020-03-18,0,13
2020-03-19,0,13
2020-03-20,0,13
2020-03-21,0,12
2020-03-22,0,12
2020-03-23,0,12
2020-03-24,0,12
2020-03-25,0,12
2020-03-26,0,12
2020-03-27,0,12
2020-03-28,0,12
2020-03-29,0,12
2020-03-30,0,12
2020-03-31,0,12
2020-04-01,0,12
2020-04-02,0,13
2020-04-03,0,13
2020-04-04,0,13
2020-04-05,0,13
2020-04-06,0,12
2020-04-07,0,12
2020-04-08,0,12
2020-04-09,0,12
2020-04-10,0,12
2020-04-11,0,12
2020-04-12,0,12
2020-04-13,0,12
2020-04-14,0,12
2020-04-15,0,12
2020-04-16,0,12
2020-04-17,0,13
2020-04-18,0,13
2020-04-19,0,13
2020-04-20,0,13
2020-04-21,0,12
2020-04-22,0,12
2020-04-23,0,12
2020-04-24,0,12
2020-04-25,0,12
2020-04-26,0,12
2020-04-27,0,12
2020-04-28,0,12
2020-04-29,0,12
2020-04-30,0,12
2020-05-01,0,12
2020-05-02,0,13
2020-05-03,0,13
2020-05-04,0,13
2020-05-05,0,12
2020-05-06,0,12
2020-05-07,0,12
2020-05-08,0,12
2020-05-09,0,12
2020-05-10,0,12
2020-05-11,50.75,12
2020-05-12,0,12
2020-05-13,0,12
2020-05-14,57.25,12
2020-05-15,60.75,12
2020-05-16,0,12
2020-05-17,0,13
2020-05-18,0,13
2020-05-19,0,13
2020-05-20,0,12
2020-05-21,0,12
2020-05-22,0,12
2020-05-23,0,12
2020-05-24,0,12
2020-05-25,0,12
2020-05-26,0,12
2020-05-27,0,12
2020-05-28,0,12
2020-05-29,54.916666666666664,12
2020-05-30,0,12
2020-05-31,0,12
2020-06-01,0,13
2020-06-02,0,13
2020-06-03,0,13
2020-06-04,0,13
2020-06-05,0,12
2020-06-06,0,12
2020-06-07,0,12
2020-06-08,0,12
2020-06-09,0,12
2020-06-10,70.58333333333333,12
2020-06-11,0,12
2020-06-12,0,12
2020-06-13,0,12
2020-06-14,0,12
2020-06-15,0,12
2020-06-16,0,13
2020-06-17,0,13
2020-06-18,0,13
2020-06-19,0,13
2020-06-20,0,12
2020-06-21,0,12
2020-06-22,0,12
2020-06-23,0,12
2020-06-24,0,12
2020-06-25,0,12
2020-06-26,0,12
2020-06-27,0,12
2020-06-28,0,12
2020-06-29,0,12
2020-06-30,0,12
2020-07-01,0,13
2020-07-02,67.23076923076923,13
2020-07-03,0,13
2020-07-04,0,12
2020-07-05,0,12
2020-07-06,0,12
2020-07-07,0,12
2020-07-08,0,12
2020-07-09,0,12
2020-07-10,0,12
2020-07-11,0,12
2020-07-12,0,12
2020-07-13,0,12
2020-07-14,57,12
2020-07-15,0,12
2020-07-16,0,13
2020-07-17,0,13
2020-07-18,0,13
2020-07-19,0,12
2020-07-20,0,12
2020-07-21,48.666666666666664,12
2020-07-22,0,12
2020-07-23,0,12
2020-07-24,0,12
2020-07-25,0,12
2020-07-26,0,12
2020-07-27,0,12
2020-07-28,0,12
2020-07-29,47.666666666666664,12
2020-07-30,0,12
2020-07-31,0,13
2020-08-01,0,13
2020-08-02,0,13
2020-08-03,0,12
2020-08-04,0,12
2020-08-05,0,12
2020-08-06,0,12
2020-08-07,0,12
2020-08-08,0,12
2020-08-09,0,12
2020-08-10,0,12
2020-08-11,46,12
2020-08-12,0,12
2020-08-13,0,12
2020-08-14,0,12
2020-08-15,0,13
2020-08-16,100,13
2020-08-17,0,13
2020-08-18,0,12
2020-08-19,0,12
2020-08-20,0,12
2020-08-21,0,12
2020-08-22,0,12
2020-08-23,0,12
2020-08-24,0,12
2020-08-25,45,12
2020-08-26,0,12
2020-08-27,0,12
2020-08-28,0,12
2020-08-29,0,12
2020-08-30,0,13
2020-08-31,0,13
2020-09-01,0,13
2020-09-02,42.30769230769231,13
2020-09-03,0,13
2020-09-04,0,12
2020-09-05,0,12
2020-09-06,0,12
2020-09-07,0,12
2020-09-08,0,12
2020-09-09,0,12
2020-09-10,0,12
2020-09-11,0,12
2020-09-12,0,12
2020-09-13,0,12
2020-09-14,68.15384615384616,13
2020-09-15,75.46153846153847,13
2020-09-16,61.69230769230769,13
2020-09-17,0,13
2020-09-18,0,13
2020-09-19,0,12
2020-09-20,0,12
2020-09-21,0,12
2020-09-22,46,12
2020-09-23,0,12
2020-09-24,70.66666666666667,12
2020-09-25,0,12
2020-09-26,0,12
2020-09-27,0,12
2020-09-28,0,12
2020-09-29,0,13
2020-09-30,0,13
2020-10-01,0,13
2020-10-02,0,13
2020-10-03,0,12
2020-10-04,0,12
2020-10-05,64.41666666666667,12
2020-10-06,0,12
2020-10-07,0,12
2020-10-08,0,12
2020-10-09,0,12
2020-10-10,0,12
2020-10-11,0,12
2020-10-12,47.583333333333336,12
2020-10-13,0,12
2020-10-14,0,13
2020-10-15,0,13
2020-10-16,0,13
2020-10-17,0,13
2020-10-18,0,12
2020-10-19,0,12
2020-10-20,0,12
2020-10-21,0,12
2020-10-22,63,12
2020-10-23,0,12
2020-10-24,0,12
2020-10-25,58.583333333333336,12
2020-10-26,0,12
2020-10-27,0,12
2020-10-28,0,12
2020-10-29,0,13
2020-10-30,0,13
2020-10-31,0,13
2020-11-01,0,13
2020-11-02,0,13
2020-11-03,0,12
2020-11-04,0,12
2020-11-05,0,12
2020-11-06,0,12
2020-11-07,0,12
2020-11-08,0,12
2020-11-09,0,12
2020-11-10,0,12
2020-11-11,0,12
2020-11-12,0,12
2020-11-13,0,13
2020-11-14,0,13
2020-11-15,0,13
2020-11-16,53.30769230769231,13
2020-11-17,0,13
2020-11-18,58.75,12
2020-11-19,0,12
2020-11-20,0,12
2020-11-21,0,12
2020-11-22,0,12
2020-11-23,0,12
2020-11-24,0,12
2020-11-25,0,12
2020-11-26,0,12
2020-11-27,0,12
2020-11-28,0,13
2020-11-29,0,13
2020-11-30,47,13
2020-12-01,0,13
2020-12-02,0,12
2020-12-03,0,12
2020-12-04,0,12
2020-12-05,0,12
2020-12-06,0,12
2020-12-07,0,12
2020-12-08,68.83333333333333,12
2020-12-09,0,12
2020-12-10,0,12
2020-12-11,0,12
2020-12-12,0,12
2020-12-13,0,13
2020-12-14,0,13
2020-12-15,0,13
2020-12-16,50.23076923076923,13
2020-12-17,0,12
2020-12-18,0,12
2020-12-19,0,12
2020-12-20,0,12
2020-12-21,0,12
2020-12-22,0,12
2020-12-23,0,12
2020-12-24,0,12
2020-12-25,0,12
2020-12-26,0,12
2020-12-27,0,12
2020-12-28,0,13
2020-12-29,0,13
2020-12-30,0,13
2020-12-31,0,13
2021-01-01,0,13
2021-01-02,0,12
2021-01-03,0,12
2021-01-04,0,12
2021-01-05,0,12
2021-01-06,0,12
2021-01-07,0,12
2021-01-08,0,12
2021-01-09,0,12
2021-01-10,0,12
2021-01-11,0,12
2021-01-12,59.69230769230769,13
2021-01-13,0,13
2021-01-14,50.38461538461539,13
2021-01-15,0,13
2021-01-16,0,13
2021-01-17,0,12
2021-01-18,0,12
2021-01-19,0,12
2021-01-20,0,12
2021-01-21,0,12
2021-01-22,0,12
2021-01-23,0,12
2021-01-24,0,12
2021-01-25,0,12
2021-01-26,0,12
2021-01-27,0,13
2021-01-28,0,13
2021-01-29,0,13
2021-01-30,0,13
2021-01-31,0,13
2021-02-01,0,12
2021-02-02,0,12
2021-02-03,0,12
2021-02-04,0,12
2021-02-05,0,12
2021-02-06,0,12
2021-02-07,0,12
2021-02-08,0,12
2021-02-09,0,12
2021-02-10,0,12
2021-02-11,0,13
2021-02-12,0,13
2021-02-13,0,13
2021-02-14,0,13
2021-02-15,0,13
2021-02-16,0,12
2021-02-17,0,12
2021-02-18,0,12
2021-02-19,0,12
2021-02-20,0,12
2021-02-21,0,12
2021-02-22,0,12
2021-02-23,0,12
2021-02-24,0,12
2021-02-25,0,12
2021-02-26,0,13
2021-02-27,0,13
2021-02-28,0,13
2021-03-01,0,13
2021-03-02,0,13
2021-03-03,0,12
2021-03-04,0,12
2021-03-05,0,12
2021-03-06,0,12
2021-03-07,0,12
2021-03-08,0,12
2021-03-09,0,12
2021-03-10,0,12
2021-03-11,0,12
2021-03-12,0,12
2021-03-13,0,13
2021-03-14,0,13
2021-03-15,40.5,12
2021-03-16,0,12
2021-03-17,53,12
2021-03-18,0,12
2021-03-19,0,12
2021-03-20,0,12
2021-03-21,0,12
2021-03-22,0,12
2021-03-23,0,12
2021-03-24,0,12
2021-03-25,0,12
2021-03-26,0,12
2021-03-27,0,12
2021-03-28,0,13
2021-03-29,0,13
2021-03-30,0,12
2021-03-31,100,12
2021-04-01,0,12
2021-04-02,0,12
2021-04-03,0,12
2021-04-04,0,12
2021-04-05,0,12
2021-04-06,0,12
2021-04-07,61,12
2021-04-08,0,12
2021-04-09,0,12
2021-04-10,0,12
2021-04-11,0,12
2021-04-12,0,13
2021-04-13,0,13
2021-04-14,0,13
2021-04-15,0,12
2021-04-16,0,12
2021-04-17,0,12
2021-04-18,0,12
2021-04-19,0,12
2021-04-20,0,12
2021-04-21,0,12
2021-04-22,0,12
2021-04-23,0,12
2021-04-24,0,12
2021-04-25,0,12
2021-04-26,0,12
2021-04-27,0,13
2021-04-28,0,13
2021-04-29,0,13
2021-04-30,70,12
2021-05-01,0,12
2021-05-02,0,12
2021-05-03,0,12
2021-05-04,48.333333333333336,12
2021-05-05,0,12
2021-05-06,0,12
2021-05-07,60.666666666666664,12
2021-05-08,0,12
2021-05-09,0,12
2021-05-10,0,12
2021-05-11,0,12
2021-05-12,0,13
2021-05-13,0,13
2021-05-14,0,12
2021-05-15,0,12
2021-05-16,0,12
2021-05-17,0,12
2021-05-18,0,12
2021-05-19,50.666666666666664,12
2021-05-20,0,12
2021-05-21,0,12
2021-05-22,0,12
2021-05-23,0,12
2021-05-24,0,12
2021-05-25,0,12
2021-05-26,0,12
2021-05-27,0,13
2021-05-28,0,13
2021-05-29,0,12
2021-05-30,87.83333333333333,12
2021-05-31,0,12
2021-06-01,0,12
2021-06-02,0,12
2021-06-03,0,12
2021-06-04,0,12
2021-06-05,0,12
2021-06-06,0,12
2021-06-07,0,12
2021-06-08,69.83333333333333,12
2021-06-09,0,12
2021-06-10,0,12
2021-06-11,0,13
2021-06-12,0,13
2021-06-13,0,13
2021-06-14,0,12
2021-06-15,0,12
2021-06-16,0,12
2021-06-17,0,12
2021-06-18,0,12
2021-06-19,0,12
2021-06-20,0,12
2021-06-21,0,12
2021-06-22,0,12
2021-06-23,0,12
2021-06-24,0,12
2021-06-25,0,12
2021-06-26,0,13
2021-06-27,0,13
2021-06-28,0,13
2021-06-29,0,12
2021-06-30,0,12
2021-07-01,0,12
2021-07-02,0,12
2021-07-03,0,12
2021-07-04,0,12
2021-07-05,0,12
2021-07-06,0,12
2021-07-07,0,12
2021-07-08,0,12
2021-07-09,0,12
2021-07-10,0,12
2021-07-11,0,13
2021-07-12,0,13
2021-07-13,0,12
2021-07-14,0,12
2021-07-15,0,12
2021-07-16,0,12
2021-07-17,0,12
2021-07-18,0,12
2021-07-19,0,12
2021-07-20,0,12
2021-07-21,0,12
2021-07-22,0,12
2021-07-23,0,12
2021-07-24,81.66666666666667,12
2021-07-25,0,12
2021-07-26,0,13
2021-07-27,0,13
2021-07-28,0,12
2021-07-29,0,12
2021-07-30,0,12
2021-07-31,0,12
2021-08-01,0,12
2021-08-02,0,12
2021-08-03,0,12
2021-08-04,0,12
2021-08-05,0,12
2021-08-06,0,12
2021-08-07,0,12
2021-08-08,0,12
2021-08-09,0,12
2021-08-10,0,13
2021-08-11,0,13
2021-08-12,0,12
2021-08-13,0,12
2021-08-14,0,12
2021-08-15,0,12
2021-08-16,0,12
2021-08-17,0,12
2021-08-18,0,12
2021-08-19,0,12
2021-08-20,0,12
2021-08-21,92.16666666666669,12
2021-08-22,0,12
2021-08-23,0,12
2021-08-24,0,12
2021-08-25,0,13
2021-08-26,71.53846153846153,13
2021-08-27,0,12
2021-08-28,0,12
2021-08-29,0,12
2021-08-30,0,12
2021-08-31,0,12
2021-09-01,0,12
2021-09-02,0,12
2021-09-03,0,12
2021-09-04,0,12
2021-09-05,0,12
2021-09-06,0,12
2021-09-07,0,12
2021-09-08,0,12
2021-09-09,0,13
2021-09-10,0,13
2021-09-11,0,13
2021-09-12,0,13
2021-09-13,0,13
2021-09-14,0,12
2021-09-15,0,12
2021-09-16,0,12
2021-09-17,0,12
2021-09-18,0,12
2021-09-19,0,12
2021-09-20,0,12
2021-09-21,0,12
2021-09-22,0,12
2021-09-23,0,12
2021-09-24,0,13
2021-09-25,0,13
2021-09-26,0,13
2021-09-27,0,13
2021-09-28,0,13
2021-09-29,0,12
2021-09-30,0,12
2021-10-01,84,12
2021-10-02,0,12
2021-10-03,0,12
2021-10-04,0,12
2021-10-05,0,12
2021-10-06,0,12
2021-10-07,0,12
2021-10-08,0,12
2021-10-09,0,13
2021-10-10,0,13
2021-10-11,0,13
2021-10-12,0,13
2021-10-13,0,12
2021-10-14,0,12
2021-10-15,0,12
2021-10-16,0,12
2021-10-17,0,12
2021-10-18,0,12
2021-10-19,0,12
2021-10-20,0,12
2021-10-21,0,12
2021-10-22,0,12
2021-10-23,0,12
2021-10-24,0,13
2021-10-25,0,13
2021-10-26,0,13
2021-10-27,0,13
2021-10-28,0,12
2021-10-29,0,12
2021-10-30,0,12
2021-10-31,0,12
2021-11-01,65,12
2021-11-02,68,12
2021-11-03,0,12
2021-11-04,0,12
2021-11-05,0,12
2021-11-06,0,12
2021-11-07,0,12
2021-11-08,0,13
2021-11-09,0,13
2021-11-10,81,13
2021-11-11,100,13
2021-11-12,0,13
2021-11-13,0,12
2021-11-14,0,12
2021-11-15,0,12
2021-11-16,0,12
2021-11-17,0,12
2021-11-18,0,12
2021-11-19,0,12
2021-11-20,0,12
2021-11-21,0,12
2021-11-22,0,12
2021-11-23,0,13
2021-11-24,0,13
2021-11-25,0,13
2021-11-26,0,13
2021-11-27,0,13
2021-11-28,0,12
2021-11-29,0,12
2021-11-30,0,12
2021-12-01,0,12
2021-12-02,0,12
2021-12-03,0,12
2021-12-04,0,12
2021-12-05,0,12
2021-12-06,0,12
2021-12-07,0,12
2021-12-08,0,13
2021-12-09,0,13
2021-12-10,0,13
2021-12-11,0,13
2021-12-12,0,12
2021-12-13,0,12
2021-12-14,67.33333333333333,12
2021-12-15,0,12
2021-12-16,0,12
2021-12-17,0,12
2021-12-18,0,12
2021-12-19,0,12
2021-12-20,0,12
2021-12-21,0,12
2021-12-22,0,12
2021-12-23,0,13
2021-12-24,0,13
2021-12-25,0,13
2021-12-26,0,13
2021-12-27,91,12
2021-12-28,0,12
2021-12-29,0,12
2021-12-30,0,12
2021-12-31,0,12
2022-01-01,0,12
2022-01-02,0,12
2022-01-03,80.75,12
2022-01-04,0,12
2022-01-05,0,12
2022-01-06,0,12
2022-01-07,0,13
2022-01-08,0,13
2022-01-09,0,13
2022-01-10,76.46153846153847,13
2022-01-11,67.6923076923077,13
2022-01-12,0,12
2022-01-13,0,12
2022-01-14,0,12
2022-01-15,0,12
2022-01-16,0,12
2022-01-17,0,12
2022-01-18,0,12
2022-01-19,0,12
2022-01-20,0,12
2022-01-21,0,12
2022-01-22,0,13
2022-01-23,0,13
2022-01-24,0,13
2022-01-25,0,13
2022-01-26,0,13
2022-01-27,0,12
2022-01-28,0,12
2022-01-29,0,12
2022-01-30,0,12
2022-01-31,0,12
2022-02-01,0,12
2022-02-02,0,12
2022-02-03,0,12
2022-02-04,0,12
2022-02-05,0,12
2022-02-06,0,13
2022-02-07,0,13
2022-02-08,0,13
2022-02-09,0,13
2022-02-10,0,13
2022-02-11,0,12
2022-02-12,0,12
2022-02-13,0,12
2022-02-14,0,12
2022-02-15,0,12
2022-02-16,0,12
2022-02-17,0,12
2022-02-18,0,12
2022-02-19,0,12
2022-02-20,0,12
2022-02-21,0,13
2022-02-22,0,13
2022-02-23,0,13
2022-02-24,53.15384615384615,13
2022-02-25,0,13
2022-02-26,0,12
2022-02-27,0,12
2022-02-28,0,12
2022-03-01,0,12
2022-03-02,0,12
2022-03-03,0,12
2022-03-04,0,12
2022-03-05,0,12
2022-03-06,0,12
2022-03-07,0,12
2022-03-08,0,13
2022-03-09,0,13
2022-03-10,0,12
2022-03-11,0,12
2022-03-12,0,12
2022-03-13,0,12
2022-03-14,0,12
2022-03-15,56.666666666666664,12
2022-03-16,0,12
2022-03-17,0,12
2022-03-18,0,12
2022-03-19,0,12
2022-03-20,0,12
2022-03-21,0,12
2022-03-22,0,12
2022-03-23,77.53846153846153,13
2022-03-24,0,13
2022-03-25,0,12
2022-03-26,0,12
2022-03-27,0,12
2022-03-28,0,12
2022-03-29,0,12
2022-03-30,0,12
2022-03-31,0,12
2022-04-01,0,12
2022-04-02,0,12
2022-04-03,72,12
2022-04-04,0,12
2022-04-05,0,12
2022-04-06,0,12
2022-04-07,0,13
2022-04-08,0,13
2022-04-09,0,13
2022-04-10,0,12
2022-04-11,0,12
2022-04-12,0,12
2022-04-13,67.08333333333333,12
2022-04-14,0,12
2022-04-15,0,12
2022-04-16,0,12
2022-04-17,0,12
2022-04-18,0,12
2022-04-19,0,12
2022-04-20,0,12
2022-04-21,0,12
2022-04-22,0,13
2022-04-23,0,13
2022-04-24,0,13
2022-04-25,0,12
2022-04-26,0,12
2022-04-27,0,12
2022-04-28,0,12
2022-04-29,71,12
2022-04-30,0,12
2022-05-01,0,12
2022-05-02,0,12
2022-05-03,70.66666666666667,12
2022-05-04,0,12
2022-05-05,0,12
2022-05-06,0,12
2022-05-07,0,13
2022-05-08,0,13
2022-05-09,55.5,12
2022-05-10,0,12
2022-05-11,0,12
2022-05-12,0,12
2022-05-13,68.25,12
2022-05-14,0,12
2022-05-15,0,12
2022-05-16,0,12
2022-05-17,0,12
2022-05-18,0,12
2022-05-19,76.16666666666667,12
2022-05-20,0,12
2022-05-21,0,12
2022-05-22,0,13
2022-05-23,0,13
2022-05-24,0,12
2022-05-25,0,12
2022-05-26,0,12
2022-05-27,72.58333333333333,12
2022-05-28,0,12
2022-05-29,0,12
2022-05-30,0,12
2022-05-31,73.58333333333333,12
2022-06-01,0,12
2022-06-02,0,12
2022-06-03,0,12
2022-06-04,0,12
2022-06-05,0,12
2022-06-06,0,13
2022-06-07,0,13
2022-06-08,0,13
2022-06-09,0,12
2022-06-10,0,12
2022-06-11,0,12
2022-06-12,0,12
2022-06-13,0,12
2022-06-14,0,12
2022-06-15,0,12
2022-06-16,0,12
2022-06-17,0,12
2022-06-18,0,12
2022-06-19,0,12
2022-06-20,0,12
2022-06-21,0,13
2022-06-22,0,13
2022-06-23,0,13
2022-06-24,0,12
2022-06-25,0,12
2022-06-26,0,12
2022-06-27,65.25,12
2022-06-28,0,12
2022-06-29,0,12
2022-06-30,0,12
2022-07-01,0,12
2022-07-02,0,12
2022-07-03,0,12
2022-07-04,79.08333333333333,12
2022-07-05,0,12
2022-07-06,0,13
2022-07-07,0,13
2022-07-08,0,12
2022-07-09,92.5,12
2022-07-10,0,12
2022-07-11,0,12
2022-07-12,0,12
2022-07-13,0,12
2022-07-14,0,12
2022-07-15,0,12
2022-07-16,0,12
2022-07-17,0,12
2022-07-18,0,12
2022-07-19,0,12
2022-07-20,0,12
2022-07-21,0,13
2022-07-22,0,13
2022-07-23,0,12
2022-07-24,0,12
2022-07-25,0,12
2022-07-26,0,12
2022-07-27,0,12
2022-07-28,0,12
2022-07-29,0,12
2022-07-30,0,12
2022-07-31,0,12
2022-08-01,0,12
2022-08-02,0,12
2022-08-03,0,12
2022-08-04,0,12
2022-08-05,0,13
2022-08-06,0,13
2022-08-07,0,12
2022-08-08,0,12
2022-08-09,63.666666666666664,12
2022-08-10,0,12
2022-08-11,0,12
2022-08-12,0,12
2022-08-13,0,12
2022-08-14,0,12
2022-08-15,0,12
2022-08-16,0,12
2022-08-17,0,12
2022-08-18,0,12
2022-08-19,0,12
2022-08-20,0,13
2022-08-21,0,13
2022-08-22,0,12
2022-08-23,0,12
2022-08-24,0,12
2022-08-25,0,12
2022-08-26,0,12
2022-08-27,0,12
2022-08-28,0,12
2022-08-29,0,12
2022-08-30,0,12
2022-08-31,0,12
2022-09-01,0,12
2022-09-02,0,12
2022-09-03,0,12
2022-09-04,0,13
2022-09-05,0,13
2022-09-06,0,13
2022-09-07,0,13
2022-09-08,0,13
2022-09-09,0,12
2022-09-10,0,12
2022-09-11,0,12
2022-09-12,60.833333333333336,12
2022-09-13,0,12
2022-09-14,0,12
2022-09-15,0,12
2022-09-16,0,12
2022-09-17,0,12
2022-09-18,0,12
2022-09-19,0,13
2022-09-20,0,13
2022-09-21,0,13
2022-09-22,0,13
2022-09-23,75,13
2022-09-24,0,12
2022-09-25,0,12
2022-09-26,0,12
2022-09-27,0,12
2022-09-28,0,12
2022-09-29,0,12
2022-09-30,0,12
2022-10-01,0,12
2022-10-02,0,12
2022-10-03,0,12
2022-10-04,0,13
2022-10-05,0,13
2022-10-06,0,13
2022-10-07,0,13
2022-10-08,0,12
2022-10-09,0,12
2022-10-10,0,12
2022-10-11,0,12
2022-10-12,0,12
2022-10-13,0,12
2022-10-14,0,12
2022-10-15,0,12
2022-10-16,0,12
2022-10-17,0,12
2022-10-18,0,12
2022-10-19,100,13
2022-10-20,0,13
2022-10-21,0,13
2022-10-22,0,13
2022-10-23,0,12
2022-10-24,54,12
2022-10-25,0,12
2022-10-26,0,12
2022-10-27,67,12
2022-10-28,0,12
2022-10-29,0,12
2022-10-30,0,12
2022-10-31,0,12
2022-11-01,0,12
2022-11-02,0,12
2022-11-03,0,13
2022-11-04,0,13
2022-11-05,0,13
2022-11-06,0,13
2022-11-07,0,13
2022-11-08,0,12
2022-11-09,0,12
2022-11-10,0,12
2022-11-11,0,12
2022-11-12,0,12
2022-11-13,0,12
2022-11-14,0,12
2022-11-15,0,12
2022-11-16,0,12
2022-11-17,0,12
2022-11-18,0,13
2022-11-19,0,13
2022-11-20,0,13
2022-11-21,0,13
2022-11-22,0,13
2022-11-23,0,12
2022-11-24,0,12
2022-11-25,0,12
2022-11-26,0,12
2022-11-27,0,12
2022-11-28,61,12
2022-11-29,0,12
2022-11-30,0,12
2022-12-01,85,12
2022-12-02,0,12
2022-12-03,0,13
2022-12-04,0,13
2022-12-05,0,13
2022-12-06,0,13
2022-12-07,0,12
2022-12-08,0,12
2022-12-09,0,12
2022-12-10,0,12
2022-12-11,0,12
2022-12-12,0,12
2022-12-13,0,12
2022-12-14,0,12
2022-12-15,0,12
2022-12-16,0,12
2022-12-17,0,12
2022-12-18,0,13
2022-12-19,87.38461538461539,13
2022-12-20,0,13
2022-12-21,0,13
2022-12-22,0,12
2022-12-23,0,12
2022-12-24,0,12
2022-12-25,0,12
2022-12-26,78.5,12
2022-12-27,0,12
2022-12-28,0,12
2022-12-29,0,12
2022-12-30,0,12
2022-12-31,0,12
2023-01-01,0,12
2023-01-02,0,13
2023-01-03,69.84615384615384,13
2023-01-04,0,13
2023-01-05,0,13
2023-01-06,0,13
2023-01-07,0,12
2023-01-08,0,12
2023-01-09,62.5,12
2023-01-10,0,12
2023-01-11,0,12
2023-01-12,0,12
2023-01-13,0,12
2023-01-14,85.5,12
2023-01-15,0,12
2023-01-16,0,12
2023-01-17,0,13
2023-01-18,0,13
2023-01-19,0,13
2023-01-20,0,13
2023-01-21,75.84615384615384,13
2023-01-22,0,12
2023-01-23,0,12
2023-01-24,60.333333333333336,12
2023-01-25,0,12
2023-01-26,0,12
2023-01-27,0,12
2023-01-28,0,12
2023-01-29,0,12
2023-01-30,0,12
2023-01-31,0,12
2023-02-01,0,13
2023-02-02,0,13
2023-02-03,0,13
2023-02-04,0,13
2023-02-05,0,13
2023-02-06,0,12
2023-02-07,0,12
2023-02-08,0,12
2023-02-09,0,12
2023-02-10,0,12
2023-02-11,0,12
2023-02-12,0,12
2023-02-13,74.33333333333333,12
2023-02-14,0,12
2023-02-15,0,12
2023-02-16,0,13
2023-02-17,0,13
2023-02-18,0,13
2023-02-19,0,13
2023-02-20,0,13
2023-02-21,0,12
2023-02-22,0,12
2023-02-23,0,12
2023-02-24,0,12
2023-02-25,0,12
2023-02-26,0,12
2023-02-27,0,12
2023-02-28,0,12
2023-03-01,0,12
2023-03-02,0,12
2023-03-03,0,13
2023-03-04,0,13
2023-03-05,0,12
2023-03-06,0,12
2023-03-07,0,12
2023-03-08,0,12
2023-03-09,0,12
2023-03-10,0,12
2023-03-11,0,12
2023-03-12,0,12
2023-03-13,66.66666666666667,12
2023-03-14,0,12
2023-03-15,0,12
2023-03-16,0,12
2023-03-17,0,12
2023-03-18,0,13
2023-03-19,0,13
2023-03-20,0,12
2023-03-21,0,12
2023-03-22,0,12
2023-03-23,0,12
2023-03-24,76.08333333333333,12
2023-03-25,0,12
2023-03-26,0,12
2023-03-27,0,12
2023-03-28,0,12
2023-03-29,0,12
2023-03-30,0,12
2023-03-31,0,12
2023-04-01,0,12
2023-04-02,0,13
2023-04-03,0,13
2023-04-04,0,13
2023-04-05,0,12
2023-04-06,0,12
2023-04-07,0,12
2023-04-08,0,12
2023-04-09,95.33333333333331,12
2023-04-10,0,12
2023-04-11,0,12
2023-04-12,0,12
2023-04-13,0,12
2023-04-14,96.16666666666669,12
2023-04-15,0,12
2023-04-16,0,12
2023-04-17,0,13
2023-04-18,0,13
2023-04-19,0,13
2023-04-20,0,12
2023-04-21,0,12
2023-04-22,0,12
2023-04-23,0,12
2023-04-24,0,12
2023-04-25,0,12
2023-04-26,88.75,12
2023-04-27,0,12
2023-04-28,0,12
2023-04-29,0,12
2023-04-30,0,12
2023-05-01,0,12
2023-05-02,76.84615384615384,13
2023-05-03,0,13
2023-05-04,0,12
2023-05-05,0,12
2023-05-06,0,12
2023-05-07,0,12
2023-05-08,0,12
2023-05-09,0,12
2023-05-10,0,12
2023-05-11,0,12
2023-05-12,0,12
2023-05-13,0,12
2023-05-14,0,12
2023-05-15,0,12
2023-05-16,70.91666666666667,12
2023-05-17,0,13
2023-05-18,0,13
2023-05-19,0,12
2023-05-20,0,12
2023-05-21,0,12
2023-05-22,0,12
2023-05-23,0,12
2023-05-24,0,12
2023-05-25,0,12
2023-05-26,0,12
2023-05-27,0,12
2023-05-28,0,12
2023-05-29,0,12
2023-05-30,0,12
2023-05-31,0,12
2023-06-01,0,13
2023-06-02,0,13
2023-06-03,0,13
2023-06-04,0,12
2023-06-05,0,12
2023-06-06,0,12
2023-06-07,90.33333333333331,12
2023-06-08,0,12
2023-06-09,0,12
2023-06-10,0,12
2023-06-11,0,12
2023-06-12,0,12
2023-06-13,0,12
2023-06-14,0,12
2023-06-15,0,12
2023-06-16,0,13
2023-06-17,0,13
2023-06-18,0,13
2023-06-19,0,12
2023-06-20,0,12
2023-06-21,0,12
2023-06-22,0,12
2023-06-23,0,12
2023-06-24,0,12
2023-06-25,0,12
2023-06-26,0,12
2023-06-27,0,12
2023-06-28,80.83333333333333,12
2023-06-29,0,12
2023-06-30,0,12
2023-07-01,0,13
2023-07-02,0,13
2023-07-03,0,12
2023-07-04,0,12
2023-07-05,0,12
2023-07-06,0,12
2023-07-07,0,12
2023-07-08,0,12
2023-07-09,0,12
2023-07-10,0,12
2023-07-11,0,12
2023-07-12,0,12
2023-07-13,0,12
2023-07-14,0,12
2023-07-15,0,12
2023-07-16,0,13
2023-07-17,0,13
2023-07-18,0,12
2023-07-19,0,12
2023-07-20,0,12
2023-07-21,0,12
2023-07-22,0,12
2023-07-23,0,12
2023-07-24,80.41666666666667,12
2023-07-25,0,12
2023-07-26,0,12
2023-07-27,0,12
2023-07-28,0,12
2023-07-29,0,12
2023-07-30,0,12
2023-07-31,0,13
2023-08-01,0,13
2023-08-02,0,12
2023-08-03,0,12
2023-08-04,0,12
2023-08-05,0,12
2023-08-06,0,12
2023-08-07,0,12
2023-08-08,0,12
2023-08-09,0,12
2023-08-10,0,12
2023-08-11,0,12
2023-08-12,0,12
2023-08-13,0,12
2023-08-14,0,12
2023-08-15,0,13
2023-08-16,0,13
2023-08-17,0,12
2023-08-18,0,12
2023-08-19,0,12
2023-08-20,0,12
2023-08-21,0,12
2023-08-22,0,12
2023-08-23,0,12
2023-08-24,0,12
2023-08-25,0,12
2023-08-26,0,12
2023-08-27,0,12
2023-08-28,90,12
2023-08-29,0,12
2023-08-30,0,13
2023-08-31,0,13
2023-09-01,0,13
2023-09-02,0,13
2023-09-03,0,13
2023-09-04,0,12
2023-09-05,0,12
2023-09-06,0,12
2023-09-07,0,12
2023-09-08,0,12
2023-09-09,0,12
2023-09-10,0,12
2023-09-11,0,12
2023-09-12,0,12
2023-09-13,0,12
2023-09-14,0,13
2023-09-15,93.23076923076925,13
2023-09-16,0,13
2023-09-17,0,13
2023-09-18,0,13
2023-09-19,0,12
2023-09-20,0,12
2023-09-21,0,12
2023-09-22,0,12
2023-09-23,0,12
2023-09-24,0,12
2023-09-25,0,12
2023-09-26,0,12
2023-09-27,0,12
2023-09-28,0,12
2023-09-29,0,13
2023-09-30,0,13
2023-10-01,0,13
2023-10-02,0,13
2023-10-03,0,12
2023-10-04,0,12
2023-10-05,0,12
2023-10-06,0,12
2023-10-07,0,12
2023-10-08,0,12
2023-10-09,0,12
2023-10-10,0,12
2023-10-11,0,12
2023-10-12,0,12
2023-10-13,0,12
2023-10-14,0,13
2023-10-15,0,13
2023-10-16,0,13
2023-10-17,0,13
2023-10-18,0,12
2023-10-19,92,12
2023-10-20,0,12
2023-10-21,0,12
2023-10-22,0,12
2023-10-23,0,12
2023-10-24,0,12
2023-10-25,0,12
2023-10-26,0,12
2023-10-27,0,12
2023-10-28,85.66666666666667,12
2023-10-29,0,13
2023-10-30,0,13
2023-10-31,0,13
2023-11-01,0,13
2023-11-02,0,13
2023-11-03,0,12
2023-11-04,0,12
2023-11-05,0,12
2023-11-06,0,12
2023-11-07,75.5,12
2023-11-08,0,12
2023-11-09,0,12
2023-11-10,0,12
2023-11-11,0,12
2023-11-12,83.75,12
2023-11-13,0,13
2023-11-14,0,13
2023-11-15,0,13
2023-11-16,0,13
2023-11-17,0,13
2023-11-18,0,12
2023-11-19,0,12
2023-11-20,0,12
2023-11-21,0,12
2023-11-22,0,12
2023-11-23,0,12
2023-11-24,0,12
2023-11-25,0,12
2023-11-26,0,12
2023-11-27,0,12
2023-11-28,0,13
2023-11-29,0,13
2023-11-30,0,13
2023-12-01,0,13
2023-12-02,0,12
2023-12-03,0,12
2023-12-04,0,12
2023-12-05,0,12
2023-12-06,0,12
2023-12-07,0,12
2023-12-08,0,12
2023-12-09,0,12
2023-12-10,0,12
2023-12-11,0,12
2023-12-12,0,12
2023-12-13,0,13
2023-12-14,0,13
2023-12-15,0,13
2023-12-16,0,13
2023-12-17,0,12
2023-12-18,0,12
2023-12-19,0,12
2023-12-20,83.5,12
2023-12-21,0,12
2023-12-22,0,12
2023-12-23,0,12
2023-12-24,0,12
2023-12-25,0,12
2023-12-26,0,12
2023-12-27,99.5,12
2023-12-28,0,13
2023-12-29,0,13
2023-12-30,0,13
2023-12-31,0,13
2024-01-01,0,13
2024-01-02,0,12
2024-01-03,0,12
2024-01-04,83.25,12
2024-01-05,0,12
2024-01-06,0,12
2024-01-07,0,12
2024-01-08,0,12
2024-01-09,0,12
2024-01-10,71.5,12
2024-01-11,0,12
2024-01-12,0,13
2024-01-13,0,13
2024-01-14,0,13
2024-01-15,0,13
2024-01-16,0,13
2024-01-17,0,12
2024-01-18,0,12
2024-01-19,0,12
2024-01-20,0,12
2024-01-21,0,12
2024-01-22,0,12
2024-01-23,0,12
2024-01-24,0,12
2024-01-25,0,12
2024-01-26,0,12
2024-01-27,0,13
2024-01-28,0,13
2024-01-29,0,13
2024-01-30,0,13
2024-01-31,0,13
2024-02-01,0,12
2024-02-02,0,12
2024-02-03,0,12
2024-02-04,0,12
2024-02-05,0,12
2024-02-06,0,12
2024-02-07,0,12
2024-02-08,0,12
2024-02-09,0,12
2024-02-10,0,12
2024-02-11,0,13
2024-02-12,0,13
2024-02-13,0,13
2024-02-14,0,13
2024-02-15,0,13
2024-02-16,0,12
2024-02-17,0,12
2024-02-18,0,12
2024-02-19,0,12
2024-02-20,0,12
2024-02-21,0,12
2024-02-22,0,12
2024-02-23,0,12
2024-02-24,0,12
2024-02-25,0,12
2024-02-26,68.61538461538461,13
2024-02-27,0,13
2024-02-28,0,13
2024-02-29,0,13
2024-03-01,0,13
2024-03-02,0,12
2024-03-03,0,12
2024-03-04,68.5,12
2024-03-05,0,12
2024-03-06,0,12
2024-03-07,82.75,12
2024-03-08,0,12
2024-03-09,0,12
2024-03-10,0,12
2024-03-11,0,12
2024-03-12,0,13
2024-03-13,0,13
2024-03-14,0,13
2024-03-15,0,12
2024-03-16,0,12
2024-03-17,0,12
2024-03-18,0,12
2024-03-19,0,12
2024-03-20,0,12
2024-03-21,0,12
2024-03-22,0,12
2024-03-23,0,12
2024-03-24,0,12
2024-03-25,0,12
2024-03-26,68.16666666666667,12
2024-03-27,0,13
2024-03-28,0,13
2024-03-29,0,13
2024-03-30,0,12
2024-03-31,0,12
2024-04-01,0,12
2024-04-02,0,12
2024-04-03,0,12
2024-04-04,0,12
2024-04-05,0,12
2024-04-06,0,12
2024-04-07,0,12
2024-04-08,0,12
2024-04-09,0,12
2024-04-10,0,12
2024-04-11,0,13
2024-04-12,0,13
2024-04-13,0,13
2024-04-14,0,13
2024-04-15,0,12
2024-04-16,0,12
2024-04-17,0,12
2024-04-18,0,12
2024-04-19,0,12
2024-04-20,0,12
2024-04-21,95.25,12
2024-04-22,0,12
2024-04-23,0,12
2024-04-24,0,12
2024-04-25,0,12
2024-04-26,0,12
2024-04-27,96.25,12
2024-04-28,0,12
2024-04-29,0,12
2024-04-30,0,11
2024-05-01,0,11
2024-05-02,0,11
2024-05-03,0,11
2024-05-04,0,11
2024-05-05,0,11
2024-05-06,0,11
2024-05-07,0,11
2024-05-08,0,11
2024-05-09,0,11
2024-05-10,0,11
2024-05-11,0,11
2024-05-12,0,11
2024-05-13,0,11
2024-05-14,0,10
2024-05-15,0,10
2024-05-16,0,10
2024-05-17,0,10
2024-05-18,0,10
2024-05-19,0,10
2024-05-20,0,10
2024-05-21,0,10
2024-05-22,0,10
2024-05-23,0,10
2024-05-24,0,10
2024-05-25,0,10
2024-05-26,98.5,10
2024-05-27,0,10
2024-05-28,0,10
2024-05-29,0,9
2024-05-30,0,9
2024-05-31,88.33333333333333,9
2024-06-01,0,9
2024-06-02,0,9
2024-06-03,0,9
2024-06-04,0,9
2024-06-05,0,9
2024-06-06,0,9
2024-06-07,0,9
2024-06-08,0,9
2024-06-09,0,9
2024-06-10,0,9
2024-06-11,0,9
2024-06-12,0,9
2024-06-13,0,9
2024-06-14,79.75,8
2024-06-15,0,8
2024-06-16,0,8
2024-06-17,0,8
2024-06-18,0,8
2024-06-19,0,8
2024-06-20,0,8
2024-06-21,0,8
2024-06-22,0,8
2024-06-23,0,8
2024-06-24,72.75,8
2024-06-25,0,8
2024-06-26,0,8
2024-06-27,0,8
2024-06-28,0,8
2024-06-29,0,7
2024-06-30,0,7
2024-07-01,0,7
2024-07-02,0,7
2024-07-03,0,8
2024-07-04,0,9
2024-07-05,0,10
2024-07-06,0,12
2024-07-07,13.846153846153848,13
2024-07-08,0,13
2024-07-09,0,13
2024-07-10,14.285714285714286,14
2024-07-11,0,15
2024-07-12,0,15
2024-07-13,0,15
2024-07-14,0,17
2024-07-15,0,18
2024-07-16,16.526315789473685,19
2024-07-17,4.761904761904762,21
2024-07-18,0,23
2024-07-19,0,25
2024-07-20,0,27
2024-07-21,0,29
2024-07-22,0,31
2024-07-23,0,33
2024-07-24,9.028571428571428,35
2024-07-25,0,37
2024-07-26,0,39
2024-07-27,0,41
2024-07-28,0,42
2024-07-29,8.409090909090908,44
2024-07-30,12.217391304347824,46
2024-07-31,0,48
2024-08-01,3.8399999999999994,50
2024-08-02,3.807692307692309,52
2024-08-03,0,53
2024-08-04,0,53
2024-08-05,3.7037037037037033,54
2024-08-06,3.5714285714285707,56
2024-08-07,8.75862068965517,58
2024-08-08,38.56666666666667,60
2024-08-09,9.032258064516126,62
2024-08-10,0,64
2024-08-11,0,66
2024-08-12,0,67
2024-08-13,0.927536231884058,69
2024-08-14,2.0845070422535223,71
2024-08-15,0,72
2024-08-16,2.2465753424657535,73
2024-08-17,7.6,75
2024-08-18,4.4935064935064934,77
2024-08-19,0.8734177215189873,79
2024-08-20,5.333333333333333,81
2024-08-21,0,82
2024-08-22,1.879518072289157,83
2024-08-23,1.6000000000000003,85
2024-08-24,2.3255813953488373,86
2024-08-25,0,87
2024-08-26,5.887640449438202,89
2024-08-27,5.222222222222222,90
2024-08-28,6.239130434782607,92
2024-08-29,0,94
2024-08-30,1.0416666666666667,96
2024-08-31,2.795918367346938,98
2024-09-01,2,100
2024-09-02,0.9803921568627462,102
2024-09-03,3.2307692307692304,104
2024-09-04,4.396226415094337,106
2024-09-05,1.851851851851852,108
2024-09-06,1.1636363636363622,110
2024-09-07,0,111
2024-09-08,0.5585585585585585,111
2024-09-09,4.8303571428571415,112
2024-09-10,0.7699115044247786,113
2024-09-11,1.2920353982300885,113
2024-09-12,14.690265486725666,113
2024-09-13,10.5625,112
2024-09-14,6.107142857142857,112
2024-09-15,4.642857142857143,112
2024-09-16,2.6339285714285716,112
2024-09-17,4.232142857142858,112
2024-09-18,6.3125,112
2024-09-19,3.5,112
2024-09-20,2.3214285714285707,112
2024-09-21,2.0530973451327448,113
2024-09-22,4.017391304347827,115
2024-09-23,9.307692307692308,117
2024-09-24,2.8571428571428563,119
2024-09-25,2.1157024793388426,121
2024-09-26,5.54471544715447,123
2024-09-27,3.7599999999999993,125
2024-09-28,17.563492063492063,126
2024-09-29,4.273437499999999,128
2024-09-30,5.730769230769233,130
2024-10-01,5.250000000000001,132
2024-10-02,5.335877862595418,131
2024-10-03,6.548872180451121,133
2024-10-04,5.766917293233081,133
2024-10-05,5.563909774436092,133
2024-10-06,3.5333333333333368,135
2024-10-07,7.328467153284675,137
2024-10-08,10.818840579710145,138
2024-10-09,7.272058823529416,136
2024-10-10,8.153284671532854,137
2024-10-11,10.899280575539567,139
2024-10-12,8.388489208633095,139
2024-10-13,6.892086330935255,139
2024-10-14,7.659574468085113,141
2024-10-15,11.304964539007091,141
2024-10-16,10.567375886524824,141
2024-10-17,6.354609929078015,141
2024-10-18,14.97163120567376,141
2024-10-19,10.05673758865248,141
2024-10-20,6.758865248226952,141
2024-10-21,5.631205673758863,141
2024-10-22,12.27142857142857,140
2024-10-23,5.482014388489206,139
2024-10-24,8.15942028985508,138
2024-10-25,47.19852941176472,136
2024-10-26,6.637037037037039,135
2024-10-27,6.200000000000004,135
2024-10-28,9.718518518518527,135
2024-10-29,7.281481481481474,135
2024-10-30,5.600000000000001,135
2024-10-31,9.496296296296292,135
2024-11-01,9.459259259259255,135
2024-11-02,8.13868613138686,137
2024-11-03,4.769784172661869,139
2024-11-04,6.654676258992804,139
2024-11-05,6.741007194244609,139
2024-11-06,8.00719424460431,139
2024-11-07,8.25179856115108,139
2024-11-08,15.000000000000012,139
2024-11-09,6.1726618705035925,139
2024-11-10,4.107913669064749,139
2024-11-11,17.899280575539557,139
2024-11-12,6.688405797101447,138
2024-11-13,6.284671532846718,137
2024-11-14,7.891304347826083,138
2024-11-15,9.525547445255484,137
2024-11-16,9.2043795620438,137
2024-11-17,5.153284671532848,137
2024-11-18,10.401459854014602,137
2024-11-19,9.182481751824817,137
2024-11-20,9.165467625899277,139
2024-11-21,11.1231884057971,138
2024-11-22,6.6861313868613115,137
2024-11-23,11.391304347826088,138
2024-11-24,7.816176470588237,136
2024-11-25,6.474074074074073,135
2024-11-26,5.06716417910448,134
2024-11-27,11.075757575757567,132
2024-11-28,10.465648854961842,131
2024-11-29,6.419847328244275,131
2024-11-30,2.763358778625955,131
2024-12-01,5.412213740458015,131
2024-12-02,9.221374045801538,131
2024-12-03,11.839694656488556,131
2024-12-04,2.961832061068701,131
2024-12-05,1.7557251908396942,131
2024-12-06,0.9770992366412216,131
2024-12-07,3.36842105263158,133
2024-12-08,1.525925925925926,135
2024-12-09,5.599999999999998,135
2024-12-10,6.335766423357668,137
2024-12-11,18.072463768115934,138
2024-12-12,5.391304347826088,138
2024-12-13,6.782608695652171,138
2024-12-14,5.848920863309357,139
2024-12-15,7.205673758865248,141
2024-12-16,15.524475524475518,143
2024-12-17,13.158620689655171,145
2024-12-18,10.0952380952381,147
2024-12-19,12.973154362416103,149
2024-12-20,25.67549668874172,151
2024-12-21,16.54966887417219,151
2024-12-22,13.880794701986746,151
2024-12-23,19.50331125827816,151
2024-12-24,10.013245033112582,151
2024-12-25,7.04,150
2024-12-26,7.628378378378377,148
2024-12-27,12.850340136054418,147
2024-12-28,10.489795918367347,147
2024-12-29,6.7959183673469346,147
2024-12-30,6.625850340136059,147
2024-12-31,4.938775510204083,147
2025-01-01,8.149659863945578,147
2025-01-02,7.401360544217679,147
2025-01-03,8.258503401360546,147
2025-01-04,5.795918367346943,147
2025-01-05,6.1360544217687085,147
2025-01-06,5.394557823129253,147
2025-01-07,17.395973154362423,149
2025-01-08,4.453333333333333,150
2025-01-09,8.439189189189193,148
2025-01-10,4.7551020408163245,147
2025-01-11,6.646258503401361,147
2025-01-12,4.4013605442176855,147
2025-01-13,6.326530612244903,147
2025-01-14,5.387755102040813,147
2025-01-15,5.816326530612245,147
2025-01-16,9.589041095890408,146
2025-01-17,4.634482758620693,145
2025-01-18,5.496551724137929,145
2025-01-19,7.689655172413792,145
2025-01-20,8.17931034482759,145
2025-01-21,6.387755102040818,147
2025-01-22,30.863013698630148,146
2025-01-23,7.136986301369858,146
2025-01-24,6.602739726027397,146
2025-01-25,10.90344827586207,145
2025-01-26,8.048275862068957,145
2025-01-27,5.855172413793107,145
2025-01-28,9.465277777777771,144
2025-01-29,4.34965034965035,143
2025-01-30,7.408450704225354,142
2025-01-31,4.67375886524823,141
2025-02-01,9.43262411347518,141
2025-02-02,24.04255319148935,141
2025-02-03,8.858156028368793,141
2025-02-04,6.141843971631206,141
2025-02-05,5.751773049645387,141
2025-02-06,4.342857142857144,140
2025-02-07,4.898550724637682,138
2025-02-08,10.323529411764698,136
2025-02-09,3.8222222222222237,135
2025-02-10,10.22222222222222,135
2025-02-11,10.691176470588234,136
2025-02-12,4,134
2025-02-13,6.044444444444442,135
2025-02-14,5.268656716417911,134
2025-02-15,3.4696969696969697,132
2025-02-16,3.2061068702290076,131
2025-02-17,3.9236641221374047,131
2025-02-18,6.01526717557252,131
2025-02-19,9.507692307692304,130
2025-02-20,11.523076923076928,130
2025-02-21,4.703124999999999,128
2025-02-22,5.472868217054265,129
2025-02-23,3.3129770992366394,131
2025-02-24,17.23664122137405,131
2025-02-25,7.871212121212119,132
2025-02-26,4.666666666666669,132
2025-02-27,5.092307692307693,130
2025-02-28,6.093023255813952,129
2025-03-01,6.728682170542635,129
2025-03-02,3.7364341085271335,129
2025-03-03,10.310077519379844,129
2025-03-04,8.12403100775194,129
2025-03-05,5.426356589147287,129
2025-03-06,13.71875,128
2025-03-07,10.80952380952382,126
2025-03-08,7.048387096774196,124
2025-03-09,4.829268292682927,123
2025-03-10,23.68292682926829,123
2025-03-11,5.447154471544715,123
2025-03-12,6.645161290322581,124
2025-03-13,7.354838709677417,124
2025-03-14,5.887096774193549,124
2025-03-15,10.829268292682926,123
2025-03-16,9.658536585365846,123
2025-03-17,9.81967213114754,122
2025-03-18,8.000000000000002,120
2025-03-19,10.101694915254235,118
2025-03-20,8.307692307692312,117
2025-03-21,7.863247863247855,117
2025-03-22,12.427350427350431,117
2025-03-23,7.880341880341875,117
2025-03-24,8.897435897435894,117
2025-03-25,12.188034188034184,117
2025-03-26,7.058823529411765,119
2025-03-27,7.6033057851239585,121
2025-03-28,6.4297520661156975,121
2025-03-29,7.305785123966947,121
2025-03-30,5.983471074380162,121
2025-03-31,18.08264462809917,121
2025-04-01,6.545454545454548,121
2025-04-02,12.785123966942148,121
2025-04-03,8.0495867768595,121
2025-04-04,7.338842975206616,121
2025-04-05,11.801652892561984,121
2025-04-06,8.21487603305785,121
2025-04-07,7.80165289256199,121
2025-04-08,7.652892561983471,121
2025-04-09,6.455284552845527,123
2025-04-10,19.648,125
2025-04-11,6.095999999999997,125
2025-04-12,7.424,125
2025-04-13,5.071999999999998,125
2025-04-14,8.711999999999998,125
2025-04-15,4.959999999999999,125
2025-04-16,9.303999999999998,125
2025-04-17,8.015748031496063,127
2025-04-18,6.16535433070866,127
2025-04-19,9.354330708661418,127
2025-04-20,6.299212598425197,127
2025-04-21,6.291338582677167,127
2025-04-22,9.74803149606299,127
2025-04-23,10.868217054263564,129
2025-04-24,9.5114503816793885,131
2025-04-25,14.774436090225572,133
2025-04-26,4.37593984962406,133
2025-04-27,6.999999999999996,133
2025-04-28,4.278195488721804,133
2025-04-29,6.02962962962963,135
2025-04-30,5.7407407407407405,135
2025-05-01,4.912408759124086,137
2025-05-02,6.301470588235297,136
2025-05-03,3.764705882352938,136
2025-05-04,4.926470588235297,136
2025-05-05,9.889705882352937,136
2025-05-06,6.088235294117643,136
2025-05-07,5.124087591240878,137
2025-05-08,7.107913669064747,139
2025-05-09,8.000000000000004,141
2025-05-10,4.394366197183099,142
2025-05-11,4.028169014084507,142
2025-05-12,17.55944055944056,143
2025-05-13,7.848275862068968,145
2025-05-14,2.7260273972602738,146
2025-05-15,2.598639455782313,147
2025-05-16,3.959731543624162,149
2025-05-17,5.533333333333335,150
2025-05-18,1.8533333333333333,150
2025-05-19,28.206666666666667,150
2025-05-20,6.516556291390723,151
2025-05-21,4.725490196078434,153
2025-05-22,3.374193548387101,155
2025-05-23,5.519230769230767,156
2025-05-24,10.33333333333334,156
2025-05-25,4.5870967741935464,155
2025-05-26,7.623376623376622,154
2025-05-27,5.032467532467533,154
2025-05-28,5.292207792207793,154
2025-05-29,4.457516339869282,153
2025-05-30,9.118421052631582,152
2025-05-31,8.866666666666674,150
2025-06-01,2.121621621621623,148
2025-06-02,3.4109589041095885,146
2025-06-03,7.604166666666675,144
2025-06-04,4.795774647887324,142
2025-06-05,5.112676056338029,142
2025-06-06,4.661971830985915,142
2025-06-07,5.514084507042254,142
2025-06-08,3.3571428571428577,140
2025-06-09,6.239130434782603,138
2025-06-10,8.617647058823534,136
2025-06-11,4.051470588235294,136
2025-06-12,9.80147058823529,136
2025-06-13,11.963235294117636,136
2025-06-14,5.776119402985076,134
2025-06-15,6.5,132
2025-06-16,14.196969696969695,132
2025-06-17,6.363636363636364,132
2025-06-18,6.765151515151517,132
2025-06-19,7.299999999999987,130
2025-06-20,7.0546875,128
2025-06-21,10.761904761904765,126
2025-06-22,9.78225806451612,124
2025-06-23,7.573770491803283,122
2025-06-24,7.658333333333339,120
2025-06-25,6.567796610169491,118
2025-06-26,7.56896551724137,116
2025-06-27,11.535087719298245,114
2025-06-28,9.58035714285714,112
2025-06-29,5.663636363636361,110
2025-06-30,7.666666666666664,108
2025-07-01,7.471698113207549,106
2025-07-02,8.403846153846155,104
2025-07-03,6.9215686274509824,102
2025-07-04,15.040000000000004,100
2025-07-05,9.775510204081638,98
2025-07-06,10.354166666666664,96
2025-07-07,10.265957446808509,94
2025-07-08,20.260869565217387,92
2025-07-09,11.066666666666665,90
2025-07-10,12.204545454545457,88
2025-07-11,14.930232558139538,86
2025-07-12,15.773809523809527,84
2025-07-13,8.975609756097562,82
2025-07-14,15.1,80
2025-07-15,20.999999999999993,78
2025-07-16,20.90789473684211,76
2025-07-17,13.864864864864856,74
2025-07-18,11.902777777777777,72
2025-07-19,13.514285714285712,70
2025-07-20,14.941176470588236,68
2025-07-21,17.878787878787872,66
2025-07-22,16.93750000000001,64
2025-07-23,12.7741935483871,62
2025-07-24,14.299999999999995,60
2025-07-25,17.775862068965512,58
2025-07-26,17.089285714285715,56
2025-07-27,14.33333333333333,54
2025-07-28,19.673076923076923,52
2025-07-29,21.09999999999999,50
2025-07-30,21.187499999999996,48
2025-07-31,19.043478260869566,46
2025-08-01,21.74468085106384,47
2025-08-02,26.644444444444453,45
2025-08-03,17.697674418604652,43
2025-08-04,28.1219512195122,41
2025-08-05,25.256410256410255,39
2025-08-06,33.270270270270274,37
2025-08-07,45.82857142857143,35
2025-08-08,31.03030303030303,33
2025-08-09,31.93548387096775,31
2025-08-10,33,29
2025-08-11,35.59259259259258,27
2025-08-12,32.24,25
2025-08-13,33.43478260869565,23
2025-08-14,28.61904761904762,21
2025-08-15,38.26315789473684,19
2025-08-16,42,20
2025-08-17,23.055555555555557,18
2025-08-18,23.0625,16
2025-08-19,25.428571428571427,14
2025-08-20,11.25,12
2025-08-21,5.4,10
2025-08-22,0,8
2025-08-23,0,6
2025-08-24,0,6
2025-08-25,0,6
2025-08-26,0,6
2025-08-27,0,6
2025-08-28,0,6
2025-08-29,0,6
2025-08-30,0,6
2025-08-31,0,9
2025-09-01,0,9
2025-09-02,0,9
2025-09-03,0,9
2025-09-04,0,9
2025-09-05,0,9
2025-09-06,0,9
2025-09-07,0,9
2025-09-08,0,9
2025-09-09,0,9
2025-09-10,0,9
2025-09-11,0,9
2025-09-12,0,9
2025-09-13,0,9
2025-09-14,0,9
2025-09-15,0,12
2025-09-16,45.166666666666664,12
2025-09-17,0,12
2025-09-18,0,12
2025-09-19,0,12
2025-09-20,27.25,12
2025-09-21,0,12
2025-09-22,0,12
2025-09-23,0,12
2025-09-24,0,12
2025-09-25,0,12
2025-09-26,0,12
2025-09-27,0,12
2025-09-28,24.916666666666668,12
2025-09-29,0,12
2025-09-30,0,15
2025-10-01,0,15
2025-10-02,0,15
2025-10-03,0,15
2025-10-04,33.266666666666666,15
2025-10-05,0,15
2025-10-06,0,15
2025-10-07,0,15
2025-10-08,0,15
2025-10-09,0,15
2025-10-10,25,15
2025-10-11,0,15
2025-10-12,0,15
2025-10-13,0,15
2025-10-14,0,15
2025-10-15,0,18
2025-10-16,0,18
2025-10-17,0,18
2025-10-18,0,18
2025-10-19,0,18
2025-10-20,0,18
2025-10-21,0,18
2025-10-22,0,18
2025-10-23,0,18
2025-10-24,0,18
2025-10-25,0,18
2025-10-26,0,18
2025-10-27,0,18
2025-10-28,0,18
2025-10-29,0,18
2025-10-30,0,21
2025-10-31,0,21
2025-11-01,0,21
2025-11-02,0,21
2025-11-03,20.47619047619047,21
2025-11-04,31.38095238095238,21
2025-11-05,68.33333333333333,21
2025-11-06,0,21
2025-11-07,0,21
2025-11-08,0,21
2025-11-09,0,21
2025-11-10,17,21
2025-11-11,52.095238095238095,21
2025-11-12,0,21
2025-11-13,0,21
2025-11-14,0,24
2025-11-15,0,24
2025-11-16,0,24
2025-11-17,0,24
2025-11-18,0,24
2025-11-19,0,24
2025-11-20,0,24
2025-11-21,0,24
2025-11-22,0,24
2025-11-23,0,24
2025-11-24,0,24
2025-11-25,0,24
2025-11-26,0,24
2025-11-27,0,24
2025-11-28,0,24
2025-11-29,0,27
2025-11-30,0,27
2025-12-01,0,27
2025-12-02,0,27
2025-12-03,17.59259259259259,27
2025-12-04,0,27
2025-12-05,0,27
2025-12-06,0,27
2025-12-07,0,27
2025-12-08,0,27
2025-12-09,0,27
2025-12-10,0,27
2025-12-11,0,27
2025-12-12,0,27
2025-12-13,0,27
2025-12-14,0,27
2025-12-15,0,27
2025-12-16,0,27
2025-12-17,0,27
2025-12-18,0,27
2025-12-19,0,27
2025-12-20,0,27
2025-12-21,0,27
2025-12-22,0,27
2025-12-23,0,27
2025-12-24,0,27
2025-12-25,0,27
2025-12-26,0,27
2025-12-27,0,27
2025-12-28,0,27
2025-12-29,0,27
2025-12-30,0,27
2025-12-31,0,27
2026-01-01,0,27
2026-01-02,0,27
2026-01-03,0,27
2026-01-04,0,27
2026-01-05,17.59259259259259,27
2026-01-06,0,27
2026-01-07,0,27
2026-01-08,0,27
2026-01-09,0,27
2026-01-10,0,27
2026-01-11,0,27
2026-01-12,0,27
2026-01-13,0,27
2026-01-14,0,27
2026-01-15,0,27
2026-01-16,0,27
2026-01-17,0,27
2026-01-18,0,27
2026-01-19,0,27
2026-01-20,0,27
2026-01-21,0,27
2026-01-22,0,27
2026-01-23,0,27
2026-01-24,0,27
2026-01-25,0,27
2026-01-26,0,27
2026-01-27,0,27
2026-01-28,0,27
2026-01-29,0,27
2026-01-30,0,27
2026-01-31,0,27
2026-02-01,21.14814814814815,27
2026-02-02,0,24
2026-02-03,20.583333333333332,24
2026-02-04,0,24
2026-02-05,0,24
2026-02-06,0,24
2026-02-07,0,24
2026-02-08,0,24
2026-02-09,0,24
2026-02-10,0,24
2026-02-11,0,24
2026-02-12,0,24
2026-02-13,18.583333333333332,24
2026-02-14,53.916666666666664,24
2026-02-15,0,24
2026-02-16,0,24
2026-02-17,66.19047619047619,21
2026-02-18,0,21
2026-02-19,0,21
2026-02-20,0,21
2026-02-21,0,21
2026-02-22,0,21
2026-02-23,0,21
2026-02-24,0,21
2026-02-25,0,21
2026-02-26,0,21
2026-02-27,0,22
2026-02-28,0,24
2026-03-01,0,26
2026-03-02,0,28
2026-03-03,0,30
2026-03-04,34.3448275862069,29
2026-03-05,21.29032258064516,31
2026-03-06,4.303030303030303,33
2026-03-07,0,35
2026-03-08,0,37
2026-03-09,0,39
2026-03-10,0,41
2026-03-11,0,43
2026-03-12,0,45
2026-03-13,0,47
2026-03-14,0,49
2026-03-15,0,51
2026-03-16,2.68,50
2026-03-17,1.538461538461538,52
2026-03-18,0,54
2026-03-19,1,56
2026-03-20,46.758620689655174,58
2026-03-21,91.3666666666667,60
2026-03-22,8.580645161290322,62
2026-03-23,6.093750000000001,64
2026-03-24,2.7878787878787885,66
2026-03-25,4.205882352941177,68
2026-03-26,3.8550724637681157,69
2026-03-27,1.1857142857142855,70
2026-03-28,4.583333333333333,72
2026-03-29,2.702702702702702,74
2026-03-30,12.249999999999998,76
2026-03-31,0,74
2026-04-01,4.053333333333334,75
2026-04-02,5.987012987012987,77
2026-04-03,4.582278481012659,79
2026-04-04,4.938271604938272,81
2026-04-05,3.759036144578314,83
2026-04-06,0,85
2026-04-07,8.160919540229882,87
2026-04-08,0,88
2026-04-09,1.0681818181818175,88
2026-04-10,0,88
2026-04-11,0,88
2026-04-12,2.0909090909090913,88
2026-04-13,9.818181818181822,88
2026-04-14,0,88
2026-04-15,1.204545454545454,88
2026-04-16,3.7411764705882353,85
2026-04-17,0,85
2026-04-18,6.705882352941177,85
2026-04-19,1.7176470588235293,85
2026-04-20,1.8117647058823525,85
2026-04-21,0,85
2026-04-22,0,85
2026-04-23,1.576470588235294,85
2026-04-24,4.847058823529414,85
2026-04-25,4,85
2026-04-26,2.3529411764705888,85
2026-04-27,0,85
2026-04-28,8.894117647058826,85
2026-04-29,0,85
2026-04-30,1.058823529411765,85
2026-05-01,2.439024390243902,82
2026-05-02,4.878048780487806,82
2026-05-03,0,82
2026-05-04,4.585365853658536,82
2026-05-05,3.317073170731707,82
2026-05-06,5.341463414634147,82
2026-05-07,3.902439024390244,82
2026-05-08,4.2926829268292686,82
2026-05-09,0,82
2026-05-10,0,82
2026-05-11,0,82
2026-05-12,6.146341463414634,82
2026-05-13,0,82
2026-05-14,3.073170731707317,82
2026-05-15,5.164556962025317,79
2026-05-16,6.810126582278481,79
2026-05-17,6.215189873417725,79
2026-05-18,13.848101265822788,79
2026-05-19,9.164556962025319,79
2026-05-20,7.759493670886079,79
2026-05-21,5.430379746835441,79
2026-05-22,11.088607594936713,79
2026-05-23,11.708860759493668,79
2026-05-24,9.07594936708861,79
2026-05-25,8.987341772151902,79
2026-05-26,13.582278481012656,79
2026-05-27,12.240506329113918,79
2026-05-28,11.192307692307692,78
2026-05-29,20.51351351351351,74
2026-05-30,11.805555555555557,72
2026-05-31,25.957142857142856,70
2026-06-01,39.61764705882353,68
2026-06-02,12.090909090909093,66
2026-06-03,13.468750000000004,64
2026-06-04,22.483870967741936,62
2026-06-05,14.516666666666671,60
2026-06-06,17.465517241379313,58
2026-06-07,12.678571428571434,56
2026-06-08,19.444444444444443,54
2026-06-09,20.48076923076923,52
2026-06-10,18.12,50
2026-06-11,25.47916666666667,48
2026-06-12,38.108695652173914,46
2026-06-13,17.250000000000004,44
2026-06-14,21.30952380952381,42
2026-06-15,26.45,40
2026-06-16,21.789473684210527,38
2026-06-17,20.97222222222222,36
2026-06-18,25.88235294117647,34
2026-06-19,24.46875,32
2026-06-20,20.933333333333334,30
2026-06-21,21.214285714285715,28
2026-06-22,30.307692307692307,26
2026-06-23,27.666666666666668,24
2026-06-24,26.90909090909091,22
2026-06-25,28.454545454545453,22
2026-06-26,31.3,20
2026-06-27,29.88888888888889,18
2026-06-28,19.125,16
2026-06-29,24.571428571428573,14
2026-06-30,24.428571428571427,14
2026-07-01,24.833333333333332,12
2026-07-02,31.2,10
2026-07-03,23,8
2026-07-04,23.666666666666668,6
2026-07-05,18,4
2026-07-06,23,2
