time,value
2006-01-01,67.51073071084437
2006-01-02,67.32937490969447
2006-01-03,66.96644408764149
2006-01-04,66.42193824187856
2006-01-05,65.69585737470103
2006-01-06,64.7882014837706
2006-01-07,63.69897057163334
2006-01-08,62.42816463577938
2006-01-09,61.279215965040905
2006-01-10,60.252124560064736
2006-01-11,59.34689042054082
2006-01-12,58.56351354463453
2006-01-13,57.901993934099906
2006-01-14,57.36233158697707
2006-01-15,56.94452650567855
2006-01-16,56.94972472402763
2006-01-17,57.377926246533406
2006-01-18,58.22913107012611
2006-01-19,59.50333919500561
2006-01-20,61.20055062187834
2006-01-21,63.32076535167485
2006-01-22,65.86398338322148
2006-01-23,67.72807023653266
2006-01-24,68.9130259133756
2006-01-25,69.41885041256751
2006-01-26,69.24554373532527
2006-01-27,68.39310587923354
2006-01-28,122.28357901056269
2006-01-29,64.65083663555734
2006-01-30,63.00351634774307
2006-01-31,61.91957598158118
2006-02-01,61.399015538175384
2006-02-02,61.42046984274404
2006-02-03,61.98393889698348
2006-02-04,63.08942270063737
2006-02-05,64.73692125293782
2006-02-06,65.86303426551908
2006-02-07,102.30734900567037
2006-02-08,66.55110367485361
2006-02-09,66.11306007033471
2006-02-10,65.15363092780905
2006-02-11,63.672816245537305
2006-02-12,61.670616024326904
2006-02-13,60.131765826839356
2006-02-14,95.45007334097534
2006-02-15,58.44411550060182
2006-02-16,58.29531537374329
2006-02-17,58.6098652683118
2006-02-18,59.387765186361676
2006-02-19,60.62901512741901
2006-02-20,61.75334579091145
2006-02-21,62.760757175857854
2006-02-22,63.65124928669842
2006-02-23,64.42482211899812
2006-02-24,65.08147567429178
2006-02-25,65.62120995259853
2006-02-26,66.04402495535876
2006-02-27,65.91999660810751
2006-02-28,65.24912491234102
2006-03-01,64.03140986563159
2006-03-02,62.30473056133374
2006-03-03,103.07659172038733
2006-03-04,57.32447918309586
2006-03-05,54.07090710757365
2006-03-06,51.55519357873955
2006-03-07,49.77733859919821
2006-03-08,48.73734216714601
2006-03-09,48.43520428416083
2006-03-10,48.87092494806365
2006-03-11,50.04450415897445
2006-03-12,51.955941920924126
2006-03-13,53.79859774829516
2006-03-14,55.572471644308145
2006-03-15,57.277563610379275
2006-03-16,58.913873643213954
2006-03-17,60.48140174601331
2006-03-18,61.980147917226105
2006-03-19,63.41011215573163
2006-03-20,64.75344572078913
2006-03-21,66.01014861218295
2006-03-22,67.18022082667372
2006-03-23,68.26366236746547
2006-03-24,69.26047323196411
2006-03-25,70.17065342400483
2006-03-26,70.9942029419281
2006-03-27,71.2976175040188
2006-03-28,71.0808971131341
2006-03-29,70.344041769122
2006-03-30,69.08705147021111
2006-03-31,67.30992621993418
2006-04-01,65.01266601253747
2006-04-02,62.158308176828385
2006-04-03,59.5974369204364
2006-04-04,57.33005224039274
2006-04-05,55.35615413870683
2006-04-06,53.675742614819335
2006-04-07,52.28881766518089
2006-04-08,51.195379296368316
2006-04-09,50.39542750226331
2006-04-10,49.91908321123087
2006-04-11,49.76634642496486
2006-04-12,49.937217141180035
2006-04-13,50.43169535943599
2006-04-14,51.249781082393056
2006-04-15,52.39147430779393
2006-04-16,53.856775036345724
2006-04-17,55.50688622444198
2006-04-18,57.34180786752751
2006-04-19,59.36153997006618
2006-04-20,61.566082531103106
2006-04-21,63.955435549744415
2006-04-22,66.5295990283746
2006-04-23,69.2885729637005
2006-04-24,71.22213599636727
2006-04-25,72.33028812566334
2006-04-26,72.61302935176793
2006-04-27,72.07035967248049
2006-04-28,70.70227908956537
2006-04-29,68.50878760442465
2006-04-30,65.48988521394038
2006-05-01,62.60738816843837
2006-05-02,59.888498295724816
2006-05-03,57.33321559885162
2006-05-04,54.941540075639004
2006-05-05,52.713471727485484
2006-05-06,50.649010551444974
2006-05-07,48.74815654949489
2006-05-08,87.9694438368104
2006-05-09,46.93860007355893
2006-05-10,47.0298975972692
2006-05-11,47.78524562976023
2006-05-12,49.20464417060278
2006-05-13,51.28809322105718
2006-05-14,54.03559277940738
2006-05-15,92.83188365133543
2006-05-16,57.38710193166293
2006-05-17,110.53120749842431
2006-05-18,57.88062446668269
2006-05-19,57.05564075298974
2006-05-20,55.51616038403151
2006-05-21,53.262183359974834
2006-05-22,51.52763140859926
2006-05-23,50.312504527126436
2006-05-24,49.616802717519356
2006-05-25,49.4405259788977
2006-05-26,49.78367431229428
2006-05-27,50.64624771518854
2006-05-28,52.028246190462205
2006-05-29,53.20323480124038
2006-05-30,54.17121354650557
2006-05-31,54.93218242801839
2006-06-01,55.486141444516406
2006-06-02,55.80628895697649
2006-06-03,55.89262496500825
2006-06-04,55.74514946880729
2006-06-05,55.85477906497151
2006-06-06,56.22151375376417
2006-06-07,56.84535353463866
2006-06-08,57.72629840867204
2006-06-09,58.86434837550967
2006-06-10,60.25950343435575
2006-06-11,61.911763586908855
2006-06-12,62.403099092214255
2006-06-13,61.733509953431046
2006-06-14,59.90299616726084
2006-06-15,56.91155773579338
2006-06-16,52.75919465760974
2006-06-17,47.44590693264674
2006-06-18,40.971694561093166
2006-06-19,36.42577310571059
2006-06-20,33.80814256715805
2006-06-21,33.11880294381683
2006-06-22,34.35775423503845
2006-06-23,37.52499644239889
2006-06-24,42.620529565338806
2006-06-25,49.644353605856224
2006-06-26,55.15410905080825
2006-06-27,59.149795897633055
2006-06-28,61.631414151712576
2006-06-29,62.59896381156115
2006-06-30,62.052444876563975
2006-07-01,59.991857347259064
2006-07-02,56.45142128308588
2006-07-03,53.82299318025266
2006-07-04,52.1065730422964
2006-07-05,51.30216086369222
2006-07-06,51.409756646209274
2006-07-07,52.429360391710766
2006-07-08,54.36097209714297
2006-07-09,57.204591764924324
2006-07-10,58.71635075303942
2006-07-11,58.896249061215066
2006-07-12,57.74428669192811
2006-07-13,55.26046364344954
2006-07-14,51.44477991481893
2006-07-15,46.297235505584176
2006-07-16,39.81783041714872
2006-07-17,35.28765496084344
2006-07-18,32.70670913441449
2006-07-19,32.074992940019
2006-07-20,33.3925063755932
2006-07-21,36.65924944123614
2006-07-22,41.87522213854798
2006-07-23,49.04042446737885
2006-07-24,54.149683924441874
2006-07-25,57.20300051288009
2006-07-26,58.200374229719706
2006-07-27,57.14180507625222
2006-07-28,54.02729305438302
2006-07-29,48.85683816137132
2006-07-30,41.63044039874912
2006-07-31,36.39515867391817
2006-08-01,33.15099299029406
2006-08-02,31.868451809936275
2006-08-03,72.49759052532605
2006-08-04,35.18824295787912
2006-08-05,39.790575285588375
2006-08-06,46.35453211718021
2006-08-07,52.39666951816034
2006-08-08,57.91698748984615
2006-08-09,62.91548603142201
2006-08-10,67.39216514581348
2006-08-11,114.62240275432134
2006-08-12,74.78006508822246
2006-08-13,77.69128591935157
2006-08-14,116.79266968609846
2006-08-15,80.81380866322756
2006-08-16,81.0251105759563
2006-08-17,80.33643951782051
2006-08-18,78.74779548896134
2006-08-19,76.25917848690969
2006-08-20,72.87058851173799
2006-08-21,69.66325054307252
2006-08-22,66.63716457924033
2006-08-23,63.79233062087379
2006-08-24,61.12874866861867
2006-08-25,58.646418720385185
2006-08-26,56.345340775588696
2006-08-27,101.33425067557081
2006-08-28,53.07677228385052
2006-08-29,52.89911311981981
2006-08-30,53.69253734059624
2006-08-31,55.45704494881903
2006-09-01,58.19263594333094
2006-09-02,61.906766714208935
2006-09-03,66.5994372578946
2006-09-04,69.56473603413895
2006-09-05,70.8026630442627
2006-09-06,70.31321828798573
2006-09-07,68.09640176672063
2006-09-08,64.15221347734054
2006-09-09,58.48065342082848
2006-09-10,51.081721596504465
2006-09-11,45.60793822118077
2006-09-12,42.059303297731205
2006-09-13,40.43581682344864
2006-09-14,40.737478797712086
2006-09-15,77.28332302314608
2006-09-16,47.11624809541238
2006-09-17,53.193355420286906
2006-09-18,58.20291176845221
2006-09-19,62.1449171403047
2006-09-20,65.01937153754788
2006-09-21,66.82627496076013
2006-09-22,67.56562740791827
2006-09-23,67.23742888169389
2006-09-24,65.84167938060969
2006-09-25,64.14110486815011
2006-09-26,62.13570534653245
2006-09-27,59.82548081440443
2006-09-28,57.210431269093505
2006-09-29,54.29055671415749
2006-09-30,51.06585714692331
2006-10-01,47.536332568410906
2006-10-02,45.12295025089994
2006-10-03,90.10311539625178
2006-10-04,43.644612387224605
2006-10-05,44.579656844887516
2006-10-06,87.87407993898906
2006-10-07,49.79817253791043
2006-10-08,54.08164377315188
2006-10-09,88.75473338845975
2006-10-10,60.15419012980501
2006-10-11,61.943265252692875
2006-10-12,62.90087500402736
2006-10-13,63.027019386973095
2006-10-14,62.321698396395554
2006-10-15,60.78491203784654
2006-10-16,58.935438571512165
2006-10-17,56.77327799789239
2006-10-18,54.29843031559047
2006-10-19,106.93293768951867
2006-10-20,48.410673627409636
2006-10-21,95.98604341194743
2006-10-22,41.27216850547889
2006-10-23,67.28762458502753
2006-10-24,38.248408348369665
2006-10-25,38.950244307968944
2006-10-26,41.127890958184594
2006-10-27,44.78134830310139
2006-10-28,49.910616338416716
2006-10-29,56.515695067426655
2006-10-30,61.95999519875912
2006-10-31,103.5468143436312
2006-11-01,69.36625967178105
2006-11-02,71.28646188066587
2006-11-03,72.00412335983933
2006-11-04,71.5192441103282
2006-11-05,69.83182413240029
2006-11-06,68.62009799428066
2006-11-07,67.88406569621188
2006-11-08,67.62372723618574
2006-11-09,67.83908261655743
2006-11-10,68.53013183639827
2006-11-11,69.69687489640363
2006-11-12,71.33931179561907
2006-11-13,72.49338857431589
2006-11-14,104.45124288440121
2006-11-15,73.33646176972297
2006-11-16,73.0254581874154
2006-11-17,72.2260944831902
2006-11-18,70.9383706604138
2006-11-19,69.162286715058
2006-11-20,95.13870118734496
2006-11-21,66.56588146320689
2006-11-22,65.74556015553246
2006-11-23,65.24382639339895
2006-11-24,65.06068017743941
2006-11-25,65.19612150463122
2006-11-26,65.65015037918204
2006-11-27,66.12071143105646
2006-11-28,66.60780465883545
2006-11-29,67.11143006333269
2006-11-30,67.6315876464498
2006-12-01,68.16827740601914
2006-12-02,68.78531739718362
2006-12-03,69.48270761965186
2006-12-04,100.54578152134937
2006-12-05,70.94383484810297
2006-12-06,71.70757185233116
2006-12-07,72.49342445042477
2006-12-08,73.30139264417141
2006-12-09,74.13147643035616
2006-12-10,74.9836758118247
2006-12-11,74.90237817663092
2006-12-12,73.88758352662097
2006-12-13,71.93929185977612
2006-12-14,69.05750317835461
2006-12-15,113.75782054270175
2006-12-16,60.493434763744794
2006-12-17,54.81115503120944
2006-12-18,90.69112095723312
2006-12-19,49.530162312625926
2006-12-20,102.95186966402581
2006-12-21,52.36059192272995
2006-12-22,56.817590102421796
2006-12-23,116.8770846224401
2006-12-24,71.81515320900073
2006-12-25,77.58351626531659
2006-12-26,80.60753303444771
2006-12-27,80.8872035180091
2006-12-28,78.42252771412808
2006-12-29,73.21350562173423
2006-12-30,65.2601372422801
2006-12-31,54.562422575183085
2007-01-01,46.231593140492926
2007-01-02,40.205809522006575
2007-01-03,36.485071716053874
2007-01-04,81.48534003870489
2007-01-05,35.95873355174726
2007-01-06,39.1531331897708
2007-01-07,85.61870480847733
2007-01-08,49.4493738442557
2007-01-09,53.54351879333242
2007-01-10,91.38904970249007
2007-01-11,59.62385793735572
2007-01-12,61.610052131061124
2007-01-13,62.893596076273404
2007-01-14,63.47448977051093
2007-01-15,63.504950698356
2007-01-16,62.984978859013225
2007-01-17,93.78224849975375
2007-01-18,94.10118260622377
2007-01-19,58.1224667504367
2007-01-20,55.40076384771573
2007-01-21,52.128628177818996
2007-01-22,50.27605700552493
2007-01-23,49.84305032710575
2007-01-24,50.82960814454456
2007-01-25,53.23573045714988
2007-01-26,57.06141726559945
2007-01-27,62.30666857131352
2007-01-28,68.97148437286846
2007-01-29,73.5641391436262
2007-01-30,76.08463288811336
2007-01-31,76.53296560352732
2007-02-01,74.9091372894919
2007-02-02,71.25773584036664
2007-02-03,110.65535554879301
2007-02-04,57.87221353260102
2007-02-05,81.76958285602946
2007-02-06,47.48716091993556
2007-02-07,44.80865602609935
2007-02-08,43.80616541148204
2007-02-09,89.00206294102684
2007-02-10,46.82922700468094
2007-02-11,50.85477921669773
2007-02-12,54.521745739988795
2007-02-13,88.14172040823783
2007-02-14,60.77992173129996
2007-02-15,63.37113119763859
2007-02-16,65.60375497938998
2007-02-17,67.47779307596068
2007-02-18,68.99324548645511
2007-02-19,69.69660519404046
2007-02-20,69.58787219653293
2007-02-21,68.66704649381883
2007-02-22,66.93412808874066
2007-02-23,64.38911697855555
2007-02-24,61.03201316218534
2007-02-25,56.86281664261049
2007-02-26,80.36051942363473
2007-02-27,97.6750434459561
2007-02-28,49.71796529589777
2007-03-01,49.12392758196398
2007-03-02,49.39811323010123
2007-03-03,50.54052223758124
2007-03-04,94.62572161275214
2007-03-05,85.93599311019348
2007-03-06,53.70646396892506
2007-03-07,98.48195568268667
2007-03-08,81.70736284113549
2007-03-09,48.274539598454595
2007-03-10,44.55326122934807
2007-03-11,39.87666440382959
2007-03-12,36.47256781282891
2007-03-13,86.43769108862239
2007-03-14,33.48187533162138
2007-03-15,33.89527944266578
2007-03-16,35.58118378584034
2007-03-17,38.53958836317411
2007-03-18,42.77049317501254
2007-03-19,46.71525393680348
2007-03-20,50.37387064867488
2007-03-21,53.74634330996629
2007-03-22,90.91722785127745
2007-03-23,59.63285648201974
2007-03-24,62.14689699556144
2007-03-25,64.37479346081378
2007-03-26,65.9143138430191
2007-03-27,66.76545814581445
2007-03-28,66.92822636649969
2007-03-29,66.40261850655828
2007-03-30,65.18863456655836
2007-03-31,63.286274543325014
2007-04-01,60.69553843913496
2007-04-02,58.20011360810062
2007-04-03,55.8000000450695
2007-04-04,53.49519775353392
2007-04-05,51.28570673267313
2007-04-06,49.17152698033895
2007-04-07,47.15265849786986
2007-04-08,45.22910128585304
2007-04-09,44.10374154244989
2007-04-10,43.776579268308055
2007-04-11,44.24761446251149
2007-04-12,45.51684712461916
2007-04-13,47.58427725778628
2007-04-14,50.44990485824948
2007-04-15,54.11372992986256
2007-04-16,56.97681581812873
2007-04-17,59.039162522733484
2007-04-18,91.52185379623657
2007-04-19,60.761638386237664
2007-04-20,60.42176754448899
2007-04-21,59.28115751945039
2007-04-22,57.33980831327068
2007-04-23,55.95245248219247
2007-04-24,55.11909002752091
2007-04-25,54.83972094750853
2007-04-26,55.114345243223255
2007-04-27,55.94296291580025
2007-04-28,57.32557396242848
2007-04-29,59.26217838609842
2007-04-30,60.68107911998458
2007-05-01,61.5822761662679
2007-05-02,61.951935407884314
2007-05-03,61.79005684984912
2007-05-04,105.01860890449741
2007-05-05,59.87168632712558
2007-05-06,58.11519436137888
2007-05-07,83.7843130323344
2007-05-08,56.2399709903791
2007-05-09,56.121239583690944
2007-05-10,56.548428363522966
2007-05-11,57.52153732969682
2007-05-12,59.040566481870336
2007-05-13,61.10551582175719
2007-05-14,62.21067776497235
2007-05-15,93.76187620592447
2007-05-16,61.5416394654516
2007-05-17,93.39014480169251
2007-05-18,57.033451584948786
2007-05-19,53.33967654892618
2007-05-20,48.68611411805714
2007-05-21,44.94323947282744
2007-05-22,42.111052611984036
2007-05-23,40.18955353752403
2007-05-24,39.178742248559416
2007-05-25,39.078618742318284
2007-05-26,39.889183021941356
2007-05-27,86.4170245586815
2007-05-28,43.34525127108918
2007-05-29,45.093631576901146
2007-05-30,80.5706516514948
2007-05-31,79.57505808816138
2007-06-01,50.42015721397696
2007-06-02,52.24213860858662
2007-06-03,93.3543085987628
2007-06-04,55.33602521892995
2007-06-05,55.959128069105965
2007-06-06,87.46453124688023
2007-06-07,55.357652861482705
2007-06-08,54.13307480106113
2007-06-09,52.29260310478081
2007-06-10,98.09604679420804
2007-06-11,73.28297340724517
2007-06-12,45.76670076568875
2007-06-13,44.15352909327891
2007-06-14,42.821421975839826
2007-06-15,41.77037941067628
2007-06-16,41.00040139968163
2007-06-17,40.51148794204026
2007-06-18,74.53705080146304
2007-06-19,42.48608345006229
2007-06-20,76.26304623805795
2007-06-21,48.397242187489326
2007-06-22,83.86537638076992
2007-06-23,58.24496415816932
2007-06-24,64.6450363577119
2007-06-25,93.20826034341792
2007-06-26,72.18440768562004
2007-06-27,73.32370681617331
2007-06-28,72.70941492582708
2007-06-29,70.34153201265107
2007-06-30,66.22005807726545
2007-07-01,60.34499311897507
2007-07-02,86.22945134922146
2007-07-03,52.01139787801932
2007-07-04,78.83417987297815
2007-07-05,48.233182206287694
2007-07-06,48.05234170600816
2007-07-07,49.01034609645433
2007-07-08,97.38460058630046
2007-07-09,52.61092140533444
2007-07-10,53.521524172268386
2007-07-11,53.83900368301072
2007-07-12,53.563359935850315
2007-07-13,52.694592932865305
2007-07-14,51.23270267188927
2007-07-15,49.17768915323722
2007-07-16,83.74057370957955
2007-07-17,46.29415370144599
2007-07-18,45.465631764811874
2007-07-19,45.04594035741746
2007-07-20,45.03507947613127
2007-07-21,45.433049122644114
2007-07-22,46.23984929608682
2007-07-23,46.89846277971824
2007-07-24,47.40888957342018
2007-07-25,47.771129677862675
2007-07-26,47.98518309234567
2007-07-27,48.05104981828168
2007-07-28,47.96872985330201
2007-07-29,47.73822319998943
2007-07-30,47.63926335033542
2007-07-31,47.67185030276336
2007-08-01,47.83598405801884
2007-08-02,76.15790390660429
2007-08-03,48.67321597093893
2007-08-04,49.34631412991514
2007-08-05,50.18906709049172
2007-08-06,50.98685180611778
2007-08-07,51.739668279948695
2007-08-08,52.44751651009568
2007-08-09,78.30610951123167
2007-08-10,53.72830824175169
2007-08-11,54.30125174176903
2007-08-12,54.82922700031212
2007-08-13,55.648793030913914
2007-08-14,56.75994983318926
2007-08-15,58.16269740967631
2007-08-16,59.85703575781748
2007-08-17,61.84296487935181
2007-08-18,64.12048477377527
2007-08-19,103.08340313115528
2007-08-20,68.21134599755922
2007-08-21,94.27224590372468
2007-08-22,68.11276676379536
2007-08-23,66.49243697655689
2007-08-24,63.824747074673674
2007-08-25,60.10969705795756
2007-08-26,55.347286925807495
2007-08-27,51.29486753594315
2007-08-28,47.952438886823685
2007-08-29,71.46073086412133
2007-08-30,43.39755380658934
2007-08-31,78.1170547137533
2007-09-01,41.68263168687306
2007-09-02,89.01353598754686
2007-09-03,42.36197391823445
2007-09-04,43.192708101178624
2007-09-05,78.62011373600714
2007-09-06,72.53125291591773
2007-09-07,83.30401005439334
2007-09-08,49.78939863027455
2007-09-09,52.25700971157853
2007-09-10,54.12386916939656
2007-09-11,55.38997700062714
2007-09-12,56.05533320838316
2007-09-13,56.11993779316391
2007-09-14,89.66834668237838
2007-09-15,54.44689208667851
2007-09-16,52.70924179631411
2007-09-17,51.30218731206504
2007-09-18,80.9849620369996
2007-09-19,81.34754000859911
2007-09-20,49.0645986985742
2007-09-21,48.97992743919859
2007-09-22,102.15390225171076
2007-09-23,49.80237233881892
2007-09-24,49.94147752310564
2007-09-25,75.05204225424997
2007-09-26,48.90744238730377
2007-09-27,47.73430206938739
2007-09-28,77.99142082596181
2007-09-29,80.93143396510511
2007-09-30,76.22916645230666
2007-10-01,39.94556541137162
2007-10-02,39.16380278912877
2007-10-03,39.245102237187744
2007-10-04,62.496835721243485
2007-10-05,41.99688733262106
2007-10-06,44.66737298397991
2007-10-07,48.20092070344253
2007-10-08,73.88090291399958
2007-10-09,52.64292861329973
2007-10-10,53.551388803038044
2007-10-11,53.58481981836878
2007-10-12,52.7432216569101
2007-10-13,51.02659431959922
2007-10-14,48.43493780535714
2007-10-15,46.810660257041036
2007-10-16,69.61575952151415
2007-10-17,68.81779906006714
2007-10-18,47.74210139758799
2007-10-19,49.98733970801265
2007-10-20,92.73434705967333
2007-10-21,57.379953223849995
2007-10-22,81.5121454086052
2007-10-23,63.523846316755815
2007-10-24,65.487743170891
2007-10-25,90.67231538330589
2007-10-26,67.19943749776512
2007-10-27,66.94723496779238
2007-10-28,65.9563326430874
2007-10-29,64.77363204102444
2007-10-30,63.39913316073179
2007-10-31,84.97153860655237
2007-11-01,84.46043911650028
2007-11-02,58.11111098461691
2007-11-03,55.941947262206796
2007-11-04,90.42290743678029
2007-11-05,74.57100020811487
2007-11-06,79.74210486157108
2007-11-07,50.3756241278337
2007-11-08,50.62257181412923
2007-11-09,51.52493088677722
2007-11-10,53.08270134726436
2007-11-11,98.31191438141256
2007-11-12,57.526798986861884
2007-11-13,85.7314384718265
2007-11-14,87.35123166329515
2007-11-15,64.32595003929718
2007-11-16,66.62780161375667
2007-11-17,68.94738713605662
2007-11-18,110.72672661143258
2007-11-19,95.53005464964828
2007-11-20,72.40587856439234
2007-11-21,71.1897310555398
2007-11-22,68.78909455236865
2007-11-23,100.0772232798067
2007-11-24,60.434354569704354
2007-11-25,54.480251087160575
2007-11-26,79.27479388835258
2007-11-27,68.02376408235816
2007-11-28,73.61968498568437
2007-11-29,44.83979993491321
2007-11-30,45.97367784076634
2007-12-01,79.2843854231811
2007-12-02,52.497767390667
2007-12-03,55.83074555007968
2007-12-04,78.66076181993192
2007-12-05,60.57779024257203
2007-12-06,83.2369729382726
2007-12-07,94.01579141330699
2007-12-08,101.95230177494949
2007-12-09,62.396233128452465
2007-12-10,81.51708053930226
2007-12-11,98.81955337130934
2007-12-12,99.16917087767789
2007-12-13,88.53446067735312
2007-12-14,89.08423963327989
2007-12-15,61.468857811599335
2007-12-16,94.3635826732459
2007-12-17,89.3416320647563
2007-12-18,87.4153171851514
2007-12-19,64.19893948416394
2007-12-20,88.97005166576454
2007-12-21,67.51118205334569
2007-12-22,69.6541037706788
2007-12-23,72.12155911069291
2007-12-24,73.96092737164606
2007-12-25,130.59425071786882
2007-12-26,106.79174626723092
2007-12-27,75.71050967803745
2007-12-28,75.03752962127251
2007-12-29,73.73646248528598
2007-12-30,101.73521103941285
2007-12-31,69.68219589089618
2008-01-01,67.3611253468225
2008-01-02,94.7678633478135
2008-01-03,88.72128182820967
2008-01-04,59.197348377659075
2008-01-05,87.11224455279418
2008-01-06,88.30973094551629
2008-01-07,72.46461810241291
2008-01-08,68.82269134947677
2008-01-09,46.944459834950585
2008-01-10,78.49488731209611
2008-01-11,67.77858097753943
2008-01-12,77.84877187893439
2008-01-13,48.89228681888279
2008-01-14,72.12390207264465
2008-01-15,75.26403765214137
2008-01-16,89.67233241755179
2008-01-17,54.061244741414654
2008-01-18,55.120085574598264
2008-01-19,56.08556694678187
2008-01-20,56.957688861603145
2008-01-21,91.697206134382
2008-01-22,57.21912034024914
2008-01-23,80.866231433417
2008-01-24,55.50346868136701
2008-01-25,82.29737519923805
2008-01-26,88.66639192470991
2008-01-27,49.2229603098885
2008-01-28,47.65947994192044
2008-01-29,47.120292783004246
2008-01-30,74.94693963187625
2008-01-31,49.114798084986134
2008-02-01,78.43581092582052
2008-02-02,55.22633892581634
2008-02-03,59.84834322233202
2008-02-04,86.58170996040509
2008-02-05,65.8717762250395
2008-02-06,95.11212303431698
2008-02-07,103.32700946853657
2008-02-08,106.8019894578531
2008-02-09,65.03633987909087
2008-02-10,96.87481422496487
2008-02-11,83.93777200357952
2008-02-12,87.8822351226682
2008-02-13,55.54922813793504
2008-02-14,90.71652500346237
2008-02-15,52.889248832287436
2008-02-16,52.08015331873161
2008-02-17,51.618320566086815
2008-02-18,51.33096628900657
2008-02-19,83.63998515306196
2008-02-20,74.0879951287509
2008-02-21,80.71892729698136
2008-02-22,51.926333935907905
2008-02-23,52.511372035952846
2008-02-24,53.27088861299471
2008-02-25,87.79689694890087
2008-02-26,78.12905773263935
2008-02-27,55.85793499823394
2008-02-28,84.25702688264718
2008-02-29,57.83971313513925
2008-03-01,58.90772636918273
2008-03-02,59.9920863571399
2008-03-03,82.44016388962102
2008-03-04,93.18347380931176
2008-03-05,87.78825274175969
2008-03-06,91.6491646216352
2008-03-07,96.86501574772092
2008-03-08,68.98887529559973
2008-03-09,70.90344495573515
2008-03-10,106.85694401988323
2008-03-11,70.99327195651068
2008-03-12,69.16852929921232
2008-03-13,66.09734920390527
2008-03-14,61.779731670330186
2008-03-15,56.215676695574196
2008-03-16,49.40518428001939
2008-03-17,44.61310338739556
2008-03-18,41.83943401481619
2008-03-19,65.28513457288595
2008-03-20,42.34732982514894
2008-03-21,74.02203353538212
2008-03-22,85.41843488031228
2008-03-23,58.24725994565425
2008-03-24,90.89080926909874
2008-03-25,97.50176061536735
2008-03-26,94.89146677951119
2008-03-27,94.97566682281624
2008-03-28,64.59350551737819
2008-03-29,59.813615520948716
2008-03-30,53.01734581846421
2008-03-31,47.959683112360295
2008-04-01,44.64062740031223
2008-04-02,43.09444320261356
2008-04-03,79.34545792794312
2008-04-04,72.7546002262955
2008-04-05,49.09311970426661
2008-04-06,54.6384215669704
2008-04-07,58.664349651539986
2008-04-08,85.68449952697308
2008-04-09,62.15808447679647
2008-04-10,88.13610138806885
2008-04-11,59.574324181669404
2008-04-12,56.00338336417801
2008-04-13,50.9130687666163
2008-04-14,73.32611585078459
2008-04-15,68.5594430215307
2008-04-16,71.85223207919258
2008-04-17,69.94937794623617
2008-04-18,40.35876850848996
2008-04-19,81.59308371170273
2008-04-20,43.08910901130927
2008-04-21,44.85272301266272
2008-04-22,46.5182050070908
2008-04-23,48.0855549937543
2008-04-24,49.554772973547344
2008-04-25,50.92585894697076
2008-04-26,52.19881291250007
2008-04-27,53.37363487222438
2008-04-28,54.05293727152153
2008-04-29,54.23672011356839
2008-04-30,53.9249833970654
2008-05-01,53.11772712279173
2008-05-02,51.79793275133444
2008-05-03,49.96560028463506
2008-05-04,47.62072972233398
2008-05-05,45.90633077249264
2008-05-06,69.80495474744872
2008-05-07,44.368947707982336
2008-05-08,73.13450034271936
2008-05-09,72.97210210331022
2008-05-10,46.791410200678165
2008-05-11,48.85984092194155
2008-05-12,50.276343321151266
2008-05-13,84.2017726267334
2008-05-14,51.15356315348407
2008-05-15,76.1546050172481
2008-05-16,76.90316560294428
2008-05-17,84.25084838340126
2008-05-18,76.39831677264692
2008-05-19,43.40807577481352
2008-05-20,42.54956895526042
2008-05-21,42.509342494442855
2008-05-22,67.71572728223889
2008-05-23,76.75140488819686
2008-05-24,47.298345256509236
2008-05-25,50.53124022696921
2008-05-26,52.90516792068762
2008-05-27,54.4201283375607
2008-05-28,55.07612147677973
2008-05-29,54.873147341355846
2008-05-30,86.14073052472905
2008-05-31,51.89029723961342
2008-06-01,49.110421274106976
2008-06-02,46.71849993323711
2008-06-03,44.71453321664357
2008-06-04,67.99580775899844
2008-06-05,41.87046365656002
2008-06-06,69.72192571818013
2008-06-07,40.578212593346116
2008-06-08,40.51401899795737
2008-06-09,40.777324455038695
2008-06-10,41.36812896632984
2008-06-11,69.9050835426737
2008-06-12,43.532235151055644
2008-06-13,78.77442743881781
2008-06-14,47.00633755275422
2008-06-15,49.2346373349955
2008-06-16,50.94791354867058
2008-06-17,52.146166192144165
2008-06-18,52.829395266952744
2008-06-19,52.99760077223019
2008-06-20,52.65078270971084
2008-06-21,51.78894107710195
2008-06-22,50.41207587527139
2008-06-23,49.31133304198258
2008-06-24,48.48671257604898
2008-06-25,78.88218801841005
2008-06-26,47.66583874458479
2008-06-27,78.61355892151356
2008-06-28,47.94945438224408
2008-06-29,99.12424426302634
2008-06-30,48.56744747591839
2008-07-01,48.13545955473779
2008-07-02,96.1664555706765
2008-07-03,45.792023790570134
2008-07-04,43.88057595092603
2008-07-05,93.06110635551742
2008-07-06,38.57822034740249
2008-07-07,36.98005205341944
2008-07-08,62.314164418651664
2008-07-09,75.64657282149044
2008-07-10,78.50138342383988
2008-07-11,73.60351330025905
2008-07-12,48.48300296106273
2008-07-13,54.682351621159185
2008-07-14,59.498641482386645
2008-07-15,62.93187254517588
2008-07-16,64.98204481276666
2008-07-17,65.64915828221147
2008-07-18,64.93321295216076
2008-07-19,62.83420882800381
2008-07-20,59.35214590383647
2008-07-21,56.344428282019685
2008-07-22,53.81105596313412
2008-07-23,51.75202894267097
2008-07-24,50.16734722479167
2008-07-25,49.05701080678095
2008-07-26,48.42101968911759
2008-07-27,48.259373871119266
2008-07-28,81.2135461565271
2008-07-29,48.07808107003284
2008-07-30,48.05843408608706
2008-07-31,92.23901363521684
2008-08-01,48.16113894772813
2008-08-02,48.28714548022362
2008-08-03,103.63038776230903
2008-08-04,93.22100064699322
2008-08-05,75.12423138666176
2008-08-06,86.7606165242787
2008-08-07,48.610183644705984
2008-08-08,48.5062114878826
2008-08-09,48.34604606790757
2008-08-10,48.129687384191534
2008-08-11,83.32268436056003
2008-08-12,77.16550860044894
2008-08-13,47.94743401648685
2008-08-14,76.7231972756305
2008-08-15,48.214950674266305
2008-08-16,48.465414672648876
2008-08-17,83.01679348864778
2008-08-18,73.8118248164447
2008-08-19,84.34072118992404
2008-08-20,49.30139561929133
2008-08-21,49.31160328332016
2008-08-22,49.24229591953205
2008-08-23,49.09347352648484
2008-08-24,48.86513610476996
2008-08-25,71.96063319519595
2008-08-26,78.29135430156624
2008-08-27,82.0822902432104
2008-08-28,50.26495586365927
2008-08-29,51.19320316333293
2008-08-30,52.352767408897016
2008-08-31,53.743648599530204
2008-09-01,54.59791177506797
2008-09-02,54.902486788200434
2008-09-03,54.65737364005459
2008-09-04,90.39848781830773
2008-09-05,52.51808285792379
2008-09-06,50.62390522331802
2008-09-07,81.387079687304
2008-09-08,46.49003547469258
2008-09-09,45.55389337016709
2008-09-10,72.71315391258979
2008-09-11,82.42937245503681
2008-09-12,83.80100092308456
2008-09-13,49.347943407122
2008-09-14,82.84797386273296
2008-09-15,54.227528527639656
2008-09-16,55.48719739917308
2008-09-17,55.96011714365441
2008-09-18,55.64628776142911
2008-09-19,54.54570925421466
2008-09-20,52.658381619468116
2008-09-21,88.48130799263873
2008-09-22,77.07970523084592
2008-09-23,80.73942225424695
2008-09-24,69.83098267996981
2008-09-25,46.0170477706855
2008-09-26,46.70749598759315
2008-09-27,48.07084919962072
2008-09-28,50.107107406826564
2008-09-29,51.601636450248385
2008-09-30,52.554436335444315
2008-10-01,52.96550705500615
2008-10-02,89.99135870571678
2008-10-03,52.23368653297105
2008-10-04,51.090795288104324
2008-10-05,49.429916722403405
2008-10-06,48.04478478378827
2008-10-07,46.9353994707251
2008-10-08,75.84492341499107
2008-10-09,70.8532679846725
2008-10-10,45.261723298829
2008-10-11,45.25532449599693
2008-10-12,45.5246723197292
2008-10-13,70.19462725360223
2008-10-14,74.32715011216253
2008-10-15,72.00867661190404
2008-10-16,47.212999557264304
2008-10-17,76.30885089767393
2008-10-18,86.40913979599144
2008-10-19,88.55564234379185
2008-10-20,49.28139841524518
2008-10-21,48.90573680396611
2008-10-22,47.99374289427276
2008-10-23,46.545416688615795
2008-10-24,44.56075818310106
2008-10-25,42.0397673808948
2008-10-26,75.56099210744995
2008-10-27,37.042331814303424
2008-10-28,61.89830952327996
2008-10-29,64.96372044058678
2008-10-30,62.4956969357847
2008-10-31,70.56663123440099
2008-11-01,44.09992904585405
2008-11-02,48.83879074143854
2008-11-03,52.27588877244291
2008-11-04,80.75800933672397
2008-11-05,92.42019443312566
2008-11-06,78.83900418988603
2008-11-07,82.93454702878721
2008-11-08,90.3006446849863
2008-11-09,45.56144002403198
2008-11-10,63.12707357911555
2008-11-11,40.4205823123578
2008-11-12,39.65320854722974
2008-11-13,67.24467217413164
2008-11-14,69.57414739233614
2008-11-15,44.563307628016
2008-11-16,48.60408077932098
2008-11-17,79.87064434161596
2008-11-18,94.06799692424191
2008-11-19,55.001281764008475
2008-11-20,82.85106567084277
2008-11-21,83.77646264120023
2008-11-22,52.81080504711698
2008-11-23,50.17227332056419
2008-11-24,70.34192761059381
2008-11-25,46.53620711073836
2008-11-26,45.53867262619613
2008-11-27,73.16863858692875
2008-11-28,45.18460090321444
2008-11-29,81.48291079015561
2008-11-30,47.01852550499902
2008-12-01,77.81688063991052
2008-12-02,48.96509355936654
2008-12-03,49.73528448883289
2008-12-04,81.79011469088375
2008-12-05,50.869480148654475
2008-12-06,51.233484880044514
2008-12-07,81.57473712290502
2008-12-08,77.72536756650142
2008-12-09,73.44663689643869
2008-12-10,50.95730658591424
2008-12-11,50.39217216790855
2008-12-12,74.19904050444916
2008-12-13,48.66659551811178
2008-12-14,47.506153286905395
2008-12-15,73.55786482100788
2008-12-16,73.19024624094695
2008-12-17,73.30430416571804
2008-12-18,47.11271821959658
2008-12-19,86.10449030839415
2008-12-20,102.67016147727912
2008-12-21,51.278392469794866
2008-12-22,81.35729378132405
2008-12-23,54.9059804250985
2008-12-24,56.72017691250168
2008-12-25,58.53464173880845
2008-12-26,60.349374905159834
2008-12-27,100.03610522281451
2008-12-28,63.9796462559612
2008-12-29,64.88909948163028
2008-12-30,98.145961383726
2008-12-31,63.99055606735252
2009-01-01,110.14394207127755
2009-01-02,59.46654538906975
2009-01-03,55.842513946905584
2009-01-04,89.67957121679879
2009-01-05,47.78902754474577
2009-01-06,73.95910809368726
2009-01-07,73.01311353046765
2009-01-08,66.84275051069517
2009-01-09,80.38793800612322
2009-01-10,45.34100905118928
2009-01-11,47.88323921066197
2009-01-12,49.64291086581785
2009-01-13,77.63826957170522
2009-01-14,70.48940363076261
2009-01-15,50.22657480389836
2009-01-16,91.48835256726113
2009-01-17,46.702891573689215
2009-01-18,83.62845022013327
2009-01-19,66.43384127218062
2009-01-20,74.40100658361399
2009-01-21,63.6328466061099
2009-01-22,69.06656407340314
2009-01-23,67.05542099201189
2009-01-24,46.33026879383913
2009-01-25,50.12030036236611
2009-01-26,79.5188375105748
2009-01-27,55.54947015715437
2009-01-28,57.18860838170879
2009-01-29,92.84192858062846
2009-01-30,58.31599148852741
2009-01-31,57.804236369560854
2009-02-01,90.72402124594797
2009-02-02,55.267140057190815
2009-02-03,53.87910612411082
2009-02-04,74.16456655833824
2009-02-05,80.93052458553606
2009-02-06,79.34970413762912
2009-02-07,94.31583915753858
2009-02-08,45.744078713516096
2009-02-09,76.68266182106693
2009-02-10,43.49612920436968
2009-02-11,63.078804793006185
2009-02-12,43.014433279694096
2009-02-13,65.14289692719966
2009-02-14,44.298990941374605
2009-02-15,45.60361486719427
2009-02-16,75.0004906394369
2009-02-17,74.59490036517512
2009-02-18,47.71216657491105
2009-02-19,47.813243788862415
2009-02-20,76.98711667191263
2009-02-21,47.11273818297579
2009-02-22,46.311155361360655
2009-02-23,70.67183414351422
2009-02-24,45.375017607904965
2009-02-25,69.62616122864002
2009-02-26,45.328250372015056
2009-02-27,70.57829967103594
2009-02-28,101.5928958166288
2009-03-01,46.925669237124644
2009-03-02,75.61575184107087
2009-03-03,66.76137972705376
2009-03-04,76.42052746284595
2009-03-05,70.14271153484931
2009-03-06,45.110644799530284
2009-03-07,43.6298194381631
2009-03-08,71.24243967136702
2009-03-09,40.150999836730655
2009-03-10,65.40242245660154
2009-03-11,59.2913258099083
2009-03-12,36.643106175007574
2009-03-13,62.07062770536628
2009-03-14,75.4871596898066
2009-03-15,35.18761540028231
2009-03-16,60.44009099356613
2009-03-17,59.489132431553344
2009-03-18,58.47546960395217
2009-03-19,61.81865510125578
2009-03-20,41.16818274144522
2009-03-21,95.08291750812738
2009-03-22,46.951285035162954
2009-03-23,70.54164138348054
2009-03-24,51.13035927096213
2009-03-25,76.65374560268988
2009-03-26,80.97483005859083
2009-03-27,52.1778735767247
2009-03-28,51.134752465297446
2009-03-29,86.71299347011433
2009-03-30,67.93668944113354
2009-03-31,78.47180787443772
2009-04-01,65.12029368279075
2009-04-02,69.43174692527349
2009-04-03,44.21216708285632
2009-04-04,80.85463329944898
2009-04-05,43.73501354846729
2009-04-06,66.2215180746783
2009-04-07,43.98215250227134
2009-04-08,72.34282935288718
2009-04-09,44.89322767462628
2009-04-10,45.59774134202999
2009-04-11,46.46823906429949
2009-04-12,47.504720844127235
2009-04-13,48.16289232322093
2009-04-14,48.442753506710375
2009-04-15,48.34430439345335
2009-04-16,47.86754498382076
2009-04-17,77.83565718669772
2009-04-18,86.79140647275503
2009-04-19,88.50503870096134
2009-04-20,69.98858239582539
2009-04-21,63.017341728447434
2009-04-22,42.09717730550792
2009-04-23,69.30077635008955
2009-04-24,43.02106156136138
2009-04-25,44.174214498269755
2009-04-26,93.45113090256511
2009-04-27,47.1721402622653
2009-04-28,48.32611136015324
2009-04-29,85.8286357644692
2009-04-30,75.09715066366097
2009-05-01,50.40805751953219
2009-05-02,50.64348558908443
2009-05-03,50.65035419554728
2009-05-04,74.15362939217636
2009-05-05,73.6750950544013
2009-05-06,84.59248810068033
2009-05-07,79.194787445916
2009-05-08,68.88969677268628
2009-05-09,82.31193786060375
2009-05-10,43.902793230813785
2009-05-11,42.86248942641843
2009-05-12,66.21303158136601
2009-05-13,65.92198314653766
2009-05-14,43.65200539333049
2009-05-15,77.32080528613268
2009-05-16,47.437038844928374
2009-05-17,50.30716241375065
2009-05-18,52.22639091984728
2009-05-19,73.14665954315471
2009-05-20,87.57382888647301
2009-05-21,52.27870606158415
2009-05-22,50.394354315325096
2009-05-23,47.55910750666618
2009-05-24,43.7729656350837
2009-05-25,70.3701904771089
2009-05-26,68.04919691805964
2009-05-27,58.14747119283908
2009-05-28,59.78561784391536
2009-05-29,39.98752178740322
2009-05-30,42.259486120163416
2009-05-31,77.72855161598494
2009-06-01,77.07896951769976
2009-06-02,50.29541770470559
2009-06-03,71.82106742740196
2009-06-04,52.66090867150035
2009-06-05,52.94785718655587
2009-06-06,52.63760772356108
2009-06-07,106.45942691790205
2009-06-08,77.94835577928261
2009-06-09,71.66731385776917
2009-06-10,79.67247510962434
2009-06-11,50.098045075356474
2009-06-12,83.211735037453
2009-06-13,50.48059221032785
2009-06-14,50.97151696225018
2009-06-15,76.5056574019022
2009-06-16,51.49587448174313
2009-06-17,51.52930724958665
2009-06-18,51.41024268835756
2009-06-19,83.6529455352914
2009-06-20,50.714621581301486
2009-06-21,50.13806503482225
2009-06-22,77.56725051743518
2009-06-23,80.85927336213915
2009-06-24,69.20495555956043
2009-06-25,47.5460958684328
2009-06-26,98.64627725496983
2009-06-27,46.07866549526088
2009-06-28,45.30208885988798
2009-06-29,44.75664989807472
2009-06-30,44.44234860660282
2009-07-01,44.35918498587073
2009-07-02,44.49886078356206
2009-07-03,44.86137600013554
2009-07-04,45.44673063592688
2009-07-05,46.25492469138253
2009-07-06,47.08590019840961
2009-07-07,47.939657157781056
2009-07-08,74.40270503935508
2009-07-09,76.41046575026958
2009-07-10,82.36673590176875
2009-07-11,51.58249953910949
2009-07-12,52.55016376625149
2009-07-13,52.79872054379732
2009-07-14,76.33017736131394
2009-07-15,51.138511743817446
2009-07-16,80.7741251637004
2009-07-17,86.73666866947886
2009-07-18,43.25489265401175
2009-07-19,39.18880471870628
2009-07-20,70.24667979053353
2009-07-21,34.451960283825656
2009-07-22,74.23929456357334
2009-07-23,58.3508127686195
2009-07-24,35.835022214820285
2009-07-25,84.23659689786412
2009-07-26,42.41594922496775
2009-07-27,75.23861698839816
2009-07-28,73.15369684488846
2009-07-29,79.46498827650225
2009-07-30,71.92906782560813
2009-07-31,47.27390338428762
2009-08-01,45.3607329719897
2009-08-02,42.486435201892135
2009-08-03,63.46038077543114
2009-08-04,64.0373060307773
2009-08-05,71.14308645241991
2009-08-06,39.93205292138876
2009-08-07,41.52915955073071
2009-08-08,78.19747306080185
2009-08-09,85.64742454453392
2009-08-10,73.42550811656142
2009-08-11,84.76091666585087
2009-08-12,53.70142002002686
2009-08-13,82.56463448055031
2009-08-14,54.68005590211103
2009-08-15,54.203923692769095
2009-08-16,89.8474460189024
2009-08-17,88.39204982779744
2009-08-18,51.50039638365989
2009-08-19,51.036400355989294
2009-08-20,80.30323165419601
2009-08-21,50.76417791724765
2009-08-22,50.955951506715614
2009-08-23,51.36631496782142
2009-08-24,51.255848605643095
2009-08-25,71.454003267094
2009-08-26,87.52889536526574
2009-08-27,69.7373622715618
2009-08-28,72.84775026800743
2009-08-29,42.89106945032991
2009-08-30,39.65562414688936
2009-08-31,58.276667337966394
2009-09-01,57.40082910061618
2009-09-02,62.2875563732388
2009-09-03,58.60527748716424
2009-09-04,65.8298664863219
2009-09-05,39.71605971366601
2009-09-06,82.19422971240168
2009-09-07,75.59037846187944
2009-09-08,47.19986172597708
2009-09-09,71.38058607712402
2009-09-10,70.680247590098
2009-09-11,84.44849619921443
2009-09-12,46.3636214515994
2009-09-13,44.22337514066124
2009-09-14,66.5412370627642
2009-09-15,62.7552518259538
2009-09-16,77.07515614174987
2009-09-17,41.50236751144619
2009-09-18,81.58557490810833
2009-09-19,43.64585026341949
2009-09-20,45.59358828174745
2009-09-21,78.72961237307888
2009-09-22,80.01134958022101
2009-09-23,91.92903222584228
2009-09-24,78.9663682925999
2009-09-25,77.14768518431197
2009-09-26,56.59126516995881
2009-09-27,58.309419449446814
2009-09-28,81.86353449611383
2009-09-29,58.57291036293838
2009-09-30,88.11195826692938
2009-10-01,86.45233581908197
2009-10-02,51.02233007785067
2009-10-03,46.36730399557678
2009-10-04,74.86401053077061
2009-10-05,64.40359721588757
2009-10-06,70.73140146182514
2009-10-07,33.57595241185608
2009-10-08,34.59239218859132
2009-10-09,62.326832078962966
2009-10-10,75.90551598651066
2009-10-11,47.75597793707573
2009-10-12,52.13661169210023
2009-10-13,92.68182425282014
2009-10-14,79.09631922991845
2009-10-15,89.82360245549691
2009-10-16,78.3624489392049
2009-10-17,48.645692053302156
2009-10-18,78.84683280954351
2009-10-19,63.17554738421113
2009-10-20,70.86320344303276
2009-10-21,64.17662728001098
2009-10-22,73.32083187449099
2009-10-23,64.67311164567751
2009-10-24,81.13936423993952
2009-10-25,89.42017932065471
2009-10-26,78.38075150090658
2009-10-27,76.72330377209093
2009-10-28,53.94794946802885
2009-10-29,54.04060551726131
2009-10-30,75.89283107293166
2009-10-31,50.44023513227366
2009-11-01,46.74720869873492
2009-11-02,69.39679974008978
2009-11-03,67.44691450236165
2009-11-04,65.4218066412019
2009-11-05,73.48218388544278
2009-11-06,73.20021721885122
2009-11-07,36.587775344669275
2009-11-08,72.13350580148766
2009-11-09,69.2397182586042
2009-11-10,38.29804562186225
2009-11-11,80.91911788680262
2009-11-12,64.6726758440538
2009-11-13,42.380188906399596
2009-11-14,79.35440215070822
2009-11-15,76.98671286248342
2009-11-16,71.14843619073943
2009-11-17,88.61978712312633
2009-11-18,76.0641554683217
2009-11-19,73.57015172341616
2009-11-20,48.06929073307031
2009-11-21,86.29706847970631
2009-11-22,74.08407810948577
2009-11-23,82.18589383964319
2009-11-24,67.92754320448428
2009-11-25,40.91551350924752
2009-11-26,69.03114832301088
2009-11-27,82.59544040167928
2009-11-28,41.4487253504089
2009-11-29,89.94410683306624
2009-11-30,70.83943024341556
2009-12-01,80.61878667751778
2009-12-02,75.56034574702727
2009-12-03,82.55445599001133
2009-12-04,70.33384861571422
2009-12-05,47.35038505592814
2009-12-06,86.48405075455958
2009-12-07,81.9749252919957
2009-12-08,72.7569932896972
2009-12-09,68.85240736905094
2009-12-10,85.54841416036358
2009-12-11,79.94622141574267
2009-12-12,99.42812248646158
2009-12-13,89.90433583814698
2009-12-14,89.35494093261818
2009-12-15,79.3165817992785
2009-12-16,70.3869476530579
2009-12-17,66.49176648509359
2009-12-18,78.16122630089652
2009-12-19,86.55183276765935
2009-12-20,79.84021689049362
2009-12-21,71.8021628528619
2009-12-22,87.88562501292476
2009-12-23,82.59834376406972
2009-12-24,96.12129967281435
2009-12-25,50.30941329049494
2009-12-26,102.36233343998532
2009-12-27,100.84643530089923
2009-12-28,93.77632424156444
2009-12-29,54.71994938569679
2009-12-30,84.5027951327146
2009-12-31,53.863606219013015
2010-01-01,88.88752856583675
2010-01-02,50.755488664690276
2010-01-03,48.37179936410872
2010-01-04,74.58560699079815
2010-01-05,65.38445284365577
2010-01-06,70.92528507692802
2010-01-07,70.4248378858188
2010-01-08,69.14820527367311
2010-01-09,76.24002419399608
2010-01-10,77.43977687842894
2010-01-11,75.28188004177561
2010-01-12,86.24373314618555
2010-01-13,74.38627346305043
2010-01-14,90.82567680380963
2010-01-15,76.30654308773744
2010-01-16,93.48420152324422
2010-01-17,71.9371316070202
2010-01-18,80.24966630254835
2010-01-19,64.70860974203076
2010-01-20,75.14761483775273
2010-01-21,68.38367373860862
2010-01-22,62.84461546301725
2010-01-23,90.95233467611601
2010-01-24,68.32677218507543
2010-01-25,55.40345214985354
2010-01-26,60.69463181837962
2010-01-27,65.49892465594326
2010-01-28,57.66611372366864
2010-01-29,75.05371705448746
2010-01-30,78.73840811503646
2010-01-31,77.80087535156242
2010-02-01,64.01245139431788
2010-02-02,75.97164692118247
2010-02-03,46.61779091218962
2010-02-04,70.72257546656544
2010-02-05,70.87988169933942
2010-02-06,91.61208347811491
2010-02-07,85.99518510541132
2010-02-08,70.39926075211194
2010-02-09,61.73513866831625
2010-02-10,65.10448888762133
2010-02-11,40.40449013296813
2010-02-12,40.49924415925774
2010-02-13,89.85971419874085
2010-02-14,74.53320779172506
2010-02-15,61.43935377184326
2010-02-16,64.95235615161852
2010-02-17,60.03992588938849
2010-02-18,72.28857244834872
2010-02-19,72.27842844764645
2010-02-20,74.78870513053191
2010-02-21,82.40576446399785
2010-02-22,63.16371990218268
2010-02-23,65.00263792052735
2010-02-24,78.73524921640741
2010-02-25,59.839179921901035
2010-02-26,70.65001668881285
2010-02-27,75.52712317377933
2010-02-28,44.670493629135954
2010-03-01,75.02450349090704
2010-03-02,78.29646459167901
2010-03-03,78.41022513098301
2010-03-04,76.75133616485009
2010-03-05,71.01054593658512
2010-03-06,83.91089173037018
2010-03-07,81.27544754765285
2010-03-08,62.93085071663707
2010-03-09,72.84525468891734
2010-03-10,63.17096306019715
2010-03-11,65.76854468662509
2010-03-12,62.45530650241536
2010-03-13,74.5225497067402
2010-03-14,66.9939919222008
2010-03-15,72.85265473135836
2010-03-16,64.29514698273589
2010-03-17,63.49028554271856
2010-03-18,80.09074275444837
2010-03-19,61.99979898344933
2010-03-20,78.86448721515542
2010-03-21,67.96552973530885
2010-03-22,67.17522739095112
2010-03-23,62.86899481630282
2010-03-24,59.526780420535516
2010-03-25,62.78315849001286
2010-03-26,56.88903204335239
2010-03-27,83.65606865847926
2010-03-28,76.81229560924794
2010-03-29,56.55500510761717
2010-03-30,61.480675743600116
2010-03-31,62.95458573777828
2010-04-01,71.87640337825619
2010-04-02,74.3767403981796
2010-04-03,41.26665459524542
2010-04-04,42.19317894998434
2010-04-05,97.94222607664412
2010-04-06,71.80609196808038
2010-04-07,44.70095818625292
2010-04-08,45.44628665471883
2010-04-09,46.14631615121329
2010-04-10,75.74840562061704
2010-04-11,47.41047822797719
2010-04-12,75.99977386278648
2010-04-13,64.33942590255916
2010-04-14,82.32160328682903
2010-04-15,68.7617925475869
2010-04-16,74.27879219348128
2010-04-17,42.388304252574315
2010-04-18,65.92224934860934
2010-04-19,67.51694973041357
2010-04-20,58.71866418521587
2010-04-21,62.666095314679815
2010-04-22,60.192453537121985
2010-04-23,40.444255595217086
2010-04-24,42.86352149630287
2010-04-25,46.06657997207055
2010-04-26,71.99146404471132
2010-04-27,84.86964034558262
2010-04-28,77.1551846763103
2010-04-29,50.34022893635632
2010-04-30,88.90075509193838
2010-05-01,89.19754429147099
2010-05-02,44.573416111954444
2010-05-03,42.52415609688484
2010-05-04,67.53159244281538
2010-05-05,64.1736829824085
2010-05-06,69.02897554710142
2010-05-07,64.9166370626119
2010-05-08,79.27057840296499
2010-05-09,45.58434897073169
2010-05-10,72.28305102295005
2010-05-11,65.53290394237806
2010-05-12,75.10361213167032
2010-05-13,49.56991531152499
2010-05-14,49.224600507445004
2010-05-15,84.27456048462957
2010-05-16,84.51854183388639
2010-05-17,72.67257579806348
2010-05-18,77.00190388095263
2010-05-19,69.79550499856342
2010-05-20,61.35264198826489
2010-05-21,65.1131600737738
2010-05-22,40.572783440464534
2010-05-23,39.87441675871689
2010-05-24,39.92576084399473
2010-05-25,62.426676823879845
2010-05-26,67.30276497695941
2010-05-27,62.95970169934494
2010-05-28,79.95776947170214
2010-05-29,80.98656529455
2010-05-30,55.97775150630548
2010-05-31,84.25045757592967
2010-06-01,88.67567482178819
2010-06-02,78.78760567073229
2010-06-03,95.96804160260432
2010-06-04,88.39737319314838
2010-06-05,53.07357315999612
2010-06-06,78.25624364990043
2010-06-07,43.28027145803196
2010-06-08,40.146246577671846
2010-06-09,63.04195996925434
2010-06-10,57.909604354592986
2010-06-11,37.79467581348232
2010-06-12,75.84716460906041
2010-06-13,84.73116929946735
2010-06-14,63.660064253683316
2010-06-15,69.67236786786908
2010-06-16,47.115112799138856
2010-06-17,77.08922075100455
2010-06-18,47.780721653210556
2010-06-19,47.31066255135256
2010-06-20,70.1368392260999
2010-06-21,67.28738578425545
2010-06-22,68.551649886209
2010-06-23,43.031843028461786
2010-06-24,70.29056996862086
2010-06-25,40.63481956498735
2010-06-26,39.37190440787433
2010-06-27,38.06605363480607
2010-06-28,54.41586309478918
2010-06-29,35.77039273720094
2010-06-30,56.62610423538118
2010-07-01,71.76784818932356
2010-07-02,33.096676432998805
2010-07-03,77.41266304137969
2010-07-04,69.71695030946182
2010-07-05,52.29948337191886
2010-07-06,31.810907282978754
2010-07-07,51.71134011058867
2010-07-08,58.47232613060357
2010-07-09,55.52576872306857
2010-07-10,37.19446126186707
2010-07-11,39.637733563667666
2010-07-12,41.91881486645957
2010-07-13,64.03582538725887
2010-07-14,65.06882399568403
2010-07-15,47.78891279791316
2010-07-16,77.22462126783158
2010-07-17,50.891356435603306
2010-07-18,52.19929176055406
2010-07-19,53.16177366704659
2010-07-20,79.91953204274968
2010-07-21,54.05037722391596
2010-07-22,80.07104372620331
2010-07-23,53.5571671064139
2010-07-24,52.792381921164136
2010-07-25,51.682143316617584
2010-07-26,78.68349102865515
2010-07-27,48.44648012734433
2010-07-28,69.45975814428297
2010-07-29,97.89372673788723
2010-07-30,75.60142666957684
2010-07-31,84.74603544795984
2010-08-01,34.435403923901504
2010-08-02,50.35611339970741
2010-08-03,50.02169112212593
2010-08-04,52.137076322195995
2010-08-05,49.08173820066181
2010-08-06,80.80573215319335
2010-08-07,34.94086769007656
2010-08-08,66.38464727147785
2010-08-09,73.28195138666707
2010-08-10,43.99415118062008
2010-08-11,80.66833359694894
2010-08-12,46.881010231824185
2010-08-13,75.09086185596357
2010-08-14,84.10459670160985
2010-08-15,73.36799434491084
2010-08-16,61.79779531333742
2010-08-17,72.1170368927323
2010-08-18,61.373636408492885
2010-08-19,67.5316927391694
2010-08-20,72.57904218550534
2010-08-21,41.87690839051549
2010-08-22,67.42588135099882
2010-08-23,59.98661351993741
2010-08-24,75.85511003786665
2010-08-25,67.58868173075089
2010-08-26,59.82171580491001
2010-08-27,41.83217871650118
2010-08-28,72.41362019552673
2010-08-29,44.27820361921675
2010-08-30,60.8573199395446
2010-08-31,77.21292996876959
2010-09-01,47.06762850063894
2010-09-02,47.5456097049227
2010-09-03,67.3315399776202
2010-09-04,94.97153060106889
2010-09-05,78.4612320146953
2010-09-06,47.33806392230986
2010-09-07,72.58131994123707
2010-09-08,71.6263680248112
2010-09-09,65.95990760046602
2010-09-10,70.63115472907432
2010-09-11,45.01148927200054
2010-09-12,44.352424031889306
2010-09-13,66.95119870345857
2010-09-14,70.13284081901008
2010-09-15,72.74084471615375
2010-09-16,59.62651886602323
2010-09-17,40.76583086174912
2010-09-18,72.87400385013137
2010-09-19,39.19526900603325
2010-09-20,56.442640856941146
2010-09-21,58.29440894906109
2010-09-22,71.48105054196577
2010-09-23,64.17041833975271
2010-09-24,78.75326921023338
2010-09-25,69.65563155593817
2010-09-26,94.43116454960106
2010-09-27,80.36338872715423
2010-09-28,78.08886607641855
2010-09-29,77.99400389503575
2010-09-30,68.16306312106393
2010-10-01,74.50584846458005
2010-10-02,89.68097310912898
2010-10-03,73.09179117117546
2010-10-04,83.86075007254523
2010-10-05,66.5658076530958
2010-10-06,64.15904658459624
2010-10-07,69.6807373461535
2010-10-08,61.45233498014595
2010-10-09,86.50796873409433
2010-10-10,49.47909374351881
2010-10-11,72.18917271475335
2010-10-12,72.00962509516414
2010-10-13,76.65147196529715
2010-10-14,78.63273763212338
2010-10-15,68.62404500078983
2010-10-16,47.45672470048142
2010-10-17,69.16726784461657
2010-10-18,59.30105314953686
2010-10-19,39.749787274227685
2010-10-20,39.05582193102507
2010-10-21,72.92206906594325
2010-10-22,66.23034537572669
2010-10-23,82.92916105250043
2010-10-24,45.655029544852255
2010-10-25,70.1527044651087
2010-10-26,85.02722687741944
2010-10-27,76.22058262919802
2010-10-28,53.591500371442244
2010-10-29,81.79902930044747
2010-10-30,94.56764399140874
2010-10-31,95.17648193920517
2010-11-01,76.80185460217719
2010-11-02,76.14293726776386
2010-11-03,54.86615077264723
2010-11-04,87.00610643774735
2010-11-05,80.60839930689475
2010-11-06,88.07883348054229
2010-11-07,86.54160578595206
2010-11-08,75.13087681300759
2010-11-09,54.78455804341874
2010-11-10,56.24056670841592
2010-11-11,83.80476916011406
2010-11-12,86.48888660982985
2010-11-13,93.11238098142853
2010-11-14,92.03662342127707
2010-11-15,96.35527689184019
2010-11-16,112.16476603336848
2010-11-17,127.82646198891071
2010-11-18,113.41246199273797
2010-11-19,97.74222796746402
2010-11-20,65.29758810810634
2010-11-21,92.21990187972496
2010-11-22,85.07322159625231
2010-11-23,77.40919893548698
2010-11-24,76.94428746144246
2010-11-25,67.56346260300032
2010-11-26,73.2403102949087
2010-11-27,92.29440579498224
2010-11-28,41.60334393994573
2010-11-29,63.82536739939429
2010-11-30,79.7531409112708
2010-12-01,58.76598618307014
2010-12-02,58.217163950830596
2010-12-03,64.297348708047707
2010-12-04,44.030425369186
2010-12-05,81.14986263775761
2010-12-06,78.27233694499847
2010-12-07,72.89299143428502
2010-12-08,72.79222817586704
2010-12-09,77.07476802952107
2010-12-10,87.70169863956777
2010-12-11,98.33501210762088
2010-12-12,76.95071560946876
2010-12-13,67.82562916285023
2010-12-14,71.14449290728608
2010-12-15,65.38508047007555
2010-12-16,61.90891049377881
2010-12-17,76.88074527638824
2010-12-18,45.733905698509936
2010-12-19,81.43698770278307
2010-12-20,81.90573393041755
2010-12-21,79.02913479619727
2010-12-22,86.64849006041615
2010-12-23,85.88477843686182
2010-12-24,51.499654573085905
2010-12-25,87.69366312374187
2010-12-26,88.46859575747739
2010-12-27,81.51710661621131
2010-12-28,69.33318759522422
2010-12-29,75.74831682715464
2010-12-30,75.91494540710201
2010-12-31,78.00782455313464
2011-01-01,68.07907365625256
2011-01-02,93.29287048821477
2011-01-03,75.96196660396835
2011-01-04,70.1690381494626
2011-01-05,63.472547195285735
2011-01-06,80.40030009585375
2011-01-07,71.39930684507448
2011-01-08,83.62093562115567
2011-01-09,78.18449222938723
2011-01-10,83.12645746413709
2011-01-11,74.12508128139847
2011-01-12,76.98003484900809
2011-01-13,74.87996537748153
2011-01-14,74.01366757388872
2011-01-15,97.56602907778274
2011-01-16,90.66922814768354
2011-01-17,84.94635941999628
2011-01-18,87.97176865928706
2011-01-19,80.16300096769886
2011-01-20,77.24428446177069
2011-01-21,84.85729881784103
2011-01-22,95.23585274343318
2011-01-23,83.18423322156485
2011-01-24,85.5528971157737
2011-01-25,81.224625282022
2011-01-26,90.48530623135625
2011-01-27,79.57723197161283
2011-01-28,85.35606054283431
2011-01-29,87.91604180113197
2011-01-30,83.47000286446404
2011-01-31,79.09388038194841
2011-02-01,72.29368245465162
2011-02-02,79.67214363518264
2011-02-03,59.10851188120035
2011-02-04,79.69204705790384
2011-02-05,71.6762407237834
2011-02-06,89.6020666766955
2011-02-07,71.7024614609616
2011-02-08,74.20948170255872
2011-02-09,78.04515519568075
2011-02-10,77.78806935539203
2011-02-11,75.54141962606786
2011-02-12,99.84755772293288
2011-02-13,98.97924429239448
2011-02-14,73.24005756500051
2011-02-15,78.42151998250706
2011-02-16,76.74427280683241
2011-02-17,76.98347270970808
2011-02-18,84.7736939819627
2011-02-19,82.2804076679633
2011-02-20,95.08301784431214
2011-02-21,81.32043514803857
2011-02-22,83.92342608662737
2011-02-23,74.07252873436065
2011-02-24,76.73253093204121
2011-02-25,73.03151678177338
2011-02-26,79.1697755334424
2011-02-27,85.26370966421423
2011-02-28,72.63533293714627
2011-03-01,70.33503245133672
2011-03-02,70.634599347601707
2011-03-03,74.31917922224004
2011-03-04,75.89275288904831
2011-03-05,78.31116261459974
2011-03-06,73.89348175916878
2011-03-07,70.64300999670239
2011-03-08,70.07319537059978
2011-03-09,82.97357263587774
2011-03-10,77.85660592228521
2011-03-11,72.68827390708968
2011-03-12,79.1995754977704
2011-03-13,88.10731863957277
2011-03-14,74.76099738775386
2011-03-15,86.82356800487175
2011-03-16,89.28677385524732
2011-03-17,93.78924379572864
2011-03-18,67.26249266751559
2011-03-19,78.89170310577971
2011-03-20,76.58015547376357
2011-03-21,62.611903798174296
2011-03-22,77.21766637239539
2011-03-23,70.04864951283115
2011-03-24,65.14238765735963
2011-03-25,57.30128800680108
2011-03-26,70.63393890098718
2011-03-27,77.52168932963356
2011-03-28,77.42549041190487
2011-03-29,65.44972842431183
2011-03-30,71.79941634628673
2011-03-31,78.64713061201968
2011-04-01,80.8201472873911
2011-04-02,44.66606178144186
2011-04-03,74.60923853271402
2011-04-04,79.04708488239068
2011-04-05,55.922590415803064
2011-04-06,52.74594550938792
2011-04-07,61.942804404150635
2011-04-08,59.507606909058964
2011-04-09,68.09233641424446
2011-04-10,73.6176625909343
2011-04-11,57.204763836741165
2011-04-12,56.956294140703456
2011-04-13,54.21349930872168
2011-04-14,67.91224374191835
2011-04-15,74.31341938392443
2011-04-16,70.923034336367
2011-04-17,64.11462344824609
2011-04-18,55.64249162008494
2011-04-19,58.16133847579373
2011-04-20,65.45750044249952
2011-04-21,60.829758280845404
2011-04-22,36.52257877576949
2011-04-23,35.85041950172265
2011-04-24,67.6452802493864
2011-04-25,68.1499341945709
2011-04-26,66.4609534746733
2011-04-27,61.3775271730178
2011-04-28,53.26913557168858
2011-04-29,56.91498991481807
2011-04-30,58.69050483756826
2011-05-01,57.90290481219681
2011-05-02,54.524503176108595
2011-05-03,58.80837773223644
2011-05-04,60.1781554325916
2011-05-05,65.43724722222163
2011-05-06,49.86244852338663
2011-05-07,72.66652707645217
2011-05-08,59.747370352302255
2011-05-09,56.106175958367366
2011-05-10,57.63247576793934
2011-05-11,62.70979355246641
2011-05-12,58.77579975370841
2011-05-13,65.82861458709029
2011-05-14,74.26175074325309
2011-05-15,71.51287866473238
2011-05-16,64.93555108270245
2011-05-17,59.009716405903944
2011-05-18,54.93618554704071
2011-05-19,63.89173700772392
2011-05-20,66.40760213386825
2011-05-21,72.27145567633885
2011-05-22,73.97645307970707
2011-05-23,59.56657989411295
2011-05-24,67.1764643649619
2011-05-25,58.61108243269099
2011-05-26,58.67179796662878
2011-05-27,59.23004478144965
2011-05-28,69.66138500930603
2011-05-29,86.04009066755314
2011-05-30,62.641601084787155
2011-05-31,73.03867723366558
2011-06-01,71.69287447275984
2011-06-02,91.61007694685978
2011-06-03,76.76783703984763
2011-06-04,44.06987760955692
2011-06-05,66.06933615868
2011-06-06,77.38457911129487
2011-06-07,70.26007325896846
2011-06-08,76.92231504033069
2011-06-09,70.85043620408166
2011-06-10,70.37989569712595
2011-06-11,81.28382291258434
2011-06-12,39.59594418742959
2011-06-13,71.51405073055756
2011-06-14,60.65185399854958
2011-06-15,77.30297746901668
2011-06-16,68.67792598070598
2011-06-17,61.19453963337181
2011-06-18,66.02959692934742
2011-06-19,66.06976599923598
2011-06-20,57.18239427987808
2011-06-21,62.719346071954085
2011-06-22,67.48574481767257
2011-06-23,62.713539229154435
2011-06-24,77.30745591274857
2011-06-25,75.05842732189976
2011-06-26,77.39630975921173
2011-06-27,72.19012160901173
2011-06-28,59.39367783740656
2011-06-29,67.22603491292226
2011-06-30,70.33160854589568
2011-07-01,70.04976475293847
2011-07-02,68.90374655663621
2011-07-03,62.182680372185004
2011-07-04,65.61024624946678
2011-07-05,54.9215372644069
2011-07-06,54.274879487602455
2011-07-07,59.5420413184738
2011-07-08,55.15156052662668
2011-07-09,54.95894765162943
2011-07-10,72.21930777905239
2011-07-11,58.40379228198999
2011-07-12,47.36603192061924
2011-07-13,56.79489515082035
2011-07-14,52.46727093529307
2011-07-15,54.566019630179994
2011-07-16,65.58513313025283
2011-07-17,66.21926675093569
2011-07-18,70.50201885262732
2011-07-19,67.67938163952323
2011-07-20,66.51230100425893
2011-07-21,75.59119348557498
2011-07-22,51.83963207920857
2011-07-23,33.99975587671508
2011-07-24,32.64793792242192
2011-07-25,49.451113279156395
2011-07-26,52.541607701051966
2011-07-27,60.34725021116631
2011-07-28,52.916105627026404
2011-07-29,58.421045383228886
2011-07-30,77.32391983099511
2011-07-31,65.28709523992144
2011-08-01,55.907423889053874
2011-08-02,61.777690252892285
2011-08-03,53.84750723313927
2011-08-04,70.54282406305221
2011-08-05,50.991764431699174
2011-08-06,73.80125814086092
2011-08-07,66.78409527334489
2011-08-08,58.98538875184016
2011-08-09,58.071854406146734
2011-08-10,59.702098935304456
2011-08-11,54.63911531170412
2011-08-12,54.01349700235643
2011-08-13,75.83740771266554
2011-08-14,70.4157496352741
2011-08-15,70.94156351380073
2011-08-16,57.92476452552825
2011-08-17,68.26719574153321
2011-08-18,63.041977933583105
2011-08-19,70.0027645240194
2011-08-20,74.7078502932576
2011-08-21,76.2335345387128
2011-08-22,68.28194369321045
2011-08-23,79.85727981946431
2011-08-24,83.89511232818626
2011-08-25,71.01987908538305
2011-08-26,64.83213304913212
2011-08-27,75.86206222829452
2011-08-28,90.57745132851012
2011-08-29,81.79066548070811
2011-08-30,79.33723738404515
2011-08-31,77.9520730331504
2011-09-01,73.98655465308839
2011-09-02,70.88600945305818
2011-09-03,81.38329635170908
2011-09-04,67.35089249438833
2011-09-05,64.59189229070475
2011-09-06,63.81244558895106
2011-09-07,70.07514277878846
2011-09-08,88.06598858283373
2011-09-09,86.58166272115538
2011-09-10,76.10616817178328
2011-09-11,83.47301034735808
2011-09-12,87.48517786155324
2011-09-13,75.6727112283572
2011-09-14,84.24467799675514
2011-09-15,79.39363244416113
2011-09-16,85.82856836902415
2011-09-17,86.3295730552736
2011-09-18,77.25513411911615
2011-09-19,74.81252152616764
2011-09-20,70.04894385196796
2011-09-21,72.55667762274432
2011-09-22,71.56395156734469
2011-09-23,61.57119381115791
2011-09-24,75.66465298583341
2011-09-25,77.68144657862692
2011-09-26,77.25631684172937
2011-09-27,69.90931536810564
2011-09-28,70.23491326198751
2011-09-29,81.09658269883215
2011-09-30,79.26325100646606
2011-10-01,82.23904650281851
2011-10-02,90.99884188373662
2011-10-03,59.710751000508864
2011-10-04,72.61627794205552
2011-10-05,67.34430910242092
2011-10-06,66.52195900571527
2011-10-07,72.24176501201867
2011-10-08,78.51743603102092
2011-10-09,77.22040587457442
2011-10-10,68.4851458792679
2011-10-11,79.46845670343667
2011-10-12,79.08780970201595
2011-10-13,73.11633426569709
2011-10-14,72.5922537933028
2011-10-15,79.13204451280454
2011-10-16,88.48668319461763
2011-10-17,77.31526695052017
2011-10-18,82.57292928196316
2011-10-19,76.25732811767124
2011-10-20,84.75788199294975
2011-10-21,84.06547802670786
2011-10-22,82.49342254664549
2011-10-23,78.31510577368753
2011-10-24,81.00772779198998
2011-10-25,80.595321008862
2011-10-26,78.1863262664743
2011-10-27,83.43341591094129
2011-10-28,68.62556885946155
2011-10-29,95.28125191328076
2011-10-30,75.37178810240164
2011-10-31,62.36928098980485
2011-11-01,71.54676642836772
2011-11-02,62.51466018187479
2011-11-03,76.25329919319682
2011-11-04,72.85881310757821
2011-11-05,85.75495658366772
2011-11-06,85.73857663515919
2011-11-07,83.91588918562591
2011-11-08,85.13632292694182
2011-11-09,85.10466958870595
2011-11-10,90.88723954745134
2011-11-11,86.68875078921361
2011-11-12,101.88288565778332
2011-11-13,93.37900637372864
2011-11-14,79.15446453418824
2011-11-15,80.9624116934884
2011-11-16,93.43117299388778
2011-11-17,72.63878001973316
2011-11-18,88.68345802341807
2011-11-19,102.08766004926201
2011-11-20,108.11919634248443
2011-11-21,86.85232872832977
2011-11-22,87.57714778179484
2011-11-23,90.28487520441628
2011-11-24,81.67422087681436
2011-11-25,79.5726083617673
2011-11-26,90.44594257678332
2011-11-27,94.43465841583273
2011-11-28,81.6367228855131
2011-11-29,73.20488207895248
2011-11-30,83.08701661011077
2011-12-01,82.49919149848567
2011-12-02,84.48303447650898
2011-12-03,96.3570972668733
2011-12-04,93.86357833593152
2011-12-05,89.72822348174036
2011-12-06,89.04915004681459
2011-12-07,88.19550372605241
2011-12-08,91.55486286244484
2011-12-09,98.11115667962525
2011-12-10,88.78996566648843
2011-12-11,94.3505232248228
2011-12-12,76.94732043338105
2011-12-13,86.59875034282193
2011-12-14,82.29250175240287
2011-12-15,76.35997904330588
2011-12-16,85.67648351692664
2011-12-17,92.1943245187865
2011-12-18,89.88457861695959
2011-12-19,97.1355230708796
2011-12-20,93.39836994299812
2011-12-21,92.82705614951652
2011-12-22,96.70055190128062
2011-12-23,78.97049737564109
2011-12-24,115.56509033950378
2011-12-25,91.76070351450721
2011-12-26,96.78032364008295
2011-12-27,84.06943529918199
2011-12-28,92.97768842820307
2011-12-29,84.70965351293842
2011-12-30,95.28965796080789
2011-12-31,93.76662283747058
2012-01-01,113.26587642310187
2012-01-02,88.43515294874031
2012-01-03,102.53541268132989
2012-01-04,101.21042195856458
2012-01-05,98.87701713266658
2012-01-06,99.40053037642011
2012-01-07,106.11338961081636
2012-01-08,96.29255754618289
2012-01-09,91.60013552646481
2012-01-10,102.19683128155748
2012-01-11,94.5523093025462
2012-01-12,89.35746533161249
2012-01-13,95.4336410787593
2012-01-14,92.78271632925842
2012-01-15,102.68178150263404
2012-01-16,95.13733256050588
2012-01-17,86.90032647630927
2012-01-18,93.48893505619922
2012-01-19,107.22933707843704
2012-01-20,100.81551869036954
2012-01-21,108.55940830409658
2012-01-22,100.83152953628422
2012-01-23,87.4448403680401
2012-01-24,93.06214956731498
2012-01-25,90.43428640355147
2012-01-26,100.62162689722358
2012-01-27,85.84481230722115
2012-01-28,99.67848339438635
2012-01-29,114.5039891408901
2012-01-30,90.7433928814319
2012-01-31,92.30257246631894
2012-02-01,90.89497021787086
2012-02-02,83.39670285589838
2012-02-03,95.47243913391615
2012-02-04,85.25011565790942
2012-02-05,105.93489290661519
2012-02-06,89.90460703815671
2012-02-07,89.20979265036985
2012-02-08,87.31620716482864
2012-02-09,83.6696301609872
2012-02-10,86.99903327850207
2012-02-11,98.64378253653337
2012-02-12,89.41493572917379
2012-02-13,96.11035245511212
2012-02-14,85.88892003824552
2012-02-15,88.84907060832928
2012-02-16,91.59003858354143
2012-02-17,89.93385463327473
2012-02-18,98.54604375936022
2012-02-19,85.60156405874743
2012-02-20,92.56885044469273
2012-02-21,93.03006281816242
2012-02-22,86.61572090025928
2012-02-23,84.41023311804791
2012-02-24,89.8312920775412
2012-02-25,81.26430133247945
2012-02-26,106.64932735538817
2012-02-27,85.8252829998578
2012-02-28,90.28660265646853
2012-02-29,82.64472403500207
2012-03-01,93.34624337741236
2012-03-02,80.98776549214766
2012-03-03,92.74552742479338
2012-03-04,90.7620111401742
2012-03-05,77.93337279732903
2012-03-06,79.8923068938088
2012-03-07,86.84758598427926
2012-03-08,87.39150638694282
2012-03-09,92.70084660598305
2012-03-10,89.84379680334769
2012-03-11,83.2541203511716
2012-03-12,82.17725025064995
2012-03-13,79.8701713746701
2012-03-14,73.28467140203078
2012-03-15,81.5058279306214
2012-03-16,78.24725057715601
2012-03-17,87.8164786023372
2012-03-18,105.67316778562173
2012-03-19,95.49978315610781
2012-03-20,86.33605373268112
2012-03-21,91.20615942204545
2012-03-22,86.64810237540196
2012-03-23,90.0274558047349
2012-03-24,86.3802683252595
2012-03-25,94.45766420161323
2012-03-26,79.85136719097463
2012-03-27,82.18813743674829
2012-03-28,68.86134013614928
2012-03-29,78.1121843804047
2012-03-30,78.52063549683164
2012-03-31,88.54649675884765
2012-04-01,70.17593155514238
2012-04-02,74.87507017886264
2012-04-03,68.21829797655876
2012-04-04,80.4994453054429
2012-04-05,75.43128532636085
2012-04-06,73.01193825350725
2012-04-07,72.41007345598015
2012-04-08,87.43501643871609
2012-04-09,83.61970361145681
2012-04-10,81.7012157501524
2012-04-11,92.76396128935404
2012-04-12,84.33986052758182
2012-04-13,81.87686782434635
2012-04-14,90.09651484904195
2012-04-15,97.69767877315965
2012-04-16,80.15735154952142
2012-04-17,78.23205033484196
2012-04-18,72.57379810568872
2012-04-19,87.36223710160431
2012-04-20,80.81767399909373
2012-04-21,84.53067283140871
2012-04-22,87.97104558943953
2012-04-23,78.46640034613195
2012-04-24,91.3021039483068
2012-04-25,76.59831844669327
2012-04-26,66.31508815703226
2012-04-27,75.13925425194873
2012-04-28,77.11482698612201
2012-04-29,74.01104847075122
2012-04-30,74.5314081777442
2012-05-01,83.92678933010473
2012-05-02,77.82738492837007
2012-05-03,80.29915097174774
2012-05-04,73.22334290752704
2012-05-05,92.57810310698407
2012-05-06,75.45941371526376
2012-05-07,78.96275075164456
2012-05-08,77.08593943464011
2012-05-09,74.81696355895457
2012-05-10,76.1277361472211
2012-05-11,79.77126125050746
2012-05-12,94.01466015731903
2012-05-13,81.44805440868929
2012-05-14,80.69489222847223
2012-05-15,80.01351660435067
2012-05-16,89.4189747753902
2012-05-17,88.90248843952033
2012-05-18,84.5746930150335
2012-05-19,81.83923761166616
2012-05-20,93.62793207006551
2012-05-21,75.8622692540418
2012-05-22,72.8336978610038
2012-05-23,75.35139589790518
2012-05-24,68.08193170006247
2012-05-25,72.0394962541367
2012-05-26,71.8444728592741
2012-05-27,82.50699793487492
2012-05-28,71.32592577490092
2012-05-29,73.59372861240763
2012-05-30,64.86786477810652
2012-05-31,80.35909451663277
2012-06-01,70.23021222358915
2012-06-02,72.30385496857528
2012-06-03,90.8787837139297
2012-06-04,72.45028513057447
2012-06-05,75.53479873974118
2012-06-06,75.83899605530132
2012-06-07,61.400952981767944
2012-06-08,79.69888563599413
2012-06-09,75.54167703033713
2012-06-10,74.6082067012748
2012-06-11,75.42638613546693
2012-06-12,77.02632959559327
2012-06-13,68.22770588396483
2012-06-14,69.8173335045299
2012-06-15,73.165716280327
2012-06-16,92.59732049216774
2012-06-17,76.98531224310645
2012-06-18,61.34326693557829
2012-06-19,75.53869152418886
2012-06-20,75.51106248817966
2012-06-21,76.68618156289791
2012-06-22,79.20260385457121
2012-06-23,69.34337392608967
2012-06-24,76.02032377291103
2012-06-25,74.34573023285563
2012-06-26,68.47624646495748
2012-06-27,65.66292298657922
2012-06-28,68.01250793724982
2012-06-29,64.1315084212443
2012-06-30,80.1322327638833
2012-07-01,80.16088292106535
2012-07-02,68.04623708482256
2012-07-03,73.32540157796171
2012-07-04,73.60573974530294
2012-07-05,62.790826952444455
2012-07-06,66.32861755548794
2012-07-07,81.35563938047503
2012-07-08,78.49821007603865
2012-07-09,83.16704501816133
2012-07-10,72.31581167161993
2012-07-11,68.06714186718148
2012-07-12,71.20618120074823
2012-07-13,72.2152597424861
2012-07-14,78.73267176291414
2012-07-15,76.86382707486129
2012-07-16,68.21213074129122
2012-07-17,70.484214695094
2012-07-18,69.64693364238789
2012-07-19,63.714331074543104
2012-07-20,79.05806205435239
2012-07-21,86.53536940815376
2012-07-22,73.90721882727948
2012-07-23,68.47038379821055
2012-07-24,55.53802314492075
2012-07-25,68.04006692265072
2012-07-26,71.06062856669877
2012-07-27,58.78039364905627
2012-07-28,72.97550280025968
2012-07-29,68.18567066568872
2012-07-30,68.76382536469379
2012-07-31,75.13273760438459
2012-08-01,61.51760508293274
2012-08-02,69.61035810206937
2012-08-03,68.51320815642197
2012-08-04,85.4753259742235
2012-08-05,67.56866129176338
2012-08-06,76.2021749394694
2012-08-07,75.53627965445052
2012-08-08,65.84808564596389
2012-08-09,73.32450783540065
2012-08-10,67.48342303383335
2012-08-11,65.08999899554343
2012-08-12,74.0774036799227
2012-08-13,61.244383325746284
2012-08-14,69.28012117823003
2012-08-15,72.63363472581223
2012-08-16,74.79722316037558
2012-08-17,79.870696527323
2012-08-18,67.16315908110641
2012-08-19,85.53837800007663
2012-08-20,84.61336251770149
2012-08-21,75.98055645263142
2012-08-22,70.07777774705228
2012-08-23,87.13407179066209
2012-08-24,93.85002824832719
2012-08-25,87.82402529503025
2012-08-26,88.03811237044346
2012-08-27,81.35742493756442
2012-08-28,83.86146061576244
2012-08-29,81.3039124098328
2012-08-30,89.92059652033598
2012-08-31,71.80425718485556
2012-09-01,85.97226391694886
2012-09-02,72.94463316566062
2012-09-03,89.74401067506393
2012-09-04,75.68326027481828
2012-09-05,71.12810267539912
2012-09-06,75.84761269973842
2012-09-07,71.73725657397094
2012-09-08,82.1666620785473
2012-09-09,79.47099316500793
2012-09-10,69.82956802001304
2012-09-11,67.58816909673375
2012-09-12,76.58015431064393
2012-09-13,69.6416176121647
2012-09-14,67.70503800124898
2012-09-15,79.55267754565062
2012-09-16,84.02113206735511
2012-09-17,73.76491042219976
2012-09-18,72.56220031525754
2012-09-19,79.85878132523891
2012-09-20,76.21075366007265
2012-09-21,70.25471888915737
2012-09-22,79.77191554246707
2012-09-23,78.20594841503184
2012-09-24,76.95811177189168
2012-09-25,78.47621247617917
2012-09-26,80.66060777734623
2012-09-27,78.38120607924719
2012-09-28,75.79110784917734
2012-09-29,84.5715742810064
2012-09-30,85.96437572018432
2012-10-01,71.87410342723543
2012-10-02,79.55875561113326
2012-10-03,77.22171193303298
2012-10-04,77.00963663139665
2012-10-05,69.91644785530346
2012-10-06,78.5266277872562
2012-10-07,84.27379230140237
2012-10-08,69.63507912748527
2012-10-09,81.44211389625927
2012-10-10,77.85125477341944
2012-10-11,80.2319622478332
2012-10-12,72.20631231902473
2012-10-13,80.6859696917068
2012-10-14,74.08037033467744
2012-10-15,79.4395994275514
2012-10-16,69.00289815982993
2012-10-17,72.96106873231606
2012-10-18,69.74569973329028
2012-10-19,89.00758372120485
2012-10-20,77.21826497538306
2012-10-21,103.97859144454743
2012-10-22,89.94040960051859
2012-10-23,100.03987884970564
2012-10-24,95.75867988335592
2012-10-25,105.17731406857051
2012-10-26,110.4754632298249
2012-10-27,114.98200259435902
2012-10-28,104.31562275796875
2012-10-29,100.4831241454434
2012-10-30,96.42174907241949
2012-10-31,98.82477494132382
2012-11-01,93.96458823031776
2012-11-02,87.20155007598107
2012-11-03,101.25869776118095
2012-11-04,90.13573629405313
2012-11-05,90.37805833580961
2012-11-06,99.76878220293375
2012-11-07,106.85401917778955
2012-11-08,104.0594235004151
2012-11-09,102.4694036013878
2012-11-10,116.351582645682
2012-11-11,121.93132562119123
2012-11-12,106.73740040427329
2012-11-13,94.38812342258184
2012-11-14,105.51754729688713
2012-11-15,107.70022466739324
2012-11-16,105.5617644359729
2012-11-17,98.13938625820865
2012-11-18,107.60190699645608
2012-11-19,94.92253114550459
2012-11-20,92.52315337169878
2012-11-21,83.82334606022326
2012-11-22,90.66863083197583
2012-11-23,101.46656386694636
2012-11-24,105.22510680094236
2012-11-25,105.39747918709408
2012-11-26,99.75461121434672
2012-11-27,92.12630810604625
2012-11-28,94.74805147556086
2012-11-29,104.33715113490375
2012-11-30,90.32266651914753
2012-12-01,105.15658676200759
2012-12-02,110.12819583816146
2012-12-03,91.77092397131705
2012-12-04,96.96258182400646
2012-12-05,94.99012103255168
2012-12-06,101.00223312064632
2012-12-07,95.27790808492433
2012-12-08,115.55031963139068
2012-12-09,107.55205147556039
2012-12-10,90.00285733722117
2012-12-11,96.80965839419552
2012-12-12,87.77371060577207
2012-12-13,102.58572262692252
2012-12-14,85.59627981256712
2012-12-15,101.22640079002853
2012-12-16,94.93866445310988
2012-12-17,90.61633945907428
2012-12-18,85.71924888032436
2012-12-19,85.60485678791747
2012-12-20,90.64264346492466
2012-12-21,90.3024209035452
2012-12-22,106.33734064811335
2012-12-23,93.71699344258845
2012-12-24,100.92621689313648
2012-12-25,106.79094873390574
2012-12-26,99.5304523127916
2012-12-27,101.12880435527622
2012-12-28,104.72219809680337
2012-12-29,104.70092811987038
2012-12-30,112.56151547680695
2012-12-31,97.05718229595205
2013-01-01,106.68221547267665
2013-01-02,96.93138887509272
2013-01-03,87.94137782167286
2013-01-04,91.53555130935882
2013-01-05,98.15360706335078
2013-01-06,89.50627117129272
2013-01-07,88.7684925045615
2013-01-08,81.5767251355938
2013-01-09,89.49582777891422
2013-01-10,82.34210362567009
2013-01-11,92.80745216034154
2013-01-12,86.31704554170925
2013-01-13,81.50121640469258
2013-01-14,83.41648944747045
2013-01-15,82.23966296469808
2013-01-16,78.98325503619817
2013-01-17,78.31195420902738
2013-01-18,85.5370395238513
2013-01-19,94.56208634281315
2013-01-20,85.2966043823375
2013-01-21,80.07434532041918
2013-01-22,81.94352147682018
2013-01-23,87.7173654267445
2013-01-24,77.4936797218139
2013-01-25,87.50995347028224
2013-01-26,103.69751442926065
2013-01-27,87.85778584553576
2013-01-28,89.70776836971146
2013-01-29,100.64283468735582
2013-01-30,92.56827265502076
2013-01-31,99.19560522852692
2013-02-01,101.40422785667865
2013-02-02,88.05542646323357
2013-02-03,106.7659722702085
2013-02-04,93.4144155618062
2013-02-05,91.36850432908278
2013-02-06,89.86712538721049
2013-02-07,89.41831412094356
2013-02-08,97.69944445086193
2013-02-09,101.35593582905153
2013-02-10,83.33485220678119
2013-02-11,87.9938056105589
2013-02-12,85.57542263762436
2013-02-13,85.37000073548606
2013-02-14,83.10009511451818
2013-02-15,97.19353479304655
2013-02-16,89.68622088827914
2013-02-17,96.23300052669371
2013-02-18,80.73302240753259
2013-02-19,91.49583328034964
2013-02-20,98.77827052063074
2013-02-21,93.2509570298066
2013-02-22,95.97426882967326
2013-02-23,100.23005965524155
2013-02-24,97.74055013378738
2013-02-25,84.01766035409422
2013-02-26,90.52405733283669
2013-02-27,90.95558721095658
2013-02-28,95.42321998791385
2013-03-01,93.6845359481534
2013-03-02,86.84657693255878
2013-03-03,87.79496773964439
2013-03-04,87.37937156169133
2013-03-05,83.6600169189268
2013-03-06,83.88795432998602
2013-03-07,78.68762166181493
2013-03-08,93.50697327466507
2013-03-09,89.92005993381682
2013-03-10,96.60423576563252
2013-03-11,84.35175145029179
2013-03-12,94.98137995732425
2013-03-13,84.54273131109042
2013-03-14,84.12899224330869
2013-03-15,94.94097366763143
2013-03-16,95.45644921138198
2013-03-17,89.78588699976142
2013-03-18,79.7890478395347
2013-03-19,78.49011163784317
2013-03-20,80.62398438944733
2013-03-21,81.89545782567801
2013-03-22,82.81256733579593
2013-03-23,96.07619757849044
2013-03-24,94.62191796657166
2013-03-25,86.1460540480067
2013-03-26,86.46875670443039
2013-03-27,100.86222533167914
2013-03-28,81.5675809045197
2013-03-29,87.41745279590728
2013-03-30,107.8354679594805
2013-03-31,99.45387840199336
2013-04-01,87.21556669535532
2013-04-02,92.7283900615731
2013-04-03,83.66282390634609
2013-04-04,82.74190551519844
2013-04-05,98.04801603853463
2013-04-06,89.21543476746916
2013-04-07,93.19218980913419
2013-04-08,88.60131229581593
2013-04-09,90.882814746173
2013-04-10,89.78006666159823
2013-04-11,83.60909060831082
2013-04-12,82.75086140921557
2013-04-13,89.91253265786354
2013-04-14,85.59691414156691
2013-04-15,74.73203724135402
2013-04-16,75.33006566612443
2013-04-17,83.3267163222073
2013-04-18,86.39058482656677
2013-04-19,85.49155691709845
2013-04-20,84.2782503712545
2013-04-21,88.89327485919796
2013-04-22,87.98068599048365
2013-04-23,82.04851914781642
2013-04-24,77.72965591630151
2013-04-25,75.02764899165234
2013-04-26,78.39402522069318
2013-04-27,84.42175009122855
2013-04-28,81.51837978230223
2013-04-29,75.33866606345114
2013-04-30,78.81441877547272
2013-05-01,72.73266330112533
2013-05-02,70.5926250597283
2013-05-03,73.68748503797761
2013-05-04,79.61562140240802
2013-05-05,86.57581778897305
2013-05-06,82.37158984470001
2013-05-07,88.34042380361718
2013-05-08,76.58655843994401
2013-05-09,78.94924644268319
2013-05-10,78.31870863633561
2013-05-11,71.88121057819285
2013-05-12,72.3234261438016
2013-05-13,63.13860015005889
2013-05-14,70.32890737631266
2013-05-15,69.09298395881233
2013-05-16,60.35453059474313
2013-05-17,66.14380904787771
2013-05-18,59.71968396934522
2013-05-19,77.93781340212867
2013-05-20,62.78653725114915
2013-05-21,71.1196337692129
2013-05-22,65.98907484273072
2013-05-23,74.50547610218925
2013-05-24,79.48089908476592
2013-05-25,78.70556749401203
2013-05-26,86.4257883232311
2013-05-27,71.41328945195818
2013-05-28,73.21667173716669
2013-05-29,80.47441653598203
2013-05-30,73.78880909153904
2013-05-31,76.52947718043123
2013-06-01,71.79269794630002
2013-06-02,68.62870746905857
2013-06-03,64.156410890609
2013-06-04,69.18310643592297
2013-06-05,68.83721278886875
2013-06-06,54.99016376543334
2013-06-07,58.955413187663
2013-06-08,57.938869868246705
2013-06-09,58.52012496836535
2013-06-10,66.24178914471138
2013-06-11,78.76263638377603
2013-06-12,78.66735574176538
2013-06-13,67.2988659378036
2013-06-14,75.09310512429316
2013-06-15,70.9675446522837
2013-06-16,74.27371424897169
2013-06-17,62.57434917469694
2013-06-18,63.210990232969166
2013-06-19,59.603209809845566
2013-06-20,63.02015647751524
2013-06-21,55.311111426848484
2013-06-22,56.104714593841834
2013-06-23,73.20623691161934
2013-06-24,65.29026075956824
2013-06-25,58.17422077725189
2013-06-26,76.78382515824285
2013-06-27,53.60010523031791
2013-06-28,63.52808259117848
2013-06-29,64.2160800221004
2013-06-30,54.648026752603535
2013-07-01,54.37353620180151
2013-07-02,59.00466646471278
2013-07-03,66.3245358551253
2013-07-04,70.42145987476985
2013-07-05,63.67490772639312
2013-07-06,61.27975597171035
2013-07-07,65.31433119049942
2013-07-08,79.14607493966247
2013-07-09,61.23687715902161
2013-07-10,70.4371306960322
2013-07-11,77.19196575891914
2013-07-12,79.46568810674484
2013-07-13,39.70986417103614
2013-07-14,67.52158233445999
2013-07-15,74.99565636943831
2013-07-16,69.84498714430629
2013-07-17,59.59773538634871
2013-07-18,59.44877765502761
2013-07-19,62.05469336502528
2013-07-20,69.95565944731736
2013-07-21,77.65565672202304
2013-07-22,67.39947920392932
2013-07-23,67.8715864099326
2013-07-24,70.34655939404564
2013-07-25,68.18796387420397
2013-07-26,70.02529603362943
2013-07-27,73.48890830039997
2013-07-28,70.91208483972916
2013-07-29,67.16437920263631
2013-07-30,69.3582867980645
2013-07-31,55.69447104470319
2013-08-01,66.90813293024456
2013-08-02,68.9039316155605
2013-08-03,60.43487115238359
2013-08-04,80.34256609131738
2013-08-05,74.96770535818942
2013-08-06,78.02536460581422
2013-08-07,70.29546382604977
2013-08-08,69.23594630014307
2013-08-09,95.1184897595349
2013-08-10,85.12078833287433
2013-08-11,76.81259175362239
2013-08-12,56.98979873775597
2013-08-13,55.21083177026389
2013-08-14,61.26879808697643
2013-08-15,71.97693026203845
2013-08-16,56.99166021107763
2013-08-17,68.8715579208219
2013-08-18,76.81120495490205
2013-08-19,58.55915312221965
2013-08-20,63.5795750548494
2013-08-21,77.78603503854744
2013-08-22,68.38360542867945
2013-08-23,60.23049321521512
2013-08-24,68.78802708394657
2013-08-25,83.16009143466907
2013-08-26,67.67537140185772
2013-08-27,72.5831852117779
2013-08-28,78.5320031417476
2013-08-29,68.43336219350505
2013-08-30,68.2894371458715
2013-08-31,72.9275040674171
2013-09-01,85.81144059084349
2013-09-02,84.16956088189373
2013-09-03,80.42563939105378
2013-09-04,91.16010373171906
2013-09-05,82.70406329032043
2013-09-06,81.13429944565188
2013-09-07,87.82215246802649
2013-09-08,84.2296597951922
2013-09-09,75.34048228923112
2013-09-10,78.29282068385511
2013-09-11,71.95879774817577
2013-09-12,76.16600433732526
2013-09-13,72.841880931917
2013-09-14,89.32796833511355
2013-09-15,81.42518791732203
2013-09-16,63.44830241406615
2013-09-17,60.70671107812643
2013-09-18,66.64213891979793
2013-09-19,62.73438684973089
2013-09-20,64.17833142796208
2013-09-21,63.75844908900849
2013-09-22,65.28322888238127
2013-09-23,62.88798615323835
2013-09-24,65.52551232708468
2013-09-25,68.54888232994729
2013-09-26,72.6402136066107
2013-09-27,62.43410023341741
2013-09-28,76.946238816767
2013-09-29,87.40335246808304
2013-09-30,66.88052179476898
2013-10-01,76.06488296728722
2013-10-02,71.63698515101154
2013-10-03,78.99859766849562
2013-10-04,72.88650630153877
2013-10-05,80.78080695589986
2013-10-06,73.35755501417826
2013-10-07,68.06200953733905
2013-10-08,65.23522924891948
2013-10-09,79.41484212775136
2013-10-10,72.2672690134892
2013-10-11,70.6295680124279
2013-10-12,65.57736926263037
2013-10-13,74.75335618365017
2013-10-14,67.61852662033102
2013-10-15,75.20922418538558
2013-10-16,74.52530138084836
2013-10-17,63.62698673095139
2013-10-18,78.9542729599279
2013-10-19,90.71781240090016
2013-10-20,90.74285383777548
2013-10-21,75.42608433860123
2013-10-22,88.03222374084201
2013-10-23,77.92115736448923
2013-10-24,92.88373848888753
2013-10-25,79.37730061481464
2013-10-26,87.60852962999068
2013-10-27,87.67794432437145
2013-10-28,81.5622678302333
2013-10-29,84.45637670592988
2013-10-30,73.31393841873671
2013-10-31,67.76359290453644
2013-11-01,81.7994058056709
2013-11-02,100.99567857565188
2013-11-03,88.54293820887192
2013-11-04,92.10459312408264
2013-11-05,101.87165240069876
2013-11-06,88.86123013879913
2013-11-07,91.58454025467888
2013-11-08,88.12855992443738
2013-11-09,96.3988719984927
2013-11-10,100.6641429722644
2013-11-11,87.03027360634249
2013-11-12,90.3101223068834
2013-11-13,91.10597431857916
2013-11-14,83.92181045930364
2013-11-15,77.16330712239578
2013-11-16,86.85667150341665
2013-11-17,97.807027038684
2013-11-18,89.61598573111439
2013-11-19,84.91421479833562
2013-11-20,98.9569866130031
2013-11-21,93.47111782944063
2013-11-22,93.75890231177664
2013-11-23,107.15310256075048
2013-11-24,91.36243717410323
2013-11-25,91.37504452884477
2013-11-26,94.94833761856034
2013-11-27,93.47413643413995
2013-11-28,93.69545610508243
2013-11-29,86.23673449990028
2013-11-30,91.78886735719703
2013-12-01,83.37979415851149
2013-12-02,77.79213119290219
2013-12-03,77.88935064310833
2013-12-04,74.29589037207168
2013-12-05,78.17431810349703
2013-12-06,73.22486913063692
2013-12-07,83.38204973894207
2013-12-08,88.65129240921974
2013-12-09,88.493646718025
2013-12-10,96.9884429935004
2013-12-11,92.2368691919848
2013-12-12,90.08039236348345
2013-12-13,87.79409543514282
2013-12-14,102.46644140859382
2013-12-15,95.71766608415417
2013-12-16,88.74181190480721
2013-12-17,90.40640561600009
2013-12-18,92.39814089325203
2013-12-19,100.16685188250828
2013-12-20,91.62188100896297
2013-12-21,104.59587743887069
2013-12-22,110.6885972596793
2013-12-23,97.61227248418736
2013-12-24,81.8123283180903
2013-12-25,97.70016862996849
2013-12-26,102.55818861620985
2013-12-27,99.8040808755813
2013-12-28,87.54425896895448
2013-12-29,96.49177126026265
2013-12-30,87.62944530337799
2013-12-31,93.88721115027916
2014-01-01,82.5660639272405
2014-01-02,82.2455661922143
2014-01-03,88.58432464238057
2014-01-04,94.14654862271045
2014-01-05,99.79909571290455
2014-01-06,85.91694568869578
2014-01-07,75.52156221771057
2014-01-08,85.83641070930553
2014-01-09,84.36498990365064
2014-01-10,102.56996681363013
2014-01-11,81.52278929943715
2014-01-12,94.24199791251941
2014-01-13,82.07139230992684
2014-01-14,77.29431205065983
2014-01-15,81.71197350580236
2014-01-16,90.05928266981967
2014-01-17,89.86628005619885
2014-01-18,100.94634573686032
2014-01-19,94.8423926804731
2014-01-20,87.5226077027377
2014-01-21,85.96803650157104
2014-01-22,95.29455989080738
2014-01-23,84.38056957883201
2014-01-24,89.34986843344967
2014-01-25,91.40869984709957
2014-01-26,80.65570282668507
2014-01-27,77.34111208587557
2014-01-28,80.26411671331557
2014-01-29,86.65361459798407
2014-01-30,88.75051984040161
2014-01-31,85.4002065546854
2014-02-01,80.620772806631
2014-02-02,96.49351072112162
2014-02-03,87.42405829230366
2014-02-04,86.45247911385107
2014-02-05,81.53868979813664
2014-02-06,88.8829795931422
2014-02-07,87.08391375356976
2014-02-08,97.2622641194654
2014-02-09,86.35665092029677
2014-02-10,67.07592897822106
2014-02-11,81.72559047733662
2014-02-12,75.53018374607228
2014-02-13,77.9557612008734
2014-02-14,75.56247761809185
2014-02-15,88.53319335161602
2014-02-16,82.73716743432954
2014-02-17,76.46449740270326
2014-02-18,75.87200370562687
2014-02-19,67.0473326849434
2014-02-20,82.26671850916286
2014-02-21,81.9247172034301
2014-02-22,92.53864432439588
2014-02-23,82.25503640862398
2014-02-24,92.67651378913254
2014-02-25,87.50519154476109
2014-02-26,90.01832738295008
2014-02-27,84.28208418215306
2014-02-28,79.6720240752981
2014-03-01,81.6379812073329
2014-03-02,91.24440294902763
2014-03-03,68.99956974497377
2014-03-04,82.37981792684764
2014-03-05,77.52273844267897
2014-03-06,76.99860269338653
2014-03-07,73.66294101275888
2014-03-08,79.81163083325923
2014-03-09,74.93851655228627
2014-03-10,74.50282601261114
2014-03-11,76.05675235407469
2014-03-12,75.39745737517165
2014-03-13,73.21771660533648
2014-03-14,65.77654219680625
2014-03-15,75.28893605220208
2014-03-16,70.99566477040787
2014-03-17,69.87505369759849
2014-03-18,63.33668629651528
2014-03-19,66.76017927104945
2014-03-20,70.71312736797591
2014-03-21,64.7506072562671
2014-03-22,70.75722019799926
2014-03-23,81.19059468760283
2014-03-24,65.0602212789654
2014-03-25,73.58530393735029
2014-03-26,65.8920865675302
2014-03-27,72.73980256798387
2014-03-28,78.10224474896746
2014-03-29,78.65409058050828
2014-03-30,69.5459113735201
2014-03-31,70.30986727523167
2014-04-01,70.87762062646999
2014-04-02,71.14918489418748
2014-04-03,76.02017380728823
2014-04-04,75.78462459114212
2014-04-05,80.66719348915873
2014-04-06,86.38688301306445
2014-04-07,72.24411458824623
2014-04-08,76.14259127939225
2014-04-09,71.87052930168072
2014-04-10,68.29545540189676
2014-04-11,72.34512484678858
2014-04-12,69.33269646717557
2014-04-13,68.58754735756627
2014-04-14,70.99149311308602
2014-04-15,73.08065609735075
2014-04-16,71.3449736401933
2014-04-17,69.29450841063665
2014-04-18,81.8470267597926
2014-04-19,76.7866903301414
2014-04-20,85.79998592491273
2014-04-21,81.76686281441549
2014-04-22,75.40580184567968
2014-04-23,82.57603354800877
2014-04-24,76.4156309441341
2014-04-25,72.39658080831452
2014-04-26,78.32415407609659
2014-04-27,80.75850552217766
2014-04-28,72.50909772247061
2014-04-29,75.0981570516733
2014-04-30,68.11189797645783
2014-05-01,74.73520813829789
2014-05-02,80.83861212352355
2014-05-03,78.98631927560206
2014-05-04,80.63221830927088
2014-05-05,72.85524821485635
2014-05-06,67.62088578813695
2014-05-07,72.77703430831994
2014-05-08,70.8515397122787
2014-05-09,74.17580638143394
2014-05-10,71.2497605692648
2014-05-11,75.0513971463148
2014-05-12,73.46953591675842
2014-05-13,82.29945889635795
2014-05-14,78.44864851707122
2014-05-15,81.08389436123642
2014-05-16,78.56656757410775
2014-05-17,88.03131618970698
2014-05-18,86.06232739811215
2014-05-19,69.3598441259571
2014-05-20,71.95157918493923
2014-05-21,76.67446298100376
2014-05-22,79.6205310014196
2014-05-23,74.6045412335114
2014-05-24,81.62461388814394
2014-05-25,72.27695235917031
2014-05-26,66.27742171498676
2014-05-27,71.10799764666912
2014-05-28,72.22039408777691
2014-05-29,61.20893464165116
2014-05-30,71.28065957045432
2014-05-31,80.77478739835855
2014-06-01,73.6651109316385
2014-06-02,79.20379408426233
2014-06-03,62.97588029103129
2014-06-04,75.23779317150435
2014-06-05,62.35449615034739
2014-06-06,81.48174655848824
2014-06-07,58.72348817289542
2014-06-08,75.49327985903173
2014-06-09,66.62038286473812
2014-06-10,67.29779396371194
2014-06-11,65.28647884212047
2014-06-12,63.12661443563236
2014-06-13,59.43264968921541
2014-06-14,73.55611432506015
2014-06-15,69.38031086606364
2014-06-16,70.8396805323413
2014-06-17,62.32368144912746
2014-06-18,64.51610396873622
2014-06-19,68.40731354191333
2014-06-20,68.8991928310879
2014-06-21,84.38049120900521
2014-06-22,71.80320323385283
2014-06-23,76.90883850425728
2014-06-24,82.14708366948715
2014-06-25,76.66445547076819
2014-06-26,74.87068487191716
2014-06-27,74.4565201157825
2014-06-28,82.53445661436336
2014-06-29,85.11042872004302
2014-06-30,81.89978628876015
2014-07-01,84.72589831360943
2014-07-02,83.94997026871516
2014-07-03,78.75132960907005
2014-07-04,83.67470970555716
2014-07-05,76.68274340705881
2014-07-06,86.2538339204422
2014-07-07,86.99268753323143
2014-07-08,76.45149738357073
2014-07-09,80.6786232890399
2014-07-10,61.38667112084608
2014-07-11,72.70450205854111
2014-07-12,70.6639626538893
2014-07-13,85.88573119979446
2014-07-14,64.32262502507653
2014-07-15,60.70391076634063
2014-07-16,66.80865216911259
2014-07-17,57.55837515384295
2014-07-18,65.73024388772933
2014-07-19,72.55181793571563
2014-07-20,75.95542880190315
2014-07-21,62.98105627702695
2014-07-22,67.26916941393985
2014-07-23,72.0546004598295
2014-07-24,76.87549906403784
2014-07-25,81.36238494644499
2014-07-26,78.72605793840295
2014-07-27,79.82000129804835
2014-07-28,75.4106453993565
2014-07-29,70.53215907119069
2014-07-30,74.3753643065507
2014-07-31,71.05260901642906
2014-08-01,84.5339264379595
2014-08-02,73.95071927986201
2014-08-03,70.97526356158895
2014-08-04,77.54817239634671
2014-08-05,71.23417679521543
2014-08-06,60.96475201350259
2014-08-07,63.82836105386882
2014-08-08,68.23256009536678
2014-08-09,66.69537344548442
2014-08-10,80.87758258335394
2014-08-11,84.39897364651573
2014-08-12,76.98243642389983
2014-08-13,67.81879290698507
2014-08-14,58.29359414858703
2014-08-15,70.76039715643253
2014-08-16,95.8898248330152
2014-08-17,83.16610682366469
2014-08-18,75.27855588475433
2014-08-19,76.70001503410741
2014-08-20,73.7881354335591
2014-08-21,69.7474479823151
2014-08-22,78.47964825376673
2014-08-23,71.5809396409911
2014-08-24,83.18206310889069
2014-08-25,82.32321356367694
2014-08-26,84.38400770508727
2014-08-27,75.18563974575623
2014-08-28,88.25844519142537
2014-08-29,77.60212905187613
2014-08-30,89.4479114948772
2014-08-31,99.77957425127298
2014-09-01,69.56374136591491
2014-09-02,74.45074319820294
2014-09-03,71.72652763663453
2014-09-04,76.22714904783129
2014-09-05,73.24445008357053
2014-09-06,82.53852039878004
2014-09-07,79.85155845621814
2014-09-08,83.4020912251291
2014-09-09,82.10571027359761
2014-09-10,76.7937462344264
2014-09-11,78.41205243461523
2014-09-12,84.60519208061892
2014-09-13,97.31293665064459
2014-09-14,94.64357949002284
2014-09-15,81.70548566927286
2014-09-16,88.75695859232029
2014-09-17,91.43361587822716
2014-09-18,75.17651337345364
2014-09-19,79.0795069746079
2014-09-20,88.34917465706437
2014-09-21,98.01174340461259
2014-09-22,84.56007867595395
2014-09-23,70.31931591894971
2014-09-24,79.35185843868392
2014-09-25,88.10333831444152
2014-09-26,77.9611863861422
2014-09-27,76.91353394679403
2014-09-28,75.49244879568734
2014-09-29,76.32166811210794
2014-09-30,70.81077535890631
2014-10-01,68.6870494765545
2014-10-02,77.22310132429342
2014-10-03,74.66577935160707
2014-10-04,73.12266815354967
2014-10-05,60.65315980055118
2014-10-06,66.31729250553978
2014-10-07,71.61263065659611
2014-10-08,69.3804938043522
2014-10-09,68.48840869440642
2014-10-10,71.01470191101716
2014-10-11,73.6340509231783
2014-10-12,88.63167507765664
2014-10-13,84.07878297160735
2014-10-14,79.0959791517832
2014-10-15,87.03073877250415
2014-10-16,95.56231553974253
2014-10-17,81.2002900425194
2014-10-18,84.10432667885414
2014-10-19,87.73307747986811
2014-10-20,90.5114948288853
2014-10-21,82.932566878228
2014-10-22,85.68363667353928
2014-10-23,86.57185493894926
2014-10-24,87.8141033585288
2014-10-25,88.30194109362127
2014-10-26,77.92084544535422
2014-10-27,84.92706440253718
2014-10-28,74.40471140023662
2014-10-29,72.12503604369157
2014-10-30,80.85914044246695
2014-10-31,90.04486232961479
2014-11-01,96.13305939103961
2014-11-02,88.03116677609898
2014-11-03,86.52276640433442
2014-11-04,81.2908319631128
2014-11-05,87.63682086591993
2014-11-06,92.72484603639327
2014-11-07,90.85993737540035
2014-11-08,90.77106652134648
2014-11-09,90.2413517897775
2014-11-10,87.52788931058856
2014-11-11,79.49009669796013
2014-11-12,93.00766439724134
2014-11-13,87.20683631424123
2014-11-14,84.71827966779432
2014-11-15,89.72351648268604
2014-11-16,80.82466471258437
2014-11-17,90.63066094219425
2014-11-18,88.616749642901
2014-11-19,85.73944222633992
2014-11-20,86.18736611042955
2014-11-21,82.22275156215129
2014-11-22,93.3108145430659
2014-11-23,88.96943186330628
2014-11-24,76.48606669117126
2014-11-25,88.51353886695871
2014-11-26,80.57565955461838
2014-11-27,86.34131936800418
2014-11-28,87.15176411201293
2014-11-29,102.6356337218036
2014-11-30,93.29406506825725
2014-12-01,87.65699195780932
2014-12-02,89.6607005187501
2014-12-03,90.5655610228332
2014-12-04,90.2543345372019
2014-12-05,97.13625015128704
2014-12-06,112.61817508814538
2014-12-07,99.56734109735471
2014-12-08,94.30412801628142
2014-12-09,82.28024977591342
2014-12-10,80.12231902344617
2014-12-11,83.95079281065601
2014-12-12,81.71137696287035
2014-12-13,100.83798235472243
2014-12-14,92.55921188174855
2014-12-15,85.87641859985123
2014-12-16,104.09883447456421
2014-12-17,86.64590418621987
2014-12-18,95.4624179371485
2014-12-19,81.86934869610688
2014-12-20,106.09198227844055
2014-12-21,87.86072761745952
2014-12-22,84.77614426214187
2014-12-23,89.9104769429162
2014-12-24,94.02671863152011
2014-12-25,87.51838201977637
2014-12-26,82.20883609936125
2014-12-27,83.36317488154313
2014-12-28,100.86499588288852
2014-12-29,87.32001493880058
2014-12-30,86.78875556961201
2014-12-31,92.34346250730677
2015-01-01,85.68775644540484
2015-01-02,87.71306963975351
2015-01-03,95.6482999799999
2015-01-04,102.45911134636408
2015-01-05,93.052907766220045
2015-01-06,88.53625029757268
2015-01-07,90.47943012991848
2015-01-08,90.5691409429732
2015-01-09,91.71503995056682
2015-01-10,93.77857204649573
2015-01-11,105.11922858859907
2015-01-12,88.7596492706458
2015-01-13,76.42895323200895
2015-01-14,85.72008616605589
2015-01-15,83.9447012773244
2015-01-16,81.16047814299662
2015-01-17,89.5176336994563
2015-01-18,83.56466089018181
2015-01-19,75.49028498861716
2015-01-20,82.60323608489003
2015-01-21,76.59564033558405
2015-01-22,75.20255123505937
2015-01-23,85.62883426125693
2015-01-24,107.87448941627571
2015-01-25,94.8307808612738
2015-01-26,87.02992892917885
2015-01-27,85.58037446519596
2015-01-28,86.04835409290453
2015-01-29,84.21326614202252
2015-01-30,71.8044366282317
2015-01-31,79.21872406100485
2015-02-01,88.50791324710582
2015-02-02,75.23649745908251
2015-02-03,80.18231002770894
2015-02-04,84.20343023748889
2015-02-05,75.72162504897346
2015-02-06,76.99808139596001
2015-02-07,78.56486707633687
2015-02-08,83.79348965656979
2015-02-09,80.07590237779779
2015-02-10,81.82183620262691
2015-02-11,78.5472881547023
2015-02-12,80.87481631511842
2015-02-13,84.42750043373499
2015-02-14,101.86359283026604
2015-02-15,89.38191672154498
2015-02-16,89.9644447199746
2015-02-17,94.95681178224244
2015-02-18,83.07837479394833
2015-02-19,85.16652644573934
2015-02-20,88.89341505252274
2015-02-21,92.78111948899813
2015-02-22,93.13483694403322
2015-02-23,91.88802632529556
2015-02-24,83.03663306025868
2015-02-25,87.73340324668877
2015-02-26,84.2713703656821
2015-02-27,104.0563583131408
2015-02-28,81.1432423030281
2015-03-01,92.51181782179003
2015-03-02,76.32640263562625
2015-03-03,69.88318896187963
2015-03-04,68.92249548417863
2015-03-05,81.29577817513962
2015-03-06,74.119292019702
2015-03-07,61.66421286920222
2015-03-08,91.82442216652744
2015-03-09,78.54580185139075
2015-03-10,76.88091380736626
2015-03-11,82.34980962644006
2015-03-12,78.187321552217
2015-03-13,83.56023916858456
2015-03-14,88.12311460426164
2015-03-15,94.2562535166982
2015-03-16,86.47022494391915
2015-03-17,81.62967210010044
2015-03-18,79.73104229089894
2015-03-19,88.71105617097672
2015-03-20,88.75633366525267
2015-03-21,82.26849660106772
2015-03-22,87.76774406675229
2015-03-23,80.38852583669598
2015-03-24,68.99836866023789
2015-03-25,69.20781440739128
2015-03-26,84.15744546919953
2015-03-27,70.3871437847073
2015-03-28,80.73258954628606
2015-03-29,83.04899830347978
2015-03-30,65.35361978230543
2015-03-31,72.05514161166221
2015-04-01,71.57721054202504
2015-04-02,69.7350035291778
2015-04-03,61.23145231110485
2015-04-04,76.40301958237583
2015-04-05,68.9723001375725
2015-04-06,75.35966831035333
2015-04-07,70.67139016396845
2015-04-08,65.76094895554772
2015-04-09,73.42159941684014
2015-04-10,68.94434774951281
2015-04-11,74.95986117260865
2015-04-12,74.98008214079175
2015-04-13,72.56936651346282
2015-04-14,81.89941468776117
2015-04-15,68.94251385062945
2015-04-16,83.80942712789022
2015-04-17,72.0089184488571
2015-04-18,69.86729429286356
2015-04-19,82.47556661321345
2015-04-20,62.50264423566856
2015-04-21,70.72803340225754
2015-04-22,63.18358066185455
2015-04-23,66.42568121674977
2015-04-24,67.66108033590938
2015-04-25,73.35568293711734
2015-04-26,72.47126562408735
2015-04-27,65.82725345725247
2015-04-28,67.04823180275588
2015-04-29,69.22776155914109
2015-04-30,67.93918474514733
2015-05-01,78.2921132397709
2015-05-02,79.38984882987842
2015-05-03,79.38937925931936
2015-05-04,71.82764258187606
2015-05-05,74.67061746361907
2015-05-06,66.02659725092784
2015-05-07,69.91180021326468
2015-05-08,66.28192110354767
2015-05-09,71.85594263954776
2015-05-10,75.54945638944642
2015-05-11,59.59007870288611
2015-05-12,64.43590036265486
2015-05-13,65.23937246276085
2015-05-14,69.79866055398666
2015-05-15,79.37141866780821
2015-05-16,68.42798045823379
2015-05-17,73.01398950412205
2015-05-18,68.79797722501121
2015-05-19,69.17360381014431
2015-05-20,66.33559832176064
2015-05-21,72.01495968369582
2015-05-22,72.95658281292302
2015-05-23,73.04001066003302
2015-05-24,69.54032615240719
2015-05-25,85.30001944186967
2015-05-26,66.7444497709044
2015-05-27,68.74143887997496
2015-05-28,69.67639032724509
2015-05-29,79.23750340475476
2015-05-30,77.74640045052308
2015-05-31,76.96250194756833
2015-06-01,63.02415418184019
2015-06-02,51.589524486912524
2015-06-03,49.07833275280344
2015-06-04,59.04682668360499
2015-06-05,57.57115807615388
2015-06-06,71.80812759206937
2015-06-07,67.44225412435759
2015-06-08,70.64169945225329
2015-06-09,79.28195195851366
2015-06-10,69.30060833523942
2015-06-11,73.53522856600624
2015-06-12,71.11017676915925
2015-06-13,76.36057731187996
2015-06-14,60.93237131529846
2015-06-15,70.98518140676688
2015-06-16,69.71308727705703
2015-06-17,75.91339822647694
2015-06-18,63.67275684903546
2015-06-19,69.8468211850428
2015-06-20,67.18642050267651
2015-06-21,72.7338327657836
2015-06-22,72.44938955051396
2015-06-23,69.51985828091586
2015-06-24,84.03572924223197
2015-06-25,70.82803807198832
2015-06-26,75.29667430595414
2015-06-27,80.16843480444079
2015-06-28,65.43454127018512
2015-06-29,56.93923692686379
2015-06-30,68.18631550462118
2015-07-01,62.61499265385646
2015-07-02,55.38890918839919
2015-07-03,56.235344049284336
2015-07-04,61.45949442253034
2015-07-05,66.76615204072974
2015-07-06,59.29449098727952
2015-07-07,51.791580958189726
2015-07-08,59.914148865825354
2015-07-09,66.7122868177013
2015-07-10,60.454995884519555
2015-07-11,66.91352567380943
2015-07-12,60.08570140434549
2015-07-13,58.536604348504625
2015-07-14,66.20972596663151
2015-07-15,64.02709405149082
2015-07-16,62.167179808885784
2015-07-17,60.960383872918726
2015-07-18,73.47707119142525
2015-07-19,67.20297702450773
2015-07-20,56.535806822363874
2015-07-21,49.55794173088859
2015-07-22,55.96823913045342
2015-07-23,56.23042915924804
2015-07-24,52.469023432878835
2015-07-25,59.46323319396769
2015-07-26,70.19293310401869
2015-07-27,65.4790605700358
2015-07-28,66.39264970349531
2015-07-29,68.49283173977251
2015-07-30,54.232846021142095
2015-07-31,61.96403518673076
2015-08-01,69.58508357667729
2015-08-02,72.48010470168384
2015-08-03,84.39580902931596
2015-08-04,71.52475083588045
2015-08-05,60.79280560700809
2015-08-06,72.4752037699998
2015-08-07,68.05362601794722
2015-08-08,76.20897917413373
2015-08-09,81.42309142861282
2015-08-10,65.88045283155849
2015-08-11,61.541107695681106
2015-08-12,63.417072226955085
2015-08-13,72.00572372561793
2015-08-14,73.02167555771555
2015-08-15,84.07563688580338
2015-08-16,88.69020825607883
2015-08-17,75.93827718990094
2015-08-18,81.05902549759752
2015-08-19,83.17681729785399
2015-08-20,77.62696404305728
2015-08-21,74.43161835505084
2015-08-22,71.05060330396635
2015-08-23,79.90769333933427
2015-08-24,79.00335532334111
2015-08-25,70.18499065622731
2015-08-26,85.08934841354595
2015-08-27,70.06007584658892
2015-08-28,68.89834974119651
2015-08-29,77.33027799965026
2015-08-30,93.13897893618639
2015-08-31,63.34864661946886
2015-09-01,80.23698125631371
2015-09-02,79.2246311319885
2015-09-03,82.75752332271901
2015-09-04,73.93193496963988
2015-09-05,79.9046667328609
2015-09-06,104.00104114412088
2015-09-07,77.8147481547525
2015-09-08,77.82820595453106
2015-09-09,78.8243853574711
2015-09-10,79.69484552149432
2015-09-11,78.58507964923187
2015-09-12,79.31068218301733
2015-09-13,90.3768049766833
2015-09-14,62.51933442480953
2015-09-15,70.60065978735834
2015-09-16,74.08453099631615
2015-09-17,78.71210318676485
2015-09-18,69.08599618376905
2015-09-19,74.11804198224101
2015-09-20,67.02092020442595
2015-09-21,72.549772082594
2015-09-22,70.93740258082141
2015-09-23,78.34857399706631
2015-09-24,61.66861613577244
2015-09-25,70.26933155986387
2015-09-26,75.35257451446793
2015-09-27,65.15181912236858
2015-09-28,63.29724965863043
2015-09-29,68.72305761690514
2015-09-30,61.69046952087448
2015-10-01,64.32566989352287
2015-10-02,71.4769404761306
2015-10-03,66.06292365764435
2015-10-04,82.07580529794762
2015-10-05,72.66479201795802
2015-10-06,88.63342246608566
2015-10-07,86.19828333508435
2015-10-08,80.13858586553665
2015-10-09,73.96439273352229
2015-10-10,85.41075742374518
2015-10-11,74.41749100361449
2015-10-12,63.92846600452658
2015-10-13,66.59127666480937
2015-10-14,60.7060618604764
2015-10-15,79.2276205098419
2015-10-16,64.9113779042798
2015-10-17,76.06771725469808
2015-10-18,76.3952009450512
2015-10-19,67.42201615113983
2015-10-20,79.35317585133515
2015-10-21,76.85712816708325
2015-10-22,63.12064052065851
2015-10-23,63.499297205428874
2015-10-24,95.86670681891727
2015-10-25,83.46334096242403
2015-10-26,75.94800941485711
2015-10-27,77.54131385058159
2015-10-28,84.10791727560427
2015-10-29,88.2724248488597
2015-10-30,87.0363619813402
2015-10-31,90.7451765432413
2015-11-01,78.11112003109793
2015-11-02,74.29179954745122
2015-11-03,77.71692389527476
2015-11-04,85.1535406167918
2015-11-05,75.07942333591505
2015-11-06,76.68351426063789
2015-11-07,89.41159297088012
2015-11-08,88.41611055981609
2015-11-09,90.94721851363086
2015-11-10,99.78312432828349
2015-11-11,88.06545372410532
2015-11-12,86.32606762288356
2015-11-13,85.61217459797332
2015-11-14,73.00617558927779
2015-11-15,91.05514604522547
2015-11-16,79.41238783746002
2015-11-17,66.52077722147445
2015-11-18,74.50294602774508
2015-11-19,76.84868408677998
2015-11-20,74.57406217207509
2015-11-21,85.87598412795694
2015-11-22,91.44910526688457
2015-11-23,77.25872402046855
2015-11-24,86.34929313786941
2015-11-25,92.53034500209762
2015-11-26,78.03485186429832
2015-11-27,85.63726165161361
2015-11-28,105.23370975344669
2015-11-29,97.64507559557524
2015-11-30,76.64435029416077
2015-12-01,78.29849359664192
2015-12-02,76.16034119068338
2015-12-03,80.20586066545995
2015-12-04,74.36265979680464
2015-12-05,86.34175966414963
2015-12-06,76.2392899084429
2015-12-07,79.14011150865811
2015-12-08,67.33320338254086
2015-12-09,71.30068871990072
2015-12-10,71.26116170279508
2015-12-11,66.2767108475874
2015-12-12,83.33360745534426
2015-12-13,96.68191808749079
2015-12-14,77.4670915687904
2015-12-15,80.27273404167737
2015-12-16,83.97096827790351
2015-12-17,76.23038989454673
2015-12-18,73.26194622688874
2015-12-19,78.34477476728996
2015-12-20,82.65753380598323
2015-12-21,76.50961743618583
2015-12-22,77.2665988714577
2015-12-23,84.23570257991139
2015-12-24,89.19599231358427
2015-12-25,85.21260740496614
2015-12-26,80.94346559981584
2015-12-27,78.02991199136767
2015-12-28,77.19178004617847
2015-12-29,85.9003873701792
2015-12-30,76.45537096772898
2015-12-31,87.18675730635219
2016-01-01,93.847402940944
2016-01-02,84.07945086794922
2016-01-03,88.27265420823385
2016-01-04,75.524870912729
2016-01-05,70.54509478216708
2016-01-06,75.18072722069105
2016-01-07,76.36140328497166
2016-01-08,76.48874480030717
2016-01-09,78.99465514923459
2016-01-10,73.88185057160784
2016-01-11,69.53957090716332
2016-01-12,67.16152168134703
2016-01-13,71.18146626407167
2016-01-14,69.16852481705551
2016-01-15,73.12014838876165
2016-01-16,73.26997839558216
2016-01-17,88.4153241375755
2016-01-18,71.58158847847274
2016-01-19,71.67872362731136
2016-01-20,76.14440002691676
2016-01-21,75.09502015800355
2016-01-22,80.03065776885336
2016-01-23,77.37291253054104
2016-01-24,93.89844673728061
2016-01-25,76.85004808131721
2016-01-26,82.21818992550386
2016-01-27,72.01745722155489
2016-01-28,82.14428035343872
2016-01-29,82.0596930126872
2016-01-30,77.78906593346443
2016-01-31,91.42660938961178
2016-02-01,86.29482312472147
2016-02-02,86.98887517573155
2016-02-03,83.76372313002669
2016-02-04,94.8162708316101
2016-02-05,75.76269951182637
2016-02-06,82.30216154719115
2016-02-07,87.83207669804577
2016-02-08,71.62249410930075
2016-02-09,63.551578822219106
2016-02-10,63.39551104716665
2016-02-11,59.94198533101324
2016-02-12,74.72033343938179
2016-02-13,74.50930433074863
2016-02-14,91.69526571618788
2016-02-15,67.62763545826306
2016-02-16,81.19045356769276
2016-02-17,77.28497312902961
2016-02-18,77.75671576203409
2016-02-19,77.06347724815163
2016-02-20,78.90006039992969
2016-02-21,89.96329531119316
2016-02-22,71.66611758616462
2016-02-23,72.79413510992302
2016-02-24,81.7087190268827
2016-02-25,70.51766080887334
2016-02-26,69.44728960723194
2016-02-27,73.3817246060348
2016-02-28,83.99783784968606
2016-02-29,71.5604424608011
2016-03-01,80.55993805693888
2016-03-02,67.60970202615806
2016-03-03,78.75621439901228
2016-03-04,80.93099002006073
2016-03-05,72.28662748149486
2016-03-06,83.53617515067495
2016-03-07,70.38343239300644
2016-03-08,70.70012802285216
2016-03-09,65.18447004516776
2016-03-10,63.81953144376362
2016-03-11,67.2412446210101
2016-03-12,85.51794724076056
2016-03-13,77.90022752923352
2016-03-14,81.83315407746257
2016-03-15,73.48524875845361
2016-03-16,76.45706452427811
2016-03-17,75.46135474579917
2016-03-18,65.83343087485197
2016-03-19,62.49105925780398
2016-03-20,73.65517615166652
2016-03-21,67.9675516955204
2016-03-22,73.8319825008259
2016-03-23,71.11179324505105
2016-03-24,80.49787967076759
2016-03-25,64.12561835366449
2016-03-26,66.6488328847994
2016-03-27,76.45376327290705
2016-03-28,70.98104440354777
2016-03-29,59.361102458190814
2016-03-30,61.08402226059633
2016-03-31,64.0493246060146
2016-04-01,68.99597005842696
2016-04-02,69.46240976813706
2016-04-03,71.59125340748504
2016-04-04,57.26596079012365
2016-04-05,63.57311513145653
2016-04-06,56.98238091839197
2016-04-07,72.2710896114773
2016-04-08,61.2433806992393
2016-04-09,81.57015228461492
2016-04-10,74.13455939513268
2016-04-11,64.10357743472841
2016-04-12,61.524227896606895
2016-04-13,71.15712209370948
2016-04-14,65.50795333901759
2016-04-15,67.39212899051229
2016-04-16,73.62288162409634
2016-04-17,76.6258654757902
2016-04-18,62.5176449411562
2016-04-19,71.01735023373936
2016-04-20,61.1126701545367
2016-04-21,61.48451152277403
2016-04-22,65.57459934989049
2016-04-23,72.459232931852
2016-04-24,73.70786701141792
2016-04-25,72.97241647636876
2016-04-26,67.3965145450305
2016-04-27,69.41459374909603
2016-04-28,70.63518847722068
2016-04-29,63.26368587353846
2016-04-30,84.2481140483883
2016-05-01,66.29687680881604
2016-05-02,63.77799106646541
2016-05-03,60.61906459263413
2016-05-04,58.482758653252475
2016-05-05,71.13221372118055
2016-05-06,59.494890066377465
2016-05-07,68.37027177438102
2016-05-08,69.25153408102176
2016-05-09,66.91786341910085
2016-05-10,66.50290408019977
2016-05-11,60.06283000797223
2016-05-12,66.09297145147345
2016-05-13,68.11948166177683
2016-05-14,78.15046971046915
2016-05-15,64.7339267163586
2016-05-16,79.16075906127703
2016-05-17,65.45470416215791
2016-05-18,72.4795291857649
2016-05-19,74.6949097048602
2016-05-20,58.79955560175092
2016-05-21,69.26965570982559
2016-05-22,58.90410412236183
2016-05-23,65.19474251890524
2016-05-24,62.02926257404396
2016-05-25,57.4367550111716
2016-05-26,62.846239679490985
2016-05-27,63.10547235711999
2016-05-28,62.27518344331774
2016-05-29,68.2068289099526
2016-05-30,61.051481928500046
2016-05-31,67.31935266971918
2016-06-01,65.0725494395908
2016-06-02,63.854462300927565
2016-06-03,72.1169526805881
2016-06-04,62.98033013279539
2016-06-05,73.6235479390269
2016-06-06,79.39938014467887
2016-06-07,79.02175115486659
2016-06-08,82.49149742663529
2016-06-09,71.16762823834898
2016-06-10,68.5405629982797
2016-06-11,64.68762454448847
2016-06-12,65.22917638069227
2016-06-13,67.57746455922258
2016-06-14,60.04767518768469
2016-06-15,56.910984123245385
2016-06-16,61.63126900310582
2016-06-17,63.67834181434703
2016-06-18,55.57022686353985
2016-06-19,63.262913900193126
2016-06-20,55.09298889925755
2016-06-21,59.04858315373519
2016-06-22,62.55315632909547
2016-06-23,64.03286453099578
2016-06-24,61.501751251763864
2016-06-25,57.304595197765266
2016-06-26,67.42497122218246
2016-06-27,54.01268148136306
2016-06-28,65.32042960906932
2016-06-29,69.2034311496203
2016-06-30,67.69382764955482
2016-07-01,57.88196189488974
2016-07-02,72.62028383618969
2016-07-03,74.77602522339092
2016-07-04,50.790347381571344
2016-07-05,60.0110204616971
2016-07-06,62.02613872256834
2016-07-07,59.25153476815679
2016-07-08,50.22705094897119
2016-07-09,56.7378130680139
2016-07-10,61.67404196004458
2016-07-11,70.72277331936897
2016-07-12,68.05675087603507
2016-07-13,57.23222233404462
2016-07-14,54.32157992422966
2016-07-15,60.987484907823585
2016-07-16,51.22776250619484
2016-07-17,63.884027266661
2016-07-18,55.66973588241593
2016-07-19,52.35613795956664
2016-07-20,62.67220514071524
2016-07-21,57.65992039324325
2016-07-22,59.971267105212895
2016-07-23,28.94565088098774
2016-07-24,31.238735507860596
2016-07-25,66.15783378483262
2016-07-26,57.106841286167764
2016-07-27,67.45873160832222
2016-07-28,57.44818950010701
2016-07-29,74.09158073070907
2016-07-30,70.92675995109974
2016-07-31,71.32335494287194
2016-08-01,61.48885133773021
2016-08-02,63.16849321375637
2016-08-03,57.380231131236044
2016-08-04,71.78890113629656
2016-08-05,70.508730927747
2016-08-06,55.3125153143016
2016-08-07,60.80705639582119
2016-08-08,50.41695945275717
2016-08-09,54.79132434275276
2016-08-10,51.89633660906705
2016-08-11,55.33526544819374
2016-08-12,65.43140610549975
2016-08-13,62.3713785074698
2016-08-14,81.07106921861502
2016-08-15,82.36369943381521
2016-08-16,67.58863517286001
2016-08-17,74.10956986068442
2016-08-18,72.73756129158204
2016-08-19,63.47260946518136
2016-08-20,63.403177381705746
2016-08-21,76.84578948077265
2016-08-22,58.7223732218923
2016-08-23,57.64090174251447
2016-08-24,58.10451940468561
2016-08-25,64.16329852085123
2016-08-26,58.913516231626595
2016-08-27,85.861475632453
2016-08-28,75.86817912728529
2016-08-29,76.84065950343734
2016-08-30,57.4654629366479
2016-08-31,62.91155379168864
2016-09-01,58.40160060962224
2016-09-02,64.4390625319024
2016-09-03,75.34318023586204
2016-09-04,80.30665549969416
2016-09-05,64.76219671805272
2016-09-06,61.81381600030308
2016-09-07,72.47403142195363
2016-09-08,79.51937757499992
2016-09-09,65.25743330640815
2016-09-10,59.75820918257025
2016-09-11,77.30353914859226
2016-09-12,64.66064787862987
2016-09-13,72.2635937402256
2016-09-14,57.06792398905303
2016-09-15,63.41127235440629
2016-09-16,63.582617753553585
2016-09-17,64.78682566826004
2016-09-18,69.24077778600925
2016-09-19,62.79405605472473
2016-09-20,60.90798915870272
2016-09-21,65.9131450253764
2016-09-22,70.54781505557568
2016-09-23,79.03260091962754
2016-09-24,54.533160750417444
2016-09-25,66.67521136100495
2016-09-26,76.94731912561576
2016-09-27,61.63879754120115
2016-09-28,78.98897591965535
2016-09-29,64.66210031166405
2016-09-30,63.18054458977368
2016-10-01,66.46192760591697
2016-10-02,80.70328173501746
2016-10-03,67.75644788238748
2016-10-04,62.81442282237295
2016-10-05,62.111349840647804
2016-10-06,58.03025083899265
2016-10-07,64.37689862542054
2016-10-08,66.14470947721915
2016-10-09,67.74613059501141
2016-10-10,58.29730840222272
2016-10-11,62.418419317753454
2016-10-12,67.91661407091044
2016-10-13,61.49060253699745
2016-10-14,60.8754382138178
2016-10-15,65.79401088692549
2016-10-16,68.21012444341623
2016-10-17,61.44263412458755
2016-10-18,74.8652222768554
2016-10-19,70.51379001878202
2016-10-20,66.08075850273978
2016-10-21,69.13336809962156
2016-10-22,78.77633966862976
2016-10-23,81.19679500911579
2016-10-24,87.90783050165872
2016-10-25,94.6248959653042
2016-10-26,80.53630403024533
2016-10-27,80.46557118680734
2016-10-28,81.11140731595997
2016-10-29,80.34930080288652
2016-10-30,77.85595639892118
2016-10-31,82.51333652677106
2016-11-01,67.48793576938542
2016-11-02,49.63001444280589
2016-11-03,65.42575030616484
2016-11-04,73.13452968223304
2016-11-05,81.5847996684906
2016-11-06,78.12186064008009
2016-11-07,75.07869635437252
2016-11-08,64.48305920914437
2016-11-09,74.41545056761451
2016-11-10,75.58745276157747
2016-11-11,69.23540365568923
2016-11-12,76.41967927192434
2016-11-13,80.5136669622684
2016-11-14,75.23340749340974
2016-11-15,74.61915154633768
2016-11-16,66.84753012663685
2016-11-17,71.87047841274419
2016-11-18,70.10554150736621
2016-11-19,70.94604501931202
2016-11-20,75.72780227023918
2016-11-21,70.60822749388903
2016-11-22,61.68374532952378
2016-11-23,68.86365861505237
2016-11-24,60.365557787349275
2016-11-25,64.53994902774552
2016-11-26,72.28482772133341
2016-11-27,78.1965447588507
2016-11-28,65.09076552180422
2016-11-29,70.5159235767793
2016-11-30,71.61042653382844
2016-12-01,70.03693565422682
2016-12-02,75.91752901981134
2016-12-03,75.53525119523962
2016-12-04,80.92308017925778
2016-12-05,76.39642005984517
2016-12-06,77.5800234908223
2016-12-07,81.44699432468003
2016-12-08,71.29966601283937
2016-12-09,74.13852063334556
2016-12-10,83.76055269831699
2016-12-11,82.8001889976543
2016-12-12,78.36789185943758
2016-12-13,71.57210212733138
2016-12-14,75.06751942970334
2016-12-15,71.39620048379327
2016-12-16,65.73086922481201
2016-12-17,74.51339816186388
2016-12-18,86.38226865089798
2016-12-19,66.86025592533866
2016-12-20,54.870686517693464
2016-12-21,73.37107558767865
2016-12-22,68.09045415441693
2016-12-23,78.13333619931109
2016-12-24,70.22518025266949
2016-12-25,64.79398262682007
2016-12-26,68.47696714800169
2016-12-27,65.70977697940357
2016-12-28,70.34792265647889
2016-12-29,69.69051952136591
2016-12-30,73.06694467040187
2016-12-31,68.28434882627431
2017-01-01,68.18217175839477
2017-01-02,73.74849154269216
2017-01-03,74.35009201284313
2017-01-04,62.252756132805004
2017-01-05,65.24211157859007
2017-01-06,77.77595413389894
2017-01-07,68.6900431661724
2017-01-08,74.0513384228733
2017-01-09,66.980103549864907
2017-01-10,67.34300904606961
2017-01-11,71.81473237914446
2017-01-12,77.06995102204708
2017-01-13,76.45801991347983
2017-01-14,93.81041718583026
2017-01-15,68.71711687858628
2017-01-16,69.37011276479018
2017-01-17,71.93792671577357
2017-01-18,60.04974012267372
2017-01-19,62.61027958966214
2017-01-20,71.56203283458747
2017-01-21,61.75191918180056
2017-01-22,63.363635440891414
2017-01-23,74.8807715673892
2017-01-24,65.95620678732503
2017-01-25,69.68329511715564
2017-01-26,69.20449873562922
2017-01-27,63.503746868495725
2017-01-28,71.00886853531345
2017-01-29,69.87434211692295
2017-01-30,54.48787824475089
2017-01-31,57.964147110850405
2017-02-01,53.93149365397626
2017-02-02,65.80163912522609
2017-02-03,62.91127289136495
2017-02-04,69.58569768742582
2017-02-05,78.27898931266483
2017-02-06,77.09343187336421
2017-02-07,66.71824820344149
2017-02-08,61.24342671373035
2017-02-09,73.67183114447718
2017-02-10,75.64584991865314
2017-02-11,78.61937175282797
2017-02-12,75.11042095296115
2017-02-13,74.41095343751046
2017-02-14,75.32015829398978
2017-02-15,70.5407999675948
2017-02-16,80.4866639907963
2017-02-17,75.40037695531271
2017-02-18,73.74884752674893
2017-02-19,60.14890630774586
2017-02-20,72.75964300204711
2017-02-21,73.68090723606868
2017-02-22,62.7315115663102
2017-02-23,67.14286324631409
2017-02-24,61.239635434977046
2017-02-25,72.732849216347
2017-02-26,75.71269987773987
2017-02-27,62.04063343979613
2017-02-28,72.03618557881319
2017-03-01,65.65693082906199
2017-03-02,71.98193622987979
2017-03-03,60.529078593093026
2017-03-04,82.05215883451162
2017-03-05,86.3409383757383
2017-03-06,76.2586762221608
2017-03-07,72.72364059841935
2017-03-08,79.40221275500551
2017-03-09,78.00511877778526
2017-03-10,72.96612203805661
2017-03-11,90.88780277730856
2017-03-12,86.13934627898664
2017-03-13,78.34861807970785
2017-03-14,82.11008928149023
2017-03-15,68.23481767953453
2017-03-16,72.5623905388135
2017-03-17,76.06457338522758
2017-03-18,75.41604368382843
2017-03-19,75.53373133361754
2017-03-20,72.67842695252513
2017-03-21,67.71698812367856
2017-03-22,56.17657182942197
2017-03-23,62.92604314099015
2017-03-24,70.50745877878026
2017-03-25,66.4970442908527
2017-03-26,86.54964680226853
2017-03-27,69.13277002658238
2017-03-28,72.34718816541837
2017-03-29,63.86337662087983
2017-03-30,63.079050154318644
2017-03-31,67.50021686636516
2017-04-01,63.17899614459977
2017-04-02,63.247957879626746
2017-04-03,60.649359384887234
2017-04-04,67.48367986754624
2017-04-05,63.84516918401446
2017-04-06,57.87660429745529
2017-04-07,52.97436163693633
2017-04-08,70.3551358068129
2017-04-09,67.43632441094994
2017-04-10,66.46038714857322
2017-04-11,67.84298933553113
2017-04-12,53.06393188507186
2017-04-13,68.90865538832394
2017-04-14,58.8004918012106
2017-04-15,63.33608701307963
2017-04-16,59.42292345084535
2017-04-17,64.39448701923092
2017-04-18,64.94948759807546
2017-04-19,69.74939562091234
2017-04-20,69.13443335507728
2017-04-21,57.711609776527986
2017-04-22,61.93784462598925
2017-04-23,76.7114678703974
2017-04-24,69.73578925352383
2017-04-25,63.59529095678649
2017-04-26,69.37438141658238
2017-04-27,68.09101118673156
2017-04-28,72.12276968833343
2017-04-29,61.56390677474989
2017-04-30,68.60539193587732
2017-05-01,72.0454018597382
2017-05-02,74.41437686299349
2017-05-03,63.18196164826597
2017-05-04,63.703740501874414
2017-05-05,69.7838133255017
2017-05-06,67.08350305694945
2017-05-07,66.49892529507063
2017-05-08,65.75614978560446
2017-05-09,59.543897487912446
2017-05-10,55.29795905767215
2017-05-11,64.42603817533909
2017-05-12,52.889763944575606
2017-05-13,53.57288138144524
2017-05-14,77.14413360404684
2017-05-15,61.41442416239223
2017-05-16,56.35596107453445
2017-05-17,56.79602040291187
2017-05-18,61.86419187331378
2017-05-19,47.71833926717191
2017-05-20,80.06910950207005
2017-05-21,59.458805755948646
2017-05-22,55.304671553699976
2017-05-23,75.08868258572079
2017-05-24,60.47913947635828
2017-05-25,63.89605710474463
2017-05-26,53.425576191343055
2017-05-27,30.12995254138049
2017-05-28,66.24258111441716
2017-05-29,48.250509326102886
2017-05-30,60.349056229435234
2017-05-31,60.32509970984027
2017-06-01,50.949741877185026
2017-06-02,61.16615075829282
2017-06-03,70.15553359397707
2017-06-04,71.60475134755312
2017-06-05,64.22801805332969
2017-06-06,81.18618893714746
2017-06-07,68.08750339281606
2017-06-08,69.45433528758065
2017-06-09,59.60780508858791
2017-06-10,72.54009865288046
2017-06-11,64.2830625343542
2017-06-12,63.71853173681361
2017-06-13,59.90065293546443
2017-06-14,55.09249284981332
2017-06-15,52.38844883632847
2017-06-16,65.04362597552107
2017-06-17,64.82830971702852
2017-06-18,60.901347796304066
2017-06-19,52.37852637745631
2017-06-20,58.71795603186143
2017-06-21,52.8161265237319
2017-06-22,57.44581287056252
2017-06-23,62.72341755572897
2017-06-24,66.47824392387484
2017-06-25,55.732297105642004
2017-06-26,73.64822403044792
2017-06-27,64.01883694072163
2017-06-28,62.1295026782585
2017-06-29,61.46813129060392
2017-06-30,63.92830921760917
2017-07-01,61.05817502732708
2017-07-02,71.48273924744977
2017-07-03,52.944460832614126
2017-07-04,72.74204136922435
2017-07-05,59.164332069343246
2017-07-06,58.54202856446979
2017-07-07,66.85703279769696
2017-07-08,69.19157842173344
2017-07-09,63.328783747935425
2017-07-10,61.470713369339904
2017-07-11,62.370371337975904
2017-07-12,53.650168236818764
2017-07-13,59.003027092367574
2017-07-14,59.53926853157005
2017-07-15,54.797042204807134
2017-07-16,67.54557043332063
2017-07-17,53.953937708230335
2017-07-18,47.399713652721395
2017-07-19,45.29653629727111
2017-07-20,59.297245276603675
2017-07-21,56.141509904872464
2017-07-22,66.58856358033665
2017-07-23,62.41934983628977
2017-07-24,50.24429526112051
2017-07-25,58.60575156645237
2017-07-26,60.20836299144358
2017-07-27,61.47184941907286
2017-07-28,69.64726136404275
2017-07-29,62.51959692754291
2017-07-30,75.14329777511975
2017-07-31,67.21185627655231
2017-08-01,56.56335408051038
2017-08-02,66.0915046766171
2017-08-03,72.02522574842462
2017-08-04,73.44792198544592
2017-08-05,57.45265241284039
2017-08-06,73.4112195929869
2017-08-07,67.66248748636087
2017-08-08,69.30302822646911
2017-08-09,65.95525239664221
2017-08-10,70.08911948704778
2017-08-11,74.63831911918618
2017-08-12,64.77745501501548
2017-08-13,65.40026111313651
2017-08-14,58.323871636978076
2017-08-15,56.29535628569499
2017-08-16,60.369865476528076
2017-08-17,64.60018776139594
2017-08-18,70.56727242109831
2017-08-19,65.96103124329596
2017-08-20,65.94081383912807
2017-08-21,53.178654918239125
2017-08-22,56.77112661561918
2017-08-23,64.29445448317321
2017-08-24,63.417234134727394
2017-08-25,57.14149285940253
2017-08-26,60.98540245845837
2017-08-27,76.65780923410315
2017-08-28,68.03162815348477
2017-08-29,66.83597835719006
2017-08-30,66.37402974860427
2017-08-31,75.73357616536559
2017-09-01,77.08719404521814
2017-09-02,72.66792758574053
2017-09-03,66.78164313959691
2017-09-04,71.99820634924413
2017-09-05,71.86863931556472
2017-09-06,80.66056520347514
2017-09-07,74.03802318846891
2017-09-08,69.18184634171283
2017-09-09,67.98562110461772
2017-09-10,83.61208249027112
2017-09-11,69.35716510851377
2017-09-12,77.77943894348489
2017-09-13,74.8867181352084
2017-09-14,70.79352537869185
2017-09-15,73.16657650792669
2017-09-16,67.73114296680731
2017-09-17,86.75635354011297
2017-09-18,73.79388022190213
2017-09-19,63.12012447169163
2017-09-20,68.63322917501597
2017-09-21,64.86037110315826
2017-09-22,62.58753230882756
2017-09-23,66.80269658712696
2017-09-24,68.08411676890731
2017-09-25,72.16893105902827
2017-09-26,69.63539228738833
2017-09-27,69.3510272004805
2017-09-28,57.18321504734708
2017-09-29,67.77073217897784
2017-09-30,62.29683291145228
2017-10-01,75.14449955752488
2017-10-02,64.04687061082572
2017-10-03,73.25631512130683
2017-10-04,61.82091770464789
2017-10-05,79.56012049408011
2017-10-06,55.66871192678787
2017-10-07,71.43235384659634
2017-10-08,74.06155108915817
2017-10-09,70.10858503480964
2017-10-10,61.23611694762214
2017-10-11,59.96029134883256
2017-10-12,59.2147978624504
2017-10-13,53.6421724122848
2017-10-14,68.55181425436076
2017-10-15,72.1790773003446
2017-10-16,60.76453457537497
2017-10-17,59.638901505753196
2017-10-18,66.58529640555557
2017-10-19,66.1566013672616
2017-10-20,61.450766441410174
2017-10-21,81.41515057394527
2017-10-22,75.06147497172749
2017-10-23,64.96163143234025
2017-10-24,61.46106782556989
2017-10-25,66.7766658366987
2017-10-26,59.293829021652016
2017-10-27,70.60312141593857
2017-10-28,68.00553814246183
2017-10-29,73.1156756439495
2017-10-30,71.43816318752229
2017-10-31,71.3431502166832
2017-11-01,61.71780673972738
2017-11-02,76.54423575057129
2017-11-03,72.08165627607521
2017-11-04,72.19352070307788
2017-11-05,72.54198842437623
2017-11-06,65.58680451624775
2017-11-07,60.61116104128053
2017-11-08,63.157262215531496
2017-11-09,68.23712424269353
2017-11-10,65.18200400904881
2017-11-11,81.01014706927064
2017-11-12,80.5285566473911
2017-11-13,78.76043055209242
2017-11-14,75.54589750529333
2017-11-15,66.78159477162885
2017-11-16,68.90228947080668
2017-11-17,63.78923704781742
2017-11-18,77.6186943402034
2017-11-19,78.17482299315472
2017-11-20,68.73964889060797
2017-11-21,75.93706843881012
2017-11-22,68.36125774944529
2017-11-23,75.47826923503366
2017-11-24,66.71360963753473
2017-11-25,73.47310284825734
2017-11-26,87.44344254420922
2017-11-27,73.74264193734275
2017-11-28,75.32278370150898
2017-11-29,73.23379265459586
2017-11-30,84.13070300423176
2017-12-01,72.5291969837807
2017-12-02,85.06249836442537
2017-12-03,79.8301221924644
2017-12-04,67.63326446966013
2017-12-05,78.23640400018203
2017-12-06,67.25572201108992
2017-12-07,67.52877848951054
2017-12-08,80.57967959286326
2017-12-09,79.85203011880553
2017-12-10,74.76757723232524
2017-12-11,69.2585126959375
2017-12-12,65.54171819255276
2017-12-13,82.46068806180676
2017-12-14,70.68269938573302
2017-12-15,74.55959667518603
2017-12-16,79.16295549526018
2017-12-17,78.86530695073274
2017-12-18,66.55129755358303
2017-12-19,80.16371001753079
2017-12-20,81.33343822564214
2017-12-21,83.36177229917824
2017-12-22,77.3811854913926
2017-12-23,83.89783340420557
2017-12-24,91.82730760372884
2017-12-25,88.0492909659385
2017-12-26,57.04561168641424
2017-12-27,69.20226331172304
2017-12-28,70.20564452332458
2017-12-29,84.10039514956718
2017-12-30,77.76118691821154
2017-12-31,43.42893391983643
2018-01-01,83.00611656737868
2018-01-02,85.56331095799179
2018-01-03,88.51039555169571
2018-01-04,75.55471103089245
2018-01-05,71.28445956323144
2018-01-06,74.63738533952197
2018-01-07,74.99093027878894
2018-01-08,75.779161448370985
2018-01-09,63.700788725850934
2018-01-10,77.73598176885076
2018-01-11,67.72779241793693
2018-01-12,66.0057452668077
2018-01-13,71.61061266592807
2018-01-14,69.74186720029323
2018-01-15,60.55916465056129
2018-01-16,65.29341040122728
2018-01-17,73.49968111899696
2018-01-18,74.81121276548357
2018-01-19,69.49801016325637
2018-01-20,74.13694822687407
2018-01-21,85.0332241472371
2018-01-22,63.31311115781896
2018-01-23,69.01715493599202
2018-01-24,75.35803510227483
2018-01-25,68.20313090387124
2018-01-26,64.456165202202
2018-01-27,79.17345945114067
2018-01-28,83.12343910491253
2018-01-29,72.34675084314918
2018-01-30,74.6396804290147
2018-01-31,68.34499907535101
2018-02-01,71.58145133910928
2018-02-02,73.26490298554822
2018-02-03,69.10725113593061
2018-02-04,73.85928547841478
2018-02-05,75.26378626259745
2018-02-06,77.24648147830862
2018-02-07,66.87556128612805
2018-02-08,77.54280608923501
2018-02-09,64.81821208912523
2018-02-10,73.22415315381527
2018-02-11,74.35683267430802
2018-02-12,75.76626267104726
2018-02-13,73.32776423553621
2018-02-14,69.17295437308898
2018-02-15,57.71699652943396
2018-02-16,76.17792363045132
2018-02-17,71.77689860505653
2018-02-18,67.38261923217114
2018-02-19,64.6251941822562
2018-02-20,66.82994598487836
2018-02-21,74.13542974543951
2018-02-22,68.43711169114272
2018-02-23,65.25316362751171
2018-02-24,71.74226599863108
2018-02-25,75.94249470611635
2018-02-26,69.97593704303341
2018-02-27,70.66815657714126
2018-02-28,72.49115987348284
2018-03-01,72.00238546428604
2018-03-02,70.853293333688
2018-03-03,77.65561618832936
2018-03-04,66.0803313033337
2018-03-05,72.1935578112834
2018-03-06,59.78978085823237
2018-03-07,78.3793581112365
2018-03-08,64.04220094460653
2018-03-09,66.05774184691256
2018-03-10,71.21706076561608
2018-03-11,75.04020929751059
2018-03-12,62.23599569190537
2018-03-13,61.11584648835921
2018-03-14,56.7158103037487
2018-03-15,52.50331746552511
2018-03-16,55.71876040537881
2018-03-17,68.72823400350406
2018-03-18,64.92560532289967
2018-03-19,64.25751198111224
2018-03-20,63.6295566249155
2018-03-21,56.48346426277406
2018-03-22,64.11053609546912
2018-03-23,64.57288043094641
2018-03-24,67.93883492981587
2018-03-25,67.4653844635873
2018-03-26,55.01223591911952
2018-03-27,62.53943361815712
2018-03-28,68.70949132240867
2018-03-29,62.1502323052105
2018-03-30,68.48724567806646
2018-03-31,60.78755056465545
2018-04-01,63.468819771437055
2018-04-02,65.30009077720463
2018-04-03,55.566435425310075
2018-04-04,57.360371288465565
2018-04-05,59.043269508933236
2018-04-06,63.755712478039676
2018-04-07,60.967512182802636
2018-04-08,66.05828532633194
2018-04-09,49.62997937914346
2018-04-10,58.37566486581864
2018-04-11,55.90153409783736
2018-04-12,57.67957384767022
2018-04-13,56.61505217750139
2018-04-14,66.4640041694675
2018-04-15,69.93191051121015
2018-04-16,57.35857746233402
2018-04-17,49.4420061520702
2018-04-18,72.67464327583663
2018-04-19,65.90750231035507
2018-04-20,58.837560851440685
2018-04-21,53.03511009224697
2018-04-22,47.39170918906204
2018-04-23,59.03153196601962
2018-04-24,54.88609326693459
2018-04-25,57.40132016586964
2018-04-26,59.23379207870829
2018-04-27,62.18472537311237
2018-04-28,57.52870110513544
2018-04-29,78.22762358076427
2018-04-30,77.2690374552953
2018-05-01,72.64023756387752
2018-05-02,78.75756049119751
2018-05-03,70.30805428383317
2018-05-04,71.169382109315407
2018-05-05,68.68684434182519
2018-05-06,58.888527956337306
2018-05-07,69.21301828211513
2018-05-08,61.97332664817656
2018-05-09,57.860348793946514
2018-05-10,67.26571762737125
2018-05-11,49.77752740186668
2018-05-12,57.677237892872775
2018-05-13,67.13337097014401
2018-05-14,64.01842529365403
2018-05-15,58.773771500469046
2018-05-16,75.64300033971162
2018-05-17,64.13165763000661
2018-05-18,55.78412236785214
2018-05-19,57.759074999956056
2018-05-20,66.0384174694489
2018-05-21,65.2106221647322
2018-05-22,61.233558617768686
2018-05-23,60.434576643957584
2018-05-24,44.154922046436106
2018-05-25,63.013393335615895
2018-05-26,52.95134677650425
2018-05-27,70.91493069268238
2018-05-28,54.010184427534575
2018-05-29,60.678940901892986
2018-05-30,44.99195902084769
2018-05-31,54.438112989157474
2018-06-01,51.536470448062246
2018-06-02,58.65231380308195
2018-06-03,56.75740857845072
2018-06-04,58.17506636657215
2018-06-05,68.40130635013024
2018-06-06,62.126729274929524
2018-06-07,55.192802192148854
2018-06-08,60.90081521868687
2018-06-09,50.3389363638819
2018-06-10,65.39699249159055
2018-06-11,56.60211289818378
2018-06-12,68.089427695206
2018-06-13,63.53263040211006
2018-06-14,55.021542138827044
2018-06-15,56.86286571533726
2018-06-16,43.20363953513554
2018-06-17,60.143634059048786
2018-06-18,52.89575341078865
2018-06-19,58.546580809608486
2018-06-20,47.86098900987112
2018-06-21,53.39942778283547
2018-06-22,53.59348572179145
2018-06-23,60.774567206513446
2018-06-24,47.4163912986116
2018-06-25,56.60281898388388
2018-06-26,53.78744398192113
2018-06-27,49.56085012128366
2018-06-28,51.19895678095061
2018-06-29,58.286098645818385
2018-06-30,64.20360491136341
2018-07-01,60.91172676770449
2018-07-02,49.703818472272424
2018-07-03,55.750724175238396
2018-07-04,60.43987471448214
2018-07-05,53.65674739478409
2018-07-06,55.67657264453981
2018-07-07,55.368756992657346
2018-07-08,52.08670994823148
2018-07-09,49.922769385849946
2018-07-10,53.91110413528812
2018-07-11,59.61795082640868
2018-07-12,52.93200487374573
2018-07-13,60.0579446759633
2018-07-14,61.92490341723237
2018-07-15,58.571960743924116
2018-07-16,52.42492832384336
2018-07-17,64.8674774275365
2018-07-18,67.2187012315957
2018-07-19,62.61918212967767
2018-07-20,54.44042768555804
2018-07-21,54.13632661156679
2018-07-22,65.17075654334666
2018-07-23,58.048482700687714
2018-07-24,60.665266307506315
2018-07-25,56.717789959938756
2018-07-26,56.87479677329476
2018-07-27,67.28955450677383
2018-07-28,59.76077016515533
2018-07-29,57.63320266564848
2018-07-30,63.18415391846696
2018-07-31,49.391825672419905
2018-08-01,62.57980817080516
2018-08-02,53.97348673560624
2018-08-03,53.13128385528928
2018-08-04,61.20782540627778
2018-08-05,72.15287178607333
2018-08-06,70.5341832870843
2018-08-07,70.71530583939798
2018-08-08,72.23438908960853
2018-08-09,69.36448868090459
2018-08-10,71.38879667523024
2018-08-11,86.57798705877798
2018-08-12,59.673441637475065
2018-08-13,65.86514279337776
2018-08-14,62.996811531766106
2018-08-15,72.64751734591219
2018-08-16,70.15445147365617
2018-08-17,66.87913255838743
2018-08-18,60.14282856286795
2018-08-19,83.66061513475204
2018-08-20,71.90166387191597
2018-08-21,78.16350532363586
2018-08-22,82.86368458979018
2018-08-23,71.8695809188145
2018-08-24,70.76770377516033
2018-08-25,76.69458098355058
2018-08-26,80.26399232510961
2018-08-27,61.67336971101113
2018-08-28,66.36878771675818
2018-08-29,65.23235803537135
2018-08-30,69.40533222137182
2018-08-31,74.45394690170804
2018-09-01,67.63113237632922
2018-09-02,74.85230604452876
2018-09-03,77.53959282303296
2018-09-04,80.49623636347177
2018-09-05,71.11372207929148
2018-09-06,78.62717720693804
2018-09-07,70.01430162650058
2018-09-08,71.97004564524458
2018-09-09,76.50439818646961
2018-09-10,71.98813219301638
2018-09-11,74.00336798347043
2018-09-12,73.24204462716102
2018-09-13,70.25838254726273
2018-09-14,71.87355616320696
2018-09-15,64.8857508179335
2018-09-16,73.75171896072513
2018-09-17,64.21705989964242
2018-09-18,58.63533064179257
2018-09-19,71.97048257127744
2018-09-20,56.74429956844497
2018-09-21,58.31048613458832
2018-09-22,69.46417679061102
2018-09-23,64.71123214111908
2018-09-24,64.52588242047122
2018-09-25,66.21518480916518
2018-09-26,66.12696884016184
2018-09-27,71.02556581005794
2018-09-28,71.27606685145118
2018-09-29,62.31681157261536
2018-09-30,70.42708496245493
2018-10-01,83.44768978455647
2018-10-02,70.58053275585463
2018-10-03,65.1712092461663
2018-10-04,70.08319143270157
2018-10-05,70.07541772235695
2018-10-06,62.561526142432676
2018-10-07,67.63200698359665
2018-10-08,66.06978474132707
2018-10-09,63.55561873688472
2018-10-10,54.732044895201426
2018-10-11,59.38402172908143
2018-10-12,64.88527117109227
2018-10-13,60.62034053272949
2018-10-14,63.21584245831234
2018-10-15,58.18636065000789
2018-10-16,64.54591880097668
2018-10-17,77.30653311800513
2018-10-18,66.17082055353049
2018-10-19,64.8538567538735
2018-10-20,70.49216954190112
2018-10-21,73.66401175141915
2018-10-22,66.86581701786683
2018-10-23,72.91299269985407
2018-10-24,67.6969504555226
2018-10-25,70.51592958067484
2018-10-26,69.28366165350805
2018-10-27,62.63591178551783
2018-10-28,85.36066951997347
2018-10-29,65.72263533487576
2018-10-30,66.77859296670186
2018-10-31,76.38543087273169
2018-11-01,67.38634839240235
2018-11-02,74.42614649711123
2018-11-03,74.1813824464325
2018-11-04,79.07583069141565
2018-11-05,65.78900432463746
2018-11-06,63.14036527637633
2018-11-07,71.12991354308386
2018-11-08,71.0527098968201
2018-11-09,70.2059898890299
2018-11-10,73.29352171154194
2018-11-11,71.69646726992833
2018-11-12,64.24180466356883
2018-11-13,72.37360097356482
2018-11-14,71.15193722789473
2018-11-15,74.21916226520439
2018-11-16,71.51404381668284
2018-11-17,87.97650085478212
2018-11-18,100.88349609659382
2018-11-19,79.9685409293757
2018-11-20,80.65367751984581
2018-11-21,77.4447664722846
2018-11-22,78.65511411083351
2018-11-23,73.75453242509268
2018-11-24,58.52241974250279
2018-11-25,75.42058682721269
2018-11-26,74.81698124940657
2018-11-27,63.404880407864766
2018-11-28,68.76740836506534
2018-11-29,61.1258755424277
2018-11-30,71.31412193528462
2018-12-01,69.61740647683466
2018-12-02,87.98766651726883
2018-12-03,64.33765873554998
2018-12-04,70.53129780611576
2018-12-05,70.68281142411959
2018-12-06,73.15169095180353
2018-12-07,76.82949554720471
2018-12-08,78.39090268010952
2018-12-09,87.48503199723942
2018-12-10,93.25909667156287
2018-12-11,80.50756205846011
2018-12-12,95.9554729381399
2018-12-13,81.06507361942144
2018-12-14,83.8581425611459
2018-12-15,79.74647759443882
2018-12-16,79.67593204681698
2018-12-17,70.3092958351215
2018-12-18,73.49209057745531
2018-12-19,75.5073608363043
2018-12-20,70.53579218777953
2018-12-21,72.29434006512626
2018-12-22,64.89535238169826
2018-12-23,79.09806254167499
2018-12-24,84.92112106555804
2018-12-25,56.614594524060266
2018-12-26,73.85122122009686
2018-12-27,73.57777010686505
2018-12-28,77.88134606626339
2018-12-29,76.39163236097832
2018-12-30,72.21723712473357
2018-12-31,74.12999109388866
2019-01-01,71.83063143045104
2019-01-02,59.22308567602479
2019-01-03,60.41594217474116
2019-01-04,73.88509476319553
2019-01-05,59.81904315623548
2019-01-06,69.11369607264733
2019-01-07,66.50696999333523
2019-01-08,60.820206629302234
2019-01-09,61.57462860801634
2019-01-10,69.3493252159432
2019-01-11,66.28134594037196
2019-01-12,81.27541738774666
2019-01-13,75.27676330741376
2019-01-14,75.63464603495822
2019-01-15,71.25044635707121
2019-01-16,75.28689928901471
2019-01-17,78.59936787305905
2019-01-18,76.19986831568882
2019-01-19,69.47395167094031
2019-01-20,69.59839643846205
2019-01-21,67.17391487148538
2019-01-22,72.73069498012673
2019-01-23,66.61878066082073
2019-01-24,74.32520591801872
2019-01-25,72.34178786761717
2019-01-26,73.37296386683519
2019-01-27,71.36494161880684
2019-01-28,66.50837970016535
2019-01-29,71.25192142599516
2019-01-30,60.02326810995062
2019-01-31,63.6740232257247
2019-02-01,63.68398768395377
2019-02-02,67.22535060589595
2019-02-03,68.20168735350559
2019-02-04,67.69516055355646
2019-02-05,77.25202898931961
2019-02-06,66.75964975322124
2019-02-07,67.5634509228775
2019-02-08,63.285508497678144
2019-02-09,68.36042230495815
2019-02-10,72.72696007936398
2019-02-11,62.19217513109003
2019-02-12,67.05345051320755
2019-02-13,69.02861769810578
2019-02-14,67.59187782724341
2019-02-15,59.64883354570056
2019-02-16,59.10118042978303
2019-02-17,71.02927234191218
2019-02-18,63.88698628758282
2019-02-19,64.13834739784495
2019-02-20,62.73108878748019
2019-02-21,69.17932769269687
2019-02-22,70.5761231424878
2019-02-23,64.57669642747311
2019-02-24,66.71698283148285
2019-02-25,61.89530663524394
2019-02-26,53.65015207055891
2019-02-27,62.84649693340728
2019-02-28,55.47794458447031
2019-03-01,65.96655697712067
2019-03-02,63.626132153116046
2019-03-03,76.16769118969157
2019-03-04,56.00179689198827
2019-03-05,65.43206165572245
2019-03-06,65.43213079140597
2019-03-07,61.174728234288686
2019-03-08,63.005301857896555
2019-03-09,70.149364146113
2019-03-10,72.84055651608404
2019-03-11,59.62380627955572
2019-03-12,71.1632605280492
2019-03-13,66.75924522112055
2019-03-14,75.64688759934299
2019-03-15,67.02076922602161
2019-03-16,62.91115186183551
2019-03-17,77.45065625904863
2019-03-18,68.9028226553035
2019-03-19,68.95058515274404
2019-03-20,65.17016929926925
2019-03-21,70.21627472488082
2019-03-22,65.70725744247156
2019-03-23,67.53076953930973
2019-03-24,71.1819937427033
2019-03-25,66.61747844374887
2019-03-26,65.43677285469505
2019-03-27,60.6552785824264
2019-03-28,64.41610717325179
2019-03-29,49.65482803722074
2019-03-30,53.7813196371714
2019-03-31,67.69713004515779
2019-04-01,67.66354392374146
2019-04-02,60.67098545172864
2019-04-03,71.6131885711228
2019-04-04,62.20275915035275
2019-04-05,65.73910752760949
2019-04-06,58.25220046213789
2019-04-07,75.5816252241664
2019-04-08,60.85857160315092
2019-04-09,62.09415997509516
2019-04-10,62.91046633841531
2019-04-11,62.86340381879319
2019-04-12,51.43699518265589
2019-04-13,61.213006373348016
2019-04-14,60.231393074976666
2019-04-15,59.61623112069972
2019-04-16,58.90567015337598
2019-04-17,46.8305616075439
2019-04-18,51.10192655851547
2019-04-19,56.801998660504715
2019-04-20,68.68783653031454
2019-04-21,51.797368571121446
2019-04-22,59.650827945679396
2019-04-23,53.584234854880286
2019-04-24,64.6765652496835
2019-04-25,45.92211144736608
2019-04-26,56.40574416517193
2019-04-27,50.53217564072635
2019-04-28,73.65155768254752
2019-04-29,67.72085334709169
2019-04-30,59.388827909390265
2019-05-01,62.972842258359314
2019-05-02,69.82225694317184
2019-05-03,61.00120755552296
2019-05-04,66.66852203835595
2019-05-05,74.63135111817866
2019-05-06,65.56450139164485
2019-05-07,56.97210117760241
2019-05-08,70.46874691592917
2019-05-09,64.88225613321293
2019-05-10,60.08995741145609
2019-05-11,66.05005486815934
2019-05-12,67.68135817927133
2019-05-13,57.885613364159134
2019-05-14,70.47026614238642
2019-05-15,53.75426219717944
2019-05-16,61.31224228524879
2019-05-17,70.05168883807883
2019-05-18,65.47050082322633
2019-05-19,76.20340002665576
2019-05-20,58.20634465142044
2019-05-21,57.89529501184414
2019-05-22,60.906705178065515
2019-05-23,57.77619564220335
2019-05-24,57.82603811640064
2019-05-25,63.781149670076815
2019-05-26,58.098322338814384
2019-05-27,51.51145660276286
2019-05-28,61.4323107089659
2019-05-29,64.9992922637262
2019-05-30,55.93123648668458
2019-05-31,61.892979426226425
2019-06-01,54.619279578455476
2019-06-02,62.43266961969015
2019-06-03,53.3854470029165
2019-06-04,59.483841076552615
2019-06-05,50.892319143586676
2019-06-06,55.691382571016156
2019-06-07,48.16307217223078
2019-06-08,40.720504316205236
2019-06-09,57.33726493242972
2019-06-10,71.67420083505384
2019-06-11,56.190820304414416
2019-06-12,54.0097353772327
2019-06-13,66.65505221059124
2019-06-14,60.18076998203482
2019-06-15,62.11316963181105
2019-06-16,64.3698700117808
2019-06-17,64.34267520386284
2019-06-18,52.19417272475576
2019-06-19,57.80608030768072
2019-06-20,64.59797033945085
2019-06-21,50.26247084752416
2019-06-22,58.16022443556715
2019-06-23,67.79573358753197
2019-06-24,44.8415318585155
2019-06-25,54.660102047077785
2019-06-26,50.25639455576195
2019-06-27,45.62092233651012
2019-06-28,46.295889605001314
2019-06-29,48.40175341114423
2019-06-30,51.93851375270842
2019-07-01,45.03316684491323
2019-07-02,50.95748931647567
2019-07-03,49.205325566984115
2019-07-04,54.1402215258752
2019-07-05,56.52517016204664
2019-07-06,51.09507747367651
2019-07-07,54.6541908585822
2019-07-08,51.49904229616474
2019-07-09,72.15794001092408
2019-07-10,50.52588794227808
2019-07-11,52.10037130400773
2019-07-12,52.588061615141335
2019-07-13,53.51306503532405
2019-07-14,57.692668705934864
2019-07-15,64.50939239516079
2019-07-16,55.535407082107305
2019-07-17,58.62028895698012
2019-07-18,54.320138224139725
2019-07-19,55.936245003414435
2019-07-20,69.0569985477125
2019-07-21,59.22836264564763
2019-07-22,42.251331643883084
2019-07-23,50.03621212586966
2019-07-24,47.86251575409613
2019-07-25,42.1854893652025
2019-07-26,55.45461272974169
2019-07-27,37.97478803819206
2019-07-28,50.57170656695919
2019-07-29,51.45689293783448
2019-07-30,64.5541953498047
2019-07-31,63.21484853083921
2019-08-01,46.37659667270324
2019-08-02,77.03838949493814
2019-08-03,56.82610216144989
2019-08-04,59.820531029624895
2019-08-05,52.928573343735636
2019-08-06,80.32443886570117
2019-08-07,67.60048329425162
2019-08-08,67.61370299705726
2019-08-09,64.4053919870199
2019-08-10,72.37107044531686
2019-08-11,67.12503982033405
2019-08-12,63.446390625361914
2019-08-13,77.31514501608852
2019-08-14,70.21298368828529
2019-08-15,67.91115625057654
2019-08-16,68.28515108428947
2019-08-17,64.77669320302005
2019-08-18,73.73528504172772
2019-08-19,80.35191871340953
2019-08-20,66.79917065058697
2019-08-21,68.47609394388837
2019-08-22,62.24753868065955
2019-08-23,64.7863025468395
2019-08-24,57.43007865106992
2019-08-25,67.7300168019399
2019-08-26,73.45907011601423
2019-08-27,59.09906678758996
2019-08-28,65.10809759483422
2019-08-29,56.570275977955205
2019-08-30,55.1001983783578
2019-08-31,69.98105685958419
2019-09-01,57.290883005865624
2019-09-02,75.08250251925074
2019-09-03,67.51820792053269
2019-09-04,65.63434282021457
2019-09-05,65.48741575781372
2019-09-06,71.63908712558285
2019-09-07,59.8102392237754
2019-09-08,73.8269176986616
2019-09-09,80.34872244757615
2019-09-10,63.61589840094017
2019-09-11,54.94900477156786
2019-09-12,60.032353577936306
2019-09-13,68.33575680549096
2019-09-14,63.602082089348876
2019-09-15,71.69494910764985
2019-09-16,60.31206505099676
2019-09-17,72.68262280991755
2019-09-18,65.76216963599666
2019-09-19,64.30588436253551
2019-09-20,65.44318942104152
2019-09-21,72.65572592312833
2019-09-22,52.718690128935954
2019-09-23,63.46542823740068
2019-09-24,71.1311268679036
2019-09-25,67.95670011757053
2019-09-26,73.21196572454672
2019-09-27,63.06899825182534
2019-09-28,61.82112618402222
2019-09-29,73.67118771561611
2019-09-30,59.56014503400369
2019-10-01,63.409966555202104
2019-10-02,68.4096530641667
2019-10-03,54.74582448569248
2019-10-04,63.15368181094317
2019-10-05,56.80954125541564
2019-10-06,62.22006029405853
2019-10-07,68.36149292782726
2019-10-08,62.65729881942229
2019-10-09,68.24262787728568
2019-10-10,58.34792319789453
2019-10-11,57.92020914364488
2019-10-12,48.485471661465816
2019-10-13,68.74677019547181
2019-10-14,58.09249684951522
2019-10-15,62.70768676023223
2019-10-16,62.73277482103068
2019-10-17,67.82043337212536
2019-10-18,62.3601205417843
2019-10-19,69.95238928066537
2019-10-20,70.57069781824191
2019-10-21,72.37056511220254
2019-10-22,72.80826153821852
2019-10-23,73.37591899817066
2019-10-24,71.4445431885452
2019-10-25,72.1442257000214
2019-10-26,66.62875595805289
2019-10-27,71.15526632818596
2019-10-28,71.20819231168271
2019-10-29,65.67909306149993
2019-10-30,66.39133757426492
2019-10-31,65.77058008618405
2019-11-01,66.58792270578623
2019-11-02,63.53628375524085
2019-11-03,74.58164190407561
2019-11-04,70.4170900301181
2019-11-05,66.45777178802399
2019-11-06,87.67913309997569
2019-11-07,70.68688420039642
2019-11-08,77.9800357120394
2019-11-09,75.22889575005338
2019-11-10,78.93217994020128
2019-11-11,73.39628115007525
2019-11-12,66.56502542042378
2019-11-13,74.92647029451355
2019-11-14,78.02064520938809
2019-11-15,73.21500315907535
2019-11-16,75.750605739997
2019-11-17,70.20165121864196
2019-11-18,65.7898663754616
2019-11-19,74.23914474494161
2019-11-20,73.87094137479538
2019-11-21,77.75206851309963
2019-11-22,70.96120711547046
2019-11-23,81.59306932578077
2019-11-24,80.05725840042105
2019-11-25,69.11848167564175
2019-11-26,74.20337734122354
2019-11-27,71.52665230259088
2019-11-28,76.0522579433686
2019-11-29,83.48498599658268
2019-11-30,74.93515709025603
2019-12-01,84.39495708608543
2019-12-02,69.0726610719495
2019-12-03,77.64729608105854
2019-12-04,78.4572441805079
2019-12-05,80.25279318105223
2019-12-06,71.09688784807936
2019-12-07,77.46421139921068
2019-12-08,79.65862269661604
2019-12-09,73.54912837580969
2019-12-10,66.0066405872759
2019-12-11,77.30638975684576
2019-12-12,74.42607576278722
2019-12-13,71.49831935243401
2019-12-14,69.9548566187494
2019-12-15,66.37799495980829
2019-12-16,66.35853300074216
2019-12-17,73.36034837261931
2019-12-18,64.05999833210258
2019-12-19,66.69075012911995
2019-12-20,70.66201993771071
2019-12-21,70.65542332700043
2019-12-22,75.83691342437136
2019-12-23,72.94877693649913
2019-12-24,55.10589093971483
2019-12-25,79.47467084348314
2019-12-26,71.37391483293514
2019-12-27,70.29182794967542
2019-12-28,51.05756604551991
2019-12-29,56.66939682956434
2019-12-30,66.96415230092155
2019-12-31,70.99597912775111
2020-01-01,63.45359827256907
2020-01-02,72.84293233225907
2020-01-03,56.73414480238413
2020-01-04,64.82588617909138
2020-01-05,67.59881362439931
2020-01-06,74.36949357358777
2020-01-07,75.20459078226985
2020-01-08,65.06638372154798
2020-01-09,70.99088142397343
2020-01-10,80.461939367402735
2020-01-11,76.02161426973142
2020-01-12,80.02346313583485
2020-01-13,79.79702918788614
2020-01-14,75.24994235134729
2020-01-15,89.33616509147181
2020-01-16,75.27025681405838
2020-01-17,73.5103082991844
2020-01-18,75.71459166183786
2020-01-19,68.42549820196885
2020-01-20,60.53584883054479
2020-01-21,63.47111070450615
2020-01-22,68.23586005586455
2020-01-23,63.326470438044026
2020-01-24,57.940869236864856
2020-01-25,72.7806102762325
2020-01-26,77.68686561293997
2020-01-27,70.0071560256044
2020-01-28,69.87815683204752
2020-01-29,73.42032508369401
2020-01-30,66.40866995723714
2020-01-31,69.21079194592866
2020-02-01,73.92905004349183
2020-02-02,80.0840480405188
2020-02-03,69.5776233650773
2020-02-04,67.75470222325252
2020-02-05,68.51885997325572
2020-02-06,65.04892219886223
2020-02-07,72.21647021112382
2020-02-08,74.52820107083973
2020-02-09,66.46677942631885
2020-02-10,79.3135486594475
2020-02-11,68.3152097217766
2020-02-12,62.56833475269533
2020-02-13,65.44443131295053
2020-02-14,64.33498481333382
2020-02-15,56.884558460997766
2020-02-16,77.82429867705861
2020-02-17,61.434574245541725
2020-02-18,62.238595488384426
2020-02-19,66.97415193406381
2020-02-20,64.8552615320959
2020-02-21,63.47048082126602
2020-02-22,67.43120792726458
2020-02-23,74.64845818334489
2020-02-24,72.23879734317792
2020-02-25,59.509449880853445
2020-02-26,66.9887240214915
2020-02-27,71.07606680920274
2020-02-28,63.273431781469874
2020-02-29,72.63120603692155
2020-03-01,68.39015617492942
2020-03-02,74.09267260695141
2020-03-03,79.2405415767597
2020-03-04,76.06401909741358
2020-03-05,68.94713080977286
2020-03-06,68.54440905267073
2020-03-07,68.6812698954535
2020-03-08,62.82785990974625
2020-03-09,61.6318569133075
2020-03-10,61.16753292164057
2020-03-11,56.90875448687578
2020-03-12,65.20502405190419
2020-03-13,64.16463495768417
2020-03-14,64.96436571112923
2020-03-15,78.27295942786238
2020-03-16,85.63557767123025
2020-03-17,87.56025582778426
2020-03-18,92.99623262999722
2020-03-19,94.75995876609312
2020-03-20,100.08827397456679
2020-03-21,99.85785746642497
2020-03-22,110.52479253230737
2020-03-23,108.86446957410637
2020-03-24,108.73239913446878
2020-03-25,101.81527488865379
2020-03-26,104.73970948694242
2020-03-27,108.6381761802635
2020-03-28,93.00451936954437
2020-03-29,107.71857700297957
2020-03-30,102.28380910568367
2020-03-31,102.19435507174617
2020-04-01,108.00443532543265
2020-04-02,97.4850418112865
2020-04-03,95.23503478220843
2020-04-04,88.89103560483524
2020-04-05,90.13430546902401
2020-04-06,86.50869742904196
2020-04-07,78.57553729392528
2020-04-08,84.06632586123469
2020-04-09,76.4246679274945
2020-04-10,83.77724989188054
2020-04-11,74.1178424037325
2020-04-12,83.42458783629179
2020-04-13,80.87601989987888
2020-04-14,77.00232660995202
2020-04-15,84.55057766231539
2020-04-16,75.25553155514163
2020-04-17,74.01802761481562
2020-04-18,74.26558007365554
2020-04-19,89.26039940373113
2020-04-20,88.39852620014993
2020-04-21,81.09460224102406
2020-04-22,89.53165516979384
2020-04-23,88.20844020217622
2020-04-24,92.64312914509722
2020-04-25,86.76332977031926
2020-04-26,79.43656882584877
2020-04-27,86.66752060976025
2020-04-28,86.84158867659893
2020-04-29,89.38052020068729
2020-04-30,84.308347583948
2020-05-01,87.14324263955181
2020-05-02,98.81242883289605
2020-05-03,89.28852793204273
2020-05-04,91.20143878766628
2020-05-05,89.70444894876717
2020-05-06,92.0237400657118
2020-05-07,87.6184660434096
2020-05-08,86.46459447132537
2020-05-09,81.35725986659212
2020-05-10,98.76048736516263
2020-05-11,86.9815480447599
2020-05-12,90.49663074287093
2020-05-13,91.15501665118352
2020-05-14,82.86028112782388
2020-05-15,77.80527345411356
2020-05-16,79.31531615801586
2020-05-17,84.58733287310078
2020-05-18,77.20325558277526
2020-05-19,74.86616352154844
2020-05-20,74.42126352210275
2020-05-21,74.78853629974934
2020-05-22,75.953771073041
2020-05-23,72.74424390993772
2020-05-24,75.87488296073283
2020-05-25,71.64308081086713
2020-05-26,69.65532477205849
2020-05-27,69.91161483971749
2020-05-28,71.85773059588522
2020-05-29,75.30893189832439
2020-05-30,65.30126736468294
2020-05-31,70.8389390573921
2020-06-01,72.36306931841499
2020-06-02,76.95677253085088
2020-06-03,72.76825814055545
2020-06-04,76.97835921774526
2020-06-05,75.39050650022676
2020-06-06,77.32341899993985
2020-06-07,73.70706635604601
2020-06-08,71.36365649430266
2020-06-09,69.55422885314456
2020-06-10,64.81490579753067
2020-06-11,80.42294503464075
2020-06-12,61.41815475378794
2020-06-13,76.8471624833271
2020-06-14,79.60123238373136
2020-06-15,69.64646722513429
2020-06-16,77.99434175422145
2020-06-17,80.30889514674179
2020-06-18,74.0499504736167
2020-06-19,75.0767382607258
2020-06-20,76.93045898037307
2020-06-21,68.31354249442624
2020-06-22,80.31382371116554
2020-06-23,63.05146468365098
2020-06-24,68.06896462275107
2020-06-25,64.05286970674828
2020-06-26,70.12378448050353
2020-06-27,67.99243502971828
2020-06-28,73.17699316199352
2020-06-29,68.13714576194297
2020-06-30,51.764451982636544
2020-07-01,57.567931164309655
2020-07-02,65.92474717749316
2020-07-03,62.97938947940605
2020-07-04,57.233457230815006
2020-07-05,53.51151025393528
2020-07-06,60.54000312901626
2020-07-07,54.256532549044124
2020-07-08,60.29379301302504
2020-07-09,61.886616767101664
2020-07-10,62.5912515171352
2020-07-11,60.19081557674661
2020-07-12,56.902190633684405
2020-07-13,66.06498575725841
2020-07-14,55.53441649408447
2020-07-15,64.66013278161516
2020-07-16,68.48445216914597
2020-07-17,69.25978329488339
2020-07-18,65.3057014183407
2020-07-19,61.02754835068833
2020-07-20,58.67825316218875
2020-07-21,64.32581892978249
2020-07-22,55.24720836769206
2020-07-23,62.47876508482827
2020-07-24,71.6107581191646
2020-07-25,61.95229173128457
2020-07-26,64.53970953243798
2020-07-27,61.89205808048432
2020-07-28,74.14601269392993
2020-07-29,68.0483480748304
2020-07-30,66.87632193375865
2020-07-31,61.57766738139128
2020-08-01,63.776802492631745
2020-08-02,71.26730079988832
2020-08-03,67.66292524485895
2020-08-04,67.85302062101552
2020-08-05,68.895955458273
2020-08-06,66.49652148887448
2020-08-07,69.66080056365435
2020-08-08,76.0333558930516
2020-08-09,76.05388520117587
2020-08-10,70.16231609559901
2020-08-11,70.69005295841936
2020-08-12,76.52865494581134
2020-08-13,66.4791909301938
2020-08-14,73.51777599848502
2020-08-15,58.83832255204004
2020-08-16,64.30578859540029
2020-08-17,63.07813438755075
2020-08-18,70.6380047856343
2020-08-19,71.53828188321454
2020-08-20,70.73142252513266
2020-08-21,62.58285242468945
2020-08-22,70.55456943359428
2020-08-23,70.2608749962493
2020-08-24,79.73027499089082
2020-08-25,82.70563704990224
2020-08-26,78.35563054231973
2020-08-27,82.75264769298661
2020-08-28,78.4387452218531
2020-08-29,72.80352874961392
2020-08-30,83.39020624038778
2020-08-31,74.83046025056333
2020-09-01,64.94460895405165
2020-09-02,71.4805604423954
2020-09-03,64.97936768810038
2020-09-04,74.47720701234293
2020-09-05,65.94281290895054
2020-09-06,75.58525292679388
2020-09-07,75.41327626541063
2020-09-08,71.52330756621576
2020-09-09,69.04188572671124
2020-09-10,73.92688027952639
2020-09-11,72.32278068552058
2020-09-12,70.46456668684725
2020-09-13,60.454597274651476
2020-09-14,60.97366897596282
2020-09-15,60.60342002624287
2020-09-16,67.09938363498385
2020-09-17,73.04353262047245
2020-09-18,55.15860927139006
2020-09-19,60.13768411277633
2020-09-20,72.04336732637054
2020-09-21,68.04335287793016
2020-09-22,70.58356784377266
2020-09-23,65.39283636686334
2020-09-24,69.42106634160864
2020-09-25,66.3187553296494
2020-09-26,63.10602867379363
2020-09-27,72.39140096319741
2020-09-28,96.01226257330359
2020-09-29,71.46605018118356
2020-09-30,67.72833741914324
2020-10-01,69.01094765860044
2020-10-02,62.99567573208839
2020-10-03,67.29678350096557
2020-10-04,53.11612521210016
2020-10-05,61.346690492794785
2020-10-06,57.811553345361716
2020-10-07,59.04495634293006
2020-10-08,58.11914421816584
2020-10-09,58.267069431825945
2020-10-10,72.42054181820619
2020-10-11,61.87650193817355
2020-10-12,65.38200191004947
2020-10-13,60.768224873001046
2020-10-14,69.35134088794301
2020-10-15,74.32710255692548
2020-10-16,69.86909006040551
2020-10-17,74.30920965484515
2020-10-18,69.33687125472916
2020-10-19,74.58382872724326
2020-10-20,75.51245408861588
2020-10-21,69.35164522801055
2020-10-22,68.15569631999183
2020-10-23,74.55715436579351
2020-10-24,82.18248451710379
2020-10-25,81.74849471070034
2020-10-26,90.26247179437593
2020-10-27,91.51346843714826
2020-10-28,85.91714995401259
2020-10-29,89.31143070245238
2020-10-30,79.84723636666048
2020-10-31,75.11040725020864
2020-11-01,75.31410505162641
2020-11-02,75.77021998635959
2020-11-03,74.8587231278056
2020-11-04,74.02911404077284
2020-11-05,73.29560350635336
2020-11-06,75.42929363115316
2020-11-07,72.48635837353662
2020-11-08,95.31840120203637
2020-11-09,81.61511143934196
2020-11-10,96.95923898105147
2020-11-11,88.6998437703759
2020-11-12,84.7326870301671
2020-11-13,85.82515088239636
2020-11-14,87.24504557255952
2020-11-15,89.5039591823351
2020-11-16,91.05638622122818
2020-11-17,95.90976665848876
2020-11-18,98.30518188285087
2020-11-19,96.62970836053542
2020-11-20,87.41236306367036
2020-11-21,84.23154632441404
2020-11-22,95.35437943146609
2020-11-23,85.66672072272301
2020-11-24,90.63867718242521
2020-11-25,80.52708618311829
2020-11-26,89.60124379611261
2020-11-27,92.3208255915777
2020-11-28,88.47622256192928
2020-11-29,85.39309182032825
2020-11-30,81.76391761391844
2020-12-01,88.24678497178148
2020-12-02,78.06373772990051
2020-12-03,90.67100667258643
2020-12-04,83.09519295346402
2020-12-05,85.541309548060525
2020-12-06,72.79232727859035
2020-12-07,75.05353378710512
2020-12-08,79.02363895531943
2020-12-09,62.81093612705753
2020-12-10,74.9097121974744
2020-12-11,66.27145985246462
2020-12-12,72.64339628500302
2020-12-13,79.29604798301592
2020-12-14,73.04589594088287
2020-12-15,73.41855193546343
2020-12-16,72.39913602654333
2020-12-17,72.22939876270209
2020-12-18,71.56286873502755
2020-12-19,75.25252732890354
2020-12-20,78.40276081996527
2020-12-21,72.90136578972752
2020-12-22,82.210340086581
2020-12-23,75.75519044924961
2020-12-24,85.44977616032061
2020-12-25,81.59711962266296
2020-12-26,77.31377081972369
2020-12-27,75.27846178596762
2020-12-28,78.10904337500848
2020-12-29,73.13305248528634
2020-12-30,68.68155891729208
2020-12-31,80.86958723620525
2021-01-01,72.13804579201982
2021-01-02,70.91778130341932
2021-01-03,77.56406327177145
2021-01-04,81.12757042823146
2021-01-05,79.20668094966085
2021-01-06,75.31145750378164
2021-01-07,84.40585147429557
2021-01-08,80.44150304517117
2021-01-09,87.24989034705973
2021-01-10,82.84693665655998
2021-01-11,84.83238894913963
2021-01-12,87.4650920892352
2021-01-13,85.24547419826234
2021-01-14,83.31783765616683
2021-01-15,80.57374161444318
2021-01-16,83.62119879649454
2021-01-17,87.58946434038707
2021-01-18,84.63396163496306
2021-01-19,87.22465016741131
2021-01-20,81.78312960930819
2021-01-21,79.80947370633017
2021-01-22,82.68923351540182
2021-01-23,82.8018782372115
2021-01-24,95.2499143623386
2021-01-25,83.19145315734042
2021-01-26,85.28336903266565
2021-01-27,89.32215462586724
2021-01-28,98.75037140336848
2021-01-29,95.09755800502636
2021-01-30,87.87072627819114
2021-01-31,97.49076714485246
2021-02-01,99.67198626945738
2021-02-02,88.39341292425301
2021-02-03,88.82233856558072
2021-02-04,87.74984314225851
2021-02-05,88.22413897516537
2021-02-06,82.57851023089366
2021-02-07,82.54395583246993
2021-02-08,77.4383982644818
2021-02-09,72.61930160217146
2021-02-10,66.97822499940227
2021-02-11,74.285414318464
2021-02-12,81.85064298241463
2021-02-13,75.97471902776358
2021-02-14,76.65220997977558
2021-02-15,73.85896933794098
2021-02-16,72.23836948535597
2021-02-17,68.80969930418695
2021-02-18,68.09198685142296
2021-02-19,69.06916135279097
2021-02-20,71.09463231684455
2021-02-21,83.82107208561743
2021-02-22,74.94169489607928
2021-02-23,70.50486056456145
2021-02-24,79.5166509421673
2021-02-25,74.31222998325998
2021-02-26,76.92541214119636
2021-02-27,83.97047907267654
2021-02-28,81.8938993135267
2021-03-01,84.86151985948163
2021-03-02,89.49770821473815
2021-03-03,88.51233421536307
2021-03-04,93.58665905733314
2021-03-05,98.62425810432894
2021-03-06,113.6010989433782
2021-03-07,116.34836470998347
2021-03-08,88.68712314717618
2021-03-09,94.90694316012117
2021-03-10,84.57376638383396
2021-03-11,88.7239364283482
2021-03-12,86.29707727156587
2021-03-13,91.10606711457214
2021-03-14,96.15920217577788
2021-03-15,84.15539689064809
2021-03-16,85.18242529764369
2021-03-17,89.04050002698982
2021-03-18,79.19537849808287
2021-03-19,80.07894429724624
2021-03-20,83.23933599464914
2021-03-21,81.84116839117024
2021-03-22,89.17496173104517
2021-03-23,70.78667980299231
2021-03-24,68.47377940464904
2021-03-25,76.04746582895945
2021-03-26,69.90718612046209
2021-03-27,73.69967826842404
2021-03-28,75.92842121882995
2021-03-29,76.30047704317367
2021-03-30,78.1873533015324
2021-03-31,68.94145576147649
2021-04-01,80.75020121473608
2021-04-02,78.14307990938715
2021-04-03,77.97762967123319
2021-04-04,72.35620949142866
2021-04-05,71.40350387004972
2021-04-06,68.56123781611777
2021-04-07,74.17485920030741
2021-04-08,71.15590502419211
2021-04-09,69.29560273531459
2021-04-10,68.54776729926479
2021-04-11,64.75574555160227
2021-04-12,72.59104543335316
2021-04-13,66.801110810834
2021-04-14,70.85504492321112
2021-04-15,64.04063585894646
2021-04-16,68.58354360394485
2021-04-17,73.60186333879574
2021-04-18,81.5895869639666
2021-04-19,72.22569159133973
2021-04-20,69.57258053032758
2021-04-21,77.3712416252822
2021-04-22,76.77818053898108
2021-04-23,72.6428259628477
2021-04-24,69.99934672588155
2021-04-25,60.488251468035656
2021-04-26,61.25464799527896
2021-04-27,68.15254123132075
2021-04-28,58.053886656074134
2021-04-29,65.68627799882626
2021-04-30,71.445944190882
2021-05-01,66.74602139292506
2021-05-02,74.90992103019671
2021-05-03,75.49774130568285
2021-05-04,77.51556407324848
2021-05-05,75.88303546521266
2021-05-06,72.95559227435452
2021-05-07,70.34971073073112
2021-05-08,83.21408235908953
2021-05-09,67.9038489551365
2021-05-10,74.72380367036388
2021-05-11,66.21788300675476
2021-05-12,64.01134149580561
2021-05-13,61.38958556691294
2021-05-14,59.91224832995021
2021-05-15,60.53500474211337
2021-05-16,59.50265617714896
2021-05-17,65.4259756619227
2021-05-18,61.447425373291324
2021-05-19,72.27599910786105
2021-05-20,67.8452389908864
2021-05-21,66.3520488671355
2021-05-22,59.48312241391809
2021-05-23,63.772702207171406
2021-05-24,68.89222845446264
2021-05-25,67.68302070578892
2021-05-26,72.15318809989822
2021-05-27,68.55735363979652
2021-05-28,64.04353968773181
2021-05-29,64.63356428403586
2021-05-30,61.754774369588176
2021-05-31,62.88617109221328
2021-06-01,64.14821150082771
2021-06-02,49.33329427891428
2021-06-03,54.65048697017657
2021-06-04,51.78836303947958
2021-06-05,62.08440871774954
2021-06-06,62.168996227689455
2021-06-07,61.91706339786909
2021-06-08,66.59370423165824
2021-06-09,70.6105294770955
2021-06-10,59.55780817503254
2021-06-11,53.52958330248597
2021-06-12,49.89330785797663
2021-06-13,58.93048120021293
2021-06-14,56.445603251541
2021-06-15,61.466908490505006
2021-06-16,51.82202735722612
2021-06-17,65.93690908189349
2021-06-18,52.17668438472089
2021-06-19,42.45521254145061
2021-06-20,68.17831744983087
2021-06-21,69.99183987967004
2021-06-22,65.76938842749169
2021-06-23,67.65762733405313
2021-06-24,67.38943531229633
2021-06-25,56.51295093118179
2021-06-26,59.86861770427865
2021-06-27,59.440719230980406
2021-06-28,54.316945148018995
2021-06-29,55.99026380838086
2021-06-30,52.694149344056676
2021-07-01,58.27345420743028
2021-07-02,56.98149597238639
2021-07-03,50.8966012212529
2021-07-04,68.14545635236355
2021-07-05,57.447785693320625
2021-07-06,55.428322110381174
2021-07-07,58.29989272015049
2021-07-08,59.735147708007425
2021-07-09,57.655760496544964
2021-07-10,59.95937209139892
2021-07-11,54.20799726094262
2021-07-12,53.849176787329
2021-07-13,65.93856295835927
2021-07-14,49.954116489621725
2021-07-15,62.62171861065977
2021-07-16,56.50933823506389
2021-07-17,49.81387920855362
2021-07-18,47.33858518957273
2021-07-19,48.28188223051418
2021-07-20,59.248230306693785
2021-07-21,64.71945765932182
2021-07-22,58.137289302006835
2021-07-23,31.6040841990934
2021-07-24,61.463705448497535
2021-07-25,64.76782994018474
2021-07-26,73.72259167892678
2021-07-27,56.257812801848296
2021-07-28,60.764752048876794
2021-07-29,61.365578963961646
2021-07-30,59.570188925932776
2021-07-31,54.177771019826544
2021-08-01,60.521756913556075
2021-08-02,70.34297851857161
2021-08-03,70.98673621014855
2021-08-04,58.94296731518925
2021-08-05,71.66773532899903
2021-08-06,66.11658750740828
2021-08-07,66.16718701436372
2021-08-08,63.875707806682
2021-08-09,66.63245779443807
2021-08-10,61.182331894359216
2021-08-11,70.3798171081677
2021-08-12,63.856476489541016
2021-08-13,62.05096443010217
2021-08-14,69.1732245175579
2021-08-15,72.52237208973759
2021-08-16,68.23493271644064
2021-08-17,59.86715410165995
2021-08-18,65.7544951940038
2021-08-19,66.86872151807474
2021-08-20,66.16567532246516
2021-08-21,67.98674991156126
2021-08-22,76.58096851569958
2021-08-23,69.20842588188538
2021-08-24,76.3512452018403
2021-08-25,76.46588393109727
2021-08-26,75.40007805567213
2021-08-27,77.2607430091416
2021-08-28,77.66740584344633
2021-08-29,67.28003137562686
2021-08-30,74.17456570354159
2021-08-31,69.16206662178739
2021-09-01,74.9193863807283
2021-09-02,60.231463085382444
2021-09-03,67.7732692023826
2021-09-04,67.75545706556439
2021-09-05,68.90699831834492
2021-09-06,65.931507976219
2021-09-07,79.93554709751722
2021-09-08,69.21402895412609
2021-09-09,65.8051571482008
2021-09-10,60.237446784460886
2021-09-11,69.36843568750047
2021-09-12,72.22301251455605
2021-09-13,84.84645271541628
2021-09-14,72.28734277683891
2021-09-15,76.78012098329903
2021-09-16,73.66553126834897
2021-09-17,86.59031162038016
2021-09-18,71.12445823880049
2021-09-19,79.54943089834335
2021-09-20,87.5617040582532
2021-09-21,77.56477932953938
2021-09-22,76.57690226996607
2021-09-23,79.28679383706174
2021-09-24,78.29774301889742
2021-09-25,63.13640492427582
2021-09-26,79.00016547806794
2021-09-27,76.65605996167469
2021-09-28,69.06431977204674
2021-09-29,70.26164289717173
2021-09-30,70.48877614199046
2021-10-01,58.6968380246515
2021-10-02,68.60452616329825
2021-10-03,64.00277300961307
2021-10-04,68.63858476000776
2021-10-05,66.48575422252262
2021-10-06,68.76724493605002
2021-10-07,71.74206905417074
2021-10-08,67.23547535809513
2021-10-09,63.72064144531901
2021-10-10,65.7272534575342
2021-10-11,64.99817587805228
2021-10-12,69.24986226733525
2021-10-13,69.75689367990542
2021-10-14,70.97434966028693
2021-10-15,69.56980228786024
2021-10-16,59.21590175122049
2021-10-17,65.45297247773927
2021-10-18,65.49389141203048
2021-10-19,68.20618529870431
2021-10-20,66.24643355441901
2021-10-21,71.5765602761636
2021-10-22,65.53781127175813
2021-10-23,60.27685077957808
2021-10-24,71.38645720296215
2021-10-25,71.89729050512484
2021-10-26,70.33581871374201
2021-10-27,69.72893797745866
2021-10-28,76.72018796504875
2021-10-29,80.18963329427632
2021-10-30,70.42420580614564
2021-10-31,74.16504084485791
2021-11-01,85.48767261905564
2021-11-02,69.0057111063895
2021-11-03,81.3881944195679
2021-11-04,77.88182351224434
2021-11-05,67.16938498992583
2021-11-06,70.81929026069947
2021-11-07,81.07245342258288
2021-11-08,79.5055470883955
2021-11-09,73.80305056599592
2021-11-10,73.97645839464039
2021-11-11,76.23149230353873
2021-11-12,73.83224255270183
2021-11-13,68.19978714563032
2021-11-14,77.59497843687866
2021-11-15,69.23166661295656
2021-11-16,70.82087275523125
2021-11-17,77.92883349183062
2021-11-18,80.02536081079084
2021-11-19,71.19877021585901
2021-11-20,71.95521730656435
2021-11-21,91.1622288283395
2021-11-22,72.62704636228482
2021-11-23,77.17180848812279
2021-11-24,83.75034996321403
2021-11-25,86.45098629044385
2021-11-26,90.34696594494332
2021-11-27,81.07119030231787
2021-11-28,78.90599518063263
2021-11-29,72.89840608189277
2021-11-30,79.05686672271942
2021-12-01,82.14031550935053
2021-12-02,73.57753008433566
2021-12-03,74.29033136262632
2021-12-04,70.14609859383758
2021-12-05,75.55456273943476
2021-12-06,72.31901583525178
2021-12-07,71.66242141881172
2021-12-08,71.36789780309088
2021-12-09,73.78022369482973
2021-12-10,66.38680726741042
2021-12-11,76.89866960351911
2021-12-12,83.97121908026654
2021-12-13,74.61937441079199
2021-12-14,76.37652192778143
2021-12-15,75.29478101738749
2021-12-16,72.39022245672776
2021-12-17,71.45001912508867
2021-12-18,82.26539847053215
2021-12-19,80.91251229287911
2021-12-20,79.29766715795502
2021-12-21,81.48514615969678
2021-12-22,68.81619510142274
2021-12-23,81.1733681700896
2021-12-24,77.51593260597845
2021-12-25,86.89072281577123
2021-12-26,70.88600034423985
2021-12-27,72.82490421819587
2021-12-28,76.86596738575183
2021-12-29,72.76677013056043
2021-12-30,75.7683740496346
2021-12-31,72.89278426811455
2022-01-01,78.31880657519378
2022-01-02,86.01128103345937
2022-01-03,89.30769146804793
2022-01-04,87.05341199813252
2022-01-05,91.99551232283275
2022-01-06,90.13992679612319
2022-01-07,89.64009046608714
2022-01-08,79.5750188718695
2022-01-09,81.32483058483149
2022-01-10,72.1964591560063
2022-01-11,77.6840439805777
2022-01-12,74.0413716075126
2022-01-13,76.78661384219795
2022-01-14,75.81590607771618
2022-01-15,83.87631800959998
2022-01-16,94.31720457843429
2022-01-17,98.82779106844653
2022-01-18,127.33598024968428
2022-01-19,105.02201520086847
2022-01-20,101.16344862642964
2022-01-21,98.57944745486199
2022-01-22,99.35899635362817
2022-01-23,89.13499669876835
2022-01-24,85.42370265536158
2022-01-25,81.74499852179808
2022-01-26,78.86626642192724
2022-01-27,90.38722285459423
2022-01-28,88.89172042470173
2022-01-29,99.47244399300394
2022-01-30,91.9243805763264
2022-01-31,97.99191079111002
2022-02-01,91.39574964385287
2022-02-02,95.66855043166551
2022-02-03,105.03718376357368
2022-02-04,85.78657398826115
2022-02-05,90.47529109161272
2022-02-06,87.57671955173606
2022-02-07,80.9703876775528
2022-02-08,76.93390755135452
2022-02-09,70.82035410120038
2022-02-10,68.00140218179071
2022-02-11,72.27488275887764
2022-02-12,71.7286094619215
2022-02-13,75.09510662929286
2022-02-14,79.31485585163483
2022-02-15,81.75531012656438
2022-02-16,78.95259181961501
2022-02-17,74.55531870562304
2022-02-18,70.8265575060198
2022-02-19,74.0012879652931
2022-02-20,70.77821996257
2022-02-21,65.95283763241581
2022-02-22,76.8090022030082
2022-02-23,70.78626389994561
2022-02-24,69.28605746632226
2022-02-25,65.52984082490492
2022-02-26,70.47412538548608
2022-02-27,64.45119157158625
2022-02-28,61.746813423823404
2022-03-01,66.70238424529802
2022-03-02,61.16446981655166
2022-03-03,69.61113875936634
2022-03-04,61.56026788275613
2022-03-05,68.55623618544779
2022-03-06,74.98850179265253
2022-03-07,80.46072810433266
2022-03-08,69.14210615518466
2022-03-09,65.36149137655033
2022-03-10,69.41020475841623
2022-03-11,69.0563173821922
2022-03-12,71.62193366251584
2022-03-13,65.9764601301485
2022-03-14,74.51725484026154
2022-03-15,73.13572944953668
2022-03-16,70.5608555996034
2022-03-17,64.29864139216723
2022-03-18,63.30898364507217
2022-03-19,62.41915842140941
2022-03-20,72.57501904861624
2022-03-21,56.803078366136106
2022-03-22,63.32051305812157
2022-03-23,67.78425690903065
2022-03-24,61.64652572850697
2022-03-25,56.76266276150637
2022-03-26,57.61972181019024
2022-03-27,67.23394093488497
2022-03-28,67.14831315811796
2022-03-29,69.78661292720345
2022-03-30,73.02432862794109
2022-03-31,77.32331060983073
2022-04-01,70.21359938841672
2022-04-02,75.88617959684163
2022-04-03,78.96143453372213
2022-04-04,79.23062987210054
2022-04-05,71.3824865725134
2022-04-06,73.01350302040566
2022-04-07,67.76351869467123
2022-04-08,65.92824373148795
2022-04-09,75.26321134158208
2022-04-10,59.559353977662525
2022-04-11,69.42608549464009
2022-04-12,62.497517889533675
2022-04-13,59.55691697598997
2022-04-14,55.754854064191704
2022-04-15,63.42273353546207
2022-04-16,63.57850594920469
2022-04-17,56.49928151438568
2022-04-18,65.4123199368117
2022-04-19,68.01024924295352
2022-04-20,63.23081362895212
2022-04-21,59.24876430975381
2022-04-22,61.52459351843907
2022-04-23,67.14509134529702
2022-04-24,57.70729763725735
2022-04-25,61.689483480012115
2022-04-26,62.53253743284319
2022-04-27,57.52575319817967
2022-04-28,59.554755582231216
2022-04-29,66.67977310856583
2022-04-30,67.3545469927281
2022-05-01,67.16746648717954
2022-05-02,63.302420456350234
2022-05-03,74.32579302497119
2022-05-04,69.10887051337183
2022-05-05,66.21803704460203
2022-05-06,71.38023697615411
2022-05-07,58.66079673077313
2022-05-08,67.33831234549626
2022-05-09,64.16032941796524
2022-05-10,69.40563106885836
2022-05-11,60.312100365000916
2022-05-12,70.31770274467146
2022-05-13,64.96840199730248
2022-05-14,63.33861763473935
2022-05-15,60.76366110570167
2022-05-16,54.82997242595549
2022-05-17,59.300692062612725
2022-05-18,58.47290807174714
2022-05-19,64.81657994069802
2022-05-20,53.06849344808839
2022-05-21,51.07822478193338
2022-05-22,67.37934735674054
2022-05-23,56.44039591090134
2022-05-24,57.34101555936147
2022-05-25,60.769592680531645
2022-05-26,56.59384110310231
2022-05-27,43.28965466644869
2022-05-28,56.142400218157555
2022-05-29,53.58554613355937
2022-05-30,63.618566778210536
2022-05-31,57.56055533249262
2022-06-01,54.57830137788154
2022-06-02,54.77126175701767
2022-06-03,63.68164069023842
2022-06-04,58.86351109677038
2022-06-05,57.405335977604345
2022-06-06,66.62027872163166
2022-06-07,55.14514777246271
2022-06-08,55.11051680750852
2022-06-09,52.20968301926306
2022-06-10,57.92850937463786
2022-06-11,58.542935050572325
2022-06-12,64.90644330253876
2022-06-13,57.30241130060001
2022-06-14,59.747057318483684
2022-06-15,55.75232380910405
2022-06-16,55.06325318633034
2022-06-17,49.27416905763651
2022-06-18,52.56387720859552
2022-06-19,54.44837466227325
2022-06-20,57.73515809497709
2022-06-21,51.13376276089408
2022-06-22,50.48210301824807
2022-06-23,55.61320220271975
2022-06-24,58.34875639728361
2022-06-25,53.867758474306186
2022-06-26,55.68466025412991
2022-06-27,57.373892152300336
2022-06-28,71.26685855439821
2022-06-29,58.660500011915666
2022-06-30,65.37037138242533
2022-07-01,66.68747886716679
2022-07-02,49.159614094415275
2022-07-03,59.47984758738417
2022-07-04,71.80131611662154
2022-07-05,69.49740703183059
2022-07-06,63.35054969159575
2022-07-07,64.889239404414
2022-07-08,62.123130508952016
2022-07-09,56.185532715366286
2022-07-10,61.02432663074018
2022-07-11,57.363535706194135
2022-07-12,63.0305834999944
2022-07-13,66.29447108930054
2022-07-14,51.31373142162667
2022-07-15,49.54037342392234
2022-07-16,46.37992599424051
2022-07-17,48.71395936818814
2022-07-18,57.716300733343
2022-07-19,51.81853867978905
2022-07-20,50.326017896633005
2022-07-21,46.96823168918167
2022-07-22,49.8559827670938
2022-07-23,55.05288505737349
2022-07-24,58.61899979372553
2022-07-25,55.748835464205705
2022-07-26,53.046852094886624
2022-07-27,55.40866340663465
2022-07-28,51.426565723182144
2022-07-29,47.84357417355004
2022-07-30,55.189876769771764
2022-07-31,52.54365259466603
2022-08-01,44.67133096621524
2022-08-02,61.471712452814344
2022-08-03,64.56503285948575
2022-08-04,61.01760256003996
2022-08-05,67.99604384454443
2022-08-06,73.70896197485284
2022-08-07,74.35852598439067
2022-08-08,65.177145595797
2022-08-09,60.35428468206225
2022-08-10,57.11884113358588
2022-08-11,55.14751970699968
2022-08-12,58.643158598215116
2022-08-13,59.292451481734886
2022-08-14,60.65164606379279
2022-08-15,58.86986435153185
2022-08-16,61.521452106447974
2022-08-17,52.21072185530747
2022-08-18,81.51028707214547
2022-08-19,68.18067095179033
2022-08-20,61.63275570167613
2022-08-21,66.90071015009147
2022-08-22,65.45341060939526
2022-08-23,60.651706559011785
2022-08-24,71.5451486447757
2022-08-25,56.15153992993813
2022-08-26,62.45713191912606
2022-08-27,59.517951069584406
2022-08-28,60.912397714392895
2022-08-29,59.456015697021705
2022-08-30,60.92193440918605
2022-08-31,55.749851578575466
2022-09-01,57.42579746450337
2022-09-02,59.32030391088123
2022-09-03,50.44133255721766
2022-09-04,66.63202336133685
2022-09-05,66.00632295663797
2022-09-06,71.00660572481625
2022-09-07,68.84316962708291
2022-09-08,59.388117642980966
2022-09-09,62.60759573254025
2022-09-10,58.09492375662867
2022-09-11,66.51257589340138
2022-09-12,55.444317512897825
2022-09-13,59.067074619092416
2022-09-14,67.77435990197247
2022-09-15,71.77494591250677
2022-09-16,69.03669110530467
2022-09-17,73.23036587961481
2022-09-18,75.11896321023782
2022-09-19,73.58119250106375
2022-09-20,76.46140433536232
2022-09-21,76.92421351389348
2022-09-22,74.58592897235127
2022-09-23,60.28059758851222
2022-09-24,64.69284616383145
2022-09-25,63.50092465886318
2022-09-26,67.31599563540705
2022-09-27,62.698213868755836
2022-09-28,59.346436739483714
2022-09-29,61.14020719704009
2022-09-30,55.60956575483324
2022-10-01,65.61610480636071
2022-10-02,61.95226524674203
2022-10-03,62.22093958648678
2022-10-04,59.88872170090457
2022-10-05,61.0946685692591
2022-10-06,63.5792661655673
2022-10-07,52.08013672267717
2022-10-08,65.60587145676692
2022-10-09,57.78669509090997
2022-10-10,65.162514549944
2022-10-11,58.544387628254405
2022-10-12,54.928407256501686
2022-10-13,57.178045610636815
2022-10-14,64.18486184933003
2022-10-15,56.735881354878906
2022-10-16,61.98790478770509
2022-10-17,59.89711296833346
2022-10-18,57.57600130760731
2022-10-19,61.83863883506942
2022-10-20,58.69451259996282
2022-10-21,67.02264388842286
2022-10-22,66.91372986020971
2022-10-23,63.11417105128565
2022-10-24,61.29305981487053
2022-10-25,61.077363172533204
2022-10-26,67.73217513070935
2022-10-27,68.09476067593924
2022-10-28,64.98240695286736
2022-10-29,71.60403401004399
2022-10-30,66.2064902962504
2022-10-31,68.31992568278547
2022-11-01,69.30773860027024
2022-11-02,67.3918212457208
2022-11-03,69.43598037825197
2022-11-04,70.94960950417345
2022-11-05,81.03826593851963
2022-11-06,75.74257452770114
2022-11-07,76.01297230197193
2022-11-08,66.97077255530834
2022-11-09,69.16476322865987
2022-11-10,66.2241257156726
2022-11-11,62.582623388668715
2022-11-12,63.22824004093402
2022-11-13,75.3658411543169
2022-11-14,65.17343722241077
2022-11-15,75.32600071170648
2022-11-16,77.55829011854063
2022-11-17,69.09920333310268
2022-11-18,74.8886593313663
2022-11-19,79.96270672801896
2022-11-20,99.28529690832602
2022-11-21,82.58492021220277
2022-11-22,76.97031248006193
2022-11-23,78.00771033778389
2022-11-24,81.81757083500686
2022-11-25,87.84567354904905
2022-11-26,71.70631992828432
2022-11-27,76.62870286017778
2022-11-28,77.4375153010395
2022-11-29,75.2411980927382
2022-11-30,72.25663292315305
2022-12-01,77.35134653935806
2022-12-02,65.60101320957399
2022-12-03,77.54898839239749
2022-12-04,85.48425100936613
2022-12-05,71.67218324568705
2022-12-06,72.39290654855103
2022-12-07,72.34496350662309
2022-12-08,77.66741109750545
2022-12-09,72.10311695602631
2022-12-10,66.78267454827953
2022-12-11,80.54957820858316
2022-12-12,69.61841419729356
2022-12-13,70.8910255854249
2022-12-14,72.3131182054924
2022-12-15,73.46902674022208
2022-12-16,65.16792919617129
2022-12-17,64.59065864492915
2022-12-18,66.89489178878699
2022-12-19,71.5472782067551
2022-12-20,80.03994980974451
2022-12-21,72.37833907553511
2022-12-22,72.70656129372924
2022-12-23,65.23643984068754
2022-12-24,81.3809039977435
2022-12-25,71.53722602864468
2022-12-26,81.77898683127883
2022-12-27,78.76059103278078
2022-12-28,66.08447137564764
2022-12-29,63.24071268913712
2022-12-30,75.9562593276588
2022-12-31,61.64850889792182
2023-01-01,75.64713349017596
2023-01-02,68.68345576715294
2023-01-03,85.56406520045579
2023-01-04,67.47764858652965
2023-01-05,70.99732127312015
2023-01-06,79.02751486810088
2023-01-07,68.50413336439284
2023-01-08,82.42189178022583
2023-01-09,75.70195824932307
2023-01-10,72.45292111348029
2023-01-11,73.50611100544552
2023-01-12,72.62654818121142
2023-01-13,67.18168563801211
2023-01-14,74.07524623635841
2023-01-15,61.716665943630154
2023-01-16,65.65126914539795
2023-01-17,76.83034164974205
2023-01-18,70.303306398419707
2023-01-19,67.35435920035562
2023-01-20,76.59523276144205
2023-01-21,72.70231704398364
2023-01-22,74.40542014670271
2023-01-23,80.41139204954519
2023-01-24,77.4189426303181
2023-01-25,76.14300004415016
2023-01-26,74.92090302459056
2023-01-27,82.98965860014764
2023-01-28,69.49766329923675
2023-01-29,65.85074101251922
2023-01-30,74.37381757136441
2023-01-31,72.15911554694182
2023-02-01,67.67625984542835
2023-02-02,74.37931100829694
2023-02-03,64.05987065217175
2023-02-04,72.95542788419576
2023-02-05,76.63765181285893
2023-02-06,74.7904336706046
2023-02-07,67.1331105533631
2023-02-08,74.3174985557403
2023-02-09,72.4197494768986
2023-02-10,68.4599886587985
2023-02-11,60.08277930899501
2023-02-12,63.54525379503451
2023-02-13,61.41268174368881
2023-02-14,67.81768390444306
2023-02-15,71.3987416365208
2023-02-16,66.68115192644498
2023-02-17,76.30624007775172
2023-02-18,83.86766053043061
2023-02-19,69.02978704593497
2023-02-20,79.78668723777236
2023-02-21,65.32061167887456
2023-02-22,63.27591669718751
2023-02-23,69.04830956225314
2023-02-24,64.62562656726253
2023-02-25,58.598284250051044
2023-02-26,63.43624209699321
2023-02-27,70.84492618297939
2023-02-28,66.96882596762678
2023-03-01,62.89234988527695
2023-03-02,64.42961624519268
2023-03-03,66.08105317305892
2023-03-04,61.856816880711065
2023-03-05,65.03688131839152
2023-03-06,69.82591056195758
2023-03-07,72.57173414236765
2023-03-08,62.74416404563349
2023-03-09,83.80331833956161
2023-03-10,78.8954187682791
2023-03-11,64.50852287513376
2023-03-12,71.2171239214814
2023-03-13,63.776464437322474
2023-03-14,67.03409332440145
2023-03-15,74.80121587613309
2023-03-16,65.64797578838588
2023-03-17,57.909832010587486
2023-03-18,50.69861079068186
2023-03-19,58.537729329783055
2023-03-20,50.31600204978052
2023-03-21,65.59268789156368
2023-03-22,62.90428338799158
2023-03-23,63.35734959718787
2023-03-24,66.58240623844158
2023-03-25,70.68586686889128
2023-03-26,67.86246055251783
2023-03-27,70.66625460108735
2023-03-28,74.66348564071151
2023-03-29,78.60715772246012
2023-03-30,72.52130325618431
2023-03-31,66.42807486512885
2023-04-01,67.43996796518488
2023-04-02,60.51094290830934
2023-04-03,61.919782999221965
2023-04-04,53.75024730373957
2023-04-05,55.63452844715357
2023-04-06,63.764137380100905
2023-04-07,58.91899409404461
2023-04-08,56.478715289994085
2023-04-09,69.97551626302656
2023-04-10,59.21570747451085
2023-04-11,61.886277594547145
2023-04-12,74.52334898842828
2023-04-13,65.9520229379362
2023-04-14,65.684536898009
2023-04-15,73.30522554865823
2023-04-16,68.53885846835082
2023-04-17,65.82446525797636
2023-04-18,68.31328639174518
2023-04-19,61.311375306707426
2023-04-20,63.857624562244865
2023-04-21,50.51118518945831
2023-04-22,71.11281549172959
2023-04-23,55.830742340620695
2023-04-24,50.44058244375776
2023-04-25,72.12316887352182
2023-04-26,55.48049187340205
2023-04-27,49.006838341045494
2023-04-28,58.84481794553889
2023-04-29,52.849646233734845
2023-04-30,57.25442316195893
2023-05-01,58.696697001704
2023-05-02,52.657383136168505
2023-05-03,59.642637164525496
2023-05-04,52.012491903906835
2023-05-05,60.369862178012944
2023-05-06,65.67585542292589
2023-05-07,65.39029470916196
2023-05-08,74.54211702105906
2023-05-09,69.90024968695671
2023-05-10,69.66159655047238
2023-05-11,65.60522135829378
2023-05-12,56.76123836928866
2023-05-13,50.14977292798092
2023-05-14,64.2448390854072
2023-05-15,61.443617038342424
2023-05-16,54.16988123526531
2023-05-17,44.80749002852658
2023-05-18,56.92857481360155
2023-05-19,51.329146148629064
2023-05-20,65.28408008421457
2023-05-21,53.61375417201844
2023-05-22,57.53470863453029
2023-05-23,59.81992536682561
2023-05-24,62.08588060045287
2023-05-25,56.89678367682918
2023-05-26,62.26479830036339
2023-05-27,53.20382045914516
2023-05-28,54.607584094155385
2023-05-29,67.54734832872776
2023-05-30,74.51898484782265
2023-05-31,55.10870811745585
2023-06-01,59.24964651328773
2023-06-02,57.53085874833781
2023-06-03,58.24433497771329
2023-06-04,57.233422039071186
2023-06-05,53.846532125900836
2023-06-06,57.30290878755979
2023-06-07,65.66278055068693
2023-06-08,57.77340132216695
2023-06-09,65.17915010139969
2023-06-10,57.76738397644107
2023-06-11,53.27315644200085
2023-06-12,63.955155893993386
2023-06-13,57.02200738515706
2023-06-14,58.75299590749236
2023-06-15,54.7845755330581
2023-06-16,51.89528834295392
2023-06-17,48.724452149709485
2023-06-18,57.82373842170907
2023-06-19,53.85956402584557
2023-06-20,60.48577234265836
2023-06-21,69.85090739944718
2023-06-22,56.27608965873096
2023-06-23,61.18929563906148
2023-06-24,55.07828788746179
2023-06-25,65.51553237972665
2023-06-26,59.421170714754304
2023-06-27,57.67083876964698
2023-06-28,44.60780963609423
2023-06-29,58.19618219676046
2023-06-30,56.73086972156454
2023-07-01,50.76692908601732
2023-07-02,55.749368116440614
2023-07-03,55.97822141930231
2023-07-04,70.53856659291596
2023-07-05,62.90159353668863
2023-07-06,56.7140402418445
2023-07-07,57.10244560755218
2023-07-08,51.82777532438052
2023-07-09,59.45641351464471
2023-07-10,48.737888895534404
2023-07-11,44.65830547251854
2023-07-12,52.2980171136934
2023-07-13,43.29941224276616
2023-07-14,37.52205596973741
2023-07-15,49.65278946695111
2023-07-16,55.65052560080677
2023-07-17,60.417502648683936
2023-07-18,53.007867281550745
2023-07-19,54.062777511539394
2023-07-20,47.39615487360067
2023-07-21,55.50011147599083
2023-07-22,55.51305492845591
2023-07-23,55.88684665895754
2023-07-24,51.53764395308712
2023-07-25,52.487599437640476
2023-07-26,52.87121364765213
2023-07-27,59.154391503382456
2023-07-28,53.50970944061218
2023-07-29,49.23845758130062
2023-07-30,57.933079743263896
2023-07-31,41.948419191360834
2023-08-01,51.22826238496432
2023-08-02,59.008147956060775
2023-08-03,56.32817909038194
2023-08-04,62.397777707973205
2023-08-05,53.10835546907313
2023-08-06,64.94609013157165
2023-08-07,66.16907264178404
2023-08-08,64.53638890836571
2023-08-09,74.27302974747616
2023-08-10,64.48120665563759
2023-08-11,70.1229912325347
2023-08-12,59.33070923153178
2023-08-13,63.55636958109724
2023-08-14,63.195372476165794
2023-08-15,62.677928592129746
2023-08-16,69.06324291681695
2023-08-17,75.83567279853912
2023-08-18,64.97950184156402
2023-08-19,60.75963696637392
2023-08-20,53.523405829468444
2023-08-21,57.47359884970608
2023-08-22,65.40535054646622
2023-08-23,60.18401288394935
2023-08-24,57.42012773794328
2023-08-25,63.02537960512001
2023-08-26,53.67632574259489
2023-08-27,70.61620252889583
2023-08-28,75.1015034526597
2023-08-29,73.22865315035739
2023-08-30,81.76992476871808
2023-08-31,56.81045528311629
2023-09-01,63.68785862918097
2023-09-02,61.75224459949481
2023-09-03,70.14553390882242
2023-09-04,68.49753598956912
2023-09-05,64.4429924194642
2023-09-06,66.78548143307736
2023-09-07,76.77199898024553
2023-09-08,74.1734996718047
2023-09-09,66.28721905735601
2023-09-10,67.52288810171555
2023-09-11,68.33167009145488
2023-09-12,62.89425059884366
2023-09-13,72.82522606764522
2023-09-14,65.79862459902314
2023-09-15,68.95348337569
2023-09-16,65.91898379139832
2023-09-17,64.41157940820455
2023-09-18,77.12859565052189
2023-09-19,74.71766634326016
2023-09-20,74.82147490491842
2023-09-21,62.088826198961954
2023-09-22,66.30906788796283
2023-09-23,58.61655300855966
2023-09-24,64.27449578323544
2023-09-25,58.77599688489567
2023-09-26,67.56901067489972
2023-09-27,55.13724513354078
2023-09-28,61.061275370637645
2023-09-29,58.28377618790333
2023-09-30,59.288917850453835
2023-10-01,55.898396448400035
2023-10-02,54.716933620286696
2023-10-03,65.24443582838819
2023-10-04,60.97424559571896
2023-10-05,70.51266314978047
2023-10-06,56.957845417570155
2023-10-07,59.33614708724398
2023-10-08,58.342223469906784
2023-10-09,51.3829099775533
2023-10-10,60.396098300399856
2023-10-11,52.59041349257444
2023-10-12,62.18896658850903
2023-10-13,57.5088234815851
2023-10-14,60.30313572720073
2023-10-15,66.59288490983718
2023-10-16,56.92110670057421
2023-10-17,66.88580510182723
2023-10-18,72.37483907851184
2023-10-19,53.34745607597442
2023-10-20,53.21758912661039
2023-10-21,62.471120989033764
2023-10-22,64.3428839069294
2023-10-23,71.20624702415594
2023-10-24,81.16762389791799
2023-10-25,83.69682652011545
2023-10-26,78.19344943299157
2023-10-27,70.01495670823306
2023-10-28,79.52894884615928
2023-10-29,86.42111577590312
2023-10-30,66.84202173930575
2023-10-31,62.85202296548385
2023-11-01,77.47801560325065
2023-11-02,65.98610956958915
2023-11-03,82.94214753113226
2023-11-04,77.03810814381207
2023-11-05,77.77912347183485
2023-11-06,77.63488596119291
2023-11-07,86.62754823879006
2023-11-08,78.98586069676122
2023-11-09,86.80842275605053
2023-11-10,75.50264309659144
2023-11-11,76.79764086013807
2023-11-12,79.5166375450947
2023-11-13,83.87829177394191
2023-11-14,77.52633030198194
2023-11-15,86.94609443355064
2023-11-16,83.82971032457725
2023-11-17,77.12996940296948
2023-11-18,81.30634035916773
2023-11-19,90.79175011245097
2023-11-20,89.0762713315562
2023-11-21,91.26241050375675
2023-11-22,91.99270355498577
2023-11-23,97.13264994768224
2023-11-24,95.73639635470944
2023-11-25,70.71547977339311
2023-11-26,90.93178759399777
2023-11-27,89.97716898166021
2023-11-28,80.47434930703656
2023-11-29,80.26496291258607
2023-11-30,75.06717585633629
2023-12-01,75.49644083058257
2023-12-02,77.77375527450995
2023-12-03,80.77646756435837
2023-12-04,74.93574514796994
2023-12-05,73.9223584296916
2023-12-06,75.10376040297474
2023-12-07,68.50398347898503
2023-12-08,84.97463113078034
2023-12-09,80.2704396957296
2023-12-10,79.33132814750593
2023-12-11,70.31267748624421
2023-12-12,75.52185968143984
2023-12-13,80.98257256007699
2023-12-14,77.44715101246078
2023-12-15,84.02198880541424
2023-12-16,77.25929886651895
2023-12-17,76.11626177618427
2023-12-18,80.2159800093806
2023-12-19,81.43699277631038
2023-12-20,77.79334356241641
2023-12-21,75.47382708025587
2023-12-22,79.32787201523396
2023-12-23,69.26498808678078
2023-12-24,85.9741912463319
2023-12-25,82.78281304673393
2023-12-26,83.06048126765324
2023-12-27,79.00192497080258
2023-12-28,80.73943032603144
2023-12-29,87.18587265945455
2023-12-30,74.87570142729821
2023-12-31,80.64325849815204
2024-01-01,81.37902510267507
2024-01-02,77.24169083480588
2024-01-03,83.36928913248376
2024-01-04,85.0643207401739
2024-01-05,81.35689991949714
2024-01-06,70.44581030021212
2024-01-07,89.87948544729805
2024-01-08,73.96511976517044
2024-01-09,77.61672003314847
2024-01-10,70.12123788543622
2024-01-11,81.08328084448543
2024-01-12,74.5993131314291
2024-01-13,72.13116530873896
2024-01-14,67.14187855381856
2024-01-15,80.80679782196512
2024-01-16,79.44637441303068
2024-01-17,77.37441652350934
2024-01-18,73.56774799157513
2024-01-19,84.43981976555581
2024-01-20,77.01451675732163
2024-01-21,75.40042730990294
2024-01-22,72.70267664165283
2024-01-23,73.6321383392081
2024-01-24,76.52615113543139
2024-01-25,73.07140870803552
2024-01-26,70.61133164188777
2024-01-27,78.66358987271056
2024-01-28,75.24055397584671
2024-01-29,75.98704719325612
2024-01-30,72.76029256032965
2024-01-31,73.06358193879129
2024-02-01,80.20802707748032
2024-02-02,71.53190719921601
2024-02-03,73.62359176168616
2024-02-04,78.30832954758469
2024-02-05,73.7235042583692
2024-02-06,78.89735036814386
2024-02-07,65.24133113120845
2024-02-08,74.6914584475028
2024-02-09,73.44028660018952
2024-02-10,84.53414812314911
2024-02-11,85.98896628741389
2024-02-12,79.67422563746804
2024-02-13,71.68990350916631
2024-02-14,73.54673173189848
2024-02-15,69.3002151022671
2024-02-16,65.97758434779581
2024-02-17,58.956783263542974
2024-02-18,65.9337856936978
2024-02-19,65.40399540018153
2024-02-20,70.89962767857793
2024-02-21,67.08725086423624
2024-02-22,72.99509943288089
2024-02-23,72.73552129732383
2024-02-24,69.6338389869606
2024-02-25,69.04751657876169
2024-02-26,74.46898952184962
2024-02-27,79.34708821462652
2024-02-28,81.27308544178102
2024-02-29,74.91793868603513
2024-03-01,74.94717295062657
2024-03-02,70.68490996254714
2024-03-03,68.20270549256472
2024-03-04,72.64176473349698
2024-03-05,68.3915458090214
2024-03-06,73.0947321427658
2024-03-07,75.66691529964832
2024-03-08,70.28878085399326
2024-03-09,63.42623372380071
2024-03-10,67.549233397292
2024-03-11,68.83804491956442
2024-03-12,71.77261669973842
2024-03-13,62.78875918896502
2024-03-14,62.69460705951729
2024-03-15,73.13150541076695
2024-03-16,61.21926191869358
2024-03-17,72.10552477825956
2024-03-18,64.0415266031747
2024-03-19,69.58771717041836
2024-03-20,71.65563347456107
2024-03-21,68.25931900809582
2024-03-22,58.19796285595679
2024-03-23,54.31100478659721
2024-03-24,71.14673086703006
2024-03-25,64.6243513386007
2024-03-26,63.00910770397036
2024-03-27,65.27782380078591
2024-03-28,61.87019735441112
2024-03-29,48.76457761537871
2024-03-30,63.63729516771726
2024-03-31,62.77243790841494
2024-04-01,65.09069989184171
2024-04-02,68.51176642737768
2024-04-03,80.2866880311447
2024-04-04,68.03975507637183
2024-04-05,69.82743650986244
2024-04-06,57.015010552075516
2024-04-07,62.624777322221036
2024-04-08,69.59555205220154
2024-04-09,71.64616996279533
2024-04-10,58.24644304227317
2024-04-11,63.60882424120402
2024-04-12,61.986932820489905
2024-04-13,61.154065462534575
2024-04-14,59.40492856124645
2024-04-15,68.91427603238066
2024-04-16,58.51786724603389
2024-04-17,69.92434162542503
2024-04-18,56.994849068597915
2024-04-19,57.18545307208935
2024-04-20,59.1808200252358
2024-04-21,83.25618035463047
2024-04-22,66.14273520641775
2024-04-23,68.61999081922512
2024-04-24,57.75801713885205
2024-04-25,60.02083930194902
2024-04-26,61.46057669449234
2024-04-27,64.8945164623683
2024-04-28,71.75439469178033
2024-04-29,61.76495925160831
2024-04-30,55.51633853437685
2024-05-01,56.766314942598754
2024-05-02,61.31806769465343
2024-05-03,57.684118964391466
2024-05-04,61.68494260246078
2024-05-05,54.678578972569085
2024-05-06,50.31545502447494
2024-05-07,56.00197094108461
2024-05-08,59.14220804593527
2024-05-09,54.19396212531843
2024-05-10,50.47821299497519
2024-05-11,54.796756738398656
2024-05-12,61.65777281818781
2024-05-13,62.79546054835542
2024-05-14,71.9393712837322
2024-05-15,67.84774777360664
2024-05-16,66.11937570325802
2024-05-17,62.542179869450095
2024-05-18,55.95229738653835
2024-05-19,67.57637040119987
2024-05-20,60.036024623267906
2024-05-21,65.3652004224995
2024-05-22,65.93968839316817
2024-05-23,70.23906098430959
2024-05-24,65.73793666602097
2024-05-25,58.69900620337168
2024-05-26,60.483788241508556
2024-05-27,64.34600215718447
2024-05-28,62.7482502160404
2024-05-29,61.83006308877404
2024-05-30,64.40564891751914
2024-05-31,62.13706935935686
2024-06-01,72.57463776400611
2024-06-02,63.05180559828605
2024-06-03,62.677625412559145
2024-06-04,63.13879087954006
2024-06-05,57.476756708035346
2024-06-06,82.7011310517605
2024-06-07,64.48479736654687
2024-06-08,64.09990226363401
2024-06-09,73.84893989081323
2024-06-10,58.11458335113607
2024-06-11,58.956004643361155
2024-06-12,71.13889978428466
2024-06-13,64.05798549213357
2024-06-14,64.60064972012735
2024-06-15,66.49342519590245
2024-06-16,65.40261612505226
2024-06-17,64.22663399331284
2024-06-18,60.19437669282569
2024-06-19,68.68546092529076
2024-06-20,71.27205767263312
2024-06-21,70.79454659292517
2024-06-22,53.051029384190876
2024-06-23,63.4183030631935
2024-06-24,58.42146203459291
2024-06-25,58.566661898450626
2024-06-26,53.39299219434578
2024-06-27,56.54813080498013
2024-06-28,62.07420819781119
2024-06-29,58.025794929941604
2024-06-30,68.01663967810507
2024-07-01,71.5389697851952
2024-07-02,60.543509885603456
2024-07-03,71.3712847698653
2024-07-04,55.17172298545933
2024-07-05,49.63181320855885
2024-07-06,54.75155543347911
2024-07-07,65.78048890647425
2024-07-08,58.758494963990586
2024-07-09,48.45158912654145
2024-07-10,57.962845539774705
2024-07-11,49.06257138123968
2024-07-12,57.07979934471168
2024-07-13,52.343583403591495
2024-07-14,58.08854892735211
2024-07-15,59.82705375746104
2024-07-16,61.558343599950774
2024-07-17,71.49211744399888
2024-07-18,58.578206808070625
2024-07-19,53.346729733434145
2024-07-20,53.80487784416099
2024-07-21,55.69342643545658
2024-07-22,58.04860561622934
2024-07-23,60.3711609294853
2024-07-24,58.98323332239377
2024-07-25,50.77946933378868
2024-07-26,60.90114809811456
2024-07-27,53.646533269578995
2024-07-28,54.98009241862227
2024-07-29,65.8952311641514
2024-07-30,62.6224086896893
2024-07-31,63.708556473623425
2024-08-01,56.06523195368706
2024-08-02,61.005814180656365
2024-08-03,65.76121015981713
2024-08-04,70.14399552409431
2024-08-05,67.10267636364439
2024-08-06,72.83661097408473
2024-08-07,74.16858417031736
2024-08-08,66.88186502435796
2024-08-09,58.80797008315331
2024-08-10,56.28160033957006
2024-08-11,64.22116039953855
2024-08-12,72.74774055924334
2024-08-13,62.26330645151409
2024-08-14,81.71004482814827
2024-08-15,70.46448608998179
2024-08-16,71.45099766185704
2024-08-17,71.04881137630439
2024-08-18,80.36128470743012
2024-08-19,73.37234269699414
2024-08-20,67.3271390994115
2024-08-21,71.29077717440059
2024-08-22,62.00870945203669
2024-08-23,61.6897057535446
2024-08-24,66.96295184456288
2024-08-25,71.64831502950037
2024-08-26,62.216584575253016
2024-08-27,73.33927770424692
2024-08-28,75.44456709811186
2024-08-29,60.7035505432799
2024-08-30,71.7856412334926
2024-08-31,69.9021154393646
2024-09-01,69.13978271551
2024-09-02,75.31119558168359
2024-09-03,70.28540535257582
2024-09-04,72.041176687738
2024-09-05,72.89517464709886
2024-09-06,72.16975842306968
2024-09-07,65.41410048798373
2024-09-08,69.059633901002
2024-09-09,75.291488252907655
2024-09-10,65.94126482322734
2024-09-11,70.88555979471498
2024-09-12,69.41365693824474
2024-09-13,69.2590308828324
2024-09-14,65.35870011515352
2024-09-15,72.89087503794795
2024-09-16,76.12499815715387
2024-09-17,67.00434667820936
2024-09-18,78.88991098430861
2024-09-19,68.05985780801167
2024-09-20,64.32919316704039
2024-09-21,80.8542963389943
2024-09-22,71.098193487312
2024-09-23,74.41838383470902
2024-09-24,74.99741456820729
2024-09-25,76.07600486216491
2024-09-26,80.13676194562123
2024-09-27,66.34914536177412
2024-09-28,79.34061333339763
2024-09-29,72.06413715194242
2024-09-30,68.94103456612206
2024-10-01,75.13526830479083
2024-10-02,76.75990426157158
2024-10-03,74.82673449484851
2024-10-04,68.75683545908717
2024-10-05,68.05873336465996
2024-10-06,53.297708692388824
2024-10-07,61.72084064961805
2024-10-08,57.24179557089406
2024-10-09,53.847519552804414
2024-10-10,63.6049590023034
2024-10-11,67.0676962814473
2024-10-12,65.68263439305144
2024-10-13,72.07146459987682
2024-10-14,73.82200688717043
2024-10-15,80.65397365455858
2024-10-16,83.0991569908999
2024-10-17,78.61836262159221
2024-10-18,83.39011009087707
2024-10-19,82.98894586885228
2024-10-20,80.21741719613298
2024-10-21,73.09576647569776
2024-10-22,68.27286997847985
2024-10-23,80.47182550941135
2024-10-24,72.78205492341276
2024-10-25,64.41999622230529
2024-10-26,62.482682052779005
2024-10-27,77.47983411500296
2024-10-28,69.92008960798476
2024-10-29,73.25783531694348
2024-10-30,77.60742105492224
2024-10-31,78.39550200789328
2024-11-01,63.17880337858605
2024-11-02,75.25553938061107
2024-11-03,89.77654348896529
2024-11-04,87.58601725874671
2024-11-05,82.39677612893317
2024-11-06,78.15614541204715
2024-11-07,84.99958058090824
2024-11-08,89.00777594213335
2024-11-09,76.90735175674209
2024-11-10,81.89571256164004
2024-11-11,72.0155598281795
2024-11-12,72.88177568831503
2024-11-13,67.58890118450944
2024-11-14,75.63517649140697
2024-11-15,69.73267707348694
2024-11-16,71.51904058952056
2024-11-17,80.50113809097653
2024-11-18,76.28009421043184
2024-11-19,79.55219856029272
2024-11-20,81.52713632488793
2024-11-21,67.26819690335245
2024-11-22,72.98693198809673
2024-11-23,84.70910974135062
2024-11-24,87.91876422006781
2024-11-25,76.96039052496968
2024-11-26,90.90129618140085
2024-11-27,96.11781939467296
2024-11-28,92.57721955142856
2024-11-29,94.36874277723614
2024-11-30,89.4185760380729
2024-12-01,92.16183443736257
2024-12-02,91.09837326058727
2024-12-03,86.3381904530872
2024-12-04,80.97815127172142
2024-12-05,91.9621701330736
2024-12-06,77.90563509800506
2024-12-07,78.9524207153983
2024-12-08,88.89966520366634
2024-12-09,87.3885688414283
2024-12-10,90.04209191487075
2024-12-11,86.8239544791106
2024-12-12,91.02561130557713
2024-12-13,84.82726060452686
2024-12-14,92.71124712512862
2024-12-15,80.72374041959483
2024-12-16,84.63015628626547
2024-12-17,72.10907597581205
2024-12-18,77.62282877305941
2024-12-19,80.07611106689657
2024-12-20,76.59867761290965
2024-12-21,71.42398887924693
2024-12-22,77.56869935955234
2024-12-23,74.83533758596087
2024-12-24,82.06739789142607
2024-12-25,83.31798900280744
2024-12-26,83.91264540315838
2024-12-27,76.5567382756407
2024-12-28,82.60861328719206
2024-12-29,72.13728527031311
2024-12-30,64.8005085602994
2024-12-31,80.72364785429905
2025-01-01,67.65540503623316
2025-01-02,70.63856580631659
2025-01-03,64.24308428813355
2025-01-04,67.6140713742086
2025-01-05,77.41112370716179
2025-01-06,77.65387271456686
2025-01-07,76.97115815066029
2025-01-08,86.1157843215036
2025-01-09,85.23905466514388
2025-01-10,73.84956782472837
2025-01-11,84.14446420276161
2025-01-12,81.89151293860242
2025-01-13,76.94391427744571
2025-01-14,72.96253916751925
2025-01-15,72.2208224002955
2025-01-16,77.88292306869067
2025-01-17,62.97149613151314
2025-01-18,72.30663803481595
2025-01-19,70.08285597372263
2025-01-20,64.61107962962656
2025-01-21,67.8195417578621
2025-01-22,74.14086145584449
2025-01-23,75.44888176889374
2025-01-24,77.88981472535716
2025-01-25,63.28324085212382
2025-01-26,73.6598284679003
2025-01-27,78.16059904481918
2025-01-28,68.80878652328367
2025-01-29,73.83641248108133
2025-01-30,76.33017355227393
2025-01-31,71.49859232238524
2025-02-01,75.41108661196407
2025-02-02,70.92114051389756
2025-02-03,71.4613541860364
2025-02-04,75.90756421755427
2025-02-05,79.30323194597392
2025-02-06,73.54390847651032
2025-02-07,75.52992191661464
2025-02-08,76.35567125366676
2025-02-09,74.22535996611458
2025-02-10,77.09911964187125
2025-02-11,71.02807352370296
2025-02-12,76.240608307119
2025-02-13,82.45483224796708
2025-02-14,78.35651466169007
2025-02-15,68.01572900521981
2025-02-16,69.3145217479847
2025-02-17,77.5768990391982
2025-02-18,79.49522472261297
2025-02-19,74.49181431891839
2025-02-20,69.60256604533762
2025-02-21,71.67104495069734
2025-02-22,68.29249537301175
2025-02-23,75.8914717590968
2025-02-24,79.88468923163394
2025-02-25,80.0444642095172
2025-02-26,72.50074074321947
2025-02-27,72.17266040270587
2025-02-28,69.36057565391671
2025-03-01,62.54868898670368
2025-03-02,63.71543202036201
2025-03-03,70.90675541355411
2025-03-04,62.039767947186725
2025-03-05,69.07021765247346
2025-03-06,75.66964716112136
2025-03-07,62.622606061386996
2025-03-08,57.82059161988059
2025-03-09,68.75385524352599
2025-03-10,70.93430625815934
2025-03-11,74.37275996738224
2025-03-12,65.42940557103493
2025-03-13,66.93164181996845
2025-03-14,73.09158627447725
2025-03-15,65.69609220185242
2025-03-16,76.57355294816473
2025-03-17,74.31757348529145
2025-03-18,72.92640953692245
2025-03-19,71.47157463220991
2025-03-20,70.70864401589147
2025-03-21,63.07764528737161
2025-03-22,69.787284501047
2025-03-23,68.0055750568311
2025-03-24,62.070209120542984
2025-03-25,74.66159164166115
2025-03-26,68.62390663011605
2025-03-27,70.50301621773762
2025-03-28,69.42116751149919
2025-03-29,58.2748782227414
2025-03-30,61.161285856804184
2025-03-31,61.60482124942804
2025-04-01,66.81034987656051
2025-04-02,71.51373892534933
2025-04-03,62.4549212814612
2025-04-04,57.82698384535964
2025-04-05,61.0331148248618
2025-04-06,55.06195350916339
2025-04-07,57.62790890284822
2025-04-08,56.075517991217936
2025-04-09,61.19951100441263
2025-04-10,64.30437888366217
2025-04-11,60.70874673427588
2025-04-12,60.861913422383964
2025-04-13,53.75041072987129
2025-04-14,58.745086999205284
2025-04-15,63.843744778748864
2025-04-16,72.99686723266055
2025-04-17,64.02862028138861
2025-04-18,62.74661388136915
2025-04-19,62.54628618282605
2025-04-20,63.67638178415667
2025-04-21,50.46151853266633
2025-04-22,58.79074168501823
2025-04-23,67.33111500829867
2025-04-24,67.69420392062436
2025-04-25,67.34303668384435
2025-04-26,53.411644360128726
2025-04-27,63.83789873475509
2025-04-28,59.25394073731463
2025-04-29,60.772991020707934
2025-04-30,47.915408900443154
2025-05-01,58.49278894245562
2025-05-02,52.5566267763102
2025-05-03,52.40416323309178
2025-05-04,67.17893468160334
2025-05-05,71.75786576361354
2025-05-06,73.10131295349419
2025-05-07,57.03896779569113
2025-05-08,59.00650340071729
2025-05-09,65.29668074513678
2025-05-10,64.85034166848432
2025-05-11,56.00747148633681
2025-05-12,62.81228457702631
2025-05-13,60.400400020595576
2025-05-14,57.38591777952564
2025-05-15,55.976292897657025
2025-05-16,60.13358800357517
2025-05-17,61.82621209894064
2025-05-18,50.303484844683624
2025-05-19,57.16401224388099
2025-05-20,67.20933304559462
2025-05-21,66.1854008175344
2025-05-22,62.34495106488098
2025-05-23,61.8099475614626
2025-05-24,57.3222676592971
2025-05-25,62.091266896103654
2025-05-26,66.9459664823907
2025-05-27,69.89954130672928
2025-05-28,62.9225749917096
2025-05-29,57.270314734284625
2025-05-30,61.563137639448755
2025-05-31,41.68535032333291
2025-06-01,59.19905279485136
2025-06-02,53.9421982605469
2025-06-03,61.785069560107964
2025-06-04,54.97101130755152
2025-06-05,54.7879853518652
2025-06-06,53.691948084051425
2025-06-07,50.55104089481541
2025-06-08,52.52959423313454
2025-06-09,53.85258454100596
2025-06-10,51.05322250497582
2025-06-11,47.4272870836583
2025-06-12,49.92220057396299
2025-06-13,57.49879968743047
2025-06-14,54.11680681342145
2025-06-15,53.35472365197814
2025-06-16,57.55472011948788
2025-06-17,54.41428098466182
2025-06-18,56.05907728773602
2025-06-19,55.105704475996404
2025-06-20,49.34728088956173
2025-06-21,47.790259995421806
2025-06-22,46.13089006632245
2025-06-23,56.35980467765606
2025-06-24,49.691896376828886
2025-06-25,60.107501187515176
2025-06-26,55.5654264715746
2025-06-27,59.61908516624876
2025-06-28,56.39299770741381
2025-06-29,63.08273442759297
2025-06-30,50.83278273908394
2025-07-01,65.61166189763419
2025-07-02,63.79618859013069
2025-07-03,62.265093697678665
2025-07-04,54.93375667974171
2025-07-05,57.28221924246645
2025-07-06,62.912958318342625
2025-07-07,62.31048830466119
2025-07-08,64.82147996637572
2025-07-09,54.1132090749227
2025-07-10,57.663081846913116
2025-07-11,56.12092494445313
2025-07-12,55.7803851486877
2025-07-13,58.18940655515205
2025-07-14,53.79494054630078
2025-07-15,59.40634260391671
2025-07-16,54.23084699265098
2025-07-17,56.11281170477005
2025-07-18,46.46104944524218
2025-07-19,49.4277676525839
2025-07-20,50.945396928442236
2025-07-21,55.30155065004874
2025-07-22,55.716655534327266
2025-07-23,56.61299641484021
2025-07-24,55.945422734604016
2025-07-25,59.16489115840289
2025-07-26,66.91927505351521
2025-07-27,75.02602528155077
2025-07-28,66.95152494383434
2025-07-29,70.5810328191992
2025-07-30,66.32753866525672
2025-07-31,59.22187177929017
2025-08-01,58.61264633187787
2025-08-02,61.393464937440264
2025-08-03,65.10329893617987
2025-08-04,61.865228864648756
2025-08-05,61.514962494251286
2025-08-06,60.47877357598601
2025-08-07,62.443457605722905
2025-08-08,55.39089630681025
2025-08-09,55.67022988208864
2025-08-10,58.82743564251693
2025-08-11,60.86242653123929
2025-08-12,62.992203603370186
2025-08-13,65.64191371486311
2025-08-14,67.38385793332236
2025-08-15,67.51056549083411
2025-08-16,64.21802092691996
2025-08-17,72.30852799995252
2025-08-18,76.0532001495966
2025-08-19,73.71569997967026
2025-08-20,85.00450155722588
2025-08-21,82.76082486341784
2025-08-22,76.21705842241776
2025-08-23,62.86535482563657
2025-08-24,66.46791465032074
2025-08-25,71.44740217068627
2025-08-26,65.33385790066394
2025-08-27,69.7418782843145
2025-08-28,65.82796898415175
2025-08-29,74.92961623446728
2025-08-30,63.79359473625032
2025-08-31,61.79358683636889
2025-09-01,74.42215310279695
2025-09-02,66.48463789694144
2025-09-03,61.53540913787478
2025-09-04,70.65887525967926
2025-09-05,65.5897947571669
2025-09-06,62.67767007042773
2025-09-07,68.57314625711045
2025-09-08,58.35162054675747
2025-09-09,68.59164076656471
2025-09-10,77.401500261791
2025-09-11,70.09435785858508
2025-09-12,69.94747126821171
2025-09-13,67.8162035310142
2025-09-14,67.3029873892067
2025-09-15,83.33173287926807
2025-09-16,82.37210449506911
2025-09-17,68.30364518584521
2025-09-18,74.37958025099346
2025-09-19,75.10577029492788
2025-09-20,56.62670477465013
2025-09-21,66.60533995520136
2025-09-22,69.96843731061213
2025-09-23,73.08953168835242
2025-09-24,67.93242697783256
2025-09-25,69.73818477211839
2025-09-26,60.494641367126896
2025-09-27,57.65974004806242
2025-09-28,70.65522797784078
2025-09-29,63.83713206173821
2025-09-30,61.86826106231437
2025-10-01,52.832875913515025
2025-10-02,72.19095957740055
2025-10-03,72.83377621501202
2025-10-04,61.13486067348706
2025-10-05,67.0221157248143
2025-10-06,79.71820348686134
2025-10-07,79.82540920489728
2025-10-08,75.10281878248557
2025-10-09,80.51438360373139
2025-10-10,69.73463363992929
2025-10-11,83.77588009327827
2025-10-12,63.890758269322035
2025-10-13,69.54377394169342
2025-10-14,74.96367750064404
2025-10-15,75.9938157899524
2025-10-16,75.68240112231292
2025-10-17,80.68007856109973
2025-10-18,72.97468439973491
2025-10-19,70.30127213522954
2025-10-20,73.5645547392675
2025-10-21,76.66810757889597
2025-10-22,59.93710568193922
2025-10-23,72.42005636542669
2025-10-24,73.38175863792617
2025-10-25,60.605330815050195
2025-10-26,72.33198198640206
2025-10-27,74.31339004467559
2025-10-28,83.73038805503695
2025-10-29,78.96837957665502
2025-10-30,74.9913159901018
2025-10-31,76.7871810962686
2025-11-01,66.62092140079955
2025-11-02,71.39428987864588
2025-11-03,64.51672337164976
2025-11-04,83.95232075958116
2025-11-05,80.6525747318383
2025-11-06,76.23208172967125
2025-11-07,71.24506217275307
2025-11-08,71.23372027944819
2025-11-09,84.23425216341789
2025-11-10,78.6001249636856
2025-11-11,79.54836786587079
2025-11-12,83.47654812737015
2025-11-13,73.75805310132003
2025-11-14,82.81477745205909
2025-11-15,86.53813283918142
2025-11-16,84.92811926269054
2025-11-17,93.07115664194036
2025-11-18,89.35264853041194
2025-11-19,85.68833399734098
2025-11-20,88.72885809980242
2025-11-21,91.54646556883195
2025-11-22,94.97248703517964
2025-11-23,77.11521584730278
2025-11-24,101.27248081217955
2025-11-25,93.45585564650654
2025-11-26,83.5932431125267
2025-11-27,92.46790902772668
2025-11-28,96.52548546615904
2025-11-29,87.42187608629374
2025-11-30,79.28970163693177
2025-12-01,87.77850121155168
2025-12-02,78.80522600609733
2025-12-03,86.423641931137
2025-12-04,81.32164668558664
2025-12-05,72.4591370854532
2025-12-06,70.0891909309893
2025-12-07,75.1047188991206
2025-12-08,65.70891646330189
2025-12-09,82.32908437527469
2025-12-10,77.6101666105706
2025-12-11,80.74110537554816
2025-12-12,85.07125560804836
2025-12-13,76.16009632494296
2025-12-14,83.16577970994634
2025-12-15,82.09169352307498
2025-12-16,77.37160113861646
2025-12-17,86.21712564911792
2025-12-18,72.78867979245018
2025-12-19,74.83483228349874
2025-12-20,85.55098794671459
2025-12-21,81.13645867524244
2025-12-22,67.55779317426513
2025-12-23,64.7361365980531
2025-12-24,62.54157124010861
2025-12-25,72.24324567499329
2025-12-26,67.4541098273917
2025-12-27,67.14081812659536
2025-12-28,75.95266410853756
2025-12-29,73.25052118826687
2025-12-30,72.42804955609883
2025-12-31,78.16533277288983
2026-01-01,67.15432310402663
2026-01-02,66.08588155607092
2026-01-03,76.0684489736459
2026-01-04,78.4740611821966
2026-01-05,83.1346244807356
2026-01-06,85.52400542383779
2026-01-07,89.09068663458535
2026-01-08,80.96443832328727
2026-01-09,73.70759004665693
2026-01-10,71.96943534015166
2026-01-11,84.77145106865227
2026-01-12,69.84730374278074
2026-01-13,64.05265139933329
2026-01-14,67.32591399348844
2026-01-15,65.19578051561922
2026-01-16,66.52977771037409
2026-01-17,66.98651227562479
2026-01-18,65.64228350732854
2026-01-19,81.18857278430741
2026-01-20,69.25695635063408
2026-01-21,71.2292256887835
2026-01-22,69.46269737641909
2026-01-23,64.48080181165204
2026-01-24,78.11366560329989
2026-01-25,74.33696134451627
2026-01-26,72.11507183004642
2026-01-27,72.58722792741335
2026-01-28,77.7547811580045
2026-01-29,71.57612931915662
2026-01-30,67.568092693546
2026-01-31,79.309071611414
2026-02-01,74.19243126585502
2026-02-02,75.3315163231459
2026-02-03,66.85791846141926
2026-02-04,72.6608471040079
2026-02-05,72.61517319037519
2026-02-06,64.74648646892398
2026-02-07,68.34858536680498
2026-02-08,68.04185318629447
2026-02-09,69.01194126957365
2026-02-10,88.3011275825734
2026-02-11,81.74497227856907
2026-02-12,72.69001061532431
2026-02-13,72.9480653318819
2026-02-14,62.25545226072259
2026-02-15,80.96634585351339
2026-02-16,73.11377086407468
2026-02-17,68.06646124151399
2026-02-18,58.134608637429785
2026-02-19,76.08649548054507
2026-02-20,62.10590340499621
2026-02-21,65.91432166853353
2026-02-22,64.39284125313789
2026-02-23,66.40026034592712
2026-02-24,65.12758519768616
2026-02-25,58.75380584962647
2026-02-26,68.53723418971603
2026-02-27,64.20687861644191
2026-02-28,56.146221735066796
2026-03-01,60.79068117975433
2026-03-02,67.11170594064077
2026-03-03,60.088316510856544
2026-03-04,59.968128921941606
2026-03-05,70.62306702661932
2026-03-06,70.93299538643713
2026-03-07,56.345263283988935
2026-03-08,56.10959017073821
2026-03-09,72.05796967125347
2026-03-10,80.98321205059516
2026-03-11,68.38071518598423
2026-03-12,68.650421049199835
2026-03-13,66.14275435448849
2026-03-14,62.812974306578326
2026-03-15,85.67666580030853
2026-03-16,58.97198210557085
2026-03-17,63.30934023808159
2026-03-18,53.19221099869135
2026-03-19,63.95621798662341
2026-03-20,60.09185681763459
2026-03-21,63.92112825357398
2026-03-22,73.10613484021711
2026-03-23,68.42899512006605
2026-03-24,72.86889995623307
2026-03-25,69.87642707670159
2026-03-26,72.01730228911882
2026-03-27,65.47297693657237
2026-03-28,70.61874644983423
2026-03-29,63.998396503157565
2026-03-30,67.00224929147082
2026-03-31,79.22654081468826
2026-04-01,68.3413357009945
2026-04-02,55.11340783943441
2026-04-03,66.24742369260291
2026-04-04,63.21508858786834
2026-04-05,62.500919349734964
2026-04-06,64.8537999343787
2026-04-07,70.38382417857503
2026-04-08,56.814659609730654
2026-04-09,56.93700157884735
2026-04-10,65.68686671833784
2026-04-11,54.082217010988145
2026-04-12,55.934472854872226
2026-04-13,61.64243376825224
2026-04-14,53.77416024716614
2026-04-15,61.22725267773798
2026-04-16,58.6866848458915
2026-04-17,54.93031289317204
2026-04-18,52.50412121871099
2026-04-19,69.05329746372712
2026-04-20,53.156614944312125
2026-04-21,67.3296878647521
2026-04-22,61.77160976308544
2026-04-23,63.76449655663315
2026-04-24,56.84927877480582
2026-04-25,43.14470889751485
2026-04-26,60.015130639552766
2026-04-27,57.167953931604174
2026-04-28,60.0272402919768
2026-04-29,58.892586580993886
2026-04-30,56.467585847222516
2026-05-01,54.16990390216634
2026-05-02,55.27694920480708
2026-05-03,64.34969553996116
2026-05-04,62.297433538882544
2026-05-05,55.634396602333204
2026-05-06,66.4847060030964
2026-05-07,69.82637865320828
2026-05-08,66.09488008912889
2026-05-09,52.738268185837754
2026-05-10,58.1450258925558
2026-05-11,52.541728703627975
2026-05-12,61.823371716967614
2026-05-13,55.75582687191321
2026-05-14,53.35251537079496
2026-05-15,54.63776224589945
2026-05-16,44.877989505258995
2026-05-17,54.75431595029169
2026-05-18,71.31447133371653
2026-05-19,70.05794739666909
2026-05-20,73.60657519110633
2026-05-21,68.62194563219131
2026-05-22,53.09469675978289
2026-05-23,64.10768837245318
2026-05-24,50.487603748078705
2026-05-25,47.08507227506986
2026-05-26,52.470400252463946
2026-05-27,57.960193133114615
2026-05-28,55.04144929394086
2026-05-29,56.992502724894564
2026-05-30,45.259418831584036
2026-05-31,55.14840166528615
2026-06-01,59.61914508431648
2026-06-02,60.62346883807276
2026-06-03,62.03058878889553
2026-06-04,64.59782476361379
2026-06-05,58.51444259482237
2026-06-06,58.64800750571239
2026-06-07,64.32381637322106
2026-06-08,67.16405988450677
2026-06-09,55.19964234757042
2026-06-10,67.36669986209196
2026-06-11,66.56068776403917
2026-06-12,66.21702654273014
2026-06-13,49.70518217906019
2026-06-14,63.966578683372234
2026-06-15,53.24197571230524
2026-06-16,52.936270207854946
2026-06-17,58.05117293314381
2026-06-18,56.490350675228115
2026-06-19,50.16087245982675
2026-06-20,50.15058908564766
2026-06-21,43.41638764845283
2026-06-22,49.152922015557536
2026-06-23,45.54938105996327
2026-06-24,56.00694755375355
2026-06-25,47.67603964337474
2026-06-26,47.273595821421246
2026-06-27,44.93110090160672
2026-06-28,49.13186747213483
2026-06-29,58.404696542741846
2026-06-30,59.739410540015406
2026-07-01,53.09533160077497
2026-07-02,58.74520539290737
2026-07-03,52.81840744642236
2026-07-04,54.90658870607632
2026-07-05,56.25847638865765
2026-07-06,48.07039342842557
2026-07-07,54.12617808400124
2026-07-08,55.53218878999819
2026-07-09,58.08447664302415
2026-07-10,46.700951140343356
2026-07-11,49.939804618336915
2026-07-12,44.26338981677297
2026-07-13,43.27406838749402
2026-07-14,48.30999180034328
2026-07-15,55.64629030509958
2026-07-16,59.10172672865846
2026-07-17,51.083769542510566
2026-07-18,62.1126354146406
2026-07-19,28.6639429025439
2026-07-20,59.34763493718043
2026-07-21,59.25741841579744
2026-07-22,59.60546151764511
2026-07-23,57.8014648433201
2026-07-24,55.01708100948385
2026-07-25,59.41774072605626
2026-07-26,54.580189593766
2026-07-27,57.7956311940156
2026-07-28,60.43108894319545
2026-07-29,55.75935751262311
2026-07-30,53.39402337230202
2026-07-31,55.27041551893391
2026-08-01,53.35457404428569
2026-08-02,59.22897734291973
2026-08-03,63.25275353892985
2026-08-04,69.04683937991129
2026-08-05,71.60404295538618
2026-08-06,62.309063967530626
2026-08-07,54.92127792447427
2026-08-08,68.47278152824893
2026-08-09,60.18506652892674
2026-08-10,73.20485704571371
2026-08-11,67.29288566593657
2026-08-12,66.93079448681551
2026-08-13,72.20479756483361
2026-08-14,66.78537393337632
2026-08-15,66.78560766688724
2026-08-16,62.12578657210343
2026-08-17,70.07068718523755
2026-08-18,69.72536808411893
2026-08-19,66.29442989770155
2026-08-20,70.2058358602518
2026-08-21,66.86394599022532
2026-08-22,63.836817832125426
2026-08-23,62.71341402269809
2026-08-24,63.805323938047245
2026-08-25,66.59601784102286
2026-08-26,65.66952355150339
2026-08-27,72.35197823794923
2026-08-28,62.39318209005937
2026-08-29,57.312364873288985
2026-08-30,69.80533563543682
2026-08-31,73.85242676006509
2026-09-01,72.10381453094332
2026-09-02,69.05968838465917
2026-09-03,71.67115862471816
2026-09-04,62.83990605768048
2026-09-05,65.11967021187016
2026-09-06,68.21525995029914
2026-09-07,73.65673022705637
2026-09-08,69.47029122482492
2026-09-09,70.05143503774238
2026-09-10,73.34324814791852
2026-09-11,69.14442860974921
2026-09-12,70.7887581211405
2026-09-13,69.09023337628749
2026-09-14,70.76324286336086
2026-09-15,68.84109098964605
2026-09-16,67.11366740175325
2026-09-17,69.1301144185952
2026-09-18,70.15468958623775
2026-09-19,71.53903187362815
2026-09-20,72.29348963918456
2026-09-21,78.9509246388544
2026-09-22,71.58585312343058
2026-09-23,73.04205325806578
2026-09-24,71.8821309758461
2026-09-25,66.58395948505664
2026-09-26,63.94069769127657
2026-09-27,62.62221654864944
2026-09-28,61.774091130714496
2026-09-29,57.23966831856735
