time,value
2006-01-01,55.60509626961033
2006-01-02,103.53536143757101
2006-01-03,55.96902731587893
2006-01-04,89.6378370553671
2006-01-05,56.817689233564096
2006-01-06,57.42379427159871
2006-01-07,58.15108202647498
2006-01-08,58.99955250040007
2006-01-09,94.75150059935665
2006-01-10,59.045573301001994
2006-01-11,58.24312362960741
2006-01-12,94.49286578721868
2006-01-13,54.98730414021235
2006-01-14,52.533934322543956
2006-01-15,49.530257787820716
2006-01-16,76.33772339792172
2006-01-17,45.93340595087598
2006-01-18,45.340230645222334
2006-01-19,45.55055575019763
2006-01-20,46.56438126303681
2006-01-21,48.38170718813747
2006-01-22,51.00253352036422
2006-01-23,53.27603616103724
2006-01-24,79.91242843357315
2006-01-25,97.06946165194495
2006-01-26,58.01260191352303
2006-01-27,98.1108439729669
2006-01-28,59.43369394694359
2006-01-29,59.62325442465334
2006-01-30,87.6751212640655
2006-01-31,96.85476056088564
2006-02-01,59.76606623379952
2006-02-02,95.64878644160203
2006-02-03,59.46471251901403
2006-02-04,59.18673313988309
2006-02-05,58.82388541181961
2006-02-06,57.90669558073363
2006-02-07,56.4351636455862
2006-02-08,62.646027386589324
2006-02-09,83.52260795692737
2006-02-10,48.694515224599954
2006-02-11,45.00561487718304
2006-02-12,40.76237242480566
2006-02-13,38.260070210227084
2006-02-14,47.526041182743405
2006-02-15,38.47828649927621
2006-02-16,41.19880500178684
2006-02-17,78.83103924328836
2006-02-18,51.862662722494214
2006-02-19,94.45401845761167
2006-02-20,65.69108070135098
2006-02-21,69.51789899919244
2006-02-22,104.59152697644936
2006-02-23,93.96113725669385
2006-02-24,68.64879113715959
2006-02-25,64.24256759604708
2006-02-26,57.778083594523885
2006-02-27,86.19723550639125
2006-02-28,58.44825900143598
2006-03-01,46.24449058861754
2006-03-02,45.0246156344258
2006-03-03,45.119420230654306
2006-03-04,46.528904377611816
2006-03-05,74.7153313736419
2006-03-06,68.06819808588935
2006-03-07,67.52051006819318
2006-03-08,67.2707389760545
2006-03-09,64.8478634798334
2006-03-10,85.71414687622071
2006-03-11,44.780506742989076
2006-03-12,40.56548927105539
2006-03-13,37.66967467324236
2006-03-14,46.192019702558795
2006-03-15,45.50486801584309
2006-03-16,67.62406123043677
2006-03-17,39.278445040387524
2006-03-18,42.9786448200945
2006-03-19,47.998047479713016
2006-03-20,76.7822124138017
2006-03-21,86.89403412619355
2006-03-22,57.38354914266948
2006-03-23,75.00509338794492
2006-03-24,72.61134803435823
2006-03-25,58.259991343261774
2006-03-26,56.661236640565676
2006-03-27,68.2974547001342
2006-03-28,78.39623537896603
2006-03-29,52.309562161555036
2006-03-30,51.00720054291574
2006-03-31,49.778937194944476
2006-04-01,102.34262718199258
2006-04-02,47.55540171535281
2006-04-03,47.12455132327089
2006-04-04,61.759302014654025
2006-04-05,48.17841056702193
2006-04-06,49.66312020291883
2006-04-07,51.7863498463869
2006-04-08,54.54809950256328
2006-04-09,57.94836916858876
2006-04-10,60.48800742516366
2006-04-11,62.167014273890885
2006-04-12,62.98538971699692
2006-04-13,62.94313375189199
2006-04-14,62.04024637998148
2006-04-15,60.27672760092388
2006-04-16,57.65257741307441
2006-04-17,55.43111543512104
2006-04-18,66.10174296713399
2006-04-19,52.196256101306375
2006-04-20,51.18285874415093
2006-04-21,91.19627748716763
2006-04-22,50.36412865468599
2006-04-23,50.55879592142091
2006-04-24,50.5499993970904
2006-04-25,62.62569842676667
2006-04-26,60.79988062638846
2006-04-27,78.78050004673183
2006-04-28,84.00110705253289
2006-04-29,47.45405991441467
2006-04-30,46.22448064654207
2006-05-01,65.07225475289015
2006-05-02,77.29764014276968
2006-05-03,65.71092320133162
2006-05-04,56.096674355442126
2006-05-05,65.28648819399976
2006-05-06,46.54583081072337
2006-05-07,47.86265272907305
2006-05-08,48.94590318797981
2006-05-09,60.53915320269405
2006-05-10,87.89481526695522
2006-05-11,50.79422581971373
2006-05-12,50.94319044685343
2006-05-13,50.8585836169701
2006-05-14,50.54040532927519
2006-05-15,74.46782317274925
2006-05-16,78.86078527196298
2006-05-17,50.02123858510885
2006-05-18,49.99330571163205
2006-05-19,50.03793419155933
2006-05-20,50.15512402334784
2006-05-21,50.34487520840425
2006-05-22,86.86787167467251
2006-05-23,50.9454569150283
2006-05-24,51.35628743402981
2006-05-25,51.8408110626584
2006-05-26,52.39902780293134
2006-05-27,53.0309376536761
2006-05-28,53.73654061749694
2006-05-29,54.20184753441063
2006-05-30,54.42685840765394
2006-05-31,54.41157323541711
2006-06-01,62.06716704067085
2006-06-02,53.683943416318485
2006-06-03,52.99542741815496
2006-06-04,52.09044402780773
2006-06-05,51.22696760063147
2006-06-06,50.40499813663564
2006-06-07,71.30701531423637
2006-06-08,48.88558009467958
2006-06-09,48.18813151610655
2006-06-10,47.53218990005041
2006-06-11,46.917755247317274
2006-06-12,46.72678035459636
2006-06-13,68.49524166241585
2006-06-14,47.6152098525899
2006-06-15,48.6946142441863
2006-06-16,50.19747839803844
2006-06-17,52.12380231299929
2006-06-18,54.4735859898379
2006-06-19,84.63056021623294
2006-06-20,89.23498896401506
2006-06-21,79.43332716054331
2006-06-22,57.687643159271815
2006-06-23,56.944888068527106
2006-06-24,55.58362522412046
2006-06-25,53.60385462429945
2006-06-26,73.91965186174434
2006-06-27,50.995233756256056
2006-06-28,50.36638348545438
2006-06-29,80.98607689072301
2006-06-30,57.401602997579886
2006-07-01,51.18167332077124
2006-07-02,52.33653377260196
2006-07-03,53.48681256047503
2006-07-04,77.59689272174023
2006-07-05,79.72283551964887
2006-07-06,56.91015892879153
2006-07-07,58.04211105597613
2006-07-08,59.16948151638243
2006-07-09,60.29227031228916
2006-07-10,61.260434002507864
2006-07-11,62.07397258811715
2006-07-12,62.73288607086364
2006-07-13,93.6772923157255
2006-07-14,63.58683771766461
2006-07-15,63.78187588499718
2006-07-16,63.82228894766699
2006-07-17,63.164846570163256
2006-07-18,61.80954875412347
2006-07-19,59.7563954994028
2006-07-20,59.51222004002248
2006-07-21,56.1528856654638
2006-07-22,49.40980309587205
2006-07-23,44.56522808250576
2006-07-24,76.80103373592593
2006-07-25,70.24074978054959
2006-07-26,68.12724954128761
2006-07-27,39.21464732542235
2006-07-28,41.383931961608184
2006-07-29,44.9559885286906
2006-07-30,49.93081702556226
2006-07-31,53.73975293780111
2006-08-01,56.38279626671012
2006-08-02,57.862107717581786
2006-08-03,58.1776872881621
2006-08-04,57.329534980290475
2006-08-05,55.317650793573016
2006-08-06,52.142034724635835
2006-08-07,76.45398676981682
2006-08-08,78.7435505063456
2006-08-09,48.8043334764452
2006-08-10,74.6888531014519
2006-08-11,46.3650362599011
2006-08-12,47.22985293928793
2006-08-13,48.768075077721264
2006-08-14,49.76656634287322
2006-08-15,50.225326738040934
2006-08-16,50.14435626378939
2006-08-17,76.6959366025576
2006-08-18,48.36322269891207
2006-08-19,46.66305961113147
2006-08-20,44.42316565268415
2006-08-21,43.17686165221001
2006-08-22,77.930283162353
2006-08-23,43.66502353155032
2006-08-24,45.39948941109914
2006-08-25,48.12754525058877
2006-08-26,51.84919104974934
2006-08-27,56.56442681074115
2006-08-28,86.42705516697697
2006-08-29,83.85566763202138
2006-08-30,103.82842279579101
2006-08-31,62.78650841686635
2006-09-01,61.18231346089526
2006-09-02,58.328383562014366
2006-09-03,54.22471872042327
2006-09-04,79.32311449854909
2006-09-05,47.8092974357823
2006-09-06,75.22142079437657
2006-09-07,78.11774970950182
2006-09-08,42.665936502578575
2006-09-09,42.14608845818443
2006-09-10,42.223543210552876
2006-09-11,68.1964581418892
2006-09-12,44.18836297471108
2006-09-13,46.075727987268124
2006-09-14,48.5663964195995
2006-09-15,51.66036827414866
2006-09-16,55.35764354706994
2006-09-17,59.658222243119326
2006-09-18,89.17076108557576
2006-09-19,64.25853994238909
2006-09-20,64.55827894787177
2006-09-21,92.8901654917805
2006-09-22,61.15691726880106
2006-09-23,57.45581658471204
2006-09-24,52.42110266772785
2006-09-25,48.593098804051735
2006-09-26,45.97180499361298
2006-09-27,71.77426779999507
2006-09-28,44.349347527134675
2006-09-29,45.34818387160023
2006-09-30,47.553730267148055
2006-10-01,50.965986716407166
2006-10-02,53.370705562385055
2006-10-03,95.19057274433621
2006-10-04,82.50887165776939
2006-10-05,54.539636500725024
2006-10-06,52.914204947767246
2006-10-07,50.281235790526935
2006-10-08,90.91319458184415
2006-10-09,43.85970816832635
2006-10-10,41.93817319285043
2006-10-11,40.8761241062612
2006-10-12,73.66527689400165
2006-10-13,41.33048360253838
2006-10-14,42.846892185845604
2006-10-15,83.11453519071353
2006-10-16,47.237152512942146
2006-10-17,72.52584598185072
2006-10-18,50.181298375582244
2006-10-19,51.11107838417959
2006-10-20,51.679329776366394
2006-10-21,51.8860525531462
2006-10-22,51.73124671385217
2006-10-23,74.54451731277494
2006-10-24,52.641366969397076
2006-10-25,53.70629306394946
2006-10-26,55.17779646906616
2006-10-27,57.05587718649739
2006-10-28,59.34053521599141
2006-10-29,62.031770557798026
2006-10-30,64.00091192077171
2006-10-31,65.24795930657399
2006-11-01,101.5572684748
2006-11-02,96.30530595982457
2006-11-03,87.81769527554471
2006-11-04,63.14016906877275
2006-11-05,60.86005322641612
2006-11-06,58.75852867305074
2006-11-07,94.79621298649278
2006-11-08,103.43732299089929
2006-11-09,77.6985375268076
2006-11-10,52.13834335238523
2006-11-11,86.65214886082171
2006-11-12,49.89979842448486
2006-11-13,49.054214805691785
2006-11-14,70.83055923305767
2006-11-15,47.91622716826741
2006-11-16,79.4413219187587
2006-11-17,70.83831440440619
2006-11-18,47.59219471381565
2006-11-19,47.852970297444756
2006-11-20,74.42290700162928
2006-11-21,47.396695420179455
2006-11-22,75.46346230037435
2006-11-23,83.10485639668322
2006-11-24,67.63498495793021
2006-11-25,42.57284150587813
2006-11-26,40.55202299274404
2006-11-27,38.99946065409367
2006-11-28,61.26176072950294
2006-11-29,64.4059605963556
2006-11-30,37.15131069038068
2006-12-01,37.471773053250445
2006-12-02,83.3754137559898
2006-12-03,39.4932380459183
2006-12-04,60.42837690585813
2006-12-05,65.06686919056926
2006-12-06,64.15228591296645
2006-12-07,71.1140908402344
2006-12-08,96.69585498243308
2006-12-09,75.89897371844759
2006-12-10,43.10287428249342
2006-12-11,67.10193743796029
2006-12-12,65.74916636468325
2006-12-13,45.36673939067009
2006-12-14,46.90419064376982
2006-12-15,48.83305667162779
2006-12-16,51.153337475544895
2006-12-17,53.8650330553148
2006-12-18,56.042350654714696
2006-12-19,90.58747650501539
2006-12-20,58.793851924230665
2006-12-21,59.368035592842446
2006-12-22,87.96783422524894
2006-12-23,58.91326899762089
2006-12-24,57.88431873358932
2006-12-25,56.739887107172365
2006-12-26,55.479974121132074
2006-12-27,54.104579773668306
2006-12-28,52.613704066554405
2006-12-29,79.10591733657377
2006-12-30,49.285508566203696
2006-12-31,47.44818877221888
2007-01-01,46.25315431967516
2007-01-02,45.69451165626381
2007-01-03,81.40510464307457
2007-01-04,46.48640170248162
2007-01-05,47.836934410064316
2007-01-06,49.82385890885821
2007-01-07,52.44717519819693
2007-01-08,80.61168664765557
2007-01-09,84.53884756394677
2007-01-10,82.13460963850238
2007-01-11,79.37680596981664
2007-01-12,89.14394796525278
2007-01-13,48.035192841716054
2007-01-14,96.00621375098493
2007-01-15,60.25056880859306
2007-01-16,38.57607565339107
2007-01-17,61.209358118187694
2007-01-18,56.581704686555895
2007-01-19,37.58540057357838
2007-01-20,39.137051571245664
2007-01-21,41.62964058069705
2007-01-22,73.3696249738722
2007-01-23,66.67250737069243
2007-01-24,72.30166080646762
2007-01-25,45.93985485418648
2007-01-26,45.60237298318145
2007-01-27,44.69887693402086
2007-01-28,43.22936671047531
2007-01-29,42.17272325367104
2007-01-30,63.92515997861753
2007-01-31,62.51658938036208
2007-02-01,61.22130519976126
2007-02-02,42.08557119668973
2007-02-03,43.1147698259643
2007-02-04,44.567589353924504
2007-02-05,65.30991907602305
2007-02-06,46.25211842311234
2007-02-07,71.73121984423332
2007-02-08,74.86849378528532
2007-02-09,45.726137060141504
2007-02-10,82.71112800140739
2007-02-11,43.34029950810394
2007-02-12,61.5305907050722
2007-02-13,63.895147287928125
2007-02-14,67.95425429745532
2007-02-15,77.85382823774721
2007-02-16,46.28083522586772
2007-02-17,85.96357149469661
2007-02-18,52.087652768581734
2007-02-19,79.12249297316588
2007-02-20,55.29018870237202
2007-02-21,78.84964983601532
2007-02-22,54.138329488951015
2007-02-23,51.92950170212609
2007-02-24,48.632075126941075
2007-02-25,44.24604976769419
2007-02-26,40.66889961914276
2007-02-27,75.75105178990188
2007-02-28,63.2546881895274
2007-03-01,34.7907004514346
2007-03-02,69.7661455129335
2007-03-03,69.69140218773924
2007-03-04,70.69172800645791
2007-03-05,57.23418513423524
2007-03-06,39.25657675029526
2007-03-07,63.62773140494244
2007-03-08,43.05613461667184
2007-03-09,67.78778289261842
2007-03-10,47.5766797283263
2007-03-11,50.10732250303403
2007-03-12,73.76338427265874
2007-03-13,83.09108069861007
2007-03-14,53.79341272300477
2007-03-15,53.72016342843304
2007-03-16,52.99594111902964
2007-03-17,51.62074579163958
2007-03-18,49.59457744765455
2007-03-19,68.11885103106454
2007-03-20,73.35131784845632
2007-03-21,44.87919297768599
2007-03-22,75.85819007482455
2007-03-23,74.83366089438528
2007-03-24,42.20848934692013
2007-03-25,41.772628323286995
2007-03-26,63.88484400841436
2007-03-27,87.03733366192924
2007-03-28,68.11118824024142
2007-03-29,44.371447966316985
2007-03-30,46.1067188126076
2007-03-31,48.27621603377773
2007-04-01,50.87993962869501
2007-04-02,93.56524162820887
2007-04-03,52.91535002771391
2007-04-04,83.95104155954589
2007-04-05,50.72137803925438
2007-04-06,48.03837365088623
2007-04-07,44.29802366392498
2007-04-08,39.50032807915758
2007-04-09,35.87142674114839
2007-04-10,58.74824128503873
2007-04-11,56.4583272798083
2007-04-12,56.99695150317736
2007-04-13,33.043763819424726
2007-04-14,35.2588336973965
2007-04-15,38.642697817643835
2007-04-16,65.38557852345954
2007-04-17,67.23093601964524
2007-04-18,74.61888817060026
2007-04-19,47.17151392124871
2007-04-20,48.052057850741264
2007-04-21,48.4319377425702
2007-04-22,48.31115359961329
2007-04-23,79.26275541788148
2007-04-24,47.549086117477394
2007-04-25,46.90780278081016
2007-04-26,71.0511616012758
2007-04-27,69.3190931150238
2007-04-28,43.94295437956518
2007-04-29,78.1062213361746
2007-04-30,65.849586159511
2007-05-01,39.940940439560094
2007-05-02,38.61921225731378
2007-05-03,77.73116885354621
2007-05-04,65.19545367948157
2007-05-05,67.75650164785901
2007-05-06,63.7033463373963
2007-05-07,66.81536757310462
2007-05-08,57.35125361751304
2007-05-09,54.96278645093654
2007-05-10,57.85937090204412
2007-05-11,33.81029393332604
2007-05-12,71.80469198149001
2007-05-13,37.11060895208843
2007-05-14,66.34967979867456
2007-05-15,76.35220238285692
2007-05-16,40.39354380932059
2007-05-17,40.70678720598926
2007-05-18,79.79876580850649
2007-05-19,40.16167166580453
2007-05-20,76.99534103137796
2007-05-21,61.00198912914535
2007-05-22,70.69921410389956
2007-05-23,65.26144611592318
2007-05-24,74.90497863024486
2007-05-25,36.95898074697092
2007-05-26,36.87960688919771
2007-05-27,36.93006387899574
2007-05-28,36.97009409603977
2007-05-29,62.068029905494676
2007-05-30,86.30500623611279
2007-05-31,71.80993527179103
2007-06-01,65.04876163886179
2007-06-02,77.11281233558776
2007-06-03,36.960224045315485
2007-06-04,63.26398562066307
2007-06-05,36.27804515554235
2007-06-06,67.69077630008789
2007-06-07,34.80164511682874
2007-06-08,66.75732814782728
2007-06-09,32.531023922587764
2007-06-10,73.65895017434747
2007-06-11,59.14464893426576
2007-06-12,58.49076036941338
2007-06-13,56.935204688741386
2007-06-14,29.2615810912086
2007-06-15,57.35174056695588
2007-06-16,30.681196327706814
2007-06-17,31.97544516730718
2007-06-18,62.30892506598826
2007-06-19,34.39012154513969
2007-06-20,35.5105490814514
2007-06-21,36.57303618371456
2007-06-22,66.67475434447574
2007-06-23,38.52418908673853
2007-06-24,39.41285488626259
2007-06-25,62.838046770214135
2007-06-26,68.22212344980268
2007-06-27,62.38312037656033
2007-06-28,38.172430685550026
2007-06-29,64.10442374430053
2007-06-30,34.67516614238948
2007-07-01,32.20727076132336
2007-07-02,61.983930928677076
2007-07-03,68.09381250366607
2007-07-04,63.608260216778746
2007-07-05,61.06144025062184
2007-07-06,26.118690243972452
2007-07-07,26.151153420486484
2007-07-08,26.6003430207394
2007-07-09,27.30839716487432
2007-07-10,58.10938612258973
2007-07-11,55.53359806683342
2007-07-12,64.20128722346378
2007-07-13,70.73464160761196
2007-07-14,34.73163600238475
2007-07-15,36.99287739478629
2007-07-16,70.6400764538603
2007-07-17,69.24215241567816
2007-07-18,42.7369084694857
2007-07-19,79.75880547088889
2007-07-20,45.69985160648939
2007-07-21,46.92139989982826
2007-07-22,47.96966601001332
2007-07-23,48.34320652815901
2007-07-24,84.88351705027526
2007-07-25,47.06611078495493
2007-07-26,78.84450894355818
2007-07-27,82.21461710634654
2007-07-28,40.09002522359547
2007-07-29,77.77796057907688
2007-07-30,59.60616993663446
2007-07-31,76.26829858787727
2007-08-01,30.803618147497264
2007-08-02,58.127711227791806
2007-08-03,63.87621243407618
2007-08-04,33.276711621045806
2007-08-05,35.89383110353689
2007-08-06,72.69154013409687
2007-08-07,39.72578917132424
2007-08-08,67.26237673960605
2007-08-09,74.82782381420083
2007-08-10,78.57880833756106
2007-08-11,41.78058173671957
2007-08-12,45.333611114345544
2007-08-13,66.46856718821614
2007-08-14,42.96226784381773
2007-08-15,74.37180446289533
2007-08-16,80.2994539684631
2007-08-17,42.39161588216323
2007-08-18,43.55284651755716
2007-08-19,47.92647762007635
2007-08-20,83.52994598256964
2007-08-21,81.20151321317609
2007-08-22,89.24248398744885
2007-08-23,77.43656483489089
2007-08-24,44.03792546463223
2007-08-25,42.18247751017861
2007-08-26,39.77380257088372
2007-08-27,60.541721991401495
2007-08-28,65.31696645019005
2007-08-29,73.66178817250415
2007-08-30,32.70886479388258
2007-08-31,59.33929596059855
2007-09-01,34.43373806714116
2007-09-02,30.102721111345524
2007-09-03,31.751987885730188
2007-09-04,68.2101206096855
2007-09-05,56.03538441596665
2007-09-06,58.70437803695377
2007-09-07,59.69886104497047
2007-09-08,74.96201734278785
2007-09-09,34.05803120605569
2007-09-10,63.27326766332343
2007-09-11,65.99823045349093
2007-09-12,65.33159725163198
2007-09-13,75.17458478642729
2007-09-14,39.51255534262941
2007-09-15,37.486371928009945
2007-09-16,37.17867565918942
2007-09-17,63.94750374199948
2007-09-18,64.11976599625744
2007-09-19,74.76078241224525
2007-09-20,71.5184586956565
2007-09-21,69.7471484160115
2007-09-22,74.46051805039036
2007-09-23,28.583346590456458
2007-09-24,56.42825520214535
2007-09-25,50.979634933970004
2007-09-26,49.30280577546955
2007-09-27,50.777946325679366
2007-09-28,75.51826116333908
2007-09-29,79.2891627126385
2007-09-30,31.678080724421555
2007-10-01,63.020411527720725
2007-10-02,73.1939160221003
2007-10-03,69.0476207288691
2007-10-04,62.22039424385147
2007-10-05,79.97404801159173
2007-10-06,35.55424610656668
2007-10-07,75.2973786952049
2007-10-08,61.38505516055751
2007-10-09,64.06370135868173
2007-10-10,73.9258057430934
2007-10-11,71.50897621290429
2007-10-12,59.64373051527843
2007-10-13,32.56572958651407
2007-10-14,32.774061070633124
2007-10-15,65.68249418979795
2007-10-16,37.1952528218723
2007-10-17,56.6281720219862
2007-10-18,60.32559354399868
2007-10-19,62.880868008568456
2007-10-20,67.29324232815692
2007-10-21,57.67118437447056
2007-10-22,66.06815553215587
2007-10-23,67.72917759598545
2007-10-24,55.2783758508834
2007-10-25,55.905249242343444
2007-10-26,66.13879790495642
2007-10-27,57.82191281026324
2007-10-28,31.130210023234497
2007-10-29,65.63538305688165
2007-10-30,66.2120635714684
2007-10-31,61.062125471630985
2007-11-01,57.616538711544884
2007-11-02,79.31668487654396
2007-11-03,34.30503180997238
2007-11-04,40.98468504262563
2007-11-05,58.475389113422366
2007-11-06,69.85601967417833
2007-11-07,59.706797565351906
2007-11-08,59.504319774356404
2007-11-09,58.990542061827824
2007-11-10,61.63646429031351
2007-11-11,46.45080156030775
2007-11-12,47.57586506129276
2007-11-13,55.511170041656754
2007-11-14,55.46708909722673
2007-11-15,64.58857097224214
2007-11-16,61.254178999865815
2007-11-17,63.81751366281102
2007-11-18,28.85664211663125
2007-11-19,55.68252874117491
2007-11-20,52.39287649862568
2007-11-21,56.50065417511753
2007-11-22,74.61729008661754
2007-11-23,57.58405994598097
2007-11-24,28.826769393359264
2007-11-25,63.21984410112538
2007-11-26,54.28670965794204
2007-11-27,62.52193514749799
2007-11-28,55.99438788189529
2007-11-29,63.97685541349992
2007-11-30,67.57855871445086
2007-12-01,51.48990909142033
2007-12-02,51.80268591398432
2007-12-03,67.20622741657033
2007-12-04,69.72248408703763
2007-12-05,83.25590142959919
2007-12-06,73.91946587154614
2007-12-07,88.3995029895323
2007-12-08,57.47917915357397
2007-12-09,68.19519337402869
2007-12-10,72.73784480669359
2007-12-11,64.97090154816362
2007-12-12,71.52257982625797
2007-12-13,60.609815398368866
2007-12-14,60.79260120382288
2007-12-15,28.469944884352913
2007-12-16,28.864275460650457
2007-12-17,57.97538655985631
2007-12-18,67.18861935079184
2007-12-19,69.3514941687975
2007-12-20,66.65749009494255
2007-12-21,48.765920030003514
2007-12-22,35.46286058625561
2007-12-23,60.94523604089983
2007-12-24,60.154598569312384
2007-12-25,39.53709077532966
2007-12-26,62.38336497088055
2007-12-27,75.51618809818603
2007-12-28,77.45831914220513
2007-12-29,38.70970269762866
2007-12-30,37.3850530024753
2007-12-31,52.90349678741306
2008-01-01,34.90454492810886
2008-01-02,71.83196406230509
2008-01-03,76.30470995549183
2008-01-04,54.23174666047595
2008-01-05,49.21406653817721
2008-01-06,73.23143995820575
2008-01-07,64.25018751721711
2008-01-08,56.40869479989706
2008-01-09,62.59924701814913
2008-01-10,54.59930955339651
2008-01-11,25.549525524549896
2008-01-12,64.65941231364924
2008-01-13,24.421805989665646
2008-01-14,57.99134044376356
2008-01-15,59.230487045856634
2008-01-16,58.17647975435388
2008-01-17,58.09715475215625
2008-01-18,62.126053583694414
2008-01-19,64.04085803760994
2008-01-20,35.4606346898276
2008-01-21,73.31638571553603
2008-01-22,73.30938598681684
2008-01-23,71.59588410288164
2008-01-24,67.14284438827346
2008-01-25,60.4048025415443
2008-01-26,31.58879504179345
2008-01-27,62.63865502785826
2008-01-28,53.49678071340435
2008-01-29,54.88178025360341
2008-01-30,56.76632070199722
2008-01-31,65.82036906601573
2008-02-01,51.24568843944826
2008-02-02,46.13328386105775
2008-02-03,71.1645295339251
2008-02-04,59.436120978052465
2008-02-05,52.07320838789872
2008-02-06,53.41109814555729
2008-02-07,58.79768626041246
2008-02-08,72.4890797162895
2008-02-09,32.46181662287542
2008-02-10,32.102321940631384
2008-02-11,63.375852344264274
2008-02-12,60.29897586284454
2008-02-13,58.32547683780802
2008-02-14,62.961435415958235
2008-02-15,61.045977104660246
2008-02-16,69.94787504245016
2008-02-17,26.638179286272013
2008-02-18,62.6495363971963
2008-02-19,43.01583552683738
2008-02-20,42.19828808076832
2008-02-21,56.43664420434825
2008-02-22,53.25914920191629
2008-02-23,51.01251664616787
2008-02-24,56.88667483522477
2008-02-25,59.23921283012974
2008-02-26,65.78346366963456
2008-02-27,33.69665519792825
2008-02-28,57.52221233065015
2008-02-29,61.47319454607827
2008-03-01,29.479010207877796
2008-03-02,28.994478345872587
2008-03-03,58.30826010385681
2008-03-04,61.32996182206178
2008-03-05,64.6946866370018
2008-03-06,35.41760546688439
2008-03-07,70.31137825458619
2008-03-08,66.7198065970012
2008-03-09,42.54884217630991
2008-03-10,45.6477077806973
2008-03-11,82.33858173412378
2008-03-12,74.32769028371202
2008-03-13,68.03621317862468
2008-03-14,72.05900723113055
2008-03-15,42.70555032265992
2008-03-16,70.75901750709518
2008-03-17,66.16478549167319
2008-03-18,67.1072962469123
2008-03-19,37.013643452718256
2008-03-20,61.1609220201905
2008-03-21,33.1430140477362
2008-03-22,32.59663966138616
2008-03-23,34.95276707811808
2008-03-24,66.1020881203088
2008-03-25,53.14327525026387
2008-03-26,30.404103926313844
2008-03-27,29.35428424172452
2008-03-28,60.647857447441865
2008-03-29,26.652621966741528
2008-03-30,25.00077937736306
2008-03-31,43.29479068632635
2008-04-01,45.40939836021636
2008-04-02,46.342750498763536
2008-04-03,59.03189719308584
2008-04-04,44.75521791954618
2008-04-05,57.86416295525909
2008-04-06,20.44718174427403
2008-04-07,51.82552742132627
2008-04-08,49.48073967356221
2008-04-09,50.34384385443907
2008-04-10,41.56731962594119
2008-04-11,51.2635111425262
2008-04-12,71.82238893465238
2008-04-13,24.502530454696906
2008-04-14,65.33849918282596
2008-04-15,62.22913654252105
2008-04-16,47.71850972454217
2008-04-17,27.04410959948677
2008-04-18,62.38435340389542
2008-04-19,27.591811495132877
2008-04-20,27.6848905231
2008-04-21,59.424921662105206
2008-04-22,60.58183588964194
2008-04-23,62.188024864285936
2008-04-24,53.33807531712143
2008-04-25,69.71992634048358
2008-04-26,31.603884596364427
2008-04-27,32.81713692603192
2008-04-28,60.63188131474089
2008-04-29,64.19521496902934
2008-04-30,37.06099528408279
2008-05-01,65.17779035847565
2008-05-02,40.39664614308805
2008-05-03,42.21998812966655
2008-05-04,78.97408385511358
2008-05-05,72.0446479501866
2008-05-06,72.56694629057475
2008-05-07,44.10236719264769
2008-05-08,74.42106499895515
2008-05-09,39.21785701542725
2008-05-10,35.3191769980522
2008-05-11,70.82746808578861
2008-05-12,61.52964161178403
2008-05-13,43.50619022481747
2008-05-14,49.97265430632562
2008-05-15,45.29618999753694
2008-05-16,21.598178557574983
2008-05-17,22.927261137272584
2008-05-18,25.289462472811458
2008-05-19,53.041929556379046
2008-05-20,60.97902128438116
2008-05-21,31.084595494205008
2008-05-22,32.585816171634626
2008-05-23,60.90977873457903
2008-05-24,72.72408009720382
2008-05-25,35.7980072222879
2008-05-26,62.77342362810545
2008-05-27,77.01285608798952
2008-05-28,61.46088562180965
2008-05-29,35.41117517162213
2008-05-30,71.60665346976131
2008-05-31,32.93249546604693
2008-06-01,31.121839695647097
2008-06-02,51.533384892195855
2008-06-03,29.43711570950297
2008-06-04,54.934403657305154
2008-06-05,52.44147190134391
2008-06-06,72.16385421125813
2008-06-07,33.814017980810476
2008-06-08,36.522066516857066
2008-06-09,66.08406078303797
2008-06-10,39.10303079428113
2008-06-11,38.97594653869642
2008-06-12,76.98355757444054
2008-06-13,68.92312609631415
2008-06-14,32.92442818333873
2008-06-15,29.017166868836004
2008-06-16,25.799846252213612
2008-06-17,55.90606328284987
2008-06-18,46.54812434860513
2008-06-19,48.42742034678082
2008-06-20,19.829970745372243
2008-06-21,73.44963725730658
2008-06-22,20.984677169103445
2008-06-23,22.226815916478312
2008-06-24,54.766066276597314
2008-06-25,25.670538987095448
2008-06-26,55.44728890670727
2008-06-27,30.39352281839893
2008-06-28,72.09065268224975
2008-06-29,36.39576741350221
2008-06-30,62.60026522433971
2008-07-01,39.86630516958017
2008-07-02,64.71253918835723
2008-07-03,63.545505841464276
2008-07-04,37.97674078543524
2008-07-05,35.4570159902879
2008-07-06,31.99235619408559
2008-07-07,61.48688889713178
2008-07-08,66.14915502571395
2008-07-09,54.48448163328632
2008-07-10,50.53160885809743
2008-07-11,51.82846834655345
2008-07-12,68.04427400666953
2008-07-13,34.40424560839721
2008-07-14,61.979925563638496
2008-07-15,61.19679055386681
2008-07-16,74.26812168274972
2008-07-17,72.49963136892544
2008-07-18,40.67126067960902
2008-07-19,39.97659950768324
2008-07-20,79.49947488294394
2008-07-21,37.0839027040239
2008-07-22,58.16064519749797
2008-07-23,55.66545573570056
2008-07-24,31.209869971402043
2008-07-25,63.4905455676375
2008-07-26,26.27052312746586
2008-07-27,23.49385219921135
2008-07-28,48.84074455617278
2008-07-29,45.90745237971819
2008-07-30,21.14011827871898
2008-07-31,69.08216716386909
2008-08-01,70.74855007028796
2008-08-02,27.75155082197571
2008-08-03,31.948701577892237
2008-08-04,56.43677391464013
2008-08-05,68.94373336735562
2008-08-06,39.84211679620999
2008-08-07,68.70623284854294
2008-08-08,68.80929321521565
2008-08-09,73.90401682739824
2008-08-10,39.40458398158147
2008-08-11,61.050420632472964
2008-08-12,68.73972592024671
2008-08-13,69.5453507627679
2008-08-14,69.37625922033776
2008-08-15,65.0989097419853
2008-08-16,64.32333179601441
2008-08-17,51.02369862206248
2008-08-18,50.193905176019825
2008-08-19,44.07262475855453
2008-08-20,44.057684315096196
2008-08-21,50.149083843148034
2008-08-22,72.09868010720362
2008-08-23,25.445476378008312
2008-08-24,27.83157524445627
2008-08-25,51.54264916727364
2008-08-26,56.379836604735644
2008-08-27,60.24908924829495
2008-08-28,34.679943912949035
2008-08-29,36.34473769227411
2008-08-30,29.34203744804843
2008-08-31,27.459425984584847
2008-09-01,51.023514328022635
2008-09-02,54.96144638644245
2008-09-03,49.91348960535504
2008-09-04,44.26100675591546
2008-09-05,45.97903324299614
2008-09-06,37.629926884053035
2008-09-07,38.59343693249181
2008-09-08,56.854127535156515
2008-09-09,68.23896391883513
2008-09-10,63.48161608175228
2008-09-11,69.57530619494587
2008-09-12,34.548009485643306
2008-09-13,63.68672187478835
2008-09-14,30.62018932711902
2008-09-15,61.85747801684105
2008-09-16,60.84074346890179
2008-09-17,59.242859452579495
2008-09-18,60.01830800017463
2008-09-19,34.366054512071955
2008-09-20,38.27663253398022
2008-09-21,47.163793017811614
2008-09-22,53.16910426204974
2008-09-23,75.7893928930784
2008-09-24,70.803845145175
2008-09-25,63.81797193763741
2008-09-26,67.27640968749786
2008-09-27,37.75722555470672
2008-09-28,39.45325633887164
2008-09-29,76.8229460513641
2008-09-30,51.92073896099697
2008-10-01,58.84241118543393
2008-10-02,84.52243246159962
2008-10-03,77.75666786854632
2008-10-04,62.256729582623365
2008-10-05,65.41872368848234
2008-10-06,48.795372793936
2008-10-07,66.5866152794672
2008-10-08,67.87756621273623
2008-10-09,59.785841387174415
2008-10-10,54.48748794893537
2008-10-11,39.76169387510373
2008-10-12,41.751148623632176
2008-10-13,44.796631924350166
2008-10-14,41.15381966700594
2008-10-15,43.35687803699373
2008-10-16,44.28819123418772
2008-10-17,41.895461722407234
2008-10-18,53.47170668789538
2008-10-19,22.35147594402961
2008-10-20,51.19154555963391
2008-10-21,49.99384759142667
2008-10-22,52.228737884647416
2008-10-23,54.25993086791515
2008-10-24,64.95087262634004
2008-10-25,42.93881476068624
2008-10-26,29.049327119460152
2008-10-27,68.43039078680286
2008-10-28,50.96040288243239
2008-10-29,56.14178890071177
2008-10-30,60.33869261347162
2008-10-31,71.60879227849799
2008-11-01,43.23821470607362
2008-11-02,54.909350203728465
2008-11-03,57.09972519638383
2008-11-04,51.710125326452754
2008-11-05,49.81469302139794
2008-11-06,54.571073995174075
2008-11-07,28.944939322118685
2008-11-08,61.27461296302661
2008-11-09,49.40664054042932
2008-11-10,79.41220441726982
2008-11-11,61.17960272559564
2008-11-12,55.096657531201636
2008-11-13,62.461550332856646
2008-11-14,66.44268654414401
2008-11-15,75.6796878494103
2008-11-16,63.747501708864476
2008-11-17,68.18756621701729
2008-11-18,60.839328892574365
2008-11-19,62.07425323516446
2008-11-20,52.595232847718236
2008-11-21,49.1236718456901
2008-11-22,29.098071099482876
2008-11-23,63.81166594796295
2008-11-24,56.68473188870048
2008-11-25,68.23938562908512
2008-11-26,62.30560475633762
2008-11-27,68.96538810792826
2008-11-28,76.40080757256565
2008-11-29,58.29011416326
2008-11-30,48.47555657287158
2008-12-01,48.85055072811359
2008-12-02,52.89653243885479
2008-12-03,56.86702566224017
2008-12-04,49.853173676707826
2008-12-05,36.69302688719557
2008-12-06,49.39691739180442
2008-12-07,41.26474580782407
2008-12-08,45.558604334144064
2008-12-09,47.9089667405712
2008-12-10,52.12084776316699
2008-12-11,55.1502356125413
2008-12-12,52.11775845747924
2008-12-13,30.578779871545294
2008-12-14,40.535669944778284
2008-12-15,60.74459441697782
2008-12-16,69.55312555315302
2008-12-17,71.54794174786464
2008-12-18,68.43010841540215
2008-12-19,43.877661894641186
2008-12-20,33.55099366824804
2008-12-21,67.37370376347755
2008-12-22,52.92069471094782
2008-12-23,54.47433306484982
2008-12-24,52.42760172827114
2008-12-25,25.651477710322947
2008-12-26,26.699929212709417
2008-12-27,67.83853314409814
2008-12-28,74.13088168885506
2008-12-29,60.595509947912184
2008-12-30,39.497994829634116
2008-12-31,41.808745848778386
2009-01-01,36.83971657198467
2009-01-02,65.96894671805578
2009-01-03,36.09926131558086
2009-01-04,34.87340697125179
2009-01-05,65.01351980111414
2009-01-06,59.95422440634742
2009-01-07,59.76008768650215
2009-01-08,68.90759756269699
2009-01-09,48.31701447805996
2009-01-10,70.28361837118356
2009-01-11,48.05307331513042
2009-01-12,49.98244908642148
2009-01-13,43.84103264518829
2009-01-14,46.908067373570816
2009-01-15,43.60881875065907
2009-01-16,45.91961369938166
2009-01-17,62.21492808212652
2009-01-18,20.636800394198247
2009-01-19,50.810057687194785
2009-01-20,57.40616793633767
2009-01-21,71.374879942328
2009-01-22,57.51033792832281
2009-01-23,45.89454072626851
2009-01-24,71.62315364670619
2009-01-25,64.32578655611037
2009-01-26,71.62373799142887
2009-01-27,56.988866508805685
2009-01-28,68.23006311425077
2009-01-29,70.96790056845963
2009-01-30,61.22174807450819
2009-01-31,32.13224875346209
2009-02-01,57.81626878277616
2009-02-02,62.0626559524531
2009-02-03,60.32562395259134
2009-02-04,58.04582733337357
2009-02-05,61.63153072745733
2009-02-06,57.38123764102207
2009-02-07,32.17883846264975
2009-02-08,67.36211873362309
2009-02-09,61.184817862347614
2009-02-10,32.71677439249045
2009-02-11,51.65690527103822
2009-02-12,60.34804606220927
2009-02-13,62.32662222437558
2009-02-14,28.45069738612533
2009-02-15,59.675404545054306
2009-02-16,58.16474429358735
2009-02-17,46.93475146110065
2009-02-18,53.25756784292753
2009-02-19,69.05485447099154
2009-02-20,49.451541650619625
2009-02-21,24.116413949668306
2009-02-22,55.63077251460935
2009-02-23,58.698963390070745
2009-02-24,59.6427355527765
2009-02-25,60.073624659261746
2009-02-26,61.87175563224811
2009-02-27,52.68202181049368
2009-02-28,32.77301246805862
2009-03-01,66.46152868721802
2009-03-02,69.16830652946427
2009-03-03,76.07854106280304
2009-03-04,57.2686322534098
2009-03-05,61.72168832438494
2009-03-06,29.13941696826821
2009-03-07,59.39226372251755
2009-03-08,45.536932130779974
2009-03-09,37.10951068562534
2009-03-10,49.912001749566286
2009-03-11,57.08547779352112
2009-03-12,38.70956756250918
2009-03-13,54.724444332508924
2009-03-14,19.002480483251297
2009-03-15,50.08107619196704
2009-03-16,53.17738627624243
2009-03-17,59.23082918142556
2009-03-18,27.460599941554158
2009-03-19,64.84787298076503
2009-03-20,58.1857122109659
2009-03-21,57.07360380597177
2009-03-22,57.93035742566387
2009-03-23,54.326959151211085
2009-03-24,21.911314685283944
2009-03-25,46.273873094973766
2009-03-26,53.28399439520972
2009-03-27,48.13440457296805
2009-03-28,62.51863811533346
2009-03-29,48.2696849852709
2009-03-30,45.377266979647075
2009-03-31,63.772300384283305
2009-04-01,49.54409680802118
2009-04-02,56.35682029460803
2009-04-03,62.86795381218188
2009-04-04,59.87314950215695
2009-04-05,29.531881271395932
2009-04-06,82.72662933971428
2009-04-07,56.692292866798454
2009-04-08,52.14985009302062
2009-04-09,66.9505868189971
2009-04-10,27.635336244888823
2009-04-11,25.65874661466414
2009-04-12,65.18395169545661
2009-04-13,56.39923158456298
2009-04-14,47.38206656265023
2009-04-15,51.60324182209811
2009-04-16,39.11505316538373
2009-04-17,45.66053492183447
2009-04-18,17.315224893006118
2009-04-19,17.87940632726518
2009-04-20,45.61295693315556
2009-04-21,19.401915566541927
2009-04-22,59.08186389799188
2009-04-23,50.63665455574282
2009-04-24,52.93210371345528
2009-04-25,24.02351954496499
2009-04-26,25.507375850906378
2009-04-27,60.79789870647579
2009-04-28,61.628647302646456
2009-04-29,58.663563902845695
2009-04-30,28.848735708350453
2009-05-01,58.82830817651103
2009-05-02,28.950434482443452
2009-05-03,28.593361164589044
2009-05-04,54.93344185818439
2009-05-05,56.714889851534
2009-05-06,47.72528795121784
2009-05-07,46.22870687559988
2009-05-08,50.97173000752423
2009-05-09,25.873864694081693
2009-05-10,52.67578039042925
2009-05-11,51.92361030104388
2009-05-12,51.50587417605356
2009-05-13,61.49466984105338
2009-05-14,63.44686705904479
2009-05-15,51.64289164397081
2009-05-16,29.05099943366836
2009-05-17,64.37150622593902
2009-05-18,50.867202356967354
2009-05-19,68.26433771676307
2009-05-20,69.15690521190115
2009-05-21,58.8271605911048
2009-05-22,30.605136853088613
2009-05-23,28.71853466082891
2009-05-24,26.218896728629716
2009-05-25,54.990551149508605
2009-05-26,55.406678804502704
2009-05-27,41.74727616279543
2009-05-28,49.73471684269059
2009-05-29,46.556344373598435
2009-05-30,59.67713388732659
2009-05-31,20.713567192767513
2009-06-01,21.291925543629272
2009-06-02,54.48307498455803
2009-06-03,52.60251814092675
2009-06-04,51.32786374572673
2009-06-05,49.13710590664634
2009-06-06,70.60616331522387
2009-06-07,58.92840424464536
2009-06-08,54.26813601971308
2009-06-09,66.96604573515405
2009-06-10,57.449980167446505
2009-06-11,52.71316147947104
2009-06-12,57.54543175405776
2009-06-13,23.197837517333287
2009-06-14,20.622712333309003
2009-06-15,43.48258713673829
2009-06-16,42.894213824502366
2009-06-17,40.65464512064557
2009-06-18,39.036559512664496
2009-06-19,42.17898659563103
2009-06-20,18.656981165793017
2009-06-21,56.657355279469826
2009-06-22,62.633510796329084
2009-06-23,45.67271820367125
2009-06-24,53.89722266189353
2009-06-25,55.07631112871168
2009-06-26,23.201588778860565
2009-06-27,53.577483472535015
2009-06-28,54.077873774044164
2009-06-29,43.17395061517125
2009-06-30,52.29410265821652
2009-07-01,68.4806190961594
2009-07-02,45.99250165955658
2009-07-03,57.26276837403404
2009-07-04,20.671270619110615
2009-07-05,64.96180102456731
2009-07-06,48.509767153942455
2009-07-07,56.27890976533175
2009-07-08,59.08252760787957
2009-07-09,52.1307786044074
2009-07-10,59.05951898587254
2009-07-11,27.135721029547003
2009-07-12,27.714602207532543
2009-07-13,55.514852785075064
2009-07-14,60.93009968060018
2009-07-15,58.071610204159555
2009-07-16,27.387462493094304
2009-07-17,54.93641512224036
2009-07-18,25.638293973991576
2009-07-19,57.17996651625111
2009-07-20,63.965750941572836
2009-07-21,55.35150700221662
2009-07-22,57.92757295757258
2009-07-23,51.28116388290917
2009-07-24,56.31747837168486
2009-07-25,70.17156415866343
2009-07-26,24.218861396862295
2009-07-27,56.02214042872323
2009-07-28,51.430959250974674
2009-07-29,57.995949947870585
2009-07-30,55.617681753372054
2009-07-31,65.67654966909134
2009-08-01,27.822609604147274
2009-08-02,28.106090020752063
2009-08-03,57.19769840214136
2009-08-04,54.620082921395806
2009-08-05,54.797435699816845
2009-08-06,59.296527508848115
2009-08-07,50.032347144790535
2009-08-08,27.497308279414078
2009-08-09,58.97302437832653
2009-08-10,59.1150038019224
2009-08-11,59.1691322507112
2009-08-12,71.66957590204404
2009-08-13,55.10896136286892
2009-08-14,61.04954259083036
2009-08-15,31.648208730377096
2009-08-16,33.68038576566828
2009-08-17,55.84221258485349
2009-08-18,77.00466619096588
2009-08-19,35.123623989320066
2009-08-20,69.5969198693197
2009-08-21,69.76577239935993
2009-08-22,29.586922883846587
2009-08-23,26.190258221780578
2009-08-24,40.32206317908155
2009-08-25,49.510368388792436
2009-08-26,37.01310902497195
2009-08-27,55.65284256366695
2009-08-28,41.890988133036046
2009-08-29,20.444645965128785
2009-08-30,47.421426984789946
2009-08-31,44.01691192113135
2009-09-01,44.23863517454444
2009-09-02,50.632149548439074
2009-09-03,47.93951813425569
2009-09-04,54.11490095350932
2009-09-05,30.75003163291157
2009-09-06,32.234238423036544
2009-09-07,59.55074336462404
2009-09-08,57.41492061607353
2009-09-09,64.81697998029911
2009-09-10,62.2841989970421
2009-09-11,60.11249988390678
2009-09-12,31.801074146496934
2009-09-13,30.17247926335654
2009-09-14,50.317794601225415
2009-09-15,65.91527118047667
2009-09-16,50.39523145763701
2009-09-17,51.81449500015459
2009-09-18,74.91813900701901
2009-09-19,29.894041954458842
2009-09-20,58.06492753857729
2009-09-21,54.54787822685441
2009-09-22,79.9993053627412
2009-09-23,63.95928905582341
2009-09-24,49.849762149194774
2009-09-25,68.91661033618628
2009-09-26,26.661173584167802
2009-09-27,53.70048255194753
2009-09-28,50.01542127839001
2009-09-29,43.70456010149586
2009-09-30,46.58582713887308
2009-10-01,44.857865779610535
2009-10-02,58.809390295665146
2009-10-03,16.42748383318523
2009-10-04,17.16249075349695
2009-10-05,38.92922266245163
2009-10-06,40.543990676928864
2009-10-07,46.26935933813964
2009-10-08,50.64401337600236
2009-10-09,25.421314007112443
2009-10-10,52.520990201677805
2009-10-11,71.01804134136339
2009-10-12,51.570087781924755
2009-10-13,61.38987394690268
2009-10-14,62.843910220574216
2009-10-15,81.6341241800183
2009-10-16,54.26325637818097
2009-10-17,36.43259037178393
2009-10-18,72.30095778544568
2009-10-19,55.07060986311082
2009-10-20,67.15368924501865
2009-10-21,62.5766649727544
2009-10-22,59.91696192218269
2009-10-23,61.09946990065045
2009-10-24,26.328211282148835
2009-10-25,54.84692329578456
2009-10-26,38.626845396259185
2009-10-27,59.47407263172739
2009-10-28,56.39473533961912
2009-10-29,68.02781119180668
2009-10-30,72.84483673230801
2009-10-31,58.68353862771266
2009-11-01,32.27930947195132
2009-11-02,71.74684027392645
2009-11-03,58.19061182905719
2009-11-04,66.45750219020903
2009-11-05,63.95867928626694
2009-11-06,62.33301171533124
2009-11-07,59.252725756858496
2009-11-08,55.613118995707936
2009-11-09,63.58977806788239
2009-11-10,55.9656564102131
2009-11-11,57.795312576145676
2009-11-12,63.679413441760936
2009-11-13,62.81929275530472
2009-11-14,68.85102142049604
2009-11-15,52.27110057758165
2009-11-16,60.21091320298123
2009-11-17,53.08453225547579
2009-11-18,63.18465291407887
2009-11-19,67.68118677629982
2009-11-20,60.93375906260917
2009-11-21,31.12444165598478
2009-11-22,57.21848150232474
2009-11-23,52.08089370924216
2009-11-24,56.53724812837433
2009-11-25,41.982786934162746
2009-11-26,58.09619570612114
2009-11-27,51.479860439810835
2009-11-28,60.03586002455986
2009-11-29,55.41769555706502
2009-11-30,56.65231090907059
2009-12-01,55.00711117678736
2009-12-02,66.29735769495662
2009-12-03,56.80476605424026
2009-12-04,51.15001982313828
2009-12-05,56.853618713098854
2009-12-06,47.41475422501287
2009-12-07,51.35343962991876
2009-12-08,45.21287821740964
2009-12-09,53.16610476565803
2009-12-10,59.45588179105155
2009-12-11,55.65263818930649
2009-12-12,58.07145070920884
2009-12-13,55.36270074466596
2009-12-14,50.405318653715696
2009-12-15,51.126131509593094
2009-12-16,62.06360937431853
2009-12-17,58.576407965508466
2009-12-18,58.928598002371274
2009-12-19,26.144389252321037
2009-12-20,52.08131387021909
2009-12-21,22.135907666099797
2009-12-22,47.81748477333666
2009-12-23,60.99389901905872
2009-12-24,61.620385525500424
2009-12-25,69.61731554464757
2009-12-26,60.09541623408426
2009-12-27,39.81418435155296
2009-12-28,76.32835025324732
2009-12-29,77.98698891588975
2009-12-30,103.59049092080636
2009-12-31,50.5377530974101
2010-01-01,81.55255485748931
2010-01-02,47.83695271625264
2010-01-03,75.09072751915376
2010-01-04,70.39784504820256
2010-01-05,61.15441138491259
2010-01-06,61.32706884885684
2010-01-07,64.46967482906408
2010-01-08,64.13608671911936
2010-01-09,71.06987553096845
2010-01-10,57.461720912659096
2010-01-11,65.21521604054558
2010-01-12,62.18229073028702
2010-01-13,52.86698052210011
2010-01-14,46.02942793345396
2010-01-15,47.24802560736755
2010-01-16,68.5473087912898
2010-01-17,58.172190201246806
2010-01-18,51.4982055845732
2010-01-19,57.344036143191545
2010-01-20,54.75971840853775
2010-01-21,52.07151990846138
2010-01-22,51.38338997165373
2010-01-23,59.9472390265983
2010-01-24,54.03768108992665
2010-01-25,57.70819794755612
2010-01-26,61.29990603853493
2010-01-27,41.70379733172646
2010-01-28,54.993048228768586
2010-01-29,60.59001744070419
2010-01-30,31.098598889795955
2010-01-31,64.6812857963255
2010-02-01,59.47700457781447
2010-02-02,57.56437082110452
2010-02-03,64.1361105116485
2010-02-04,57.526022110391985
2010-02-05,67.05510150257686
2010-02-06,29.470574352312504
2010-02-07,50.2384961015682
2010-02-08,57.18680890916813
2010-02-09,42.15453094695021
2010-02-10,48.88727956563143
2010-02-11,41.81763650518718
2010-02-12,45.65581509011113
2010-02-13,47.716137241000915
2010-02-14,18.701711235627624
2010-02-15,43.867244535944835
2010-02-16,43.214454524040676
2010-02-17,42.25932235392999
2010-02-18,52.19306783471134
2010-02-19,49.96177816221779
2010-02-20,56.91830073075358
2010-02-21,26.19380699474987
2010-02-22,50.70001408299787
2010-02-23,50.03919892246059
2010-02-24,56.16315491770321
2010-02-25,54.82632011996873
2010-02-26,52.48172404031828
2010-02-27,51.64997372496323
2010-02-28,42.992426679685536
2010-03-01,45.76653347100474
2010-03-02,54.02721771323658
2010-03-03,48.907804539990394
2010-03-04,45.49405824935306
2010-03-05,46.024222801879844
2010-03-06,59.18268476487688
2010-03-07,43.74099037755154
2010-03-08,55.33773827362219
2010-03-09,45.179210102120074
2010-03-10,44.77988083412174
2010-03-11,60.079705595495376
2010-03-12,47.071364662867694
2010-03-13,53.388132977022096
2010-03-14,45.02247614123808
2010-03-15,63.00290199635058
2010-03-16,48.46359436912246
2010-03-17,53.600402428200425
2010-03-18,53.479288448784374
2010-03-19,65.28996605172841
2010-03-20,63.964102874156026
2010-03-21,30.879509161581087
2010-03-22,56.263802308201385
2010-03-23,65.71775305432598
2010-03-24,63.98643859609072
2010-03-25,62.88778704643816
2010-03-26,70.65509273134342
2010-03-27,65.75644874596581
2010-03-28,28.515968945590718
2010-03-29,58.8248569013152
2010-03-30,53.01798269595083
2010-03-31,44.400416471036024
2010-04-01,46.40162199004224
2010-04-02,59.153668312395254
2010-04-03,57.58822307598952
2010-04-04,24.649867297967315
2010-04-05,49.12311558185819
2010-04-06,48.90917943946663
2010-04-07,55.880652876842035
2010-04-08,24.19829956935328
2010-04-09,45.451062402190914
2010-04-10,23.036332022796728
2010-04-11,63.50140787309941
2010-04-12,47.55452364243858
2010-04-13,47.62181045466045
2010-04-14,51.6339681812873
2010-04-15,50.197259092659635
2010-04-16,46.80334376691552
2010-04-17,54.52356693404051
2010-04-18,53.34802758805982
2010-04-19,51.25079175495283
2010-04-20,61.21367440819587
2010-04-21,48.58865903542868
2010-04-22,49.90388707701348
2010-04-23,63.18970384771738
2010-04-24,24.163742789126733
2010-04-25,22.937705767735135
2010-04-26,53.59248742276161
2010-04-27,54.39387585892972
2010-04-28,40.59980798281401
2010-04-29,49.30315140881518
2010-04-30,49.633356735955964
2010-05-01,45.664027972080824
2010-05-02,55.35990895112511
2010-05-03,55.67859157021458
2010-05-04,51.5889774235623
2010-05-05,47.567554432000804
2010-05-06,61.69933380031145
2010-05-07,53.15874568035045
2010-05-08,27.496635096995202
2010-05-09,28.0006402543783
2010-05-10,46.95277274169152
2010-05-11,54.188390870452906
2010-05-12,65.22713391969279
2010-05-13,67.93427617088378
2010-05-14,62.933082478283154
2010-05-15,27.080110287694563
2010-05-16,26.269261810233033
2010-05-17,47.4691293678345
2010-05-18,51.3761490041301
2010-05-19,58.000221736674135
2010-05-20,50.06210418201388
2010-05-21,55.49508097399422
2010-05-22,23.938662990247323
2010-05-23,23.97264519664351
2010-05-24,58.97086759275258
2010-05-25,24.183512813879993
2010-05-26,47.41775447526511
2010-05-27,58.51669648757809
2010-05-28,60.0870322013356
2010-05-29,25.17686087516929
2010-05-30,25.544283896662957
2010-05-31,52.989554745503284
2010-06-01,25.861533723415782
2010-06-02,50.51122365267696
2010-06-03,56.97111831776504
2010-06-04,52.2245388734416
2010-06-05,24.72214648152797
2010-06-06,51.05664948718937
2010-06-07,23.284717624434375
2010-06-08,49.02112053897652
2010-06-09,48.06096847669157
2010-06-10,42.129001669472466
2010-06-11,44.79586542374592
2010-06-12,17.591311229841644
2010-06-13,16.092658362926834
2010-06-14,50.73999548350079
2010-06-15,44.31390593611755
2010-06-16,47.622527634404264
2010-06-17,51.71288473510761
2010-06-18,37.51513869173246
2010-06-19,57.9413767404708
2010-06-20,56.18496715176238
2010-06-21,55.222930128543226
2010-06-22,56.263917408409156
2010-06-23,59.039339716400846
2010-06-24,64.84737854935278
2010-06-25,64.32528724758522
2010-06-26,30.724328749796836
2010-06-27,66.49065087732741
2010-06-28,49.43943246481376
2010-06-29,63.8181762037082
2010-06-30,59.57974712695675
2010-07-01,65.46319769314479
2010-07-02,59.25998649493927
2010-07-03,24.541402864033444
2010-07-04,24.38116161225066
2010-07-05,44.10535090380117
2010-07-06,72.88086996361699
2010-07-07,24.759150690406575
2010-07-08,58.11833576112036
2010-07-09,59.69295039961645
2010-07-10,67.33342170567782
2010-07-11,27.26679938486304
2010-07-12,47.18473360829191
2010-07-13,53.85876888061149
2010-07-14,58.30106548718848
2010-07-15,49.230873870323116
2010-07-16,24.857598854681
2010-07-17,23.05232826165395
2010-07-18,63.33254943267363
2010-07-19,48.03440323387059
2010-07-20,44.17091385759683
2010-07-21,65.84301825679373
2010-07-22,37.48760031085796
2010-07-23,40.21862116082217
2010-07-24,19.960106714599295
2010-07-25,21.92458498279327
2010-07-26,53.48185404227373
2010-07-27,49.05136583406359
2010-07-28,52.0998180837796
2010-07-29,69.56576707005844
2010-07-30,66.84596115395946
2010-07-31,33.77877275964542
2010-08-01,35.765690417237735
2010-08-02,37.099223361197716
2010-08-03,64.59353424125655
2010-08-04,63.232586494327066
2010-08-05,74.3791285239808
2010-08-06,81.4253901372465
2010-08-07,33.96611733206095
2010-08-08,31.379341977390304
2010-08-09,58.03314740663242
2010-08-10,63.25713379757739
2010-08-11,57.79142870986314
2010-08-12,54.06689475571212
2010-08-13,47.786103532922894
2010-08-14,24.221409776292674
2010-08-15,46.133174150784285
2010-08-16,60.923666077954245
2010-08-17,59.59514483509125
2010-08-18,57.904847908367806
2010-08-19,52.31634983902324
2010-08-20,50.12632593782921
2010-08-21,47.61929123151819
2010-08-22,48.55549557525578
2010-08-23,39.76659952997692
2010-08-24,35.89760550951986
2010-08-25,47.09292383372248
2010-08-26,47.5542102614647
2010-08-27,44.19247345626792
2010-08-28,44.438683367249425
2010-08-29,18.927079226963144
2010-08-30,54.36805171274506
2010-08-31,47.75761374365372
2010-09-01,44.1292338110493
2010-09-02,75.74614656422351
2010-09-03,43.14079037968316
2010-09-04,22.54775456505311
2010-09-05,21.174184675992716
2010-09-06,43.16204683537451
2010-09-07,35.475289531296156
2010-09-08,45.364964496702314
2010-09-09,53.87142366309258
2010-09-10,45.45781048646789
2010-09-11,20.33073210104855
2010-09-12,21.423151132691164
2010-09-13,49.570062918904725
2010-09-14,48.18866012598792
2010-09-15,56.49297695383599
2010-09-16,54.070228473120345
2010-09-17,47.90373584546402
2010-09-18,45.872117815691595
2010-09-19,51.73562423087398
2010-09-20,38.49376238621888
2010-09-21,55.20883990301573
2010-09-22,45.270501831276036
2010-09-23,42.741377803230606
2010-09-24,49.23300347213029
2010-09-25,48.79530802779411
2010-09-26,26.965792030893105
2010-09-27,47.558430868047395
2010-09-28,65.08866380020488
2010-09-29,71.09592865810843
2010-09-30,75.78661790092525
2010-10-01,63.179669649912476
2010-10-02,27.6316989080541
2010-10-03,51.59961319446141
2010-10-04,39.0011335021256
2010-10-05,55.237748370914524
2010-10-06,45.65154027151628
2010-10-07,52.11144508267478
2010-10-08,50.10352625435308
2010-10-09,55.309265322846564
2010-10-10,28.142735250371654
2010-10-11,59.83502151521252
2010-10-12,59.23105622013078
2010-10-13,58.20343336767558
2010-10-14,56.48356368443355
2010-10-15,56.48875064826205
2010-10-16,26.34640025182393
2010-10-17,53.34802697623689
2010-10-18,43.18556140938545
2010-10-19,47.96532296164257
2010-10-20,32.32305705148819
2010-10-21,50.06614849735273
2010-10-22,43.0760102671574
2010-10-23,48.34909330546401
2010-10-24,21.857417178379816
2010-10-25,50.285168750744944
2010-10-26,52.735324370256485
2010-10-27,58.69072218226209
2010-10-28,56.21980014635648
2010-10-29,59.82637913208238
2010-10-30,27.47623755003235
2010-10-31,27.122462057925777
2010-11-01,26.634449055986128
2010-11-02,58.38829705787404
2010-11-03,56.62439849092853
2010-11-04,54.64782349185233
2010-11-05,62.844024041096034
2010-11-06,54.743182709275736
2010-11-07,49.714718389671404
2010-11-08,60.082552188942365
2010-11-09,50.76479260366675
2010-11-10,41.761010291173655
2010-11-11,38.27770504599178
2010-11-12,49.157662243478605
2010-11-13,46.88081151958017
2010-11-14,50.78558069724875
2010-11-15,53.147723176348464
2010-11-16,49.669810555477774
2010-11-17,51.632592391257205
2010-11-18,54.73864028345572
2010-11-19,45.021311915805185
2010-11-20,50.413891920933374
2010-11-21,61.784344936803464
2010-11-22,81.28546323720455
2010-11-23,54.66221320895717
2010-11-24,62.49137744757554
2010-11-25,58.03842204848716
2010-11-26,66.55073889008581
2010-11-27,53.111722179987694
2010-11-28,56.93540611651917
2010-11-29,44.67053504877415
2010-11-30,52.845250424405236
2010-12-01,57.28651745919474
2010-12-02,46.168618623820336
2010-12-03,43.127410146261866
2010-12-04,55.683391733109346
2010-12-05,47.84560049214452
2010-12-06,52.32249624160042
2010-12-07,55.271400944975156
2010-12-08,60.94842157932477
2010-12-09,51.3374159854393
2010-12-10,52.18163316717502
2010-12-11,22.862110411554962
2010-12-12,20.93959548879684
2010-12-13,42.29319814822969
2010-12-14,45.42587535401797
2010-12-15,45.51292116071989
2010-12-16,37.71972861219386
2010-12-17,41.20566601527601
2010-12-18,47.73399559261972
2010-12-19,50.18710154980559
2010-12-20,35.32762332477324
2010-12-21,48.054734784013256
2010-12-22,45.09457152106134
2010-12-23,51.914906367841404
2010-12-24,46.65670445136108
2010-12-25,22.708537459007097
2010-12-26,24.614903663147295
2010-12-27,50.52081970664373
2010-12-28,53.06504337400318
2010-12-29,63.403930602980765
2010-12-30,62.1095238112096
2010-12-31,63.05893555686263
2011-01-01,45.48126188171712
2011-01-02,47.15985493701132
2011-01-03,46.11368049248745
2011-01-04,48.07264308835747
2011-01-05,42.81657645630206
2011-01-06,51.0130809817709
2011-01-07,41.91901500135441
2011-01-08,46.566770169285505
2011-01-09,44.089025865126104
2011-01-10,42.45377298441214
2011-01-11,43.30353824864642
2011-01-12,40.71902724385959
2011-01-13,46.92105199837151
2011-01-14,51.16604149676083
2011-01-15,46.33637994856572
2011-01-16,41.83269198390239
2011-01-17,52.30449967801336
2011-01-18,63.51657143668484
2011-01-19,47.93850654499938
2011-01-20,56.23037446347749
2011-01-21,44.26089119256518
2011-01-22,44.03350191738033
2011-01-23,62.28359923682392
2011-01-24,55.0675933680056
2011-01-25,52.095590307043274
2011-01-26,51.2601972749231
2011-01-27,42.355021811469854
2011-01-28,55.28300323254139
2011-01-29,54.948476232788806
2011-01-30,54.60184506176927
2011-01-31,51.43924879227285
2011-02-01,55.129901335754795
2011-02-02,50.99084026974796
2011-02-03,41.34983931974227
2011-02-04,46.716100068633295
2011-02-05,43.977171032574326
2011-02-06,41.617718547318276
2011-02-07,49.87520046763646
2011-02-08,56.55979583548095
2011-02-09,46.7544695141099
2011-02-10,52.541866095777145
2011-02-11,51.036801943988635
2011-02-12,45.014699564317766
2011-02-13,39.89210934900211
2011-02-14,50.694725432559366
2011-02-15,53.92098622133754
2011-02-16,44.06481157483953
2011-02-17,42.25522448143835
2011-02-18,53.90877533029526
2011-02-19,49.59427775972253
2011-02-20,43.42644253164295
2011-02-21,34.82978953096232
2011-02-22,54.671424706643634
2011-02-23,45.473243140986824
2011-02-24,44.197261260320815
2011-02-25,41.0296401577307
2011-02-26,39.17279042619799
2011-02-27,44.80426539456879
2011-02-28,36.46757063970419
2011-03-01,42.09599079410965
2011-03-02,47.45525442225353
2011-03-03,60.06586123277941
2011-03-04,52.53170514279812
2011-03-05,47.95146383088134
2011-03-06,47.62676224574453
2011-03-07,60.1355204989468
2011-03-08,58.191822980708054
2011-03-09,51.8987585833763
2011-03-10,55.226413078498894
2011-03-11,57.028331537486
2011-03-12,43.60646092231863
2011-03-13,35.50788079155187
2011-03-14,46.4793945516986
2011-03-15,65.28501751884015
2011-03-16,54.85942969711421
2011-03-17,37.80889509570239
2011-03-18,41.43999003554703
2011-03-19,36.83460254123469
2011-03-20,37.69078565553849
2011-03-21,45.952965272713854
2011-03-22,38.98732977371963
2011-03-23,50.853065339086854
2011-03-24,51.833179068374974
2011-03-25,47.8641826400723
2011-03-26,49.42105778853711
2011-03-27,41.68662949642206
2011-03-28,41.005764053543615
2011-03-29,52.21306841709484
2011-03-30,43.16735930704722
2011-03-31,56.75339101727583
2011-04-01,52.011299059295446
2011-04-02,47.434156836575326
2011-04-03,29.816324977219114
2011-04-04,38.09188760690241
2011-04-05,29.03518866126301
2011-04-06,27.263468258679946
2011-04-07,34.39170550279727
2011-04-08,37.67912707492124
2011-04-09,11.134555416604769
2011-04-10,36.26794867600516
2011-04-11,40.86604271765407
2011-04-12,45.02826830783183
2011-04-13,46.650676127355105
2011-04-14,49.22492675093507
2011-04-15,52.39290115016939
2011-04-16,47.69403714961229
2011-04-17,51.69134005948414
2011-04-18,48.02685651872761
2011-04-19,42.29619642872004
2011-04-20,47.477731313608246
2011-04-21,35.7139324855148
2011-04-22,58.92172948403987
2011-04-23,16.483447633795567
2011-04-24,55.61700087766661
2011-04-25,42.05546400104319
2011-04-26,58.3452742825715
2011-04-27,50.63428202268355
2011-04-28,40.54392388567508
2011-04-29,40.16071725798259
2011-04-30,46.88829914593175
2011-05-01,34.404920568774045
2011-05-02,36.18013755603104
2011-05-03,40.08266784081328
2011-05-04,40.69596103596054
2011-05-05,46.55289181287756
2011-05-06,43.9932851025598
2011-05-07,41.24354832670396
2011-05-08,42.62177060008986
2011-05-09,40.877268477116004
2011-05-10,37.35298833087475
2011-05-11,48.02999204200442
2011-05-12,45.69123304856341
2011-05-13,53.52491878251923
2011-05-14,45.3883597825334
2011-05-15,18.10324962206204
2011-05-16,51.97215288904154
2011-05-17,36.82870182547232
2011-05-18,57.50234255038939
2011-05-19,55.037729134473146
2011-05-20,39.76521831846653
2011-05-21,41.728930962977074
2011-05-22,41.00505236348549
2011-05-23,45.49237027640288
2011-05-24,47.11254572410334
2011-05-25,42.10532885586455
2011-05-26,44.571656624572356
2011-05-27,46.85673468410161
2011-05-28,13.327719174815638
2011-05-29,41.84063607011509
2011-05-30,14.145811812667013
2011-05-31,47.21387580065415
2011-06-01,39.15996292968845
2011-06-02,52.13925471225653
2011-06-03,47.07201158437917
2011-06-04,45.95500650619944
2011-06-05,36.477897692557775
2011-06-06,47.32111293384925
2011-06-07,47.35928735949975
2011-06-08,53.92675958601225
2011-06-09,46.23196494146757
2011-06-10,39.718786758791104
2011-06-11,13.705850834752614
2011-06-12,41.8761483665955
2011-06-13,36.57246708662865
2011-06-14,46.85711461579959
2011-06-15,48.422761541292424
2011-06-16,44.44771428690055
2011-06-17,43.213475506031884
2011-06-18,46.600170127487786
2011-06-19,45.899307417728494
2011-06-20,38.542981457521066
2011-06-21,50.49137873917887
2011-06-22,29.3902512915513
2011-06-23,45.35173032784567
2011-06-24,48.07042196224741
2011-06-25,11.627461128737632
2011-06-26,12.167907377866726
2011-06-27,49.83018062370178
2011-06-28,38.218063979215906
2011-06-29,50.29831056276559
2011-06-30,56.07845130490759
2011-07-01,37.74206427221643
2011-07-02,46.579241350221785
2011-07-03,34.19914810105871
2011-07-04,46.727118718586276
2011-07-05,44.263872004826695
2011-07-06,32.904318440768144
2011-07-07,39.89993911185603
2011-07-08,9.425486181360586
2011-07-09,36.472033351441496
2011-07-10,37.77690527609902
2011-07-11,36.73952584864078
2011-07-12,38.86597521053068
2011-07-13,30.995378875575355
2011-07-14,49.74540804159913
2011-07-15,46.54616875870153
2011-07-16,43.24292208500085
2011-07-17,43.77497739156787
2011-07-18,42.93077995140318
2011-07-19,51.839567434284255
2011-07-20,50.48110846755806
2011-07-21,68.22116381907176
2011-07-22,51.08361951026906
2011-07-23,48.282295061830126
2011-07-24,59.54860120068467
2011-07-25,44.875231362172045
2011-07-26,36.09001467228164
2011-07-27,59.11181619993535
2011-07-28,53.77663827298979
2011-07-29,42.511685380816715
2011-07-30,43.581028245815325
2011-07-31,58.64096739776559
2011-08-01,17.33134305895293
2011-08-02,43.469994076151885
2011-08-03,62.26169417669874
2011-08-04,65.43182760900744
2011-08-05,46.38273986910022
2011-08-06,20.992189270065172
2011-08-07,54.63411673309224
2011-08-08,48.34339074986599
2011-08-09,58.97140793020756
2011-08-10,53.16833325687335
2011-08-11,50.98883261836781
2011-08-12,60.44581939460289
2011-08-13,13.586206930195338
2011-08-14,39.42237713753358
2011-08-15,57.936310242386035
2011-08-16,53.19170924379205
2011-08-17,45.780418582107316
2011-08-18,41.18785768879968
2011-08-19,43.759663300489166
2011-08-20,44.25360958198442
2011-08-21,34.54659268547752
2011-08-22,43.41815855515073
2011-08-23,35.593582366506254
2011-08-24,45.228466965352425
2011-08-25,44.07617356375843
2011-08-26,40.68679408972348
2011-08-27,46.206783473816024
2011-08-28,9.872768677726736
2011-08-29,47.69258454501962
2011-08-30,34.861747813524225
2011-08-31,40.318172475856706
2011-09-01,52.28869530295779
2011-09-02,48.054363915126615
2011-09-03,45.92745736497213
2011-09-04,13.474098932885443
2011-09-05,48.681110397308245
2011-09-06,63.98838800926882
2011-09-07,55.60813429693586
2011-09-08,56.97627058058335
2011-09-09,45.1421876330226
2011-09-10,53.41095559344148
2011-09-11,36.65957620661958
2011-09-12,43.173978704802835
2011-09-13,44.88658381692243
2011-09-14,51.2875459353407
2011-09-15,37.084708303065284
2011-09-16,36.16508448702008
2011-09-17,56.324650378769014
2011-09-18,35.243807196918354
2011-09-19,41.67534277130068
2011-09-20,45.206686847809436
2011-09-21,42.738732405773334
2011-09-22,50.24909786983791
2011-09-23,42.85539730424915
2011-09-24,47.63693918082524
2011-09-25,58.237110649993994
2011-09-26,44.92058874977154
2011-09-27,46.63281839594923
2011-09-28,35.08239592610765
2011-09-29,22.98254703740955
2011-09-30,40.14668128903925
2011-10-01,39.92979453500878
2011-10-02,34.19769121421276
2011-10-03,43.07920216880105
2011-10-04,61.08546451634032
2011-10-05,30.077230504247133
2011-10-06,50.47934148734859
2011-10-07,54.08389534124916
2011-10-08,52.60896006717242
2011-10-09,37.32538421421174
2011-10-10,59.597806847864796
2011-10-11,54.20379894888348
2011-10-12,52.21018669390586
2011-10-13,40.45609559093813
2011-10-14,58.82703302452481
2011-10-15,39.19085282554407
2011-10-16,43.05449903748648
2011-10-17,60.58450824079222
2011-10-18,56.73686690680935
2011-10-19,65.64996062155926
2011-10-20,48.56429088461006
2011-10-21,56.48427238856715
2011-10-22,58.01939444335145
2011-10-23,40.38756230590643
2011-10-24,46.62768738986032
2011-10-25,42.89752100845048
2011-10-26,39.22439610459564
2011-10-27,44.20316948891113
2011-10-28,46.015913047388025
2011-10-29,41.439555475919384
2011-10-30,63.06292884713931
2011-10-31,46.278069155176894
2011-11-01,60.119307061040395
2011-11-02,45.329312987513305
2011-11-03,51.727954051977235
2011-11-04,65.88576648675165
2011-11-05,45.985466198736155
2011-11-06,34.88425986301303
2011-11-07,58.64091443729049
2011-11-08,49.9841468157413
2011-11-09,51.66441665289788
2011-11-10,38.1209779119182
2011-11-11,51.65664145494368
2011-11-12,30.54063883960909
2011-11-13,9.86863537349388
2011-11-14,52.862393377102734
2011-11-15,50.653726590591006
2011-11-16,50.71062424718852
2011-11-17,47.11379193115273
2011-11-18,50.88916374303579
2011-11-19,45.88006173268708
2011-11-20,48.532413841022986
2011-11-21,39.75591653778829
2011-11-22,48.392925850607
2011-11-23,48.617549925893144
2011-11-24,49.56182412043108
2011-11-25,45.31678437949733
2011-11-26,44.477287511441425
2011-11-27,41.67154801139691
2011-11-28,50.49569327227472
2011-11-29,43.553617214476574
2011-11-30,55.493336351506116
2011-12-01,48.65037000219359
2011-12-02,41.43985388165016
2011-12-03,34.29566297714614
2011-12-04,55.151081919482564
2011-12-05,43.41723834689036
2011-12-06,47.74322561237362
2011-12-07,56.77598165518648
2011-12-08,52.11714111770446
2011-12-09,38.19842704269012
2011-12-10,36.82033560895117
2011-12-11,40.462367106131694
2011-12-12,52.76026569419589
2011-12-13,38.976485096244105
2011-12-14,52.2469369464834
2011-12-15,47.49338787257119
2011-12-16,44.377950205059875
2011-12-17,47.043097001888754
2011-12-18,24.628609216536013
2011-12-19,31.239108309449325
2011-12-20,30.112298089094885
2011-12-21,50.48997503654451
2011-12-22,41.49168874439674
2011-12-23,44.65924712832826
2011-12-24,36.17773444185825
2011-12-25,48.81504227523013
2011-12-26,40.45268149029046
2011-12-27,54.96023371957299
2011-12-28,65.12065239999045
2011-12-29,60.19036651889506
2011-12-30,59.3287443815114
2011-12-31,53.197143492536476
2012-01-01,43.46219474077229
2012-01-02,42.644094723877956
2012-01-03,44.83387938775953
2012-01-04,46.43658458506597
2012-01-05,49.17737989033938
2012-01-06,47.901417289825446
2012-01-07,45.47020560249332
2012-01-08,44.43534294101291
2012-01-09,48.96957826016177
2012-01-10,44.03191213937785
2012-01-11,52.721022258057104
2012-01-12,56.36995398056041
2012-01-13,41.01206499368245
2012-01-14,52.03894282076004
2012-01-15,48.067178350357885
2012-01-16,49.7993789341768
2012-01-17,43.78542008959265
2012-01-18,42.38040848162044
2012-01-19,41.824094254900565
2012-01-20,46.97174508257476
2012-01-21,48.112825619600606
2012-01-22,36.494080258961105
2012-01-23,43.27890091906257
2012-01-24,57.90277610904546
2012-01-25,45.53862979299343
2012-01-26,43.788960515602724
2012-01-27,53.728125377234534
2012-01-28,37.753625837854244
2012-01-29,43.674352898361775
2012-01-30,50.57602053501624
2012-01-31,38.6105699922397
2012-02-01,49.20961871567786
2012-02-02,52.59778006707573
2012-02-03,48.48580406189951
2012-02-04,45.84732725726265
2012-02-05,38.92489749362325
2012-02-06,49.85282769008179
2012-02-07,40.89432466269743
2012-02-08,46.56311029021142
2012-02-09,51.81818515732316
2012-02-10,43.63296940743715
2012-02-11,43.09172115484439
2012-02-12,38.286982525751114
2012-02-13,36.21405148491044
2012-02-14,49.22114779166695
2012-02-15,48.76205231161816
2012-02-16,41.32078562704223
2012-02-17,41.40116860633542
2012-02-18,47.92884414866374
2012-02-19,39.871205923556644
2012-02-20,46.84400856529534
2012-02-21,54.2607883502923
2012-02-22,49.76643861845377
2012-02-23,55.922458491634416
2012-02-24,57.6878485553791
2012-02-25,54.52543025589716
2012-02-26,34.6172754823223
2012-02-27,42.215612427260766
2012-02-28,40.255121102719116
2012-02-29,43.23962237129082
2012-03-01,38.81400957203432
2012-03-02,62.41988404582255
2012-03-03,42.07532001395808
2012-03-04,40.63020789588461
2012-03-05,35.976683552462774
2012-03-06,46.91599624628573
2012-03-07,52.49818250888305
2012-03-08,38.75660002125035
2012-03-09,46.516818635876746
2012-03-10,33.341732847460776
2012-03-11,33.610769897600676
2012-03-12,45.145568278972306
2012-03-13,42.69873611254688
2012-03-14,52.592022377533254
2012-03-15,37.801428505735274
2012-03-16,43.36730989994823
2012-03-17,28.464096711258584
2012-03-18,38.879373474577434
2012-03-19,60.6055225624896
2012-03-20,38.22362350074372
2012-03-21,54.63823260393188
2012-03-22,45.7460428309638
2012-03-23,56.26716852030367
2012-03-24,37.273596687150615
2012-03-25,40.87164674141508
2012-03-26,50.751114003207476
2012-03-27,57.82472799198825
2012-03-28,46.38001610335937
2012-03-29,43.94737905363367
2012-03-30,54.36282264981385
2012-03-31,41.31169948565611
2012-04-01,29.25285088126158
2012-04-02,44.79038757226162
2012-04-03,49.25434082182771
2012-04-04,55.07557324121795
2012-04-05,37.81934768479407
2012-04-06,53.710352450650234
2012-04-07,42.76364938393285
2012-04-08,39.090076448776784
2012-04-09,39.98135747744928
2012-04-10,38.45417131137414
2012-04-11,53.93647552900203
2012-04-12,46.40846811055123
2012-04-13,47.92180257668316
2012-04-14,34.516938186851476
2012-04-15,43.04570090059596
2012-04-16,34.482210194746926
2012-04-17,32.29703659411081
2012-04-18,42.28551023007326
2012-04-19,45.6257211151727
2012-04-20,46.75972265158217
2012-04-21,41.6586757092158
2012-04-22,32.47129448906328
2012-04-23,48.08693959312887
2012-04-24,39.21947899863791
2012-04-25,46.69448255533432
2012-04-26,49.427692150585315
2012-04-27,35.06400112009838
2012-04-28,50.337943368157944
2012-04-29,45.322904756772516
2012-04-30,12.752958406095946
2012-05-01,49.34090414161708
2012-05-02,43.46065959686346
2012-05-03,38.72010403071077
2012-05-04,35.50490409694508
2012-05-05,52.61630906671948
2012-05-06,39.55953518081272
2012-05-07,39.44351341772169
2012-05-08,34.00417305668056
2012-05-09,42.04276336702772
2012-05-10,37.77471392067143
2012-05-11,39.64315495427148
2012-05-12,39.59040820970765
2012-05-13,44.24167581072288
2012-05-14,24.565964137881338
2012-05-15,44.432425477966454
2012-05-16,37.079407657440775
2012-05-17,36.05302247049566
2012-05-18,30.978148294437894
2012-05-19,35.435760796604086
2012-05-20,33.62385761074766
2012-05-21,37.53285546665771
2012-05-22,35.34482625051993
2012-05-23,45.8610192331747
2012-05-24,53.18990229455331
2012-05-25,44.304895580479915
2012-05-26,38.14154299863565
2012-05-27,43.60805551875572
2012-05-28,45.96047839358897
2012-05-29,43.32213015237848
2012-05-30,50.18994475604898
2012-05-31,40.266277391400195
2012-06-01,49.74869808160469
2012-06-02,9.164422874641755
2012-06-03,33.36635803851795
2012-06-04,45.68669161062135
2012-06-05,48.81131634568227
2012-06-06,55.632517457377624
2012-06-07,45.20033147070207
2012-06-08,24.49807954714733
2012-06-09,37.03722428264603
2012-06-10,48.16974916639977
2012-06-11,43.492350036097505
2012-06-12,45.83511529745286
2012-06-13,44.49579536086259
2012-06-14,47.428764920382065
2012-06-15,37.25836393493194
2012-06-16,38.40555574339649
2012-06-17,50.67062011636111
2012-06-18,50.849968724953
2012-06-19,42.50413119089991
2012-06-20,38.525392732182965
2012-06-21,43.97218470074691
2012-06-22,52.8012483991338
2012-06-23,42.27202518786107
2012-06-24,31.05146969792277
2012-06-25,48.76458275897308
2012-06-26,50.601720268856525
2012-06-27,46.679744938143216
2012-06-28,42.38765952704351
2012-06-29,41.00363058026196
2012-06-30,50.61977087750388
2012-07-01,44.790367157312886
2012-07-02,48.1295355146086
2012-07-03,47.276681230342234
2012-07-04,48.19586359822394
2012-07-05,41.575987740241956
2012-07-06,43.35335065635248
2012-07-07,10.911787329455994
2012-07-08,29.304568279209917
2012-07-09,37.656256055082295
2012-07-10,36.86214824257834
2012-07-11,38.7401729549604
2012-07-12,51.16894893280849
2012-07-13,46.76614390871566
2012-07-14,12.777210753125246
2012-07-15,50.425871736302895
2012-07-16,44.630039569789496
2012-07-17,53.04343523596255
2012-07-18,48.8381222722697
2012-07-19,59.81309067414189
2012-07-20,53.73762740438419
2012-07-21,18.12233116068433
2012-07-22,41.8702520727295
2012-07-23,47.60057053444959
2012-07-24,51.83152697873425
2012-07-25,32.00162227694803
2012-07-26,59.42130902808009
2012-07-27,44.24747463967117
2012-07-28,40.71449200830818
2012-07-29,32.2008171367069
2012-07-30,47.352889548904955
2012-07-31,47.93117203363262
2012-08-01,40.75370004185015
2012-08-02,50.46143465425936
2012-08-03,43.74930573332346
2012-08-04,38.881383999461676
2012-08-05,42.97528524836689
2012-08-06,56.83318345580641
2012-08-07,51.85032079973032
2012-08-08,57.70581220311867
2012-08-09,59.627247524390505
2012-08-10,52.69049004790539
2012-08-11,44.0131555693896
2012-08-12,45.15146983454767
2012-08-13,46.6959546016425
2012-08-14,52.4963894825421
2012-08-15,52.497893913087964
2012-08-16,46.077203039970556
2012-08-17,56.536158221042804
2012-08-18,33.82762448796898
2012-08-19,53.55948284438249
2012-08-20,42.64150748460675
2012-08-21,43.73462830647435
2012-08-22,49.855524150429744
2012-08-23,45.918430721839265
2012-08-24,51.798954393396826
2012-08-25,39.60857540890619
2012-08-26,32.35644168893801
2012-08-27,46.64198185674651
2012-08-28,43.43710813930085
2012-08-29,40.52036449106801
2012-08-30,46.43495593738711
2012-08-31,50.25136504652248
2012-09-01,42.34169933203238
2012-09-02,36.40277530290693
2012-09-03,42.2506670760542
2012-09-04,51.02192856377586
2012-09-05,42.70665875982195
2012-09-06,51.68428489996565
2012-09-07,56.46766495749847
2012-09-08,37.18119256500198
2012-09-09,48.07990133195918
2012-09-10,53.21901130395932
2012-09-11,52.56753140979744
2012-09-12,40.8156582844158
2012-09-13,53.38618519728085
2012-09-14,65.03172027062446
2012-09-15,38.85222921735754
2012-09-16,32.89054312537728
2012-09-17,51.44178040289093
2012-09-18,39.17655033493713
2012-09-19,41.39691069376178
2012-09-20,37.152898004304156
2012-09-21,40.769273613945316
2012-09-22,37.025978590857946
2012-09-23,31.831976993511503
2012-09-24,43.86537444637795
2012-09-25,56.473635883924416
2012-09-26,55.12539281937654
2012-09-27,50.109680567473376
2012-09-28,48.29962981890506
2012-09-29,62.132990086013194
2012-09-30,37.35472775988537
2012-10-01,50.175325413174804
2012-10-02,45.605482327858724
2012-10-03,49.60882845100225
2012-10-04,41.369694947763286
2012-10-05,43.44958094241118
2012-10-06,56.78854890194657
2012-10-07,37.47225230791203
2012-10-08,44.68956305096357
2012-10-09,63.399481714754444
2012-10-10,59.222581058344844
2012-10-11,50.64675619847793
2012-10-12,51.19100066153357
2012-10-13,39.88124680266374
2012-10-14,42.17149364087807
2012-10-15,42.57261228515155
2012-10-16,45.62995969969819
2012-10-17,51.074946611645835
2012-10-18,44.67234142921299
2012-10-19,41.73173284333616
2012-10-20,40.91017448074152
2012-10-21,33.07563097626907
2012-10-22,45.127241269705664
2012-10-23,44.565703047541604
2012-10-24,47.77496210244378
2012-10-25,54.755018437145324
2012-10-26,57.96471162593737
2012-10-27,46.1646135354555
2012-10-28,52.10195503966587
2012-10-29,41.14680633267881
2012-10-30,62.158311354653414
2012-10-31,59.31810917488334
2012-11-01,47.64309504508733
2012-11-02,54.850643863574305
2012-11-03,41.10001312736352
2012-11-04,45.60523703007958
2012-11-05,44.79953838995898
2012-11-06,42.443167058551964
2012-11-07,45.11656028305988
2012-11-08,57.8333845338377
2012-11-09,53.33182836810133
2012-11-10,40.18953133352997
2012-11-11,36.587921298012986
2012-11-12,43.95421744810571
2012-11-13,56.296812863467835
2012-11-14,53.946708315715156
2012-11-15,54.96136738627591
2012-11-16,54.02409980739171
2012-11-17,37.14071564236865
2012-11-18,45.315844258239814
2012-11-19,49.88496624939661
2012-11-20,61.054474083274144
2012-11-21,53.03979732547722
2012-11-22,39.80757829203037
2012-11-23,53.051351472037005
2012-11-24,51.945547016019475
2012-11-25,43.45971227415186
2012-11-26,52.94766378693909
2012-11-27,54.6110573131522
2012-11-28,55.43321401376373
2012-11-29,50.04234837949615
2012-11-30,48.61386180531932
2012-12-01,38.183156574825574
2012-12-02,35.6253888589459
2012-12-03,37.42258684597722
2012-12-04,38.337259668294216
2012-12-05,37.83222877174177
2012-12-06,42.353636767842204
2012-12-07,42.76944829332018
2012-12-08,41.765556104051186
2012-12-09,46.86245990607529
2012-12-10,47.71735189545166
2012-12-11,53.617222780695116
2012-12-12,53.80817119708849
2012-12-13,37.00944757737746
2012-12-14,51.532686957217884
2012-12-15,52.23423037164727
2012-12-16,44.093309769111144
2012-12-17,50.04700465038807
2012-12-18,54.87525608138633
2012-12-19,44.163772954403385
2012-12-20,61.424017870658645
2012-12-21,40.49349934322875
2012-12-22,45.47552441230384
2012-12-23,47.89962989692285
2012-12-24,36.724376766814146
2012-12-25,37.54838902975523
2012-12-26,34.538673251164994
2012-12-27,48.72783576063219
2012-12-28,44.124913664337576
2012-12-29,32.50995710263291
2012-12-30,38.086991922511274
2012-12-31,47.19601495336461
2013-01-01,27.472018516333794
2013-01-02,32.11091003606817
2013-01-03,52.11494878680695
2013-01-04,47.598627386563734
2013-01-05,36.333602885164126
2013-01-06,47.86469556498818
2013-01-07,60.083723531037336
2013-01-08,55.263794611648024
2013-01-09,59.72321433467877
2013-01-10,49.29583482456469
2013-01-11,49.721461636122115
2013-01-12,48.76895238256742
2013-01-13,37.67816454736651
2013-01-14,51.71426479789637
2013-01-15,36.043719539999955
2013-01-16,40.08695543452222
2013-01-17,52.02604436407438
2013-01-18,43.927701700092406
2013-01-19,51.78289033169776
2013-01-20,13.27889838873882
2013-01-21,45.39994027573573
2013-01-22,68.64359050200821
2013-01-23,52.927850233119116
2013-01-24,48.33428895763224
2013-01-25,46.55729985402027
2013-01-26,46.0679901254223
2013-01-27,42.69289564686021
2013-01-28,57.488464565083646
2013-01-29,46.87092178436497
2013-01-30,53.42544125041784
2013-01-31,46.367559868973046
2013-02-01,53.27244323825941
2013-02-02,36.351702468573365
2013-02-03,23.09097340050546
2013-02-04,41.63077174756985
2013-02-05,34.3586979554435
2013-02-06,36.23612269773864
2013-02-07,32.7144602249291
2013-02-08,39.619817067658744
2013-02-09,30.72341745565387
2013-02-10,38.125123240711176
2013-02-11,56.237518629306294
2013-02-12,48.61510503144632
2013-02-13,52.88104170379764
2013-02-14,55.56454345405853
2013-02-15,58.83498519944127
2013-02-16,50.42679003241079
2013-02-17,56.39311765948436
2013-02-18,54.597256783691265
2013-02-19,50.59005242753341
2013-02-20,62.99369434206399
2013-02-21,50.62449365296014
2013-02-22,53.05460358650048
2013-02-23,53.91385215571607
2013-02-24,41.85950765847026
2013-02-25,53.30105759693038
2013-02-26,41.297360931727624
2013-02-27,46.09548753241109
2013-02-28,49.87557201575932
2013-03-01,41.16058804346534
2013-03-02,45.62566836111162
2013-03-03,40.84360848114301
2013-03-04,47.27506800700084
2013-03-05,45.044440567132476
2013-03-06,49.32702021763205
2013-03-07,40.918673771920965
2013-03-08,54.19882847040344
2013-03-09,38.538405918084436
2013-03-10,32.27335998330821
2013-03-11,40.629785454834476
2013-03-12,51.163045908638864
2013-03-13,47.34457055422135
2013-03-14,36.36428768551525
2013-03-15,50.45291034092979
2013-03-16,37.325059593429856
2013-03-17,36.55288867118878
2013-03-18,44.28096083574947
2013-03-19,50.48194314364369
2013-03-20,53.365240427322945
2013-03-21,48.63342427880387
2013-03-22,48.1044228132767
2013-03-23,35.84193902742095
2013-03-24,38.525840938336316
2013-03-25,36.269972900211805
2013-03-26,45.74064378708576
2013-03-27,43.07817297913779
2013-03-28,45.05561637625939
2013-03-29,46.218545612095824
2013-03-30,33.585145718467295
2013-03-31,46.279921131411214
2013-04-01,46.127317859754825
2013-04-02,36.99460465342764
2013-04-03,53.082149235347146
2013-04-04,52.35573001456133
2013-04-05,37.501239747745515
2013-04-06,46.03164722176743
2013-04-07,43.34370079527814
2013-04-08,40.550699718411295
2013-04-09,42.02238489037603
2013-04-10,47.61413131812806
2013-04-11,41.57214496940142
2013-04-12,43.50344294192081
2013-04-13,32.39607961919612
2013-04-14,38.64196454021964
2013-04-15,42.535563166356255
2013-04-16,47.29994680024642
2013-04-17,42.99731225832923
2013-04-18,53.532105041147005
2013-04-19,46.405022835488026
2013-04-20,32.89681520706418
2013-04-21,41.74653461240761
2013-04-22,43.505473553193
2013-04-23,46.49989956436731
2013-04-24,43.7671522031722
2013-04-25,50.28624874435579
2013-04-26,40.62385088656211
2013-04-27,44.018311665841
2013-04-28,37.119581393932336
2013-04-29,40.26984793318827
2013-04-30,43.30748370094885
2013-05-01,28.46083164902404
2013-05-02,42.30550956355586
2013-05-03,30.94460286404378
2013-05-04,28.086065603088173
2013-05-05,23.47874043747665
2013-05-06,33.887193659387655
2013-05-07,44.18089609202692
2013-05-08,41.736151796678826
2013-05-09,34.38681463547384
2013-05-10,33.25179191588199
2013-05-11,27.446331085207387
2013-05-12,42.98571387303984
2013-05-13,47.730739284653794
2013-05-14,57.841528718729805
2013-05-15,64.09651705810305
2013-05-16,54.319657152545766
2013-05-17,49.639971994804526
2013-05-18,16.797156324821795
2013-05-19,37.35282007978353
2013-05-20,27.27659274808023
2013-05-21,54.432031225945636
2013-05-22,41.420659341827474
2013-05-23,34.84271636517097
2013-05-24,43.310276366483
2013-05-25,47.626093062555505
2013-05-26,43.99548207958798
2013-05-27,62.33390144707273
2013-05-28,36.24126147209583
2013-05-29,47.23440721191899
2013-05-30,38.909590854195955
2013-05-31,42.781287366504316
2013-06-01,43.495143177884444
2013-06-02,40.665782611463996
2013-06-03,45.386657670117145
2013-06-04,46.55607830901724
2013-06-05,49.41153539727803
2013-06-06,54.17685333131223
2013-06-07,45.27385414066465
2013-06-08,14.197210776105479
2013-06-09,34.003206120854884
2013-06-10,45.981473968154944
2013-06-11,49.384785178814795
2013-06-12,41.468708312332865
2013-06-13,51.45437914096727
2013-06-14,42.142183035298245
2013-06-15,35.60120544470834
2013-06-16,33.39821714935357
2013-06-17,42.099401165129585
2013-06-18,45.186517059732424
2013-06-19,30.170163531964743
2013-06-20,35.05572303687399
2013-06-21,45.742258624690194
2013-06-22,31.073414355902244
2013-06-23,31.747352343876013
2013-06-24,42.92802113360206
2013-06-25,42.57732633890252
2013-06-26,37.554624838022384
2013-06-27,40.256344722707155
2013-06-28,39.81839415074208
2013-06-29,39.284784908391664
2013-06-30,9.916464539953033
2013-07-01,40.975387777952456
2013-07-02,47.23349554298635
2013-07-03,52.46093869838251
2013-07-04,47.301857489778584
2013-07-05,47.065840609703066
2013-07-06,34.8765285937734
2013-07-07,34.77266158059394
2013-07-08,39.598145208637234
2013-07-09,48.56442890905023
2013-07-10,43.78277826198592
2013-07-11,48.38630546356679
2013-07-12,35.040886570891004
2013-07-13,45.51215389709239
2013-07-14,35.035228220353545
2013-07-15,37.61884196994319
2013-07-16,35.89422200620185
2013-07-17,44.007070160948686
2013-07-18,41.678896153318874
2013-07-19,47.21853557946769
2013-07-20,41.01897134098155
2013-07-21,35.166720831158294
2013-07-22,44.1744272502376
2013-07-23,48.121719346367485
2013-07-24,42.26351992290863
2013-07-25,53.59305114744777
2013-07-26,31.839353656726676
2013-07-27,34.570062129276636
2013-07-28,35.508192463410936
2013-07-29,50.793141880794444
2013-07-30,24.334516724780293
2013-07-31,32.008787272282134
2013-08-01,32.050321208470635
2013-08-02,30.304302924848095
2013-08-03,28.42703295141191
2013-08-04,55.78427205371469
2013-08-05,30.405117133058656
2013-08-06,50.63800783201819
2013-08-07,40.303450079377626
2013-08-08,43.4535284740105
2013-08-09,40.946091977689164
2013-08-10,29.248158578759448
2013-08-11,30.439144092017656
2013-08-12,46.20257445435111
2013-08-13,43.09908489166175
2013-08-14,46.7789511910581
2013-08-15,49.72167364846053
2013-08-16,50.31571660879909
2013-08-17,52.321329930351695
2013-08-18,51.97826375433689
2013-08-19,60.45635777027877
2013-08-20,38.36251826528287
2013-08-21,50.695349865047774
2013-08-22,54.94543457287803
2013-08-23,56.29861147286104
2013-08-24,34.035628392126256
2013-08-25,40.782766030333626
2013-08-26,48.98280564114065
2013-08-27,51.383836791666816
2013-08-28,38.988118758669195
2013-08-29,42.772947962688235
2013-08-30,38.923408657368526
2013-08-31,34.288527364839226
2013-09-01,55.36911258305441
2013-09-02,47.343004300428476
2013-09-03,51.4386562741777
2013-09-04,56.91249749541648
2013-09-05,64.57029578881745
2013-09-06,44.843126703042
2013-09-07,44.24514320211106
2013-09-08,47.576947061179524
2013-09-09,54.358030484870966
2013-09-10,41.117822957077806
2013-09-11,44.15375461580063
2013-09-12,43.01516256375277
2013-09-13,44.7542370043287
2013-09-14,44.939254894071595
2013-09-15,43.614981113014466
2013-09-16,39.387379670117845
2013-09-17,36.91199800472333
2013-09-18,42.36638944812884
2013-09-19,40.172376030564394
2013-09-20,39.50675799391181
2013-09-21,35.51771112344845
2013-09-22,38.446062398993476
2013-09-23,32.61108686559933
2013-09-24,42.185819298227514
2013-09-25,45.76576052958696
2013-09-26,37.121705442579355
2013-09-27,44.087078551783655
2013-09-28,41.61765166282315
2013-09-29,35.80144835044986
2013-09-30,52.668102424185435
2013-10-01,35.05286312007185
2013-10-02,48.54090415860014
2013-10-03,42.68220665599917
2013-10-04,47.15588553576175
2013-10-05,37.02790307226837
2013-10-06,38.69920764831216
2013-10-07,52.859207706410295
2013-10-08,49.291609774084435
2013-10-09,45.310091749108764
2013-10-10,43.97243923304559
2013-10-11,41.766330927498814
2013-10-12,34.315139029944106
2013-10-13,39.7934045011246
2013-10-14,65.3002346073135
2013-10-15,47.98573892432092
2013-10-16,44.74607894191777
2013-10-17,46.04633538349099
2013-10-18,43.69453535457385
2013-10-19,41.49569358615082
2013-10-20,44.284417037461935
2013-10-21,43.32251261866494
2013-10-22,54.856188032283086
2013-10-23,56.196536420137335
2013-10-24,52.21948616737825
2013-10-25,51.478572653246424
2013-10-26,43.31286771963251
2013-10-27,34.664371100880984
2013-10-28,52.2717871525696
2013-10-29,54.77236747408768
2013-10-30,49.68661177437276
2013-10-31,49.90680527254575
2013-11-01,57.0444836157066
2013-11-02,29.195099384755796
2013-11-03,43.175185318085994
2013-11-04,39.683877841886826
2013-11-05,47.19164013928669
2013-11-06,46.89722293530309
2013-11-07,46.32112594394733
2013-11-08,66.41331263758325
2013-11-09,49.69567809738065
2013-11-10,44.51429188150402
2013-11-11,60.36874133258794
2013-11-12,58.58217080569396
2013-11-13,56.34429392061255
2013-11-14,58.4897176336701
2013-11-15,52.66333527902606
2013-11-16,58.203574680176416
2013-11-17,41.26818714722357
2013-11-18,36.670771837044
2013-11-19,50.85747135638911
2013-11-20,39.28378743018814
2013-11-21,46.41157548027408
2013-11-22,50.91897918749227
2013-11-23,37.64103485245448
2013-11-24,47.40331232896556
2013-11-25,43.96932221232224
2013-11-26,57.42450679090307
2013-11-27,54.911444721468875
2013-11-28,59.573578559060664
2013-11-29,57.98144453749684
2013-11-30,45.25567081997998
2013-12-01,48.38947957779854
2013-12-02,52.04470961495046
2013-12-03,49.282804655085286
2013-12-04,50.26539227824062
2013-12-05,57.23071644476737
2013-12-06,40.67183484787658
2013-12-07,54.5958525368537
2013-12-08,43.38412881002904
2013-12-09,41.4306050632112
2013-12-10,42.28913869279842
2013-12-11,54.6441162631196
2013-12-12,36.953729865165435
2013-12-13,49.47150692455695
2013-12-14,43.85137788267601
2013-12-15,51.249698678432026
2013-12-16,49.27503128577541
2013-12-17,44.28398855138308
2013-12-18,42.99130235963626
2013-12-19,53.63371048524661
2013-12-20,53.50508880971879
2013-12-21,40.119264808355716
2013-12-22,30.128773552617318
2013-12-23,28.825606680460837
2013-12-24,35.68291600235883
2013-12-25,31.630862965378274
2013-12-26,37.21652713474889
2013-12-27,38.33897155665235
2013-12-28,52.05361521080922
2013-12-29,39.81789709393831
2013-12-30,50.247120663047795
2013-12-31,48.8275640391315
2014-01-01,49.92875345287918
2014-01-02,42.958484814974994
2014-01-03,57.05869449421647
2014-01-04,67.01298168257678
2014-01-05,40.36336549152243
2014-01-06,69.47607091224208
2014-01-07,63.07206576270289
2014-01-08,51.93581313682902
2014-01-09,50.94302674309644
2014-01-10,64.36358737138599
2014-01-11,47.983568160161724
2014-01-12,35.108039248329064
2014-01-13,59.42018490932813
2014-01-14,48.93807935617001
2014-01-15,54.87274441724133
2014-01-16,50.723371594904656
2014-01-17,58.15616243024901
2014-01-18,47.62629663864724
2014-01-19,42.025844764406486
2014-01-20,64.80070473555722
2014-01-21,53.1285337474487
2014-01-22,50.810044390152925
2014-01-23,46.5644871010894
2014-01-24,42.743739764167266
2014-01-25,43.01507902473652
2014-01-26,43.25324908776703
2014-01-27,44.18640123632731
2014-01-28,50.738672182910555
2014-01-29,56.463919324236755
2014-01-30,44.664842708011605
2014-01-31,41.663191316223006
2014-02-01,53.233634563969986
2014-02-02,43.95212306007193
2014-02-03,44.53418979642008
2014-02-04,47.61773386673025
2014-02-05,45.93707102744429
2014-02-06,57.30173630305795
2014-02-07,35.92758861356731
2014-02-08,38.51451266346091
2014-02-09,30.345622895755618
2014-02-10,41.02586764370837
2014-02-11,44.68114672005608
2014-02-12,53.039858479023536
2014-02-13,43.98815258856343
2014-02-14,46.444141020452065
2014-02-15,47.06788976962874
2014-02-16,42.188678741791726
2014-02-17,37.82925749183439
2014-02-18,58.64474411328122
2014-02-19,45.38021232633889
2014-02-20,41.82948781857955
2014-02-21,50.05864193732623
2014-02-22,39.32453301639403
2014-02-23,41.0762104358144
2014-02-24,56.58716558631801
2014-02-25,45.51735538442368
2014-02-26,53.52695664032258
2014-02-27,54.29422036761315
2014-02-28,55.92158970639198
2014-03-01,49.41132393578461
2014-03-02,36.74608237690931
2014-03-03,45.35670709396679
2014-03-04,48.6528598355812
2014-03-05,52.088968957592634
2014-03-06,52.30422507063341
2014-03-07,36.413229857753876
2014-03-08,51.93562434281979
2014-03-09,36.26944666050245
2014-03-10,39.06852690545135
2014-03-11,49.58929406710106
2014-03-12,41.86811819591091
2014-03-13,45.09170054583973
2014-03-14,49.590827201203055
2014-03-15,40.951207058312235
2014-03-16,44.15164271850594
2014-03-17,52.6429796684173
2014-03-18,44.490427092325746
2014-03-19,40.643948463154395
2014-03-20,41.847329467675515
2014-03-21,42.31557033144114
2014-03-22,40.75048955371574
2014-03-23,39.982604883211195
2014-03-24,47.67638806758693
2014-03-25,53.088268094574886
2014-03-26,53.93523612348841
2014-03-27,43.592090032499186
2014-03-28,49.00728710705005
2014-03-29,51.5586375945735
2014-03-30,42.65128468704366
2014-03-31,38.49434067079402
2014-04-01,53.63639129453499
2014-04-02,50.49884989647484
2014-04-03,44.436070048514125
2014-04-04,48.39543220210875
2014-04-05,34.584833266180034
2014-04-06,45.91657514975741
2014-04-07,42.21776278284025
2014-04-08,46.566413120438966
2014-04-09,54.107258502972925
2014-04-10,41.02538317812285
2014-04-11,48.14635699958508
2014-04-12,41.00122296686871
2014-04-13,42.15148020498187
2014-04-14,51.58721693259195
2014-04-15,42.80762465697046
2014-04-16,49.02824375381027
2014-04-17,32.46751616582544
2014-04-18,32.60806536206458
2014-04-19,41.00654643085022
2014-04-20,42.580638529470924
2014-04-21,36.879149724573004
2014-04-22,45.712906553147704
2014-04-23,39.08255303084404
2014-04-24,51.87370387979108
2014-04-25,43.66367316617705
2014-04-26,41.62474257613565
2014-04-27,26.597543804118736
2014-04-28,43.19243174501676
2014-04-29,45.39111056292326
2014-04-30,39.6397228646553
2014-05-01,44.873812561400584
2014-05-02,55.0765581201951
2014-05-03,41.285082685864396
2014-05-04,45.685119744337655
2014-05-05,55.478467206104106
2014-05-06,43.417087430777826
2014-05-07,55.450407215687164
2014-05-08,41.41421421407624
2014-05-09,40.52254262344903
2014-05-10,43.28523804965323
2014-05-11,35.55659865957646
2014-05-12,46.79432675563933
2014-05-13,47.99078060474551
2014-05-14,47.7408170168695
2014-05-15,47.65597164411075
2014-05-16,53.466149024266336
2014-05-17,47.265397475298826
2014-05-18,41.05070462173043
2014-05-19,55.32381872333151
2014-05-20,55.402288738289556
2014-05-21,58.43450686259716
2014-05-22,48.57370585033164
2014-05-23,48.43303661452738
2014-05-24,42.30002654747374
2014-05-25,35.143577241074524
2014-05-26,45.94133127594909
2014-05-27,49.44589676980827
2014-05-28,46.597336190404974
2014-05-29,41.02160475112077
2014-05-30,46.551050130333394
2014-05-31,55.530877982112415
2014-06-01,41.90792860192202
2014-06-02,53.842636336110665
2014-06-03,37.01798543188484
2014-06-04,40.699447192597376
2014-06-05,38.80287084816922
2014-06-06,38.476863259220686
2014-06-07,30.789109298399822
2014-06-08,31.7378881082648
2014-06-09,38.308496776393454
2014-06-10,30.088150381724876
2014-06-11,43.06781181493672
2014-06-12,38.57062542905304
2014-06-13,48.37965547156806
2014-06-14,36.68299856746961
2014-06-15,40.90409374419934
2014-06-16,36.33372568161798
2014-06-17,35.77464983753056
2014-06-18,38.10430077910104
2014-06-19,39.75526197715735
2014-06-20,37.26342047106299
2014-06-21,31.88563633206032
2014-06-22,33.835188924152945
2014-06-23,35.75792171601191
2014-06-24,39.847313786517205
2014-06-25,54.25057315629798
2014-06-26,51.213474708046164
2014-06-27,41.12147042407905
2014-06-28,41.835747106916514
2014-06-29,27.840323606000243
2014-06-30,37.839914097547265
2014-07-01,47.43765940493444
2014-07-02,43.526876912582594
2014-07-03,51.05882160616703
2014-07-04,46.27711642857342
2014-07-05,43.496192374764355
2014-07-06,47.550656400489
2014-07-07,50.29643920237082
2014-07-08,44.75021962452357
2014-07-09,52.93631824257366
2014-07-10,43.161200567883355
2014-07-11,70.21707876645692
2014-07-12,46.00667053377738
2014-07-13,34.454223392826975
2014-07-14,53.311560132396245
2014-07-15,45.100575837932226
2014-07-16,57.63016150769137
2014-07-17,50.07474730245578
2014-07-18,50.07836786038575
2014-07-19,34.996881202077624
2014-07-20,51.08618137026046
2014-07-21,55.3486571369517
2014-07-22,57.95626643711827
2014-07-23,61.236782993078286
2014-07-24,62.41478429069585
2014-07-25,43.00237521599724
2014-07-26,52.91239609568679
2014-07-27,46.66372964129744
2014-07-28,45.67316660576593
2014-07-29,39.68954964397875
2014-07-30,42.23187227906319
2014-07-31,49.047470989754245
2014-08-01,37.84343592139133
2014-08-02,34.74483405985579
2014-08-03,45.516004468534014
2014-08-04,49.538317757656216
2014-08-05,37.43869690756187
2014-08-06,48.27966421415282
2014-08-07,53.41169697919277
2014-08-08,47.821128731038215
2014-08-09,48.966262361392765
2014-08-10,31.868295268117123
2014-08-11,50.999980809643816
2014-08-12,41.09412508360802
2014-08-13,40.738053977630145
2014-08-14,37.93477986119859
2014-08-15,38.23514775586243
2014-08-16,42.17633621484141
2014-08-17,39.42110158774541
2014-08-18,41.91990420171933
2014-08-19,46.136318601418395
2014-08-20,34.2608097602092
2014-08-21,39.77406388315937
2014-08-22,49.783795751561286
2014-08-23,44.41439899571705
2014-08-24,46.49596201729075
2014-08-25,53.33974904407489
2014-08-26,57.55955500477688
2014-08-27,49.62046062752579
2014-08-28,62.42465213623325
2014-08-29,52.05778302023642
2014-08-30,47.796084283318656
2014-08-31,46.013600713589256
2014-09-01,49.47976794079884
2014-09-02,49.94485647036281
2014-09-03,54.68143744796072
2014-09-04,56.33429687239583
2014-09-05,40.11036388813882
2014-09-06,47.13823214103842
2014-09-07,47.473640885329274
2014-09-08,45.5995025291126
2014-09-09,45.276066926510524
2014-09-10,45.42897697521672
2014-09-11,43.372339921959394
2014-09-12,64.35354764600065
2014-09-13,49.46201909617267
2014-09-14,41.31391929042478
2014-09-15,40.04526561737043
2014-09-16,57.48776000281754
2014-09-17,45.39174955067878
2014-09-18,48.287958731712024
2014-09-19,40.30917425646927
2014-09-20,40.33928825435456
2014-09-21,33.43027451574285
2014-09-22,39.15479059086833
2014-09-23,55.76356273455332
2014-09-24,37.954533176222085
2014-09-25,48.35376794523019
2014-09-26,42.50974197706326
2014-09-27,34.97104102102745
2014-09-28,16.471335071602415
2014-09-29,38.60566887653374
2014-09-30,51.237377709149534
2014-10-01,56.008988291955504
2014-10-02,53.016064106655804
2014-10-03,49.04909298556494
2014-10-04,47.08321767069697
2014-10-05,39.907849157351976
2014-10-06,48.865253803014724
2014-10-07,52.550932433687926
2014-10-08,47.47322447261554
2014-10-09,49.210307889643786
2014-10-10,37.61798703119857
2014-10-11,38.74942160825993
2014-10-12,47.50141538496765
2014-10-13,46.70727068315702
2014-10-14,53.82529039763259
2014-10-15,59.454849890936
2014-10-16,54.58787808503197
2014-10-17,44.8647497609397
2014-10-18,45.73967860496755
2014-10-19,53.24580762835636
2014-10-20,52.83409745418827
2014-10-21,53.25436024476376
2014-10-22,44.4895934093668
2014-10-23,56.44273626861288
2014-10-24,55.67442404222089
2014-10-25,35.82804388529243
2014-10-26,40.146469120325605
2014-10-27,46.14752664469251
2014-10-28,35.074732066573446
2014-10-29,49.186131365259726
2014-10-30,37.62882175152286
2014-10-31,39.417117190527804
2014-11-01,43.91075023532626
2014-11-02,29.966662864029946
2014-11-03,39.57701403660579
2014-11-04,44.35398342375676
2014-11-05,43.567559148744536
2014-11-06,39.24249113516623
2014-11-07,46.55751688850253
2014-11-08,42.05583969850058
2014-11-09,42.210935119069674
2014-11-10,47.98734151882718
2014-11-11,52.2226782260074
2014-11-12,51.51481441887183
2014-11-13,53.38424980449865
2014-11-14,51.38484177752805
2014-11-15,31.040317088442357
2014-11-16,41.92261429365588
2014-11-17,56.71697923238911
2014-11-18,50.71319857868268
2014-11-19,50.60491415170765
2014-11-20,50.10093869978567
2014-11-21,57.35192368965683
2014-11-22,44.579539840242624
2014-11-23,49.1176964203176
2014-11-24,55.328963612710936
2014-11-25,46.96369026023544
2014-11-26,51.55227708092783
2014-11-27,58.48544770239876
2014-11-28,49.23054212795206
2014-11-29,48.49777368353787
2014-11-30,57.154892337371585
2014-12-01,48.777167523217514
2014-12-02,58.64935573322159
2014-12-03,56.35888672427134
2014-12-04,49.763718519318985
2014-12-05,39.0222499212466
2014-12-06,66.42007453410103
2014-12-07,42.06931488508507
2014-12-08,51.4959342241357
2014-12-09,57.3660232863779
2014-12-10,42.400338690431575
2014-12-11,54.318241686192366
2014-12-12,48.98156136183344
2014-12-13,47.07167191808203
2014-12-14,41.247133162154654
2014-12-15,51.25864431922845
2014-12-16,41.89346270435166
2014-12-17,48.21970600866537
2014-12-18,48.874196486486056
2014-12-19,53.56746948049803
2014-12-20,42.7166120508864
2014-12-21,43.7487213558772
2014-12-22,30.13286404949095
2014-12-23,37.18852983151264
2014-12-24,41.90657078535993
2014-12-25,48.9872992312914
2014-12-26,53.77516772881835
2014-12-27,42.661652992255554
2014-12-28,33.46317695589623
2014-12-29,42.075046585414995
2014-12-30,42.9571765626686
2014-12-31,48.38203069780853
2015-01-01,47.97793082198079
2015-01-02,42.25581377143656
2015-01-03,49.52107169621365
2015-01-04,44.60206866780545
2015-01-05,59.492823167120285
2015-01-06,56.12252714462447
2015-01-07,44.96616233863328
2015-01-08,60.31362623334307
2015-01-09,58.65345622609652
2015-01-10,45.35743782048081
2015-01-11,40.65929642585988
2015-01-12,50.595386352560155
2015-01-13,39.9805125335637
2015-01-14,46.98189968510255
2015-01-15,51.04213788480941
2015-01-16,49.23429272209866
2015-01-17,52.963078041056534
2015-01-18,41.85703034964962
2015-01-19,35.3345922630629
2015-01-20,48.6227096226627
2015-01-21,54.91410668145512
2015-01-22,51.92577459751763
2015-01-23,46.37244525485893
2015-01-24,44.83455589770997
2015-01-25,58.189972177148945
2015-01-26,54.996700223048826
2015-01-27,55.936114230307325
2015-01-28,58.32232144874394
2015-01-29,64.14908072782906
2015-01-30,56.90848199465062
2015-01-31,54.874926327837684
2015-02-01,51.76755682241891
2015-02-02,50.23944349546396
2015-02-03,51.447586298019516
2015-02-04,58.091651795211995
2015-02-05,55.929521491518976
2015-02-06,54.809468808914175
2015-02-07,45.778517911045306
2015-02-08,46.92167999850075
2015-02-09,45.39898619528765
2015-02-10,52.31212655254046
2015-02-11,44.38336387380152
2015-02-12,50.083161341450506
2015-02-13,52.951817213479266
2015-02-14,48.99492688158449
2015-02-15,60.36077520352816
2015-02-16,43.59264803574183
2015-02-17,43.85486505582698
2015-02-18,48.79576305466759
2015-02-19,55.4677469041077
2015-02-20,57.689819823420706
2015-02-21,44.18123224980871
2015-02-22,32.57934659074017
2015-02-23,42.44181019592254
2015-02-24,40.194963648375705
2015-02-25,47.46024361325161
2015-02-26,49.82335898093726
2015-02-27,37.92844999173599
2015-02-28,31.196587324966607
2015-03-01,38.367252787147414
2015-03-02,50.0903718118385
2015-03-03,49.152126616794185
2015-03-04,58.21387644007744
2015-03-05,39.53882810523073
2015-03-06,46.71054203331945
2015-03-07,38.27674006717286
2015-03-08,48.393025052906
2015-03-09,56.44693354123837
2015-03-10,47.80035001949151
2015-03-11,51.550445985208604
2015-03-12,48.80644240972261
2015-03-13,64.81573116862714
2015-03-14,49.620707054473925
2015-03-15,40.22470792068667
2015-03-16,43.32543039616558
2015-03-17,52.142717002691214
2015-03-18,48.26442857475158
2015-03-19,52.203210151657515
2015-03-20,53.6183746295229
2015-03-21,33.619142982311566
2015-03-22,37.462808099387615
2015-03-23,37.8200417352024
2015-03-24,50.76143552694152
2015-03-25,45.130633540998126
2015-03-26,41.2508909414783
2015-03-27,54.70038569731061
2015-03-28,47.6975597461751
2015-03-29,50.324411925122675
2015-03-30,38.836401878106365
2015-03-31,46.91737949038405
2015-04-01,44.54732806841921
2015-04-02,52.29897115240267
2015-04-03,40.303803941867244
2015-04-04,42.29044120586252
2015-04-05,33.28008033979978
2015-04-06,51.851175123291725
2015-04-07,42.94292411741236
2015-04-08,42.993939009742036
2015-04-09,48.870678248703
2015-04-10,39.48888372623104
2015-04-11,37.00717065670456
2015-04-12,40.53024145213528
2015-04-13,48.52435594753029
2015-04-14,44.17858026813705
2015-04-15,48.22938384958438
2015-04-16,44.038005433578476
2015-04-17,44.768762960496645
2015-04-18,32.860049965879
2015-04-19,31.376109608915684
2015-04-20,46.63849162608739
2015-04-21,48.34137279117642
2015-04-22,41.6327142113788
2015-04-23,45.985238348102996
2015-04-24,49.80484148421043
2015-04-25,42.527012122671124
2015-04-26,43.221588810128594
2015-04-27,43.76755493397062
2015-04-28,52.62547266436036
2015-04-29,42.103099025815496
2015-04-30,40.63301922622643
2015-05-01,48.9039237190038
2015-05-02,47.123459088463136
2015-05-03,43.66954465627503
2015-05-04,40.59133224116778
2015-05-05,50.378223144781366
2015-05-06,51.229721189896296
2015-05-07,38.1321599009847
2015-05-08,42.82383864413465
2015-05-09,36.43141032655293
2015-05-10,23.69995214151217
2015-05-11,43.14578811583698
2015-05-12,40.15576559704763
2015-05-13,40.11157110730378
2015-05-14,24.73191666125945
2015-05-15,46.14378238492129
2015-05-16,48.835274593007185
2015-05-17,49.69652656210744
2015-05-18,54.56006672382807
2015-05-19,64.32119266473158
2015-05-20,44.77953666166678
2015-05-21,61.9185306798677
2015-05-22,58.036245410800625
2015-05-23,47.233617806063336
2015-05-24,53.683682644016024
2015-05-25,55.15821703230489
2015-05-26,49.23991748954899
2015-05-27,45.28464377486323
2015-05-28,38.54731868942485
2015-05-29,46.36916775267793
2015-05-30,39.89750458234266
2015-05-31,30.874501344178526
2015-06-01,41.35953679979028
2015-06-02,41.751322714445834
2015-06-03,47.269918024186815
2015-06-04,54.60272166413411
2015-06-05,46.02284146655396
2015-06-06,36.88463100192682
2015-06-07,36.7230095413677
2015-06-08,45.55482110090825
2015-06-09,41.400509983177315
2015-06-10,45.34433429670628
2015-06-11,46.911312309434564
2015-06-12,50.66746169574792
2015-06-13,42.6323663347888
2015-06-14,30.860261032887387
2015-06-15,41.305577461988904
2015-06-16,54.48526280595565
2015-06-17,44.95220495423689
2015-06-18,48.88331322126281
2015-06-19,45.77627292424844
2015-06-20,43.10681889292155
2015-06-21,42.441721900593336
2015-06-22,43.75821409223131
2015-06-23,54.308205901012776
2015-06-24,53.723677283866834
2015-06-25,41.95986335965239
2015-06-26,47.3976975543317
2015-06-27,46.58038315563839
2015-06-28,28.647271777177114
2015-06-29,34.4040371628153
2015-06-30,36.97797797112053
2015-07-01,26.92026123595266
2015-07-02,41.82753616479156
2015-07-03,40.33361091134064
2015-07-04,38.91196102711978
2015-07-05,40.024654866818736
2015-07-06,35.53447996607836
2015-07-07,36.63265613035702
2015-07-08,49.85485572754516
2015-07-09,60.96584716222026
2015-07-10,44.897298073455566
2015-07-11,23.18111536403013
2015-07-12,21.467574829982503
2015-07-13,45.90114231303749
2015-07-14,50.129507109012025
2015-07-15,60.316019393970805
2015-07-16,51.564519417604906
2015-07-17,44.332556982703736
2015-07-18,17.893993012559594
2015-07-19,42.39539324376177
2015-07-20,38.70157196515245
2015-07-21,59.0979081082274
2015-07-22,47.00159433800536
2015-07-23,49.550048474789946
2015-07-24,56.58164293121666
2015-07-25,32.64259337222698
2015-07-26,46.22316499721527
2015-07-27,58.89008447929824
2015-07-28,61.14975396945192
2015-07-29,51.917486010089206
2015-07-30,56.22373498963704
2015-07-31,48.85210009725816
2015-08-01,50.952265040875346
2015-08-02,51.5797716773098
2015-08-03,52.51338257494564
2015-08-04,54.87221971618493
2015-08-05,51.00148875371082
2015-08-06,53.70394514300848
2015-08-07,47.714765073036645
2015-08-08,36.167490086455075
2015-08-09,39.5196699876629
2015-08-10,42.91983210412559
2015-08-11,52.94841368171131
2015-08-12,44.30637105654783
2015-08-13,51.362801111664176
2015-08-14,46.391026350194664
2015-08-15,45.1964925884544
2015-08-16,40.021101911962
2015-08-17,38.278995921584595
2015-08-18,41.53694539238555
2015-08-19,52.4808430753031
2015-08-20,47.653892259498676
2015-08-21,51.31865748366229
2015-08-22,42.9280591828574
2015-08-23,42.939647165575764
2015-08-24,48.33196171234126
2015-08-25,37.259741765402765
2015-08-26,32.77690012306586
2015-08-27,38.93638007940583
2015-08-28,37.305381755573066
2015-08-29,53.716683913295036
2015-08-30,40.58521994090049
2015-08-31,44.86298670247731
2015-09-01,42.779833338989775
2015-09-02,62.838205577505434
2015-09-03,47.87335265809777
2015-09-04,55.63196877191416
2015-09-05,49.58591247471868
2015-09-06,54.3111024589128
2015-09-07,47.61098649232813
2015-09-08,57.19502480875595
2015-09-09,47.16178427323101
2015-09-10,61.112257247567165
2015-09-11,49.92215396538371
2015-09-12,40.68455671112367
2015-09-13,34.81472436121274
2015-09-14,52.82986868492988
2015-09-15,48.73924146515819
2015-09-16,53.01395164088267
2015-09-17,59.180308987617835
2015-09-18,51.064418297684696
2015-09-19,40.931856474571234
2015-09-20,40.73484627137743
2015-09-21,47.36342316526451
2015-09-22,43.985992568220226
2015-09-23,40.62988742416867
2015-09-24,41.18965222654353
2015-09-25,40.0249121942324
2015-09-26,25.441703493120453
2015-09-27,41.78136071681173
2015-09-28,40.51710730762852
2015-09-29,46.68972800938443
2015-09-30,41.456652123897754
2015-10-01,45.5130276586651
2015-10-02,49.52869534327427
2015-10-03,43.91019721831363
2015-10-04,45.04147907306626
2015-10-05,62.89789384270715
2015-10-06,53.34127061663413
2015-10-07,59.79354223710736
2015-10-08,57.9921441682078
2015-10-09,65.6192036999926
2015-10-10,48.877237023534036
2015-10-11,38.67122806063597
2015-10-12,52.069147004213534
2015-10-13,53.1110220292691
2015-10-14,56.589923997691194
2015-10-15,48.153543937742555
2015-10-16,51.778639849008805
2015-10-17,49.34576600500668
2015-10-18,40.31774385592928
2015-10-19,58.80645360026955
2015-10-20,60.98707848110697
2015-10-21,46.90438337463676
2015-10-22,48.52049204737666
2015-10-23,53.480297833912424
2015-10-24,36.58117373333937
2015-10-25,58.210941813832136
2015-10-26,44.584974617191186
2015-10-27,49.45900517962748
2015-10-28,45.8949065716306
2015-10-29,53.39639232078079
2015-10-30,51.38194834657058
2015-10-31,60.656913125197846
2015-11-01,58.80785597977558
2015-11-02,49.62833663647861
2015-11-03,63.066059294718315
2015-11-04,73.56027792013637
2015-11-05,58.370433870215926
2015-11-06,62.08234684523766
2015-11-07,49.242232504487035
2015-11-08,43.888830990130806
2015-11-09,57.863442586088496
2015-11-10,50.598756366508255
2015-11-11,56.8219882456279
2015-11-12,49.45727320195326
2015-11-13,53.79332454263542
2015-11-14,40.36796483523803
2015-11-15,39.383713742613494
2015-11-16,49.874938013408396
2015-11-17,46.60457612646422
2015-11-18,52.7608355125288
2015-11-19,62.38998723841136
2015-11-20,51.63235068005448
2015-11-21,49.808921724872214
2015-11-22,50.20496849384749
2015-11-23,56.19246807695329
2015-11-24,62.310105217138656
2015-11-25,51.61265140287608
2015-11-26,54.03403701945348
2015-11-27,59.254235681018244
2015-11-28,47.852176714045
2015-11-29,42.10010925515432
2015-11-30,67.76544644444478
2015-12-01,48.05575970794076
2015-12-02,54.93287221000327
2015-12-03,57.73284168474543
2015-12-04,49.69617137186895
2015-12-05,39.50724783614781
2015-12-06,53.3087605448149
2015-12-07,44.7948545860544
2015-12-08,50.046022610940554
2015-12-09,50.52960462157639
2015-12-10,53.40453784208697
2015-12-11,53.571069494146215
2015-12-12,50.21998829809377
2015-12-13,41.90504431093565
2015-12-14,53.24246687027145
2015-12-15,58.75070934097063
2015-12-16,57.57235211666216
2015-12-17,47.782505388641454
2015-12-18,51.405489733216214
2015-12-19,56.44431752134634
2015-12-20,59.63115256928811
2015-12-21,68.21881727729615
2015-12-22,57.04944952639663
2015-12-23,60.81583070994016
2015-12-24,70.29639570859709
2015-12-25,56.94492539147964
2015-12-26,61.00848962423774
2015-12-27,59.28855062064714
2015-12-28,63.51968767335231
2015-12-29,53.278785503396705
2015-12-30,47.31888504955767
2015-12-31,61.89308092134868
2016-01-01,46.327529842809284
2016-01-02,40.80999744530651
2016-01-03,51.965685852576364
2016-01-04,45.70365510558969
2016-01-05,43.24245795467715
2016-01-06,54.25130830790924
2016-01-07,45.55943066660227
2016-01-08,48.27841608727434
2016-01-09,53.37264587153146
2016-01-10,42.62281417876077
2016-01-11,48.7900621493801
2016-01-12,52.41199768173993
2016-01-13,56.257156380445124
2016-01-14,55.8834848476078
2016-01-15,53.72550382339051
2016-01-16,39.94871368541763
2016-01-17,43.02357762134257
2016-01-18,40.992166470623175
2016-01-19,50.05936651257022
2016-01-20,49.90192258193674
2016-01-21,55.426539458273155
2016-01-22,37.26745637407912
2016-01-23,42.159207234322736
2016-01-24,32.860855980546035
2016-01-25,52.309542502483666
2016-01-26,57.48277441992582
2016-01-27,57.1820156782623
2016-01-28,52.44030194854284
2016-01-29,53.701623900760126
2016-01-30,44.66123514078656
2016-01-31,51.63055429379247
2016-02-01,44.08862474594913
2016-02-02,39.41314398578552
2016-02-03,38.63370423565441
2016-02-04,40.04924009035973
2016-02-05,41.91392125531475
2016-02-06,38.184489036131474
2016-02-07,47.88601710343936
2016-02-08,49.81217012536308
2016-02-09,47.654328915766996
2016-02-10,50.23117467537672
2016-02-11,57.99724310575688
2016-02-12,37.358214073747476
2016-02-13,41.11254089749809
2016-02-14,42.10515914823214
2016-02-15,43.909143338384766
2016-02-16,46.70355298317757
2016-02-17,40.505820017807025
2016-02-18,44.52007762682898
2016-02-19,52.703067117119886
2016-02-20,40.12075076069674
2016-02-21,40.749671887271774
2016-02-22,51.20892386985311
2016-02-23,42.71468937256789
2016-02-24,55.527812071823575
2016-02-25,55.19999568837093
2016-02-26,46.77245430364876
2016-02-27,46.4845087254218
2016-02-28,39.904650580166134
2016-02-29,36.23383498966872
2016-03-01,44.63853183597599
2016-03-02,40.93732738459336
2016-03-03,44.11053042431537
2016-03-04,50.39789110080034
2016-03-05,36.70073173743982
2016-03-06,41.60637821951072
2016-03-07,46.137499119964616
2016-03-08,47.16055289239751
2016-03-09,47.4406316907253
2016-03-10,44.85312547946711
2016-03-11,40.05229018536819
2016-03-12,40.03177732315399
2016-03-13,35.46671820721447
2016-03-14,41.353574975712334
2016-03-15,44.889592174352686
2016-03-16,48.17871912445222
2016-03-17,37.34384327056913
2016-03-18,38.16953503746622
2016-03-19,30.735423178411466
2016-03-20,35.58858725265064
2016-03-21,43.64527025612351
2016-03-22,39.77494301192793
2016-03-23,49.09070276384638
2016-03-24,48.60750575612427
2016-03-25,43.211610731379
2016-03-26,35.7748568618712
2016-03-27,42.55722566159834
2016-03-28,30.184610297167914
2016-03-29,49.740624863755656
2016-03-30,43.47857516892017
2016-03-31,46.80748067297817
2016-04-01,50.86389529126715
2016-04-02,45.80217731104498
2016-04-03,35.740695622932705
2016-04-04,43.50019690872557
2016-04-05,48.846955760388894
2016-04-06,44.84241590046944
2016-04-07,50.28782659742359
2016-04-08,42.74565301167811
2016-04-09,39.3470700715515
2016-04-10,42.48183363566895
2016-04-11,48.736935668738894
2016-04-12,43.15057615660038
2016-04-13,51.390248150240836
2016-04-14,49.05220557206173
2016-04-15,42.269236873863996
2016-04-16,42.00873746438738
2016-04-17,31.215288361702747
2016-04-18,32.73533564287918
2016-04-19,42.85339432919953
2016-04-20,32.875176843754026
2016-04-21,34.76280694868126
2016-04-22,30.655097835204984
2016-04-23,34.51869181956971
2016-04-24,35.971580375250085
2016-04-25,35.769999424211335
2016-04-26,40.64934156251387
2016-04-27,43.59873801519827
2016-04-28,41.222944865644635
2016-04-29,32.9778966587597
2016-04-30,41.022208605976985
2016-05-01,22.605421057899207
2016-05-02,43.390303621821104
2016-05-03,32.290228099649056
2016-05-04,32.950951730493735
2016-05-05,36.32996891233
2016-05-06,44.844583120990045
2016-05-07,34.679878614156344
2016-05-08,30.9523960861958
2016-05-09,45.21789940457036
2016-05-10,42.718181585054054
2016-05-11,42.26482225525744
2016-05-12,50.958219949492246
2016-05-13,39.75974186460397
2016-05-14,44.123172339884476
2016-05-15,35.309458921448645
2016-05-16,32.63207586349074
2016-05-17,53.23597190991538
2016-05-18,37.628622578029464
2016-05-19,43.73578157561597
2016-05-20,34.98454258221782
2016-05-21,28.430324579667058
2016-05-22,34.010930755506706
2016-05-23,33.91882583350828
2016-05-24,41.44573549237374
2016-05-25,41.84679720637712
2016-05-26,31.568368255916166
2016-05-27,31.928861507898997
2016-05-28,34.00284873100113
2016-05-29,33.940550320266965
2016-05-30,38.72189305190234
2016-05-31,38.364308858037944
2016-06-01,41.91030334456774
2016-06-02,47.56205066582844
2016-06-03,32.981876093112696
2016-06-04,49.38080145235599
2016-06-05,31.67069235796318
2016-06-06,34.526588004461104
2016-06-07,30.480069809822425
2016-06-08,42.28891368410903
2016-06-09,48.01488535156098
2016-06-10,44.10434209536665
2016-06-11,31.36305174180744
2016-06-12,35.72020971521299
2016-06-13,35.89236634847835
2016-06-14,41.8173248294692
2016-06-15,36.70825544923541
2016-06-16,43.75336564391178
2016-06-17,40.16733189153156
2016-06-18,42.51315950412917
2016-06-19,28.050289834747247
2016-06-20,45.18195411175695
2016-06-21,37.95205330760389
2016-06-22,37.162267780956796
2016-06-23,49.16921037693969
2016-06-24,39.22500446666706
2016-06-25,37.99014886426846
2016-06-26,26.59452525115572
2016-06-27,40.74273717879192
2016-06-28,37.59479523430684
2016-06-29,41.502793711622374
2016-06-30,35.277018994579834
2016-07-01,50.834829963958875
2016-07-02,32.27130914901208
2016-07-03,34.5577282294626
2016-07-04,57.227303884574376
2016-07-05,50.501490418878845
2016-07-06,35.3302513109215
2016-07-07,36.27917489022145
2016-07-08,44.6948656621808
2016-07-09,33.65297050227142
2016-07-10,26.186741495553193
2016-07-11,40.05597706716404
2016-07-12,40.28897619153052
2016-07-13,35.883479593920214
2016-07-14,43.53678721964326
2016-07-15,39.702572602147455
2016-07-16,29.170677814945805
2016-07-17,28.4145784134488
2016-07-18,41.99776373486972
2016-07-19,46.55296682723172
2016-07-20,39.57335445382317
2016-07-21,43.1727769479777
2016-07-22,38.60852372682993
2016-07-23,42.3230792737678
2016-07-24,40.184515562344764
2016-07-25,45.818551005352894
2016-07-26,32.50055270402204
2016-07-27,52.15433710302224
2016-07-28,46.76462073352955
2016-07-29,34.013530888486166
2016-07-30,23.122632687244078
2016-07-31,38.62307993995718
2016-08-01,39.481307638281876
2016-08-02,39.344578499875695
2016-08-03,42.376026286429486
2016-08-04,43.83057380475769
2016-08-05,43.48439665633174
2016-08-06,39.956670492862656
2016-08-07,40.619826573499715
2016-08-08,32.82452960318787
2016-08-09,49.86207591571956
2016-08-10,47.30160115710484
2016-08-11,43.159247489387
2016-08-12,51.75977625935995
2016-08-13,36.39598650974233
2016-08-14,29.074766881501937
2016-08-15,38.77523267770992
2016-08-16,47.949551245742335
2016-08-17,30.678857515062095
2016-08-18,47.57479795043672
2016-08-19,41.7859759438519
2016-08-20,33.00893834932204
2016-08-21,24.890301099493712
2016-08-22,45.49786581390167
2016-08-23,46.92976827636011
2016-08-24,40.098308661251
2016-08-25,45.244099276264414
2016-08-26,39.73332850070532
2016-08-27,31.17602580207239
2016-08-28,34.97130963067926
2016-08-29,42.41662291813863
2016-08-30,47.15535281468662
2016-08-31,53.350633087207214
2016-09-01,42.514568618635536
2016-09-02,37.751643808845316
2016-09-03,41.38963237277464
2016-09-04,39.82001103369969
2016-09-05,44.376424998754146
2016-09-06,41.50200277161727
2016-09-07,42.43617248455885
2016-09-08,43.25339857733705
2016-09-09,37.631502725700265
2016-09-10,38.43522252485647
2016-09-11,28.247576505538973
2016-09-12,42.55164029523688
2016-09-13,43.0734421663949
2016-09-14,42.52620781414551
2016-09-15,43.37200559498869
2016-09-16,45.073656959864934
2016-09-17,37.648593842534126
2016-09-18,31.258443826953563
2016-09-19,36.198940467440536
2016-09-20,41.81604250631366
2016-09-21,44.94866078558039
2016-09-22,43.88539953333769
2016-09-23,42.79972287857446
2016-09-24,36.98098814188275
2016-09-25,46.07409040009091
2016-09-26,35.41256425501691
2016-09-27,50.30191093117027
2016-09-28,50.0060903361193
2016-09-29,47.05926865330864
2016-09-30,41.37191612258506
2016-10-01,43.508544241015855
2016-10-02,41.824080179827604
2016-10-03,34.59057537597546
2016-10-04,43.742820650575084
2016-10-05,47.335694825810265
2016-10-06,49.90078105939875
2016-10-07,43.02572551374983
2016-10-08,35.88388497472607
2016-10-09,45.79582424730729
2016-10-10,42.92750139315842
2016-10-11,51.44162083637919
2016-10-12,47.97091562232061
2016-10-13,52.480521882676115
2016-10-14,43.03564880024554
2016-10-15,49.27064641899254
2016-10-16,47.639188269614365
2016-10-17,47.42045477992767
2016-10-18,52.55375532069079
2016-10-19,50.63921834766195
2016-10-20,55.67103379763351
2016-10-21,40.6181015234435
2016-10-22,44.312232524113924
2016-10-23,35.39046372657861
2016-10-24,40.246456900749486
2016-10-25,45.04442091909421
2016-10-26,47.732058240088634
2016-10-27,45.802535627396786
2016-10-28,41.046448249426376
2016-10-29,48.05714673287117
2016-10-30,47.04855446371425
2016-10-31,58.08481121767298
2016-11-01,50.27815033447431
2016-11-02,44.67872669074681
2016-11-03,67.96640830078528
2016-11-04,48.69644793352326
2016-11-05,54.09880726861277
2016-11-06,38.1414166601934
2016-11-07,50.76663560031541
2016-11-08,56.76860830590951
2016-11-09,43.29292753941382
2016-11-10,48.99578823161781
2016-11-11,48.91560504168042
2016-11-12,44.88773801307545
2016-11-13,41.83632386281451
2016-11-14,51.68468617337828
2016-11-15,48.5139598777276
2016-11-16,44.455427241929854
2016-11-17,46.62670406336334
2016-11-18,50.99895121199741
2016-11-19,39.886597945329015
2016-11-20,43.0686192997192
2016-11-21,65.71381475133505
2016-11-22,44.683043891178286
2016-11-23,52.41276819646532
2016-11-24,56.94775081224515
2016-11-25,64.06610461035122
2016-11-26,41.702402257577575
2016-11-27,49.48346287863206
2016-11-28,58.88017138677953
2016-11-29,54.67246884904393
2016-11-30,56.55690212233453
2016-12-01,47.43328734499023
2016-12-02,50.83327648247737
2016-12-03,37.48063853102093
2016-12-04,46.50676482920404
2016-12-05,39.228418470472675
2016-12-06,41.82961034496648
2016-12-07,46.17001934055869
2016-12-08,46.83309507332534
2016-12-09,49.910304565522516
2016-12-10,41.02867814005147
2016-12-11,58.909836318280554
2016-12-12,58.91794881139887
2016-12-13,55.288247211002066
2016-12-14,51.64668673314762
2016-12-15,55.648061726790274
2016-12-16,51.31131031004202
2016-12-17,36.935367069329
2016-12-18,45.51194799322097
2016-12-19,52.009482700757474
2016-12-20,48.25321555538287
2016-12-21,56.27091058836278
2016-12-22,47.79871174799148
2016-12-23,46.782385965322426
2016-12-24,44.99896927194666
2016-12-25,48.502050721120675
2016-12-26,44.67645622090328
2016-12-27,49.36895301353424
2016-12-28,53.35797597988731
2016-12-29,40.52816860164885
2016-12-30,42.752124882365464
2016-12-31,43.735428787005475
2017-01-01,42.49325297178765
2017-01-02,39.709633032279285
2017-01-03,56.995675274260925
2017-01-04,62.80247020664771
2017-01-05,63.89984494470809
2017-01-06,53.71769260246607
2017-01-07,55.43733371137274
2017-01-08,51.249233246226424
2017-01-09,55.62769093664294
2017-01-10,56.72034414811729
2017-01-11,44.85797896995517
2017-01-12,50.794067425793145
2017-01-13,58.27895835926465
2017-01-14,46.98939660248561
2017-01-15,36.62192901241538
2017-01-16,57.33960684694492
2017-01-17,52.73868228401069
2017-01-18,49.91223761279399
2017-01-19,54.390457137488966
2017-01-20,47.93337430901396
2017-01-21,46.90427420400182
2017-01-22,52.62544248762397
2017-01-23,46.44092550656836
2017-01-24,49.30068673770988
2017-01-25,59.17997625990605
2017-01-26,48.68268799043753
2017-01-27,62.39464163117802
2017-01-28,49.82105342292443
2017-01-29,51.966552730591516
2017-01-30,45.28412770820768
2017-01-31,48.306438351672554
2017-02-01,49.5736755814265
2017-02-02,62.28395466804464
2017-02-03,49.97111630802509
2017-02-04,44.79700449471289
2017-02-05,44.69554788092972
2017-02-06,47.27619500906706
2017-02-07,42.43930044250119
2017-02-08,39.75766142335212
2017-02-09,46.94461098975976
2017-02-10,51.510747838011675
2017-02-11,47.27851863762541
2017-02-12,41.052185030032845
2017-02-13,54.23725247307851
2017-02-14,40.323011462808914
2017-02-15,50.1175999112215
2017-02-16,56.89638492499514
2017-02-17,45.790539696618936
2017-02-18,35.1295605415207
2017-02-19,39.39316416276617
2017-02-20,47.88869383836588
2017-02-21,45.533828724074425
2017-02-22,52.975508496653546
2017-02-23,49.71830537716805
2017-02-24,52.11173064101656
2017-02-25,39.78776423781554
2017-02-26,32.2638935108453
2017-02-27,52.62611858426738
2017-02-28,49.26053371494963
2017-03-01,48.57841764699836
2017-03-02,44.47313062098759
2017-03-03,47.46441925793748
2017-03-04,54.98002472559191
2017-03-05,42.271855724416056
2017-03-06,48.77959882757037
2017-03-07,37.74095783892737
2017-03-08,42.068449342068085
2017-03-09,51.28709160225411
2017-03-10,54.698078481563236
2017-03-11,49.57075234935582
2017-03-12,45.61909199614631
2017-03-13,46.25419042230811
2017-03-14,41.85159859237051
2017-03-15,37.02209906550721
2017-03-16,52.84994995268558
2017-03-17,48.46481653186417
2017-03-18,40.02682019676792
2017-03-19,35.734820749905005
2017-03-20,51.362758761260615
2017-03-21,46.591251866068355
2017-03-22,51.27847450118598
2017-03-23,45.08395424030557
2017-03-24,54.284675183617715
2017-03-25,32.459457586263284
2017-03-26,32.02797500715814
2017-03-27,36.34863510841724
2017-03-28,43.98896175653738
2017-03-29,46.08550886206838
2017-03-30,42.41445203030103
2017-03-31,47.83773116528637
2017-04-01,31.10946056713035
2017-04-02,40.86849942797326
2017-04-03,57.262857653366964
2017-04-04,47.70370316965059
2017-04-05,50.87477852757131
2017-04-06,55.51943833106459
2017-04-07,51.49671570909372
2017-04-08,39.56072670521889
2017-04-09,37.43836348962661
2017-04-10,54.59804266233863
2017-04-11,49.318896792635734
2017-04-12,37.58198776020765
2017-04-13,42.262168846034285
2017-04-14,32.87455730566352
2017-04-15,33.278833756256546
2017-04-16,39.58045371059389
2017-04-17,38.87615855047081
2017-04-18,41.12441216954354
2017-04-19,45.078684860193896
2017-04-20,40.72197403240388
2017-04-21,50.51591869600569
2017-04-22,39.13414224428183
2017-04-23,44.56136642133403
2017-04-24,51.49791277076278
2017-04-25,55.33299873482589
2017-04-26,53.783615470969195
2017-04-27,50.923366989079064
2017-04-28,51.3182709725338
2017-04-29,42.34463147711858
2017-04-30,38.41673961403307
2017-05-01,39.01973166760395
2017-05-02,42.6108501030386
2017-05-03,44.04557725949401
2017-05-04,43.67514526932696
2017-05-05,47.85616697875302
2017-05-06,46.7024909855444
2017-05-07,32.10823069981477
2017-05-08,43.2057439699696
2017-05-09,49.644442686815196
2017-05-10,44.1276515370986
2017-05-11,35.921700518939694
2017-05-12,44.946960886112635
2017-05-13,30.646452065192946
2017-05-14,32.1894433717412
2017-05-15,42.63173590827696
2017-05-16,46.66374098035399
2017-05-17,45.09122641168555
2017-05-18,41.74675455663535
2017-05-19,46.24788754631212
2017-05-20,43.63282535725022
2017-05-21,35.757588756636714
2017-05-22,47.13784425181346
2017-05-23,47.557298376672136
2017-05-24,32.18134417053375
2017-05-25,39.82113191989785
2017-05-26,45.632153656617064
2017-05-27,11.519497162566038
2017-05-28,24.013673972887894
2017-05-29,35.526307706761926
2017-05-30,41.04373188899571
2017-05-31,50.01133603942024
2017-06-01,50.34260276728959
2017-06-02,46.71998535486392
2017-06-03,38.45823680617483
2017-06-04,32.38227947774309
2017-06-05,27.951894490798686
2017-06-06,44.89461977611765
2017-06-07,47.58449837580872
2017-06-08,48.063282805208274
2017-06-09,44.40608325503037
2017-06-10,35.94142653673809
2017-06-11,45.67846056724555
2017-06-12,46.77376622234001
2017-06-13,51.44815552766971
2017-06-14,55.94137862727156
2017-06-15,50.091807940122266
2017-06-16,35.510979116167256
2017-06-17,32.47049554015121
2017-06-18,28.98025648337671
2017-06-19,34.5743463528214
2017-06-20,38.949956022755224
2017-06-21,34.48328221835732
2017-06-22,40.760681323183135
2017-06-23,27.655389622904675
2017-06-24,32.36702174820453
2017-06-25,31.39401611038616
2017-06-26,41.12642378482237
2017-06-27,45.76224240295859
2017-06-28,54.34397756960401
2017-06-29,52.2335137819834
2017-06-30,41.17668132601874
2017-07-01,41.049086577925216
2017-07-02,37.84117836672251
2017-07-03,50.1713493185414
2017-07-04,38.942642611231015
2017-07-05,28.703429321551774
2017-07-06,32.54915834672667
2017-07-07,30.02227987917635
2017-07-08,43.5947632905654
2017-07-09,38.35000279084625
2017-07-10,40.36129343806012
2017-07-11,42.645314076157035
2017-07-12,42.06852315758807
2017-07-13,45.97236087736004
2017-07-14,41.3750122589843
2017-07-15,45.10807189083512
2017-07-16,30.89455567013662
2017-07-17,48.16477714651721
2017-07-18,47.181512049090415
2017-07-19,61.72158348335745
2017-07-20,46.06627595278672
2017-07-21,49.46728695412095
2017-07-22,39.87296297028837
2017-07-23,34.92066641058038
2017-07-24,50.595405813467195
2017-07-25,50.18998022131899
2017-07-26,39.65811856711805
2017-07-27,52.34965587242053
2017-07-28,43.7235373109447
2017-07-29,36.07267273532966
2017-07-30,42.7369961537628
2017-07-31,36.00454648015331
2017-08-01,35.29639439468539
2017-08-02,49.43371890523964
2017-08-03,49.83242290189137
2017-08-04,36.6371313827148
2017-08-05,34.437536847804
2017-08-06,32.982481954338425
2017-08-07,39.3029413775397
2017-08-08,40.14851086527114
2017-08-09,46.8447048639133
2017-08-10,56.16845206723656
2017-08-11,37.81392924500135
2017-08-12,39.858616676815316
2017-08-13,43.72508948830808
2017-08-14,43.23537658311342
2017-08-15,46.26809669915142
2017-08-16,44.383348382997916
2017-08-17,42.26422668653696
2017-08-18,27.035663657696723
2017-08-19,40.84551481022227
2017-08-20,43.71874299746617
2017-08-21,47.24437078704616
2017-08-22,46.05061267320971
2017-08-23,42.375712617801334
2017-08-24,47.948068974481906
2017-08-25,47.9952716027
2017-08-26,36.83218084012845
2017-08-27,42.61590571776409
2017-08-28,47.67804276404772
2017-08-29,48.34787188537253
2017-08-30,49.639059554372146
2017-08-31,46.70666845883811
2017-09-01,53.2969599722931
2017-09-02,50.72069686634845
2017-09-03,44.762878921115515
2017-09-04,51.61004796220961
2017-09-05,53.99329096845861
2017-09-06,63.909595570641855
2017-09-07,57.905608509530296
2017-09-08,55.76740639977695
2017-09-09,41.06627857050271
2017-09-10,31.618646948187358
2017-09-11,42.335440352561164
2017-09-12,47.74544250525607
2017-09-13,47.31147485650486
2017-09-14,53.657233347269226
2017-09-15,44.18678432619695
2017-09-16,42.65650485221508
2017-09-17,35.747121630990236
2017-09-18,44.55191831956422
2017-09-19,49.856431381322466
2017-09-20,45.641506283060735
2017-09-21,56.61735635694419
2017-09-22,39.761489220567356
2017-09-23,40.823611434658176
2017-09-24,35.00397991192622
2017-09-25,52.37623588780353
2017-09-26,51.309041688635844
2017-09-27,57.49743798494671
2017-09-28,49.36475299299725
2017-09-29,45.80176574558019
2017-09-30,39.756286037167804
2017-10-01,49.478610782115396
2017-10-02,45.3634199971312
2017-10-03,50.550712788070044
2017-10-04,53.501480672113715
2017-10-05,37.95574213592833
2017-10-06,52.40419173033119
2017-10-07,46.21775105938974
2017-10-08,37.660490846145365
2017-10-09,56.934972171142626
2017-10-10,48.44321504346816
2017-10-11,52.24978636793383
2017-10-12,58.81976686961205
2017-10-13,46.531719884848926
2017-10-14,44.07993299245673
2017-10-15,44.92529037694482
2017-10-16,53.695235020088845
2017-10-17,53.27236580062773
2017-10-18,58.32578929326278
2017-10-19,56.42464288362177
2017-10-20,49.931134812368846
2017-10-21,43.29420538622822
2017-10-22,38.12539025363428
2017-10-23,48.37506411085953
2017-10-24,50.22831121043213
2017-10-25,43.77466131542
2017-10-26,54.35103605834674
2017-10-27,45.787413032577206
2017-10-28,45.83801735413324
2017-10-29,39.81996863986346
2017-10-30,53.329890683438705
2017-10-31,60.893123755817555
2017-11-01,50.567775466179505
2017-11-02,45.29016424795859
2017-11-03,40.68021884675337
2017-11-04,48.363034049694924
2017-11-05,39.492810376672274
2017-11-06,44.75156806544794
2017-11-07,48.78495354606105
2017-11-08,55.9799249810654
2017-11-09,50.937363920532746
2017-11-10,42.9236003593542
2017-11-11,45.81574685791484
2017-11-12,40.857319023661006
2017-11-13,48.1406296717459
2017-11-14,56.18176556364831
2017-11-15,52.90453966093512
2017-11-16,47.63726410500206
2017-11-17,44.22283160398935
2017-11-18,44.31409923738301
2017-11-19,46.21688849829563
2017-11-20,45.335058723929166
2017-11-21,56.17243078447542
2017-11-22,57.77904120457708
2017-11-23,61.97281809786215
2017-11-24,76.27426117057128
2017-11-25,55.5603721742508
2017-11-26,58.38361312433872
2017-11-27,64.82768863710355
2017-11-28,64.149027695971
2017-11-29,59.901273024994595
2017-11-30,63.32385276078982
2017-12-01,57.268374704577376
2017-12-02,57.14430671221109
2017-12-03,49.208830864794756
2017-12-04,49.61821755389511
2017-12-05,44.209547686485564
2017-12-06,46.63610942519238
2017-12-07,48.12398644022779
2017-12-08,54.26878863681738
2017-12-09,47.88080239491457
2017-12-10,49.41757751601667
2017-12-11,50.80493749548542
2017-12-12,47.611159288529365
2017-12-13,51.47511149484045
2017-12-14,51.39496418149184
2017-12-15,48.21436315015014
2017-12-16,47.73552543521581
2017-12-17,53.88398660294588
2017-12-18,59.18449701484372
2017-12-19,56.350711716189544
2017-12-20,41.76011894139145
2017-12-21,42.540235496595535
2017-12-22,43.82912148487204
2017-12-23,35.688973715045435
2017-12-24,43.456713825644606
2017-12-25,49.55816986298146
2017-12-26,47.368139702883504
2017-12-27,44.13853377935981
2017-12-28,47.21079228178233
2017-12-29,59.82864723025861
2017-12-30,51.820570028924415
2017-12-31,32.201518664249654
2018-01-01,43.15139360048236
2018-01-02,41.1579733048872
2018-01-03,52.69796211400611
2018-01-04,53.90823595117193
2018-01-05,49.8816606881426
2018-01-06,43.438423717205644
2018-01-07,52.43971184687632
2018-01-08,51.676867904195426
2018-01-09,55.51941811946536
2018-01-10,56.446862784803166
2018-01-11,51.639014506783454
2018-01-12,51.705149661637655
2018-01-13,58.79398245525552
2018-01-14,45.788326430787905
2018-01-15,54.12280036331088
2018-01-16,57.39301241708727
2018-01-17,60.76414096246051
2018-01-18,56.18883809672542
2018-01-19,58.026299693479544
2018-01-20,44.53456826209078
2018-01-21,43.55739867453798
2018-01-22,46.96983239023201
2018-01-23,55.53287235609139
2018-01-24,48.87849853129362
2018-01-25,45.0469572355103
2018-01-26,54.06558141549762
2018-01-27,46.61337518461058
2018-01-28,55.792244997244126
2018-01-29,44.232445010140374
2018-01-30,50.576396346618495
2018-01-31,43.62642164306601
2018-02-01,56.97684102496614
2018-02-02,58.063088180629045
2018-02-03,37.295148598760484
2018-02-04,46.36612741716464
2018-02-05,47.53598525549394
2018-02-06,48.99669500922451
2018-02-07,48.24142344004065
2018-02-08,52.47731610591507
2018-02-09,54.63152208737474
2018-02-10,40.782163947557635
2018-02-11,39.71305902471723
2018-02-12,49.46704489159227
2018-02-13,44.02539636256036
2018-02-14,40.777547290141015
2018-02-15,46.62417597862659
2018-02-16,46.15239016528723
2018-02-17,50.57062691718691
2018-02-18,45.53002071893164
2018-02-19,50.2048098194273
2018-02-20,53.58283392688895
2018-02-21,56.06697695841787
2018-02-22,49.73385528805724
2018-02-23,53.65330746753895
2018-02-24,42.98082552659305
2018-02-25,44.44104236016704
2018-02-26,50.81909038748099
2018-02-27,49.23301474749715
2018-02-28,53.132939921472
2018-03-01,55.78347331221713
2018-03-02,54.152089265051536
2018-03-03,47.6602878072164
2018-03-04,55.82211282220425
2018-03-05,50.044335506998614
2018-03-06,47.32727960629391
2018-03-07,44.49263869627216
2018-03-08,50.0009749492688
2018-03-09,59.0176814077301
2018-03-10,44.50477102596184
2018-03-11,53.10724795056143
2018-03-12,48.90784550373814
2018-03-13,54.423297938036676
2018-03-14,49.21671615968507
2018-03-15,50.35729296122718
2018-03-16,53.382314230207456
2018-03-17,50.57500347968982
2018-03-18,44.5007326348764
2018-03-19,51.30080667710743
2018-03-20,48.27943184587344
2018-03-21,49.44801533395302
2018-03-22,43.436277822531046
2018-03-23,46.94151925788699
2018-03-24,41.47584452402836
2018-03-25,43.28890477609656
2018-03-26,48.205903595261965
2018-03-27,40.96201716788357
2018-03-28,38.16501568372487
2018-03-29,42.40437523035522
2018-03-30,36.38363517343393
2018-03-31,44.682157653179985
2018-04-01,30.844113723991864
2018-04-02,33.688298188235976
2018-04-03,47.663866017785814
2018-04-04,46.76242239288082
2018-04-05,46.696439914639015
2018-04-06,44.82479071114563
2018-04-07,41.774183089507666
2018-04-08,37.32079265738972
2018-04-09,49.11142828770029
2018-04-10,44.691552551501964
2018-04-11,53.919339880302545
2018-04-12,47.742383669358645
2018-04-13,41.77673985834476
2018-04-14,39.60704223667614
2018-04-15,31.52619891580491
2018-04-16,42.585687089291355
2018-04-17,48.91549577165152
2018-04-18,40.24380691315489
2018-04-19,51.48722630077965
2018-04-20,38.149463991829805
2018-04-21,34.609947227883886
2018-04-22,32.99005726572772
2018-04-23,34.40797323721983
2018-04-24,40.609525430168844
2018-04-25,39.10531254487792
2018-04-26,44.35439056974953
2018-04-27,45.07600993715374
2018-04-28,40.94992959274725
2018-04-29,36.81419994250368
2018-04-30,40.54170466849264
2018-05-01,40.817259683594116
2018-05-02,48.78748702287189
2018-05-03,43.72969105828019
2018-05-04,50.4883797560289
2018-05-05,35.40036394264791
2018-05-06,29.66676443507285
2018-05-07,40.77085558344478
2018-05-08,51.56768864688476
2018-05-09,44.0170172970979
2018-05-10,30.473948201520436
2018-05-11,33.99239415547824
2018-05-12,40.87430212082569
2018-05-13,42.71420515968386
2018-05-14,39.81652020564804
2018-05-15,42.20858020148822
2018-05-16,44.36020084228406
2018-05-17,40.97879602046568
2018-05-18,47.86636810010338
2018-05-19,39.596465684374074
2018-05-20,50.77234040986478
2018-05-21,40.073831654838706
2018-05-22,37.89629240713187
2018-05-23,44.91119585455017
2018-05-24,44.86889084255587
2018-05-25,43.45451703230138
2018-05-26,26.746196985195127
2018-05-27,31.94354533222193
2018-05-28,44.68669363012591
2018-05-29,44.04978257460206
2018-05-30,50.25276375701775
2018-05-31,52.79999473210708
2018-06-01,41.96027944720067
2018-06-02,36.53349610887822
2018-06-03,36.161525679854115
2018-06-04,55.24842753701256
2018-06-05,46.03007554518001
2018-06-06,53.3161138114701
2018-06-07,52.0829748458839
2018-06-08,44.52413773180073
2018-06-09,30.550072710677664
2018-06-10,40.33230837900003
2018-06-11,50.13294015111642
2018-06-12,46.4467483134509
2018-06-13,47.82361012101243
2018-06-14,46.5260883782976
2018-06-15,39.830412355870536
2018-06-16,31.50371880959964
2018-06-17,33.98375725921553
2018-06-18,34.03204907104317
2018-06-19,44.94376337152928
2018-06-20,39.99426726371129
2018-06-21,36.73139340577897
2018-06-22,36.721912566713755
2018-06-23,23.850468232171444
2018-06-24,30.482068073197286
2018-06-25,43.85772054678607
2018-06-26,42.31122411138092
2018-06-27,41.575712084061855
2018-06-28,45.4561992015359
2018-06-29,48.408727342967325
2018-06-30,33.284904315213424
2018-07-01,24.633101193027365
2018-07-02,42.981945215044576
2018-07-03,46.162920156940814
2018-07-04,38.11533538978175
2018-07-05,43.37034472472819
2018-07-06,40.53033589748002
2018-07-07,38.63781450994812
2018-07-08,31.873346262165814
2018-07-09,47.513439992109625
2018-07-10,52.432085077046125
2018-07-11,48.912290359957005
2018-07-12,51.73679633797219
2018-07-13,42.4211513440659
2018-07-14,35.71021790452956
2018-07-15,35.94963275834838
2018-07-16,43.25864266885554
2018-07-17,55.93618223232235
2018-07-18,51.59981183473541
2018-07-19,40.27686442239131
2018-07-20,47.304261634951175
2018-07-21,46.49454912707151
2018-07-22,41.24985771898708
2018-07-23,44.53708562501106
2018-07-24,49.417676560356
2018-07-25,37.76185444372761
2018-07-26,34.63795163980848
2018-07-27,43.61682812547114
2018-07-28,29.950607272883463
2018-07-29,33.75206431343098
2018-07-30,48.455874291839876
2018-07-31,35.56079762618633
2018-08-01,11.40601523086687
2018-08-02,44.16656428158064
2018-08-03,44.04409705925771
2018-08-04,32.346696074196586
2018-08-05,26.577429101677552
2018-08-06,40.84353262871653
2018-08-07,35.08043975487312
2018-08-08,45.32387825160008
2018-08-09,40.686081456798775
2018-08-10,50.667104777817514
2018-08-11,45.126410688913204
2018-08-12,30.613445365489596
2018-08-13,47.95883788903315
2018-08-14,48.344765741953424
2018-08-15,38.96115721791702
2018-08-16,48.18894574259133
2018-08-17,38.78375180509168
2018-08-18,44.587824095368916
2018-08-19,34.84769059028304
2018-08-20,45.461977554085266
2018-08-21,34.79934731303729
2018-08-22,42.61101261334567
2018-08-23,42.26187032059132
2018-08-24,43.33160458727984
2018-08-25,37.58347763627082
2018-08-26,47.28629515477444
2018-08-27,44.84718823148354
2018-08-28,41.14402252009279
2018-08-29,49.78187784963268
2018-08-30,53.32655548927992
2018-08-31,53.926769643228525
2018-09-01,47.10603238932083
2018-09-02,39.17360974759263
2018-09-03,42.02448669493516
2018-09-04,45.85515468417409
2018-09-05,46.68153946428072
2018-09-06,48.75630456080557
2018-09-07,40.66440577142096
2018-09-08,39.55079183949646
2018-09-09,49.98148044401743
2018-09-10,53.83733941559382
2018-09-11,51.75540741977508
2018-09-12,51.404252613823175
2018-09-13,47.37076806288769
2018-09-14,52.42327469852808
2018-09-15,45.03330907436038
2018-09-16,41.936049111040674
2018-09-17,53.12109668871081
2018-09-18,52.848646256154595
2018-09-19,45.281831583183504
2018-09-20,52.35544348357649
2018-09-21,52.492810178691826
2018-09-22,47.52929171279601
2018-09-23,35.181879246447004
2018-09-24,57.53758974916688
2018-09-25,47.88642282749345
2018-09-26,48.954733968714606
2018-09-27,44.47565475840159
2018-09-28,60.15111276985352
2018-09-29,42.63514578531172
2018-09-30,42.68768338398567
2018-10-01,49.46387404057779
2018-10-02,49.91521074687887
2018-10-03,47.75717848205068
2018-10-04,49.88356864386132
2018-10-05,57.45826809289436
2018-10-06,40.175453596044115
2018-10-07,40.024581863234
2018-10-08,49.20311236935368
2018-10-09,57.236063381017516
2018-10-10,42.37459049795855
2018-10-11,46.1432843797083
2018-10-12,45.71550007036907
2018-10-13,41.13255900381415
2018-10-14,50.00083251739166
2018-10-15,50.955296728523386
2018-10-16,56.96054935234533
2018-10-17,55.61671884656202
2018-10-18,53.77283172840159
2018-10-19,52.861364134126056
2018-10-20,44.19792949510393
2018-10-21,51.507913796426045
2018-10-22,53.13963448344821
2018-10-23,49.719799858813154
2018-10-24,54.18546002057537
2018-10-25,40.64529751839797
2018-10-26,47.36295372634463
2018-10-27,54.67631631340857
2018-10-28,63.4944566696327
2018-10-29,53.30756292723559
2018-10-30,58.377984951544974
2018-10-31,51.65051843201756
2018-11-01,51.926412639137844
2018-11-02,55.0298940862396
2018-11-03,54.067171374871556
2018-11-04,54.723384165498935
2018-11-05,50.01715662067094
2018-11-06,50.915884146051894
2018-11-07,52.36113539132532
2018-11-08,49.33924388475608
2018-11-09,44.801248203371664
2018-11-10,48.953540805736814
2018-11-11,43.61125037496373
2018-11-12,46.30661980982075
2018-11-13,50.1389708011744
2018-11-14,55.83831523151559
2018-11-15,49.98207623448197
2018-11-16,59.43606824916381
2018-11-17,48.298858141927504
2018-11-18,60.61908706438595
2018-11-19,64.98588622966444
2018-11-20,66.59198162953034
2018-11-21,70.89868852809305
2018-11-22,69.57973939253792
2018-11-23,81.70497276851096
2018-11-24,57.220366783227455
2018-11-25,57.79815119264323
2018-11-26,69.4864269671848
2018-11-27,48.856374354765705
2018-11-28,58.30334808736136
2018-11-29,65.49333155384967
2018-11-30,53.31925399439854
2018-12-01,52.40373624330228
2018-12-02,51.485584692802796
2018-12-03,49.0337465353072
2018-12-04,56.91091476464479
2018-12-05,56.047250833601964
2018-12-06,56.47008768456539
2018-12-07,58.895663388702154
2018-12-08,49.670689782436625
2018-12-09,42.124770514203554
2018-12-10,49.664741565552795
2018-12-11,47.61826757902112
2018-12-12,52.142026502578865
2018-12-13,43.62900123807066
2018-12-14,51.17291982276651
2018-12-15,47.20206011395565
2018-12-16,45.50400490944303
2018-12-17,52.44340864705931
2018-12-18,53.29262606221761
2018-12-19,48.14118691673331
2018-12-20,49.43372762950893
2018-12-21,40.11482922328079
2018-12-22,40.1048629447487
2018-12-23,43.85298377368442
2018-12-24,50.86557793649738
2018-12-25,55.0615087625353
2018-12-26,56.530306012846914
2018-12-27,53.28854118978625
2018-12-28,49.38915759097001
2018-12-29,54.391178655893775
2018-12-30,48.82876882713909
2018-12-31,43.32753631956036
2019-01-01,40.931492924407394
2019-01-02,44.66759458901395
2019-01-03,48.17922846571218
2019-01-04,58.44971571268382
2019-01-05,45.397057494892564
2019-01-06,53.428013997985225
2019-01-07,49.28360326987798
2019-01-08,60.02591652622577
2019-01-09,53.26928537709181
2019-01-10,48.31770312246499
2019-01-11,51.658633798715464
2019-01-12,45.77179236701471
2019-01-13,39.29335706698694
2019-01-14,47.1687382869242
2019-01-15,59.584097120033945
2019-01-16,56.977181348595934
2019-01-17,50.62874053596128
2019-01-18,53.69964917131872
2019-01-19,45.150414022719815
2019-01-20,49.377894262078
2019-01-21,57.52797420813507
2019-01-22,45.69620835030329
2019-01-23,58.14473188453281
2019-01-24,54.57137970408679
2019-01-25,58.37785328557377
2019-01-26,54.64711748464741
2019-01-27,54.453314739194106
2019-01-28,62.372924330664226
2019-01-29,58.90567618343486
2019-01-30,57.71518881748453
2019-01-31,63.99418821829366
2019-02-01,54.33064255588448
2019-02-02,44.30795995800567
2019-02-03,43.90870848740419
2019-02-04,53.5642617282447
2019-02-05,52.72754011872704
2019-02-06,51.20205220749715
2019-02-07,51.1330687458351
2019-02-08,54.21821168940225
2019-02-09,51.50450519736976
2019-02-10,50.884341819645876
2019-02-11,53.357621175491026
2019-02-12,51.83771853937744
2019-02-13,56.314088878855124
2019-02-14,55.099655270912244
2019-02-15,54.148146647320765
2019-02-16,41.91022417055395
2019-02-17,40.231148901905236
2019-02-18,56.463778116887944
2019-02-19,53.095143032317495
2019-02-20,54.656397458267655
2019-02-21,51.612622122483955
2019-02-22,49.659287042281484
2019-02-23,41.678776420000126
2019-02-24,40.0261969228946
2019-02-25,45.60285798638145
2019-02-26,49.23540282054368
2019-02-27,56.323164551128805
2019-02-28,40.74067097927292
2019-03-01,57.965381260734155
2019-03-02,46.71971840031256
2019-03-03,42.99464529070484
2019-03-04,48.74049660485823
2019-03-05,50.25921930272723
2019-03-06,56.817143381722154
2019-03-07,50.59784691333152
2019-03-08,41.628662843221086
2019-03-09,44.48572453462728
2019-03-10,52.819306043972254
2019-03-11,48.73630082319233
2019-03-12,44.51950304455545
2019-03-13,47.51035289633953
2019-03-14,47.81581207112767
2019-03-15,53.493558829041696
2019-03-16,36.96842757389503
2019-03-17,48.42184790526289
2019-03-18,53.53173943624973
2019-03-19,48.000673762331985
2019-03-20,50.853724550538566
2019-03-21,48.66142803503342
2019-03-22,49.52622735631481
2019-03-23,42.256902706066626
2019-03-24,45.654703360230506
2019-03-25,36.547958943062916
2019-03-26,41.7198410359236
2019-03-27,43.205859263206385
2019-03-28,50.53060254353379
2019-03-29,55.278273582956686
2019-03-30,41.870694414286135
2019-03-31,43.07575662216831
2019-04-01,43.66784403301393
2019-04-02,58.85985999190323
2019-04-03,51.452189868454205
2019-04-04,49.60194268947468
2019-04-05,54.20441604038106
2019-04-06,46.1897713735165
2019-04-07,49.014805401173646
2019-04-08,48.903151696839195
2019-04-09,58.81940797930522
2019-04-10,47.125134993606366
2019-04-11,58.130676262296234
2019-04-12,52.656432113015754
2019-04-13,48.09183639630868
2019-04-14,35.52867814606565
2019-04-15,41.42995384819851
2019-04-16,41.4435692093624
2019-04-17,39.822187753034186
2019-04-18,52.054457689150844
2019-04-19,30.82390168357591
2019-04-20,43.36736832311259
2019-04-21,31.49051462420254
2019-04-22,43.89712535415868
2019-04-23,40.59494610951597
2019-04-24,46.252868792146494
2019-04-25,47.252039763900896
2019-04-26,36.702111076899534
2019-04-27,38.87253417195426
2019-04-28,36.76642875320825
2019-04-29,52.96642071786989
2019-04-30,56.71903804329126
2019-05-01,54.82854237015402
2019-05-02,52.98308385107587
2019-05-03,48.22818045421892
2019-05-04,39.26565069047123
2019-05-05,47.31404730304187
2019-05-06,46.138821889905536
2019-05-07,49.393262609233574
2019-05-08,49.274506669110686
2019-05-09,46.274967743365146
2019-05-10,47.81872887403847
2019-05-11,49.27434679147597
2019-05-12,42.714994418683006
2019-05-13,52.539106178748355
2019-05-14,43.15860309281133
2019-05-15,54.90664133609038
2019-05-16,59.13369820441947
2019-05-17,48.005919840765465
2019-05-18,32.49070165135631
2019-05-19,41.59568537069721
2019-05-20,46.71706587657777
2019-05-21,51.52556326838496
2019-05-22,55.439234112383936
2019-05-23,37.28773399456644
2019-05-24,48.516239491576044
2019-05-25,40.18985071260065
2019-05-26,34.83907571373605
2019-05-27,41.849141193446265
2019-05-28,50.56600589737314
2019-05-29,44.38189963590388
2019-05-30,38.9197652550442
2019-05-31,49.22060217280029
2019-06-01,44.62046812472599
2019-06-02,41.367351494822245
2019-06-03,42.10609167731211
2019-06-04,57.75931920612496
2019-06-05,54.44002050776422
2019-06-06,58.6937689607015
2019-06-07,52.12908611310343
2019-06-08,40.35879912516
2019-06-09,46.808713639777594
2019-06-10,37.017726201169864
2019-06-11,48.78116868511372
2019-06-12,49.09010784199912
2019-06-13,38.16836806966715
2019-06-14,46.63512675280525
2019-06-15,37.29076926041599
2019-06-16,43.12701157749961
2019-06-17,32.013899562468126
2019-06-18,43.61311620654248
2019-06-19,46.23112701730109
2019-06-20,45.463541901353295
2019-06-21,46.05543805465585
2019-06-22,39.353419979200936
2019-06-23,40.06102877218134
2019-06-24,41.48029577123766
2019-06-25,42.69526267492701
2019-06-26,50.90618813835513
2019-06-27,40.352605894713335
2019-06-28,38.430622024224974
2019-06-29,12.640934217225837
2019-06-30,29.72797738642913
2019-07-01,41.95473609625594
2019-07-02,34.60147562733377
2019-07-03,48.807119978711825
2019-07-04,38.060959640901345
2019-07-05,49.8585314709571
2019-07-06,39.07683721263846
2019-07-07,36.22486377838488
2019-07-08,42.94476565312974
2019-07-09,45.24923980512273
2019-07-10,40.29743812882869
2019-07-11,49.321687186967466
2019-07-12,41.56851495213299
2019-07-13,25.140364563413467
2019-07-14,43.682993263518995
2019-07-15,40.95146805506959
2019-07-16,37.85098753550616
2019-07-17,34.65014098080914
2019-07-18,49.120585440479964
2019-07-19,41.55587304745416
2019-07-20,27.489416889288282
2019-07-21,31.631430297033553
2019-07-22,41.433870636842116
2019-07-23,34.4282119970014
2019-07-24,37.366634889147115
2019-07-25,38.4656457208004
2019-07-26,42.015785992771924
2019-07-27,46.71887420762172
2019-07-28,42.905696453409405
2019-07-29,43.949460316261856
2019-07-30,38.97230014324757
2019-07-31,51.16242337032585
2019-08-01,28.368745709403196
2019-08-02,32.264560557444945
2019-08-03,33.34981251318098
2019-08-04,36.41434364974997
2019-08-05,45.26231049112574
2019-08-06,42.679895250747954
2019-08-07,41.44574922049265
2019-08-08,47.01430076045732
2019-08-09,44.661348056912594
2019-08-10,40.79515574493183
2019-08-11,38.280676096052794
2019-08-12,42.07379465775161
2019-08-13,55.62140712978082
2019-08-14,45.61844337180033
2019-08-15,53.38288690322977
2019-08-16,42.520890920560994
2019-08-17,47.09852850973266
2019-08-18,45.04671421363146
2019-08-19,54.13883621075084
2019-08-20,62.556966385385515
2019-08-21,52.66374232692893
2019-08-22,48.280966683504985
2019-08-23,56.908478450911794
2019-08-24,42.57597544886808
2019-08-25,45.206843038452476
2019-08-26,48.72931252639282
2019-08-27,47.279184731995585
2019-08-28,57.50899472864276
2019-08-29,46.02414261451971
2019-08-30,35.072773365316124
2019-08-31,39.695886395690906
2019-09-01,35.89950644670435
2019-09-02,48.33644554553215
2019-09-03,53.01272843148451
2019-09-04,48.58540872831724
2019-09-05,42.91244446501728
2019-09-06,54.74343312852013
2019-09-07,47.42626899777382
2019-09-08,45.38191541161439
2019-09-09,54.90404295860312
2019-09-10,47.26737298708899
2019-09-11,43.02242851599284
2019-09-12,46.69390579492616
2019-09-13,48.97070994986432
2019-09-14,36.781496243011816
2019-09-15,47.728763222342316
2019-09-16,51.99468230366449
2019-09-17,54.45862531866867
2019-09-18,44.06366710245098
2019-09-19,57.02459494247294
2019-09-20,43.63861909544495
2019-09-21,34.97256574118875
2019-09-22,41.708023751052465
2019-09-23,46.09254903020408
2019-09-24,51.63846286687513
2019-09-25,48.63178647360776
2019-09-26,50.281602674013655
2019-09-27,48.61976296455647
2019-09-28,46.600749374030116
2019-09-29,41.538669149214385
2019-09-30,42.87521999801264
2019-10-01,50.07322336954555
2019-10-02,45.50050033486029
2019-10-03,52.210963690884796
2019-10-04,52.52248614518673
2019-10-05,35.61574073743559
2019-10-06,51.992398129021026
2019-10-07,50.779827527251165
2019-10-08,52.59742099233261
2019-10-09,57.89627076282323
2019-10-10,48.760094799430334
2019-10-11,45.15058578174248
2019-10-12,43.53131824782623
2019-10-13,46.63294983308543
2019-10-14,49.048937539043926
2019-10-15,51.540284311034625
2019-10-16,53.16692768853421
2019-10-17,44.66253767024093
2019-10-18,55.706229177345875
2019-10-19,54.604467727913025
2019-10-20,47.617449503938694
2019-10-21,54.54408571690977
2019-10-22,51.9034754871533
2019-10-23,60.06708231449157
2019-10-24,56.59737135203244
2019-10-25,57.27568425410895
2019-10-26,48.09750072441457
2019-10-27,52.25102820331204
2019-10-28,54.38192739542849
2019-10-29,55.340731010043214
2019-10-30,55.9779717483506
2019-10-31,50.16086115902526
2019-11-01,49.393973201859964
2019-11-02,49.13630124944322
2019-11-03,48.22395844446743
2019-11-04,52.13586935258309
2019-11-05,52.26340335512574
2019-11-06,50.572771682498185
2019-11-07,51.650652730520676
2019-11-08,52.48058233246267
2019-11-09,42.07450436432363
2019-11-10,54.51570917160422
2019-11-11,57.536624989651564
2019-11-12,50.958192302917254
2019-11-13,56.31231801345604
2019-11-14,60.527657392199416
2019-11-15,59.351546911247446
2019-11-16,52.33633777979794
2019-11-17,54.12014549867908
2019-11-18,60.49341048961931
2019-11-19,59.20088620294016
2019-11-20,61.80568528196661
2019-11-21,64.49590609229128
2019-11-22,59.33783465413485
2019-11-23,60.215470430565574
2019-11-24,57.32530487290898
2019-11-25,63.83300775231536
2019-11-26,66.21614209469742
2019-11-27,66.08624355139483
2019-11-28,75.88794854538212
2019-11-29,91.45812330742332
2019-11-30,61.58574601368404
2019-12-01,66.75806949871344
2019-12-02,65.79040177480076
2019-12-03,61.14481120216457
2019-12-04,62.9553777416201
2019-12-05,60.91240536679807
2019-12-06,55.15018871328541
2019-12-07,50.544656163478365
2019-12-08,48.955271932522294
2019-12-09,54.75715781255596
2019-12-10,52.062225132431855
2019-12-11,57.523008962241356
2019-12-12,52.06967075329753
2019-12-13,49.66885282379435
2019-12-14,55.42375140562002
2019-12-15,48.38440302066491
2019-12-16,52.32438461927098
2019-12-17,55.96294663901182
2019-12-18,56.61419632443133
2019-12-19,49.4022052948158
2019-12-20,52.673687127579925
2019-12-21,52.40001736049355
2019-12-22,46.22587466148766
2019-12-23,50.0739201724976
2019-12-24,51.527065088359436
2019-12-25,53.44681822745507
2019-12-26,58.519072343257314
2019-12-27,53.31436366881606
2019-12-28,53.94804872460746
2019-12-29,48.91555354940321
2019-12-30,44.85008204692832
2019-12-31,50.65984518072311
2020-01-01,45.93205802942934
2020-01-02,50.75721911082799
2020-01-03,53.35527828540779
2020-01-04,54.590542071561025
2020-01-05,47.75860894157254
2020-01-06,55.6257970037995
2020-01-07,56.62232138103503
2020-01-08,58.392646066008446
2020-01-09,57.34180690773774
2020-01-10,56.968351391903006
2020-01-11,57.2722795186766
2020-01-12,57.17923418647347
2020-01-13,56.12085791441466
2020-01-14,54.09715070184064
2020-01-15,53.61494578267214
2020-01-16,56.28577881385095
2020-01-17,53.335733464966815
2020-01-18,48.49751197421263
2020-01-19,50.77918541940282
2020-01-20,53.13000619021876
2020-01-21,53.97976006274692
2020-01-22,54.52676841954917
2020-01-23,54.71937947334191
2020-01-24,51.68575405448236
2020-01-25,46.810159963072124
2020-01-26,45.73297198239507
2020-01-27,48.01946319609591
2020-01-28,45.61195534515326
2020-01-29,49.38831407909546
2020-01-30,48.20208447200714
2020-01-31,48.49940913200642
2020-02-01,52.026118350050766
2020-02-02,51.91445381055128
2020-02-03,54.45423155201166
2020-02-04,53.16831789445757
2020-02-05,50.081462759338464
2020-02-06,54.697594352120305
2020-02-07,55.26076669561364
2020-02-08,50.93766435185528
2020-02-09,46.10147167073676
2020-02-10,55.807633916032145
2020-02-11,51.943806936927416
2020-02-12,55.54948396723953
2020-02-13,53.19520123979575
2020-02-14,51.86427991743799
2020-02-15,39.11208357014133
2020-02-16,46.81120620751982
2020-02-17,49.352667188083
2020-02-18,46.5160855741088
2020-02-19,46.593294372439246
2020-02-20,50.57600783287008
2020-02-21,47.266119245415965
2020-02-22,41.66696472523511
2020-02-23,51.009579319230845
2020-02-24,47.79476349544643
2020-02-25,54.76307589530491
2020-02-26,52.57608869762326
2020-02-27,55.64809300721674
2020-02-28,56.50335399881198
2020-02-29,52.45597891849366
2020-03-01,49.37016694207772
2020-03-02,51.310042936900246
2020-03-03,62.56270495136637
2020-03-04,59.96060626473234
2020-03-05,60.19071646566572
2020-03-06,64.74060692857745
2020-03-07,58.81720679260129
2020-03-08,59.48626540247452
2020-03-09,66.76811699782002
2020-03-10,68.84483346409303
2020-03-11,68.9394861048189
2020-03-12,81.01871723645486
2020-03-13,86.81845613810478
2020-03-14,85.80152425868054
2020-03-15,84.41406420783713
2020-03-16,99.0876231652861
2020-03-17,108.87223765531965
2020-03-18,105.00776516364665
2020-03-19,98.48570526023772
2020-03-20,95.21502200610558
2020-03-21,86.497555021772
2020-03-22,87.99756857953435
2020-03-23,88.11084438351081
2020-03-24,96.10371243269584
2020-03-25,83.72953394008438
2020-03-26,82.54754875165192
2020-03-27,89.15562604928873
2020-03-28,82.51427259947589
2020-03-29,82.09621086185241
2020-03-30,81.47438918774752
2020-03-31,86.60253651541096
2020-04-01,82.30535878532126
2020-04-02,83.22760228247728
2020-04-03,76.23249668123172
2020-04-04,76.41958008262364
2020-04-05,73.49981717707111
2020-04-06,77.04948879461033
2020-04-07,70.73285747100576
2020-04-08,79.12928535433174
2020-04-09,74.3054878065513
2020-04-10,66.37832753405529
2020-04-11,65.86755115515703
2020-04-12,67.84902195077042
2020-04-13,69.15062140308451
2020-04-14,72.99542081556184
2020-04-15,74.59357811189693
2020-04-16,71.43826005519144
2020-04-17,69.99971341685642
2020-04-18,70.08510487635792
2020-04-19,66.55680367547208
2020-04-20,71.10571738281506
2020-04-21,68.48079599322112
2020-04-22,69.40150635573708
2020-04-23,74.49455677638946
2020-04-24,63.4366920918157
2020-04-25,67.65285751202101
2020-04-26,67.40174130317574
2020-04-27,68.76073727305067
2020-04-28,73.65473522628044
2020-04-29,69.46003922182683
2020-04-30,68.97940472097332
2020-05-01,71.58612341069598
2020-05-02,72.74921108521237
2020-05-03,71.78686419696487
2020-05-04,80.73940057010063
2020-05-05,82.48253217585561
2020-05-06,77.96665183563726
2020-05-07,70.0016165819327
2020-05-08,76.00096443408707
2020-05-09,60.77950032091856
2020-05-10,70.08693080775306
2020-05-11,78.22882254132932
2020-05-12,74.59589914651113
2020-05-13,73.19956781913643
2020-05-14,70.2348138236125
2020-05-15,75.50514571278141
2020-05-16,77.6402841615617
2020-05-17,72.17062815396125
2020-05-18,71.85940117191093
2020-05-19,63.562945989315345
2020-05-20,71.01353549322906
2020-05-21,62.875754232779485
2020-05-22,57.844104460415906
2020-05-23,59.947425303913256
2020-05-24,57.99449695948155
2020-05-25,64.30839196250126
2020-05-26,74.63644678616141
2020-05-27,66.46192718496334
2020-05-28,66.37517141144261
2020-05-29,73.16752773126957
2020-05-30,64.63561604806004
2020-05-31,65.9372984850403
2020-06-01,56.70156480602951
2020-06-02,65.25579688679507
2020-06-03,67.7816355260907
2020-06-04,68.53518770850071
2020-06-05,63.17770359707019
2020-06-06,62.845307761112565
2020-06-07,68.829294795779
2020-06-08,68.2505482999437
2020-06-09,66.301794266201
2020-06-10,64.54980346456766
2020-06-11,67.6948882137136
2020-06-12,62.755233540645726
2020-06-13,70.77033267713287
2020-06-14,67.11950205442227
2020-06-15,68.20463605695653
2020-06-16,64.72497016570891
2020-06-17,60.71278696060662
2020-06-18,61.19552672448066
2020-06-19,68.61115364758699
2020-06-20,64.4958767815352
2020-06-21,62.03467477792202
2020-06-22,65.32095281952502
2020-06-23,59.00035733241133
2020-06-24,59.63589362424964
2020-06-25,61.58718692058609
2020-06-26,60.467279054740814
2020-06-27,60.57359842881249
2020-06-28,60.42890403183176
2020-06-29,59.537681263326434
2020-06-30,63.18218587244698
2020-07-01,60.64639446371162
2020-07-02,61.62245023543209
2020-07-03,61.92655870759489
2020-07-04,52.89499402702172
2020-07-05,62.350850353426914
2020-07-06,67.05550323298512
2020-07-07,61.816226680893
2020-07-08,60.68919276837572
2020-07-09,64.07728540925247
2020-07-10,63.78853170574467
2020-07-11,60.49440484698405
2020-07-12,64.80418120684315
2020-07-13,56.60145103522306
2020-07-14,62.521317464249776
2020-07-15,62.016700934728405
2020-07-16,63.878735031910566
2020-07-17,58.816985595954364
2020-07-18,53.2844821343712
2020-07-19,52.82862622136861
2020-07-20,56.49503816017172
2020-07-21,59.00834910512881
2020-07-22,60.95050249097825
2020-07-23,60.62043290595296
2020-07-24,55.511307108375966
2020-07-25,50.815851094006796
2020-07-26,56.15851389440884
2020-07-27,57.086910867286804
2020-07-28,58.56994361452236
2020-07-29,59.980903819033216
2020-07-30,53.88882153555377
2020-07-31,54.67355334833827
2020-08-01,55.57904594801984
2020-08-02,59.737806335215524
2020-08-03,61.99152190364788
2020-08-04,63.86564199704483
2020-08-05,63.72108334639945
2020-08-06,63.34844112103361
2020-08-07,65.56790271115217
2020-08-08,56.54712043782763
2020-08-09,55.44546260571055
2020-08-10,60.95335119960375
2020-08-11,62.77486400302134
2020-08-12,61.312884924582164
2020-08-13,60.99913701026428
2020-08-14,58.923903107112956
2020-08-15,55.67601355214835
2020-08-16,49.78855768646285
2020-08-17,52.43636575794694
2020-08-18,61.51893189324497
2020-08-19,65.67286367689398
2020-08-20,53.99274783948249
2020-08-21,58.66453254125618
2020-08-22,61.737501212772045
2020-08-23,60.301936708052224
2020-08-24,63.33273047071603
2020-08-25,63.354147673891326
2020-08-26,69.050574885489
2020-08-27,70.57373867735882
2020-08-28,71.95247817967417
2020-08-29,63.38328484221349
2020-08-30,62.14540204368893
2020-08-31,68.608359042683
2020-09-01,61.9323828397447
2020-09-02,67.69507358919773
2020-09-03,63.00436075130489
2020-09-04,62.787609818331696
2020-09-05,62.21365728921428
2020-09-06,63.68258937886726
2020-09-07,73.63744266294157
2020-09-08,66.11458719412839
2020-09-09,72.2256140318121
2020-09-10,70.39385139198811
2020-09-11,64.96149255714474
2020-09-12,65.59775144105903
2020-09-13,60.88758383985524
2020-09-14,60.71937966664153
2020-09-15,62.5002193805406
2020-09-16,64.88715660131002
2020-09-17,73.54122682660663
2020-09-18,57.76060981407996
2020-09-19,58.73588135363694
2020-09-20,62.2214794943913
2020-09-21,65.08004935203071
2020-09-22,69.41554025256293
2020-09-23,69.18469350069186
2020-09-24,65.28280667907505
2020-09-25,62.36542723034861
2020-09-26,62.71556399001387
2020-09-27,57.60406551323011
2020-09-28,61.321452111302605
2020-09-29,62.07045638740004
2020-09-30,63.411607963889196
2020-10-01,61.72239507545731
2020-10-02,66.05481263964889
2020-10-03,59.70123035318456
2020-10-04,59.951221950769444
2020-10-05,65.29594242767611
2020-10-06,67.09577009438169
2020-10-07,65.93264838152456
2020-10-08,67.40218718959015
2020-10-09,60.44746135368423
2020-10-10,65.92890458847647
2020-10-11,57.92765182579349
2020-10-12,62.41828258882477
2020-10-13,68.34387170922525
2020-10-14,64.805892821791
2020-10-15,64.70351804787708
2020-10-16,66.1256313904425
2020-10-17,68.24580430863375
2020-10-18,72.5825992442168
2020-10-19,78.25744662689242
2020-10-20,80.75942400943231
2020-10-21,78.611290379648
2020-10-22,82.33279235090312
2020-10-23,82.65759993121793
2020-10-24,81.2867785237385
2020-10-25,83.99499755465764
2020-10-26,85.97258515233926
2020-10-27,85.16035687862124
2020-10-28,82.18502103968386
2020-10-29,82.52166671054287
2020-10-30,83.43963625797798
2020-10-31,82.30124526098481
2020-11-01,76.1313509745253
2020-11-02,76.42723002232137
2020-11-03,76.77717431341769
2020-11-04,71.67510370970884
2020-11-05,76.71641343305527
2020-11-06,74.35327083846585
2020-11-07,74.61300886412201
2020-11-08,82.28546959005902
2020-11-09,84.37246192651689
2020-11-10,90.14031587322573
2020-11-11,88.08445746883442
2020-11-12,87.82933574877782
2020-11-13,89.95689413817438
2020-11-14,82.14646050139687
2020-11-15,81.33981989055931
2020-11-16,90.90318884664937
2020-11-17,81.74628277843973
2020-11-18,88.66174319786269
2020-11-19,92.64171369864953
2020-11-20,91.90937291988809
2020-11-21,95.05957767211562
2020-11-22,98.33207810205886
2020-11-23,108.57370203407538
2020-11-24,111.28062860473757
2020-11-25,104.30414360811558
2020-11-26,110.742924722574
2020-11-27,127.91107919584552
2020-11-28,110.31371592970613
2020-11-29,97.08222626806756
2020-11-30,94.14046802817238
2020-12-01,90.41429877877025
2020-12-02,84.32882086174332
2020-12-03,83.03264114157507
2020-12-04,74.73882257437721
2020-12-05,74.6674240929269
2020-12-06,72.16440444439425
2020-12-07,69.98956088033454
2020-12-08,70.96308078858573
2020-12-09,65.59480977803481
2020-12-10,71.29828586157282
2020-12-11,72.80868522541091
2020-12-12,76.93026951385804
2020-12-13,75.39875332981084
2020-12-14,73.38284152635603
2020-12-15,78.12755763331153
2020-12-16,78.93065206072157
2020-12-17,76.69775275477633
2020-12-18,73.98045782900957
2020-12-19,79.28409433522843
2020-12-20,72.91211541701641
2020-12-21,73.36072344515205
2020-12-22,69.08057958133456
2020-12-23,67.90553768819998
2020-12-24,70.86518999224081
2020-12-25,71.6476885175487
2020-12-26,72.35698259006699
2020-12-27,68.74040868468704
2020-12-28,72.87088806809965
2020-12-29,72.51727835735961
2020-12-30,75.99896018505794
2020-12-31,70.010434062249
2021-01-01,70.33648509404047
2021-01-02,76.11952229608818
2021-01-03,78.11043292938432
2021-01-04,79.38572866311127
2021-01-05,84.3771325403742
2021-01-06,85.34032045379368
2021-01-07,85.94601250325114
2021-01-08,82.9263725046276
2021-01-09,83.21995673540464
2021-01-10,84.58852123579807
2021-01-11,88.48797683133645
2021-01-12,91.60572245869331
2021-01-13,89.11403806696306
2021-01-14,93.9052088744054
2021-01-15,83.66566431185811
2021-01-16,88.807974633598
2021-01-17,84.36711104098399
2021-01-18,84.3342665124353
2021-01-19,87.70050953722033
2021-01-20,86.09480769954217
2021-01-21,87.17195534979916
2021-01-22,83.32192301948203
2021-01-23,78.21543080331287
2021-01-24,79.95492183976243
2021-01-25,88.79481379154724
2021-01-26,79.6667742945945
2021-01-27,84.29877235970832
2021-01-28,82.07485937744185
2021-01-29,83.09123734164639
2021-01-30,82.84387071207526
2021-01-31,80.46500951834282
2021-02-01,81.75961840369236
2021-02-02,84.6635232941284
2021-02-03,76.36708182789047
2021-02-04,88.02664994276788
2021-02-05,75.6831162439535
2021-02-06,76.35703584709354
2021-02-07,75.99223667495477
2021-02-08,73.08652445409665
2021-02-09,72.8773900529621
2021-02-10,69.72445868889537
2021-02-11,76.57166736075607
2021-02-12,72.8753799569586
2021-02-13,60.557042836084236
2021-02-14,66.35161924541374
2021-02-15,76.71345221795653
2021-02-16,65.1796112328907
2021-02-17,67.02826456427118
2021-02-18,63.20334747459335
2021-02-19,68.34297547070783
2021-02-20,67.27185449249203
2021-02-21,65.31700516879579
2021-02-22,67.18751480936211
2021-02-23,68.98883891868496
2021-02-24,69.73615015339085
2021-02-25,65.17678498713782
2021-02-26,66.35389478121243
2021-02-27,66.63883395721453
2021-02-28,61.40015924215527
2021-03-01,74.18488370266469
2021-03-02,72.649660669348
2021-03-03,67.34178437260232
2021-03-04,73.5432958908467
2021-03-05,72.20501738909495
2021-03-06,65.2966035539804
2021-03-07,69.29152993526634
2021-03-08,65.00578656442566
2021-03-09,64.03347715597394
2021-03-10,61.67428939447085
2021-03-11,64.59819028142412
2021-03-12,68.77634068761014
2021-03-13,64.2812677837118
2021-03-14,63.8434145296922
2021-03-15,68.79685583863719
2021-03-16,68.57708021942045
2021-03-17,67.07518870959584
2021-03-18,67.51425261260783
2021-03-19,65.77590303789414
2021-03-20,63.20308636739238
2021-03-21,67.94301061556277
2021-03-22,69.22737586714076
2021-03-23,66.51900357081652
2021-03-24,66.84597976699663
2021-03-25,63.35927793243936
2021-03-26,62.10215676352851
2021-03-27,54.166405292883745
2021-03-28,58.86979063120373
2021-03-29,60.01839448300466
2021-03-30,63.58316304920084
2021-03-31,65.02906971521692
2021-04-01,58.21988257538919
2021-04-02,55.99812741904334
2021-04-03,58.363804243413554
2021-04-04,53.72280933105344
2021-04-05,51.03302560486064
2021-04-06,61.306613344668925
2021-04-07,65.92138280365205
2021-04-08,67.29463745456887
2021-04-09,55.62286875168752
2021-04-10,59.55559939199695
2021-04-11,61.67929136092994
2021-04-12,65.90999939995153
2021-04-13,63.318851832474486
2021-04-14,62.14602988379815
2021-04-15,69.61589637257033
2021-04-16,60.784083214582914
2021-04-17,61.55223821898432
2021-04-18,61.66920404317439
2021-04-19,63.59403984568177
2021-04-20,61.01489765770077
2021-04-21,58.76638443475364
2021-04-22,62.309815441446496
2021-04-23,55.48506928030568
2021-04-24,53.15408585292961
2021-04-25,53.43674022847324
2021-04-26,57.24794614080605
2021-04-27,64.91138810161421
2021-04-28,65.42523617803266
2021-04-29,57.03332972494111
2021-04-30,58.80550728825163
2021-05-01,59.93621571739295
2021-05-02,60.42455716152053
2021-05-03,59.45734407248398
2021-05-04,60.929120942939036
2021-05-05,60.99010815849651
2021-05-06,62.81861214536356
2021-05-07,61.26667179382509
2021-05-08,57.18481980841183
2021-05-09,53.39324357904388
2021-05-10,60.09534525612729
2021-05-11,60.414765374798826
2021-05-12,57.68132225729016
2021-05-13,60.02156321292102
2021-05-14,53.20370009604962
2021-05-15,50.82248238303082
2021-05-16,44.65494610783922
2021-05-17,56.554215358111954
2021-05-18,64.04832076535214
2021-05-19,56.7965752318432
2021-05-20,54.71935000606761
2021-05-21,58.89100219563015
2021-05-22,48.80921711494841
2021-05-23,48.423205144734204
2021-05-24,53.42478621494141
2021-05-25,60.725183661429035
2021-05-26,62.80389777319806
2021-05-27,64.60916943372541
2021-05-28,55.49728773991613
2021-05-29,44.11131783777602
2021-05-30,51.49075295746101
2021-05-31,41.01711670999292
2021-06-01,55.53039850480824
2021-06-02,56.37132031195181
2021-06-03,58.715176187211675
2021-06-04,51.32598144786927
2021-06-05,46.42454811963535
2021-06-06,45.6671767330947
2021-06-07,54.967076803780294
2021-06-08,48.53967790081111
2021-06-09,57.36227644614011
2021-06-10,50.36804625903795
2021-06-11,45.81417115916899
2021-06-12,45.236430846051455
2021-06-13,42.994450539746225
2021-06-14,52.494334030760626
2021-06-15,45.54109431608363
2021-06-16,48.008831580673345
2021-06-17,51.12362950313785
2021-06-18,49.82705672945145
2021-06-19,38.389208716376146
2021-06-20,37.22287039233332
2021-06-21,38.27835962191155
2021-06-22,54.85084553253097
2021-06-23,48.35300224052536
2021-06-24,47.16576316774885
2021-06-25,46.94693503106406
2021-06-26,47.531232123794624
2021-06-27,42.50694635675724
2021-06-28,47.897985624470785
2021-06-29,52.767945585391764
2021-06-30,46.838121281999776
2021-07-01,51.60942854605106
2021-07-02,43.75140922089727
2021-07-03,42.9158452788471
2021-07-04,39.836406729330356
2021-07-05,48.8030936506034
2021-07-06,52.80525194281652
2021-07-07,53.72300653316846
2021-07-08,51.28776814375076
2021-07-09,54.90016141317775
2021-07-10,49.653481561667974
2021-07-11,44.249332416781044
2021-07-12,42.974874311934165
2021-07-13,55.60951163317942
2021-07-14,61.485643987399186
2021-07-15,47.297771890698506
2021-07-16,61.3919649002547
2021-07-17,36.21802027394078
2021-07-18,47.56287852980109
2021-07-19,48.73285567197576
2021-07-20,47.38274604984365
2021-07-21,53.18176357585602
2021-07-22,49.56690293605945
2021-07-23,48.893270794665035
2021-07-24,46.2367304400845
2021-07-25,42.62687409207489
2021-07-26,53.0795793442384
2021-07-27,47.330344391688385
2021-07-28,59.1387750707033
2021-07-29,62.654875359129946
2021-07-30,47.42776768364259
2021-07-31,54.05919749685157
2021-08-01,47.85638340408526
2021-08-02,56.47754483417987
2021-08-03,51.45221860556799
2021-08-04,59.057388819269406
2021-08-05,57.40302953636315
2021-08-06,60.41101819411706
2021-08-07,52.23458754919706
2021-08-08,54.36087962780263
2021-08-09,56.261751220672565
2021-08-10,52.834006096974946
2021-08-11,57.46578659501806
2021-08-12,64.05873878593026
2021-08-13,52.25517298290322
2021-08-14,51.55170113354495
2021-08-15,53.174406915979915
2021-08-16,58.29268380083072
2021-08-17,56.74490420523624
2021-08-18,65.13883831911653
2021-08-19,57.958504986478026
2021-08-20,60.89894488000234
2021-08-21,50.503361291623634
2021-08-22,53.00397344033213
2021-08-23,60.291118669566714
2021-08-24,62.33746403625387
2021-08-25,58.626491701363996
2021-08-26,58.613921537630546
2021-08-27,58.07119418559782
2021-08-28,56.7917025109693
2021-08-29,53.58401203445204
2021-08-30,57.800624504615556
2021-08-31,58.74273378586968
2021-09-01,56.902753550457845
2021-09-02,57.9810420194072
2021-09-03,56.784873206004455
2021-09-04,49.59876213302147
2021-09-05,53.522892661120686
2021-09-06,65.82965285342219
2021-09-07,61.22688595116175
2021-09-08,64.20098088774027
2021-09-09,66.2982623917551
2021-09-10,56.56510886811095
2021-09-11,51.87443632818105
2021-09-12,49.788280579171506
2021-09-13,57.541159051896486
2021-09-14,56.23884926167115
2021-09-15,60.0132792323608
2021-09-16,59.93557728668701
2021-09-17,54.931386325112825
2021-09-18,48.671426440155855
2021-09-19,45.229301641150656
2021-09-20,54.470470831389555
2021-09-21,55.221146136230786
2021-09-22,54.2408243212476
2021-09-23,51.753329779241284
2021-09-24,53.908668226942176
2021-09-25,55.1456642811129
2021-09-26,50.905187172336596
2021-09-27,52.47103310154092
2021-09-28,57.239952175058505
2021-09-29,56.44835841885594
2021-09-30,59.476215755812106
2021-10-01,59.39529826666348
2021-10-02,51.047375878823644
2021-10-03,54.66617399985751
2021-10-04,61.60607100160851
2021-10-05,66.27145698297977
2021-10-06,59.888415614025746
2021-10-07,60.45242834254556
2021-10-08,61.203998406448704
2021-10-09,60.001298506860095
2021-10-10,64.82625095440682
2021-10-11,67.45987513977987
2021-10-12,58.48088570986981
2021-10-13,55.681600431857916
2021-10-14,59.38914726551325
2021-10-15,56.81454456641748
2021-10-16,53.95628614929852
2021-10-17,58.60346099852616
2021-10-18,66.03733590571986
2021-10-19,66.45440232161681
2021-10-20,63.122496430264974
2021-10-21,68.6653141703438
2021-10-22,64.81878482126847
2021-10-23,58.38717002411231
2021-10-24,58.350993241928016
2021-10-25,63.35472524091188
2021-10-26,63.71193484387661
2021-10-27,62.27380051924568
2021-10-28,59.17806035083099
2021-10-29,59.40050283962739
2021-10-30,57.93434841657621
2021-10-31,54.466242929121535
2021-11-01,65.74497062043271
2021-11-02,63.25629888504672
2021-11-03,63.1603491239247
2021-11-04,67.47154090049253
2021-11-05,65.58059783865609
2021-11-06,59.636234144999484
2021-11-07,62.172615995999294
2021-11-08,64.00586811975622
2021-11-09,68.63453800200216
2021-11-10,67.4947599012154
2021-11-11,73.56146188624287
2021-11-12,64.81032338189881
2021-11-13,59.42277225726172
2021-11-14,64.34080823852153
2021-11-15,57.887125714933994
2021-11-16,63.69758091309104
2021-11-17,68.34271006597908
2021-11-18,67.52508476854554
2021-11-19,63.3934192237194
2021-11-20,69.91435575005674
2021-11-21,75.80714478308425
2021-11-22,78.84258481339803
2021-11-23,82.78092569720438
2021-11-24,79.56448917465349
2021-11-25,86.9201674166654
2021-11-26,105.38513897234782
2021-11-27,76.94412037539607
2021-11-28,71.43032320644781
2021-11-29,76.57410419891457
2021-11-30,70.8883213248167
2021-12-01,69.41397400430523
2021-12-02,72.15570287796137
2021-12-03,71.59300823715954
2021-12-04,66.11435442958162
2021-12-05,61.09152696478303
2021-12-06,73.57489663121306
2021-12-07,70.79657183934269
2021-12-08,75.77258741520467
2021-12-09,73.04872966894277
2021-12-10,69.56699833527998
2021-12-11,68.59178614209358
2021-12-12,70.69470616127096
2021-12-13,69.682631428195
2021-12-14,67.7800320936136
2021-12-15,67.0908574780049
2021-12-16,66.09310168989602
2021-12-17,64.69723497015312
2021-12-18,71.18475997354305
2021-12-19,65.23242153847175
2021-12-20,75.00091136720849
2021-12-21,72.55694482498791
2021-12-22,74.28446771139232
2021-12-23,70.183694696738
2021-12-24,68.26409570822072
2021-12-25,70.71914982745434
2021-12-26,72.3836786830335
2021-12-27,72.66398873011083
2021-12-28,75.6095798111725
2021-12-29,75.47677357498829
2021-12-30,73.42945688398513
2021-12-31,65.52832036551345
2022-01-01,79.70664865527057
2022-01-02,79.15886079489923
2022-01-03,89.94011343519696
2022-01-04,92.53291923837142
2022-01-05,97.41225994159433
2022-01-06,98.57964173145268
2022-01-07,90.5530886258041
2022-01-08,81.91368362875023
2022-01-09,85.8498488456105
2022-01-10,87.69567672882856
2022-01-11,85.2198102195795
2022-01-12,78.05035647626569
2022-01-13,84.90592191587197
2022-01-14,77.8153439293635
2022-01-15,69.76043749307357
2022-01-16,69.69417845044583
2022-01-17,68.72265692748596
2022-01-18,72.44148282519681
2022-01-19,73.06156716351245
2022-01-20,74.56698419091288
2022-01-21,70.95924009024691
2022-01-22,70.753992272276
2022-01-23,78.4105113971349
2022-01-24,82.74584337161969
2022-01-25,88.55327372305689
2022-01-26,81.90748156214374
2022-01-27,89.19908491788968
2022-01-28,81.2620432501657
2022-01-29,84.75556385997416
2022-01-30,82.57946288696459
2022-01-31,82.45049139334785
2022-02-01,80.96651856385347
2022-02-02,82.15770351617385
2022-02-03,74.47470741587193
2022-02-04,75.10724388320428
2022-02-05,67.58183736243845
2022-02-06,67.3871360656228
2022-02-07,71.94224347254755
2022-02-08,77.41804068460594
2022-02-09,76.87252796835753
2022-02-10,70.22306247101871
2022-02-11,81.60824444956435
2022-02-12,65.2163851990108
2022-02-13,68.88047989391684
2022-02-14,70.13304300169101
2022-02-15,77.03175278339633
2022-02-16,75.56520203951322
2022-02-17,79.74479797057106
2022-02-18,76.4991958407154
2022-02-19,66.27604444627598
2022-02-20,66.57841155765894
2022-02-21,66.3221290426888
2022-02-22,70.80322645927201
2022-02-23,70.07012681129297
2022-02-24,63.007151569671954
2022-02-25,63.95283589394866
2022-02-26,67.0980758428858
2022-02-27,62.83563964441402
2022-02-28,65.26949195847466
2022-03-01,65.89430573006996
2022-03-02,60.06852503311078
2022-03-03,67.44393184379136
2022-03-04,68.59256858026417
2022-03-05,70.27393200432809
2022-03-06,58.38708516336606
2022-03-07,63.63178174992447
2022-03-08,60.5574662076245
2022-03-09,59.19147147635842
2022-03-10,67.91516032633989
2022-03-11,64.06373006794973
2022-03-12,63.153376524959796
2022-03-13,60.886671294596475
2022-03-14,61.642371416726604
2022-03-15,67.43489645429769
2022-03-16,70.7437466995535
2022-03-17,67.71914254289995
2022-03-18,66.95594078780643
2022-03-19,64.33577255070018
2022-03-20,57.62039387084342
2022-03-21,71.98183251762556
2022-03-22,72.9958963713974
2022-03-23,71.28563561408119
2022-03-24,64.84696104286333
2022-03-25,67.48811616615728
2022-03-26,58.22125953533891
2022-03-27,65.46520255120643
2022-03-28,67.42772038515982
2022-03-29,72.47984545130365
2022-03-30,69.56465258313615
2022-03-31,69.06759375741984
2022-04-01,72.06302607732388
2022-04-02,62.649188067739416
2022-04-03,61.99986760038816
2022-04-04,68.55274922657027
2022-04-05,65.61053299925148
2022-04-06,71.07917060409409
2022-04-07,65.11404673919435
2022-04-08,60.84504482528839
2022-04-09,63.998625947249835
2022-04-10,62.37463879541143
2022-04-11,59.507512347664914
2022-04-12,69.58771331677275
2022-04-13,67.50214446172261
2022-04-14,61.711367953118184
2022-04-15,54.722217027786186
2022-04-16,53.92089676159748
2022-04-17,52.59267526503886
2022-04-18,54.94636409340635
2022-04-19,55.78923725807533
2022-04-20,60.44831538575266
2022-04-21,61.985042197398926
2022-04-22,60.922822435508756
2022-04-23,60.82562917382111
2022-04-24,54.369239483786956
2022-04-25,61.97814229679974
2022-04-26,65.85657639583916
2022-04-27,62.18230978657079
2022-04-28,61.34079444635838
2022-04-29,61.317610814248106
2022-04-30,62.56040767824533
2022-05-01,66.68072069016557
2022-05-02,64.283282042714
2022-05-03,69.42426380599134
2022-05-04,71.62868424423385
2022-05-05,76.40262350305534
2022-05-06,60.378814626826795
2022-05-07,65.29534231061099
2022-05-08,51.64203546431658
2022-05-09,62.3278945305015
2022-05-10,72.29491750038264
2022-05-11,68.0895364421711
2022-05-12,55.21783150037192
2022-05-13,63.40368247654169
2022-05-14,54.73123667397318
2022-05-15,54.6717103647903
2022-05-16,61.708592552548026
2022-05-17,61.38282724791602
2022-05-18,59.78243802429356
2022-05-19,60.30955570314276
2022-05-20,57.234275743625375
2022-05-21,54.0930236058893
2022-05-22,54.983507462788516
2022-05-23,64.43815628059643
2022-05-24,67.1577117216726
2022-05-25,59.285507270276206
2022-05-26,48.72426583455325
2022-05-27,56.51348064656407
2022-05-28,50.511968428566085
2022-05-29,52.475460479188484
2022-05-30,63.00470353643237
2022-05-31,56.449421810417576
2022-06-01,64.77173905916106
2022-06-02,58.3875132824864
2022-06-03,60.03730311850825
2022-06-04,50.74079978019684
2022-06-05,56.05874930454232
2022-06-06,56.9408960506834
2022-06-07,58.814120764594946
2022-06-08,57.28457837741386
2022-06-09,64.11510176556791
2022-06-10,51.94746282511767
2022-06-11,45.80867248685662
2022-06-12,56.12894761245582
2022-06-13,57.9324024822748
2022-06-14,63.350319368367046
2022-06-15,54.92439537243138
2022-06-16,57.40960870380474
2022-06-17,51.95994521046832
2022-06-18,47.57314561604902
2022-06-19,51.50112035370362
2022-06-20,58.29082343972476
2022-06-21,52.567240584330115
2022-06-22,57.87325480936818
2022-06-23,60.862045200406506
2022-06-24,55.02204355756981
2022-06-25,52.08164823456935
2022-06-26,52.54015981200405
2022-06-27,59.173420676276635
2022-06-28,57.790964117463496
2022-06-29,52.33209950648126
2022-06-30,57.34541258974252
2022-07-01,60.83391573666981
2022-07-02,47.71174717279059
2022-07-03,51.597331192053275
2022-07-04,56.756706632247415
2022-07-05,55.80366842490166
2022-07-06,56.341359131163756
2022-07-07,67.86682004981621
2022-07-08,50.82855866482811
2022-07-09,54.97068614463221
2022-07-10,56.13394152043621
2022-07-11,53.212013418053346
2022-07-12,57.93330019237595
2022-07-13,62.59824261808867
2022-07-14,53.86690668757012
2022-07-15,57.25527355552951
2022-07-16,53.87256419235129
2022-07-17,45.867492797962655
2022-07-18,56.08422490196471
2022-07-19,57.529538334398126
2022-07-20,51.94926338394116
2022-07-21,55.365783358928596
2022-07-22,51.20576259077126
2022-07-23,55.546679625390155
2022-07-24,44.69413954719566
2022-07-25,59.38932106886038
2022-07-26,59.030478740916564
2022-07-27,53.10776695925179
2022-07-28,57.64701248229534
2022-07-29,56.35379927310501
2022-07-30,42.558160331789445
2022-07-31,49.20704676028175
2022-08-01,59.522541918716975
2022-08-02,58.863694940869415
2022-08-03,62.76391891575118
2022-08-04,60.34534819169188
2022-08-05,63.0402442321915
2022-08-06,59.230399153683614
2022-08-07,56.31579183548788
2022-08-08,66.87846646935344
2022-08-09,64.65865621237234
2022-08-10,67.1146639623515
2022-08-11,55.49000532492135
2022-08-12,65.64134855550083
2022-08-13,57.504126752589436
2022-08-14,63.21952319672367
2022-08-15,59.997994376758804
2022-08-16,66.46173005109577
2022-08-17,64.21236485942768
2022-08-18,65.60500546540717
2022-08-19,60.164670134905165
2022-08-20,65.47706949341726
2022-08-21,61.54951979175141
2022-08-22,66.31679482493355
2022-08-23,63.481035105074525
2022-08-24,61.28242185818864
2022-08-25,67.42051431355675
2022-08-26,63.00453343897017
2022-08-27,60.03146686527888
2022-08-28,57.29266285314374
2022-08-29,64.02010529791139
2022-08-30,62.17354787408298
2022-08-31,64.33192164273582
2022-09-01,74.88218476622414
2022-09-02,60.20656011324339
2022-09-03,61.1753824112903
2022-09-04,57.68577743664553
2022-09-05,60.2320829773368
2022-09-06,69.0966621184713
2022-09-07,66.09808699109693
2022-09-08,61.15350006907869
2022-09-09,64.77576106393062
2022-09-10,59.43081113283758
2022-09-11,65.13888164074967
2022-09-12,62.12637915894974
2022-09-13,67.18013339551662
2022-09-14,64.00572831405465
2022-09-15,66.211687195332
2022-09-16,69.63487627589699
2022-09-17,63.62125429725382
2022-09-18,66.43489198597686
2022-09-19,67.14692893139573
2022-09-20,66.21878773268031
2022-09-21,70.24123599344487
2022-09-22,65.412917104892
2022-09-23,66.44425907151677
2022-09-24,62.67433373078604
2022-09-25,63.75513773455063
2022-09-26,63.02482704206123
2022-09-27,64.64653542172366
2022-09-28,66.06866475878365
2022-09-29,66.84356625705068
2022-09-30,59.94315388370433
2022-10-01,71.28629270479821
2022-10-02,65.33328153808327
2022-10-03,64.66537022019591
2022-10-04,65.2915975917228
2022-10-05,68.4998147962277
2022-10-06,62.48931097877321
2022-10-07,61.02012132310478
2022-10-08,65.1287249546897
2022-10-09,66.26847339647057
2022-10-10,63.88072070224355
2022-10-11,67.4108563860694
2022-10-12,65.13048209574819
2022-10-13,64.47056778102868
2022-10-14,66.6397651785353
2022-10-15,66.1767590246064
2022-10-16,63.8873171468728
2022-10-17,67.21589769076067
2022-10-18,65.10557549246482
2022-10-19,65.58648118963762
2022-10-20,70.63515637569294
2022-10-21,70.12440798964784
2022-10-22,66.03766452537944
2022-10-23,63.30594960253774
2022-10-24,66.40730964865699
2022-10-25,69.32603358832418
2022-10-26,71.12205895932335
2022-10-27,61.991877210611214
2022-10-28,68.48106171916103
2022-10-29,64.44692302156801
2022-10-30,66.22864203424152
2022-10-31,65.34369194645835
2022-11-01,71.1479325185394
2022-11-02,75.93059128661989
2022-11-03,78.84802245140685
2022-11-04,72.32463107023706
2022-11-05,74.16995216720456
2022-11-06,75.54120036751988
2022-11-07,72.94214129856319
2022-11-08,75.74240852698861
2022-11-09,74.53793396386835
2022-11-10,74.49045252726752
2022-11-11,75.59996421953335
2022-11-12,67.34672242109217
2022-11-13,63.607839691684916
2022-11-14,66.84878997886278
2022-11-15,65.92311835538715
2022-11-16,64.09866100442328
2022-11-17,69.34356642490809
2022-11-18,75.22890927304095
2022-11-19,73.2700232142746
2022-11-20,80.42246710842431
2022-11-21,84.55179909962727
2022-11-22,96.69084018755053
2022-11-23,93.12109129242705
2022-11-24,92.02398028195262
2022-11-25,112.11811357143016
2022-11-26,93.23949349230779
2022-11-27,90.18033220927639
2022-11-28,86.05506504390158
2022-11-29,84.08676330146545
2022-11-30,79.44082002477087
2022-12-01,74.26594941721453
2022-12-02,66.96626759521504
2022-12-03,71.01255975118393
2022-12-04,72.43818356717836
2022-12-05,67.04839171505354
2022-12-06,63.809933844201694
2022-12-07,62.09610164807922
2022-12-08,60.7602255260849
2022-12-09,62.07842741521434
2022-12-10,63.230519923927176
2022-12-11,66.00709822103285
2022-12-12,65.65330717155987
2022-12-13,65.03409904604615
2022-12-14,70.2822622955941
2022-12-15,68.59504146548919
2022-12-16,66.59763868015575
2022-12-17,71.04955069919404
2022-12-18,62.02696282241864
2022-12-19,64.93729093171254
2022-12-20,64.18858324939518
2022-12-21,71.0202679126658
2022-12-22,69.13104198463415
2022-12-23,61.489161295505824
2022-12-24,66.91653583807755
2022-12-25,73.23711845971017
2022-12-26,70.00279034600918
2022-12-27,77.53680666083993
2022-12-28,75.51591223863028
2022-12-29,73.25120195689814
2022-12-30,71.27985436741687
2022-12-31,67.90080405836726
2023-01-01,73.05185421760808
2023-01-02,75.95238529907922
2023-01-03,71.5680701157337
2023-01-04,78.17675319997106
2023-01-05,77.14247098467497
2023-01-06,76.31629459703788
2023-01-07,72.91935807099024
2023-01-08,70.4846434144891
2023-01-09,77.83560934069183
2023-01-10,74.1565870116339
2023-01-11,84.29208439552167
2023-01-12,76.54856700260103
2023-01-13,74.69618570060689
2023-01-14,69.87149440374361
2023-01-15,71.3408231092701
2023-01-16,78.25898167077139
2023-01-17,80.57453297826166
2023-01-18,78.1841734615077
2023-01-19,73.21595661309111
2023-01-20,78.89273906019727
2023-01-21,70.75223603913864
2023-01-22,72.81597042700284
2023-01-23,69.74356596324994
2023-01-24,69.2449122307042
2023-01-25,72.17054193414376
2023-01-26,74.67067546178396
2023-01-27,74.37277421543017
2023-01-28,66.71082051160928
2023-01-29,70.66512314164157
2023-01-30,72.71201082273765
2023-01-31,70.79229911134405
2023-02-01,71.29703537903431
2023-02-02,69.80045542945862
2023-02-03,68.3961782296189
2023-02-04,78.40627476912172
2023-02-05,73.71560320306743
2023-02-06,72.0553259669741
2023-02-07,77.95702622181702
2023-02-08,73.92452309205909
2023-02-09,72.0890988511679
2023-02-10,75.13664624915879
2023-02-11,64.53450529043766
2023-02-12,67.58925229771609
2023-02-13,74.77150526553471
2023-02-14,72.83085994168792
2023-02-15,69.46687555285993
2023-02-16,76.09459629936333
2023-02-17,72.232368214167
2023-02-18,69.19537538188635
2023-02-19,70.70254622882047
2023-02-20,71.82256679175258
2023-02-21,69.0431157767733
2023-02-22,64.54045500452634
2023-02-23,68.70347990568754
2023-02-24,69.93808676466212
2023-02-25,71.91499567455077
2023-02-26,68.23282890865313
2023-02-27,70.34001471562078
2023-02-28,70.2684045935095
2023-03-01,64.34727844928459
2023-03-02,70.22545521453047
2023-03-03,67.67953984028833
2023-03-04,61.00007382817657
2023-03-05,65.94773811422534
2023-03-06,68.43103223135216
2023-03-07,68.29155737828478
2023-03-08,67.58849799708595
2023-03-09,64.84461307494625
2023-03-10,66.59557497560624
2023-03-11,56.72602718320508
2023-03-12,62.363486503466824
2023-03-13,64.530704899989
2023-03-14,65.86881024937614
2023-03-15,72.51059100421746
2023-03-16,59.83536359363954
2023-03-17,65.66945095719109
2023-03-18,58.69121144992499
2023-03-19,62.543388206201186
2023-03-20,61.52349839032195
2023-03-21,70.62433308719577
2023-03-22,66.96759556483283
2023-03-23,67.47441016627019
2023-03-24,70.53324124218
2023-03-25,61.72979768076476
2023-03-26,70.295545616996293
2023-03-27,70.68273189989979
2023-03-28,68.17361228010903
2023-03-29,74.94423390485916
2023-03-30,71.65616894990976
2023-03-31,61.622018479341335
2023-04-01,65.70221620759337
2023-04-02,61.518969027316444
2023-04-03,70.7640463529268
2023-04-04,59.12344653845978
2023-04-05,70.25325717760359
2023-04-06,64.04758994575757
2023-04-07,58.43650069226163
2023-04-08,61.16431352464201
2023-04-09,64.30764482143846
2023-04-10,56.10367482518969
2023-04-11,64.2170988965824
2023-04-12,66.75789109568235
2023-04-13,61.35351282423487
2023-04-14,72.62464765239557
2023-04-15,67.84816887349753
2023-04-16,61.66219198838454
2023-04-17,65.66152122787041
2023-04-18,62.42917512208911
2023-04-19,67.34016795720505
2023-04-20,60.47068502916545
2023-04-21,67.73959140432301
2023-04-22,55.7109657598472
2023-04-23,60.82341978025849
2023-04-24,65.8130768600804
2023-04-25,67.05398178470615
2023-04-26,66.06814044547443
2023-04-27,65.36238608096254
2023-04-28,59.52016830314054
2023-04-29,61.92618600166775
2023-04-30,56.28602313856781
2023-05-01,62.10396278733081
2023-05-02,67.8693459210708
2023-05-03,63.03143485497498
2023-05-04,60.45841063781184
2023-05-05,57.15446981227014
2023-05-06,52.644415969999834
2023-05-07,56.686992781950615
2023-05-08,61.486465778309686
2023-05-09,66.2818320179521
2023-05-10,65.61177623135082
2023-05-11,64.08708098063742
2023-05-12,64.035519985273325
2023-05-13,52.117159236073206
2023-05-14,56.35481312679004
2023-05-15,63.55243125877561
2023-05-16,66.18951392284727
2023-05-17,58.39153158575979
2023-05-18,59.81026622423874
2023-05-19,60.03271823898657
2023-05-20,60.45348579367677
2023-05-21,56.3137178818242
2023-05-22,69.79952096492921
2023-05-23,72.3956669799609
2023-05-24,68.93676288353085
2023-05-25,62.33252582486882
2023-05-26,59.07386328910882
2023-05-27,57.50447474904362
2023-05-28,49.29809266573148
2023-05-29,57.39664970886003
2023-05-30,57.85093549842907
2023-05-31,58.76339317064605
2023-06-01,53.20235335159937
2023-06-02,61.79099228470993
2023-06-03,56.565034266755475
2023-06-04,55.2238238495127
2023-06-05,61.825110919317126
2023-06-06,68.78985707590482
2023-06-07,61.838065850012875
2023-06-08,55.8316771418145
2023-06-09,64.33444935709393
2023-06-10,45.267396025900865
2023-06-11,49.52818482331837
2023-06-12,56.27810853634003
2023-06-13,60.32444117725406
2023-06-14,61.577652988579786
2023-06-15,63.12652063267669
2023-06-16,48.9589911611387
2023-06-17,52.97240849806652
2023-06-18,57.51563642502943
2023-06-19,60.42311833649403
2023-06-20,62.2113720751531
2023-06-21,63.183421435187185
2023-06-22,62.71255810977518
2023-06-23,52.20392528862317
2023-06-24,59.85939687655506
2023-06-25,51.5681349135243
2023-06-26,68.95399399815409
2023-06-27,59.776360084996526
2023-06-28,60.250020460364226
2023-06-29,65.85372232410873
2023-06-30,53.7126123916496
2023-07-01,58.498811350081255
2023-07-02,52.28070612257885
2023-07-03,68.71689057111176
2023-07-04,58.63486660209699
2023-07-05,57.233603090954105
2023-07-06,60.305201390129554
2023-07-07,56.30032266034545
2023-07-08,53.27664516210532
2023-07-09,70.21447768654514
2023-07-10,59.516533303980424
2023-07-11,61.515968195949156
2023-07-12,58.35159555110769
2023-07-13,65.28823918560761
2023-07-14,62.94270639582236
2023-07-15,48.45004491205687
2023-07-16,48.41781025123185
2023-07-17,57.73248245686167
2023-07-18,56.756053357178466
2023-07-19,59.207236710591395
2023-07-20,58.79140180731859
2023-07-21,55.19519449193357
2023-07-22,59.0278911390181
2023-07-23,53.63695668163151
2023-07-24,62.95360760654536
2023-07-25,70.14624932879653
2023-07-26,76.0206496745174
2023-07-27,63.61091942070043
2023-07-28,63.40194131227868
2023-07-29,62.32237061994145
2023-07-30,65.9230523666537
2023-07-31,62.73891124969732
2023-08-01,57.68375362757856
2023-08-02,58.82083439225423
2023-08-03,65.14122203620886
2023-08-04,67.10655383476978
2023-08-05,62.0757019125579
2023-08-06,55.73380593147076
2023-08-07,71.1955119323143
2023-08-08,64.23311924404861
2023-08-09,68.285992646186
2023-08-10,65.22435605341309
2023-08-11,64.76218825663904
2023-08-12,62.96017988390344
2023-08-13,58.29632504337401
2023-08-14,63.20350049478689
2023-08-15,63.07113835163462
2023-08-16,64.14566099288382
2023-08-17,58.75850026107384
2023-08-18,69.27143505190043
2023-08-19,57.52757101104803
2023-08-20,60.278873975257994
2023-08-21,59.508585232388086
2023-08-22,63.319147917925875
2023-08-23,60.922226141524646
2023-08-24,60.19643864596768
2023-08-25,63.559088906611834
2023-08-26,63.310617700178454
2023-08-27,62.405507055860994
2023-08-28,65.3776058307625
2023-08-29,66.81036364272566
2023-08-30,71.03219996392582
2023-08-31,63.38089512556332
2023-09-01,64.5963620159312
2023-09-02,62.319346725062886
2023-09-03,61.59106334314998
2023-09-04,69.36022556299605
2023-09-05,63.99506636871389
2023-09-06,66.06676948661661
2023-09-07,65.86135612764714
2023-09-08,67.54196005652638
2023-09-09,62.33466494850557
2023-09-10,59.90868471459103
2023-09-11,67.12993647402128
2023-09-12,59.467266417284655
2023-09-13,69.28568221729341
2023-09-14,65.0052833116048
2023-09-15,65.39288445158599
2023-09-16,65.31429833382252
2023-09-17,63.28195358932569
2023-09-18,69.93874041187271
2023-09-19,71.76222182927941
2023-09-20,66.7276479152139
2023-09-21,68.48486338230414
2023-09-22,66.82747576833789
2023-09-23,64.62043734359561
2023-09-24,60.923685642798134
2023-09-25,59.69087137368263
2023-09-26,60.65340526147185
2023-09-27,67.07912348774602
2023-09-28,60.92777972897243
2023-09-29,61.02817087416837
2023-09-30,62.74541019751963
2023-10-01,61.38262883337682
2023-10-02,70.49921154657719
2023-10-03,64.92696585510437
2023-10-04,67.41678076101272
2023-10-05,68.7264304306312
2023-10-06,65.54331380401293
2023-10-07,57.46454696635305
2023-10-08,66.06680170279022
2023-10-09,69.64494503267034
2023-10-10,69.18380430099505
2023-10-11,71.26381675123191
2023-10-12,71.900908134458
2023-10-13,75.61633124981401
2023-10-14,65.15839033745023
2023-10-15,61.8179506461024
2023-10-16,68.1337488521642
2023-10-17,68.27967842715385
2023-10-18,65.59244460013592
2023-10-19,65.90525547694676
2023-10-20,68.58451584260985
2023-10-21,67.36314261022241
2023-10-22,71.05981698634328
2023-10-23,78.32186306017462
2023-10-24,78.18188542607096
2023-10-25,78.60803258603086
2023-10-26,81.97284313876048
2023-10-27,78.06992461896152
2023-10-28,71.59958934731335
2023-10-29,74.77920589889443
2023-10-30,69.7235019862124
2023-10-31,70.18562588929392
2023-11-01,71.28964922461415
2023-11-02,68.05052416234076
2023-11-03,71.81442585939539
2023-11-04,73.15318206107531
2023-11-05,77.38692649144276
2023-11-06,75.96731170985672
2023-11-07,80.93609022310153
2023-11-08,80.83345295436763
2023-11-09,76.73375700284194
2023-11-10,81.3054631904827
2023-11-11,83.13352731493772
2023-11-12,86.11249386707013
2023-11-13,81.82549134506598
2023-11-14,88.82928391117835
2023-11-15,88.10224134890831
2023-11-16,84.8921848847609
2023-11-17,87.05018564242206
2023-11-18,90.52674377854586
2023-11-19,97.71850206120176
2023-11-20,106.34941700934175
2023-11-21,115.34513151860094
2023-11-22,117.72232443762567
2023-11-23,119.92713836873318
2023-11-24,133.24032287981413
2023-11-25,114.15041536434614
2023-11-26,105.09452132396112
2023-11-27,100.67990915420185
2023-11-28,99.46032890943144
2023-11-29,95.6507808136841
2023-11-30,87.2265149447547
2023-12-01,86.91453080993543
2023-12-02,82.09125794070309
2023-12-03,78.04928244086976
2023-12-04,82.60760008707845
2023-12-05,82.29198223238959
2023-12-06,78.26631573935377
2023-12-07,77.78251104068815
2023-12-08,78.60232417326759
2023-12-09,77.36838919570758
2023-12-10,80.79543799417058
2023-12-11,76.32969238209098
2023-12-12,79.05691665870128
2023-12-13,78.08891481541394
2023-12-14,78.0054783425754
2023-12-15,80.09445838001196
2023-12-16,76.79403379052535
2023-12-17,73.7239186473274
2023-12-18,76.43522442024525
2023-12-19,79.15672514393654
2023-12-20,82.0674803375837
2023-12-21,73.3495618857954
2023-12-22,74.66917133041957
2023-12-23,74.29791031571042
2023-12-24,75.2797906294275
2023-12-25,91.809941168153
2023-12-26,78.9444231995796
2023-12-27,83.86541941464682
2023-12-28,83.73595451144976
2023-12-29,75.815040500644
2023-12-30,81.61048011743067
2023-12-31,67.69323894576861
2024-01-01,72.40414690635976
2024-01-02,68.24980269919038
2024-01-03,77.85713104902031
2024-01-04,72.96227590500177
2024-01-05,78.67833450502025
2024-01-06,78.66612593895944
2024-01-07,71.9855877421823
2024-01-08,82.05850510613024
2024-01-09,78.22093576952562
2024-01-10,78.06547726072613
2024-01-11,77.6975850909202
2024-01-12,80.50217282009308
2024-01-13,75.80798192868932
2024-01-14,79.79235108152825
2024-01-15,80.8157065275426
2024-01-16,77.43179832003914
2024-01-17,80.3084415266642
2024-01-18,79.07395797304103
2024-01-19,80.00920456395318
2024-01-20,79.08534216451193
2024-01-21,79.79403135680145
2024-01-22,77.20441278955317
2024-01-23,72.92802211331455
2024-01-24,75.55971613854601
2024-01-25,77.84758442981968
2024-01-26,73.88266293631428
2024-01-27,78.52000464693835
2024-01-28,73.743467405778
2024-01-29,77.36062861790418
2024-01-30,84.08234563291163
2024-01-31,81.22294036882347
2024-02-01,76.68513573283866
2024-02-02,71.57110581131441
2024-02-03,73.45300209488708
2024-02-04,72.48255115737001
2024-02-05,77.49216956140182
2024-02-06,73.39609300675107
2024-02-07,72.90754719397519
2024-02-08,76.47418091610892
2024-02-09,74.11342610669634
2024-02-10,76.12120498589607
2024-02-11,74.11271133109533
2024-02-12,86.98153704925033
2024-02-13,84.25312974728249
2024-02-14,80.88584599045988
2024-02-15,82.87129269077164
2024-02-16,72.5032383878118
2024-02-17,79.38159860523197
2024-02-18,71.13103530865428
2024-02-19,74.8365198324349
2024-02-20,70.08526725334733
2024-02-21,77.46912201392678
2024-02-22,73.17316836673234
2024-02-23,68.56768563237954
2024-02-24,81.2005064684333
2024-02-25,75.97596556563202
2024-02-26,73.62927776735256
2024-02-27,73.78855023324479
2024-02-28,73.73345568654382
2024-02-29,71.97642275516814
2024-03-01,74.96359404961021
2024-03-02,75.87446254087327
2024-03-03,68.782846906875875
2024-03-04,68.74814813422282
2024-03-05,78.00861018552146
2024-03-06,76.06191837473386
2024-03-07,74.23358714620656
2024-03-08,73.37414920261578
2024-03-09,67.79846488656966
2024-03-10,63.81838216354758
2024-03-11,78.38055226594025
2024-03-12,70.1497744101476
2024-03-13,68.38161889243376
2024-03-14,71.78479112176477
2024-03-15,69.08542843506413
2024-03-16,76.13029807997381
2024-03-17,69.17335335501929
2024-03-18,66.19299529718056
2024-03-19,69.06934883220876
2024-03-20,67.77508101669704
2024-03-21,66.15997146017565
2024-03-22,63.239192823049905
2024-03-23,68.95054829032617
2024-03-24,64.089904678659
2024-03-25,70.44516040358394
2024-03-26,65.63387585542155
2024-03-27,67.29341344712708
2024-03-28,63.81589565333148
2024-03-29,66.11017919309981
2024-03-30,67.04831791334223
2024-03-31,63.03190421760357
2024-04-01,68.46932086749129
2024-04-02,74.04010422661882
2024-04-03,77.1926561770456
2024-04-04,67.45199498579508
2024-04-05,65.40996508957886
2024-04-06,61.80023649039063
2024-04-07,58.23434484282744
2024-04-08,71.13196455109184
2024-04-09,68.7547962498687
2024-04-10,70.2622082441033
2024-04-11,66.32244494313926
2024-04-12,61.467089504540006
2024-04-13,64.96591538048484
2024-04-14,53.389673475478986
2024-04-15,66.58083765011946
2024-04-16,67.24337661226714
2024-04-17,70.12215288497414
2024-04-18,73.87422008977131
2024-04-19,65.20440910077659
2024-04-20,65.15221315151013
2024-04-21,69.4202038347341
2024-04-22,71.74139508209741
2024-04-23,70.19089708618685
2024-04-24,70.05096559491473
2024-04-25,72.70931186465761
2024-04-26,74.31615628235085
2024-04-27,64.03839807632359
2024-04-28,66.13860178210486
2024-04-29,67.03730302644756
2024-04-30,68.13849120127952
2024-05-01,70.52873201017066
2024-05-02,73.67841429252427
2024-05-03,62.69304187375362
2024-05-04,65.31056172982797
2024-05-05,62.729724590523595
2024-05-06,69.49901682823607
2024-05-07,70.13792930238081
2024-05-08,64.35345553096323
2024-05-09,61.76597501339952
2024-05-10,61.74064036881162
2024-05-11,53.3873773439182
2024-05-12,52.089026255885656
2024-05-13,57.771990940320464
2024-05-14,65.68468294875379
2024-05-15,63.97499007516592
2024-05-16,63.869944031048064
2024-05-17,56.66725229258735
2024-05-18,63.63918546777252
2024-05-19,58.35655886354674
2024-05-20,63.05982592182999
2024-05-21,64.05093360088438
2024-05-22,69.4949958734404
2024-05-23,64.29729546155829
2024-05-24,61.88729613599672
2024-05-25,51.252837606791964
2024-05-26,59.68259024396474
2024-05-27,64.8958002938493
2024-05-28,56.900946712566636
2024-05-29,67.16475526803794
2024-05-30,63.892224412956594
2024-05-31,64.66699870442073
2024-06-01,63.042935533806215
2024-06-02,63.60310630020845
2024-06-03,70.39117858840922
2024-06-04,71.17141874353476
2024-06-05,60.57204126097462
2024-06-06,66.76507679335803
2024-06-07,70.11366499317374
2024-06-08,70.37905983596016
2024-06-09,61.23449172591199
2024-06-10,74.61255733448606
2024-06-11,61.63000855481235
2024-06-12,63.7092802912855
2024-06-13,70.46492056485701
2024-06-14,56.77637131743382
2024-06-15,55.157856492055785
2024-06-16,59.73025528525207
2024-06-17,67.3611545426249
2024-06-18,66.43406810635184
2024-06-19,58.89626822406392
2024-06-20,54.14837952986002
2024-06-21,59.91234369134019
2024-06-22,55.573933825731054
2024-06-23,56.241296672119525
2024-06-24,66.98242017153049
2024-06-25,57.983894765084926
2024-06-26,62.08075935738492
2024-06-27,63.5605413454206
2024-06-28,62.4903880464488
2024-06-29,51.1963201662977
2024-06-30,60.201590351569365
2024-07-01,57.61613867386907
2024-07-02,66.93444928644948
2024-07-03,65.74850264898812
2024-07-04,63.72751267464817
2024-07-05,55.49969385261008
2024-07-06,57.871060841573026
2024-07-07,60.02130283696741
2024-07-08,59.31024951519597
2024-07-09,57.60843333389565
2024-07-10,57.991201490008436
2024-07-11,70.93545422084003
2024-07-12,67.77172810431566
2024-07-13,57.9934331631052
2024-07-14,49.8197768708579
2024-07-15,59.900539060101174
2024-07-16,59.53360612237901
2024-07-17,63.08425061014442
2024-07-18,63.97827187237999
2024-07-19,62.520094847892004
2024-07-20,60.07603699178383
2024-07-21,51.06459014963348
2024-07-22,65.06986418980443
2024-07-23,56.73644322008914
2024-07-24,58.7464216314995
2024-07-25,65.01189052986095
2024-07-26,59.41758186011893
2024-07-27,53.40401625586998
2024-07-28,61.05504689471354
2024-07-29,65.97220780030052
2024-07-30,64.85065012075235
2024-07-31,57.421858017761416
2024-08-01,51.65014805330701
2024-08-02,69.69947126900591
2024-08-03,57.83584251222394
2024-08-04,58.557139478965624
2024-08-05,60.59162966934805
2024-08-06,65.8742605830489
2024-08-07,59.20974833757813
2024-08-08,63.69392730445701
2024-08-09,67.91393300303741
2024-08-10,60.27755080876891
2024-08-11,58.30971023289249
2024-08-12,56.16429101475484
2024-08-13,66.91974377661042
2024-08-14,69.61706439004585
2024-08-15,69.41435495068029
2024-08-16,67.0566647744526
2024-08-17,58.41419326679752
2024-08-18,60.159676418279766
2024-08-19,71.28032781597167
2024-08-20,56.191657669600446
2024-08-21,72.56456084797944
2024-08-22,65.25586069899522
2024-08-23,65.66881552984827
2024-08-24,61.51924639528063
2024-08-25,58.6661167667407
2024-08-26,72.51375196830799
2024-08-27,68.52989615119992
2024-08-28,69.91890731913394
2024-08-29,67.1393206143874
2024-08-30,73.72885970659618
2024-08-31,61.66470229815634
2024-09-01,61.724560810471246
2024-09-02,73.01225932153847
2024-09-03,75.40956425577464
2024-09-04,62.50479175299991
2024-09-05,71.16263685640142
2024-09-06,67.03103320635223
2024-09-07,64.11632108171949
2024-09-08,62.239983501437045
2024-09-09,64.49963347517065
2024-09-10,74.03935991364551
2024-09-11,73.22193857758998
2024-09-12,73.5118329992305
2024-09-13,73.34031023724054
2024-09-14,68.29143587589502
2024-09-15,72.4473465388761
2024-09-16,70.16306878759664
2024-09-17,76.0667703797756
2024-09-18,68.08936585769999
2024-09-19,67.17087094589806
2024-09-20,65.31826776629913
2024-09-21,61.96430635430813
2024-09-22,67.29576486423444
2024-09-23,68.21593256621765
2024-09-24,74.80469101123325
2024-09-25,74.15749359128367
2024-09-26,78.29299427882604
2024-09-27,75.37206356086469
2024-09-28,73.85686601607394
2024-09-29,68.09936882260119
2024-09-30,65.84290305524078
2024-10-01,76.91602656767618
2024-10-02,74.13613199565049
2024-10-03,71.53814961625349
2024-10-04,66.83713653803696
2024-10-05,71.11452992699228
2024-10-06,65.29713436613785
2024-10-07,74.37077721448996
2024-10-08,77.45030742616373
2024-10-09,74.61028062528833
2024-10-10,70.28928287761401
2024-10-11,71.60795370062161
2024-10-12,71.59230964397102
2024-10-13,76.59137071016579
2024-10-14,78.44484890420902
2024-10-15,75.1060443378648
2024-10-16,75.70153808767236
2024-10-17,80.22371059638382
2024-10-18,74.50400137262454
2024-10-19,74.71110381122645
2024-10-20,74.2541037827026
2024-10-21,78.06124752528876
2024-10-22,78.27538711272344
2024-10-23,78.2232775352453
2024-10-24,76.800485231315
2024-10-25,73.92652399608629
2024-10-26,68.39434126540618
2024-10-27,74.15252329732891
2024-10-28,70.04295555444837
2024-10-29,75.94920260764013
2024-10-30,73.88970986404554
2024-10-31,70.00820830258093
2024-11-01,73.86647612582539
2024-11-02,73.93745351177813
2024-11-03,80.73237196231365
2024-11-04,81.31831446770842
2024-11-05,81.64946365712618
2024-11-06,81.13453666301704
2024-11-07,85.40811137294492
2024-11-08,83.5952205870191
2024-11-09,85.10228583069161
2024-11-10,85.82897298897416
2024-11-11,84.49859670869999
2024-11-12,84.14343497650253
2024-11-13,85.86339892149681
2024-11-14,81.70600814455422
2024-11-15,80.70979041252349
2024-11-16,83.00209334957512
2024-11-17,85.2690373054677
2024-11-18,86.24198898786696
2024-11-19,85.26613950699482
2024-11-20,88.27976177256151
2024-11-21,87.75910062825598
2024-11-22,93.10141589892511
2024-11-23,96.22111271680211
2024-11-24,99.54909191273725
2024-11-25,115.4239567516027
2024-11-26,111.62555205644173
2024-11-27,117.79462265265693
2024-11-28,118.75774961020798
2024-11-29,125.669270524322
2024-11-30,115.71133665795355
2024-12-01,105.08131652325578
2024-12-02,98.43816341746093
2024-12-03,91.24661415641935
2024-12-04,86.03263810856922
2024-12-05,86.37605874700559
2024-12-06,86.06856823723476
2024-12-07,86.20662992194015
2024-12-08,87.08924294847728
2024-12-09,84.5016877353678
2024-12-10,82.3253461987903
2024-12-11,90.75017096891627
2024-12-12,89.23509880268449
2024-12-13,81.24269523773874
2024-12-14,83.66327988830277
2024-12-15,78.89036836192435
2024-12-16,82.83487163099302
2024-12-17,72.15483477126422
2024-12-18,74.35982813157099
2024-12-19,78.38823634771984
2024-12-20,82.44828356338375
2024-12-21,76.79610803617902
2024-12-22,74.47722899000972
2024-12-23,75.58468674803667
2024-12-24,73.52292479982138
2024-12-25,82.2845787384516
2024-12-26,81.24290658563797
2024-12-27,80.96572492703055
2024-12-28,84.39890256503494
2024-12-29,79.20898688453134
2024-12-30,76.02356407071622
2024-12-31,74.36392398679938
2025-01-01,73.27264635925994
2025-01-02,76.33857524635788
2025-01-03,79.68452396694913
2025-01-04,78.34433163378574
2025-01-05,82.05298912400573
2025-01-06,82.44763955821382
2025-01-07,85.33674214055311
2025-01-08,87.64248328092778
2025-01-09,82.76378278060254
2025-01-10,82.8172331266391
2025-01-11,81.61341644678203
2025-01-12,83.58924090276099
2025-01-13,78.59936560271866
2025-01-14,84.11122913194133
2025-01-15,77.37331002325709
2025-01-16,79.80424514067013
2025-01-17,78.0909470621274
2025-01-18,77.09630532309379
2025-01-19,81.14091525785929
2025-01-20,77.5712268205726
2025-01-21,84.19651720009804
2025-01-22,81.04604370435742
2025-01-23,78.87439713441364
2025-01-24,80.54179922873979
2025-01-25,73.89768731210876
2025-01-26,76.02611550956803
2025-01-27,77.88700354943734
2025-01-28,74.32040156154537
2025-01-29,77.6585285910146
2025-01-30,73.10567695376382
2025-01-31,70.41187096175179
2025-02-01,76.848462616997125
2025-02-02,77.98074405985548
2025-02-03,73.16380559295777
2025-02-04,73.2402724248004
2025-02-05,77.37199363004547
2025-02-06,78.36156579643736
2025-02-07,87.92824499745588
2025-02-08,78.87242125197336
2025-02-09,74.3250142932697
2025-02-10,79.82624698970753
2025-02-11,77.2234341735373
2025-02-12,78.86588285768786
2025-02-13,75.82322409407904
2025-02-14,72.30866883735938
2025-02-15,72.41952967862241
2025-02-16,71.08089811797294
2025-02-17,74.99660111293242
2025-02-18,81.82308385260771
2025-02-19,74.6114009989066
2025-02-20,81.72789204926119
2025-02-21,73.40230723730353
2025-02-22,69.82387035715288
2025-02-23,74.24270954087692
2025-02-24,73.75366604444308
2025-02-25,72.5129128764953
2025-02-26,73.28599382978189
2025-02-27,71.41792255150597
2025-02-28,73.37661474858267
2025-03-01,74.78116341569837
2025-03-02,69.93775123949027
2025-03-03,68.84291068193386
2025-03-04,75.21524984680083
2025-03-05,79.10655511848822
2025-03-06,76.04638963208464
2025-03-07,68.78835426662924
2025-03-08,65.28549489169848
2025-03-09,62.542849198352584
2025-03-10,63.32434568512842
2025-03-11,61.958052268937955
2025-03-12,72.84019209093854
2025-03-13,65.97917658147598
2025-03-14,66.79289862605418
2025-03-15,67.01859271956502
2025-03-16,69.46084370089619
2025-03-17,67.03310551265675
2025-03-18,72.73995681396194
2025-03-19,73.80209787767996
2025-03-20,70.7189180687009
2025-03-21,71.52771118775779
2025-03-22,70.45861308531545
2025-03-23,66.84129838989466
2025-03-24,64.65514893040609
2025-03-25,66.67329158429055
2025-03-26,72.67897212535635
2025-03-27,71.06653317120623
2025-03-28,66.68009583221657
2025-03-29,71.33665555303556
2025-03-30,68.10398926277165
2025-03-31,68.44930057430871
2025-04-01,61.50915218918598
2025-04-02,66.75316519063799
2025-04-03,65.65533881880559
2025-04-04,68.66623760449049
2025-04-05,59.91911659010299
2025-04-06,58.69025070814694
2025-04-07,64.21202503090649
2025-04-08,63.916237269547416
2025-04-09,63.63009986115148
2025-04-10,67.62580670453828
2025-04-11,59.560859531802016
2025-04-12,67.4656019719597
2025-04-13,63.368072537586215
2025-04-14,64.54078515201668
2025-04-15,64.21099264707867
2025-04-16,63.60346212262577
2025-04-17,60.451959933247984
2025-04-18,58.831801726479796
2025-04-19,65.85374264504647
2025-04-20,57.39127518064472
2025-04-21,58.39311815842087
2025-04-22,67.55650784573506
2025-04-23,68.20189121931242
2025-04-24,68.74303116895693
2025-04-25,62.995145983314586
2025-04-26,58.36843385309439
2025-04-27,59.56224361046037
2025-04-28,62.644913865702335
2025-04-29,70.51538379230152
2025-04-30,64.2208692062766
2025-05-01,69.75116371301391
2025-05-02,56.93451567682992
2025-05-03,61.05258067165003
2025-05-04,62.71682265556095
2025-05-05,62.23902928714597
2025-05-06,61.58227218362286
2025-05-07,64.80243391782915
2025-05-08,64.2701218814047
2025-05-09,64.84261494017328
2025-05-10,62.410830051388245
2025-05-11,54.30969254445144
2025-05-12,56.12690853568129
2025-05-13,70.25766526301285
2025-05-14,56.77643743004234
2025-05-15,55.77164249415007
2025-05-16,62.19367360771125
2025-05-17,53.582526872032304
2025-05-18,58.010932621233565
2025-05-19,62.57634898953239
2025-05-20,68.47297251270587
2025-05-21,68.65105958135015
2025-05-22,62.30515436898171
2025-05-23,62.10276714439972
2025-05-24,51.76293768878806
2025-05-25,53.57750949175395
2025-05-26,67.44703092663426
2025-05-27,58.39691348836877
2025-05-28,64.45885845454242
2025-05-29,63.998217425694854
2025-05-30,57.58657190732479
2025-05-31,52.10777406143881
2025-06-01,50.29519919796437
2025-06-02,55.08216672430112
2025-06-03,61.201071155235056
2025-06-04,60.62105870305154
2025-06-05,57.966497720338836
2025-06-06,53.386184143246815
2025-06-07,51.63150008273729
2025-06-08,47.86767645361713
2025-06-09,50.46466844424695
2025-06-10,54.8857155460568
2025-06-11,59.23129198724518
2025-06-12,52.341547724669056
2025-06-13,50.916415938297334
2025-06-14,57.04866455409136
2025-06-15,40.662429408963156
2025-06-16,58.214099936441926
2025-06-17,55.081716286427174
2025-06-18,49.59446173090459
2025-06-19,58.599520304800436
2025-06-20,57.50523517440119
2025-06-21,52.051774532406924
2025-06-22,50.342399134126055
2025-06-23,55.14443537998206
2025-06-24,49.656156174792464
2025-06-25,56.04303114975598
2025-06-26,54.3210098328292
2025-06-27,56.276783790678465
2025-06-28,45.171591616149534
2025-06-29,49.55431959842761
2025-06-30,54.48653886210464
2025-07-01,51.51944537282955
2025-07-02,52.75411871134803
2025-07-03,50.61585866656968
2025-07-04,51.51913022132304
2025-07-05,53.49473076266918
2025-07-06,53.06081547467822
2025-07-07,56.65029787626899
2025-07-08,55.705862949764835
2025-07-09,54.37482111779006
2025-07-10,54.3735322405499
2025-07-11,56.947145070700536
2025-07-12,54.78779736068095
2025-07-13,50.74925485642149
2025-07-14,56.49420432406067
2025-07-15,59.60082790534376
2025-07-16,60.55377515263491
2025-07-17,59.0625448227225
2025-07-18,52.08116094320456
2025-07-19,56.19857808017455
2025-07-20,53.37195328378364
2025-07-21,58.313493455606874
2025-07-22,66.28298517511156
2025-07-23,61.964778886770546
2025-07-24,58.629268786648936
2025-07-25,62.652727670668426
2025-07-26,57.130104723440695
2025-07-27,52.82342575100979
2025-07-28,60.02454752211759
2025-07-29,60.84161354682959
2025-07-30,57.55542502622147
2025-07-31,55.447592440706714
2025-08-01,48.85397669252022
2025-08-02,58.16607453206332
2025-08-03,60.78060459143981
2025-08-04,62.48699706185393
2025-08-05,65.69345863560393
2025-08-06,63.09219570794629
2025-08-07,62.82984806906961
2025-08-08,61.290941446961156
2025-08-09,55.84762382277508
2025-08-10,54.037463871577
2025-08-11,59.45541433309943
2025-08-12,61.77505383901914
2025-08-13,60.61295174677335
2025-08-14,57.90332648654819
2025-08-15,59.5139041668705
2025-08-16,54.38558920185146
2025-08-17,58.17042161006161
2025-08-18,60.997225258083986
2025-08-19,63.575310309669845
2025-08-20,63.797210202617194
2025-08-21,66.1099959422796
2025-08-22,63.34233387457726
2025-08-23,51.30423130695573
2025-08-24,53.36295518996724
2025-08-25,60.283857142156826
2025-08-26,58.100294845449845
2025-08-27,63.46480337226172
2025-08-28,62.1421511276073
2025-08-29,60.309891449447896
2025-08-30,60.653917085358586
2025-08-31,60.48833528342496
2025-09-01,56.703074868605526
2025-09-02,57.08674833602366
2025-09-03,59.22205220956246
2025-09-04,56.931433155035606
2025-09-05,56.6610337808179
2025-09-06,57.87367553484057
2025-09-07,55.73475146458398
2025-09-08,58.45792759639214
2025-09-09,57.17975785066399
2025-09-10,59.15215265447648
2025-09-11,57.123201580005215
2025-09-12,56.19610085437742
2025-09-13,58.51956468412979
2025-09-14,55.49873625290495
2025-09-15,59.91123544261197
2025-09-16,59.401955583586656
2025-09-17,60.41703928775827
2025-09-18,56.77893321956085
2025-09-19,54.396601439063964
2025-09-20,54.61299031828244
2025-09-21,56.89092131054955
2025-09-22,55.693392430330704
2025-09-23,55.317832087019255
2025-09-24,58.71872230326565
2025-09-25,55.152492069558484
2025-09-26,54.82553384739852
2025-09-27,59.080794015227504
2025-09-28,56.100344455650834
2025-09-29,54.82816286001457
2025-09-30,55.53283850370621
2025-10-01,55.797067908706374
2025-10-02,50.55169593712239
2025-10-03,51.88323997781339
2025-10-04,58.448753655480004
2025-10-05,54.6700590007063
2025-10-06,54.88895801162907
2025-10-07,55.88237938757327
2025-10-08,57.11314457601367
2025-10-09,57.77548574907639
2025-10-10,59.21234928687488
2025-10-11,61.15514591058738
2025-10-12,61.45516142239369
2025-10-13,58.48572332362289
2025-10-14,62.18463480288457
2025-10-15,59.928199920122026
2025-10-16,63.53434678879647
2025-10-17,63.06527222098864
2025-10-18,62.012636798849485
2025-10-19,59.570672693643296
2025-10-20,63.52569244893536
2025-10-21,61.254000124700056
2025-10-22,62.42480963276315
2025-10-23,64.88940677086013
2025-10-24,64.35036313251263
2025-10-25,67.79099987907857
2025-10-26,66.88504947346394
2025-10-27,66.98485446047657
2025-10-28,69.97053976745202
2025-10-29,73.96198047067162
2025-10-30,75.19892671075583
2025-10-31,77.97880689534853
2025-11-01,81.49585319784977
2025-11-02,82.2004382580607
2025-11-03,83.448279053614
2025-11-04,85.77655413516399
2025-11-05,84.35065654631974
2025-11-06,84.00519324425352
2025-11-07,86.08311060504661
2025-11-08,93.00171210661124
2025-11-09,90.2571768842629
2025-11-10,90.50138334004211
2025-11-11,93.73433147627134
2025-11-12,95.65859288934962
2025-11-13,90.09661424653603
2025-11-14,89.40350221181312
2025-11-15,91.43054258086303
2025-11-16,94.2976104276814
2025-11-17,89.568147405741
2025-11-18,93.89468858007979
2025-11-19,96.53366294044946
2025-11-20,99.36519541489477
2025-11-21,101.85210745264989
2025-11-22,109.09759528409019
2025-11-23,118.41576615531032
2025-11-24,122.04935822249386
2025-11-25,120.26696076074882
2025-11-26,126.22944825833471
2025-11-27,127.04453550149354
2025-11-28,140.97629321241214
2025-11-29,125.37871311961746
2025-11-30,113.31811934304872
2025-12-01,117.02975943712134
2025-12-02,110.69815746585704
2025-12-03,109.48368585854904
2025-12-04,96.226474245209
2025-12-05,96.83046606917036
2025-12-06,96.6127809447941
2025-12-07,97.63260331639103
2025-12-08,91.51540151961481
2025-12-09,95.71947844578452
2025-12-10,101.2023284933712
2025-12-11,92.35593044287597
2025-12-12,91.59256715527849
2025-12-13,93.77919914657139
2025-12-14,93.42466790018194
2025-12-15,95.77244220838895
2025-12-16,95.33136355495611
2025-12-17,91.23597760976101
2025-12-18,94.58797441640912
2025-12-19,91.24165214234773
2025-12-20,87.34472086658697
2025-12-21,85.04589479421364
2025-12-22,82.91032777397987
2025-12-23,82.04222016241462
2025-12-24,79.96458197372009
2025-12-25,90.10687697511042
2025-12-26,81.90961428717092
2025-12-27,79.18770965224593
2025-12-28,76.59922081911876
2025-12-29,80.01293066976535
2025-12-30,80.56539312066018
2025-12-31,71.06438424515287
2026-01-01,74.78764123451832
2026-01-02,79.35985557695821
2026-01-03,79.20033899433463
2026-01-04,80.99398011675476
2026-01-05,88.90516918163333
2026-01-06,85.47560329184765
2026-01-07,86.43267667976208
2026-01-08,85.03181420905169
2026-01-09,85.7495038029885
2026-01-10,86.10875547727623
2026-01-11,76.82831760934474
2026-01-12,82.03259414670234
2026-01-13,79.87632403433393
2026-01-14,82.35649489968905
2026-01-15,82.72853161020875
2026-01-16,77.76936286103276
2026-01-17,78.28224616932827
2026-01-18,77.91056868550662
2026-01-19,80.3459258170451
2026-01-20,81.35057566235568
2026-01-21,83.19260543742833
2026-01-22,78.35151542702727
2026-01-23,77.36197388352761
2026-01-24,79.80617526124712
2026-01-25,87.8328337650945
2026-01-26,79.78087938524459
2026-01-27,83.34485073505847
2026-01-28,81.51409370742061
2026-01-29,79.839453327793
2026-01-30,77.5151617696642
2026-01-31,77.85382009263968
2026-02-01,78.08000579021585
2026-02-02,76.86984215008479
2026-02-03,78.53940961085866
2026-02-04,75.2884279644961
2026-02-05,75.27529645304624
2026-02-06,75.37766475086966
2026-02-07,74.55474941601055
2026-02-08,76.43250566216054
2026-02-09,78.9796370938963
2026-02-10,80.08100316672065
2026-02-11,82.18748101556189
2026-02-12,77.71142361566316
2026-02-13,79.3101005642329
2026-02-14,76.03849889484644
2026-02-15,78.80805791423465
2026-02-16,78.105086449296
2026-02-17,79.06155814892256
2026-02-18,80.86211271374896
2026-02-19,76.48985532855238
2026-02-20,77.41738503862113
2026-02-21,78.04269695911266
2026-02-22,79.47851808512328
2026-02-23,81.17695271002876
2026-02-24,80.87417694096396
2026-02-25,81.21771363584503
2026-02-26,82.13082299793885
2026-02-27,77.79407073329115
2026-02-28,79.56494619658784
2026-03-01,82.0130993014077
2026-03-02,86.7420549809938
2026-03-03,83.6850274909171
2026-03-04,85.00711787501534
2026-03-05,85.78305500486606
2026-03-06,83.3414092936919
2026-03-07,83.72806044912832
2026-03-08,76.31834838322017
2026-03-09,77.35834475153453
2026-03-10,79.95794136450041
2026-03-11,80.1395803993731
2026-03-12,78.51563698895706
2026-03-13,78.22558544286954
2026-03-14,82.08715484082768
2026-03-15,81.55420062464356
2026-03-16,81.28591411934511
2026-03-17,80.98645786616063
2026-03-18,72.51417287006356
2026-03-19,78.56704652609557
2026-03-20,77.12954069482073
2026-03-21,71.78912736958867
2026-03-22,77.38055813833014
2026-03-23,79.8112629061122
2026-03-24,76.68534509717966
2026-03-25,85.14507122980169
2026-03-26,81.47052978834125
2026-03-27,80.84388158055046
2026-03-28,80.9039799160573
2026-03-29,86.33655509516055
2026-03-30,84.503293899154
2026-03-31,79.96582730176104
2026-04-01,85.86513759830441
2026-04-02,80.50112428678223
2026-04-03,87.89280618423274
2026-04-04,69.05768174566961
2026-04-05,70.94517090808466
2026-04-06,78.04785749912499
2026-04-07,67.36391649962675
2026-04-08,73.62594166173189
2026-04-09,73.74722344044181
2026-04-10,77.36561808329006
2026-04-11,68.08333651295175
2026-04-12,69.96545516315993
2026-04-13,72.85770207312679
2026-04-14,77.13361696023524
2026-04-15,89.7237743260812
2026-04-16,80.52038527809711
2026-04-17,79.03073417746792
2026-04-18,75.22290334983221
2026-04-19,73.49473095874193
2026-04-20,79.94547516015429
2026-04-21,80.99064067261219
2026-04-22,70.76253618970003
2026-04-23,81.4414444653608
2026-04-24,70.96526852681441
2026-04-25,68.47520195538735
2026-04-26,73.40542519810248
2026-04-27,70.65396830171312
2026-04-28,75.57158331622074
2026-04-29,65.19163366973848
2026-04-30,64.10754757621396
2026-05-01,65.00084493642166
2026-05-02,61.27065962462638
2026-05-03,61.993391959668585
2026-05-04,70.71320498927741
2026-05-05,68.4871098995038
2026-05-06,65.22990809429339
2026-05-07,71.10433339531723
2026-05-08,69.08564648188252
2026-05-09,75.0541418332154
2026-05-10,64.62874334188258
2026-05-11,73.44409176528248
2026-05-12,69.3625901127384
2026-05-13,69.03426881120423
2026-05-14,68.84337208096838
2026-05-15,71.57111284384729
2026-05-16,71.19380020721822
2026-05-17,67.36834723987104
2026-05-18,65.23051596045559
2026-05-19,69.76429899944141
2026-05-20,63.87087455150164
2026-05-21,70.57135284869108
2026-05-22,65.06445407798245
2026-05-23,58.22572006433771
2026-05-24,58.812890510480585
2026-05-25,66.06447839616872
2026-05-26,68.53436221478344
2026-05-27,69.67064431699403
2026-05-28,72.65064547499965
2026-05-29,73.2713626426893
2026-05-30,59.120559050065346
2026-05-31,68.83564580136793
2026-06-01,69.56964647791298
2026-06-02,65.72675789512263
2026-06-03,59.03529364857573
2026-06-04,62.901361916282056
2026-06-05,65.58711088743948
2026-06-06,57.27318357965103
2026-06-07,62.91002224015527
2026-06-08,64.78504209962124
2026-06-09,62.07746102500878
2026-06-10,60.986102616791
2026-06-11,61.28164195332119
2026-06-12,61.472350950286
2026-06-13,52.10143771123896
2026-06-14,51.260670407350744
2026-06-15,55.916495646114015
2026-06-16,62.46392682779178
2026-06-17,59.62200454762343
2026-06-18,49.95033769808615
2026-06-19,56.75113123258411
2026-06-20,51.3036835146231
2026-06-21,50.58417134785073
2026-06-22,61.397955532020795
2026-06-23,59.565328266284475
2026-06-24,59.276478218104785
2026-06-25,65.54284752012838
2026-06-26,54.32486190359555
2026-06-27,53.328923132529965
2026-06-28,50.503547201822286
2026-06-29,58.31408475324474
2026-06-30,58.88323443998718
2026-07-01,63.76300762063312
2026-07-02,57.30074051982608
2026-07-03,54.442372782982524
2026-07-04,58.19926619799544
2026-07-05,51.90198045842296
2026-07-06,60.78683287126383
2026-07-07,57.267170404404986
2026-07-08,56.796545526067625
2026-07-09,59.16255922089641
2026-07-10,59.347440052357676
2026-07-11,52.3306633513442
2026-07-12,49.445841423116114
2026-07-13,57.03997156436027
2026-07-14,55.24033630200001
2026-07-15,56.71378090578338
2026-07-16,51.507223606583366
2026-07-17,51.45129871879121
2026-07-18,51.27585192613894
2026-07-19,46.81711872119179
2026-07-20,53.121649817807
2026-07-21,61.89214765508255
2026-07-22,59.91233822734944
2026-07-23,61.25183964906928
2026-07-24,62.21769615290208
2026-07-25,51.68579296318512
2026-07-26,52.24280061931011
2026-07-27,55.79877792541397
2026-07-28,57.45962815122411
2026-07-29,66.37187982386325
2026-07-30,56.47555753095432
2026-07-31,52.06839821472438
2026-08-01,55.25036886936273
2026-08-02,55.714045993668535
2026-08-03,60.42702048135031
2026-08-04,58.11617506633196
2026-08-05,51.457516108531664
2026-08-06,61.4862812571194
2026-08-07,53.8935384975495
2026-08-08,55.43259049979625
2026-08-09,60.80556453241201
2026-08-10,56.89278849593722
2026-08-11,57.96709181800136
2026-08-12,53.956371603841276
2026-08-13,58.913810080356726
2026-08-14,56.58649443767386
2026-08-15,53.13279729526425
2026-08-16,51.160049110768526
2026-08-17,57.959107540355404
2026-08-18,63.71923349883714
2026-08-19,64.6687615448656
2026-08-20,58.34949842145605
2026-08-21,63.234275490757085
2026-08-22,56.64289167180319
2026-08-23,56.62273602202502
2026-08-24,53.94054409512182
2026-08-25,58.75332906008137
2026-08-26,62.90589386977551
2026-08-27,62.6789682848983
2026-08-28,59.511255811636005
2026-08-29,56.23335889675836
2026-08-30,63.12980064877758
2026-08-31,67.56702304949337
2026-09-01,64.82928251171583
2026-09-02,63.90684481397119
2026-09-03,63.249336571747676
2026-09-04,58.27256633290775
2026-09-05,59.1499143305429
2026-09-06,61.33739144896042
2026-09-07,61.69508111873601
2026-09-08,64.88953621797353
2026-09-09,61.0269045252286
2026-09-10,66.03594370152445
2026-09-11,61.01268085440739
2026-09-12,55.75064598442573
2026-09-13,58.89937003418192
2026-09-14,62.63793649658709
2026-09-15,69.46501560141934
2026-09-16,62.60720710286123
2026-09-17,64.55438632371715
2026-09-18,61.58408301616498
2026-09-19,59.30248786899815
2026-09-20,57.15288856879052
2026-09-21,59.13840496276589
2026-09-22,60.858009927792196
2026-09-23,65.8097590219582
2026-09-24,59.769931627364
2026-09-25,56.86248663244717
2026-09-26,53.33612715883434
2026-09-27,54.32090836522148
2026-09-28,56.245866876500834
