time,value
2006-01-01,18.729294980002237
2006-01-02,18.36674589112853
2006-01-03,17.641603083127595
2006-01-04,16.553866556577418
2006-01-05,15.103536316402913
2006-01-06,13.290612353081853
2006-01-07,11.115094678321388
2006-01-08,8.576983285322035
2006-01-09,8.08064565406246
2006-01-10,9.626081783284821
2006-01-11,13.213291672845607
2006-01-12,18.842275324988783
2006-01-13,26.51303274313422
2006-01-14,36.225563925309736
2006-01-15,88.60855973498664
2006-01-16,56.520583610624556
2006-01-17,61.84770814979544
2006-01-18,63.96124248614414
2006-01-19,62.861186620987766
2006-01-20,58.547540553747226
2006-01-21,51.02030428412093
2006-01-22,40.2794778125847
2006-01-23,31.610869224873767
2006-01-24,25.01447852935432
2006-01-25,20.490305716082585
2006-01-26,18.03835079163834
2006-01-27,17.658613750723113
2006-01-28,19.351094595361904
2006-01-29,23.1157933265361
2006-01-30,26.39231633445939
2006-01-31,29.180663620891703
2006-02-01,31.480835191248854
2006-02-02,33.18760313231387
2006-02-03,34.300967457922745
2006-02-04,34.82092816197432
2006-02-05,34.74748524580662
2006-02-06,34.693720657704205
2006-02-07,34.65963439302975
2006-02-08,34.645226453922504
2006-02-09,34.65049684393343
2006-02-10,34.67544556126198
2006-02-11,34.72007260443235
2006-02-12,34.78437797151689
2006-02-13,34.899792243090346
2006-02-14,35.0663154188311
2006-02-15,35.28394749880669
2006-02-16,35.552688480075844
2006-02-17,35.87253835928246
2006-02-18,36.24349714847702
2006-02-19,36.665564838007256
2006-02-20,36.396008355209396
2006-02-21,35.434827699058374
2006-02-22,33.78202287063753
2006-02-23,31.437593870254236
2006-02-24,28.40154069738005
2006-02-25,24.673863348811693
2006-02-26,20.25456182780806
2006-02-27,18.175979493943245
2006-02-28,18.438116351613267
2006-03-01,21.04097239056557
2006-03-02,26.124510589872678
2006-03-03,33.688730951288406
2006-03-04,43.73363347596348
2006-03-05,56.25921816174457
2006-03-06,65.01335569554635
2006-03-07,69.99604607573625
2006-03-08,71.20728930222418
2006-03-09,68.64708538246444
2006-03-10,62.315434306990305
2006-03-11,52.21233607946266
2006-03-12,38.337790701325865
2006-03-13,26.908826285442586
2006-03-14,17.9254428270305
2006-03-15,11.387640329782172
2006-03-16,7.295418791280211
2006-03-17,5.648778212686969
2006-03-18,6.447718593827753
2006-03-19,9.692239928410357
2006-03-20,12.52989251266184
2006-03-21,14.960676350250138
2006-03-22,16.984591432830683
2006-03-23,18.601637766798454
2006-03-24,19.811815347311445
2006-03-25,20.61512418267797
2006-03-26,21.01156426220718
2006-03-27,21.036908558130854
2006-03-28,20.691157063532685
2006-03-29,19.974309778432826
2006-03-30,18.886366705929706
2006-03-31,17.427327846448126
2006-04-01,15.597193194483935
2006-04-02,13.306176728728172
2006-04-03,13.259164685981549
2006-04-04,15.456157068045266
2006-04-05,19.89715388140919
2006-04-06,26.58215511477964
2006-04-07,35.511160782095374
2006-04-08,46.68417087606681
2006-04-09,60.10118540041438
2006-04-10,69.83171350705044
2006-04-11,75.87575520879562
2006-04-12,78.23331049628202
2006-04-13,76.9043793746219
2006-04-14,71.88896184095395
2006-04-15,63.18705789912478
2006-04-16,50.798667542765116
2006-04-17,40.69336557784832
2006-04-18,32.8711520005191
2006-04-19,27.332026813476496
2006-04-20,24.0759900139196
2006-04-21,23.103041603892823
2006-04-22,24.413181578357804
2006-04-23,28.00640994154076
2006-04-24,30.97753515193938
2006-04-25,33.3265572100574
2006-04-26,35.05347611571536
2006-04-27,36.15829186972357
2006-04-28,36.64100447068667
2006-04-29,36.50161392047819
2006-04-30,35.7401202160604
2006-05-01,35.10792578466993
2006-05-02,34.61004226832493
2006-05-03,34.246469667622875
2006-05-04,34.01720799103554
2006-05-05,33.922257233397865
2006-05-06,33.96161739303094
2006-05-07,34.135288473630084
2006-05-08,34.24892703680105
2006-05-09,34.30253308956329
2006-05-10,34.296106623538456
2006-05-11,34.22964764071383
2006-05-12,34.10315614316062
2006-05-13,33.91663213512734
2006-05-14,33.670075601824955
2006-05-15,33.41375081108526
2006-05-16,33.14765775641221
2006-05-17,32.87179643346414
2006-05-18,32.586166846890684
2006-05-19,32.29076899735894
2006-05-20,31.98560288075503
2006-05-21,31.670668504869496
2006-05-22,31.33296925873459
2006-05-23,30.97250514430521
2006-05-24,30.589276170080673
2006-05-25,30.183282324794238
2006-05-26,29.754523614599172
2006-05-27,29.303000041447245
2006-05-28,28.82871160165523
2006-05-29,28.33500502337276
2006-05-30,27.82188030654053
2006-05-31,27.289337458024395
2006-06-01,26.73737647244748
2006-06-02,26.23179092016659
2006-06-03,25.772580806364548
2006-06-04,25.359746130349702
2006-06-05,24.992478228731756
2006-06-06,24.670777103523278
2006-06-07,24.394642750571748
2006-06-08,24.164075176049423
2006-06-09,23.979074378261988
2006-06-10,23.839640351379654
2006-06-11,23.74577310136645
2006-06-12,23.697461626333222
2006-06-13,23.694705921495256
2006-06-14,23.737505996939603
2006-06-15,23.82586183926781
2006-06-16,23.95977345931694
2006-06-17,24.139240851148802
2006-06-18,24.36426401868931
2006-06-19,24.635697000380915
2006-06-20,24.953539796696816
2006-06-21,25.317792408306786
2006-06-22,25.72845483630016
2006-06-23,26.18552708491442
2006-06-24,26.689009144795705
2006-06-25,27.238901019360878
2006-06-26,27.83169079290198
2006-06-27,28.46737845692426
2006-06-28,29.145964022791023
2006-06-29,29.867447477696384
2006-06-30,30.631828830771372
2006-07-01,31.439108082090506
2006-07-02,32.19106663257195
2006-07-03,32.90133711113455
2006-07-04,33.56991952253774
2006-07-05,34.1968138592799
2006-07-06,34.78202013261957
2006-07-07,35.32553833634645
2006-07-08,35.82736846953289
2006-07-09,36.28751053282938
2006-07-10,36.65324184956166
2006-07-11,36.924562409738705
2006-07-12,37.101472227972266
2006-07-13,37.18397129327399
2006-07-14,37.17205960874983
2006-07-15,37.06573717326582
2006-07-16,36.8650039881417
2006-07-17,36.77370848176977
2006-07-18,36.79185065294993
2006-07-19,36.91943050121093
2006-07-20,37.15644802885484
2006-07-21,37.50290323653039
2006-07-22,37.95879611861221
2006-07-23,38.52412668310771
2006-07-24,38.41074283943517
2006-07-25,37.6186445906823
2006-07-26,36.14783193322769
2006-07-27,33.998304875048326
2006-07-28,31.17006340784346
2006-07-29,27.663107533555163
2006-07-30,23.477437247968616
2006-07-31,21.660331479099447
2006-08-01,22.211790226806045
2006-08-02,25.229699661509898
2006-08-03,30.71405978082891
2006-08-04,38.664870594141576
2006-08-05,49.082132094055964
2006-08-06,61.965844283990265
2006-08-07,71.0476876784495
2006-08-08,76.32766227092654
2006-08-09,77.80576806061698
2006-08-10,75.48200505973716
2006-08-11,69.35637325388969
2006-08-12,59.428872645859656
2006-08-13,45.69950324456304
2006-08-14,34.4371420779008
2006-08-15,25.641789148146238
2006-08-16,19.313444454695446
2006-08-17,15.452107993463569
2006-08-18,14.057779769405359
2006-08-19,15.13045978012112
2006-08-20,18.67014802356439
2006-08-21,21.626708156608345
2006-08-22,24.00014017420473
2006-08-23,25.790444076566693
2006-08-24,26.997619869263445
2006-08-25,27.621667546131896
2006-08-26,27.66258710397114
2006-08-27,27.120378555114982
2006-08-28,26.794423317675534
2006-08-29,26.684721398835876
2006-08-30,26.79127279510418
2006-08-31,27.114077502576734
2006-09-01,27.65313552526097
2006-09-02,28.309328387827858
2006-09-03,29.08265608530561
2006-09-04,29.725806580926218
2006-09-05,30.238779873535684
2006-09-06,30.621575961777616
2006-09-07,30.874194845242865
2006-09-08,30.99663652651658
2006-09-09,30.988900999639544
2006-09-10,30.85098827325003
2006-09-11,30.80367908136023
2006-09-12,30.84697343362652
2006-09-13,30.980871323220686
2006-09-14,31.2053727482974
2006-09-15,31.520477713826278
2006-09-16,31.92618621410288
2006-09-17,32.422498255857846
2006-09-18,32.3460053189691
2006-09-19,31.696707397822998
2006-09-20,30.4746044940049
2006-09-21,28.67969660858615
2006-09-22,26.311983743744197
2006-09-23,23.371465893549185
2006-09-24,19.858143062697128
2006-09-25,18.287794650466694
2006-09-26,18.660420666136968
2006-09-27,20.976021102915436
2006-09-28,25.234595963168033
2006-09-29,31.43614524698357
2006-09-30,39.58066895531964
2006-10-01,49.66816708291575
2006-10-02,56.20223389435042
2006-10-03,59.18286939475765
2006-10-04,58.61007357151583
2006-10-05,54.4838464316303
2006-10-06,46.80418797152121
2006-10-07,35.571098190760004
2006-10-08,20.784577093692587
2006-10-09,10.536790017224126
2006-10-10,4.827736956518194
2006-10-11,3.657417909656548
2006-10-12,7.025832885874493
2006-10-13,14.932981880343943
2006-10-14,27.378864892942175
2006-10-15,44.363481924496966
2006-10-16,56.38064156355469
2006-10-17,63.43034381645323
2006-10-18,65.51258868208541
2006-10-19,62.62737615409573
2006-10-20,54.77470624215894
2006-10-21,41.9545789382812
2006-10-22,24.16699424521476
2006-10-23,10.729226560808673
2006-10-24,1.6412758807415893
2006-10-25,-3.0968577955406045
2006-10-26,-3.4851744664503848
2006-10-27,0.4763258728291748
2006-10-28,8.787643208676604
2006-10-29,21.44877755821077
2006-10-30,31.711687392017602
2006-10-31,39.57637271635156
2006-11-01,45.042833538238774
2006-11-02,48.084117353909186
2006-11-03,48.70022417724241
2006-11-04,46.891153996555126
2006-11-05,42.65690682018482
2006-11-06,39.10298996015836
2006-11-07,36.229403421955524
2006-11-08,34.036147198490596
2006-11-09,32.52322129617316
2006-11-10,31.69062571333301
2006-11-11,31.538360446040983
2006-11-12,32.06642549734329
2006-11-13,32.475582585214205
2006-11-14,32.765831701578584
2006-11-15,32.93717285655226
2006-11-16,32.989606041986434
2006-11-17,32.923131265621585
2006-11-18,32.737748519985395
2006-11-19,32.433457806673644
2006-11-20,32.201609735871806
2006-11-21,32.042204308455844
2006-11-22,31.955241521497303
2006-11-23,31.94072136713644
2006-11-24,31.998643862415562
2006-11-25,32.12900899434578
2006-11-26,32.33181676877445
2006-11-27,32.74229225956674
2006-11-28,33.360435465550744
2006-11-29,34.18624639055476
2006-11-30,35.219725031951796
2006-12-01,36.460871395625986
2006-12-02,37.92918519706993
2006-12-03,39.6246664364267
2006-12-04,41.80062542000412
2006-12-05,44.45706215005025
2006-12-06,47.593976622939785
2006-12-07,51.211368844004674
2006-12-08,55.30923881056406
2006-12-09,59.8875865230872
2006-12-10,64.94641197959366
2006-12-11,68.3031207346336
2006-12-12,69.95771278551354
2006-12-13,69.91018813416309
2006-12-14,68.16054678044712
2006-12-15,64.70878871939529
2006-12-16,59.55491395922599
2006-12-17,52.698922496881764
2006-12-18,47.5024601872022
2006-12-19,43.965527033295906
2006-12-20,42.088123034801264
2006-12-21,41.87024819470634
2006-12-22,43.31190251068038
2006-12-23,46.41308597868922
2006-12-24,51.17379860312659
2006-12-25,53.92956054578251
2006-12-26,54.68037180239777
2006-12-27,53.426232374104096
2006-12-28,50.1671422615888
2006-12-29,44.90310146280631
2006-12-30,37.63410997759305
2006-12-31,28.360167812515357
2007-01-01,20.439969434276225
2007-01-02,13.809581151877044
2007-01-03,8.469002959737617
2007-01-04,4.418234868078983
2007-01-05,1.65727686489865
2007-01-06,0.18612896033931392
2007-01-07,0.0047911394332587065
2007-01-08,1.5743123787821371
2007-01-09,4.89469266991053
2007-01-10,9.965932015927782
2007-01-11,16.788030409074885
2007-01-12,25.360987864072218
2007-01-13,35.68480436901911
2007-01-14,47.75947993318279
2007-01-15,56.95103334181185
2007-01-16,63.25946459479887
2007-01-17,66.68477369871285
2007-01-18,67.22696064608041
2007-01-19,64.88602544112888
2007-01-20,59.66196807921892
2007-01-21,51.55478856658497
2007-01-22,44.93349329756051
2007-01-23,39.79808227046556
2007-01-24,36.14855548582309
2007-01-25,33.984912943238385
2007-01-26,33.30715463841046
2007-01-27,34.11528057835003
2007-01-28,36.40929075863579
2007-01-29,38.204047092597754
2007-01-30,39.49954958974292
2007-01-31,40.295798243128324
2007-02-01,40.59279305112332
2007-02-02,40.47910121853165
2007-02-03,39.95472273926428
2007-02-04,39.01965761180149
2007-02-05,37.98496878384203
2007-02-06,36.85065625652845
2007-02-07,35.61672001971983
2007-02-08,34.28316008205961
2007-02-09,32.84997643562725
2007-02-10,31.317169091568132
2007-02-11,29.684738040748304
2007-02-12,28.77999477679081
2007-02-13,28.602939300589213
2007-02-14,29.15357160917483
2007-02-15,30.43189170430168
2007-02-16,32.437899590137896
2007-02-17,35.17159525985136
2007-02-18,38.63297871516494
2007-02-19,40.226099523566965
2007-02-20,39.95095768415785
2007-02-21,37.807553193177256
2007-02-22,33.795886053216485
2007-02-23,27.915956263809765
2007-02-24,20.167763822201067
2007-02-25,10.551308730176277
2007-02-26,3.9352532537746843
2007-02-27,0.3195973929619833
2007-02-28,-0.2956588615291169
2007-03-01,2.089484501777183
2007-03-02,7.401870973503118
2007-03-03,15.641500550907299
2007-03-04,26.808373238948928
2007-03-05,34.94354776893063
2007-03-06,40.04702414788635
2007-03-07,42.118802369222244
2007-03-08,41.15888243865158
2007-03-09,37.16726435014691
2007-03-10,30.143948111728555
2007-03-11,20.08893371578787
2007-03-12,12.67969057854991
2007-03-13,7.916218700853166
2007-03-14,5.798518080739122
2007-03-15,6.3265887162127745
2007-03-16,9.500430610795249
2007-03-17,15.320043771478382
2007-03-18,23.78542818433902
2007-03-19,30.843924596015967
2007-03-20,36.49553301164842
2007-03-21,40.74025342592076
2007-03-22,43.5780858455393
2007-03-23,45.00903026622286
2007-03-24,45.033086687809956
2007-03-25,43.65025511057925
2007-03-26,42.75279827849096
2007-03-27,42.3407161932907
2007-03-28,42.41400885248912
2007-03-29,42.972676254810395
2007-03-30,44.01671840206014
2007-03-31,45.54613529645318
2007-04-01,47.56092693596896
2007-04-02,47.83699553306445
2007-04-03,46.3743410884008
2007-04-04,43.17296359925532
2007-04-05,38.23286306912892
2007-04-06,31.554039502207416
2007-04-07,23.13649288669566
2007-04-08,12.980223222297276
2007-04-09,5.964872480760244
2007-04-10,2.0904406519918295
2007-04-11,1.356927740511404
2007-04-12,3.7643337444412692
2007-04-13,9.312658661354131
2007-04-14,18.001902492367112
2007-04-15,29.832065244114478
2007-04-16,38.95342417145068
2007-04-17,45.365979269940325
2007-04-18,49.06973055057894
2007-04-19,50.06467800395735
2007-04-20,48.35082163396384
2007-04-21,43.92816144384785
2007-04-22,36.79669742783392
2007-04-23,32.04708484715884
2007-04-24,29.67932371200283
2007-04-25,29.6934140014114
2007-04-26,32.089355731865396
2007-04-27,36.867148901020066
2007-04-28,44.02679350303391
2007-04-29,53.56828954408445
2007-04-30,60.367050406762075
2007-05-01,64.42307609248819
2007-05-02,65.76827227639714
2007-05-03,64.40263895418286
2007-05-04,60.32617614000688
2007-05-05,53.5388838220556
2007-05-06,44.04076200232043
2007-05-07,35.599886800809244
2007-05-08,28.216258224961617
2007-05-09,21.88987627177559
2007-05-10,16.620740935349612
2007-05-11,12.408852219647969
2007-05-12,9.254210121502373
2007-05-13,7.156814646910845
2007-05-14,4.970733730995852
2007-05-15,2.6959673763463456
2007-05-16,0.3325155882183053
2007-05-17,-2.1196216427614196
2007-05-18,-4.660444308847402
2007-05-19,-7.289952417536199
2007-05-20,-10.008145962179285
2007-05-21,-10.227126739816473
2007-05-22,-7.946894747441096
2007-05-23,-3.1674499906006974
2007-05-24,4.111207534686078
2007-05-25,13.889077830282638
2007-05-26,26.166160897089267
2007-05-27,40.94245673207526
2007-05-28,52.57336668211513
2007-05-29,61.058890750985526
2007-05-30,66.39902893685924
2007-05-31,68.59378124338014
2007-06-01,67.64314766946178
2007-06-02,63.47662255832441
2007-06-03,56.094205921319045
2007-06-04,48.89945878475568
2007-06-05,41.8923811404821
2007-06-06,35.07297299546363
2007-06-07,28.4412343451863
2007-06-08,21.997165187838405
2007-06-09,15.74076552819147
2007-06-10,9.67203536438636
2007-06-11,5.9217598883549325
2007-06-12,4.489939106698393
2007-06-13,5.376573017390923
2007-06-14,8.581661615995138
2007-06-15,14.105204912862547
2007-06-16,21.947202900914952
2007-06-17,32.10765558454429
2007-06-18,40.03730374061962
2007-06-19,45.73614737504721
2007-06-20,49.20418648829559
2007-06-21,50.44142107883745
2007-06-22,49.44785114715141
2007-06-23,46.22347669146638
2007-06-24,40.76829771650078
2007-06-25,36.93580269738291
2007-06-26,34.72599162809907
2007-06-27,34.138864515182476
2007-06-28,35.1744213536338
2007-06-29,37.83266214986194
2007-06-30,42.11358689745442
2007-07-01,48.01719560299822
2007-07-02,52.68145649398311
2007-07-03,56.10636957636875
2007-07-04,58.291934848448754
2007-07-05,59.238152312356576
2007-07-06,58.94502196672136
2007-07-07,57.41254380845212
2007-07-08,54.640717843088815
2007-07-09,50.9281504038659
2007-07-10,46.27484147852919
2007-07-11,40.68079107567541
2007-07-12,34.14599919002589
2007-07-13,26.67046582662327
2007-07-14,18.254190983312256
2007-07-15,8.89717465395697
2007-07-16,2.1980281476772574
2007-07-17,-1.8432485314884437
2007-07-18,-3.2266553898974526
2007-07-19,-1.9521924261961947
2007-07-20,1.9801403566185727
2007-07-21,8.570342967522171
2007-07-22,17.818415399557608
2007-07-23,26.235127883684395
2007-07-24,33.82048042087664
2007-07-25,40.57447300770962
2007-07-26,46.497105646406894
2007-07-27,51.588378339469195
2007-07-28,55.84829108962079
2007-07-29,59.276843892078716
2007-07-30,60.638925930772636
2007-07-31,59.93453720345168
2007-08-01,57.16367771415739
2007-08-02,52.20855476532921
2007-08-03,45.06916836115721
2007-08-04,35.74551849256488
2007-08-05,24.237605169475586
2007-08-06,15.746173067785467
2007-08-07,10.27122218742987
2007-08-08,7.812752529245776
2007-08-09,8.370764093685025
2007-08-10,11.945256877096398
2007-08-11,18.536230887758784
2007-08-12,28.143686119662924
2007-08-13,36.213167203468245
2007-08-14,42.744674149605835
2007-08-15,47.738206949494646
2007-08-16,51.19376561002497
2007-08-17,53.111350127737474
2007-08-18,53.49096050303824
2007-08-19,52.33259674051857
2007-08-20,50.94245412527045
2007-08-21,49.32053266232728
2007-08-22,47.46683234758772
2007-08-23,45.38135318220086
2007-08-24,43.06409517075492
2007-08-25,40.51505830896309
2007-08-26,37.73424259700102
2007-08-27,35.76766848702102
2007-08-28,34.61533597633617
2007-08-29,34.277245074286846
2007-08-30,34.753395773789364
2007-08-31,36.04378807551803
2007-09-01,38.14842198015048
2007-09-02,41.220352551350274
2007-09-03,42.89655929334601
2007-09-04,43.17704220573679
2007-09-05,42.061801288110594
2007-09-06,39.55083654271454
2007-09-07,35.64414796800057
2007-09-08,30.341735565061903
2007-09-09,23.64359932794414
2007-09-10,18.737624366179872
2007-09-11,15.623810676832107
2007-09-12,14.302158256624327
2007-09-13,14.772667110761674
2007-09-14,17.0353372374756
2007-09-15,21.0901686353845
2007-09-16,26.93716130318568
2007-09-17,31.683716521885188
2007-09-18,35.32983429005957
2007-09-19,37.87551461104902
2007-09-20,39.32075747866677
2007-09-21,39.665562898494365
2007-09-22,38.909930869071964
2007-09-23,37.05386138911679
2007-09-24,34.82172421160385
2007-09-25,32.213519335101616
2007-09-26,29.229246761322432
2007-09-27,25.86890648776339
2007-09-28,22.13249851585139
2007-09-29,18.02002284436728
2007-09-30,13.531479473253231
2007-10-01,9.699214305323505
2007-10-02,6.378814470341458
2007-10-03,3.57027997222982
2007-10-04,1.2736108012252991
2007-10-05,-0.5111930374886438
2007-10-06,-1.784131544429295
2007-10-07,38.08348615032655
2007-10-08,-2.1120111979267904
2007-10-09,-0.4845509870235656
2007-10-10,2.33717591283504
2007-10-11,6.353169505593056
2007-10-12,11.563429792450343
2007-10-13,17.96795677094301
2007-10-14,58.746847988670645
2007-10-15,32.47251870200578
2007-10-16,38.68526154381954
2007-10-17,44.204978970613894
2007-10-18,49.03167098096854
2007-10-19,53.16533757613169
2007-10-20,56.60597875995916
2007-10-21,59.353594530527296
2007-10-22,61.09458116437602
2007-10-23,61.82893866536436
2007-10-24,61.556667024587114
2007-10-25,60.27776625291645
2007-10-26,57.9922363510036
2007-10-27,54.70007730592942
2007-10-28,50.40128912646551
2007-10-29,46.72355419823504
2007-10-30,43.666872520089484
2007-10-31,41.23124409099059
2007-11-01,39.416668913917185
2007-11-02,38.32263189084007
2007-11-03,37.94913302046099
2007-11-04,38.296172305905216
2007-11-05,38.297611946680064
2007-11-06,37.953451948195365
2007-11-07,37.26369230021452
2007-11-08,58.38659595300905
2007-11-09,34.84737407756271
2007-11-10,33.1208155009783
2007-11-11,31.048657280541537
2007-11-12,29.58069217071339
2007-11-13,28.716920174121867
2007-11-14,28.457341290645182
2007-11-15,28.801955523182055
2007-11-16,29.750762864040315
2007-11-17,31.303763321238037
2007-11-18,33.460956890636126
2007-11-19,35.441545613980196
2007-11-20,37.245529497416626
2007-11-21,38.8729085382402
2007-11-22,40.323682737907816
2007-11-23,41.597852092766146
2007-11-24,42.69541660596386
2007-11-25,43.616376275348685
2007-11-26,44.46081699511186
2007-11-27,45.2287387591612
2007-11-28,45.92014156928672
2007-11-29,77.98840360798482
2007-11-30,47.07339033219901
2007-12-01,47.53523628634033
2007-12-02,47.85948040989255
2007-12-03,48.47006418744174
2007-12-04,49.366987616809595
2007-12-05,50.55025070155473
2007-12-06,52.01985344009616
2007-12-07,53.775795825729006
2007-12-08,55.81807786557557
2007-12-09,58.1466995578846
2007-12-10,60.109899046008266
2007-12-11,61.70767633963092
2007-12-12,62.94003142059895
2007-12-13,63.80696430440497
2007-12-14,64.30847498377392
2007-12-15,64.44456346283756
2007-12-16,64.21522974011258
2007-12-17,63.94055655453174
2007-12-18,63.6205439085686
2007-12-19,63.25519180379584
2007-12-20,62.84450023962802
2007-12-21,62.3884692084856
2007-12-22,61.88709871791356
2007-12-23,61.3403887700368
2007-12-24,60.455684037802165
2007-12-25,59.23298453029885
2007-12-26,57.67229024633467
2007-12-27,55.77360118230613
2007-12-28,53.53691733836359
2007-12-29,50.96223871629423
2007-12-30,48.04956531369144
2007-12-31,45.68601757824323
2008-01-01,43.871595504178856
2008-01-02,42.633479483406745
2008-01-03,41.97166951687726
2008-01-04,41.8861655990473
2008-01-05,42.37696773370917
2008-01-06,43.44407592027789
2008-01-07,44.35224259416964
2008-01-08,45.10146775919227
2008-01-09,45.69175141305626
2008-01-10,46.12309355285072
2008-01-11,46.39549418640403
2008-01-12,46.50895330772107
2008-01-13,46.46347091605849
2008-01-14,46.02396991674926
2008-01-15,45.190450298941855
2008-01-16,43.96291207074435
2008-01-17,42.34135523063745
2008-01-18,40.32577977770284
2008-01-19,37.91618570948087
2008-01-20,35.11257302798388
2008-01-21,32.49210993686539
2008-01-22,30.054796436430287
2008-01-23,27.80063252776481
2008-01-24,25.729618204803128
2008-01-25,23.841753473216908
2008-01-26,22.13703833119438
2008-01-27,20.615472777349307
2008-01-28,20.0581641204407
2008-01-29,20.46511235055641
2008-01-30,47.39853548406953
2008-01-31,24.171779502736104
2008-02-01,27.471498416557555
2008-02-02,31.73448822107939
2008-02-03,36.96074890550292
2008-02-04,41.09637331576283
2008-02-05,44.14136144174782
2008-02-06,46.095713288789156
2008-02-07,46.959428852117384
2008-02-08,46.732508138806715
2008-02-09,45.414951138388204
2008-02-10,43.00675786271328
2008-02-11,40.94276977691081
2008-02-12,39.22298688500135
2008-02-13,37.84740918620891
2008-02-14,36.81603668230912
2008-02-15,36.12886936696336
2008-02-16,35.78590724878798
2008-02-17,35.78715031560887
2008-02-18,35.98226201494552
2008-02-19,36.371242343672414
2008-02-20,36.954091298003206
2008-02-21,37.73080887981425
2008-02-22,38.701395088005526
2008-02-23,39.8658499258504
2008-02-24,41.224173394415224
2008-02-25,41.98360895478382
2008-02-26,42.144156611114425
2008-02-27,41.70581636288679
2008-02-28,40.66858820731394
2008-02-29,72.88971453967923
2008-03-01,36.79746818629224
2008-03-02,33.9588954774354
2008-03-03,32.117058827191286
2008-03-04,31.271958237162163
2008-03-05,31.423593703826796
2008-03-06,32.57196523027864
2008-03-07,34.71707281373153
2008-03-08,37.85891645667409
2008-03-09,41.997496159933036
2008-03-10,44.89877623985184
2008-03-11,46.56275669496432
2008-03-12,46.989437533876064
2008-03-13,46.17881874523777
2008-03-14,44.130900340948095
2008-03-15,40.845682312857775
2008-03-16,36.32316466187612
2008-03-17,32.76824722373373
2008-03-18,30.180929998737543
2008-03-19,28.561212987279127
2008-03-20,27.909096182943017
2008-03-21,28.224579594185492
2008-03-22,29.507663216992878
2008-03-23,31.758347050519284
2008-03-24,33.378392852147606
2008-03-25,34.36780061533141
2008-03-26,34.72657034566712
2008-03-27,34.454702044640946
2008-03-28,33.552195703579024
2008-03-29,32.019051335672664
2008-03-30,29.85526892798711
2008-03-31,28.315980299022485
2008-04-01,27.401185447656523
2008-04-02,27.113064894055274
2008-04-03,27.451618637799303
2008-04-04,28.416846683902264
2008-04-05,30.00874902818395
2008-04-06,32.22732567017042
2008-04-07,33.874248984946284
2008-04-08,34.94951897666711
2008-04-09,35.45313563970955
2008-04-10,35.38509898091866
2008-04-11,34.745408997603924
2008-04-12,33.534065688474605
2008-04-13,31.751069054361373
2008-04-14,30.45291978779503
2008-04-15,29.63961789350395
2008-04-16,29.31116336688352
2008-04-17,29.46755620645888
2008-04-18,30.10879641811615
2008-04-19,31.234883996602115
2008-04-20,32.84581894618987
2008-04-21,34.53864051042694
2008-04-22,36.31334869528256
2008-04-23,38.16994349588021
2008-04-24,40.10842491689181
2008-04-25,42.128792959185084
2008-04-26,44.23104761805284
2008-04-27,46.41518889563589
2008-04-28,47.908540699925005
2008-04-29,48.71110302769368
2008-04-30,48.82287588307874
2008-05-01,48.24385926237597
2008-05-02,46.97148301238687
2008-05-03,45.00574713099175
2008-05-04,42.34665161698796
2008-05-05,39.82766911576784
2008-05-06,37.44879962794507
2008-05-07,35.21004315116159
2008-05-08,33.11139968888352
2008-05-09,31.152869238452993
2008-05-10,29.334451796001844
2008-05-11,27.656147366733922
2008-05-12,26.585258511785028
2008-05-13,26.121785228272085
2008-05-14,26.265727516646937
2008-05-15,27.01708537652881
2008-05-16,28.375858811289422
2008-05-17,30.342047818680605
2008-05-18,32.91565239363182
2008-05-19,34.9645814316584
2008-05-20,36.488834918431166
2008-05-21,37.48841285849377
2008-05-22,37.96331525894416
2008-05-23,37.91354210849721
2008-05-24,37.33909341526325
2008-05-25,36.239969177638834
2008-05-26,34.934193297548845
2008-05-27,33.4217657773424
2008-05-28,31.702686617042914
2008-05-29,29.776955814134634
2008-05-30,27.644573371042018
2008-05-31,25.305539286477043
2008-06-01,22.75985356472441
2008-06-02,21.959370530952977
2008-06-03,22.9040901890682
2008-06-04,25.594012544154
2008-06-05,30.029137590551393
2008-06-06,36.20946532901857
2008-06-07,44.13499575991986
2008-06-08,53.80572888678151
2008-06-09,61.369003395796675
2008-06-10,66.82481928569078
2008-06-11,70.17317655557822
2008-06-12,71.4140752002
2008-06-13,70.54751522889151
2008-06-14,67.57349664168872
2008-06-15,62.492019433726604
2008-06-16,57.46587601492989
2008-06-17,52.49506638424254
2008-06-18,47.579590544946626
2008-06-19,42.71944849774841
2008-06-20,37.91464023909886
2008-06-21,33.16516576678657
2008-06-22,28.471025082567948
2008-06-23,25.15407110602336
2008-06-24,23.21430384551948
2008-06-25,22.651723292786908
2008-06-26,23.466329448660137
2008-06-27,25.65812231216689
2008-06-28,29.227101890043127
2008-06-29,34.173268177687596
2008-06-30,37.8935072654132
2008-07-01,40.3878191550735
2008-07-02,41.658846344852236
2008-07-03,41.70658883885959
2008-07-04,40.53104663606189
2008-07-05,38.13221973968032
2008-07-06,34.510108139672866
2008-07-07,31.436913062678585
2008-07-08,28.91263450660087
2008-07-09,26.937272469355598
2008-07-10,25.510826953398322
2008-07-11,24.63329795591066
2008-07-12,24.304685480501515
2008-07-13,24.524989522675835
2008-07-14,25.098083597181315
2008-07-15,26.023967699678323
2008-07-16,27.302641833312002
2008-07-17,28.934105992831736
2008-07-18,30.9183601867191
2008-07-19,33.25540440673744
2008-07-20,35.94523865215718
2008-07-21,37.899375443753314
2008-07-22,39.11781477453655
2008-07-23,39.60055664131388
2008-07-24,39.347601051348796
2008-07-25,38.35894800064942
2008-07-26,36.6345974865842
2008-07-27,34.17454951568619
2008-07-28,32.2816242538473
2008-07-29,30.95582170593812
2008-07-30,30.197141869230972
2008-07-31,30.005584746213763
2008-08-01,30.38115033467375
2008-08-02,31.326683326211157
2008-08-03,32.84218371535991
2008-08-04,34.275939086703104
2008-08-05,35.627949452121314
2008-08-06,36.898214800986004
2008-08-07,38.08673513711466
2008-08-08,39.193510459463795
2008-08-09,40.21854076848765
2008-08-10,41.1618260679865
2008-08-11,41.90516334634139
2008-08-12,42.448552604284004
2008-08-13,42.79199384810859
2008-08-14,42.935487071071876
2008-08-15,42.87903227846704
2008-08-16,42.62262946629274
2008-08-17,42.16627863832942
2008-08-18,41.897431326223106
2008-08-19,41.816087540095936
2008-08-20,41.92224726945454
2008-08-21,42.215910527867905
2008-08-22,42.697077304796814
2008-08-23,43.3657476037232
2008-08-24,44.22192142254065
2008-08-25,43.78556416836001
2008-08-26,42.05667583677158
2008-08-27,39.03525643408189
2008-08-28,34.72130595129539
2008-08-29,29.11482439614734
2008-08-30,22.21581176454186
2008-08-31,14.024268056337942
2008-09-01,8.252955727113918
2008-09-02,4.879790657928705
2008-09-03,3.9047728343409034
2008-09-04,5.327902266270183
2008-09-05,9.149178945616999
2008-09-06,15.368602881965739
2008-09-07,23.986174072488698
2008-09-08,31.066117531459575
2008-09-09,36.60843325727783
2008-09-10,40.613121247949934
2008-09-11,43.0801815166996
2008-09-12,44.009614055520494
2008-09-13,43.401418861538026
2008-09-14,41.25559593866189
2008-09-15,39.56857885218551
2008-09-16,38.340367605753904
2008-09-17,37.57096219427911
2008-09-18,37.2603626219321
2008-09-19,37.408568887170865
2008-09-20,38.01558099149297
2008-09-21,39.08139892874637
2008-09-22,39.68982644211268
2008-09-23,39.840863522863295
2008-09-24,39.53451017632881
2008-09-25,38.770766402181565
2008-09-26,37.54963219776524
2008-09-27,35.871107562846156
2008-09-28,33.73519250346149
2008-09-29,32.29822281128307
2008-09-30,31.560198497587926
2008-10-01,31.521119553524613
2008-10-02,32.2084568273277
2008-10-03,33.622210320744806
2008-10-04,35.76238003682044
2008-10-05,38.628965973737316
2008-10-06,40.24789989258001
2008-10-07,40.6191817988088
2008-10-08,39.74281168434591
2008-10-09,37.61878955497118
2008-10-10,34.24711541045749
2008-10-11,29.627789250334448
2008-10-12,23.76081107108405
2008-10-13,19.99894324509559
2008-10-14,18.34218577545267
2008-10-15,18.79053865604164
2008-10-16,21.344001889986117
2008-10-17,26.002575478154114
2008-10-18,32.76625941940722
2008-10-19,41.63505371795237
2008-10-20,48.1460564786619
2008-10-21,52.299267706031685
2008-10-22,54.09468739503216
2008-10-23,53.53231555128351
2008-10-24,50.61215217116297
2008-10-25,45.33419726033601
2008-10-26,37.69845080885787
2008-10-27,31.546508248530966
2008-10-28,26.87836957784275
2008-10-29,23.69403479402651
2008-10-30,21.993503901247735
2008-10-31,60.37403321588363
2008-11-01,23.04385377201508
2008-11-02,25.79580738891958
2008-11-03,28.485767454313745
2008-11-04,31.11373397206711
2008-11-05,33.67970694129437
2008-11-06,36.18368636306717
2008-11-07,38.62567223490974
2008-11-08,41.005664562199
2008-11-09,43.32366333684237
2008-11-10,44.92343049519968
2008-11-11,45.80496603935015
2008-11-12,45.96826995766233
2008-11-13,45.41334226169592
2008-11-14,44.14018294196166
2008-11-15,42.148792006897054
2008-11-16,39.43916945364848
2008-11-17,37.94701124435797
2008-11-18,37.67231737948444
2008-11-19,38.615087860946
2008-11-20,40.77532268733367
2008-11-21,44.15302185805876
2008-11-22,48.74818537722825
2008-11-23,54.56081324003409
2008-11-24,59.40002751472144
2008-11-25,63.265828191682104
2008-11-26,66.15821528135629
2008-11-27,68.07718877671718
2008-11-28,69.0227486809756
2008-11-29,68.99489499782415
2008-11-30,67.99362772249769
2008-12-01,67.60706840480599
2008-12-02,67.79389419047658
2008-12-03,68.55410508136464
2008-12-04,69.88770107972866
2008-12-05,71.79468218032788
2008-12-06,74.27504838817809
2008-12-07,77.32879970153945
2008-12-08,113.23177865785637
2008-12-09,80.41225808470362
2008-12-10,80.44196515763338
2008-12-11,79.4636574775686
2008-12-12,77.47733505334602
2008-12-13,74.48299788440687
2008-12-14,70.48064596277814
2008-12-15,66.32973487049054
2008-12-16,62.03026460170782
2008-12-17,57.58223515952834
2008-12-18,52.985646540341136
2008-12-19,48.24049874560503
2008-12-20,43.34679177543487
2008-12-21,38.304525632207316
2008-12-22,34.84961906401382
2008-12-23,32.98207207991761
2008-12-24,32.701884672692366
2008-12-25,34.00905684832695
2008-12-26,36.903588601132235
2008-12-27,41.385479937408846
2008-12-28,47.45473085248678
2008-12-29,51.70567196298929
2008-12-30,54.13830326086607
2008-12-31,54.75262475443719
2009-01-01,53.548636437748314
2009-01-02,50.57875551680958
2009-01-03,45.84298199137546
2009-01-04,39.34131585457754
2009-01-05,33.98812120917661
2009-01-06,29.783398058740815
2009-01-07,26.72714640121844
2009-01-08,24.81936623338116
2009-01-09,24.06005755399477
2009-01-10,24.449220366380477
2009-01-11,25.986854670527148
2009-01-12,27.5753606469599
2009-01-13,29.214738295144652
2009-01-14,30.90498761507259
2009-01-15,32.646108601414056
2009-01-16,34.43810126622904
2009-01-17,36.28096559730741
2009-01-18,38.17470160435161
2009-01-19,39.727615715892355
2009-01-20,40.939707939685825
2009-01-21,41.81097827303462
2009-01-22,42.34142671857933
2009-01-23,42.531053269645206
2009-01-24,42.37985793301654
2009-01-25,41.88784070153419
2009-01-26,41.88871667410435
2009-01-27,42.38248584041841
2009-01-28,43.36914820730094
2009-01-29,44.848703772627395
2009-01-30,46.82115253937633
2009-01-31,49.286494502510706
2009-02-01,52.2447296668824
2009-02-02,54.36710690856708
2009-02-03,55.653626229736595
2009-02-04,56.10428762991446
2009-02-05,55.71909111567668
2009-02-06,54.49803667838794
2009-02-07,52.44112432016752
2009-02-08,49.548354040048245
2009-02-09,46.73014463797993
2009-02-10,69.5825713478226
2009-02-11,41.3174084368713
2009-02-12,38.72288164133381
2009-02-13,36.20291571688378
2009-02-14,33.757510663860366
2009-02-15,31.386666483136327
2009-02-16,30.129429293357806
2009-02-17,29.985799099882158
2009-02-18,30.955775902939614
2009-02-19,33.03935970370569
2009-02-20,36.23655049704394
2009-02-21,40.547348285703876
2009-02-22,45.971753069671955
2009-02-23,50.20253600548145
2009-02-24,53.23969709071029
2009-02-25,55.0832363236952
2009-02-26,55.73315370761843
2009-02-27,55.189449242100615
2009-02-28,53.45212292787656
2009-03-01,50.52117476173666
2009-03-02,48.08577812239957
2009-03-03,46.14593300601988
2009-03-04,44.70163941657731
2009-03-05,43.752897351947965
2009-03-06,43.299706810601265
2009-03-07,43.3420677953085
2009-03-08,43.879980306950394
2009-03-09,43.850947457921315
2009-03-10,43.25496925284975
2009-03-11,42.09204568823594
2009-03-12,40.36217676366808
2009-03-13,38.065362480434565
2009-03-14,35.20160284141151
2009-03-15,31.77089783812321
2009-03-16,29.011207496048797
2009-03-17,26.9225318047215
2009-03-18,25.504870770245024
2009-03-19,24.758224393354958
2009-03-20,65.31128353722706
2009-03-21,25.277975603625624
2009-03-22,26.544373187843284
2009-03-23,28.368546898036048
2009-03-24,30.750496727485075
2009-03-25,33.69022268079003
2009-03-26,37.18772475406497
2009-03-27,41.24300294959122
2009-03-28,45.856057272711205
2009-03-29,51.02688771477178
2009-03-30,54.30933838030192
2009-03-31,55.70340927052939
2009-04-01,55.20910038280201
2009-04-02,52.81683743687169
2009-04-03,48.526620427790604
2009-04-04,42.33844935561887
2009-04-05,34.25232422458627
2009-04-06,28.18013847356171
2009-04-07,24.12189209183741
2009-04-08,22.07758509421967
2009-04-09,22.047217466361353
2009-04-10,24.03078921499277
2009-04-11,28.028300342196356
2009-04-12,34.03975084324019
2009-04-13,38.81053395092259
2009-04-14,42.3406496635819
2009-04-15,70.72621865613615
2009-04-16,45.67887890092184
2009-04-17,45.48699243349794
2009-04-18,44.054438565581066
2009-04-19,41.38121730270029
2009-04-20,39.60713145702468
2009-04-21,38.732181027479626
2009-04-22,38.75636601055729
2009-04-23,39.67968641000144
2009-04-24,41.50214222230585
2009-04-25,44.22373345066378
2009-04-26,47.84446009426926
2009-04-27,50.281249622937196
2009-04-28,51.53410203350206
2009-04-29,51.60301733317076
2009-04-30,50.48799551311745
2009-05-01,48.189036580561385
2009-05-02,44.70158275603705
2009-05-03,40.025634041220826
2009-05-04,36.81959043777867
2009-05-05,35.08345195551318
2009-05-06,34.81721858680862
2009-05-07,36.020890333998594
2009-05-08,38.694467194798094
2009-05-09,42.83794917559644
2009-05-10,48.45133627071405
2009-05-11,52.41597104529405
2009-05-12,54.73185350516472
2009-05-13,55.39898365121005
2009-05-14,54.417361479039364
2009-05-15,51.78698699333316
2009-05-16,47.50786018787641
2009-05-17,41.57998106686969
2009-05-18,36.941544923126045
2009-05-19,33.59255175562637
2009-05-20,31.53300156563879
2009-05-21,30.762894351340552
2009-05-22,31.282230112619303
2009-05-23,33.09100885506457
2009-05-24,36.189230566494814
2009-05-25,38.843363715842784
2009-05-26,41.05340830186831
2009-05-27,42.81936432580638
2009-05-28,44.14123178533591
2009-05-29,45.0190106824537
2009-05-30,45.45270101486177
2009-05-31,45.44230278418185
2009-06-01,45.06527281595689
2009-06-02,44.328460869231854
2009-06-03,43.23186694698631
2009-06-04,41.77549104870046
2009-06-05,39.959333177993315
2009-06-06,37.78339332737674
2009-06-07,35.24767150420301
2009-06-08,33.39026571630579
2009-06-09,32.2111759736071
2009-06-10,31.71040227059317
2009-06-11,31.887944611361043
2009-06-12,32.74380298917693
2009-06-13,34.27797740806494
2009-06-14,36.49046787508783
2009-06-15,38.27967240303851
2009-06-16,39.64559099414132
2009-06-17,40.58822365205182
2009-06-18,41.10757037815735
2009-06-19,41.20363116612925
2009-06-20,40.87640602010275
2009-06-21,40.125894939145034
2009-06-22,39.57602302486597
2009-06-23,39.226790277546094
2009-06-24,39.078196700401875
2009-06-25,39.13024228832583
2009-06-26,39.382927041421055
2009-06-27,39.83625096370914
2009-06-28,40.490214053103614
2009-06-29,41.12580768996815
2009-06-30,41.74303187414217
2009-07-01,42.34188660450551
2009-07-02,42.920122341009765
2009-07-03,43.47773908369543
2009-07-04,44.01473683445889
2009-07-05,44.53111559451808
2009-07-06,44.55451254554754
2009-07-07,44.08492769077837
2009-07-08,43.122361027708514
2009-07-09,41.66681255807761
2009-07-10,39.71828227770314
2009-07-11,37.27677019085971
2009-07-12,34.34227629729386
2009-07-13,32.33045755648049
2009-07-14,31.241313963615017
2009-07-15,31.07484552383483
2009-07-16,31.831052233109567
2009-07-17,33.509934097082535
2009-07-18,36.11149111081809
2009-07-19,39.635723277334456
2009-07-20,42.72526589691057
2009-07-21,45.38011896670028
2009-07-22,47.600282488275234
2009-07-23,49.385756465257174
2009-07-24,50.73654089122093
2009-07-25,51.65263577162094
2009-07-26,52.1340411026735
2009-07-27,51.97844773363169
2009-07-28,51.18585566333003
2009-07-29,49.75626489226012
2009-07-30,47.689675416342
2009-07-31,44.98608724188503
2009-08-01,41.64550036502807
2009-08-02,37.676780111507924
2009-08-03,34.519968188162466
2009-08-04,32.175064586061616
2009-08-05,30.642069299423348
2009-08-06,29.920982341427152
2009-08-07,30.01180370551555
2009-08-08,30.914533389867223
2009-08-09,32.629171398252275
2009-08-10,34.17956059396993
2009-08-11,35.56570098299809
2009-08-12,36.787592554661906
2009-08-13,37.84523532146558
2009-08-14,38.73862927722127
2009-08-15,39.46777442249702
2009-08-16,40.03267076012645
2009-08-17,40.51376386470196
2009-08-18,40.911053747452335
2009-08-19,41.224540396460306
2009-08-20,41.454223820906755
2009-08-21,41.60010401650691
2009-08-22,41.66218098378701
2009-08-23,41.64045472334187
2009-08-24,41.427396064266865
2009-08-25,41.023005011922216
2009-08-26,40.427281561578596
2009-08-27,39.64022571108367
2009-08-28,38.66183746444009
2009-08-29,37.49211682266536
2009-08-30,36.13106378371119
2009-08-31,35.31771472661782
2009-09-01,35.05206965324585
2009-09-02,35.31546452789014
2009-09-03,36.107899354300336
2009-09-04,37.42937412169205
2009-09-05,39.27988883489631
2009-09-06,41.65944349522636
2009-09-07,43.50666287325805
2009-09-08,44.821546961476756
2009-09-09,45.60409576418569
2009-09-10,45.85430927897911
2009-09-11,45.572187508787934
2009-09-12,44.75773045009734
2009-09-13,43.41093810611603
2009-09-14,42.16355385295443
2009-09-15,41.01557768953043
2009-09-16,39.96700961946744
2009-09-17,39.017849637323124
2009-09-18,38.1680977451564
2009-09-19,37.417753946287114
2009-09-20,36.76681823590682
2009-09-21,36.58998208425827
2009-09-22,36.88724549419933
2009-09-23,37.658608462975366
2009-09-24,38.90407098741721
2009-09-25,40.62363307384449
2009-09-26,82.70112625833055
2009-09-27,45.485055932959646
2009-09-28,47.10884423945319
2009-09-29,47.688659649367395
2009-09-30,47.224502163962306
2009-10-01,45.71637178058673
2009-10-02,83.80426646003532
2009-10-03,39.602113606729404
2009-10-04,34.99598581769244
2009-10-05,32.277059737471255
2009-10-06,31.445335371613886
2009-10-07,32.50081271314445
2009-10-08,35.44349177061918
2009-10-09,40.27337253776244
2009-10-10,46.99045501948113
2009-10-11,55.5947392120593
2009-10-12,84.08508906832984
2009-10-13,64.2053039306534
2009-10-14,64.21158445917922
2009-10-15,61.35186377037237
2009-10-16,55.62614186048077
2009-10-17,47.03441872327211
2009-10-18,35.57669436939445
2009-10-19,26.727091722957763
2009-10-20,20.48561077728966
2009-10-21,16.852251540100585
2009-10-22,15.827014001957519
2009-10-23,17.409898168136465
2009-10-24,21.60090404078011
2009-10-25,28.40003161455076
2009-10-26,33.92313947332874
2009-10-27,38.17022760881119
2009-10-28,41.141296033479975
2009-10-29,42.8363447414072
2009-10-30,43.255373731016725
2009-10-31,42.398383004636024
2009-11-01,40.26537256033255
2009-11-02,39.18167522156976
2009-11-03,39.1472909892294
2009-11-04,40.162219862023775
2009-11-05,42.22646183779143
2009-11-06,45.340016920675815
2009-11-07,49.5028851122565
2009-11-08,54.71506640360559
2009-11-09,58.97416750860454
2009-11-10,62.28018842044462
2009-11-11,64.63312914061866
2009-11-12,66.03298966869059
2009-11-13,66.4797700066556
2009-11-14,65.97347015783372
2009-11-15,64.51409011662498
2009-11-16,62.91588014159616
2009-11-17,61.17884023733329
2009-11-18,59.302970400217774
2009-11-19,57.28827062998827
2009-11-20,55.13474092847955
2009-11-21,52.84238129541482
2009-11-22,50.411191728988335
2009-11-23,48.43788047379463
2009-11-24,46.9224475319414
2009-11-25,45.86489290232926
2009-11-26,45.26521658289831
2009-11-27,76.09498215394574
2009-11-28,45.43949887929032
2009-11-29,46.213457496628934
2009-11-30,47.85855469459673
2009-12-01,50.374790478674974
2009-12-02,53.72191992511544
2009-12-03,84.57945004542215
2009-12-04,62.90885982278536
2009-12-05,68.74867027242428
2009-12-06,75.41937439083081
2009-12-07,80.96843511123781
2009-12-08,85.39585243385704
2009-12-09,88.70162636118162
2009-12-10,121.6281329836011
2009-12-11,91.94824402617215
2009-12-12,91.88908776495136
2009-12-13,90.7082881088165
2009-12-14,89.80026698679211
2009-12-15,89.16502440308507
2009-12-16,88.80256035234632
2009-12-17,88.71287483812279
2009-12-18,88.89596785712295
2009-12-19,89.35183941301595
2009-12-20,90.08048950471687
2009-12-21,114.17401419738837
2009-12-22,84.33632911437506
2009-12-23,77.86351862918332
2009-12-24,68.99022129581505
2009-12-25,57.71643709777071
2009-12-26,44.04216604025324
2009-12-27,27.967408121391486
2009-12-28,16.41782172824331
2009-12-29,9.393406852578103
2009-12-30,6.894163504038932
2009-12-31,8.920091674160581
2010-01-01,15.471191367163081
2010-01-02,26.567378136872662
2010-01-03,42.2086519845453
2010-01-04,54.166473091213824
2010-01-05,62.440841454576905
2010-01-06,67.03175707722293
2010-01-07,67.93921995862473
2010-01-08,65.16323009977444
2010-01-09,58.70378750250002
2010-01-10,48.56089216197147
2010-01-11,40.408108365282814
2010-01-12,34.245436109845954
2010-01-13,30.072875394542457
2010-01-14,27.89042622453291
2010-01-15,27.69808859492108
2010-01-16,29.495862501595084
2010-01-17,33.28374795422279
2010-01-18,36.66825268389057
2010-01-19,39.64937668684027
2010-01-20,42.22711995971657
2010-01-21,44.401482514553344
2010-01-22,46.17246434359559
2010-01-23,47.54006544933749
2010-01-24,48.50428583195027
2010-01-25,79.75412631345677
2010-01-26,71.84577834915605
2010-01-27,49.71900756724209
2010-01-28,49.564601674385756
2010-01-29,49.13053921304104
2010-01-30,48.41682018291884
2010-01-31,47.42344458357601
2010-02-01,46.72787517054868
2010-02-02,46.34301450260227
2010-02-03,46.26886259107454
2010-02-04,46.505419431470735
2010-02-05,47.05268502477358
2010-02-06,47.910659373654866
2010-02-07,49.07934247094838
2010-02-08,75.11648383899035
2010-02-09,49.64014464776923
2010-02-10,49.03226373060775
2010-02-11,47.83219480581268
2010-02-12,46.03993787860561
2010-02-13,43.65549294219339
2010-02-14,40.67885999855236
2010-02-15,38.428989179508505
2010-02-16,36.90588048011897
2010-02-17,36.1095338964811
2010-02-18,36.03994943349161
2010-02-19,36.6971270914167
2010-02-20,38.08106686711315
2010-02-21,40.191768765235814
2010-02-22,41.63858669517374
2010-02-23,42.421520657699084
2010-02-24,42.54057065199436
2010-02-25,41.995736678650076
2010-02-26,40.78701874095325
2010-02-27,38.91441683300727
2010-02-28,36.377930955858716
2010-03-01,34.54105524074102
2010-03-02,33.39228168008362
2010-03-03,32.93161026942829
2010-03-04,33.15904101505104
2010-03-05,34.07457391131235
2010-03-06,35.678208961964835
2010-03-07,37.96994616499047
2010-03-08,39.98191128927892
2010-03-09,41.714104334533694
2010-03-10,43.16652530133088
2010-03-11,71.96668398378368
2010-03-12,45.232051006937596
2010-03-13,45.84515573894978
2010-03-14,46.178488399166966
2010-03-15,46.243738949933686
2010-03-16,46.04090739935402
2010-03-17,45.56999373897851
2010-03-18,44.83099797942639
2010-03-19,43.82392010798005
2010-03-20,82.53416339713189
2010-03-21,41.00551805499761
2010-03-22,39.9968460602569
2010-03-23,39.522744147690545
2010-03-24,39.58321231994121
2010-03-25,69.76948042531646
2010-03-26,41.307858917062404
2010-03-27,42.97203734201545
2010-03-28,80.95789105481167
2010-03-29,46.76102144395346
2010-03-30,47.74274412738805
2010-03-31,48.11595390293989
2010-04-01,47.880650763758936
2010-04-02,47.043266762757774
2010-04-03,45.60380189539139
2010-04-04,43.56225617079411
2010-04-05,41.616668174136144
2010-04-06,39.76703790427314
2010-04-07,38.013365362118606
2010-04-08,36.35565054841874
2010-04-09,34.793893463307995
2010-04-10,33.32809410671393
2010-04-11,31.958252476672854
2010-04-12,30.85859362575206
2010-04-13,30.02911754680016
2010-04-14,29.46982425339463
2010-04-15,61.95452436387463
2010-04-16,29.161785988778853
2010-04-17,29.413041020696383
2010-04-18,29.934478830720707
2010-04-19,30.95232953534458
2010-04-20,32.46659313904958
2010-04-21,34.47726963257988
2010-04-22,36.98435902164008
2010-04-23,39.98786130771657
2010-04-24,43.487776489419225
2010-04-25,47.4841045659271
2010-04-26,50.116145760944804
2010-04-27,51.38390006918718
2010-04-28,51.287367494944995
2010-04-29,49.82654803611682
2010-04-30,47.00144169207035
2010-05-01,42.81204846390287
2010-05-02,37.23017444790145
2010-05-03,33.02728484784065
2010-05-04,30.203379662980943
2010-05-05,28.758458888450548
2010-05-06,28.692522524717738
2010-05-07,30.005570579538574
2010-05-08,32.69760304605452
2010-05-09,36.76861992657292
2010-05-10,40.290817797006916
2010-05-11,43.264196663524594
2010-05-12,45.68875652554027
2010-05-13,47.56449738429009
2010-05-14,48.89141923669921
2010-05-15,49.66952208489391
2010-05-16,49.89880592682405
2010-05-17,49.99828895124448
2010-05-18,49.96797116602306
2010-05-19,49.80785256183484
2010-05-20,49.51793314156758
2010-05-21,49.098212906494815
2010-05-22,48.54869185208304
2010-05-23,47.86936998519393
2010-05-24,47.25960068700389
2010-05-25,46.71938395865051
2010-05-26,46.24871980258312
2010-05-27,45.84760821746295
2010-05-28,45.5160492000428
2010-05-29,45.25404275996392
2010-05-30,45.06158888383737
2010-05-31,45.32634125724462
2010-06-01,46.048299884409275
2010-06-02,47.28301449312859
2010-06-03,49.03048509576275
2010-06-04,51.29071169026465
2010-06-05,54.06369427083624
2010-06-06,57.34943284289618
2010-06-07,58.59913776014453
2010-06-08,57.81280902717197
2010-06-09,54.99044663503227
2010-06-10,85.13523041584861
2010-06-11,43.23762089211159
2010-06-12,34.30715753879359
2010-06-13,23.340660525529945
2010-06-14,15.948693518644838
2010-06-15,12.13125652570914
2010-06-16,11.888349530711478
2010-06-17,15.219972547811546
2010-06-18,22.12612556536829
2010-06-19,32.60680859586044
2010-06-20,46.66202163452696
2010-06-21,57.48531448856938
2010-06-22,65.07668715794402
2010-06-23,69.43613964979468
2010-06-24,70.56367195761104
2010-06-25,68.45928408824008
2010-06-26,63.122976035631524
2010-06-27,54.55474780084242
2010-06-28,48.05195714879187
2010-06-29,43.61460408241118
2010-06-30,41.242688600804506
2010-07-01,40.936210702303434
2010-07-02,42.64167527158172
2010-07-03,46.35908231892811
2010-07-04,52.0884318354835
2010-07-05,56.563529462624295
2010-07-06,59.78437519373817
2010-07-07,61.750969025395094
2010-07-08,62.463310969907155
2010-07-09,61.92140102037724
2010-07-10,60.12523917293277
2010-07-11,57.074825435256045
2010-07-12,55.43229983044019
2010-07-13,55.197662367507334
2010-07-14,56.37091303809192
2010-07-15,58.9520518477712
2010-07-16,62.94107879188316
2010-07-17,68.33799387213759
2010-07-18,75.14279709455528
2010-07-19,80.0261367657808
2010-07-20,82.98801288004793
2010-07-21,84.02842543482748
2010-07-22,83.14737444272295
2010-07-23,80.34485989460411
2010-07-24,75.6208817953626
2010-07-25,68.97544013700387
2010-07-26,63.08433161312845
2010-07-27,57.94755621979213
2010-07-28,53.56511396101644
2010-07-29,49.93700482856112
2010-07-30,47.063228825563534
2010-07-31,44.94378595416441
2010-08-01,43.57867620992857
2010-08-02,42.88185019623208
2010-08-03,42.853307901184216
2010-08-04,43.493049333415755
2010-08-05,75.37416437056685
2010-08-06,46.77738337539198
2010-08-07,49.421975984229476
2010-08-08,52.734852321622284
2010-08-09,55.502112891224215
2010-08-10,57.72375770000312
2010-08-11,59.39978674472266
2010-08-12,60.53020002959003
2010-08-13,61.1149975488715
2010-08-14,61.154179305459806
2010-08-15,60.64774530328723
2010-08-16,59.94172043361041
2010-08-17,59.03610471391603
2010-08-18,57.93089813182505
2010-08-19,56.62610068777391
2010-08-20,55.121712386865596
2010-08-21,53.41773322633443
2010-08-22,51.51416320777053
2010-08-23,49.78962748095538
2010-08-24,48.24412604332513
2010-08-25,46.87765890075766
2010-08-26,78.19317873992786
2010-08-27,44.681827479745884
2010-08-28,43.85246320943274
2010-08-29,43.20213322984052
2010-08-30,43.065445680801446
2010-08-31,43.4424005624923
2010-09-01,44.33299787515674
2010-09-02,45.74131512784066
2010-09-03,47.667352324744726
2010-09-04,50.11110946376001
2010-09-05,53.072586550321994
2010-09-06,54.93129091063763
2010-09-07,55.687222556360645
2010-09-08,55.34038147988574
2010-09-09,53.89076768344805
2010-09-10,51.338381166375754
2010-09-11,47.68322192751962
2010-09-12,42.92528997170855
2010-09-13,39.324688426954204
2010-09-14,66.84507681365432
2010-09-15,35.595476581308944
2010-09-16,35.466866284463244
2010-09-17,36.495586400339235
2010-09-18,38.681636932069594
2010-09-19,42.025017877379426
2010-09-20,44.56365799590437
2010-09-21,46.29755729255232
2010-09-22,47.226715765753404
2010-09-23,47.35113341209647
2010-09-24,46.670810235790334
2010-09-25,45.18574623046042
2010-09-26,42.895941402876566
2010-09-27,72.19471889246762
2010-09-28,41.159665603002445
2010-09-29,72.52328520415433
2010-09-30,43.2145016087505
2010-10-01,45.66358654004006
2010-10-02,49.05802483555317
2010-10-03,53.39781649699435
2010-10-04,56.74173820855951
2010-10-05,59.0897899701187
2010-10-06,60.441971786730925
2010-10-07,60.79828365287899
2010-10-08,60.15872557332082
2010-10-09,58.52329754261572
2010-10-10,55.89199956167971
2010-10-11,53.22291808159519
2010-10-12,50.51605309663496
2010-10-13,47.771404606482605
2010-10-14,44.98897261153402
2010-10-15,42.16875711057666
2010-10-16,39.310758108115486
2010-10-17,36.414975598867905
2010-10-18,34.96764022604021
2010-10-19,68.99528058956211
2010-10-20,36.41831088443003
2010-10-21,39.31631692093066
2010-10-22,43.662770095091354
2010-10-23,49.45767040260163
2010-10-24,56.70101784767387
2010-10-25,62.50772719614142
2010-10-26,66.87779843849663
2010-10-27,69.81123158184053
2010-10-28,71.30802662422518
2010-10-29,71.36818356918903
2010-10-30,69.99170241286423
2010-10-31,67.17858315940933
2010-11-01,64.90170472737628
2010-11-02,63.13673179361985
2010-11-03,99.1604882323135
2010-11-04,94.35645720929517
2010-11-05,94.431915948886
2010-11-06,61.19589504475113
2010-11-07,61.99044959895671
2010-11-08,62.7546927507369
2010-11-09,96.61663396691516
2010-11-10,64.19224482221378
2010-11-11,64.8655537480358
2010-11-12,65.50855126604581
2010-11-13,66.1212373754276
2010-11-14,66.7036120781774
2010-11-15,67.16000001758016
2010-11-16,67.49040119404818
2010-11-17,95.05146746109175
2010-11-18,93.50474747577755
2010-11-19,67.72568414665955
2010-11-20,67.55213827658679
2010-11-21,67.25260564071536
2010-11-22,90.58399062081122
2010-11-23,67.97747331248995
2010-11-24,69.00187361946794
2010-11-25,70.46758490495614
2010-11-26,72.37460717069825
2010-11-27,74.72294042064289
2010-11-28,77.51258464863274
2010-11-29,79.99513651574992
2010-11-30,82.17059601527036
2010-12-01,84.03896315079436
2010-12-02,85.62528720922386
2010-12-03,86.92956819334219
2010-12-04,87.95180609934445
2010-12-05,88.69200093050628
2010-12-06,89.76088048654648
2010-12-07,115.78568200058227
2010-12-08,121.60605292954011
2010-12-09,94.93962749630826
2010-12-10,127.38847719211334
2010-12-11,100.03554912877156
2010-12-12,103.07653702837997
2010-12-13,137.2695717276109
2010-12-14,144.51562528073643
2010-12-15,101.65634389133456
2010-12-16,97.6685605623415
2010-12-17,91.92358442409972
2010-12-18,84.42141548078551
2010-12-19,75.16205372583842
2010-12-20,92.23706456426922
2010-12-21,62.51480442963466
2010-12-22,88.97337825704102
2010-12-23,87.16761471727463
2010-12-24,58.22261601607981
2010-12-25,60.70620268497726
2010-12-26,65.14694742444529
2010-12-27,68.02234028405744
2010-12-28,102.41090708462771
2010-12-29,69.07707037220916
2010-12-30,67.25640760209534
2010-12-31,63.87039295258425
2011-01-01,58.91902642787561
2011-01-02,83.0788017441805
2011-01-03,47.1621207872898
2011-01-04,43.192968368338725
2011-01-05,40.49668288677155
2011-01-06,61.169021599844335
2011-01-07,38.922712719988084
2011-01-08,40.04502803822985
2011-01-09,42.44021029002119
2011-01-10,44.23939391180857
2011-01-11,45.4425789053907
2011-01-12,46.049765263857175
2011-01-13,46.06095299514993
2011-01-14,45.47614209558734
2011-01-15,44.29533256578244
2011-01-16,42.51852440488905
2011-01-17,41.173591698797594
2011-01-18,40.26053444561206
2011-01-19,68.21943625581928
2011-01-20,59.26307075416113
2011-01-21,40.11261540888543
2011-01-22,40.92705996639659
2011-01-23,42.17337998629058
2011-01-24,43.18483703782
2011-01-25,62.244342015735015
2011-01-26,44.50316224785739
2011-01-27,44.81003041118512
2011-01-28,64.68852240816322
2011-01-29,44.71917784188471
2011-01-30,44.32145711506869
2011-01-31,44.337519404294255
2011-02-01,68.23043369478894
2011-02-02,45.603847964121705
2011-02-03,46.84696914680208
2011-02-04,48.49672826741977
2011-02-05,50.553125325632145
2011-02-06,53.016160314553964
2011-02-07,54.71893912940833
2011-02-08,75.7570373362004
2011-02-09,55.8437282511619
2011-02-10,55.26573855287744
2011-02-11,53.9274926806611
2011-02-12,51.828990637334556
2011-02-13,48.97023241994239
2011-02-14,68.164770718202
2011-02-15,44.40670014468503
2011-02-16,42.70192607814216
2011-02-17,41.3818133991017
2011-02-18,40.446362103881086
2011-02-19,39.89557219179225
2011-02-20,39.72944366109427
2011-02-21,39.90273320221136
2011-02-22,40.41544081501448
2011-02-23,41.267566500531984
2011-02-24,42.459110255302036
2011-02-25,43.99007207653609
2011-02-26,45.86045196894223
2011-02-27,48.07024993392616
2011-02-28,49.73636322615569
2011-03-01,50.858791842227745
2011-03-02,51.4346912066731
2011-03-03,51.46406131437898
2011-03-04,50.94690217460263
2011-03-05,49.88321377477857
2011-03-06,48.27299612412868
2011-03-07,46.80791404674118
2011-03-08,45.487967545865416
2011-03-09,44.31315662060393
2011-03-10,43.28348127166771
2011-03-11,42.39894149279668
2011-03-12,41.659537295367876
2011-03-13,41.065268673475096
2011-03-14,40.77635770881121
2011-03-15,40.79280441124271
2011-03-16,41.11460877469099
2011-03-17,41.74177080388537
2011-03-18,42.67429049275352
2011-03-19,43.91216784692739
2011-03-20,45.45540286457313
2011-03-21,46.328572000787446
2011-03-22,46.531675254384226
2011-03-23,46.06471263015736
2011-03-24,44.92768412492527
2011-03-25,43.12058974175148
2011-03-26,68.6433689330525
2011-03-27,37.49620332747823
2011-03-28,35.107154065404636
2011-03-29,52.03005052293928
2011-03-30,32.603586203419965
2011-03-31,51.85541024938228
2011-04-01,33.13272587954684
2011-04-02,34.542569523693594
2011-04-03,36.718598529963025
2011-04-04,38.784013886515766
2011-04-05,61.834482001485604
2011-04-06,42.58300364360338
2011-04-07,44.316578047722
2011-04-08,45.93953880318524
2011-04-09,47.45188590897481
2011-04-10,48.853619358901334
2011-04-11,80.73553507259408
2011-04-12,74.02885856990854
2011-04-13,49.86050910318323
2011-04-14,68.76723605990672
2011-04-15,47.86651007609806
2011-04-16,46.069932912181955
2011-04-17,43.7403039767325
2011-04-18,42.2088389410859
2011-04-19,59.48759075915605
2011-04-20,41.54040057086314
2011-04-21,42.40342724013811
2011-04-22,44.064617811229454
2011-04-23,46.52397227796706
2011-04-24,49.781490651513366
2011-04-25,52.44511361834038
2011-04-26,79.39991434464693
2011-04-27,55.990673357418714
2011-04-28,56.87261012347681
2011-04-29,57.16065149186505
2011-04-30,56.85479745875469
2011-05-01,55.95504802698508
2011-05-02,55.137984005792916
2011-05-03,54.40360540413948
2011-05-04,53.75191221909876
2011-05-05,53.18290445046479
2011-05-06,52.696582094670944
2011-05-07,52.29294515382739
2011-05-08,51.971993628880085
2011-05-09,51.789167807113856
2011-05-10,51.74446769024289
2011-05-11,51.837893273885555
2011-05-12,73.53493623558667
2011-05-13,52.43912155121788
2011-05-14,52.94692424274043
2011-05-15,53.592852640264596
2011-05-16,53.7868282959082
2011-05-17,53.528851205159306
2011-05-18,52.81892137364515
2011-05-19,51.657038802205584
2011-05-20,50.04320348765703
2011-05-21,47.9774154296598
2011-05-22,45.45967462957138
2011-05-23,43.522341566251015
2011-05-24,42.165416249399605
2011-05-25,41.38889866613404
2011-05-26,59.20484177938508
2011-05-27,41.5770867252476
2011-05-28,42.54179236569164
2011-05-29,44.08690574444634
2011-05-30,45.14534253036767
2011-05-31,45.71710272427319
2011-06-01,45.80218632452756
2011-06-02,45.42752447316431
2011-06-03,44.593117170365204
2011-06-04,43.29896441919573
2011-06-05,41.545066215713135
2011-06-06,40.64531342666493
2011-06-07,40.59970604776993
2011-06-08,41.408244079552325
2011-06-09,83.69961839720857
2011-06-10,45.587756386219745
2011-06-11,48.95873065791525
2011-06-12,53.183850342281815
2011-06-13,56.12527563365932
2011-06-14,57.78300652668149
2011-06-15,58.15704302273753
2011-06-16,57.247385122998324
2011-06-17,55.054032829074494
2011-06-18,51.576986141718784
2011-06-19,46.816245052205346
2011-06-20,61.58798746562933
2011-06-21,41.79354884895833
2011-06-22,41.531593727730744
2011-06-23,42.769233930198695
2011-06-24,45.506469454404986
2011-06-25,49.743300302319504
2011-06-26,55.479726470456676
2011-06-27,59.447898638378106
2011-06-28,61.64781680402308
2011-06-29,62.07948096475471
2011-06-30,60.74289112714382
2011-07-01,78.1893934183889
2011-07-02,52.73337104772513
2011-07-03,46.028862411789454
2011-07-04,40.461620678558546
2011-07-05,36.03164585906455
2011-07-06,32.73893794255079
2011-07-07,30.583496932238752
2011-07-08,29.56532282797147
2011-07-09,29.684415631385622
2011-07-10,30.94077534131548
2011-07-11,32.38895597826236
2011-07-12,34.02895754325989
2011-07-13,54.95626474785799
2011-07-14,37.88442346845058
2011-07-15,40.09988782260957
2011-07-16,42.5071731104032
2011-07-17,45.106279322320695
2011-07-18,47.104269322209625
2011-07-19,48.50114310481708
2011-07-20,71.08012954049875
2011-07-21,49.49154201206029
2011-07-22,49.08506714299139
2011-07-23,48.07747605195567
2011-07-24,46.4687687451093
2011-07-25,45.38622770716899
2011-07-26,44.82985293890253
2011-07-27,44.79964443804784
2011-07-28,80.13470462355444
2011-07-29,73.23423394291697
2011-07-30,47.86601654748288
2011-07-31,49.94047312508019
2011-08-01,51.649322503565834
2011-08-02,53.019738082607645
2011-08-03,54.05171986211309
2011-08-04,54.74526784754522
2011-08-05,77.17530406979432
2011-08-06,55.117062420763304
2011-08-07,54.79530901065776
2011-08-08,54.50949579880524
2011-08-09,54.259622782574255
2011-08-10,54.04568996734431
2011-08-11,78.5157698086915
2011-08-12,53.72564492589683
2011-08-13,53.619532701346984
2011-08-14,78.1974331379688
2011-08-15,53.47758252641887
2011-08-16,53.40419825609152
2011-08-17,71.61211875439284
2011-08-18,53.25261134520278
2011-08-19,53.174408707629
2011-08-20,53.09459995037056
2011-08-21,53.01318506882515
2011-08-22,53.37257259382437
2011-08-23,54.172762529854545
2011-08-24,55.41375487460701
2011-08-25,81.20190621499137
2011-08-26,59.218146794441914
2011-08-27,61.78154637572526
2011-08-28,93.5305471509422
2011-08-29,93.62290204886745
2011-08-30,91.68369816362934
2011-08-31,68.5158790565937
2011-09-01,99.3502373170785
2011-09-02,94.67986593782452
2011-09-03,64.27127714526873
2011-09-04,94.62712084269629
2011-09-05,74.12861141931683
2011-09-06,72.75085568580963
2011-09-07,73.99235457670262
2011-09-08,73.43083136435735
2011-09-09,49.61121197946352
2011-09-10,48.24077364946924
2011-09-11,47.176879849376235
2011-09-12,67.9500927217591
2011-09-13,46.570224139851504
2011-09-14,69.779529106732
2011-09-15,47.99174426260808
2011-09-16,49.46307026403818
2011-09-17,51.44144022585376
2011-09-18,53.92685414810276
2011-09-19,55.72382042040618
2011-09-20,56.83233903328544
2011-09-21,75.00402262223692
2011-09-22,56.98403330494551
2011-09-23,74.91955022014386
2011-09-24,54.38193696776098
2011-09-25,52.04821732092061
2011-09-26,50.300336892034245
2011-09-27,49.13829568479372
2011-09-28,66.23557422163749
2011-09-29,83.68169128900433
2011-09-30,49.167207383121244
2011-10-01,50.34852305378483
2011-10-02,52.11591511810894
2011-10-03,74.47591285382208
2011-10-04,54.89158516396416
2011-10-05,55.89986314979444
2011-10-06,56.65510310436203
2011-10-07,57.1573050400111
2011-10-08,57.40646894779068
2011-10-09,57.40259483188666
2011-10-10,79.4714788604203
2011-10-11,55.76320729027429
2011-10-12,54.127693866487334
2011-10-13,72.66893301894682
2011-10-14,49.22502771301218
2011-10-15,45.957874979329745
2011-10-16,70.18063917871157
2011-10-17,57.27487698040544
2011-10-18,37.14955543606785
2011-10-19,53.621154999445736
2011-10-20,35.65197233785771
2011-10-21,36.21556976742355
2011-10-22,37.65409318596193
2011-10-23,39.96754258562914
2011-10-24,62.017110570911086
2011-10-25,65.10396908112745
2011-10-26,65.17487928966932
2011-10-27,45.47050620588335
2011-10-28,69.16846413614529
2011-10-29,75.93514713589155
2011-10-30,84.25660955672895
2011-10-31,45.32242256227304
2011-11-01,44.96069560484634
2011-11-02,44.592846859180966
2011-11-03,67.53349431853935
2011-11-04,43.838784010919646
2011-11-05,43.45256990751791
2011-11-06,43.06023401329442
2011-11-07,42.935442800783235
2011-11-08,43.0781962697193
2011-11-09,43.488494425664136
2011-11-10,61.70438881894318
2011-11-11,45.11172478023042
2011-11-12,84.51562639557164
2011-11-13,47.80513386209552
2011-11-14,48.781689621844
2011-11-15,49.25432425959726
2011-11-16,49.22303776889313
2011-11-17,48.68783015839823
2011-11-18,47.64870142330848
2011-11-19,46.10565156510192
2011-11-20,44.05868058163871
2011-11-21,66.98580997414462
2011-11-22,68.231759731896
2011-11-23,62.25357235111322
2011-11-24,72.41274508163997
2011-11-25,52.42642758284046
2011-11-26,96.85789784463873
2011-11-27,104.67714457431195
2011-11-28,93.97495329548654
2011-11-29,71.62434420786657
2011-11-30,103.91779790823828
2011-12-01,97.66455692505365
2011-12-02,95.31862873400074
2011-12-03,61.46533778970372
2011-12-04,79.54976456958765
2011-12-05,79.77246297355482
2011-12-06,45.53036220697343
2011-12-07,66.56078102673548
2011-12-08,80.19396376682293
2011-12-09,79.15060331280738
2011-12-10,82.11989747011484
2011-12-11,91.94585459242134
2011-12-12,107.09119432301775
2011-12-13,107.9525733170755
2011-12-14,111.69561346655843
2011-12-15,86.56222140774383
2011-12-16,87.46884429884796
2011-12-17,120.53843420805603
2011-12-18,118.20235293860881
2011-12-19,121.98830647308489
2011-12-20,102.46132915423858
2011-12-21,103.67750654189308
2011-12-22,103.70776318067198
2011-12-23,96.6609388950883
2011-12-24,105.55995851006672
2011-12-25,67.09177875989057
2011-12-26,64.73034135524412
2011-12-27,96.37649726844629
2011-12-28,60.66166278828276
2011-12-29,58.95442163177846
2011-12-30,57.46524588979598
2011-12-31,56.19413555943714
2012-01-01,82.9873703092235
2012-01-02,84.2032604625055
2012-01-03,71.90540192878476
2012-01-04,70.59602058138756
2012-01-05,48.615990381890896
2012-01-06,46.406485165539955
2012-01-07,69.49404864745196
2012-01-08,41.2935985474999
2012-01-09,39.31359915367464
2012-01-10,38.02568970654128
2012-01-11,58.1843597951888
2012-01-12,37.52614066050094
2012-01-13,38.31450105630563
2012-01-14,39.794951403167715
2012-01-15,41.96749169245018
2012-01-16,68.04662387170235
2012-01-17,45.36949696990516
2012-01-18,46.59896195782719
2012-01-19,47.51406851021425
2012-01-20,48.1148166252428
2012-01-21,48.401206309359644
2012-01-22,48.37323755954311
2012-01-23,75.32114374225199
2012-01-24,67.82788716061766
2012-01-25,46.41095670317382
2012-01-26,45.13073821457756
2012-01-27,43.53745729121558
2012-01-28,41.631113933133435
2012-01-29,39.411708140924055
2012-01-30,37.78308766631853
2012-01-31,36.745252516428536
2012-02-01,36.29820268208664
2012-02-02,36.435601490267466
2012-02-03,56.721726235812774
2012-02-04,38.46374503871443
2012-02-05,74.34716113707078
2012-02-06,41.879403246009176
2012-02-07,68.29598826864049
2012-02-08,43.831736379556204
2012-02-09,44.25915604234141
2012-02-10,44.32074443901589
2012-02-11,44.01650156258342
2012-02-12,43.34642742185714
2012-02-13,61.333520331377656
2012-02-14,41.910186898985884
2012-02-15,61.20834324723776
2012-02-16,40.34582340315693
2012-02-17,39.51559553764649
2012-02-18,38.653336927908256
2012-02-19,37.75904756948977
2012-02-20,54.21968206316284
2012-02-21,36.335231272377605
2012-02-22,35.805704337470395
2012-02-23,53.57910403163903
2012-02-24,35.11141287823885
2012-02-25,34.9466483553729
2012-02-26,34.90347130882453
2012-02-27,35.12699940364804
2012-02-28,55.49143392729173
2012-02-29,59.97006456518372
2012-03-01,58.274711089022595
2012-03-02,38.6818944275019
2012-03-03,40.226410659497304
2012-03-04,42.03136324167227
2012-03-05,43.39660716124371
2012-03-06,63.45148436149891
2012-03-07,44.807968988781084
2012-03-08,44.854086898275085
2012-03-09,44.46049613707578
2012-03-10,43.62719671095621
2012-03-11,42.35418861684214
2012-03-12,60.06660590444453
2012-03-13,66.86850356030247
2012-03-14,40.10938641280163
2012-03-15,39.885859711320535
2012-03-16,63.36433270678286
2012-03-17,40.22591735509957
2012-03-18,66.04700451893426
2012-03-19,64.15493844810074
2012-03-20,42.16759867813445
2012-03-21,67.12232513819315
2012-03-22,43.8802667130398
2012-03-23,72.04943051719992
2012-03-24,45.92750580717912
2012-03-25,47.076589506277685
2012-03-26,47.99016781513176
2012-03-27,48.66824075244849
2012-03-28,49.11080831377503
2012-03-29,49.31787049772964
2012-03-30,49.289427298354134
2012-03-31,49.02547871830473
2012-04-01,48.52602476573937
2012-04-02,48.03550917366901
2012-04-03,47.5539319339372
2012-04-04,47.08129305361439
2012-04-05,46.61759253732181
2012-04-06,46.16283037669727
2012-04-07,45.717006578040674
2012-04-08,45.28012113711109
2012-04-09,44.71249812960343
2012-04-10,44.01413756113732
2012-04-11,43.18503942513779
2012-04-12,65.18041406864887
2012-04-13,70.04871546577861
2012-04-14,39.913319637298
2012-04-15,38.56127124503654
2012-04-16,58.40240203049561
2012-04-17,59.43307789883566
2012-04-18,36.59033892165237
2012-04-19,56.23177577250926
2012-04-20,37.01406141512339
2012-04-21,37.747225870014965
2012-04-22,38.82792580713139
2012-04-23,63.850107582202604
2012-04-24,41.00256009350849
2012-04-25,42.096494443565824
2012-04-26,43.19484026766657
2012-04-27,75.51397504568064
2012-04-28,45.40476633539536
2012-04-29,46.51634657742214
2012-04-30,68.14439684985572
2012-05-01,74.7231862191955
2012-05-02,69.76230783959596
2012-05-03,48.33162633947631
2012-05-04,82.13817670178642
2012-05-05,47.70459591724348
2012-05-06,47.00889808293248
2012-05-07,46.37408962703377
2012-05-08,45.80017055893751
2012-05-09,65.56762906300224
2012-05-10,44.835000570385844
2012-05-11,44.44374965555045
2012-05-12,44.113388124994124
2012-05-13,43.84391597849532
2012-05-14,62.18800433132073
2012-05-15,42.703025717631235
2012-05-16,41.831607604778824
2012-05-17,67.2359043882075
2012-05-18,39.48682541443164
2012-05-19,38.013461339708925
2012-05-20,36.33944860873656
2012-05-21,57.60150474619228
2012-05-22,34.76228982365611
2012-05-23,54.462487116445594
2012-05-24,56.97792104961921
2012-05-25,36.82371835282671
2012-05-26,38.691438980035954
2012-05-27,73.04297083681556
2012-05-28,43.09379265416716
2012-05-29,70.12054667432626
2012-05-30,45.44148482820434
2012-05-31,45.84483285280912
2012-06-01,45.73451550116539
2012-06-02,45.098013570031135
2012-06-03,74.4407024453636
2012-06-04,43.10455564164832
2012-06-05,42.60569933203506
2012-06-06,61.87281526063597
2012-06-07,42.603732026644835
2012-06-08,43.100621032896825
2012-06-09,43.929425136512535
2012-06-10,45.090144351282
2012-06-11,69.42809282501354
2012-06-12,67.27469597945101
2012-06-13,46.857263716865134
2012-06-14,46.87462408507872
2012-06-15,46.60614473895669
2012-06-16,46.051825690703645
2012-06-17,45.21166692619607
2012-06-18,44.193646753047304
2012-06-19,42.997765178542714
2012-06-20,65.18866289855706
2012-06-21,40.07241780506068
2012-06-22,38.34295200489062
2012-06-23,36.43562480024433
2012-06-24,34.350436185879346
2012-06-25,33.16971609229331
2012-06-26,54.2235272279627
2012-06-27,33.52168147259155
2012-06-28,35.05436693968283
2012-06-29,37.4915209317065
2012-06-30,40.83314344723618
2012-07-01,45.07923448335188
2012-07-02,48.33899223454583
2012-07-03,50.612416708606254
2012-07-04,51.89950789938518
2012-07-05,52.20026581228989
2012-07-06,51.514690443572114
2012-07-07,49.84278179694728
2012-07-08,47.18453986441953
2012-07-09,44.93015086423022
2012-07-10,43.07961479137054
2012-07-11,41.632931646664716
2012-07-12,40.59010142836716
2012-07-13,39.95112413689403
2012-07-14,39.715999773501686
2012-07-15,39.8847283378953
2012-07-16,67.90061493231619
2012-07-17,39.865412925268515
2012-07-18,39.67736894588081
2012-07-19,71.73792451886129
2012-07-20,38.944508457780124
2012-07-21,38.39969194438015
2012-07-22,37.735951249018854
2012-07-23,64.76136013718225
2012-07-24,36.79653268965506
2012-07-25,36.52085482532654
2012-07-26,36.374531235650274
2012-07-27,36.35756192360057
2012-07-28,36.4699468883358
2012-07-29,36.711686129406026
2012-07-30,37.20652111918628
2012-07-31,37.9544518545922
2012-08-01,38.95547833461566
2012-08-02,40.21192784499516
2012-08-03,41.72380038000214
2012-08-04,43.491095943719934
2012-08-05,45.51381453497239
2012-08-06,47.010136484858165
2012-08-07,47.980061788916345
2012-08-08,48.42359045179289
2012-08-09,48.34072247180818
2012-08-10,47.73145785184021
2012-08-11,46.59579658790496
2012-08-12,44.933738677491164
2012-08-13,63.52207824654315
2012-08-14,63.951076000901786
2012-08-15,39.56387720814352
2012-08-16,60.19495090238894
2012-08-17,35.66422977416529
2012-08-18,33.618484120607675
2012-08-19,64.21488665758928
2012-08-20,30.49962611909465
2012-08-21,30.590990946663233
2012-08-22,52.977518726791885
2012-08-23,34.075308253416395
2012-08-24,37.46826073989305
2012-08-25,41.96174244491864
2012-08-26,47.55575336920725
2012-08-27,52.08833778106748
2012-08-28,55.55949569392119
2012-08-29,57.96922709679768
2012-08-30,82.57745751456616
2012-08-31,59.60441038045238
2012-09-01,58.829862263816565
2012-09-02,56.98149526531894
2012-09-03,84.13226703267816
2012-09-04,77.03684877364243
2012-09-05,50.727856111799056
2012-09-06,48.407130343208934
2012-09-07,70.88724527869871
2012-09-08,43.41140971813125
2012-09-09,40.73641486890125
2012-09-10,38.624469937585516
2012-09-11,58.233747019310805
2012-09-12,53.5288140783003
2012-09-13,35.66693468472057
2012-09-14,35.80718944240731
2012-09-15,36.51049412243489
2012-09-16,37.7768487246753
2012-09-17,67.34198692061108
2012-09-18,63.85658549790503
2012-09-19,59.82359715012291
2012-09-20,41.42926698666871
2012-09-21,82.6178123849742
2012-09-22,42.4076760338076
2012-09-23,42.684930533911135
2012-09-24,43.052978941447236
2012-09-25,63.419879784550815
2012-09-26,67.34482263534798
2012-09-27,67.98525276535347
2012-09-28,45.4331116526234
2012-09-29,46.255129597658026
2012-09-30,47.167941451211796
2012-10-01,73.23923675277011
2012-10-02,47.1896086771961
2012-10-03,66.35862908743265
2012-10-04,44.850474048527424
2012-10-05,42.79560603806945
2012-10-06,40.15053756795978
2012-10-07,60.209051396662026
2012-10-08,54.28455005221489
2012-10-09,33.44835178741278
2012-10-10,50.38232577207733
2012-10-11,33.98626298280069
2012-10-12,35.75702909494568
2012-10-13,38.52900221406255
2012-10-14,42.302182343286646
2012-10-15,45.12281117970097
2012-10-16,70.42010045801098
2012-10-17,47.906414972408996
2012-10-18,47.869389927368054
2012-10-19,46.87981358706415
2012-10-20,44.93768595368599
2012-10-21,42.04300702764215
2012-10-22,58.237501024062446
2012-10-23,58.986780705970034
2012-10-24,57.088883691875864
2012-10-25,36.49547709977693
2012-10-26,36.61639105943409
2012-10-27,62.49895909661235
2012-10-28,60.98210185163585
2012-10-29,39.99399288017196
2012-10-30,41.3196780929475
2012-10-31,62.04483024525241
2012-11-01,43.96884966673
2012-11-02,45.28964060473308
2012-11-03,46.60700316888539
2012-11-04,47.920937362087145
2012-11-05,76.13302553919351
2012-11-06,86.04384911164215
2012-11-07,49.31489619775879
2012-11-08,72.90119550624148
2012-11-09,48.120998967224104
2012-11-10,72.29564762751863
2012-11-11,45.22853924167353
2012-11-12,62.92819626035045
2012-11-13,62.29513647784233
2012-11-14,41.266672515496644
2012-11-15,40.283978204811085
2012-11-16,39.47024785702379
2012-11-17,38.82548147699641
2012-11-18,38.349679064892065
2012-11-19,62.18027188236712
2012-11-20,67.1154186479727
2012-11-21,38.122503734868644
2012-11-22,58.35491445417318
2012-11-23,63.0776033627332
2012-11-24,67.59404400988987
2012-11-25,70.24783592950247
2012-11-26,41.88568850577404
2012-11-27,68.08829287949114
2012-11-28,63.78542095145273
2012-11-29,72.73104749668113
2012-11-30,75.41298328903592
2012-12-01,83.02234913959
2012-12-02,56.61849468939942
2012-12-03,91.03420324308651
2012-12-04,87.44018426138192
2012-12-05,83.48569128216937
2012-12-06,95.523772382836
2012-12-07,95.41905913364086
2012-12-08,88.04699444166893
2012-12-09,89.59134016595117
2012-12-10,94.48180386735385
2012-12-11,93.85299684334998
2012-12-12,99.37264570511137
2012-12-13,82.41314980459418
2012-12-14,87.66606909838697
2012-12-15,97.16102108696612
2012-12-16,90.23987911455166
2012-12-17,99.73220012180492
2012-12-18,92.9318879620483
2012-12-19,81.21497608057209
2012-12-20,60.11230847903391
2012-12-21,87.1134827396174
2012-12-22,89.89942911647144
2012-12-23,79.03360723232883
2012-12-24,87.14936025986185
2012-12-25,45.38105718007921
2012-12-26,43.7212482717321
2012-12-27,42.76010337978038
2012-12-28,42.49762251278412
2012-12-29,42.933805669245395
2012-12-30,44.0686528526765
2012-12-31,44.57127054943188
2013-01-01,44.44165875855148
2013-01-02,43.71082138502452
2013-01-03,66.51897225093802
2013-01-04,40.44546988381383
2013-01-05,37.910955755626425
2013-01-06,67.68445564217141
2013-01-07,51.15922657288595
2013-01-08,31.300109132533606
2013-01-09,30.960741939405217
2013-01-10,50.64898362622422
2013-01-11,52.58015168550483
2013-01-12,35.535385396510776
2013-01-13,38.924514897499726
2013-01-14,62.37615242518019
2013-01-15,43.5252575116684
2013-01-16,44.73687062577253
2013-01-17,45.22264494557524
2013-01-18,44.98258046915968
2013-01-19,44.01667719817275
2013-01-20,42.32493513096315
2013-01-21,40.69431973563
2013-01-22,39.12483100662071
2013-01-23,37.61646895006433
2013-01-24,58.07747378388187
2013-01-25,34.78312482806698
2013-01-26,33.45814277250582
2013-01-27,61.50945048883289
2013-01-28,31.5283906830188
2013-01-29,52.62122915714371
2013-01-30,31.99047333471632
2013-01-31,59.42553002686538
2013-02-01,34.844390731557326
2013-02-02,37.15348586059908
2013-02-03,60.39394075415213
2013-02-04,42.23709075592632
2013-02-05,63.5001734528502
2013-02-06,44.51709750076032
2013-02-07,44.60575156700461
2013-02-08,43.99350609631713
2013-02-09,42.680361084695164
2013-02-10,62.13701702068903
2013-02-11,56.46046091002249
2013-02-12,38.87064371600007
2013-02-13,78.160273165318
2013-02-14,58.26672234021379
2013-02-15,65.99996073531021
2013-02-16,70.82075570881636
2013-02-17,47.403889955783264
2013-02-18,49.35982021219344
2013-02-19,50.07675395491401
2013-02-20,49.55469118791997
2013-02-21,47.79363190727034
2013-02-22,44.7935761176193
2013-02-23,40.554523810091034
2013-02-24,54.89077500339563
2013-02-25,49.79763512663642
2013-02-26,28.087859697077977
2013-02-27,26.577293213254027
2013-02-28,53.10258508029554
2013-03-01,27.523642570075943
2013-03-02,29.97434442832382
2013-03-03,33.74132640449987
2013-03-04,71.79185705218087
2013-03-05,66.32199336455557
2013-03-06,40.08380222090707
2013-03-07,40.54513745815754
2013-03-08,40.1800610064008
2013-03-09,38.98857286799415
2013-03-10,36.97067304901172
2013-03-11,35.485523411780434
2013-03-12,50.85231478489777
2013-03-13,64.72042179940269
2013-03-14,34.22657558268047
2013-03-15,55.931631438075556
2013-03-16,36.0510279426082
2013-03-17,37.76237939436808
2013-03-18,56.58380256977263
2013-03-19,39.901142799489485
2013-03-20,74.38894060812156
2013-03-21,40.32798688994965
2013-03-22,58.5209225032447
2013-03-23,39.04291165844778
2013-03-24,37.75840429306328
2013-03-25,57.26873872122792
2013-03-26,36.630878628609395
2013-03-27,36.78786032567866
2013-03-28,37.42533837969187
2013-03-29,67.01725363646219
2013-03-30,40.14178354723837
2013-03-31,42.220750659726775
2013-04-01,43.82822753318754
2013-04-02,44.983487005158
2013-04-03,45.68652907071843
2013-04-04,45.93735373380012
2013-04-05,72.99104111525551
2013-04-06,45.08235084763821
2013-04-07,71.23160342197329
2013-04-08,61.55908504126561
2013-04-09,41.864014403437764
2013-04-10,40.857333052722254
2013-04-11,57.82283009689582
2013-04-12,66.43519737720489
2013-04-13,38.035581408113956
2013-04-14,37.16109499051714
2013-04-15,66.02340557929136
2013-04-16,35.84882362789207
2013-04-17,35.4110386825343
2013-04-18,35.118820891994616
2013-04-19,51.494504548281846
2013-04-20,55.75943361724592
2013-04-21,58.95106911404782
2013-04-22,57.57912154932972
2013-04-23,54.284455823763636
2013-04-24,36.20131983487243
2013-04-25,36.78066906521365
2013-04-26,65.7525540950248
2013-04-27,38.26551668133975
2013-04-28,60.230219839510795
2013-04-29,57.79832306236918
2013-04-30,39.70499489186777
2013-05-01,39.333476322865
2013-05-02,38.51538012727051
2013-05-03,59.12248489383661
2013-05-04,35.539454861866155
2013-05-05,33.381625790183605
2013-05-06,62.47795529911045
2013-05-07,30.601315123063355
2013-05-08,29.978833526167747
2013-05-09,29.868134428980834
2013-05-10,56.30283281230854
2013-05-11,31.18208370332423
2013-05-12,32.60673207940725
2013-05-13,50.78131299902784
2013-05-14,57.401171822649694
2013-05-15,37.02740602198081
2013-05-16,38.54987360852408
2013-05-17,64.81258294124488
2013-05-18,41.66817318665156
2013-05-19,43.26400518059673
2013-05-20,44.25076380675912
2013-05-21,44.62844907272027
2013-05-22,44.397060967594435
2013-05-23,43.556599501025126
2013-05-24,66.76555474006852
2013-05-25,40.048456470041074
2013-05-26,37.38077490430381
2013-05-27,57.202793717200706
2013-05-28,51.43722871255994
2013-05-29,52.65474706950848
2013-05-30,31.5349768788924
2013-05-31,31.27975943208179
2013-06-01,55.61339138725975
2013-06-02,32.229871480632156
2013-06-03,53.55874062382371
2013-06-04,58.89396321256759
2013-06-05,33.304495349969
2013-06-06,33.29807458875099
2013-06-07,33.109339466945116
2013-06-08,32.73828998714584
2013-06-09,32.18492615044094
2013-06-10,51.35797281223891
2013-06-11,32.12714920073203
2013-06-12,32.62273609282901
2013-06-13,33.46797322503573
2013-06-14,55.112635004761366
2013-06-15,36.20739821934126
2013-06-16,38.101586080205834
2013-06-17,39.60049390312557
2013-06-18,40.70412167618791
2013-06-19,41.4124694060197
2013-06-20,41.72553709671067
2013-06-21,41.64332474135044
2013-06-22,41.165832343419424
2013-06-23,40.29305989982989
2013-06-24,39.27070815056571
2013-06-25,38.098777092789575
2013-06-26,36.7772667336327
2013-06-27,55.823665955901944
2013-06-28,33.685508087404195
2013-06-29,31.91525980974365
2013-06-30,29.99543221723379
2013-07-01,54.385524667175645
2013-07-02,28.090158766101652
2013-07-03,28.10070371060781
2013-07-04,48.830714510834454
2013-07-05,54.15451353434088
2013-07-06,31.985065248975815
2013-07-07,34.56409465772173
2013-07-08,60.53343570114513
2013-07-09,59.73228158466961
2013-07-10,60.92887071597715
2013-07-11,39.69910931743022
2013-07-12,79.09741738254367
2013-07-13,39.157954860497526
2013-07-14,38.11021218173225
2013-07-15,37.23613046970492
2013-07-16,36.53570971066023
2013-07-17,36.0089499109631
2013-07-18,56.47805513691989
2013-07-19,35.47641318540038
2013-07-20,35.47063626335032
2013-07-21,35.63852029889034
2013-07-22,55.92966032855991
2013-07-23,37.229311145601656
2013-07-24,38.652217963688045
2013-07-25,40.493465705488546
2013-07-26,42.7530543785627
2013-07-27,45.43098397363082
2013-07-28,48.52725449715396
2013-07-29,74.38390160607881
2013-07-30,52.71329009110228
2013-07-31,53.80305515864061
2013-08-01,54.223985073807
2013-08-02,53.97754597182905
2013-08-03,53.063737860855724
2013-08-04,51.482560730633566
2013-08-05,50.0973857372786
2013-08-06,76.53572266804153
2013-08-07,65.41663206906284
2013-08-08,72.27640906982116
2013-08-09,67.03419600919722
2013-08-10,46.11154280198022
2013-08-11,45.90238062487609
2013-08-12,45.60681629364575
2013-08-13,45.224849815204124
2013-08-14,70.62341436697577
2013-08-15,44.20171040193549
2013-08-16,43.560537467905284
2013-08-17,42.83296238645561
2013-08-18,42.01898515393677
2013-08-19,58.97988900248613
2013-08-20,40.69523235286154
2013-08-21,59.48408494595668
2013-08-22,72.84258557105206
2013-08-23,39.47010731016996
2013-08-24,60.188309202588506
2013-08-25,39.16036005536115
2013-08-26,63.41453087579483
2013-08-27,38.89540230074197
2013-08-28,55.59552460288084
2013-08-29,38.55496313384097
2013-08-30,58.87392691396103
2013-08-31,38.13904256529812
2013-09-01,37.902776748933334
2013-09-02,37.65436870357476
2013-09-03,37.393818429663895
2013-09-04,53.169458818350485
2013-09-05,52.884624082171
2013-09-06,36.53931422341468
2013-09-07,36.23019502457016
2013-09-08,35.908933598696386
2013-09-09,53.80001011910983
2013-09-10,52.86881021410358
2013-09-11,36.209364955778696
2013-09-12,51.628100607071225
2013-09-13,37.463165561521954
2013-09-14,38.40611977524258
2013-09-15,39.55977659729478
2013-09-16,40.29068199267619
2013-09-17,40.59883597356676
2013-09-18,54.738137577914806
2013-09-19,39.946889668904944
2013-09-20,38.98678938756253
2013-09-21,37.60393768149459
2013-09-22,62.39450065869121
2013-09-23,49.977326829440834
2013-09-24,33.9179654150708
2013-09-25,33.84319939287105
2013-09-26,34.34537907130728
2013-09-27,35.4245044503673
2013-09-28,37.080575531113595
2013-09-29,39.31359231383248
2013-09-30,40.9588466025033
2013-10-01,42.01633839806393
2013-10-02,58.20393661264561
2013-10-03,60.26898382635441
2013-10-04,41.71088949166804
2013-10-05,40.44976509195838
2013-10-06,38.608986636288165
2013-10-07,37.282287889671
2013-10-08,36.46966884170148
2013-10-09,36.17112949056578
2013-10-10,36.38666984158735
2013-10-11,56.00863114339269
2013-10-12,38.35998963729568
2013-10-13,40.11776909030973
2013-10-14,57.674354486087374
2013-10-15,67.566676857351
2013-10-16,42.06565468973691
2013-10-17,41.60646563726504
2013-10-18,40.593034464489946
2013-10-19,39.02536116798713
2013-10-20,36.90344574327229
2013-10-21,35.35965918249866
2013-10-22,55.77094344964701
2013-10-23,34.00647265513611
2013-10-24,34.19707268333208
2013-10-25,34.96580157863894
2013-10-26,36.312659334257965
2013-10-27,58.61970587750085
2013-10-28,56.73042400050835
2013-10-29,55.97003101291412
2013-10-30,65.95398375455851
2013-10-31,45.037874093579006
2013-11-01,46.51300153862366
2013-11-02,82.83397899191714
2013-11-03,49.178784009876395
2013-11-04,50.027409242892325
2013-11-05,50.439180542170234
2013-11-06,50.41409790737444
2013-11-07,77.73593532212509
2013-11-08,49.05337082707193
2013-11-09,47.7177263890258
2013-11-10,72.25230534960986
2013-11-11,44.6220279519206
2013-11-12,62.23418055524394
2013-11-13,43.323522780710164
2013-11-14,43.34821766707434
2013-11-15,63.96727009288139
2013-11-16,64.07798779587237
2013-11-17,46.11809222229103
2013-11-18,64.72005855487578
2013-11-19,47.5309597994744
2013-11-20,63.97897808321446
2013-11-21,47.167411249656624
2013-11-22,46.319480928179956
2013-11-23,66.37313570184763
2013-11-24,43.291308193885044
2013-11-25,63.81283990595787
2013-11-26,64.338203213073
2013-11-27,61.52516136689168
2013-11-28,66.34346090476564
2013-11-29,76.76166728495133
2013-11-30,56.62024563218546
2013-12-01,62.79936316360235
2013-12-02,85.12050913928582
2013-12-03,97.58132140228116
2013-12-04,106.68239049390627
2013-12-05,109.5797080501201
2013-12-06,73.77032137516109
2013-12-07,112.6082780000163
2013-12-08,92.01889805348156
2013-12-09,101.47396057351662
2013-12-10,86.93730671075477
2013-12-11,91.06906187245481
2013-12-12,81.7725602767227
2013-12-13,95.20733679925014
2013-12-14,94.40128273811982
2013-12-15,69.19722538141103
2013-12-16,95.97553724404993
2013-12-17,90.22854131207148
2013-12-18,95.83522372277143
2013-12-19,92.07495213812936
2013-12-20,89.19865778524112
2013-12-21,66.20443277392299
2013-12-22,62.78338280390048
2013-12-23,95.14307281661902
2013-12-24,94.70175175785711
2013-12-25,53.99780427568493
2013-12-26,51.56180190054881
2013-12-27,72.6997014308484
2013-12-28,70.72236561224098
2013-12-29,45.731366169172844
2013-12-30,68.77639218919776
2013-12-31,42.92415870784876
2014-01-01,41.81416792992502
2014-01-02,58.49465025474218
2014-01-03,66.42152764807376
2014-01-04,69.73580129488255
2014-01-05,39.55984783875263
2014-01-06,39.52041903122611
2014-01-07,53.55355556389522
2014-01-08,40.030475707606016
2014-01-09,40.579961189189596
2014-01-10,41.3257514360826
2014-01-11,67.22063408464346
2014-01-12,43.40624621310734
2014-01-13,61.71016757547333
2014-01-14,63.25465364602435
2014-01-15,43.16426152615053
2014-01-16,41.8645386324737
2014-01-17,39.955285074450174
2014-01-18,37.43650085076388
2014-01-19,54.74754274648644
2014-01-20,53.538299691129986
2014-01-21,30.05843099519577
2014-01-22,28.936990925241197
2014-01-23,28.484509128605712
2014-01-24,46.611466829372716
2014-01-25,52.30463000012004
2014-01-26,31.140813381396732
2014-01-27,47.214143255030855
2014-01-28,48.723038762451836
2014-01-29,35.97221508393041
2014-01-30,54.22880530018322
2014-01-31,39.333335075921916
2014-02-01,41.0559507305965
2014-02-02,42.78792945678899
2014-02-03,44.44662856925137
2014-02-04,68.12780533913343
2014-02-05,68.63985437979402
2014-02-06,48.98304825037177
2014-02-07,69.6941363438324
2014-02-08,51.64092999001663
2014-02-09,75.07030245094923
2014-02-10,72.17424779813737
2014-02-11,52.70365183275803
2014-02-12,77.16140671338864
2014-02-13,76.24173725926588
2014-02-14,77.19972360252677
2014-02-15,42.01368253135446
2014-02-16,37.17923810610706
2014-02-17,50.99267215287407
2014-02-18,47.26319695859272
2014-02-19,44.27372341303521
2014-02-20,45.76417460348497
2014-02-21,49.609357462718954
2014-02-22,61.05974896999918
2014-02-23,32.517275125871244
2014-02-24,55.82647811622774
2014-02-25,36.502212045119414
2014-02-26,57.19000558756537
2014-02-27,58.09796868035639
2014-02-28,40.14024686585131
2014-03-01,40.72909299109518
2014-03-02,41.01798336165305
2014-03-03,41.266518583374555
2014-03-04,41.474698654906625
2014-03-05,61.175548033307784
2014-03-06,64.58456591382617
2014-03-07,62.171453407184714
2014-03-08,41.903867446841694
2014-03-09,63.61276414626726
2014-03-10,60.785512272363015
2014-03-11,41.750993452184645
2014-03-12,41.5853108021948
2014-03-13,41.36226583124042
2014-03-14,41.08185853555299
2014-03-15,62.20958059154666
2014-03-16,40.348956973422936
2014-03-17,62.251260547686584
2014-03-18,40.124661789889736
2014-03-19,40.29549855337716
2014-03-20,58.656626884990445
2014-03-21,41.20314077844704
2014-03-22,41.93994624987108
2014-03-23,42.86540795125259
2014-03-24,43.41065691917251
2014-03-25,43.575693160051856
2014-03-26,64.7921510975796
2014-03-27,42.76512743567006
2014-03-28,64.40616339106194
2014-03-29,67.31636124157087
2014-03-30,38.69768335517264
2014-03-31,54.766649647020046
2014-04-01,61.79181644119556
2014-04-02,39.3479344240944
2014-04-03,68.15066945825593
2014-04-04,44.6307170624991
2014-04-05,79.5090730717805
2014-04-06,53.787948097336894
2014-04-07,57.337957320085906
2014-04-08,85.71598878166937
2014-04-09,85.69845744256358
2014-04-10,58.91051094128781
2014-04-11,80.58294186220608
2014-04-12,52.394318309032684
2014-04-13,46.866853483009685
2014-04-14,67.51256542129633
2014-04-15,65.8140257781262
2014-04-16,37.40365028902561
2014-04-17,36.622312984817306
2014-04-18,37.02750756475337
2014-04-19,72.7473343562887
2014-04-20,41.39749237014723
2014-04-21,43.83623948528661
2014-04-22,67.50253877527663
2014-04-23,47.695200033924564
2014-04-24,80.39950543665321
2014-04-25,72.33875220360542
2014-04-26,50.93730665998021
2014-04-27,71.41633115367048
2014-04-28,79.9243362423941
2014-04-29,74.02360046748615
2014-04-30,50.3961140855432
2014-05-01,49.36585277075991
2014-05-02,47.97953245661311
2014-05-03,46.237153141811255
2014-05-04,44.13871482040867
2014-05-05,63.2845608532629
2014-05-06,41.51279419899484
2014-05-07,60.283940060480106
2014-05-08,40.98148159744391
2014-05-09,61.10464664883634
2014-05-10,42.54477701398265
2014-05-11,44.11190273091737
2014-05-12,68.65433698928408
2014-05-13,69.85537220099206
2014-05-14,71.17807734067794
2014-05-15,62.16056451282503
2014-05-16,60.273170789092475
2014-05-17,37.583671198356996
2014-05-18,33.84046830181698
2014-05-19,31.35368896400959
2014-05-20,30.12333317779375
2014-05-21,57.53991003771087
2014-05-22,60.955407628870766
2014-05-23,56.079586421167136
2014-05-24,67.5943761152437
2014-05-25,42.81790755768924
2014-05-26,70.87351793693995
2014-05-27,49.30919179315423
2014-05-28,72.04491951259995
2014-05-29,50.98415639150622
2014-05-30,50.01551882650561
2014-05-31,47.842801346662334
2014-06-01,44.466003957925075
2014-06-02,69.6412585022251
2014-06-03,62.6521117544699
2014-06-04,36.02313899928421
2014-06-05,33.771359750034655
2014-06-06,31.800835029726805
2014-06-07,30.111564845713673
2014-06-08,63.33950815841999
2014-06-09,27.642662974368243
2014-06-10,48.29282613778215
2014-06-11,26.562278840323756
2014-06-12,26.54278092505776
2014-06-13,49.622479326470625
2014-06-14,27.545173390028065
2014-06-15,58.63229502023302
2014-06-16,29.85917365228065
2014-06-17,51.905134663705056
2014-06-18,33.254051877414085
2014-06-19,57.92137007603674
2014-06-20,37.72980806414141
2014-06-21,40.37301539810211
2014-06-22,74.53667694835367
2014-06-23,45.46046446754059
2014-06-24,67.8865724192389
2014-06-25,47.59029523048564
2014-06-26,80.31991437856375
2014-06-27,46.76250768422116
2014-06-28,45.23950704783019
2014-06-29,42.97710182898347
2014-06-30,69.7381286453808
2014-07-01,66.00155537128481
2014-07-02,38.46933893036793
2014-07-03,61.445104363873604
2014-07-04,37.357487899427646
2014-07-05,37.36920424011388
2014-07-06,66.53800451689247
2014-07-07,65.7278348216897
2014-07-08,67.10307542427675
2014-07-09,38.43163156537547
2014-07-10,59.24416562738692
2014-07-11,63.214339762794104
2014-07-12,38.35669016564536
2014-07-13,66.03017029997255
2014-07-14,66.08739666662022
2014-07-15,38.42679754256987
2014-07-16,38.87896562418618
2014-07-17,69.54304993870825
2014-07-18,40.42650022407371
2014-07-19,41.5218667412704
2014-07-20,42.83163273622198
2014-07-21,43.64767547626991
2014-07-22,71.12350335105205
2014-07-23,43.79859117708107
2014-07-24,68.83111111724817
2014-07-25,41.974613850995695
2014-07-26,40.322040303525704
2014-07-27,74.09827767318566
2014-07-28,57.04985046653812
2014-07-29,36.61075527670456
2014-07-30,37.1920638652837
2014-07-31,66.95337164711346
2014-08-01,41.08228643612866
2014-08-02,44.37524226696983
2014-08-03,48.56144173920121
2014-08-04,51.63740821387892
2014-08-05,53.60314168708276
2014-08-06,54.45864216472039
2014-08-07,54.20390964019782
2014-08-08,52.8389441169772
2014-08-09,50.3637455963736
2014-08-10,46.77831407563281
2014-08-11,43.93671726133574
2014-08-12,41.83895514829994
2014-08-13,65.57324435263973
2014-08-14,39.87493503890233
2014-08-15,40.008677044174895
2014-08-16,40.88625374730867
2014-08-17,42.50766516173234
2014-08-18,66.35332842275591
2014-08-19,71.26585880567906
2014-08-20,45.517628429397696
2014-08-21,45.90285919554286
2014-08-22,77.46628021933998
2014-08-23,78.45228139133168
2014-08-24,45.204280528311045
2014-08-25,69.2095393224819
2014-08-26,44.731889789018865
2014-08-27,44.801403765403165
2014-08-28,45.07472396980792
2014-08-29,64.78276408628832
2014-08-30,46.2327830730467
2014-08-31,47.11752197088389
2014-09-01,73.48385547288021
2014-09-02,65.19441878885708
2014-09-03,65.50314126427561
2014-09-04,71.72227874105847
2014-09-05,62.81867048312276
2014-09-06,69.9774411391202
2014-09-07,73.44158756929897
2014-09-08,36.17957932488449
2014-09-09,54.65069998393509
2014-09-10,54.97844664393228
2014-09-11,57.2063068036182
2014-09-12,33.90991412240941
2014-09-13,60.86177707555026
2014-09-14,36.65945470033729
2014-09-15,57.12574816122776
2014-09-16,56.38748578423538
2014-09-17,40.60147687174255
2014-09-18,62.68919569397069
2014-09-19,71.6772616197452
2014-09-20,42.81342607112417
2014-09-21,43.16628180498292
2014-09-22,43.34798258006066
2014-09-23,43.35852839191315
2014-09-24,70.38528488320547
2014-09-25,70.45980767798223
2014-09-26,42.36323606035213
2014-09-27,41.68916202478385
2014-09-28,40.84393302748832
2014-09-29,62.09116943984279
2014-09-30,58.57244779196254
2014-10-01,39.83551044198056
2014-10-02,39.98705680267057
2014-10-03,40.37174631376917
2014-10-04,40.98957898371724
2014-10-05,41.84055480056796
2014-10-06,60.6587010974533
2014-10-07,42.39214173957829
2014-10-08,63.72753073861351
2014-10-09,41.40990906475104
2014-10-10,40.343610375817285
2014-10-11,38.893856783239116
2014-10-12,60.219002082825284
2014-10-13,55.03899603667768
2014-10-14,34.83144381262922
2014-10-15,50.07749381639973
2014-10-16,34.518522686576674
2014-10-17,35.08066838054005
2014-10-18,59.436502901349876
2014-10-19,37.642172279698926
2014-10-20,70.6718086747888
2014-10-21,39.63179882842912
2014-10-22,55.3030398414847
2014-10-23,56.87792437841671
2014-10-24,57.96706388797583
2014-10-25,39.40725916864631
2014-10-26,38.475334094827566
2014-10-27,55.667020543138214
2014-10-28,53.57006567484272
2014-10-29,38.98977520383155
2014-10-30,40.264661015211956
2014-10-31,42.091249548176876
2014-11-01,75.1598288252503
2014-11-02,47.42789130600491
2014-11-03,49.78986515868181
2014-11-04,51.555462364545335
2014-11-05,68.7730158117058
2014-11-06,72.83315568056615
2014-11-07,53.27399407972367
2014-11-08,52.654084686150824
2014-11-09,72.42928892530976
2014-11-10,50.09058225325842
2014-11-11,48.612435516334386
2014-11-12,47.00335843382464
2014-11-13,72.2814304323102
2014-11-14,43.39241322630843
2014-11-15,41.39054510582284
2014-11-16,61.41600957288931
2014-11-17,53.01849283373167
2014-11-18,38.41876351100024
2014-11-19,55.27649274419635
2014-11-20,57.316643407234594
2014-11-21,45.72682338489021
2014-11-22,77.49918922766443
2014-11-23,78.215522168723
2014-11-24,87.49598271637385
2014-11-25,87.76866207050941
2014-11-26,92.7457434008967
2014-11-27,92.20233950112129
2014-11-28,87.79745525691564
2014-11-29,85.93010947342762
2014-11-30,81.46441892063439
2014-12-01,59.31554608001108
2014-12-02,88.38938647811098
2014-12-03,81.55302461783567
2014-12-04,82.44584153837486
2014-12-05,92.01584003073405
2014-12-06,88.89389133654181
2014-12-07,110.221390358538
2014-12-08,105.66289090293351
2014-12-09,109.92206641737761
2014-12-10,110.37016549633826
2014-12-11,109.03862268245683
2014-12-12,103.86214618696977
2014-12-13,107.50334466610462
2014-12-14,114.30805863584355
2014-12-15,109.39668614816787
2014-12-16,111.24486392807712
2014-12-17,106.30448621632266
2014-12-18,98.29464086819848
2014-12-19,109.87363625335082
2014-12-20,112.41387172534179
2014-12-21,116.76008246890815
2014-12-22,118.97957415064279
2014-12-23,115.41576459397335
2014-12-24,119.88240869473579
2014-12-25,120.19089919257927
2014-12-26,102.52748119216105
2014-12-27,96.95738592946218
2014-12-28,81.94740725409416
2014-12-29,76.57697029873559
2014-12-30,52.40599145399848
2014-12-31,48.84430086146425
2015-01-01,46.390126907863724
2015-01-02,74.82287458141708
2015-01-03,64.9800108895296
2015-01-04,45.832917707868724
2015-01-05,60.392823020340224
2015-01-06,67.16637407499533
2015-01-07,68.65900680714233
2015-01-08,60.706280409979065
2015-01-09,69.27669978479075
2015-01-10,76.76449890062824
2015-01-11,45.85899663773694
2015-01-12,57.81996599193753
2015-01-13,59.762394361195746
2015-01-14,44.16997392831876
2015-01-15,57.56255573196401
2015-01-16,43.398544990121806
2015-01-17,60.37077358280927
2015-01-18,70.47578912980612
2015-01-19,57.264575181684705
2015-01-20,59.027068480549794
2015-01-21,58.35543763035902
2015-01-22,67.23514643704695
2015-01-23,39.89120319362006
2015-01-24,57.91956205009486
2015-01-25,37.760548796327406
2015-01-26,51.02374653715919
2015-01-27,37.24012036542146
2015-01-28,52.13869125328841
2015-01-29,57.20033496923364
2015-01-30,60.37889908045061
2015-01-31,73.23272525380412
2015-02-01,68.69685480426938
2015-02-02,64.23612636757538
2015-02-03,69.86707489088329
2015-02-04,67.94747267864761
2015-02-05,73.61932029637701
2015-02-06,49.70736558942147
2015-02-07,48.216332877152624
2015-02-08,63.864492344447505
2015-02-09,59.44857878325008
2015-02-10,42.89118691013089
2015-02-11,64.77503685909423
2015-02-12,58.46907560309174
2015-02-13,62.99247279736734
2015-02-14,67.20359129030793
2015-02-15,62.27350402949476
2015-02-16,68.8657857041544
2015-02-17,58.29032999231307
2015-02-18,44.3608917879953
2015-02-19,63.22658835467804
2015-02-20,43.91222202795475
2015-02-21,43.29796001967366
2015-02-22,63.00894996868827
2015-02-23,64.61444162085944
2015-02-24,56.34174487228329
2015-02-25,40.86558187709045
2015-02-26,40.70101882046527
2015-02-27,40.71386835615599
2015-02-28,40.90413048235641
2015-03-01,41.27180520176607
2015-03-02,57.43957912866336
2015-03-03,56.90449956720115
2015-03-04,42.104287970346306
2015-03-05,65.17909761968757
2015-03-06,61.597024517241195
2015-03-07,42.53095865438462
2015-03-08,42.58300175065115
2015-03-09,42.592257694494016
2015-03-10,69.3398052169774
2015-03-11,63.135325976971686
2015-03-12,64.26893842408498
2015-03-13,42.20140992491949
2015-03-14,66.9495177385657
2015-03-15,41.74926311326348
2015-03-16,60.136070581441
2015-03-17,57.30717820889475
2015-03-18,57.80908672190608
2015-03-19,60.118220223105155
2015-03-20,60.20556686213114
2015-03-21,39.11107090107197
2015-03-22,57.16833827916799
2015-03-23,55.25866261158029
2015-03-24,53.45938864520526
2015-03-25,37.652046295986224
2015-03-26,37.73258059499279
2015-03-27,71.95004519242129
2015-03-28,66.0555075189833
2015-03-29,58.747795640086
2015-03-30,62.437096987361656
2015-03-31,40.823238909068095
2015-04-01,60.55290084741334
2015-04-02,70.10799482707357
2015-04-03,67.82691156328887
2015-04-04,74.38600854798914
2015-04-05,48.7164507545626
2015-04-06,72.93237862708293
2015-04-07,50.70993756613858
2015-04-08,50.71161513646049
2015-04-09,67.48639531722532
2015-04-10,48.724838611525946
2015-04-11,46.73638451016392
2015-04-12,44.084553190575924
2015-04-13,41.787009157396874
2015-04-14,56.68903270867727
2015-04-15,55.75637287817515
2015-04-16,57.55321611326041
2015-04-17,36.13970593115922
2015-04-18,35.6135983523475
2015-04-19,59.54813463876368
2015-04-20,35.62781286643584
2015-04-21,54.556185393461256
2015-04-22,58.877511882737565
2015-04-23,38.333047900727834
2015-04-24,39.9505031118655
2015-04-25,41.9258134238325
2015-04-26,44.25897883991059
2015-04-27,68.15322093271307
2015-04-28,65.7343989617341
2015-04-29,73.03703644491692
2015-04-30,65.76205095703371
2015-05-01,72.82092309822616
2015-05-02,71.14514199122631
2015-05-03,67.19623212277217
2015-05-04,73.02079468224183
2015-05-05,66.67933660145577
2015-05-06,46.44513850792743
2015-05-07,73.46438017127076
2015-05-08,72.06612484745767
2015-05-09,49.665108615101936
2015-05-10,51.59617903577493
2015-05-11,52.82933140844499
2015-05-12,53.36456572582496
2015-05-13,53.20188199214062
2015-05-14,79.84377864414502
2015-05-15,72.03469097966108
2015-05-16,48.52632248180085
2015-05-17,82.07007383671667
2015-05-18,70.32979395912356
2015-05-19,41.74556645949833
2015-05-20,56.61714003260476
2015-05-21,58.74149231063384
2015-05-22,41.21174584693953
2015-05-23,68.79680533233959
2015-05-24,44.32638510934244
2015-05-25,72.25504031478567
2015-05-26,47.083603657656035
2015-05-27,64.72964283475213
2015-05-28,74.00100734869204
2015-05-29,71.53020378705284
2015-05-30,72.64414533521013
2015-05-31,47.8427562607949
2015-06-01,75.15781238294498
2015-06-02,68.29168905000643
2015-06-03,62.92991974682635
2015-06-04,43.36274399776072
2015-06-05,41.68682758432728
2015-06-06,39.78854583647057
2015-06-07,59.09953318820264
2015-06-08,53.901237962685215
2015-06-09,36.0775522483176
2015-06-10,36.60785282838657
2015-06-11,58.031432883665445
2015-06-12,60.02431672489298
2015-06-13,43.50064989904502
2015-06-14,47.565547367271996
2015-06-15,50.46451355214815
2015-06-16,52.19754844976361
2015-06-17,79.51187355260467
2015-06-18,52.16582439407905
2015-06-19,50.40106543924309
2015-06-20,47.47037519777413
2015-06-21,73.40512767401887
2015-06-22,40.29850769220911
2015-06-23,38.2446372465981
2015-06-24,63.553076920344296
2015-06-25,37.20102297844292
2015-06-26,38.21127915373041
2015-06-27,40.24291086928212
2015-06-28,43.29591812594124
2015-06-29,65.49575167957211
2015-06-30,65.49490536916022
2015-07-01,47.70002951099609
2015-07-02,47.57164304351208
2015-07-03,46.63931804500478
2015-07-04,44.90305451661364
2015-07-05,42.36285245601668
2015-07-06,66.37191139390845
2015-07-07,60.65949447648907
2015-07-08,40.055073876642105
2015-07-09,62.79310649583373
2015-07-10,42.94391115422325
2015-07-11,45.71653669328567
2015-07-12,49.374633501099694
2015-07-13,76.3968061535785
2015-07-14,75.90343255144253
2015-07-15,81.05637941750615
2015-07-16,84.10754704454742
2015-07-17,54.343207781694034
2015-07-18,52.67254069176612
2015-07-19,78.3845436758753
2015-07-20,77.14028139760211
2015-07-21,46.7051758510676
2015-07-22,45.85539983050941
2015-07-23,67.1423600048508
2015-07-24,45.864866180805905
2015-07-25,46.72410854768159
2015-07-26,48.153023717005105
2015-07-27,68.6946276572729
2015-07-28,68.64218826748926
2015-07-29,73.04485610195702
2015-07-30,71.91734906340213
2015-07-31,50.47707423876207
2015-08-01,49.97777928318098
2015-08-02,49.17215994573834
2015-08-03,70.92804328184336
2015-08-04,73.39787770179771
2015-08-05,46.22134702923755
2015-08-06,71.02826267006118
2015-08-07,43.80917599779018
2015-08-08,42.46960176126909
2015-08-09,63.793101921666185
2015-08-10,40.04495276410825
2015-08-11,63.24913909884518
2015-08-12,56.789325804847024
2015-08-13,74.09224137472744
2015-08-14,60.12424050044225
2015-08-15,63.728301936427854
2015-08-16,43.1506326105791
2015-08-17,65.68277490224112
2015-08-18,45.462762121098635
2015-08-19,83.89303521574602
2015-08-20,46.5941991478391
2015-08-21,46.71715798086735
2015-08-22,46.544943694844164
2015-08-23,46.077556286966995
2015-08-24,45.72741589778485
2015-08-25,45.494522526584845
2015-08-26,45.37887617914697
2015-08-27,66.38238474259711
2015-08-28,45.49932453640743
2015-08-29,45.73541924014284
2015-08-30,46.08876096782952
2015-08-31,66.70201620937301
2015-09-01,46.225861748795396
2015-09-02,63.22845786722401
2015-09-03,70.37737969823483
2015-09-04,44.92056035593796
2015-09-05,71.53496306469957
2015-09-06,43.028558406705294
2015-09-07,61.527513549353365
2015-09-08,57.455195369617904
2015-09-09,59.35325920818556
2015-09-10,64.47926843637633
2015-09-11,65.5565203326234
2015-09-12,70.10913592719149
2015-09-13,39.80550801978142
2015-09-14,58.437624430924714
2015-09-15,39.65389065770115
2015-09-16,58.651242041173404
2015-09-17,59.46365690893989
2015-09-18,39.145555173805896
2015-09-19,38.901200825509505
2015-09-20,38.61939188556708
2015-09-21,38.41705425556562
2015-09-22,38.294187936165656
2015-09-23,38.250792924896054
2015-09-24,54.50448833274272
2015-09-25,38.40241683700165
2015-09-26,38.59743575819527
2015-09-27,38.87192598679197
2015-09-28,39.35083969011638
2015-09-29,40.03417686341344
2015-09-30,40.921937509848405
2015-10-01,42.0141216274328
2015-10-02,59.834280441404616
2015-10-03,44.81541109721863
2015-10-04,46.52451645410604
2015-10-05,47.71256797143873
2015-10-06,84.43752879880898
2015-10-07,48.52550949823124
2015-10-08,48.15039950795033
2015-10-09,47.25423568662134
2015-10-10,45.83701802242205
2015-10-11,43.8987465246078
2015-10-12,63.699433948679406
2015-10-13,57.265972227349415
2015-10-14,60.00782809939654
2015-10-15,57.04604573419107
2015-10-16,59.074304916716905
2015-10-17,43.80933135386293
2015-10-18,68.02972052705728
2015-10-19,61.97179128139305
2015-10-20,46.76246286386657
2015-10-21,62.65799648221715
2015-10-22,66.96440947503672
2015-10-23,56.39754933584174
2015-10-24,37.7627217819102
2015-10-25,66.89051951689699
2015-10-26,50.982861182649806
2015-10-27,28.19165014803548
2015-10-28,27.74089540364264
2015-10-29,28.659941892528682
2015-10-30,30.948789617059134
2015-10-31,34.60743857304468
2015-11-01,39.63588876350037
2015-11-02,43.63676523887247
2015-11-03,46.610067998125615
2015-11-04,48.55579704207906
2015-11-05,69.68672607353628
2015-11-06,64.46486408633245
2015-11-07,48.22754187938463
2015-11-08,46.06297606189989
2015-11-09,44.417366120706234
2015-11-10,60.4485207382335
2015-11-11,67.52902097554477
2015-11-12,42.59427155968988
2015-11-13,60.61983355326043
2015-11-14,43.97365456541648
2015-11-15,45.441779884309426
2015-11-16,65.16032756813124
2015-11-17,47.46799113730736
2015-11-18,65.73341484338702
2015-11-19,65.6157246504142
2015-11-20,70.61184678440256
2015-11-21,47.88025612136433
2015-11-22,47.22495621604189
2015-11-23,65.38022039762706
2015-11-24,66.38965725034353
2015-11-25,67.9423737148085
2015-11-26,71.92916657240538
2015-11-27,53.38683055740735
2015-11-28,76.66496143049757
2015-11-29,83.78954262499823
2015-11-30,89.91765559437606
2015-12-01,85.90263608166947
2015-12-02,97.45972613175844
2015-12-03,96.79212973171866
2015-12-04,97.54431556689552
2015-12-05,100.63042918708062
2015-12-06,103.91746431245191
2015-12-07,92.33673712702011
2015-12-08,94.02361605327862
2015-12-09,90.35661777541134
2015-12-10,90.4459448994014
2015-12-11,88.0931176648098
2015-12-12,101.0523531023326
2015-12-13,96.2581474129337
2015-12-14,96.28163480712094
2015-12-15,98.71634666776154
2015-12-16,101.87462969092164
2015-12-17,70.00323590442643
2015-12-18,94.92300667176318
2015-12-19,113.65947114887477
2015-12-20,96.95997191413784
2015-12-21,103.28464375737234
2015-12-22,105.81855071329372
2015-12-23,98.46738914208956
2015-12-24,97.88892231085636
2015-12-25,70.76762369547937
2015-12-26,67.07678307280526
2015-12-27,62.43918591755571
2015-12-28,87.35340316687814
2015-12-29,79.13665712892134
2015-12-30,51.44643851270176
2015-12-31,48.75553739781558
2016-01-01,68.99866199189279
2016-01-02,61.066667159142256
2016-01-03,59.155367706283215
2016-01-04,59.31434392691884
2016-01-05,41.60168005275366
2016-01-06,57.61581348543694
2016-01-07,57.89131309088239
2016-01-08,38.67002496819903
2016-01-09,58.55362688532785
2016-01-10,63.16217875660427
2016-01-11,52.957922277569814
2016-01-12,35.09775760698189
2016-01-13,49.8665943859651
2016-01-14,33.164859558223355
2016-01-15,46.16998571723335
2016-01-16,53.18602177237837
2016-01-17,30.038896661318635
2016-01-18,29.687266785087342
2016-01-19,30.056210108087004
2016-01-20,50.30892582473878
2016-01-21,32.955816352879566
2016-01-22,35.48647927262895
2016-01-23,38.73771539633307
2016-01-24,42.70952471530153
2016-01-25,45.827465548418445
2016-01-26,48.09153789249382
2016-01-27,49.501741744927585
2016-01-28,63.49679793534669
2016-01-29,66.7230224232709
2016-01-30,48.609142376025794
2016-01-31,63.972637621477304
2016-02-01,45.12583665537644
2016-02-02,60.690416914322796
2016-02-03,61.50566245588039
2016-02-04,60.57275435188214
2016-02-05,60.63412923438321
2016-02-06,45.032023855882564
2016-02-07,66.07587770259613
2016-02-08,63.296472346805814
2016-02-09,61.4694960214278
2016-02-10,64.24371768384422
2016-02-11,76.36956888668249
2016-02-12,63.50017942296192
2016-02-13,68.73321445476776
2016-02-14,42.751693837558925
2016-02-15,58.091233486799254
2016-02-16,64.37225672064814
2016-02-17,59.157042091183584
2016-02-18,53.68619407077233
2016-02-19,55.679163925380365
2016-02-20,67.30281516750345
2016-02-21,44.27187474862741
2016-02-22,60.28477983647808
2016-02-23,67.67053313784466
2016-02-24,46.927363043952894
2016-02-25,63.811243075902546
2016-02-26,46.19062052944329
2016-02-27,76.22920947061954
2016-02-28,43.44822358219184
2016-02-29,42.261736618915734
2016-03-01,59.21800574824675
2016-03-02,61.543062092600735
2016-03-03,68.6709627889436
2016-03-04,57.98506991343387
2016-03-05,69.06449982725329
2016-03-06,44.792084615760416
2016-03-07,45.66521299833694
2016-03-08,58.54727491991625
2016-03-09,64.96784245509477
2016-03-10,63.082998099504344
2016-03-11,55.82009111852843
2016-03-12,39.210010942043816
2016-03-13,35.75480173729376
2016-03-14,48.139112971779326
2016-03-15,48.735434861292404
2016-03-16,44.45064484924205
2016-03-17,42.801050743255885
2016-03-18,27.535176198243747
2016-03-19,27.702535185894558
2016-03-20,47.162853338093825
2016-03-21,43.33795806379155
2016-03-22,47.511941326388005
2016-03-23,32.46358025205076
2016-03-24,34.352409706442586
2016-03-25,59.085216289122584
2016-03-26,75.4716665532751
2016-03-27,41.69546173440281
2016-03-28,43.75621554281518
2016-03-29,63.196522074898574
2016-03-30,67.0055699981193
2016-03-31,68.9293997170845
2016-04-01,67.10586290485708
2016-04-02,65.80407945739101
2016-04-03,42.03498179553115
2016-04-04,65.27874516740661
2016-04-05,39.21151496240641
2016-04-06,55.38327460757985
2016-04-07,54.9501368365863
2016-04-08,37.912101640100204
2016-04-09,60.23258628986912
2016-04-10,64.0677943609839
2016-04-11,55.26407950015877
2016-04-12,56.90687221135125
2016-04-13,40.21230765313564
2016-04-14,40.27732417009456
2016-04-15,40.173300568664494
2016-04-16,39.900236843873245
2016-04-17,39.458133000867555
2016-04-18,38.8460965646276
2016-04-19,38.06412754303872
2016-04-20,37.11222593017901
2016-04-21,51.429294257997675
2016-04-22,34.69862493800346
2016-04-23,50.73851547014868
2016-04-24,59.26405621611765
2016-04-25,50.186421891344224
2016-04-26,44.25749768419912
2016-04-27,29.10115929129313
2016-04-28,67.22048057734362
2016-04-29,46.45423070465954
2016-04-30,48.973936958421824
2016-05-01,49.0819523648285
2016-05-02,32.687892477506885
2016-05-03,50.78076433624508
2016-05-04,35.950798342913785
2016-05-05,37.866569082970365
2016-05-06,39.971885029539045
2016-05-07,68.37068006307315
2016-05-08,64.84672810490703
2016-05-09,46.2000906138698
2016-05-10,46.61356040429355
2016-05-11,45.99156190929335
2016-05-12,44.334095131253775
2016-05-13,41.6411600698224
2016-05-14,37.91275671984376
2016-05-15,33.14888508998955
2016-05-16,61.836081132201635
2016-05-17,42.68310586566169
2016-05-18,42.591870258362235
2016-05-19,44.26132344581196
2016-05-20,45.32145846221963
2016-05-21,54.74444453779383
2016-05-22,31.08901698676399
2016-05-23,33.59556076096655
2016-05-24,52.92729017853587
2016-05-25,36.95446955514651
2016-05-26,37.806834570531024
2016-05-27,55.13799958821406
2016-05-28,58.341017486401476
2016-05-29,37.05557209783247
2016-05-30,53.15762113569295
2016-05-31,35.07295419653839
2016-06-01,56.576502441856164
2016-06-02,47.8681275725883
2016-06-03,52.8268157239299
2016-06-04,49.68236004314617
2016-06-05,45.91721109102634
2016-06-06,43.50375215047772
2016-06-07,43.66084393679987
2016-06-08,47.16720303042244
2016-06-09,27.377179669254062
2016-06-10,28.9823338078419
2016-06-11,50.3236605693466
2016-06-12,34.216277554932915
2016-06-13,54.406847574204136
2016-06-14,38.10229947576761
2016-06-15,39.034076946588804
2016-06-16,57.845467579190746
2016-06-17,58.71550893439135
2016-06-18,37.78447537693381
2016-06-19,58.670125357891216
2016-06-20,34.63405135347235
2016-06-21,33.627738842180065
2016-06-22,33.00069266929435
2016-06-23,32.75291283368627
2016-06-24,32.884399336382096
2016-06-25,52.89692378884522
2016-06-26,34.28517134090338
2016-06-27,58.42843481718248
2016-06-28,36.34988120342989
2016-06-29,37.524571894581534
2016-06-30,38.794153087235074
2016-07-01,40.1586247863129
2016-07-02,41.6184923021124
2016-07-03,43.17375563180571
2016-07-04,62.83906579878403
2016-07-05,62.08488095638482
2016-07-06,46.19293092064183
2016-07-07,46.65045111708859
2016-07-08,46.83353552512558
2016-07-09,46.742184151433136
2016-07-10,46.37639699479226
2016-07-11,46.22494206886675
2016-07-12,66.50059307953482
2016-07-13,46.56502891027123
2016-07-14,67.3709161105471
2016-07-15,82.43226088477975
2016-07-16,48.682650907035615
2016-07-17,49.81718937100351
2016-07-18,69.90313003648816
2016-07-19,50.43515806069236
2016-07-20,49.918588286878666
2016-07-21,48.85164909774491
2016-07-22,47.23434050000559
2016-07-23,45.06666248540181
2016-07-24,42.34861505988556
2016-07-25,62.24978517134579
2016-07-26,40.2721260629698
2016-07-27,40.91368448930454
2016-07-28,42.67511153057158
2016-07-29,45.55640719412518
2016-07-30,49.557571474003986
2016-07-31,54.678604369684074
2016-08-01,58.50346806761883
2016-08-02,61.03722406165597
2016-08-03,62.279872352098586
2016-08-04,62.23141294592251
2016-08-05,60.891845834592345
2016-08-06,58.26117101664827
2016-08-07,54.33938850361856
2016-08-08,68.31677927176624
2016-08-09,48.251124700008546
2016-08-10,74.32158356558891
2016-08-11,44.50326252887369
2016-08-12,43.50698205228826
2016-08-13,73.46574841385733
2016-08-14,43.269722334019086
2016-08-15,43.133425993975436
2016-08-16,42.68691297492238
2016-08-17,64.27596325667851
2016-08-18,40.863236904962406
2016-08-19,39.48607384687741
2016-08-20,37.79869410686013
2016-08-21,35.801097686769346
2016-08-22,51.462627463740766
2016-08-23,34.71623515306825
2016-08-24,35.62896903435458
2016-08-25,37.51181301754728
2016-08-26,40.364767099811786
2016-08-27,44.18783128449329
2016-08-28,71.66535797460354
2016-08-29,71.68094163173869
2016-08-30,54.49332670471855
2016-08-31,55.21247355603595
2016-09-01,54.57361126048646
2016-09-02,52.58127750728377
2016-09-03,49.235472290219434
2016-09-04,44.53619561699236
2016-09-05,59.40461769886283
2016-09-06,57.08739971585574
2016-09-07,63.58690382058218
2016-09-08,34.83662684039741
2016-09-09,34.68611912374781
2016-09-10,35.44536519614687
2016-09-11,37.11436506188969
2016-09-12,38.31333025021796
2016-09-13,58.5440323849252
2016-09-14,56.50063574751523
2016-09-15,39.0900177857612
2016-09-16,38.40884428614104
2016-09-17,37.25763611160541
2016-09-18,35.636393263827294
2016-09-19,34.44711092190469
2016-09-20,33.68978907378113
2016-09-21,33.36442772792195
2016-09-22,33.47102688347493
2016-09-23,34.00958653832164
2016-09-24,59.29481553880293
2016-09-25,55.95207345627372
2016-09-26,52.746050413444046
2016-09-27,37.85536001172771
2016-09-28,54.68498699589887
2016-09-29,37.55188112668984
2016-09-30,36.73404735575268
2016-10-01,35.47215069966245
2016-10-02,33.751926089857776
2016-10-03,56.9047410409633
2016-10-04,31.798951993089783
2016-10-05,46.036267022775576
2016-10-06,51.23729115530432
2016-10-07,51.05860657749612
2016-10-08,33.84290428290149
2016-10-09,59.05652393546363
2016-10-10,37.188933182084185
2016-10-11,38.62933895449943
2016-10-12,39.91467226989566
2016-10-13,41.04493313560444
2016-10-14,42.02012154586558
2016-10-15,42.84023750488137
2016-10-16,43.50528101366331
2016-10-17,43.85916876043156
2016-10-18,43.90190074176517
2016-10-19,43.633476965589374
2016-10-20,43.05389742851777
2016-10-21,57.508306140824295
2016-10-22,40.96127106416505
2016-10-23,39.44822424625652
2016-10-24,51.746532141565076
2016-10-25,50.73654359891303
2016-10-26,68.75192510706559
2016-10-27,36.41918700106814
2016-10-28,36.41771520428653
2016-10-29,36.71855840954883
2016-10-30,37.32171661742616
2016-10-31,51.24402949962116
2016-11-01,38.16152136335895
2016-11-02,38.427675352208524
2016-11-03,53.7014963397108
2016-11-04,55.02722887873535
2016-11-05,56.3905184777976
2016-11-06,38.56566026368298
2016-11-07,55.96589018347116
2016-11-08,37.99104464508951
2016-11-09,52.21497065356043
2016-11-10,57.14171105588723
2016-11-11,36.215074319444845
2016-11-12,54.339394108124544
2016-11-13,54.228216296774185
2016-11-14,49.121018319061804
2016-11-15,33.97307106080012
2016-11-16,47.99106120772591
2016-11-17,35.47982502423459
2016-11-18,60.531122363861215
2016-11-19,62.85041332882303
2016-11-20,60.31432190655326
2016-11-21,56.52837866736897
2016-11-22,62.49358299153186
2016-11-23,67.33394685454964
2016-11-24,67.4658113718815
2016-11-25,74.34073768505613
2016-11-26,67.39696204626567
2016-11-27,67.0165443764038
2016-11-28,65.37325535593129
2016-11-29,88.1647419659777
2016-11-30,67.13480353934865
2016-12-01,73.41750634268699
2016-12-02,75.51991966177037
2016-12-03,79.87491954552505
2016-12-04,83.32336484633
2016-12-05,77.32091441087823
2016-12-06,86.73441057040483
2016-12-07,88.34299386224654
2016-12-08,96.17918904299898
2016-12-09,68.3329388489221
2016-12-10,103.37569788887366
2016-12-11,110.7054855313569
2016-12-12,102.83743618996633
2016-12-13,99.67960838725472
2016-12-14,104.0760104885295
2016-12-15,117.24550322009978
2016-12-16,96.12167426030828
2016-12-17,102.86642063563235
2016-12-18,110.66480637894587
2016-12-19,100.27764923352416
2016-12-20,102.58275426376503
2016-12-21,108.67306232433195
2016-12-22,97.89044673717464
2016-12-23,100.09959970516493
2016-12-24,96.51235609381284
2016-12-25,83.0710556328998
2016-12-26,56.988657607103235
2016-12-27,80.52863077417317
2016-12-28,74.4988851820339
2016-12-29,72.01180389202597
2016-12-30,68.90294608609223
2016-12-31,46.58468569162239
2017-01-01,46.49828739788225
2017-01-02,46.15376184954729
2017-01-03,69.33451962908985
2017-01-04,63.004492733290014
2017-01-05,60.229184960925565
2017-01-06,42.194387150233986
2017-01-07,60.154755479285534
2017-01-08,38.6659362883166
2017-01-09,50.176626106214364
2017-01-10,54.91237833352142
2017-01-11,35.40285589241228
2017-01-12,53.94538478879549
2017-01-13,54.47237161836952
2017-01-14,35.76495565960162
2017-01-15,52.570297855509196
2017-01-16,51.265514764358585
2017-01-17,53.07909737262438
2017-01-18,52.32042454373373
2017-01-19,38.73856505519514
2017-01-20,53.52476087683249
2017-01-21,38.76750109480215
2017-01-22,55.69109757418861
2017-01-23,51.398522928571516
2017-01-24,38.15651652492811
2017-01-25,50.16870638651737
2017-01-26,37.90194688974661
2017-01-27,51.73581471508125
2017-01-28,56.22177708392368
2017-01-29,37.74922254713826
2017-01-30,51.25361089394239
2017-01-31,39.076058326960386
2017-02-01,40.42325153777819
2017-02-02,56.57409519409751
2017-02-03,44.49342980979887
2017-02-04,73.78132813226848
2017-02-05,74.36892482236993
2017-02-06,71.12736821223433
2017-02-07,53.52445151286461
2017-02-08,75.84896069460024
2017-02-09,66.75847723292195
2017-02-10,70.47055968902073
2017-02-11,75.23674495901808
2017-02-12,42.45977671517756
2017-02-13,55.62702093890056
2017-02-14,56.36859175700608
2017-02-15,34.83203162593912
2017-02-16,34.11761011715997
2017-02-17,34.31726869816951
2017-02-18,52.776333091584384
2017-02-19,53.58529113337872
2017-02-20,38.940458300382396
2017-02-21,39.87590384247347
2017-02-22,62.543228271664105
2017-02-23,40.10823509801181
2017-02-24,39.4051208124001
2017-02-25,54.74586868283402
2017-02-26,36.36033239898909
2017-02-27,47.20077759375838
2017-02-28,45.995225788971524
2017-03-01,48.182579519387694
2017-03-02,32.28938306374471
2017-03-03,44.90320194826409
2017-03-04,48.68470662596712
2017-03-05,32.44538069238278
2017-03-06,44.606954377607686
2017-03-07,49.410970916581746
2017-03-08,35.075109961878724
2017-03-09,49.43965500239632
2017-03-10,51.740486205806256
2017-03-11,40.047740754087364
2017-03-12,42.22592913805935
2017-03-13,43.804835907944714
2017-03-14,44.784461062816625
2017-03-15,66.76572524597782
2017-03-16,63.05949120749298
2017-03-17,44.12764684513199
2017-03-18,67.1889317911974
2017-03-19,59.07003203896714
2017-03-20,57.01164462527463
2017-03-21,50.416452693470745
2017-03-22,54.267588197853996
2017-03-23,56.58740053928836
2017-03-24,54.09173720716663
2017-03-25,52.231614228918644
2017-03-26,53.17389511149625
2017-03-27,53.13324767964902
2017-03-28,53.63324783188959
2017-03-29,52.71017551143176
2017-03-30,37.56599310005925
2017-03-31,51.741114304552376
2017-04-01,37.13651118518933
2017-04-02,57.44021174403689
2017-04-03,50.901883831215045
2017-04-04,52.64971862633625
2017-04-05,49.68253505290055
2017-04-06,57.63717028891094
2017-04-07,38.447666272302186
2017-04-08,39.555832807587606
2017-04-09,62.5868175248588
2017-04-10,42.27870306744111
2017-04-11,43.63739482478402
2017-04-12,58.16472495645654
2017-04-13,46.349291599384934
2017-04-14,47.70249661698106
2017-04-15,49.053872717376976
2017-04-16,73.18934403767635
2017-04-17,80.13510971929051
2017-04-18,70.37558877466147
2017-04-19,70.27775982048288
2017-04-20,74.84377298895848
2017-04-21,65.18649584031648
2017-04-22,49.46291938073515
2017-04-23,69.60393611568992
2017-04-24,58.81129446011553
2017-04-25,44.81407592466527
2017-04-26,67.39454032525738
2017-04-27,42.28201134414255
2017-04-28,41.18612837090844
2017-04-29,61.63531271146881
2017-04-30,64.89687906698568
2017-05-01,51.3285315065025
2017-05-02,58.273538998779955
2017-05-03,54.69262347588995
2017-05-04,38.86948318957678
2017-05-05,39.50464207259891
2017-05-06,40.440382297045744
2017-05-07,58.36832435671124
2017-05-08,62.67437444412006
2017-05-09,43.81079020377457
2017-05-10,67.49447910911006
2017-05-11,61.744943849331676
2017-05-12,61.706002011441974
2017-05-13,73.13338481345825
2017-05-14,47.17109148201272
2017-05-15,62.716860481862355
2017-05-16,64.44795775871549
2017-05-17,46.4732231292127
2017-05-18,68.68872278419445
2017-05-19,44.310531269484734
2017-05-20,42.71995145194284
2017-05-21,40.789882377647366
2017-05-22,58.200000500271926
2017-05-23,52.12089419730812
2017-05-24,54.64922925251161
2017-05-25,34.5009137011747
2017-05-26,58.20542884326482
2017-05-27,32.215213947047154
2017-05-28,50.958118035004034
2017-05-29,45.24340081019896
2017-05-30,31.01782344250518
2017-05-31,45.1519228851836
2017-06-01,32.86468095435193
2017-06-02,52.989821292109106
2017-06-03,36.82839468760138
2017-06-04,65.35650732666129
2017-06-05,41.90552456284355
2017-06-06,61.846089406368414
2017-06-07,64.41747378258493
2017-06-08,45.96309551923859
2017-06-09,67.7984205749526
2017-06-10,69.7591292304856
2017-06-11,45.75091785278407
2017-06-12,60.77917290259717
2017-06-13,44.45468746307935
2017-06-14,65.50766357396213
2017-06-15,63.87535323901542
2017-06-16,56.0123762642563
2017-06-17,41.03844433968499
2017-06-18,40.01276223833632
2017-06-19,57.29993317620445
2017-06-20,38.051224477027944
2017-06-21,52.38498513224685
2017-06-22,36.20945530301912
2017-06-23,35.33348393479804
2017-06-24,53.71836839211752
2017-06-25,73.79219987086115
2017-06-26,33.365500882957804
2017-06-27,33.56985444478062
2017-06-28,51.92405160680797
2017-06-29,51.55755540963697
2017-06-30,58.912872157289215
2017-07-01,57.535382054556266
2017-07-02,42.24819470827168
2017-07-03,44.154167189267994
2017-07-04,65.04773333910836
2017-07-05,45.40786103549531
2017-07-06,67.71079274416269
2017-07-07,43.25055340201322
2017-07-08,40.89277402834519
2017-07-09,37.682244285923076
2017-07-10,52.163483344747696
2017-07-11,47.228953545682
2017-07-12,32.22325379320943
2017-07-13,48.045932889149555
2017-07-14,47.49999494633367
2017-07-15,55.16579793875319
2017-07-16,54.047006181998505
2017-07-17,52.72295710550941
2017-07-18,38.864405676529344
2017-07-19,41.39064570190572
2017-07-20,63.3019497334987
2017-07-21,47.3118636483253
2017-07-22,50.706841574768674
2017-07-23,71.55702069508116
2017-07-24,57.042644214137724
2017-07-25,58.660577803305195
2017-07-26,80.37211882538062
2017-07-27,92.72146639926451
2017-07-28,57.314507656067875
2017-07-29,54.79919396806796
2017-07-30,51.25056846291044
2017-07-31,48.52311310321719
2017-08-01,46.6168278957615
2017-08-02,45.523578309511066
2017-08-03,60.27597995516268
2017-08-04,62.43394922466281
2017-08-05,64.86323822800048
2017-08-06,68.64727873181491
2017-08-07,50.7357501930811
2017-08-08,51.48648555215545
2017-08-09,72.66006140029053
2017-08-10,78.63865875660552
2017-08-11,70.77656731351414
2017-08-12,47.448639430467395
2017-08-13,44.678981011228764
2017-08-14,59.68299666221136
2017-08-15,64.69774762622328
2017-08-16,61.56715140215727
2017-08-17,49.95784437993702
2017-08-18,37.41217839927931
2017-08-19,37.27511577048865
2017-08-20,53.86215269570651
2017-08-21,61.07252124726199
2017-08-22,37.982445628969366
2017-08-23,38.08636881607516
2017-08-24,50.279115307020874
2017-08-25,38.09643504651237
2017-08-26,38.00257808578266
2017-08-27,37.84279441083176
2017-08-28,53.35091093789292
2017-08-29,37.6007897224902
2017-08-30,37.51856871027052
2017-08-31,52.182289149161775
2017-09-01,52.964350393527255
2017-09-02,37.440540041646486
2017-09-03,37.48875399554938
2017-09-04,52.700412329940924
2017-09-05,50.08814334702156
2017-09-06,52.48214602861248
2017-09-07,55.52264931391432
2017-09-08,38.285877408340966
2017-09-09,56.22999334908685
2017-09-10,38.864218473715646
2017-09-11,57.24605270297778
2017-09-12,55.917332999578605
2017-09-13,53.77040061827715
2017-09-14,40.03865248134812
2017-09-15,40.31816383145949
2017-09-16,57.34355809304285
2017-09-17,55.79912705273219
2017-09-18,40.73336735713558
2017-09-19,58.77551498304376
2017-09-20,39.29415350163943
2017-09-21,60.632337400705524
2017-09-22,51.103866925142796
2017-09-23,34.17181105217939
2017-09-24,45.69098947064412
2017-09-25,29.768707973622003
2017-09-26,39.4592653877779
2017-09-27,42.73371040607846
2017-09-28,39.01646991348142
2017-09-29,43.712589196432546
2017-09-30,29.12684397445286
2017-10-01,46.495659605910724
2017-10-02,32.65779726018682
2017-10-03,46.118571791175924
2017-10-04,51.3435051043306
2017-10-05,55.687432016470126
2017-10-06,42.523842109575064
2017-10-07,45.57454879806453
2017-10-08,65.24583899646026
2017-10-09,61.857943596690504
2017-10-10,51.25605203865691
2017-10-11,50.36878551705577
2017-10-12,64.47787384689363
2017-10-13,57.83006905780218
2017-10-14,56.56316228239217
2017-10-15,55.16623621769022
2017-10-16,28.125461661062424
2017-10-17,36.185940265500335
2017-10-18,34.718617758078835
2017-10-19,37.63882075867481
2017-10-20,37.46149429244062
2017-10-21,45.24233021250866
2017-10-22,46.5581432461597
2017-10-23,38.31922403456658
2017-10-24,56.07567707429443
2017-10-25,56.659518321681205
2017-10-26,59.77566285626912
2017-10-27,43.28147414239784
2017-10-28,41.71133942628334
2017-10-29,55.166830433688006
2017-10-30,55.19120022953486
2017-10-31,35.57294704153051
2017-11-01,48.29335555012517
2017-11-02,45.379139176337176
2017-11-03,50.144915910946736
2017-11-04,36.6508292849954
2017-11-05,38.61869270666421
2017-11-06,58.77422846139675
2017-11-07,54.389596646169394
2017-11-08,54.446596752221204
2017-11-09,67.61268282814201
2017-11-10,44.99799686649752
2017-11-11,66.09934399651057
2017-11-12,64.35338568005953
2017-11-13,46.22665499561477
2017-11-14,59.832897789411064
2017-11-15,62.09528411888628
2017-11-16,66.79631604947593
2017-11-17,58.05955129617309
2017-11-18,61.76234065968572
2017-11-19,46.68309785693461
2017-11-20,58.96952379598189
2017-11-21,70.00964426380438
2017-11-22,71.20371968601388
2017-11-23,64.51547012188726
2017-11-24,70.2253837694686
2017-11-25,72.62370015770165
2017-11-26,72.11670619165531
2017-11-27,76.59446216554343
2017-11-28,77.79580092973596
2017-11-29,82.26819228882248
2017-11-30,88.86048999933071
2017-12-01,86.77223373849502
2017-12-02,97.0076136199369
2017-12-03,95.28317363745612
2017-12-04,87.63881860497062
2017-12-05,87.48201650453032
2017-12-06,83.43673389253438
2017-12-07,92.56702093521159
2017-12-08,88.46422857160617
2017-12-09,104.44388330532018
2017-12-10,122.2230742583025
2017-12-11,104.72024992206876
2017-12-12,116.94131569027594
2017-12-13,113.78842470153296
2017-12-14,120.54512380565218
2017-12-15,111.42782072911223
2017-12-16,115.34539166357489
2017-12-17,127.54740505558792
2017-12-18,117.27562106871613
2017-12-19,106.54506046496329
2017-12-20,112.90419240895896
2017-12-21,107.4050746644139
2017-12-22,106.3330408155157
2017-12-23,101.93478236073251
2017-12-24,97.93459596039577
2017-12-25,92.1196050804678
2017-12-26,97.11856114334313
2017-12-27,91.29668625458979
2017-12-28,94.2911810036682
2017-12-29,90.4287465638843
2017-12-30,65.00752653306768
2017-12-31,62.1174637112993
2018-01-01,59.27697001928824
2018-01-02,72.10967127183322
2018-01-03,74.1365995150701
2018-01-04,64.92021500110445
2018-01-05,67.52771741130674
2018-01-06,77.01594935591922
2018-01-07,58.03794977643077
2018-01-08,53.219179112606945
2018-01-09,55.88976061008019
2018-01-10,40.04733211685492
2018-01-11,56.4777572120581
2018-01-12,52.296023285803464
2018-01-13,57.05168973487848
2018-01-14,56.378868173529575
2018-01-15,57.719711343886885
2018-01-16,38.759692108633914
2018-01-17,53.25369376655559
2018-01-18,55.80175867893626
2018-01-19,60.25670779235377
2018-01-20,50.89575861672711
2018-01-21,54.46613263893323
2018-01-22,47.68823189100573
2018-01-23,44.172667814375345
2018-01-24,33.69455321090252
2018-01-25,34.164369298823544
2018-01-26,55.70543155446712
2018-01-27,53.96475244874226
2018-01-28,38.08378742451702
2018-01-29,55.49593571775522
2018-01-30,40.87234592917933
2018-01-31,57.71878717402993
2018-02-01,59.593540506221565
2018-02-02,43.37813518995439
2018-02-03,65.23131874790008
2018-02-04,59.75392088858378
2018-02-05,60.018244109942756
2018-02-06,58.74498128979015
2018-02-07,64.33072854768467
2018-02-08,63.74044756172251
2018-02-09,61.64643778052618
2018-02-10,63.66900144149303
2018-02-11,64.28940803270254
2018-02-12,62.50377718117418
2018-02-13,64.90906234861151
2018-02-14,56.470043506547
2018-02-15,65.97058549564136
2018-02-16,55.8447756812804
2018-02-17,42.7191244772927
2018-02-18,41.65750034890996
2018-02-19,52.11335790938884
2018-02-20,39.75545336798364
2018-02-21,38.91503051208437
2018-02-22,56.19425160931666
2018-02-23,50.354995425347944
2018-02-24,60.09609001504826
2018-02-25,55.79244828394259
2018-02-26,35.88961817560056
2018-02-27,49.69676663140683
2018-02-28,52.022288266545
2018-03-01,49.77306052480181
2018-03-02,53.788664007213846
2018-03-03,52.94308797766175
2018-03-04,55.58084048277572
2018-03-05,54.48764730719164
2018-03-06,50.93706163904119
2018-03-07,55.59411483267707
2018-03-08,54.746623717419254
2018-03-09,53.67631811280936
2018-03-10,55.328778104552555
2018-03-11,47.27839573572519
2018-03-12,48.69789791979228
2018-03-13,45.36724287170438
2018-03-14,47.024294366759186
2018-03-15,47.82216709145327
2018-03-16,56.10276469158391
2018-03-17,55.169257860522336
2018-03-18,66.75278740619942
2018-03-19,45.94695143495589
2018-03-20,61.1433795669646
2018-03-21,69.51266018178329
2018-03-22,69.90364704366078
2018-03-23,65.73592162485225
2018-03-24,47.9018857297368
2018-03-25,46.0943409310201
2018-03-26,66.72953789918613
2018-03-27,42.56699324760018
2018-03-28,61.872537887406786
2018-03-29,39.15663478362566
2018-03-30,37.49532650950857
2018-03-31,54.85717851589421
2018-04-01,34.26045186986533
2018-04-02,51.04606763917548
2018-04-03,52.63372839533071
2018-04-04,50.331753094743064
2018-04-05,52.333594392171094
2018-04-06,48.177364401539506
2018-04-07,51.16895936940384
2018-04-08,51.185063826515425
2018-04-09,50.558626825442005
2018-04-10,49.86522148437296
2018-04-11,34.647805305217126
2018-04-12,34.328321922689035
2018-04-13,49.766224414484185
2018-04-14,58.5219742820022
2018-04-15,50.21962894052652
2018-04-16,50.008031269522405
2018-04-17,54.001411602719514
2018-04-18,47.0473517706167
2018-04-19,46.44690263055403
2018-04-20,54.33307045992097
2018-04-21,54.18352096581741
2018-04-22,67.802318250009
2018-04-23,33.20746238632326
2018-04-24,34.19562829246118
2018-04-25,35.081282487042486
2018-04-26,51.20175577199444
2018-04-27,36.545055739865184
2018-04-28,37.12317480270959
2018-04-29,63.13235171752715
2018-04-30,63.565895691073585
2018-05-01,56.31605712284497
2018-05-02,53.85623585042239
2018-05-03,57.60843605395644
2018-05-04,53.08175799038406
2018-05-05,38.109338146341116
2018-05-06,37.779393134988304
2018-05-07,61.325858046038945
2018-05-08,37.750095584865335
2018-05-09,38.05074304376852
2018-05-10,38.56158799449796
2018-05-11,39.28263043866075
2018-05-12,60.90064547457561
2018-05-13,41.35530779785388
2018-05-14,41.987837528344485
2018-05-15,60.80065737195089
2018-05-16,62.27752005609531
2018-05-17,60.26603771541843
2018-05-18,55.477212443207655
2018-05-19,62.23265777030265
2018-05-20,54.15758187694503
2018-05-21,33.634815732528935
2018-05-22,49.55421735153455
2018-05-23,46.93162508703061
2018-05-24,65.10915460281261
2018-05-25,37.38803838544018
2018-05-26,40.72578839304221
2018-05-27,73.26025629168932
2018-05-28,48.424624727585204
2018-05-29,50.929714163270276
2018-05-30,52.53858444852686
2018-05-31,76.40958937711885
2018-06-01,53.0676675641921
2018-06-02,51.986800335933374
2018-06-03,50.00863389866045
2018-06-04,73.01389424428011
2018-06-05,46.04264672385781
2018-06-06,70.73433298134931
2018-06-07,58.145977276337725
2018-06-08,40.06953019291781
2018-06-09,67.49399878636086
2018-06-10,36.071361999585676
2018-06-11,34.33457992777691
2018-06-12,47.613049002604505
2018-06-13,48.279259437226756
2018-06-14,30.707700182288104
2018-06-15,30.026562424567693
2018-06-16,29.60933574628998
2018-06-17,29.456020141721112
2018-06-18,46.133638935458066
2018-06-19,52.556398215166524
2018-06-20,50.41716009927843
2018-06-21,53.1233925785545
2018-06-22,50.077778778890924
2018-06-23,55.63578947317156
2018-06-24,32.28360009882122
2018-06-25,53.68792466510733
2018-06-26,33.71593853353789
2018-06-27,34.32639527740045
2018-06-28,34.86637704016956
2018-06-29,59.61933982339981
2018-06-30,35.7349156181035
2018-07-01,36.06347243223696
2018-07-02,51.90344766138356
2018-07-03,56.5076198164532
2018-07-04,60.23630506795318
2018-07-05,51.104039605713325
2018-07-06,51.25345996668285
2018-07-07,33.86963016338606
2018-07-08,54.30914151115866
2018-07-09,32.26692433629677
2018-07-10,32.24102539230458
2018-07-11,53.520442592698004
2018-07-12,58.42987835967176
2018-07-13,35.265144444444566
2018-07-14,37.307122755492635
2018-07-15,66.47786289877106
2018-07-16,41.65684934108633
2018-07-17,61.16551397697147
2018-07-18,65.68596814532597
2018-07-19,42.42017421755939
2018-07-20,41.13827851082033
2018-07-21,39.08821413809105
2018-07-22,36.26998109967078
2018-07-23,58.900220835341564
2018-07-24,50.505053035688604
2018-07-25,57.70590048004648
2018-07-26,32.66247965943289
2018-07-27,33.676961979275426
2018-07-28,59.835201889654385
2018-07-29,60.35133581192585
2018-07-30,40.047924170117
2018-07-31,41.58509237355039
2018-08-01,42.617060443793285
2018-08-02,67.35557070887026
2018-08-03,63.52504091492762
2018-08-04,42.501504504567706
2018-08-05,41.39249913042527
2018-08-06,59.469582059117954
2018-08-07,39.344727426656895
2018-08-08,65.35632603368755
2018-08-09,58.38000240976346
2018-08-10,62.15931372645968
2018-08-11,57.619610499379355
2018-08-12,60.658170236722576
2018-08-13,49.67585832807064
2018-08-14,54.0451347528871
2018-08-15,56.011782483077326
2018-08-16,60.11267199146372
2018-08-17,64.21479702059538
2018-08-18,61.27585114064498
2018-08-19,55.83270483588055
2018-08-20,53.32154338083592
2018-08-21,53.573080557868764
2018-08-22,39.116979295583484
2018-08-23,56.743948578388824
2018-08-24,38.02850153214635
2018-08-25,55.932995513579115
2018-08-26,35.395924137266135
2018-08-27,54.84318233230343
2018-08-28,50.446054983518074
2018-08-29,32.47109974173334
2018-08-30,45.23484249540172
2018-08-31,47.70230546686662
2018-09-01,58.96897336345017
2018-09-02,49.71226986642095
2018-09-03,52.53271687579041
2018-09-04,55.74956576124611
2018-09-05,34.071456464721415
2018-09-06,54.53572891689442
2018-09-07,35.68185792115061
2018-09-08,68.11182411848124
2018-09-09,37.65900616967722
2018-09-10,65.3148340235841
2018-09-11,55.55500487940182
2018-09-12,39.788622066207694
2018-09-13,40.17394852393918
2018-09-14,57.71107510621742
2018-09-15,40.45778318020289
2018-09-16,40.35629137876543
2018-09-17,55.195149456796734
2018-09-18,62.39157673868758
2018-09-19,54.835552324130205
2018-09-20,57.479863851494
2018-09-21,52.17702940734676
2018-09-22,56.09267087025598
2018-09-23,33.270396834227256
2018-09-24,54.895393924701324
2018-09-25,31.076683596857315
2018-09-26,45.64219360754131
2018-09-27,46.51167194709071
2018-09-28,45.99873723481328
2018-09-29,31.477242468014488
2018-09-30,32.57487912793769
2018-10-01,33.73522072140186
2018-10-02,34.929132999651166
2018-10-03,36.1566159739589
2018-10-04,57.63044334734798
2018-10-05,38.71229399511132
2018-10-06,63.33427180485883
2018-10-07,41.402254782134946
2018-10-08,59.1155033706346
2018-10-09,59.458421388683504
2018-10-10,42.837295740779304
2018-10-11,42.432223974464605
2018-10-12,65.27509489253553
2018-10-13,63.86159301464758
2018-10-14,38.56675241190879
2018-10-15,54.23134838542282
2018-10-16,50.623346721295945
2018-10-17,55.26868547918792
2018-10-18,54.963040130672574
2018-10-19,47.87811958598742
2018-10-20,30.86520030228921
2018-10-21,30.028216162514628
2018-10-22,46.01511308333168
2018-10-23,29.4620316616781
2018-10-24,29.732831299426433
2018-10-25,45.436760661005806
2018-10-26,31.38221436229913
2018-10-27,67.13892082433915
2018-10-28,55.94809010715895
2018-10-29,35.80455049008691
2018-10-30,50.19141882621301
2018-10-31,56.06832682914341
2018-11-01,36.980654683259814
2018-11-02,53.84064689355171
2018-11-03,55.04986605742567
2018-11-04,61.870660396904256
2018-11-05,33.351008023142164
2018-11-06,49.190857520062146
2018-11-07,46.41573804524013
2018-11-08,55.76802568860336
2018-11-09,59.08982091897309
2018-11-10,52.29221061084706
2018-11-11,60.96606120873791
2018-11-12,51.38595805975866
2018-11-13,58.93011505077601
2018-11-14,53.775510451144356
2018-11-15,60.854096673689384
2018-11-16,58.632667558113404
2018-11-17,74.90801910469986
2018-11-18,69.86403426655104
2018-11-19,71.23264195466814
2018-11-20,72.85182406231624
2018-11-21,72.55471706987956
2018-11-22,76.19862391246926
2018-11-23,87.06769709614414
2018-11-24,79.4903336995907
2018-11-25,70.45766057344863
2018-11-26,78.22985798453445
2018-11-27,61.86570667294953
2018-11-28,70.11963567686934
2018-11-29,64.2381244780666
2018-11-30,69.56722561019075
2018-12-01,80.82520925959894
2018-12-02,63.83026310962004
2018-12-03,70.18183266662142
2018-12-04,75.50270341120803
2018-12-05,77.76144080491494
2018-12-06,93.61580809982337
2018-12-07,76.34281079999911
2018-12-08,87.69805902844494
2018-12-09,82.98999282007954
2018-12-10,98.88725474839933
2018-12-11,104.10575283508571
2018-12-12,112.45924198724649
2018-12-13,89.00704804884542
2018-12-14,99.97393713830172
2018-12-15,106.7626529271808
2018-12-16,98.80973579811183
2018-12-17,96.79162537707265
2018-12-18,96.23916567533276
2018-12-19,91.0580530577659
2018-12-20,95.87461624244933
2018-12-21,84.28020615878849
2018-12-22,95.68465295357781
2018-12-23,83.36496212296137
2018-12-24,87.3464456977067
2018-12-25,57.9058366200318
2018-12-26,56.955009205149494
2018-12-27,71.64904657172893
2018-12-28,54.639897440508705
2018-12-29,73.21752885703255
2018-12-30,69.65013374022817
2018-12-31,50.335743456780094
2019-01-01,48.962314176566096
2019-01-02,74.68835070415028
2019-01-03,69.00853819095062
2019-01-04,62.56368099658981
2019-01-05,44.621033278274105
2019-01-06,61.66658884598363
2019-01-07,62.12474723908174
2019-01-08,54.113433417262634
2019-01-09,59.199710782398114
2019-01-10,40.66149335706674
2019-01-11,39.87754015069253
2019-01-12,65.41112908909592
2019-01-13,60.460225045911685
2019-01-14,54.422981926772124
2019-01-15,64.6603518664663
2019-01-16,35.714171830936245
2019-01-17,56.425845855017435
2019-01-18,33.75567184486787
2019-01-19,50.1121777809567
2019-01-20,52.88120898627656
2019-01-21,50.91442710801994
2019-01-22,30.668935193491052
2019-01-23,30.80970404689544
2019-01-24,47.424919970594594
2019-01-25,47.7928603989533
2019-01-26,33.69493716350265
2019-01-27,49.22890627227955
2019-01-28,51.780946466026926
2019-01-29,38.421104067718595
2019-01-30,57.35688344049252
2019-01-31,56.98984718160463
2019-02-01,41.28129265057962
2019-02-02,62.611375627069194
2019-02-03,61.66220743333509
2019-02-04,57.993257226825335
2019-02-05,66.2308537246472
2019-02-06,59.255345762285764
2019-02-07,56.927912610282924
2019-02-08,57.96718786538104
2019-02-09,35.62074123018174
2019-02-10,56.08208598407723
2019-02-11,46.950903731740446
2019-02-12,43.72000211218225
2019-02-13,50.55642633694259
2019-02-14,30.45681488332316
2019-02-15,49.23964695758229
2019-02-16,33.231563114530886
2019-02-17,35.65614839327782
2019-02-18,37.5230956778076
2019-02-19,38.83240496343373
2019-02-20,39.584076251766696
2019-02-21,56.57130176876415
2019-02-22,58.76001226070733
2019-02-23,64.55812996972614
2019-02-24,37.01438143948885
2019-02-25,35.74999666211525
2019-02-26,52.67049031078205
2019-02-27,69.27939042893897
2019-02-28,47.36228796617456
2019-03-01,46.38031376951952
2019-03-02,32.664181196201795
2019-03-03,32.72411103971493
2019-03-04,58.09752747452038
2019-03-05,52.4121219147535
2019-03-06,51.55657130474838
2019-03-07,33.1850956630518
2019-03-08,50.487422781829714
2019-03-09,33.54834712821255
2019-03-10,33.76316265025399
2019-03-11,56.40461914713272
2019-03-12,52.58285860718341
2019-03-13,34.689631740211794
2019-03-14,51.31008138466102
2019-03-15,60.35965524352506
2019-03-16,61.87221056409838
2019-03-17,58.522469489308946
2019-03-18,49.79901219047104
2019-03-19,50.73445429048209
2019-03-20,49.580332682663055
2019-03-21,48.8082260578372
2019-03-22,64.22946661130062
2019-03-23,59.718376718078666
2019-03-24,48.58606143500917
2019-03-25,44.07049144550718
2019-03-26,51.78936458076909
2019-03-27,41.250327462575044
2019-03-28,48.58426652678824
2019-03-29,50.19268382895854
2019-03-30,57.01146866529349
2019-03-31,49.16641974256358
2019-04-01,47.518843726194895
2019-04-02,54.38610622316901
2019-04-03,33.54095788249364
2019-04-04,53.95060144252903
2019-04-05,67.53775271717626
2019-04-06,32.45486010763383
2019-04-07,48.14064451694285
2019-04-08,43.60651524373665
2019-04-09,48.45672415137366
2019-04-10,47.84356825140597
2019-04-11,51.87734100150039
2019-04-12,31.102241526786653
2019-04-13,57.08466702274192
2019-04-14,34.44876568185355
2019-04-15,58.16431702954729
2019-04-16,37.25691076229461
2019-04-17,59.21366121822132
2019-04-18,57.166514676658814
2019-04-19,62.16256240488353
2019-04-20,38.820986112098375
2019-04-21,38.36779353071249
2019-04-22,58.10504260015879
2019-04-23,59.09169575864013
2019-04-24,53.57886595444695
2019-04-25,65.61040408105715
2019-04-26,51.74746816189966
2019-04-27,67.41175957986651
2019-04-28,64.49995010681496
2019-04-29,55.002489456978296
2019-04-30,52.529989069370856
2019-05-01,34.29652481093253
2019-05-02,54.5634390659321
2019-05-03,52.929411402867615
2019-05-04,52.9252252882125
2019-05-05,55.39731178293978
2019-05-06,55.14734747977363
2019-05-07,51.87061720006961
2019-05-08,50.89573001725914
2019-05-09,51.76951975767427
2019-05-10,54.11434795892962
2019-05-11,54.30488526857974
2019-05-12,34.16760574695675
2019-05-13,53.53433606887266
2019-05-14,60.332637442899966
2019-05-15,51.88778771829705
2019-05-16,56.944585684158575
2019-05-17,54.61311278484974
2019-05-18,59.48584049424962
2019-05-19,34.01508700120834
2019-05-20,50.27307931849923
2019-05-21,55.71337726270118
2019-05-22,32.86564375701769
2019-05-23,48.4651079605192
2019-05-24,55.24185068239367
2019-05-25,59.56103349911383
2019-05-26,55.23198985584134
2019-05-27,52.091770420054054
2019-05-28,50.648233821642194
2019-05-29,51.138380764108916
2019-05-30,32.36757750227098
2019-05-31,32.255935522496074
2019-06-01,32.11425701882328
2019-06-02,31.920028634824227
2019-06-03,54.22141433320898
2019-06-04,31.77793071803603
2019-06-05,31.830061184625173
2019-06-06,48.55436003432402
2019-06-07,52.40126787547403
2019-06-08,32.479170266915055
2019-06-09,51.33020711815734
2019-06-10,53.38269616397065
2019-06-11,49.25478949751195
2019-06-12,33.17252509111629
2019-06-13,49.048746323618694
2019-06-14,54.29104227109221
2019-06-15,32.24164967467205
2019-06-16,50.31033813646558
2019-06-17,57.12348840289373
2019-06-18,49.26151900280034
2019-06-19,32.243160445288055
2019-06-20,48.863967103127436
2019-06-21,34.59203498673856
2019-06-22,58.668029187883164
2019-06-23,38.50632230415863
2019-06-24,57.80989304417717
2019-06-25,40.82185935575098
2019-06-26,40.98457615097355
2019-06-27,58.05583392784716
2019-06-28,39.31990628279265
2019-06-29,61.057160324398055
2019-06-30,35.00176513552462
2019-07-01,52.731890887450476
2019-07-02,51.190022466533264
2019-07-03,55.29509026443653
2019-07-04,29.29384632249292
2019-07-05,28.94916885462563
2019-07-06,29.037412282631436
2019-07-07,29.55857660289691
2019-07-08,49.6832985432109
2019-07-09,46.02221978318792
2019-07-10,31.357751519789506
2019-07-11,32.0360371445047
2019-07-12,50.630227075298805
2019-07-13,57.54909146669917
2019-07-14,34.30657597176937
2019-07-15,50.79236998450991
2019-07-16,54.6631767738045
2019-07-17,55.02659453986345
2019-07-18,55.47149097901078
2019-07-19,65.41017947152088
2019-07-20,31.55136049616156
2019-07-21,29.83682873793587
2019-07-22,47.708110839492456
2019-07-23,51.974691647248356
2019-07-24,51.447267393747566
2019-07-25,30.382220363189898
2019-07-26,50.516929859255825
2019-07-27,57.341235629609805
2019-07-28,38.564958685915514
2019-07-29,63.400303915842564
2019-07-30,66.94293766049681
2019-07-31,61.38146717234333
2019-08-01,43.668740643651766
2019-08-02,42.74015888455089
2019-08-03,62.997163400394676
2019-08-04,38.214988084055236
2019-08-05,65.15615105436564
2019-08-06,55.01310552680385
2019-08-07,54.485406359395604
2019-08-08,55.78849221822917
2019-08-09,56.685180693415056
2019-08-10,71.65595392025372
2019-08-11,40.773492866863506
2019-08-12,64.13343318122826
2019-08-13,69.38284787634859
2019-08-14,60.88932122564616
2019-08-15,66.17879128518703
2019-08-16,45.53671273562786
2019-08-17,44.77193452708858
2019-08-18,43.43468226024249
2019-08-19,66.0619874956483
2019-08-20,54.62253676932748
2019-08-21,39.181561333145716
2019-08-22,37.68339964675709
2019-08-23,55.27435255299109
2019-08-24,34.566394206715934
2019-08-25,53.532753825424585
2019-08-26,48.24601844484823
2019-08-27,48.36513240393363
2019-08-28,30.867170870389003
2019-08-29,31.099094903944057
2019-08-30,46.55546856586248
2019-08-31,59.22423890247463
2019-09-01,68.29283209904582
2019-09-02,35.880309220875695
2019-09-03,50.65878808515248
2019-09-04,55.47724353555201
2019-09-05,37.94392486122804
2019-09-06,50.44900805661311
2019-09-07,37.766121973088104
2019-09-08,37.21115653211098
2019-09-09,54.99622821301157
2019-09-10,35.42877768331651
2019-09-11,34.20136428199485
2019-09-12,50.42328208186026
2019-09-13,31.074089505192244
2019-09-14,29.174228134245936
2019-09-15,45.87484421198574
2019-09-16,38.95963653787027
2019-09-17,43.87713789143505
2019-09-18,25.246529975597454
2019-09-19,40.760553826462505
2019-09-20,46.79024601732564
2019-09-21,30.295359423740745
2019-09-22,33.50108410627361
2019-09-23,54.75557701280343
2019-09-24,37.24117660060173
2019-09-25,50.37043858209061
2019-09-26,53.46779282700493
2019-09-27,51.23939602722512
2019-09-28,34.03593410340842
2019-09-29,47.46311255483331
2019-09-30,43.063826041693865
2019-10-01,40.40756067024032
2019-10-02,26.492259908513656
2019-10-03,40.660039409894225
2019-10-04,27.28344992772678
2019-10-05,44.820927055592335
2019-10-06,31.115782571105306
2019-10-07,47.97827354083588
2019-10-08,48.185360029250674
2019-10-09,59.16661718950583
2019-10-10,59.341959599828634
2019-10-11,51.55539562027334
2019-10-12,38.38007567284466
2019-10-13,59.225829897208165
2019-10-14,61.250424184668134
2019-10-15,50.0064462882805
2019-10-16,36.86992964367782
2019-10-17,48.317237805681586
2019-10-18,46.225115838053526
2019-10-19,53.955060999002065
2019-10-20,29.998094108291205
2019-10-21,28.53404403583018
2019-10-22,27.82656117014399
2019-10-23,27.875645511022377
2019-10-24,28.68129705533097
2019-10-25,30.24351580879781
2019-10-26,32.56230176209538
2019-10-27,55.03785481516804
2019-10-28,38.0492578054665
2019-10-29,52.05343215282314
2019-10-30,54.89811107864639
2019-10-31,58.39947217767441
2019-11-01,56.39549733872196
2019-11-02,56.74680769018841
2019-11-03,38.597341922539634
2019-11-04,48.44420120434196
2019-11-05,51.945724135427206
2019-11-06,47.47676308635118
2019-11-07,50.913760332086596
2019-11-08,34.53544756594121
2019-11-09,48.28386171263164
2019-11-10,34.65377877799888
2019-11-11,60.073925864282195
2019-11-12,47.282075839847415
2019-11-13,47.064092286206346
2019-11-14,54.00281642279678
2019-11-15,54.28449335495915
2019-11-16,71.06747687433325
2019-11-17,54.44619170312684
2019-11-18,53.59941376758333
2019-11-19,60.12012933536109
2019-11-20,64.3355847024041
2019-11-21,73.6058234793011
2019-11-22,68.77285528404205
2019-11-23,79.30810741547972
2019-11-24,76.08393380023924
2019-11-25,71.87519060173231
2019-11-26,71.26302315381396
2019-11-27,51.19064938900461
2019-11-28,72.05938973390684
2019-11-29,75.53321554839425
2019-11-30,66.75842767215858
2019-12-01,69.5366675059294
2019-12-02,71.28033616745455
2019-12-03,78.28688073800211
2019-12-04,80.53455747171033
2019-12-05,65.02999849874669
2019-12-06,77.43620618505686
2019-12-07,77.09323683588481
2019-12-08,76.0646863477298
2019-12-09,70.9819661650214
2019-12-10,81.56561777571433
2019-12-11,85.469861204429
2019-12-12,82.2884095410435
2019-12-13,62.67666389469547
2019-12-14,84.73365219294203
2019-12-15,104.17410139871618
2019-12-16,81.32944966768837
2019-12-17,83.64332384442109
2019-12-18,88.76994394864565
2019-12-19,88.48981328687653
2019-12-20,89.08475253006787
2019-12-21,90.89854290374181
2019-12-22,81.96134702574032
2019-12-23,99.63325478501066
2019-12-24,84.90890591062829
2019-12-25,61.74360159318978
2019-12-26,59.38999925705041
2019-12-27,77.88195614520997
2019-12-28,77.53878417614253
2019-12-29,48.609597543264066
2019-12-30,63.946521616644716
2019-12-31,41.852030513596354
2020-01-01,53.73104842839822
2020-01-02,54.24839172872256
2020-01-03,35.989324319167125
2020-01-04,35.21495280599192
2020-01-05,53.21966561222192
2020-01-06,46.388081255209094
2020-01-07,49.410851171531384
2020-01-08,55.92802260414915
2020-01-09,51.3549372856841
2020-01-10,45.447689830248706
2020-01-11,31.502546250449264
2020-01-12,44.3586089604787
2020-01-13,38.783685553987446
2020-01-14,39.696706426306605
2020-01-15,42.594658346075086
2020-01-16,42.06038252794185
2020-01-17,40.39617145214907
2020-01-18,44.76673848715233
2020-01-19,42.47822215156984
2020-01-20,40.538544764441944
2020-01-21,37.635087090691194
2020-01-22,27.392269944118397
2020-01-23,40.138369302026106
2020-01-24,42.41722087090116
2020-01-25,47.128434008669515
2020-01-26,44.28412219850615
2020-01-27,50.13520473013189
2020-01-28,53.13636193748828
2020-01-29,43.028849388034665
2020-01-30,32.77999091046451
2020-01-31,47.274859657946976
2020-02-01,51.23420907185319
2020-02-02,53.51191769826835
2020-02-03,51.50083912078471
2020-02-04,51.084320311561946
2020-02-05,59.356755746915276
2020-02-06,57.00389084932057
2020-02-07,36.181262996989474
2020-02-08,54.57640441184463
2020-02-09,56.66604198017457
2020-02-10,49.224744982672206
2020-02-11,47.183557313379836
2020-02-12,49.62833342356118
2020-02-13,51.81905937650812
2020-02-14,35.94682568740353
2020-02-15,51.81563590078463
2020-02-16,55.37721767152014
2020-02-17,37.50556540165153
2020-02-18,57.792030102196875
2020-02-19,54.32994626491125
2020-02-20,50.277667682646204
2020-02-21,35.47802164151027
2020-02-22,54.53662278177138
2020-02-23,32.42321757144484
2020-02-24,30.93223506721538
2020-02-25,46.06852066544699
2020-02-26,41.60482500995936
2020-02-27,41.51207571076934
2020-02-28,41.422688506575795
2020-02-29,40.9642337214263
2020-03-01,42.74371902653488
2020-03-02,40.18768092757558
2020-03-03,42.04170557171231
2020-03-04,40.198285607251876
2020-03-05,46.189718676101435
2020-03-06,46.7726141939593
2020-03-07,57.615062179828776
2020-03-08,53.35538368419246
2020-03-09,47.864795029513246
2020-03-10,34.81199189796459
2020-03-11,47.14007112989407
2020-03-12,33.96159741475125
2020-03-13,32.55339462475035
2020-03-14,46.6736166631625
2020-03-15,42.566592868185985
2020-03-16,25.410480820322316
2020-03-17,23.408363426535672
2020-03-18,37.67232088187639
2020-03-19,20.479267832875795
2020-03-20,19.552289632575835
2020-03-21,18.98369116512923
2020-03-22,18.773472427784778
2020-03-23,18.75215566237052
2020-03-24,36.39007794769245
2020-03-25,19.2762280595757
2020-03-26,19.821617220594725
2020-03-27,20.555908357719357
2020-03-28,37.93372127096889
2020-03-29,22.59119655618442
2020-03-30,23.477366097853693
2020-03-31,41.37094647978005
2020-04-01,45.12327469576444
2020-04-02,24.776342832739182
2020-04-03,37.75203398521261
2020-04-04,46.02866494688252
2020-04-05,24.0101604748582
2020-04-06,23.769015529673613
2020-04-07,23.772023945660504
2020-04-08,40.47380553327487
2020-04-09,24.51050087970187
2020-04-10,45.79731552966307
2020-04-11,42.71406832329684
2020-04-12,27.449366529349184
2020-04-13,28.324861085690664
2020-04-14,28.852074953274663
2020-04-15,49.58235425721194
2020-04-16,28.861660608616422
2020-04-17,48.53336648089399
2020-04-18,45.63602303558128
2020-04-19,46.42201514687719
2020-04-20,25.259687608704844
2020-04-21,49.07959981446206
2020-04-22,43.45051097586522
2020-04-23,39.52108409284775
2020-04-24,23.342135298679562
2020-04-25,39.13122315857519
2020-04-26,39.386636594289534
2020-04-27,23.756291707328224
2020-04-28,36.59317603192773
2020-04-29,38.487459420817544
2020-04-30,23.24326652177134
2020-05-01,22.787976908023392
2020-05-02,22.187231605123223
2020-05-03,37.34872572982714
2020-05-04,37.23420660574591
2020-05-05,49.22637010996535
2020-05-06,20.742314414166216
2020-05-07,41.43862175950006
2020-05-08,21.559742575872026
2020-05-09,22.35342834880779
2020-05-10,43.00710526089254
2020-05-11,37.402864613761366
2020-05-12,39.93966467608335
2020-05-13,44.01534318408451
2020-05-14,48.88504080012283
2020-05-15,47.337164909769996
2020-05-16,30.027116595258295
2020-05-17,57.65572266433805
2020-05-18,50.88378732881199
2020-05-19,49.49617479917326
2020-05-20,53.714259351677214
2020-05-21,54.65442146454494
2020-05-22,34.76037875581585
2020-05-23,35.033251758107795
2020-05-24,65.46092698594346
2020-05-25,49.33025274474572
2020-05-26,57.70758081641896
2020-05-27,61.712683444172974
2020-05-28,62.63213583686901
2020-05-29,34.19271790029033
2020-05-30,56.669951341704035
2020-05-31,33.06283671013328
2020-06-01,52.4528520471695
2020-06-02,45.853077210545074
2020-06-03,47.26660117073361
2020-06-04,64.56913939254174
2020-06-05,65.50515748770098
2020-06-06,60.09900360363397
2020-06-07,58.22397050995174
2020-06-08,58.49489934905389
2020-06-09,49.975900827881944
2020-06-10,49.866454087702444
2020-06-11,47.16295534358619
2020-06-12,47.350277868089236
2020-06-13,70.64119537047074
2020-06-14,32.79888877523292
2020-06-15,33.371378588791124
2020-06-16,54.84144847373035
2020-06-17,51.611206141240345
2020-06-18,47.58907352506372
2020-06-19,31.805304098033996
2020-06-20,30.44977703951394
2020-06-21,28.708646604928802
2020-06-22,27.31465397857891
2020-06-23,42.92556240697747
2020-06-24,51.87515946903536
2020-06-25,25.215502911831955
2020-06-26,49.24870359340494
2020-06-27,47.99910958796524
2020-06-28,48.34937135648353
2020-06-29,51.359830177797726
2020-06-30,51.714898997523775
2020-07-01,60.98854590612795
2020-07-02,54.533076746447705
2020-07-03,29.96806693970434
2020-07-04,30.766215714436953
2020-07-05,31.58147052983526
2020-07-06,52.04178224376169
2020-07-07,49.791740629053066
2020-07-08,56.69101077035299
2020-07-09,51.34181548439126
2020-07-10,32.22057885539298
2020-07-11,56.44446879618723
2020-07-12,50.78027002363157
2020-07-13,56.35161237018715
2020-07-14,44.61684049732133
2020-07-15,54.579497646891774
2020-07-16,46.42346676055474
2020-07-17,53.50334040401778
2020-07-18,25.322343751283455
2020-07-19,24.26114370782889
2020-07-20,45.04189000946586
2020-07-21,46.46031868192062
2020-07-22,44.26004742139161
2020-07-23,23.44231785977031
2020-07-24,40.447153056480076
2020-07-25,46.62169569742807
2020-07-26,46.46895902065036
2020-07-27,55.06362327811256
2020-07-28,48.13004566836215
2020-07-29,30.71295531623506
2020-07-30,54.44464685770152
2020-07-31,33.80172602383642
2020-08-01,35.41524583383093
2020-08-02,37.06866627917822
2020-08-03,64.260855603773
2020-08-04,55.87949129207489
2020-08-05,62.91358038687022
2020-08-06,59.93633385075559
2020-08-07,55.81834918948239
2020-08-08,36.54272805458786
2020-08-09,57.66920520867141
2020-08-10,51.75145189044918
2020-08-11,50.64913319347651
2020-08-12,53.82053323823905
2020-08-13,51.954910364519314
2020-08-14,51.248139931057544
2020-08-15,34.568457291716534
2020-08-16,66.03887512751764
2020-08-17,62.388532793674415
2020-08-18,38.80631011048951
2020-08-19,57.22491661656478
2020-08-20,61.59759414110699
2020-08-21,56.190355228746675
2020-08-22,39.31033775075314
2020-08-23,61.370975636705055
2020-08-24,55.36715910660585
2020-08-25,50.41611661722391
2020-08-26,50.98700416815313
2020-08-27,56.876678301706065
2020-08-28,59.58697117879254
2020-08-29,57.66202137455413
2020-08-30,49.484494468873095
2020-08-31,50.27457576942682
2020-09-01,55.643845783155214
2020-09-02,57.480071450319116
2020-09-03,55.65824141638432
2020-09-04,46.97754407943444
2020-09-05,50.832970518639634
2020-09-06,29.21325513962939
2020-09-07,51.40511461656574
2020-09-08,29.51514769730874
2020-09-09,49.84546524485371
2020-09-10,48.77830880255901
2020-09-11,30.478119177534975
2020-09-12,30.935145043765925
2020-09-13,31.46018859647605
2020-09-14,47.75609969794115
2020-09-15,50.50771524907794
2020-09-16,51.02856301348606
2020-09-17,53.94406318233216
2020-09-18,56.12893184714039
2020-09-19,46.70197217839205
2020-09-20,53.54852988927766
2020-09-21,54.824820940279295
2020-09-22,46.46797624509787
2020-09-23,47.77662396422589
2020-09-24,44.15829263213471
2020-09-25,31.414684189692117
2020-09-26,62.769383671414495
2020-09-27,32.520080336525865
2020-09-28,47.79929105327347
2020-09-29,49.24224789090641
2020-09-30,53.14730645567298
2020-10-01,52.80031514419944
2020-10-02,62.80837249398133
2020-10-03,54.4188665094394
2020-10-04,39.38286469934493
2020-10-05,57.16766892922043
2020-10-06,60.40699709492653
2020-10-07,55.669154217770256
2020-10-08,59.51033182409922
2020-10-09,36.00799574267287
2020-10-10,33.4425736198896
2020-10-11,54.082500696303185
2020-10-12,44.142235176409
2020-10-13,40.79702920385027
2020-10-14,39.572517975939526
2020-10-15,25.85799920306176
2020-10-16,39.4227106763161
2020-10-17,44.38839307057619
2020-10-18,31.379194652001967
2020-10-19,46.530677458764366
2020-10-20,34.94722956366334
2020-10-21,52.01929950730764
2020-10-22,36.1267061522572
2020-10-23,51.86906797304159
2020-10-24,50.22109799076251
2020-10-25,33.41737420240375
2020-10-26,47.28156889981868
2020-10-27,52.84399609819395
2020-10-28,43.57020801305806
2020-10-29,40.29803513698303
2020-10-30,46.06681607260946
2020-10-31,41.90086866255591
2020-11-01,42.582785812704586
2020-11-02,40.233393100283024
2020-11-03,39.814078737934
2020-11-04,38.20216321123069
2020-11-05,44.4687830824396
2020-11-06,47.88119251122915
2020-11-07,48.77796392599919
2020-11-08,57.011554858754415
2020-11-09,55.946161228463026
2020-11-10,40.94334083239509
2020-11-11,63.16138691868702
2020-11-12,56.03696094878373
2020-11-13,52.32303833639124
2020-11-14,56.37418132524448
2020-11-15,49.402224796884205
2020-11-16,50.68751436459633
2020-11-17,46.94759339725074
2020-11-18,47.792709922295224
2020-11-19,51.91805791720899
2020-11-20,58.136029486271
2020-11-21,39.83483211533336
2020-11-22,43.940603752028245
2020-11-23,67.58515882500151
2020-11-24,68.9886602169757
2020-11-25,66.63716228075745
2020-11-26,76.91757032681524
2020-11-27,89.70656888763193
2020-11-28,76.9391084240103
2020-11-29,67.97723128588147
2020-11-30,73.47198917010813
2020-12-01,70.6088094968765
2020-12-02,84.31308263537873
2020-12-03,68.22643053897525
2020-12-04,83.62004432015526
2020-12-05,72.73346846454945
2020-12-06,73.21595650930607
2020-12-07,78.93049489298829
2020-12-08,80.53248471204026
2020-12-09,84.11622960383272
2020-12-10,81.55599139019628
2020-12-11,77.6933557353438
2020-12-12,97.88739719195803
2020-12-13,90.25579839410776
2020-12-14,87.4032401107972
2020-12-15,88.84530333119228
2020-12-16,101.64512969908853
2020-12-17,84.73648860387331
2020-12-18,95.12455861127104
2020-12-19,93.18073970556077
2020-12-20,81.34275334143473
2020-12-21,89.45793525600452
2020-12-22,87.05476729601303
2020-12-23,102.57333307449129
2020-12-24,60.444267574877514
2020-12-25,83.36621721233256
2020-12-26,78.29947990824918
2020-12-27,74.90299998753969
2020-12-28,70.947573237803
2020-12-29,71.87119366110113
2020-12-30,64.20388759719087
2020-12-31,46.28925456723547
2021-01-01,62.91261304753094
2021-01-02,71.86353823977304
2021-01-03,59.38557212299745
2021-01-04,60.327810450614386
2021-01-05,61.85835835521148
2021-01-06,58.93248672172465
2021-01-07,39.22615932241037
2021-01-08,52.814237648435665
2021-01-09,57.71374113692356
2021-01-10,52.164093184315206
2021-01-11,32.16053417107895
2021-01-12,45.65794134250966
2021-01-13,44.12325993028914
2021-01-14,51.33990050836116
2021-01-15,47.431057395230965
2021-01-16,62.74323738685098
2021-01-17,64.96881803293064
2021-01-18,55.71483071300152
2021-01-19,44.122730870827965
2021-01-20,44.41256031741198
2021-01-21,43.68470969625525
2021-01-22,55.752933908014725
2021-01-23,53.870011459060734
2021-01-24,50.901694461256845
2021-01-25,47.066598751291615
2021-01-26,44.531587852254226
2021-01-27,44.729083544696266
2021-01-28,40.06464592754993
2021-01-29,46.32095875948846
2021-01-30,30.057484173019144
2021-01-31,51.873477239275275
2021-02-01,33.657753745482594
2021-02-02,52.45486293854345
2021-02-03,46.77223943745291
2021-02-04,36.01008312378701
2021-02-05,55.00749641840181
2021-02-06,50.811752225320255
2021-02-07,34.69731225983853
2021-02-08,55.76074589429428
2021-02-09,49.91029328980547
2021-02-10,53.000774132805276
2021-02-11,47.61654382288595
2021-02-12,31.528233160485136
2021-02-13,46.66933905644127
2021-02-14,48.31704871406439
2021-02-15,44.104754938802905
2021-02-16,30.282117038702573
2021-02-17,44.485366532529426
2021-02-18,30.123424966957565
2021-02-19,44.04260231694612
2021-02-20,51.945512040600875
2021-02-21,30.470656886789126
2021-02-22,30.692107067375485
2021-02-23,49.25799558845645
2021-02-24,31.218018048555216
2021-02-25,48.34952831517211
2021-02-26,52.91902342236149
2021-02-27,32.21441105728064
2021-02-28,59.885611036184294
2021-03-01,49.22219802520959
2021-03-02,59.45358433273938
2021-03-03,49.161944889137644
2021-03-04,51.72791629740957
2021-03-05,62.56774881174386
2021-03-06,60.82538112591694
2021-03-07,37.52864400449738
2021-03-08,61.997953677057694
2021-03-09,55.3459353713722
2021-03-10,38.49636488764421
2021-03-11,59.966670569743286
2021-03-12,56.985525023436296
2021-03-13,57.78986841085151
2021-03-14,35.429335779597814
2021-03-15,50.8884142893326
2021-03-16,48.539654687945934
2021-03-17,51.06740938316971
2021-03-18,62.94083436912506
2021-03-19,49.01611204185872
2021-03-20,56.69338174840409
2021-03-21,56.48298537436169
2021-03-22,49.31414988372783
2021-03-23,50.96435024370183
2021-03-24,33.06121731830162
2021-03-25,50.41962654891136
2021-03-26,52.2537143428091
2021-03-27,46.4860754247668
2021-03-28,44.12291796456987
2021-03-29,21.202926339328272
2021-03-30,19.98775225562389
2021-03-31,19.788016210365292
2021-04-01,38.412627705152
2021-04-02,40.64960590414098
2021-04-03,25.28009008818092
2021-04-04,51.65582617137843
2021-04-05,32.30212489371655
2021-04-06,34.764184830820035
2021-04-07,55.62242450686986
2021-04-08,51.742717109195276
2021-04-09,63.27975211776778
2021-04-10,58.577007894768734
2021-04-11,60.352694083882895
2021-04-12,57.555509870147134
2021-04-13,56.77719990714213
2021-04-14,51.31403020047814
2021-04-15,57.96961058294257
2021-04-16,48.2986486532818
2021-04-17,61.13540141995721
2021-04-18,32.92982492468412
2021-04-19,33.009661255705645
2021-04-20,61.54419662003459
2021-04-21,55.457388443139074
2021-04-22,34.55572353711564
2021-04-23,35.50659540066044
2021-04-24,36.67522614576624
2021-04-25,38.061615775532125
2021-04-26,39.15641669543338
2021-04-27,60.18021582805146
2021-04-28,58.69165763339514
2021-04-29,54.942581867459324
2021-04-30,62.796227082594505
2021-05-01,64.05823210466419
2021-05-02,66.4097017458574
2021-05-03,56.24946401538107
2021-05-04,58.46259207586427
2021-05-05,59.94633311510994
2021-05-06,70.38385846082858
2021-05-07,62.72323144516406
2021-05-08,57.718941649849
2021-05-09,37.29122163859556
2021-05-10,53.79342917154087
2021-05-11,60.16399731896349
2021-05-12,55.207504992834835
2021-05-13,61.866140509289565
2021-05-14,50.48095954113159
2021-05-15,60.03467008822859
2021-05-16,60.133886104626185
2021-05-17,51.012259343383484
2021-05-18,57.99500712053407
2021-05-19,46.039883553048156
2021-05-20,54.65829051294057
2021-05-21,49.078840072682624
2021-05-22,56.522755106719586
2021-05-23,33.077192234496074
2021-05-24,34.73886767780258
2021-05-25,62.2187835374704
2021-05-26,67.27036939416118
2021-05-27,57.355240591201806
2021-05-28,36.497200177060606
2021-05-29,55.41960605075411
2021-05-30,55.97655101296767
2021-05-31,55.95493601806575
2021-06-01,32.19640726633918
2021-06-02,58.246073738254594
2021-06-03,51.763121936676384
2021-06-04,50.59994885459513
2021-06-05,60.71542914978477
2021-06-06,62.066075328590784
2021-06-07,50.72738461006746
2021-06-08,45.25312582091425
2021-06-09,46.4897300212528
2021-06-10,45.60045694442837
2021-06-11,30.36284209378543
2021-06-12,31.68854776739759
2021-06-13,33.3260976194715
2021-06-14,34.658881208998146
2021-06-15,62.90812141546922
2021-06-16,36.41014959693727
2021-06-17,36.82863439229705
2021-06-18,68.09101592737197
2021-06-19,36.75130520047557
2021-06-20,58.16112703465306
2021-06-21,57.217461304824816
2021-06-22,59.7195267096449
2021-06-23,51.68428214257363
2021-06-24,55.25436412895601
2021-06-25,54.44915425762043
2021-06-26,66.80149528078364
2021-06-27,48.60168727181325
2021-06-28,49.75119122797362
2021-06-29,47.03956528680947
2021-06-30,51.42874277694974
2021-07-01,51.17807378885604
2021-07-02,50.451205736181095
2021-07-03,32.08251672018614
2021-07-04,34.127547192561174
2021-07-05,62.890795065710435
2021-07-06,36.70859169657389
2021-07-07,53.15750964996721
2021-07-08,60.57139704359236
2021-07-09,36.807617359458746
2021-07-10,35.8346149550686
2021-07-11,68.98675282662859
2021-07-12,54.06446563403437
2021-07-13,50.877874266229384
2021-07-14,47.94937354708324
2021-07-15,49.85229560125499
2021-07-16,62.917944757929675
2021-07-17,64.02182446699638
2021-07-18,59.562953536890625
2021-07-19,65.33449720367061
2021-07-20,57.907243727287664
2021-07-21,38.05990969307307
2021-07-22,37.855303637066704
2021-07-23,37.216080825024456
2021-07-24,61.569030289507864
2021-07-25,57.04727938959687
2021-07-26,58.33532699284121
2021-07-27,51.52305528198145
2021-07-28,58.72445234343153
2021-07-29,58.890731026288314
2021-07-30,57.30882994668183
2021-07-31,58.68490579877405
2021-08-01,60.411950918620555
2021-08-02,65.21602563728317
2021-08-03,69.37283328750253
2021-08-04,63.5716322184703
2021-08-05,57.69873720386355
2021-08-06,59.10116984454446
2021-08-07,61.31219683760334
2021-08-08,72.18669842878897
2021-08-09,52.53320088010694
2021-08-10,57.14574439930594
2021-08-11,59.67297679214077
2021-08-12,32.06807933823737
2021-08-13,59.791940650381875
2021-08-14,58.68066493810218
2021-08-15,65.30007399234023
2021-08-16,68.69992437044407
2021-08-17,59.535617167136074
2021-08-18,57.91835437201615
2021-08-19,69.12986579029118
2021-08-20,65.74578509313984
2021-08-21,35.57750501465602
2021-08-22,53.991247116045535
2021-08-23,31.78625759696547
2021-08-24,54.68907419858043
2021-08-25,50.38062716338274
2021-08-26,29.221232670800198
2021-08-27,46.093480631214355
2021-08-28,55.62866624124863
2021-08-29,30.402423169318496
2021-08-30,57.97639022248246
2021-08-31,31.7679683626735
2021-09-01,55.41417653890173
2021-09-02,59.653803650241116
2021-09-03,55.0841665651933
2021-09-04,33.545669862984475
2021-09-05,59.26550236630403
2021-09-06,52.74578749455742
2021-09-07,55.86793409379551
2021-09-08,54.64890105458298
2021-09-09,36.45993696332381
2021-09-10,37.528291180045755
2021-09-11,56.72886149585008
2021-09-12,40.15050041571801
2021-09-13,40.98119023334161
2021-09-14,41.250548455707566
2021-09-15,40.95857508201757
2021-09-16,61.5030473008378
2021-09-17,38.69063354384549
2021-09-18,57.706155660789136
2021-09-19,51.10598681174557
2021-09-20,32.07678526447576
2021-09-21,30.41292432090205
2021-09-22,43.40582458786468
2021-09-23,28.395360655349066
2021-09-24,28.04165793221402
2021-09-25,54.34580665036891
2021-09-26,48.958756150722856
2021-09-27,47.953582963127495
2021-09-28,52.01784955071781
2021-09-29,47.60345015269615
2021-09-30,52.57919553622937
2021-10-01,51.68588700342664
2021-10-02,58.734423833127735
2021-10-03,38.5809884321774
2021-10-04,57.10421988228152
2021-10-05,67.78426713765109
2021-10-06,41.673187956629505
2021-10-07,41.64388146135484
2021-10-08,41.0845551284778
2021-10-09,59.9032674847735
2021-10-10,38.375842953165
2021-10-11,56.043732464559824
2021-10-12,53.495288833035076
2021-10-13,52.13870686934149
2021-10-14,33.81608703142299
2021-10-15,33.155575074427546
2021-10-16,50.56345790809769
2021-10-17,32.409863592776794
2021-10-18,32.280781269694025
2021-10-19,47.19677360993376
2021-10-20,32.46628065803882
2021-10-21,32.78086236436534
2021-10-22,51.18767055754611
2021-10-23,54.77746562331098
2021-10-24,55.395073594421696
2021-10-25,56.48658232518098
2021-10-26,59.880282904748526
2021-10-27,51.324880697869105
2021-10-28,53.79381686164358
2021-10-29,36.370220282382036
2021-10-30,36.31528842255919
2021-10-31,54.40773784987355
2021-11-01,56.87736824689259
2021-11-02,36.10357778678722
2021-11-03,49.57596405056781
2021-11-04,53.61868435231138
2021-11-05,36.95727698084928
2021-11-06,63.27721487006919
2021-11-07,38.1167917496996
2021-11-08,38.629766058815896
2021-11-09,52.29937572769641
2021-11-10,62.12407626754236
2021-11-11,52.696217987652204
2021-11-12,58.51893528675893
2021-11-13,56.37136869188037
2021-11-14,63.84886663535535
2021-11-15,57.08740188003517
2021-11-16,58.43275440423543
2021-11-17,56.915177669775105
2021-11-18,69.59872184960153
2021-11-19,68.44959024261887
2021-11-20,80.68900572650995
2021-11-21,48.21794036016275
2021-11-22,62.3629671728813
2021-11-23,73.96337022699656
2021-11-24,76.92484587300297
2021-11-25,84.65486210913802
2021-11-26,93.49683675764169
2021-11-27,80.69870292717489
2021-11-28,70.23138823073762
2021-11-29,73.60941897978897
2021-11-30,75.8001795465711
2021-12-01,78.02253066142507
2021-12-02,79.05953749201846
2021-12-03,68.34774041516951
2021-12-04,88.54726483954464
2021-12-05,86.0282388214178
2021-12-06,75.14522511290328
2021-12-07,82.30687277511694
2021-12-08,93.04311729388375
2021-12-09,79.35141481091634
2021-12-10,98.08067970065481
2021-12-11,100.6014942731534
2021-12-12,89.89329586742869
2021-12-13,85.07784953869646
2021-12-14,82.54545236865121
2021-12-15,90.42184253618936
2021-12-16,98.54984731619143
2021-12-17,96.63686502611313
2021-12-18,98.66593677277112
2021-12-19,93.93817395992028
2021-12-20,90.6884416245098
2021-12-21,92.53946470407767
2021-12-22,83.20590960677364
2021-12-23,86.96602352801109
2021-12-24,57.427571186966055
2021-12-25,87.33856150720898
2021-12-26,78.06503419216412
2021-12-27,95.08198438553852
2021-12-28,84.04072484445375
2021-12-29,76.65507407157818
2021-12-30,68.89602022222145
2021-12-31,48.27024085300411
2022-01-01,43.725678213711575
2022-01-02,54.82555531678306
2022-01-03,34.19759549646739
2022-01-04,47.42327725190073
2022-01-05,56.04077323377177
2022-01-06,29.27385010616644
2022-01-07,50.16390583669757
2022-01-08,52.645042915596775
2022-01-09,35.59215913151432
2022-01-10,51.048172469179846
2022-01-11,39.78895278193085
2022-01-12,58.202435069162966
2022-01-13,40.634217524854755
2022-01-14,56.96564845017553
2022-01-15,55.259718014520956
2022-01-16,71.87910453958241
2022-01-17,48.34337111843583
2022-01-18,48.91356380076765
2022-01-19,56.79649036297558
2022-01-20,45.71893070665201
2022-01-21,33.21893639516535
2022-01-22,34.76926719282042
2022-01-23,58.779541243900795
2022-01-24,56.07383265373167
2022-01-25,53.81085863631545
2022-01-26,64.83553607213156
2022-01-27,40.018401850000245
2022-01-28,56.46802331060797
2022-01-29,60.17428563080262
2022-01-30,54.15048338400409
2022-01-31,52.70141568224662
2022-02-01,55.18379491909584
2022-02-02,50.786043401938315
2022-02-03,52.47548497185513
2022-02-04,49.51937378376578
2022-02-05,34.672259971513085
2022-02-06,54.883721115521915
2022-02-07,37.02480002314651
2022-02-08,55.41474813741477
2022-02-09,56.267429321154935
2022-02-10,37.23888063966396
2022-02-11,60.90509924033866
2022-02-12,67.97944929587717
2022-02-13,58.96978943770626
2022-02-14,54.49562895457111
2022-02-15,43.113219923871824
2022-02-16,42.39447114162311
2022-02-17,45.77107758286253
2022-02-18,30.558686852152512
2022-02-19,56.95547591131005
2022-02-20,50.74636944444699
2022-02-21,54.577476237247055
2022-02-22,49.53561980621895
2022-02-23,58.77394513673106
2022-02-24,33.38175899136389
2022-02-25,51.61617055279999
2022-02-26,55.2661625440279
2022-02-27,48.35553799639482
2022-02-28,45.463169164499725
2022-03-01,47.09691468497419
2022-03-02,30.512476143850314
2022-03-03,48.120864767839954
2022-03-04,48.5606438442217
2022-03-05,53.39887678174406
2022-03-06,29.28617982224542
2022-03-07,46.30762400046613
2022-03-08,52.518386270928325
2022-03-09,49.92646155855795
2022-03-10,48.06136138686035
2022-03-11,50.81927304033396
2022-03-12,46.87104232849837
2022-03-13,46.238413003230576
2022-03-14,50.19642873253767
2022-03-15,55.35936527742421
2022-03-16,51.23147750130418
2022-03-17,48.34236778622094
2022-03-18,29.864986658787593
2022-03-19,44.553763167944844
2022-03-20,42.23226408858694
2022-03-21,47.59506947298547
2022-03-22,49.19843138944144
2022-03-23,41.02878270859424
2022-03-24,41.986277905053484
2022-03-25,48.78676445451691
2022-03-26,50.04639570573463
2022-03-27,46.632437950681165
2022-03-28,47.85466322770517
2022-03-29,61.63566626532726
2022-03-30,60.1109365749638
2022-03-31,52.52350132071008
2022-04-01,54.00754785843499
2022-04-02,53.228299398436825
2022-04-03,56.68634647561097
2022-04-04,59.55311069224851
2022-04-05,52.24699245073105
2022-04-06,57.2153434553075
2022-04-07,46.2759160262467
2022-04-08,43.74602339720277
2022-04-09,51.04766975856929
2022-04-10,47.27270573227223
2022-04-11,46.463669745814556
2022-04-12,46.00053212675267
2022-04-13,44.42743144555771
2022-04-14,48.17724375745824
2022-04-15,55.45553521731209
2022-04-16,42.562236154698866
2022-04-17,44.87816486358332
2022-04-18,50.53022355454683
2022-04-19,50.106098846159725
2022-04-20,49.226092978073304
2022-04-21,44.47062446151762
2022-04-22,51.56247579021177
2022-04-23,54.94033746960283
2022-04-24,53.497338124128426
2022-04-25,58.95135576070404
2022-04-26,60.731117540775294
2022-04-27,61.21444363826234
2022-04-28,48.17886955807352
2022-04-29,51.41876859953223
2022-04-30,56.17238307998112
2022-05-01,71.20873877745966
2022-05-02,62.025577864844685
2022-05-03,59.568419884952164
2022-05-04,60.89168474462741
2022-05-05,64.47179654447397
2022-05-06,57.409145930261666
2022-05-07,60.87492700516174
2022-05-08,52.002479145872584
2022-05-09,49.02083009493779
2022-05-10,52.008111947508525
2022-05-11,58.33908622199245
2022-05-12,52.81185107780039
2022-05-13,50.49287938577685
2022-05-14,31.067825710307563
2022-05-15,31.305655283978922
2022-05-16,54.279696110335735
2022-05-17,49.27179908882794
2022-05-18,32.533440565424264
2022-05-19,51.02461573717257
2022-05-20,48.77930293171497
2022-05-21,56.776878939445304
2022-05-22,35.37051291787759
2022-05-23,66.0634723839845
2022-05-24,57.82144575874364
2022-05-25,55.26046530584577
2022-05-26,36.30821338645066
2022-05-27,67.73117199197323
2022-05-28,60.72179433823974
2022-05-29,34.477136858367864
2022-05-30,33.915119558344536
2022-05-31,59.13731415120054
2022-06-01,58.782283943874276
2022-06-02,33.98022050270544
2022-06-03,34.60284187063051
2022-06-04,59.87143147305851
2022-06-05,66.92272044012613
2022-06-06,54.92284818384586
2022-06-07,63.213930368581984
2022-06-08,68.31727159236642
2022-06-09,37.60490780492047
2022-06-10,74.68781392934422
2022-06-11,35.591973308759336
2022-06-12,33.976148645712264
2022-06-13,60.056362233737524
2022-06-14,56.78316063842521
2022-06-15,45.92675072381745
2022-06-16,48.51248000762161
2022-06-17,46.66372451415457
2022-06-18,27.142302470843315
2022-06-19,26.480178406509125
2022-06-20,44.53779087309013
2022-06-21,48.35902100821647
2022-06-22,48.89798892608622
2022-06-23,42.58666215869859
2022-06-24,48.681998417606266
2022-06-25,64.21758238847985
2022-06-26,58.11506996134522
2022-06-27,58.65308137099245
2022-06-28,55.91144459366977
2022-06-29,50.70273345452705
2022-06-30,32.463488327051195
2022-07-01,61.053313747630035
2022-07-02,54.58829009053445
2022-07-03,24.8507376988092
2022-07-04,46.3451561106879
2022-07-05,42.11403336979114
2022-07-06,43.17581232062348
2022-07-07,42.27983426925187
2022-07-08,45.57249093118737
2022-07-09,53.350684263152026
2022-07-10,57.27511503535743
2022-07-11,59.69508101672121
2022-07-12,38.67108914479902
2022-07-13,65.94663604441342
2022-07-14,56.33689986279845
2022-07-15,57.51287788124486
2022-07-16,34.73703941250704
2022-07-17,52.98143260080756
2022-07-18,46.63600175694788
2022-07-19,26.264206511888
2022-07-20,25.92643270119748
2022-07-21,54.5219262763912
2022-07-22,47.91986133810034
2022-07-23,64.77400372300015
2022-07-24,37.00785659921871
2022-07-25,63.44578927358509
2022-07-26,74.40959690259476
2022-07-27,43.998489066501165
2022-07-28,82.41778973571178
2022-07-29,61.788694409415534
2022-07-30,71.79903817739901
2022-07-31,37.184171206602926
2022-08-01,34.45195639060293
2022-08-02,55.80607402557157
2022-08-03,51.67952125061571
2022-08-04,67.6780035662297
2022-08-05,30.771449133449657
2022-08-06,55.63433793415762
2022-08-07,53.66226663031871
2022-08-08,65.3308490493869
2022-08-09,52.821545440877856
2022-08-10,64.38092621790277
2022-08-11,64.08645719310105
2022-08-12,59.2174454899659
2022-08-13,70.9008103577269
2022-08-14,59.049576798787605
2022-08-15,61.78706075189742
2022-08-16,64.35150452953856
2022-08-17,32.41166434890373
2022-08-18,55.82466151421856
2022-08-19,52.35125425435264
2022-08-20,53.64275540740634
2022-08-21,33.4754285331099
2022-08-22,56.49105694975714
2022-08-23,33.75187370366531
2022-08-24,58.907011246866716
2022-08-25,59.197255679576614
2022-08-26,52.465373749946984
2022-08-27,52.897550010082114
2022-08-28,49.82875311221294
2022-08-29,48.1524081498265
2022-08-30,45.498508159251415
2022-08-31,61.74125442358674
2022-09-01,47.34750132508
2022-09-02,44.74980565262223
2022-09-03,49.68215487699324
2022-09-04,45.723786428344575
2022-09-05,58.02193419329696
2022-09-06,28.618208005557797
2022-09-07,54.302650644344695
2022-09-08,55.724303570120135
2022-09-09,31.38303050043131
2022-09-10,49.777241598304435
2022-09-11,53.393899647660945
2022-09-12,56.00258815849999
2022-09-13,61.056745854142505
2022-09-14,35.5455614082315
2022-09-15,35.84134339133906
2022-09-16,57.271792356714414
2022-09-17,35.84672019003104
2022-09-18,35.55631500331771
2022-09-19,61.76925175183929
2022-09-20,60.19934885965604
2022-09-21,49.09826438351787
2022-09-22,62.687857163967074
2022-09-23,35.05588948312051
2022-09-24,35.14612445912964
2022-09-25,51.85599099123483
2022-09-26,35.10142646059461
2022-09-27,55.102351573874444
2022-09-28,33.648536422101074
2022-09-29,32.394019385727496
2022-09-30,30.7874543473401
2022-10-01,52.39348200154157
2022-10-02,50.027986643509536
2022-10-03,24.932325979999785
2022-10-04,46.50342929920484
2022-10-05,43.39627367143935
2022-10-06,46.957456747683786
2022-10-07,44.685842874391874
2022-10-08,46.48597764912013
2022-10-09,53.68610673995294
2022-10-10,61.73887892528544
2022-10-11,33.401327576272784
2022-10-12,34.18721671867647
2022-10-13,34.36988753337578
2022-10-14,68.51758450200096
2022-10-15,32.92557418372563
2022-10-16,31.29859001868745
2022-10-17,30.140047341299194
2022-10-18,29.44994615029031
2022-10-19,29.228286446915966
2022-10-20,52.320893633629474
2022-10-21,44.84787305921978
2022-10-22,31.373956266279112
2022-10-23,56.08284458417246
2022-10-24,64.02237671555908
2022-10-25,35.081350684089394
2022-10-26,52.0407241307154
2022-10-27,35.47140641299268
2022-10-28,35.0419721109529
2022-10-29,34.19622969915115
2022-10-30,54.26424188354984
2022-10-31,48.99802970923044
2022-11-01,50.79897415210887
2022-11-02,49.00180775426696
2022-11-03,30.50377771642345
2022-11-04,52.208490879991466
2022-11-05,47.766169773616745
2022-11-06,59.86819264804211
2022-11-07,46.21763366581236
2022-11-08,54.83968895633594
2022-11-09,57.90891408216377
2022-11-10,58.76415402424209
2022-11-11,36.61706195039383
2022-11-12,38.122917876838784
2022-11-13,65.31315635129192
2022-11-14,41.09701766526272
2022-11-15,75.17196716789819
2022-11-16,64.00255762948653
2022-11-17,66.83896322996542
2022-11-18,69.60177994458947
2022-11-19,42.413293567619284
2022-11-20,71.7553187709567
2022-11-21,59.6236171493703
2022-11-22,69.18017658344975
2022-11-23,59.54107468459843
2022-11-24,64.25623426038933
2022-11-25,65.65738358349103
2022-11-26,54.5692099682139
2022-11-27,65.7292441148152
2022-11-28,53.90531015557009
2022-11-29,56.30651747933333
2022-11-30,55.15781383012508
2022-12-01,63.223379593771256
2022-12-02,63.203182963339884
2022-12-03,79.81040648556379
2022-12-04,87.99069078815404
2022-12-05,85.02991457099614
2022-12-06,61.02092783304706
2022-12-07,102.40908361281038
2022-12-08,101.93463799734558
2022-12-09,102.25771642101157
2022-12-10,97.28401524226672
2022-12-11,92.70155118498008
2022-12-12,83.59108232200782
2022-12-13,91.48581481476856
2022-12-14,92.41482105252294
2022-12-15,75.40835450104184
2022-12-16,80.28253220779533
2022-12-17,74.53440147820466
2022-12-18,86.72905727939988
2022-12-19,77.5788348718387
2022-12-20,74.46122134441707
2022-12-21,74.96974806836792
2022-12-22,76.26821989940593
2022-12-23,78.68479165361556
2022-12-24,82.25852937029707
2022-12-25,86.98943305473655
2022-12-26,75.87898536971935
2022-12-27,79.06013203637673
2022-12-28,89.62599561172523
2022-12-29,79.0349207590444
2022-12-30,74.20341517587774
2022-12-31,69.81589180912292
2023-01-01,68.71635902368635
2023-01-02,66.94786076344799
2023-01-03,61.67680628578085
2023-01-04,67.89934956775102
2023-01-05,54.76893838613521
2023-01-06,62.10168979209598
2023-01-07,60.798606153199046
2023-01-08,54.518874050037226
2023-01-09,48.84316871745241
2023-01-10,50.50908139044742
2023-01-11,47.83586344440422
2023-01-12,46.646960569725344
2023-01-13,44.572365800675726
2023-01-14,30.405331908211767
2023-01-15,53.10343138151862
2023-01-16,54.10244896373752
2023-01-17,56.998278203874776
2023-01-18,50.42530326851022
2023-01-19,49.301546031179214
2023-01-20,63.940443407716614
2023-01-21,51.025560368863026
2023-01-22,51.12829090251619
2023-01-23,28.18932179078132
2023-01-24,44.90966153093466
2023-01-25,49.99558790293693
2023-01-26,27.094052839865718
2023-01-27,49.709129556372034
2023-01-28,50.60033467891658
2023-01-29,51.36858885052478
2023-01-30,48.05257866603689
2023-01-31,48.20246918511103
2023-02-01,48.39867892758495
2023-02-02,55.255128829796085
2023-02-03,53.48918056627313
2023-02-04,72.29098588018647
2023-02-05,53.68652818128789
2023-02-06,59.71709710993811
2023-02-07,55.80923937773993
2023-02-08,60.33701998729859
2023-02-09,55.49152944212383
2023-02-10,56.10223991012456
2023-02-11,55.80398982119381
2023-02-12,32.04785574546137
2023-02-13,45.6306638191512
2023-02-14,44.58154697703061
2023-02-15,46.13384159484886
2023-02-16,47.36801161852049
2023-02-17,44.49204589903635
2023-02-18,25.601217126081433
2023-02-19,57.51409536686198
2023-02-20,25.68326158862124
2023-02-21,25.92992056818946
2023-02-22,46.2217292374675
2023-02-23,40.64826691160683
2023-02-24,27.492444488534012
2023-02-25,45.69009071052092
2023-02-26,49.601642841510596
2023-02-27,48.32847462218685
2023-02-28,47.22003034660012
2023-03-01,46.81802589702046
2023-03-02,63.59379261952945
2023-03-03,52.06663637775035
2023-03-04,53.935657777955335
2023-03-05,48.480224474385885
2023-03-06,30.444825475955007
2023-03-07,54.41775312692481
2023-03-08,45.94693141406801
2023-03-09,52.364785196246054
2023-03-10,52.47668073732715
2023-03-11,67.61268074296869
2023-03-12,54.16465701933384
2023-03-13,51.60682365255575
2023-03-14,46.26085472352698
2023-03-15,46.18477391619857
2023-03-16,32.58781170815706
2023-03-17,53.648824018902864
2023-03-18,33.7984458301771
2023-03-19,34.487572086971475
2023-03-20,53.719314722222094
2023-03-21,57.29785892271639
2023-03-22,35.878605787273884
2023-03-23,55.58474971116253
2023-03-24,36.24234070329029
2023-03-25,64.99992067947558
2023-03-26,55.21680637325216
2023-03-27,49.98566494835744
2023-03-28,49.91592677367932
2023-03-29,60.39089338911447
2023-03-30,50.431188005607304
2023-03-31,47.528891448432724
2023-04-01,57.5074494066169
2023-04-02,51.04920845143413
2023-04-03,50.94382583512707
2023-04-04,43.41661271162925
2023-04-05,45.58631171870152
2023-04-06,31.005207738481342
2023-04-07,49.2298860143428
2023-04-08,59.293083260149714
2023-04-09,38.341160861773524
2023-04-10,40.529704766224185
2023-04-11,64.63985425322888
2023-04-12,63.508470675081725
2023-04-13,70.48493777620054
2023-04-14,67.65877434184199
2023-04-15,65.55958275231094
2023-04-16,59.515063557353834
2023-04-17,59.52232258771899
2023-04-18,29.567671552464386
2023-04-19,58.38312954763041
2023-04-20,57.68723923856908
2023-04-21,24.64380547872086
2023-04-22,49.039630680483555
2023-04-23,48.02604271687723
2023-04-24,51.39692644443246
2023-04-25,40.192226124034775
2023-04-26,47.185752391195344
2023-04-27,43.97127887589093
2023-04-28,48.22228611390129
2023-04-29,58.99077131290762
2023-04-30,52.20423513174319
2023-05-01,68.84598998338475
2023-05-02,54.72364254581987
2023-05-03,59.73235048666018
2023-05-04,64.1724075393175
2023-05-05,69.25486122558635
2023-05-06,40.57814887220108
2023-05-07,55.67535554760295
2023-05-08,59.229690314941934
2023-05-09,58.757460979128645
2023-05-10,63.63712368539662
2023-05-11,54.16376336346889
2023-05-12,65.75205554712068
2023-05-13,66.20376272956298
2023-05-14,59.64946848454751
2023-05-15,56.82893281175442
2023-05-16,59.164159896724236
2023-05-17,52.94557097344186
2023-05-18,33.59462510756419
2023-05-19,52.81914464482954
2023-05-20,51.33249375085461
2023-05-21,53.85045936747503
2023-05-22,28.892296690556794
2023-05-23,28.259586569961165
2023-05-24,52.08775797493134
2023-05-25,28.260884613635042
2023-05-26,28.89489278114634
2023-05-27,59.23765504492776
2023-05-28,31.429627407468928
2023-05-29,32.66485293130265
2023-05-30,49.80672157288835
2023-05-31,58.71501950273924
2023-06-01,51.349953861798014
2023-06-02,55.38271090412908
2023-06-03,61.53640620846617
2023-06-04,56.84111154429091
2023-06-05,55.05581616113262
2023-06-06,52.0473320809927
2023-06-07,52.48795875775556
2023-06-08,52.619542285505304
2023-06-09,54.981375839224796
2023-06-10,35.3993883583367
2023-06-11,35.82270315918607
2023-06-12,59.56348467577963
2023-06-13,52.68714578359444
2023-06-14,59.54667400678702
2023-06-15,34.367077640835454
2023-06-16,33.215950075944704
2023-06-17,31.749934042671097
2023-06-18,55.6588633012394
2023-06-19,46.397915383556416
2023-06-20,44.0306256515825
2023-06-21,44.73893892655358
2023-06-22,51.908579443514554
2023-06-23,25.554143944375326
2023-06-24,25.569094219670625
2023-06-25,42.60883135458698
2023-06-26,41.745579224452484
2023-06-27,42.68425289692087
2023-06-28,45.86499652306614
2023-06-29,28.23102803528259
2023-06-30,47.00108707074092
2023-07-01,53.84265791735788
2023-07-02,54.53097254013654
2023-07-03,53.69565907157131
2023-07-04,48.760962689626
2023-07-05,61.6507500406463
2023-07-06,50.99147092074256
2023-07-07,35.84475280530825
2023-07-08,61.34229979113159
2023-07-09,64.84821346109683
2023-07-10,60.96021068473865
2023-07-11,37.04954004184239
2023-07-12,56.36153032430625
2023-07-13,56.294140352338935
2023-07-14,58.95614939806814
2023-07-15,29.373026082976082
2023-07-16,44.140270304752356
2023-07-17,55.82553542083834
2023-07-18,43.79413440493024
2023-07-19,38.48633256507007
2023-07-20,36.43306475991898
2023-07-21,40.68148280297841
2023-07-22,43.30899197385913
2023-07-23,46.34702681779981
2023-07-24,47.663250946107574
2023-07-25,58.63369779406643
2023-07-26,53.96700730497791
2023-07-27,63.93155417212189
2023-07-28,35.608468536343565
2023-07-29,74.63234666218027
2023-07-30,59.72654630471459
2023-07-31,52.17762613405378
2023-08-01,51.094880235121636
2023-08-02,51.24971784169352
2023-08-03,48.860545406982276
2023-08-04,56.991049691923394
2023-08-05,59.25432537689892
2023-08-06,53.48350895312271
2023-08-07,58.701819825163234
2023-08-08,51.48004625289285
2023-08-09,50.23652809930615
2023-08-10,50.50210937379996
2023-08-11,35.75445578125016
2023-08-12,56.37314400382747
2023-08-13,53.311143314310485
2023-08-14,36.3599739199769
2023-08-15,57.74313000845673
2023-08-16,49.12107001711866
2023-08-17,57.068337458869266
2023-08-18,54.03555463920532
2023-08-19,31.053156726738273
2023-08-20,50.58775593292544
2023-08-21,42.31145719699
2023-08-22,26.640177680207387
2023-08-23,26.427555995854664
2023-08-24,42.31687974725266
2023-08-25,44.81849081081849
2023-08-26,29.56480492649101
2023-08-27,31.86892589963445
2023-08-28,33.65057775245394
2023-08-29,56.13825146381932
2023-08-30,54.46068324941575
2023-08-31,51.61214950163099
2023-09-01,64.99266841143766
2023-09-02,34.73311894428514
2023-09-03,33.402593569227555
2023-09-04,45.330967272956904
2023-09-05,49.18817734963385
2023-09-06,50.86538397802989
2023-09-07,30.657672082987993
2023-09-08,30.615736715325873
2023-09-09,30.831519349032313
2023-09-10,51.822508873761315
2023-09-11,48.993174620791166
2023-09-12,47.73644838031074
2023-09-13,31.191423443237966
2023-09-14,30.64219177593045
2023-09-15,45.77622498951571
2023-09-16,28.77667921474651
2023-09-17,27.460398319530796
2023-09-18,44.34875722290531
2023-09-19,26.18691804529352
2023-09-20,26.229718668971252
2023-09-21,43.34945247534268
2023-09-22,46.66831441216589
2023-09-23,51.48977803601435
2023-09-24,47.14881199254954
2023-09-25,32.66320201805184
2023-09-26,46.0884885518923
2023-09-27,35.75851971230434
2023-09-28,37.1218282821909
2023-09-29,38.362236664386394
2023-09-30,67.35727736637702
2023-10-01,40.47435287371281
2023-10-02,41.20450157408441
2023-10-03,41.670190968647496
2023-10-04,63.81091412053557
2023-10-05,54.267657025256064
2023-10-06,41.48050328898146
2023-10-07,40.888355441942686
2023-10-08,60.3460937225935
2023-10-09,60.18863614817415
2023-10-10,51.792016160950816
2023-10-11,54.52257640711483
2023-10-12,35.47107728407228
2023-10-13,49.07996456073238
2023-10-14,54.88722916742529
2023-10-15,30.859619530297195
2023-10-16,29.64483457929089
2023-10-17,52.58674641211728
2023-10-18,28.522640320358935
2023-10-19,46.49185498321377
2023-10-20,41.535364278229636
2023-10-21,30.107788004887432
2023-10-22,31.50775432043321
2023-10-23,47.016767284457856
2023-10-24,33.36527112322996
2023-10-25,47.027146140402046
2023-10-26,45.95169728993405
2023-10-27,54.617710818989785
2023-10-28,49.46054602595637
2023-10-29,47.38798887717984
2023-10-30,51.32555320540878
2023-10-31,53.21781972494803
2023-11-01,30.59399710119441
2023-11-02,46.23370663352294
2023-11-03,41.50141330797604
2023-11-04,53.374434619682816
2023-11-05,44.90149710832553
2023-11-06,44.60273557404002
2023-11-07,41.169831065230966
2023-11-08,30.47220000345731
2023-11-09,31.334469161578816
2023-11-10,53.77838228496579
2023-11-11,33.81375125834133
2023-11-12,35.43076420074031
2023-11-13,50.11646546259159
2023-11-14,60.49427649101732
2023-11-15,63.87645312129176
2023-11-16,62.481946925218104
2023-11-17,56.99832037179432
2023-11-18,39.98739774590418
2023-11-19,65.89162480940944
2023-11-20,60.50140308037643
2023-11-21,53.61110585276661
2023-11-22,59.94863357361406
2023-11-23,58.96264011435461
2023-11-24,68.83446463108612
2023-11-25,71.34891072684916
2023-11-26,71.88927993172315
2023-11-27,65.30944902901071
2023-11-28,61.16757798318794
2023-11-29,62.286839934114155
2023-11-30,67.85986985975751
2023-12-01,58.94744726032465
2023-12-02,66.91455517370272
2023-12-03,69.72794202328086
2023-12-04,64.9865559678364
2023-12-05,65.2852911674589
2023-12-06,62.09212254630663
2023-12-07,63.93907519003072
2023-12-08,79.35817417606056
2023-12-09,88.44136098088549
2023-12-10,94.43893087536114
2023-12-11,82.03310225877777
2023-12-12,88.60227073791033
2023-12-13,106.02069813924207
2023-12-14,89.59682450178514
2023-12-15,87.6787919618734
2023-12-16,93.76600998205747
2023-12-17,87.54413312568892
2023-12-18,87.30873700583778
2023-12-19,86.15294417116526
2023-12-20,79.60759862710856
2023-12-21,83.92417672403344
2023-12-22,86.50778428518568
2023-12-23,89.79614277141464
2023-12-24,83.63207946035917
2023-12-25,50.824713058445404
2023-12-26,75.88172056654771
2023-12-27,77.95200715743381
2023-12-28,70.06800674622495
2023-12-29,83.326294276679
2023-12-30,51.87713769082374
2023-12-31,52.602521252153934
2024-01-01,72.78256788083044
2024-01-02,66.73004715173138
2024-01-03,66.76299913760928
2024-01-04,63.77903443516747
2024-01-05,60.75759036938068
2024-01-06,67.21255205464207
2024-01-07,50.26853714007417
2024-01-08,43.08029056586337
2024-01-09,36.912643795855146
2024-01-10,44.66520617942338
2024-01-11,43.82291152530795
2024-01-12,50.55910409260329
2024-01-13,52.135647526442575
2024-01-14,31.980723878770654
2024-01-15,65.42751662044397
2024-01-16,53.84206546641103
2024-01-17,58.9695629172072
2024-01-18,54.62012978976395
2024-01-19,40.32497348780731
2024-01-20,54.88449380082187
2024-01-21,37.55879787362892
2024-01-22,52.30142889547133
2024-01-23,48.76666743503854
2024-01-24,53.60016324678081
2024-01-25,51.363013807822085
2024-01-26,57.02012025182319
2024-01-27,31.026223465700234
2024-01-28,50.200802032532756
2024-01-29,43.326101591770446
2024-01-30,54.06233840392915
2024-01-31,49.7502955899475
2024-02-01,57.39503055477377
2024-02-02,45.740276396742104
2024-02-03,32.12354563008224
2024-02-04,62.08282926600431
2024-02-05,49.32758979940717
2024-02-06,52.3969993166725
2024-02-07,34.352806373170175
2024-02-08,54.17432721517038
2024-02-09,48.176088906963855
2024-02-10,50.6216207415163
2024-02-11,33.54484051320431
2024-02-12,57.705434682512646
2024-02-13,52.602206978512754
2024-02-14,47.67533187105805
2024-02-15,52.956970711502834
2024-02-16,58.907194360387074
2024-02-17,53.571791845597176
2024-02-18,55.14772875408565
2024-02-19,56.10617128298368
2024-02-20,59.35884227654279
2024-02-21,63.923881708011365
2024-02-22,55.41196156070573
2024-02-23,54.27285623599608
2024-02-24,58.407416706853425
2024-02-25,57.28604059255696
2024-02-26,50.057229688071786
2024-02-27,50.162309222065296
2024-02-28,46.27472941955275
2024-02-29,57.20869943353799
2024-03-01,30.771977916204293
2024-03-02,61.21755829753683
2024-03-03,49.29163230740433
2024-03-04,53.88199576927811
2024-03-05,50.13743277102674
2024-03-06,56.06999626472692
2024-03-07,58.74621965440792
2024-03-08,34.4321760247219
2024-03-09,35.74202005232254
2024-03-10,53.19572386678358
2024-03-11,38.34701190653784
2024-03-12,63.1946123175333
2024-03-13,64.88125240057039
2024-03-14,62.377405506565616
2024-03-15,38.650274311621665
2024-03-16,58.79691831647851
2024-03-17,67.83578028190965
2024-03-18,35.17912789360816
2024-03-19,53.291090106999725
2024-03-20,33.397977381154284
2024-03-21,54.31945000232526
2024-03-22,50.304743244380994
2024-03-23,53.65366634984757
2024-03-24,51.19575202954901
2024-03-25,49.096484538081015
2024-03-26,47.35586387329041
2024-03-27,53.526659497302134
2024-03-28,53.09453203108849
2024-03-29,56.646380734410315
2024-03-30,30.741667732033576
2024-03-31,30.35413705874457
2024-04-01,50.1377262017694
2024-04-02,61.6965834211312
2024-04-03,50.20123655646852
2024-04-04,30.819730200296625
2024-04-05,49.59791399349331
2024-04-06,60.117508630346144
2024-04-07,59.90693541316384
2024-04-08,49.141222367777644
2024-04-09,58.83360352310307
2024-04-10,60.03613663674332
2024-04-11,34.533625306724176
2024-04-12,34.09379314391731
2024-04-13,33.35756559261111
2024-04-14,53.233092044841115
2024-04-15,31.66158650260316
2024-04-16,62.88858976169056
2024-04-17,49.11615498706828
2024-04-18,51.69360538404345
2024-04-19,32.70082947242378
2024-04-20,59.41216788659754
2024-04-21,61.235270240491765
2024-04-22,56.39309756743036
2024-04-23,62.15284347975147
2024-04-24,62.05988818219948
2024-04-25,35.258170357326534
2024-04-26,33.61698534909596
2024-04-27,51.58374540341451
2024-04-28,48.225044481092326
2024-04-29,44.27712404558802
2024-04-30,41.405144845617414
2024-05-01,44.087496667213685
2024-05-02,23.718240040960744
2024-05-03,50.658880525050684
2024-05-04,25.55380135073704
2024-05-05,51.30439593908629
2024-05-06,46.87877357763957
2024-05-07,30.116623074414377
2024-05-08,61.44388829542756
2024-05-09,59.45544682243632
2024-05-10,30.688824360232637
2024-05-11,51.9691818230118
2024-05-12,28.853280533133614
2024-05-13,56.32550008569886
2024-05-14,48.12004921604063
2024-05-15,50.28400874862924
2024-05-16,49.75710132736345
2024-05-17,54.82757988745259
2024-05-18,29.498424318799827
2024-05-19,30.85294529761326
2024-05-20,32.15885616555049
2024-05-21,54.98999177519757
2024-05-22,56.11742503614151
2024-05-23,53.2552651760623
2024-05-24,65.417739519276
2024-05-25,63.59596277953299
2024-05-26,59.328483173178746
2024-05-27,56.534266485168416
2024-05-28,65.32985674239175
2024-05-29,70.41178039119447
2024-05-30,59.65914464801714
2024-05-31,66.21141836848933
2024-06-01,35.89701372694775
2024-06-02,68.2900935820002
2024-06-03,56.726766467340575
2024-06-04,62.91749950926221
2024-06-05,46.323887820712855
2024-06-06,52.63063713660779
2024-06-07,25.13815219643984
2024-06-08,23.706037546475265
2024-06-09,49.10172401441106
2024-06-10,53.16565885158233
2024-06-11,43.25614939970569
2024-06-12,20.4114844338565
2024-06-13,42.55011992979825
2024-06-14,41.76007052766799
2024-06-15,49.20692784316756
2024-06-16,43.938701720806904
2024-06-17,23.329496182365958
2024-06-18,42.939045987496215
2024-06-19,43.754177653967965
2024-06-20,50.30446329346993
2024-06-21,42.37712919494472
2024-06-22,52.88141496180481
2024-06-23,45.302284682248185
2024-06-24,43.51696968379033
2024-06-25,23.706899944593214
2024-06-26,44.123461001593
2024-06-27,52.101712312501185
2024-06-28,64.55334645295231
2024-06-29,25.766271073846532
2024-06-30,48.56490968133228
2024-07-01,48.73106296169103
2024-07-02,28.71197902413825
2024-07-03,49.86423620441059
2024-07-04,57.6204393913431
2024-07-05,32.82754656137114
2024-07-06,37.34612528904875
2024-07-07,36.64317735097409
2024-07-08,33.233745560560564
2024-07-09,63.647190055395285
2024-07-10,49.56612832313817
2024-07-11,53.049918311599924
2024-07-12,55.56607289029502
2024-07-13,37.723098317282016
2024-07-14,62.68506599417028
2024-07-15,46.82341793802972
2024-07-16,51.007060915706006
2024-07-17,50.024823061197
2024-07-18,52.057192630974555
2024-07-19,50.13340192880064
2024-07-20,47.47383409548608
2024-07-21,29.864806591069545
2024-07-22,46.7281064097732
2024-07-23,40.060816487775675
2024-07-24,53.81606564762751
2024-07-25,29.370959229928705
2024-07-26,50.36881001033063
2024-07-27,45.07315777695538
2024-07-28,47.074652041795204
2024-07-29,32.66665099288735
2024-07-30,41.680888412201256
2024-07-31,50.791177227572824
2024-08-01,48.05796566632081
2024-08-02,51.08568117003106
2024-08-03,37.86210983481757
2024-08-04,65.93114663135717
2024-08-05,57.04384111195267
2024-08-06,44.76321532617468
2024-08-07,74.87575337162359
2024-08-08,54.42764715610265
2024-08-09,64.7773013607571
2024-08-10,39.24239692835967
2024-08-11,44.193479718340214
2024-08-12,55.869790534661945
2024-08-13,31.65089798277259
2024-08-14,37.62001452464031
2024-08-15,46.47974866747754
2024-08-16,53.317900314489734
2024-08-17,40.36902018298135
2024-08-18,39.0298007582422
2024-08-19,40.25131649222259
2024-08-20,51.12656264956645
2024-08-21,44.228085534316634
2024-08-22,32.95436277676082
2024-08-23,53.800870299196696
2024-08-24,42.44745114137835
2024-08-25,47.34077024400352
2024-08-26,43.85017622322762
2024-08-27,50.09751337092944
2024-08-28,36.450598402398846
2024-08-29,29.430105340833542
2024-08-30,61.447044843800825
2024-08-31,52.05508812090889
2024-09-01,54.305780501164854
2024-09-02,32.544532535380874
2024-09-03,55.47959431235841
2024-09-04,45.21901312172561
2024-09-05,30.862479534620714
2024-09-06,52.23939633417466
2024-09-07,39.91864115426593
2024-09-08,57.882390250725734
2024-09-09,43.202412127639185
2024-09-10,33.979239058124335
2024-09-11,44.805318215447386
2024-09-12,33.53467487769507
2024-09-13,52.2340871379429
2024-09-14,60.64802144342323
2024-09-15,40.795649698452564
2024-09-16,45.843835280221604
2024-09-17,43.18805378119341
2024-09-18,55.95763848779305
2024-09-19,37.75607545951607
2024-09-20,37.671529416815574
2024-09-21,39.42058220095644
2024-09-22,30.750933883795007
2024-09-23,34.71194877470528
2024-09-24,42.502887593254876
2024-09-25,45.874658444375164
2024-09-26,30.967541764309622
2024-09-27,50.295789141605404
2024-09-28,50.78879087541425
2024-09-29,47.431253481704005
2024-09-30,42.565997703213924
2024-10-01,42.81576581761391
2024-10-02,38.74943724975436
2024-10-03,31.883737529768375
2024-10-04,32.07546594867833
2024-10-05,42.28816405101428
2024-10-06,33.5896330637086
2024-10-07,40.59209579247901
2024-10-08,34.85714828238493
2024-10-09,47.271117680594216
2024-10-10,36.90038177973376
2024-10-11,36.096989558814414
2024-10-12,52.6973247551975
2024-10-13,38.08113562477699
2024-10-14,39.261258878849
2024-10-15,47.15126679841248
2024-10-16,39.60921732184355
2024-10-17,46.48135016492655
2024-10-18,35.892872533381876
2024-10-19,38.63802692963601
2024-10-20,51.69415401569021
2024-10-21,44.9460724195915
2024-10-22,41.98380034322863
2024-10-23,39.74957058640309
2024-10-24,38.89356893816306
2024-10-25,45.5983164352448
2024-10-26,45.10500261788392
2024-10-27,32.53404936292681
2024-10-28,46.73493737429014
2024-10-29,38.056396880184984
2024-10-30,48.099197802578075
2024-10-31,34.90142629709585
2024-11-01,44.758723228360466
2024-11-02,47.28312651470867
2024-11-03,57.112537262095486
2024-11-04,53.7192367498898
2024-11-05,52.03573566902221
2024-11-06,52.55016288707877
2024-11-07,38.96427523438616
2024-11-08,46.50227080335201
2024-11-09,55.188863741307586
2024-11-10,55.591767328265036
2024-11-11,37.92957568170613
2024-11-12,38.00120221181272
2024-11-13,48.6286598446668
2024-11-14,48.36036515023257
2024-11-15,44.37555780859487
2024-11-16,31.937533321091394
2024-11-17,28.218306799810165
2024-11-18,42.152961368287464
2024-11-19,25.532737982772822
2024-11-20,27.255737166210764
2024-11-21,29.305249945451532
2024-11-22,31.283986384437455
2024-11-23,42.349829752250216
2024-11-24,45.58963280507108
2024-11-25,47.47140533152653
2024-11-26,64.73210959369464
2024-11-27,65.60361062982025
2024-11-28,75.63952634185364
2024-11-29,80.02237471590209
2024-11-30,77.44229634664777
2024-12-01,63.96358063960423
2024-12-02,72.79936898380278
2024-12-03,68.04754492682896
2024-12-04,70.38221940124215
2024-12-05,64.38930130402477
2024-12-06,72.32773065515366
2024-12-07,76.14836952565378
2024-12-08,77.24434997975602
2024-12-09,86.61477345588713
2024-12-10,85.72055641037046
2024-12-11,85.88320062625496
2024-12-12,79.1953228457508
2024-12-13,85.97642606302475
2024-12-14,95.05588662019821
2024-12-15,82.85393362547438
2024-12-16,76.6732585556998
2024-12-17,74.55516296381587
2024-12-18,63.64186755967174
2024-12-19,72.22830228006362
2024-12-20,66.52514696080772
2024-12-21,81.02046811910482
2024-12-22,83.91371502325828
2024-12-23,75.52050599131408
2024-12-24,78.5202605840078
2024-12-25,72.54046169098221
2024-12-26,81.92529584515621
2024-12-27,83.09222452758917
2024-12-28,71.13063513899505
2024-12-29,67.87118455922426
2024-12-30,62.824853002409476
2024-12-31,51.19082169890157
2025-01-01,42.04559546233173
2025-01-02,60.67672791298878
2025-01-03,44.366786864251736
2025-01-04,48.38737504074939
2025-01-05,38.85361148033447
2025-01-06,33.32596285104091
2025-01-07,44.52625667330772
2025-01-08,45.38290933784653
2025-01-09,31.70359387487221
2025-01-10,43.897020691621364
2025-01-11,35.94637631649249
2025-01-12,46.94601908470358
2025-01-13,46.58911874881416
2025-01-14,33.52138561288161
2025-01-15,46.569476096780974
2025-01-16,39.0663164660974
2025-01-17,34.999602341275946
2025-01-18,56.211049196855434
2025-01-19,47.72648783711815
2025-01-20,45.04808212371934
2025-01-21,33.84998220569028
2025-01-22,47.52253729364864
2025-01-23,50.14202561261886
2025-01-24,46.51259771777492
2025-01-25,55.7879273500386
2025-01-26,47.13563605236208
2025-01-27,53.88432281549897
2025-01-28,52.68568304192686
2025-01-29,44.33488350034689
2025-01-30,43.300315785195096
2025-01-31,58.13600127794542
2025-02-01,53.48681315955626
2025-02-02,43.49588319188999
2025-02-03,56.834137471873376
2025-02-04,41.280741624090254
2025-02-05,55.911541055761504
2025-02-06,52.916240111359485
2025-02-07,55.947822419818934
2025-02-08,44.11524431771974
2025-02-09,41.33605050361282
2025-02-10,44.11618928920776
2025-02-11,42.69880005988976
2025-02-12,58.011057877359136
2025-02-13,48.42137087689888
2025-02-14,37.790147597736464
2025-02-15,35.169950997267755
2025-02-16,38.4160940702032
2025-02-17,48.56085230202129
2025-02-18,39.99628513356464
2025-02-19,35.61636165657406
2025-02-20,39.78979935423441
2025-02-21,37.27533262786339
2025-02-22,45.615829668360455
2025-02-23,42.29813341691091
2025-02-24,54.54271748826302
2025-02-25,51.30283429169849
2025-02-26,45.138956865373814
2025-02-27,50.2687228637038
2025-02-28,35.63879044435388
2025-03-01,37.25725476844556
2025-03-02,47.20094808876647
2025-03-03,41.51829176255652
2025-03-04,48.715509127700315
2025-03-05,39.00767540726847
2025-03-06,41.35675801864229
2025-03-07,41.57941492279913
2025-03-08,37.91509831681684
2025-03-09,33.89864039699704
2025-03-10,35.489070114430284
2025-03-11,41.24171411646166
2025-03-12,41.8688994877998
2025-03-13,40.27036185052708
2025-03-14,31.959497146441382
2025-03-15,42.08738830293037
2025-03-16,45.41347443901752
2025-03-17,39.799125835767214
2025-03-18,41.471037134477854
2025-03-19,41.63073948925002
2025-03-20,38.901109319949896
2025-03-21,45.82887551802798
2025-03-22,50.35706354575798
2025-03-23,39.48796486208913
2025-03-24,54.77472276577408
2025-03-25,53.45998079160859
2025-03-26,53.39074421917999
2025-03-27,51.98976378159428
2025-03-28,63.11446866631215
2025-03-29,62.71156780009414
2025-03-30,40.77498690547055
2025-03-31,57.47844598997223
2025-04-01,55.28366020132417
2025-04-02,40.95700193573325
2025-04-03,38.32837359111128
2025-04-04,37.78455682884131
2025-04-05,40.58806303368077
2025-04-06,46.66502186035564
2025-04-07,50.51820625268437
2025-04-08,56.57647929078159
2025-04-09,44.76921854754349
2025-04-10,43.13149633573181
2025-04-11,49.91517794076193
2025-04-12,42.922649278727114
2025-04-13,55.4304333265752
2025-04-14,46.66499130467959
2025-04-15,35.42928136221404
2025-04-16,44.553377464585715
2025-04-17,46.60074385717138
2025-04-18,48.23057014521516
2025-04-19,62.957609642434704
2025-04-20,45.98153267639126
2025-04-21,56.244137644408035
2025-04-22,46.11388294308663
2025-04-23,63.02341980179722
2025-04-24,53.62654750200929
2025-04-25,71.84430485999975
2025-04-26,46.56095981251356
2025-04-27,37.26724144773758
2025-04-28,51.82018764469899
2025-04-29,39.5687302059122
2025-04-30,30.201614626835003
2025-05-01,32.52443582522391
2025-05-02,29.61697055233122
2025-05-03,46.239565303176285
2025-05-04,40.651037510610585
2025-05-05,35.56803438550275
2025-05-06,49.83509871799958
2025-05-07,51.25512690498086
2025-05-08,56.17991451024142
2025-05-09,44.717912938682964
2025-05-10,38.40767072175252
2025-05-11,37.69150201970666
2025-05-12,46.59028456291418
2025-05-13,37.25958441141678
2025-05-14,28.084872840871085
2025-05-15,30.508535118189016
2025-05-16,26.543488754061606
2025-05-17,45.677944006088914
2025-05-18,31.212266169426762
2025-05-19,36.03921180321819
2025-05-20,42.63638887901815
2025-05-21,52.451317305832944
2025-05-22,37.66737234185872
2025-05-23,33.59789372537278
2025-05-24,35.49580252800024
2025-05-25,38.250150570474375
2025-05-26,66.16706914828828
2025-05-27,62.26711516859392
2025-05-28,54.95277325102521
2025-05-29,45.489754198623395
2025-05-30,61.91172062298165
2025-05-31,60.760404718567976
2025-06-01,40.43330315893287
2025-06-02,47.981499084994134
2025-06-03,53.686177283905366
2025-06-04,53.14369078843403
2025-06-05,44.217734481244946
2025-06-06,34.244044211528745
2025-06-07,46.09771740783073
2025-06-08,39.15423234851146
2025-06-09,46.57436524490525
2025-06-10,39.51334431950995
2025-06-11,42.86533854444161
2025-06-12,38.62812307992601
2025-06-13,40.46309523944242
2025-06-14,44.38844713116463
2025-06-15,47.26991256569528
2025-06-16,44.91496988262276
2025-06-17,51.125475704081545
2025-06-18,36.8857732984266
2025-06-19,41.851974656975514
2025-06-20,49.07723367638776
2025-06-21,37.53255244403489
2025-06-22,41.95812876153633
2025-06-23,32.678722944600516
2025-06-24,49.50393688434219
2025-06-25,41.14514238093461
2025-06-26,39.27014384941428
2025-06-27,46.8948066373285
2025-06-28,52.96144956206297
2025-06-29,55.30367950456231
2025-06-30,46.09059989820163
2025-07-01,38.859120950175296
2025-07-02,35.36359605429407
2025-07-03,46.47155381343934
2025-07-04,45.789898747372234
2025-07-05,39.65777589490808
2025-07-06,41.273896734238576
2025-07-07,49.105807837060354
2025-07-08,59.00264956675617
2025-07-09,43.39458637981903
2025-07-10,50.41566396530409
2025-07-11,55.001125831268254
2025-07-12,40.736556841766344
2025-07-13,36.814692403465244
2025-07-14,43.52573898705215
2025-07-15,41.29147394968157
2025-07-16,45.72290355877456
2025-07-17,50.79015538460092
2025-07-18,34.33189714289675
2025-07-19,45.58668204149777
2025-07-20,40.71472006036218
2025-07-21,53.20908111938197
2025-07-22,41.68082664868032
2025-07-23,48.71809965266209
2025-07-24,43.72040177292413
2025-07-25,61.90193337539599
2025-07-26,45.20057322740676
2025-07-27,46.99513820910581
2025-07-28,59.6187579251699
2025-07-29,60.560890414545554
2025-07-30,50.1710292218443
2025-07-31,53.342651808539195
2025-08-01,45.168790243923226
2025-08-02,54.60539055245174
2025-08-03,55.93947323846842
2025-08-04,42.233367035698144
2025-08-05,44.627778635123384
2025-08-06,51.15501946334516
2025-08-07,43.65268644354704
2025-08-08,47.177120082402745
2025-08-09,47.17001421984433
2025-08-10,50.86320186940952
2025-08-11,49.869156814681006
2025-08-12,52.78658922902166
2025-08-13,51.66796406832127
2025-08-14,54.63359861365352
2025-08-15,47.99033571504016
2025-08-16,49.78975906622688
2025-08-17,44.510928081174136
2025-08-18,42.783449709597015
2025-08-19,45.561130836178506
2025-08-20,40.89075264736598
2025-08-21,46.17880712681033
2025-08-22,43.319408400087454
2025-08-23,29.746177491053533
2025-08-24,49.01984246064852
2025-08-25,38.68702390417484
2025-08-26,45.335287351463364
2025-08-27,32.80509793033828
2025-08-28,44.162867961706326
2025-08-29,33.227318820855764
2025-08-30,46.04430016352405
2025-08-31,51.871435896671485
2025-09-01,28.409990574245754
2025-09-02,48.64451462670247
2025-09-03,35.786782304954166
2025-09-04,38.18493575003662
2025-09-05,44.05665461195964
2025-09-06,34.983599024108855
2025-09-07,53.219607492966276
2025-09-08,53.10133427503647
2025-09-09,46.54652869498879
2025-09-10,61.318129513060434
2025-09-11,40.12968259978575
2025-09-12,50.018527891725654
2025-09-13,38.844512111166445
2025-09-14,56.17463810870766
2025-09-15,45.93476741083121
2025-09-16,56.60847111509938
2025-09-17,33.75330345916677
2025-09-18,42.646027768860414
2025-09-19,31.552777680296845
2025-09-20,30.53878442560682
2025-09-21,29.58230426338219
2025-09-22,50.76862191754934
2025-09-23,46.42674011352118
2025-09-24,27.932692287913447
2025-09-25,27.789431131942116
2025-09-26,54.528981734225496
2025-09-27,52.2191796605769
2025-09-28,36.02806950690123
2025-09-29,58.45734834206395
2025-09-30,29.175893465425425
2025-10-01,40.817120056548774
2025-10-02,39.36458386069912
2025-10-03,50.414360119148796
2025-10-04,50.26637916142663
2025-10-05,28.898897240194145
2025-10-06,40.59807426135213
2025-10-07,51.10038093455609
2025-10-08,40.497758736540185
2025-10-09,52.39833585657345
2025-10-10,46.44427936846815
2025-10-11,47.148232766500584
2025-10-12,35.41471134220605
2025-10-13,61.02389072074611
2025-10-14,63.43902150912355
2025-10-15,37.37837389798369
2025-10-16,56.109020412581344
2025-10-17,57.19820609026612
2025-10-18,62.58542400074498
2025-10-19,46.26831198819181
2025-10-20,50.42110688879379
2025-10-21,44.843148493340536
2025-10-22,46.73391593678915
2025-10-23,48.103100011740985
2025-10-24,34.73065892052643
2025-10-25,30.3166623297059
2025-10-26,37.84054756789726
2025-10-27,56.23043562075914
2025-10-28,34.294175982814366
2025-10-29,47.60113367616508
2025-10-30,57.28319442446966
2025-10-31,34.90027463545357
2025-11-01,56.4280262227536
2025-11-02,39.091219037483256
2025-11-03,47.27097667098395
2025-11-04,32.48372803076181
2025-11-05,48.35934505850093
2025-11-06,49.52912294758143
2025-11-07,58.74512859235225
2025-11-08,34.566097302036525
2025-11-09,65.29171722686938
2025-11-10,61.08856816260537
2025-11-11,59.06418775485261
2025-11-12,64.36487685506643
2025-11-13,58.030579725643904
2025-11-14,73.64768081318763
2025-11-15,63.40975386597138
2025-11-16,67.26834489785874
2025-11-17,76.94952842578681
2025-11-18,59.00234896309648
2025-11-19,72.06755033292953
2025-11-20,64.54669512493226
2025-11-21,65.42158283370938
2025-11-22,50.58585687350273
2025-11-23,48.34417188292789
2025-11-24,59.80249983844724
2025-11-25,59.229336526266984
2025-11-26,59.49043405485225
2025-11-27,55.168633639993615
2025-11-28,59.67140327231361
2025-11-29,59.04955907747914
2025-11-30,67.25228492934212
2025-12-01,53.23899492696026
2025-12-02,58.64038386450415
2025-12-03,60.975242794240415
2025-12-04,57.80585026309008
2025-12-05,60.508239712925
2025-12-06,69.3532690904226
2025-12-07,63.8911639819227
2025-12-08,62.40344886996101
2025-12-09,66.92155829348064
2025-12-10,59.56886827139323
2025-12-11,77.182058522137
2025-12-12,77.64271951835036
2025-12-13,56.61712422958196
2025-12-14,80.19460979692246
2025-12-15,75.25632416258031
2025-12-16,63.335473480888936
2025-12-17,62.57953966998669
2025-12-18,71.634233041952
2025-12-19,68.4246315566775
2025-12-20,90.05827286713888
2025-12-21,77.21726831353176
2025-12-22,90.72795562037376
2025-12-23,86.8467776186728
2025-12-24,96.31611039818755
2025-12-25,79.04897896808322
2025-12-26,67.81919396134134
2025-12-27,68.58563004203262
2025-12-28,42.344743977581416
2025-12-29,63.514871406308984
2025-12-30,55.03692864801822
2025-12-31,30.318383692506764
2026-01-01,34.72794134109797
2026-01-02,32.180466314493266
2026-01-03,43.396590951899604
2026-01-04,50.90597818860992
2026-01-05,42.31844516898964
2026-01-06,40.792345694154896
2026-01-07,31.15963516699445
2026-01-08,45.516979377763505
2026-01-09,42.42311363740072
2026-01-10,33.660358302934
2026-01-11,37.78248220490807
2026-01-12,61.20940879041452
2026-01-13,61.01015471249454
2026-01-14,68.60424091001846
2026-01-15,44.1755503330365
2026-01-16,61.66830035639617
2026-01-17,49.03427917703958
2026-01-18,62.747367099498874
2026-01-19,52.79295840515482
2026-01-20,47.88199464236495
2026-01-21,32.169286363914736
2026-01-22,42.626942265990465
2026-01-23,38.35541354230459
2026-01-24,29.918159812579333
2026-01-25,49.5472758378765
2026-01-26,45.71195062511161
2026-01-27,51.45685274960607
2026-01-28,44.02991532463405
2026-01-29,48.48549771464677
2026-01-30,50.06184224469778
2026-01-31,32.91375947115582
2026-02-01,33.74250014834804
2026-02-02,57.38643550293875
2026-02-03,52.51798606358416
2026-02-04,39.85778418180964
2026-02-05,45.54362098129045
2026-02-06,62.397761075115255
2026-02-07,61.16754703324709
2026-02-08,40.49868916510913
2026-02-09,46.28741769790753
2026-02-10,50.3645069617408
2026-02-11,36.749338547669474
2026-02-12,49.727185503910995
2026-02-13,31.33444885964674
2026-02-14,31.00270249520203
2026-02-15,54.14910520279933
2026-02-16,51.67537523383574
2026-02-17,40.64556274567096
2026-02-18,53.29176249535018
2026-02-19,32.05666242261435
2026-02-20,50.613621967883915
2026-02-21,54.113908457483376
2026-02-22,42.286663955637934
2026-02-23,42.57418492683711
2026-02-24,55.78904519527572
2026-02-25,46.04256782377952
2026-02-26,51.932009137369306
2026-02-27,45.47897519700689
2026-02-28,41.90537438960032
2026-03-01,50.556634285860845
2026-03-02,48.51962189085598
2026-03-03,49.53371778609848
2026-03-04,30.246877550073826
2026-03-05,30.03872934576509
2026-03-06,31.522816065583775
2026-03-07,28.87964984231406
2026-03-08,29.648771905334318
2026-03-09,39.02047363840857
2026-03-10,39.04800275148877
2026-03-11,51.736602032754405
2026-03-12,57.837189922208324
2026-03-13,69.73076384822731
2026-03-14,40.905058260725724
2026-03-15,47.967483872250725
2026-03-16,55.29475808998017
2026-03-17,61.30448587292442
2026-03-18,63.384749530294044
2026-03-19,56.498211420418706
2026-03-20,34.88734791663449
2026-03-21,59.26989680077562
2026-03-22,34.159965590022956
2026-03-23,51.64856937263387
2026-03-24,40.121595902578584
2026-03-25,48.87295611340246
2026-03-26,50.76907807994721
2026-03-27,33.83828660723336
2026-03-28,62.13381222228828
2026-03-29,47.57507457622801
2026-03-30,58.812913680153166
2026-03-31,76.06645640691085
2026-04-01,63.60024550351729
2026-04-02,56.41404725811933
2026-04-03,52.48489725507822
2026-04-04,41.116931275942136
2026-04-05,39.33777216591031
2026-04-06,52.88044311220092
2026-04-07,35.36448347242798
2026-04-08,52.26275366657803
2026-04-09,35.325276085952964
2026-04-10,39.78654598893847
2026-04-11,54.491229419734736
2026-04-12,49.84465818291326
2026-04-13,55.10238046575929
2026-04-14,34.406473403933234
2026-04-15,50.51652705036518
2026-04-16,60.17444851054254
2026-04-17,41.15743814327658
2026-04-18,39.056757993354424
2026-04-19,41.84716423897876
2026-04-20,58.701487989795844
2026-04-21,68.31345538691508
2026-04-22,63.42201521327057
2026-04-23,61.51623227010758
2026-04-24,45.14371733112773
2026-04-25,62.23913728242577
2026-04-26,35.24336548430514
2026-04-27,54.58993612983072
2026-04-28,42.04975342809295
2026-04-29,39.575907709778534
2026-04-30,38.061351391566006
2026-05-01,47.915662223228225
2026-05-02,45.82304954278363
2026-05-03,35.232909019182195
2026-05-04,46.967459796461185
2026-05-05,38.30056008814688
2026-05-06,55.70702894914801
2026-05-07,55.0214277371658
2026-05-08,29.958398410175327
2026-05-09,34.31562180473202
2026-05-10,46.41455621073757
2026-05-11,56.28057018155876
2026-05-12,36.489580488045604
2026-05-13,37.10855982743364
2026-05-14,29.51227371110144
2026-05-15,40.6132175730077
2026-05-16,37.478854294465364
2026-05-17,33.228307410225625
2026-05-18,38.68449651035999
2026-05-19,34.659105713432595
2026-05-20,38.95771119664412
2026-05-21,28.835158593936747
2026-05-22,25.58200861046455
2026-05-23,27.757544705119656
2026-05-24,32.39448915799498
2026-05-25,33.22798722993181
2026-05-26,49.431299929626675
2026-05-27,53.98659583037174
2026-05-28,46.834829150528414
2026-05-29,39.676597709112954
2026-05-30,60.030237863070624
2026-05-31,51.1851974790968
2026-06-01,45.95842557901184
2026-06-02,42.16321874081963
2026-06-03,40.832115031195755
2026-06-04,44.0172515051919
2026-06-05,38.6631029851508
2026-06-06,33.8063184189894
2026-06-07,47.9963536039393
2026-06-08,45.284113105829626
2026-06-09,45.84420035738012
2026-06-10,29.704757251166
2026-06-11,30.39972249813778
2026-06-12,31.487339607856462
2026-06-13,28.48887508896212
2026-06-14,26.528786410727953
2026-06-15,35.85004499746341
2026-06-16,24.350742647069055
2026-06-17,34.75907265195277
2026-06-18,38.16211591311198
2026-06-19,25.46443835179533
2026-06-20,36.438164170180784
2026-06-21,30.146652544042915
2026-06-22,30.176868685717423
2026-06-23,33.997929815054775
2026-06-24,35.58022766639946
2026-06-25,34.78919587511662
2026-06-26,43.98941309993504
2026-06-27,60.913953663844104
2026-06-28,43.27016184228373
2026-06-29,47.0049222064233
2026-06-30,51.246142016241556
2026-07-01,48.271700806484375
2026-07-02,45.37090296927779
2026-07-03,35.33279468298143
2026-07-04,32.97793703649466
2026-07-05,30.58412819227999
2026-07-06,42.22789072510932
2026-07-07,34.064514781560696
2026-07-08,50.73194963208934
2026-07-09,43.23533048551306
2026-07-10,34.87177380487369
2026-07-11,44.90016462213193
2026-07-12,50.580816205219534
2026-07-13,41.064458701288515
2026-07-14,41.229697219721196
2026-07-15,57.877976353294514
2026-07-16,33.76877820824325
2026-07-17,38.02883129179153
2026-07-18,42.29519885540904
2026-07-19,34.191442272345306
2026-07-20,34.57299939927815
2026-07-21,47.95132498624374
2026-07-22,57.86380298914781
2026-07-23,46.61689311732759
2026-07-24,41.02649818964927
2026-07-25,45.614731865177305
2026-07-26,32.11396045260197
2026-07-27,44.06701301711101
2026-07-28,47.67348814646977
2026-07-29,49.120987850558905
2026-07-30,47.75355708190187
2026-07-31,49.12624147382972
2026-08-01,32.97883030835623
2026-08-02,37.621938896576744
2026-08-03,47.41499650257404
2026-08-04,59.44046692878281
2026-08-05,57.038183199911174
2026-08-06,53.837703130888485
2026-08-07,39.17187373056528
2026-08-08,43.49756133039431
2026-08-09,54.03987422024998
2026-08-10,54.063324277990105
2026-08-11,34.54627692337429
2026-08-12,44.6692180142239
2026-08-13,55.773093957543956
2026-08-14,43.30333112797075
2026-08-15,40.39846895590092
2026-08-16,33.720995946661624
2026-08-17,40.30315542163197
2026-08-18,45.346172056644605
2026-08-19,38.60557476340859
2026-08-20,36.484760509543904
2026-08-21,39.18131351376966
2026-08-22,31.484598114324818
2026-08-23,34.59741447076928
2026-08-24,32.573306707042306
2026-08-25,39.76920894800202
2026-08-26,29.789710922960047
2026-08-27,34.78724483038668
2026-08-28,27.786237724844597
2026-08-29,38.064932664760505
2026-08-30,35.69969939591119
2026-08-31,35.43291420992297
2026-09-01,44.56277625500213
2026-09-02,40.84556029294144
2026-09-03,34.46801153338973
2026-09-04,49.55539249604574
2026-09-05,43.19592998222125
2026-09-06,36.11899721044469
2026-09-07,39.25335023138959
2026-09-08,34.880069615893234
2026-09-09,41.85987688755948
2026-09-10,36.51906552704276
2026-09-11,35.00920338656982
2026-09-12,36.18894198488046
2026-09-13,36.40999567146081
2026-09-14,37.58873883834387
2026-09-15,37.53697686553393
2026-09-16,39.855002956434035
2026-09-17,37.37503973177212
2026-09-18,37.901892852310425
2026-09-19,39.34385444462754
2026-09-20,38.6072654853036
2026-09-21,42.515585349936586
2026-09-22,37.26784439228875
2026-09-23,37.71198236243408
2026-09-24,33.13449049893847
2026-09-25,32.73123767027294
2026-09-26,30.600181012812385
2026-09-27,26.924875150138043
2026-09-28,25.82376859982712
2026-09-29,23.599650491615
2026-09-30,25.818651473080763
2026-10-01,19.682733924657192
