time,value,n
2006-01-01,0,1
2006-01-02,100,1
2006-01-03,0,1
2006-01-04,0,1
2006-01-05,0,1
2006-01-06,0,1
2006-01-07,0,1
2006-01-08,0,1
2006-01-09,0,1
2006-01-10,0,1
2006-01-11,0,1
2006-01-12,0,1
2006-01-13,0,1
2006-01-14,0,1
2006-01-15,0,1
2006-01-16,0,2
2006-01-17,0,2
2006-01-18,0,2
2006-01-19,0,2
2006-01-20,0,2
2006-01-21,0,2
2006-01-22,0,2
2006-01-23,0,2
2006-01-24,0,2
2006-01-25,0,2
2006-01-26,0,2
2006-01-27,0,2
2006-01-28,0,2
2006-01-29,0,2
2006-01-30,0,2
2006-01-31,0,3
2006-02-01,0,3
2006-02-02,0,3
2006-02-03,0,3
2006-02-04,0,3
2006-02-05,0,3
2006-02-06,0,3
2006-02-07,0,3
2006-02-08,0,3
2006-02-09,0,3
2006-02-10,0,3
2006-02-11,0,3
2006-02-12,0,3
2006-02-13,0,3
2006-02-14,0,3
2006-02-15,0,4
2006-02-16,0,4
2006-02-17,0,4
2006-02-18,0,4
2006-02-19,0,4
2006-02-20,0,4
2006-02-21,0,4
2006-02-22,0,4
2006-02-23,0,4
2006-02-24,0,4
2006-02-25,0,4
2006-02-26,0,4
2006-02-27,0,4
2006-02-28,0,4
2006-03-01,0,4
2006-03-02,0,5
2006-03-03,0,5
2006-03-04,0,5
2006-03-05,0,5
2006-03-06,0,5
2006-03-07,0,5
2006-03-08,0,5
2006-03-09,0,5
2006-03-10,0,5
2006-03-11,0,5
2006-03-12,0,5
2006-03-13,0,5
2006-03-14,0,5
2006-03-15,0,5
2006-03-16,0,5
2006-03-17,0,6
2006-03-18,0,6
2006-03-19,0,6
2006-03-20,0,6
2006-03-21,0,6
2006-03-22,0,6
2006-03-23,0,6
2006-03-24,0,6
2006-03-25,0,6
2006-03-26,0,6
2006-03-27,0,6
2006-03-28,0,6
2006-03-29,0,6
2006-03-30,0,6
2006-03-31,0,6
2006-04-01,0,7
2006-04-02,0,7
2006-04-03,0,7
2006-04-04,0,7
2006-04-05,0,7
2006-04-06,0,7
2006-04-07,0,7
2006-04-08,0,7
2006-04-09,0,7
2006-04-10,0,7
2006-04-11,0,7
2006-04-12,0,7
2006-04-13,0,7
2006-04-14,0,7
2006-04-15,0,7
2006-04-16,0,8
2006-04-17,0,8
2006-04-18,0,8
2006-04-19,0,8
2006-04-20,0,8
2006-04-21,0,8
2006-04-22,0,8
2006-04-23,0,8
2006-04-24,0,8
2006-04-25,0,8
2006-04-26,0,8
2006-04-27,0,8
2006-04-28,0,8
2006-04-29,0,8
2006-04-30,0,8
2006-05-01,0,9
2006-05-02,0,9
2006-05-03,0,9
2006-05-04,0,9
2006-05-05,0,9
2006-05-06,0,9
2006-05-07,0,9
2006-05-08,0,9
2006-05-09,0,9
2006-05-10,0,9
2006-05-11,0,9
2006-05-12,0,9
2006-05-13,0,9
2006-05-14,0,9
2006-05-15,0,9
2006-05-16,0,10
2006-05-17,0,10
2006-05-18,0,10
2006-05-19,0,10
2006-05-20,0,10
2006-05-21,0,10
2006-05-22,0,10
2006-05-23,0,10
2006-05-24,0,10
2006-05-25,0,10
2006-05-26,0,10
2006-05-27,0,10
2006-05-28,0,10
2006-05-29,0,10
2006-05-30,0,10
2006-05-31,0,11
2006-06-01,0,11
2006-06-02,0,11
2006-06-03,0,11
2006-06-04,0,11
2006-06-05,0,11
2006-06-06,0,11
2006-06-07,0,11
2006-06-08,0,11
2006-06-09,0,11
2006-06-10,0,11
2006-06-11,0,11
2006-06-12,0,11
2006-06-13,0,11
2006-06-14,0,11
2006-06-15,0,12
2006-06-16,0,12
2006-06-17,0,12
2006-06-18,0,12
2006-06-19,0,12
2006-06-20,0,12
2006-06-21,0,12
2006-06-22,0,12
2006-06-23,0,12
2006-06-24,0,12
2006-06-25,0,12
2006-06-26,0,12
2006-06-27,0,12
2006-06-28,0,12
2006-06-29,0,12
2006-06-30,0,13
2006-07-01,0,13
2006-07-02,0,12
2006-07-03,0,12
2006-07-04,0,12
2006-07-05,0,12
2006-07-06,0,12
2006-07-07,0,12
2006-07-08,0,12
2006-07-09,0,12
2006-07-10,0,12
2006-07-11,0,12
2006-07-12,0,12
2006-07-13,0,12
2006-07-14,0,12
2006-07-15,0,13
2006-07-16,0,13
2006-07-17,0,12
2006-07-18,0,12
2006-07-19,0,12
2006-07-20,0,12
2006-07-21,0,12
2006-07-22,0,12
2006-07-23,0,12
2006-07-24,0,12
2006-07-25,0,12
2006-07-26,0,12
2006-07-27,0,12
2006-07-28,0,12
2006-07-29,0,12
2006-07-30,0,13
2006-07-31,0,13
2006-08-01,0,12
2006-08-02,0,12
2006-08-03,0,12
2006-08-04,0,12
2006-08-05,0,12
2006-08-06,0,12
2006-08-07,0,12
2006-08-08,0,12
2006-08-09,0,12
2006-08-10,0,12
2006-08-11,0,12
2006-08-12,0,12
2006-08-13,0,12
2006-08-14,0,13
2006-08-15,0,13
2006-08-16,0,12
2006-08-17,0,12
2006-08-18,0,12
2006-08-19,0,12
2006-08-20,0,12
2006-08-21,0,12
2006-08-22,0,12
2006-08-23,0,12
2006-08-24,0,12
2006-08-25,0,12
2006-08-26,0,12
2006-08-27,0,12
2006-08-28,0,12
2006-08-29,0,13
2006-08-30,0,13
2006-08-31,0,13
2006-09-01,0,13
2006-09-02,0,13
2006-09-03,0,12
2006-09-04,0,12
2006-09-05,0,12
2006-09-06,0,12
2006-09-07,0,12
2006-09-08,0,12
2006-09-09,0,12
2006-09-10,0,12
2006-09-11,0,12
2006-09-12,0,12
2006-09-13,0,13
2006-09-14,0,13
2006-09-15,0,13
2006-09-16,0,13
2006-09-17,0,13
2006-09-18,0,12
2006-09-19,0,12
2006-09-20,0,12
2006-09-21,0,12
2006-09-22,0,12
2006-09-23,0,12
2006-09-24,0,12
2006-09-25,0,12
2006-09-26,0,12
2006-09-27,0,12
2006-09-28,0,13
2006-09-29,0,13
2006-09-30,0,13
2006-10-01,0,13
2006-10-02,0,12
2006-10-03,0,12
2006-10-04,0,12
2006-10-05,0,12
2006-10-06,0,12
2006-10-07,0,12
2006-10-08,0,12
2006-10-09,0,12
2006-10-10,0,12
2006-10-11,100,12
2006-10-12,0,12
2006-10-13,0,13
2006-10-14,0,13
2006-10-15,0,13
2006-10-16,0,13
2006-10-17,0,12
2006-10-18,0,12
2006-10-19,0,12
2006-10-20,0,12
2006-10-21,0,12
2006-10-22,0,12
2006-10-23,0,12
2006-10-24,0,12
2006-10-25,0,12
2006-10-26,0,12
2006-10-27,0,12
2006-10-28,0,13
2006-10-29,0,13
2006-10-30,0,13
2006-10-31,0,13
2006-11-01,0,13
2006-11-02,0,12
2006-11-03,0,12
2006-11-04,0,12
2006-11-05,0,12
2006-11-06,0,12
2006-11-07,0,12
2006-11-08,0,12
2006-11-09,0,12
2006-11-10,0,12
2006-11-11,0,12
2006-11-12,0,13
2006-11-13,0,13
2006-11-14,0,13
2006-11-15,0,13
2006-11-16,0,13
2006-11-17,0,12
2006-11-18,0,12
2006-11-19,0,12
2006-11-20,0,12
2006-11-21,0,12
2006-11-22,0,12
2006-11-23,0,12
2006-11-24,0,12
2006-11-25,0,12
2006-11-26,0,12
2006-11-27,0,13
2006-11-28,0,13
2006-11-29,0,13
2006-11-30,0,13
2006-12-01,0,13
2006-12-02,0,12
2006-12-03,0,12
2006-12-04,0,12
2006-12-05,0,12
2006-12-06,0,12
2006-12-07,0,12
2006-12-08,0,12
2006-12-09,0,12
2006-12-10,0,12
2006-12-11,0,12
2006-12-12,0,13
2006-12-13,0,13
2006-12-14,0,13
2006-12-15,0,13
2006-12-16,0,12
2006-12-17,0,12
2006-12-18,0,12
2006-12-19,0,12
2006-12-20,0,12
2006-12-21,0,12
2006-12-22,0,12
2006-12-23,0,12
2006-12-24,0,12
2006-12-25,0,12
2006-12-26,0,12
2006-12-27,0,13
2006-12-28,0,13
2006-12-29,0,13
2006-12-30,0,13
2006-12-31,0,12
2007-01-01,0,12
2007-01-02,0,12
2007-01-03,0,12
2007-01-04,0,12
2007-01-05,0,12
2007-01-06,0,12
2007-01-07,0,12
2007-01-08,0,12
2007-01-09,0,12
2007-01-10,0,12
2007-01-11,0,13
2007-01-12,0,13
2007-01-13,0,13
2007-01-14,0,13
2007-01-15,0,13
2007-01-16,0,12
2007-01-17,0,12
2007-01-18,0,12
2007-01-19,0,12
2007-01-20,0,12
2007-01-21,0,12
2007-01-22,0,12
2007-01-23,0,12
2007-01-24,0,12
2007-01-25,0,12
2007-01-26,0,13
2007-01-27,0,13
2007-01-28,0,13
2007-01-29,0,13
2007-01-30,0,13
2007-01-31,0,12
2007-02-01,0,12
2007-02-02,0,12
2007-02-03,0,12
2007-02-04,0,12
2007-02-05,0,12
2007-02-06,0,12
2007-02-07,0,12
2007-02-08,0,12
2007-02-09,0,12
2007-02-10,0,13
2007-02-11,0,13
2007-02-12,0,13
2007-02-13,0,13
2007-02-14,0,13
2007-02-15,0,12
2007-02-16,0,12
2007-02-17,0,12
2007-02-18,0,12
2007-02-19,0,12
2007-02-20,0,12
2007-02-21,0,12
2007-02-22,0,12
2007-02-23,0,12
2007-02-24,0,12
2007-02-25,0,13
2007-02-26,0,13
2007-02-27,0,13
2007-02-28,0,13
2007-03-01,0,13
2007-03-02,0,12
2007-03-03,0,12
2007-03-04,0,12
2007-03-05,0,12
2007-03-06,0,12
2007-03-07,0,12
2007-03-08,0,12
2007-03-09,0,12
2007-03-10,0,12
2007-03-11,0,12
2007-03-12,0,13
2007-03-13,0,13
2007-03-14,0,12
2007-03-15,0,12
2007-03-16,0,12
2007-03-17,0,12
2007-03-18,0,12
2007-03-19,0,12
2007-03-20,0,12
2007-03-21,0,12
2007-03-22,0,12
2007-03-23,0,12
2007-03-24,0,12
2007-03-25,0,12
2007-03-26,0,12
2007-03-27,0,13
2007-03-28,0,13
2007-03-29,0,12
2007-03-30,0,12
2007-03-31,0,12
2007-04-01,0,12
2007-04-02,0,12
2007-04-03,0,12
2007-04-04,0,12
2007-04-05,0,12
2007-04-06,0,12
2007-04-07,0,12
2007-04-08,0,12
2007-04-09,0,12
2007-04-10,0,12
2007-04-11,0,13
2007-04-12,0,13
2007-04-13,0,13
2007-04-14,0,12
2007-04-15,0,12
2007-04-16,0,12
2007-04-17,0,12
2007-04-18,0,12
2007-04-19,0,12
2007-04-20,0,12
2007-04-21,0,12
2007-04-22,0,12
2007-04-23,0,12
2007-04-24,0,12
2007-04-25,0,12
2007-04-26,0,13
2007-04-27,0,13
2007-04-28,0,13
2007-04-29,0,12
2007-04-30,0,12
2007-05-01,0,12
2007-05-02,0,12
2007-05-03,0,12
2007-05-04,0,12
2007-05-05,0,12
2007-05-06,0,12
2007-05-07,0,12
2007-05-08,0,12
2007-05-09,0,12
2007-05-10,0,12
2007-05-11,0,13
2007-05-12,0,13
2007-05-13,0,12
2007-05-14,0,12
2007-05-15,0,12
2007-05-16,0,12
2007-05-17,0,12
2007-05-18,0,12
2007-05-19,0,12
2007-05-20,0,12
2007-05-21,0,12
2007-05-22,0,12
2007-05-23,0,12
2007-05-24,0,12
2007-05-25,0,12
2007-05-26,0,13
2007-05-27,0,13
2007-05-28,0,12
2007-05-29,0,12
2007-05-30,0,12
2007-05-31,0,12
2007-06-01,0,12
2007-06-02,0,12
2007-06-03,0,12
2007-06-04,0,12
2007-06-05,0,12
2007-06-06,0,12
2007-06-07,0,12
2007-06-08,0,12
2007-06-09,0,12
2007-06-10,0,13
2007-06-11,0,13
2007-06-12,0,13
2007-06-13,0,12
2007-06-14,0,12
2007-06-15,0,12
2007-06-16,0,12
2007-06-17,0,12
2007-06-18,0,12
2007-06-19,0,12
2007-06-20,0,12
2007-06-21,0,12
2007-06-22,0,12
2007-06-23,0,12
2007-06-24,0,12
2007-06-25,0,13
2007-06-26,0,13
2007-06-27,0,13
2007-06-28,0,12
2007-06-29,0,12
2007-06-30,0,12
2007-07-01,0,12
2007-07-02,0,12
2007-07-03,0,12
2007-07-04,0,12
2007-07-05,0,12
2007-07-06,0,12
2007-07-07,0,12
2007-07-08,0,12
2007-07-09,0,12
2007-07-10,0,13
2007-07-11,0,13
2007-07-12,0,12
2007-07-13,0,12
2007-07-14,0,12
2007-07-15,0,12
2007-07-16,0,12
2007-07-17,0,12
2007-07-18,0,12
2007-07-19,0,12
2007-07-20,0,12
2007-07-21,0,12
2007-07-22,0,12
2007-07-23,0,12
2007-07-24,0,12
2007-07-25,0,13
2007-07-26,0,13
2007-07-27,0,12
2007-07-28,0,12
2007-07-29,0,12
2007-07-30,0,12
2007-07-31,0,12
2007-08-01,0,12
2007-08-02,100,12
2007-08-03,0,12
2007-08-04,0,12
2007-08-05,0,12
2007-08-06,0,12
2007-08-07,0,12
2007-08-08,0,12
2007-08-09,0,13
2007-08-10,0,13
2007-08-11,0,12
2007-08-12,0,12
2007-08-13,0,12
2007-08-14,0,12
2007-08-15,0,12
2007-08-16,0,12
2007-08-17,0,12
2007-08-18,0,12
2007-08-19,0,12
2007-08-20,0,12
2007-08-21,0,12
2007-08-22,0,12
2007-08-23,0,12
2007-08-24,0,13
2007-08-25,0,13
2007-08-26,0,12
2007-08-27,0,12
2007-08-28,0,12
2007-08-29,0,12
2007-08-30,0,12
2007-08-31,0,12
2007-09-01,0,12
2007-09-02,0,12
2007-09-03,0,12
2007-09-04,0,12
2007-09-05,0,12
2007-09-06,0,12
2007-09-07,0,12
2007-09-08,0,13
2007-09-09,0,13
2007-09-10,0,13
2007-09-11,0,13
2007-09-12,0,13
2007-09-13,0,12
2007-09-14,0,12
2007-09-15,0,12
2007-09-16,0,12
2007-09-17,0,12
2007-09-18,0,12
2007-09-19,0,12
2007-09-20,0,12
2007-09-21,0,12
2007-09-22,0,12
2007-09-23,0,13
2007-09-24,0,13
2007-09-25,0,13
2007-09-26,0,13
2007-09-27,0,13
2007-09-28,0,12
2007-09-29,0,12
2007-09-30,0,12
2007-10-01,0,12
2007-10-02,0,12
2007-10-03,0,12
2007-10-04,0,12
2007-10-05,0,12
2007-10-06,0,12
2007-10-07,0,12
2007-10-08,0,13
2007-10-09,0,13
2007-10-10,0,13
2007-10-11,0,13
2007-10-12,0,12
2007-10-13,0,12
2007-10-14,0,12
2007-10-15,0,12
2007-10-16,0,12
2007-10-17,0,12
2007-10-18,0,12
2007-10-19,0,12
2007-10-20,0,12
2007-10-21,0,12
2007-10-22,0,12
2007-10-23,0,13
2007-10-24,0,13
2007-10-25,0,13
2007-10-26,0,13
2007-10-27,0,12
2007-10-28,0,12
2007-10-29,0,12
2007-10-30,0,12
2007-10-31,0,12
2007-11-01,0,12
2007-11-02,0,12
2007-11-03,0,12
2007-11-04,0,12
2007-11-05,0,12
2007-11-06,0,12
2007-11-07,0,13
2007-11-08,0,13
2007-11-09,0,13
2007-11-10,0,13
2007-11-11,0,13
2007-11-12,0,12
2007-11-13,0,12
2007-11-14,0,12
2007-11-15,0,12
2007-11-16,0,12
2007-11-17,0,12
2007-11-18,0,12
2007-11-19,0,12
2007-11-20,0,12
2007-11-21,0,12
2007-11-22,0,13
2007-11-23,0,13
2007-11-24,0,13
2007-11-25,0,13
2007-11-26,0,13
2007-11-27,0,12
2007-11-28,0,12
2007-11-29,0,12
2007-11-30,0,12
2007-12-01,0,12
2007-12-02,0,12
2007-12-03,0,12
2007-12-04,0,12
2007-12-05,0,12
2007-12-06,0,12
2007-12-07,0,13
2007-12-08,0,13
2007-12-09,0,13
2007-12-10,0,13
2007-12-11,0,12
2007-12-12,0,12
2007-12-13,0,12
2007-12-14,0,12
2007-12-15,0,12
2007-12-16,0,12
2007-12-17,0,12
2007-12-18,0,12
2007-12-19,0,12
2007-12-20,0,12
2007-12-21,0,12
2007-12-22,0,13
2007-12-23,0,13
2007-12-24,0,13
2007-12-25,0,13
2007-12-26,0,12
2007-12-27,0,12
2007-12-28,0,12
2007-12-29,0,12
2007-12-30,0,12
2007-12-31,0,12
2008-01-01,0,12
2008-01-02,0,12
2008-01-03,0,12
2008-01-04,0,12
2008-01-05,0,12
2008-01-06,0,13
2008-01-07,0,13
2008-01-08,0,13
2008-01-09,0,13
2008-01-10,0,13
2008-01-11,0,12
2008-01-12,0,12
2008-01-13,0,12
2008-01-14,0,12
2008-01-15,0,12
2008-01-16,0,12
2008-01-17,0,12
2008-01-18,0,12
2008-01-19,0,12
2008-01-20,0,12
2008-01-21,0,13
2008-01-22,0,13
2008-01-23,0,13
2008-01-24,0,13
2008-01-25,0,13
2008-01-26,0,12
2008-01-27,0,12
2008-01-28,0,12
2008-01-29,0,12
2008-01-30,0,12
2008-01-31,0,12
2008-02-01,0,12
2008-02-02,0,12
2008-02-03,0,12
2008-02-04,0,12
2008-02-05,0,13
2008-02-06,0,13
2008-02-07,0,13
2008-02-08,0,13
2008-02-09,0,13
2008-02-10,0,12
2008-02-11,0,12
2008-02-12,0,12
2008-02-13,0,12
2008-02-14,0,12
2008-02-15,0,12
2008-02-16,0,12
2008-02-17,0,12
2008-02-18,0,12
2008-02-19,0,12
2008-02-20,0,13
2008-02-21,0,13
2008-02-22,0,13
2008-02-23,100,13
2008-02-24,0,13
2008-02-25,0,12
2008-02-26,0,12
2008-02-27,0,12
2008-02-28,0,12
2008-02-29,0,12
2008-03-01,0,12
2008-03-02,0,12
2008-03-03,0,12
2008-03-04,0,12
2008-03-05,0,12
2008-03-06,0,13
2008-03-07,0,13
2008-03-08,0,13
2008-03-09,0,12
2008-03-10,0,12
2008-03-11,0,12
2008-03-12,0,12
2008-03-13,0,12
2008-03-14,0,12
2008-03-15,0,12
2008-03-16,0,12
2008-03-17,0,12
2008-03-18,0,12
2008-03-19,0,12
2008-03-20,0,12
2008-03-21,0,13
2008-03-22,0,13
2008-03-23,0,13
2008-03-24,0,12
2008-03-25,0,12
2008-03-26,0,12
2008-03-27,0,12
2008-03-28,0,12
2008-03-29,0,12
2008-03-30,0,12
2008-03-31,0,12
2008-04-01,0,12
2008-04-02,0,12
2008-04-03,0,12
2008-04-04,0,12
2008-04-05,0,13
2008-04-06,0,13
2008-04-07,0,13
2008-04-08,0,13
2008-04-09,0,12
2008-04-10,0,12
2008-04-11,0,12
2008-04-12,0,12
2008-04-13,0,12
2008-04-14,0,12
2008-04-15,0,12
2008-04-16,0,12
2008-04-17,0,12
2008-04-18,0,12
2008-04-19,0,12
2008-04-20,0,13
2008-04-21,0,13
2008-04-22,0,13
2008-04-23,0,13
2008-04-24,0,12
2008-04-25,0,12
2008-04-26,0,12
2008-04-27,0,12
2008-04-28,0,12
2008-04-29,0,12
2008-04-30,0,12
2008-05-01,0,12
2008-05-02,0,12
2008-05-03,0,12
2008-05-04,0,12
2008-05-05,0,13
2008-05-06,0,13
2008-05-07,0,13
2008-05-08,0,12
2008-05-09,0,12
2008-05-10,0,12
2008-05-11,0,12
2008-05-12,0,12
2008-05-13,0,12
2008-05-14,0,12
2008-05-15,0,12
2008-05-16,0,12
2008-05-17,0,12
2008-05-18,0,12
2008-05-19,0,12
2008-05-20,0,13
2008-05-21,0,13
2008-05-22,0,13
2008-05-23,0,12
2008-05-24,0,12
2008-05-25,0,12
2008-05-26,0,12
2008-05-27,0,12
2008-05-28,0,12
2008-05-29,0,12
2008-05-30,0,12
2008-05-31,0,12
2008-06-01,0,12
2008-06-02,0,12
2008-06-03,0,12
2008-06-04,0,13
2008-06-05,0,13
2008-06-06,0,13
2008-06-07,0,13
2008-06-08,0,12
2008-06-09,0,12
2008-06-10,0,12
2008-06-11,0,12
2008-06-12,0,12
2008-06-13,0,12
2008-06-14,0,12
2008-06-15,0,12
2008-06-16,0,12
2008-06-17,0,12
2008-06-18,0,12
2008-06-19,0,13
2008-06-20,0,13
2008-06-21,0,13
2008-06-22,0,13
2008-06-23,0,12
2008-06-24,0,12
2008-06-25,0,12
2008-06-26,0,12
2008-06-27,0,12
2008-06-28,0,12
2008-06-29,0,12
2008-06-30,0,12
2008-07-01,0,12
2008-07-02,0,12
2008-07-03,0,12
2008-07-04,0,13
2008-07-05,0,13
2008-07-06,0,13
2008-07-07,0,12
2008-07-08,0,12
2008-07-09,0,12
2008-07-10,0,12
2008-07-11,0,12
2008-07-12,0,12
2008-07-13,0,12
2008-07-14,0,12
2008-07-15,0,12
2008-07-16,0,12
2008-07-17,0,12
2008-07-18,0,12
2008-07-19,0,13
2008-07-20,0,13
2008-07-21,0,13
2008-07-22,0,12
2008-07-23,0,12
2008-07-24,0,12
2008-07-25,0,12
2008-07-26,0,12
2008-07-27,0,12
2008-07-28,0,12
2008-07-29,0,12
2008-07-30,0,12
2008-07-31,0,12
2008-08-01,0,12
2008-08-02,0,12
2008-08-03,0,13
2008-08-04,0,13
2008-08-05,0,13
2008-08-06,0,12
2008-08-07,0,12
2008-08-08,0,12
2008-08-09,0,12
2008-08-10,0,12
2008-08-11,0,12
2008-08-12,0,12
2008-08-13,0,12
2008-08-14,0,12
2008-08-15,0,12
2008-08-16,0,12
2008-08-17,0,12
2008-08-18,0,13
2008-08-19,0,13
2008-08-20,0,13
2008-08-21,0,12
2008-08-22,0,12
2008-08-23,0,12
2008-08-24,0,12
2008-08-25,0,12
2008-08-26,0,12
2008-08-27,0,12
2008-08-28,0,12
2008-08-29,0,12
2008-08-30,0,12
2008-08-31,0,12
2008-09-01,0,12
2008-09-02,0,13
2008-09-03,0,13
2008-09-04,0,13
2008-09-05,0,13
2008-09-06,0,13
2008-09-07,0,12
2008-09-08,0,12
2008-09-09,0,12
2008-09-10,0,12
2008-09-11,0,12
2008-09-12,0,12
2008-09-13,0,12
2008-09-14,0,12
2008-09-15,0,12
2008-09-16,0,12
2008-09-17,0,13
2008-09-18,0,13
2008-09-19,0,13
2008-09-20,0,13
2008-09-21,0,13
2008-09-22,0,12
2008-09-23,0,12
2008-09-24,0,12
2008-09-25,0,12
2008-09-26,0,12
2008-09-27,0,12
2008-09-28,0,12
2008-09-29,0,12
2008-09-30,0,12
2008-10-01,0,12
2008-10-02,0,13
2008-10-03,0,13
2008-10-04,0,13
2008-10-05,0,13
2008-10-06,0,12
2008-10-07,0,12
2008-10-08,0,12
2008-10-09,0,12
2008-10-10,0,12
2008-10-11,0,12
2008-10-12,0,12
2008-10-13,0,12
2008-10-14,0,12
2008-10-15,0,12
2008-10-16,0,12
2008-10-17,0,13
2008-10-18,0,13
2008-10-19,0,13
2008-10-20,0,13
2008-10-21,0,12
2008-10-22,0,12
2008-10-23,0,12
2008-10-24,0,12
2008-10-25,0,12
2008-10-26,0,12
2008-10-27,0,12
2008-10-28,0,12
2008-10-29,0,12
2008-10-30,0,12
2008-10-31,0,12
2008-11-01,0,13
2008-11-02,0,13
2008-11-03,0,13
2008-11-04,0,13
2008-11-05,0,13
2008-11-06,0,12
2008-11-07,0,12
2008-11-08,0,12
2008-11-09,0,12
2008-11-10,0,12
2008-11-11,0,12
2008-11-12,0,12
2008-11-13,0,12
2008-11-14,0,12
2008-11-15,0,12
2008-11-16,0,13
2008-11-17,0,13
2008-11-18,0,13
2008-11-19,0,13
2008-11-20,0,13
2008-11-21,0,12
2008-11-22,0,12
2008-11-23,0,12
2008-11-24,0,12
2008-11-25,0,12
2008-11-26,0,12
2008-11-27,0,12
2008-11-28,0,12
2008-11-29,0,12
2008-11-30,0,12
2008-12-01,0,13
2008-12-02,0,13
2008-12-03,0,13
2008-12-04,0,13
2008-12-05,0,12
2008-12-06,0,12
2008-12-07,0,12
2008-12-08,0,12
2008-12-09,0,12
2008-12-10,0,12
2008-12-11,0,12
2008-12-12,0,12
2008-12-13,0,12
2008-12-14,0,12
2008-12-15,0,12
2008-12-16,0,13
2008-12-17,0,13
2008-12-18,0,13
2008-12-19,100,13
2008-12-20,0,12
2008-12-21,0,12
2008-12-22,0,12
2008-12-23,0,12
2008-12-24,0,12
2008-12-25,0,12
2008-12-26,0,12
2008-12-27,0,12
2008-12-28,0,12
2008-12-29,0,12
2008-12-30,0,12
2008-12-31,0,13
2009-01-01,0,13
2009-01-02,0,13
2009-01-03,0,13
2009-01-04,0,13
2009-01-05,0,12
2009-01-06,0,12
2009-01-07,0,12
2009-01-08,0,12
2009-01-09,0,12
2009-01-10,0,12
2009-01-11,0,12
2009-01-12,0,12
2009-01-13,0,12
2009-01-14,0,12
2009-01-15,0,13
2009-01-16,0,13
2009-01-17,0,13
2009-01-18,0,13
2009-01-19,0,13
2009-01-20,0,12
2009-01-21,0,12
2009-01-22,0,12
2009-01-23,0,12
2009-01-24,0,12
2009-01-25,0,12
2009-01-26,0,12
2009-01-27,0,12
2009-01-28,0,12
2009-01-29,0,12
2009-01-30,0,13
2009-01-31,0,13
2009-02-01,0,13
2009-02-02,0,13
2009-02-03,0,13
2009-02-04,0,12
2009-02-05,0,12
2009-02-06,0,12
2009-02-07,0,12
2009-02-08,0,12
2009-02-09,0,12
2009-02-10,0,12
2009-02-11,0,12
2009-02-12,0,12
2009-02-13,0,12
2009-02-14,0,13
2009-02-15,0,13
2009-02-16,0,13
2009-02-17,0,13
2009-02-18,0,13
2009-02-19,0,12
2009-02-20,0,12
2009-02-21,0,12
2009-02-22,0,12
2009-02-23,0,12
2009-02-24,0,12
2009-02-25,0,12
2009-02-26,0,12
2009-02-27,0,12
2009-02-28,0,12
2009-03-01,0,13
2009-03-02,0,13
2009-03-03,0,12
2009-03-04,0,12
2009-03-05,0,12
2009-03-06,0,12
2009-03-07,0,12
2009-03-08,0,12
2009-03-09,0,12
2009-03-10,0,12
2009-03-11,0,12
2009-03-12,0,12
2009-03-13,0,12
2009-03-14,0,12
2009-03-15,0,12
2009-03-16,0,13
2009-03-17,0,13
2009-03-18,0,12
2009-03-19,0,12
2009-03-20,0,12
2009-03-21,0,12
2009-03-22,0,12
2009-03-23,0,12
2009-03-24,0,12
2009-03-25,0,12
2009-03-26,0,12
2009-03-27,0,12
2009-03-28,0,12
2009-03-29,0,12
2009-03-30,0,12
2009-03-31,0,13
2009-04-01,0,13
2009-04-02,0,13
2009-04-03,0,12
2009-04-04,0,12
2009-04-05,0,12
2009-04-06,0,12
2009-04-07,0,12
2009-04-08,0,12
2009-04-09,0,12
2009-04-10,0,12
2009-04-11,0,12
2009-04-12,0,12
2009-04-13,0,12
2009-04-14,0,12
2009-04-15,0,13
2009-04-16,0,13
2009-04-17,0,13
2009-04-18,0,12
2009-04-19,0,12
2009-04-20,0,12
2009-04-21,0,12
2009-04-22,0,12
2009-04-23,0,12
2009-04-24,0,12
2009-04-25,0,12
2009-04-26,0,12
2009-04-27,0,12
2009-04-28,0,12
2009-04-29,0,12
2009-04-30,0,13
2009-05-01,0,13
2009-05-02,0,12
2009-05-03,0,12
2009-05-04,0,12
2009-05-05,0,12
2009-05-06,0,12
2009-05-07,0,12
2009-05-08,0,12
2009-05-09,0,12
2009-05-10,0,12
2009-05-11,0,12
2009-05-12,0,12
2009-05-13,0,12
2009-05-14,0,12
2009-05-15,0,13
2009-05-16,0,13
2009-05-17,0,12
2009-05-18,0,12
2009-05-19,0,12
2009-05-20,0,12
2009-05-21,0,12
2009-05-22,0,12
2009-05-23,0,12
2009-05-24,0,12
2009-05-25,0,12
2009-05-26,0,12
2009-05-27,0,12
2009-05-28,0,12
2009-05-29,0,12
2009-05-30,0,13
2009-05-31,0,13
2009-06-01,0,13
2009-06-02,0,12
2009-06-03,0,12
2009-06-04,0,12
2009-06-05,0,12
2009-06-06,0,12
2009-06-07,0,12
2009-06-08,0,12
2009-06-09,0,12
2009-06-10,0,12
2009-06-11,0,12
2009-06-12,0,12
2009-06-13,0,12
2009-06-14,0,13
2009-06-15,0,13
2009-06-16,0,13
2009-06-17,0,12
2009-06-18,0,12
2009-06-19,0,12
2009-06-20,0,12
2009-06-21,0,12
2009-06-22,0,12
2009-06-23,0,12
2009-06-24,0,12
2009-06-25,0,12
2009-06-26,0,12
2009-06-27,0,12
2009-06-28,0,12
2009-06-29,0,13
2009-06-30,0,13
2009-07-01,0,13
2009-07-02,0,12
2009-07-03,0,12
2009-07-04,0,12
2009-07-05,0,12
2009-07-06,0,12
2009-07-07,0,12
2009-07-08,0,12
2009-07-09,0,12
2009-07-10,0,12
2009-07-11,0,12
2009-07-12,0,12
2009-07-13,0,12
2009-07-14,0,13
2009-07-15,0,13
2009-07-16,0,12
2009-07-17,0,12
2009-07-18,0,12
2009-07-19,0,12
2009-07-20,0,12
2009-07-21,0,12
2009-07-22,0,12
2009-07-23,0,12
2009-07-24,0,12
2009-07-25,0,12
2009-07-26,0,12
2009-07-27,0,12
2009-07-28,0,12
2009-07-29,0,13
2009-07-30,0,13
2009-07-31,0,12
2009-08-01,0,12
2009-08-02,0,12
2009-08-03,0,12
2009-08-04,0,12
2009-08-05,0,12
2009-08-06,0,12
2009-08-07,0,12
2009-08-08,0,12
2009-08-09,0,12
2009-08-10,0,12
2009-08-11,0,12
2009-08-12,0,12
2009-08-13,0,13
2009-08-14,0,13
2009-08-15,0,12
2009-08-16,0,12
2009-08-17,0,12
2009-08-18,0,12
2009-08-19,0,12
2009-08-20,0,12
2009-08-21,0,12
2009-08-22,0,12
2009-08-23,0,12
2009-08-24,0,12
2009-08-25,0,12
2009-08-26,0,12
2009-08-27,0,12
2009-08-28,0,13
2009-08-29,0,13
2009-08-30,0,13
2009-08-31,0,13
2009-09-01,0,13
2009-09-02,0,12
2009-09-03,0,12
2009-09-04,0,12
2009-09-05,0,12
2009-09-06,0,12
2009-09-07,0,12
2009-09-08,0,12
2009-09-09,0,12
2009-09-10,0,12
2009-09-11,0,12
2009-09-12,0,13
2009-09-13,0,13
2009-09-14,0,13
2009-09-15,0,13
2009-09-16,0,13
2009-09-17,0,12
2009-09-18,0,12
2009-09-19,0,12
2009-09-20,0,12
2009-09-21,0,12
2009-09-22,0,12
2009-09-23,0,12
2009-09-24,0,12
2009-09-25,0,12
2009-09-26,0,12
2009-09-27,0,13
2009-09-28,0,13
2009-09-29,0,13
2009-09-30,0,13
2009-10-01,0,13
2009-10-02,0,12
2009-10-03,0,12
2009-10-04,0,12
2009-10-05,0,12
2009-10-06,0,12
2009-10-07,0,12
2009-10-08,0,12
2009-10-09,0,12
2009-10-10,0,12
2009-10-11,0,12
2009-10-12,0,13
2009-10-13,0,13
2009-10-14,0,13
2009-10-15,0,13
2009-10-16,0,12
2009-10-17,0,12
2009-10-18,0,12
2009-10-19,0,12
2009-10-20,0,12
2009-10-21,0,12
2009-10-22,0,12
2009-10-23,0,12
2009-10-24,0,12
2009-10-25,0,12
2009-10-26,0,12
2009-10-27,0,13
2009-10-28,0,13
2009-10-29,0,13
2009-10-30,0,13
2009-10-31,0,12
2009-11-01,0,12
2009-11-02,0,12
2009-11-03,0,12
2009-11-04,0,12
2009-11-05,0,12
2009-11-06,0,12
2009-11-07,0,12
2009-11-08,0,12
2009-11-09,0,12
2009-11-10,0,12
2009-11-11,0,13
2009-11-12,0,13
2009-11-13,0,13
2009-11-14,0,13
2009-11-15,0,13
2009-11-16,0,12
2009-11-17,0,12
2009-11-18,0,12
2009-11-19,0,12
2009-11-20,0,12
2009-11-21,0,12
2009-11-22,0,12
2009-11-23,0,12
2009-11-24,0,12
2009-11-25,0,12
2009-11-26,0,13
2009-11-27,0,13
2009-11-28,0,13
2009-11-29,0,13
2009-11-30,0,13
2009-12-01,0,12
2009-12-02,0,12
2009-12-03,0,12
2009-12-04,0,12
2009-12-05,0,12
2009-12-06,0,12
2009-12-07,0,12
2009-12-08,0,12
2009-12-09,0,12
2009-12-10,0,12
2009-12-11,0,13
2009-12-12,0,13
2009-12-13,0,13
2009-12-14,0,13
2009-12-15,0,12
2009-12-16,0,12
2009-12-17,0,12
2009-12-18,0,12
2009-12-19,0,12
2009-12-20,0,12
2009-12-21,0,12
2009-12-22,0,12
2009-12-23,0,12
2009-12-24,0,12
2009-12-25,0,12
2009-12-26,0,13
2009-12-27,0,13
2009-12-28,0,13
2009-12-29,0,13
2009-12-30,0,12
2009-12-31,0,12
2010-01-01,0,12
2010-01-02,0,12
2010-01-03,0,12
2010-01-04,0,12
2010-01-05,0,12
2010-01-06,0,12
2010-01-07,0,12
2010-01-08,0,12
2010-01-09,0,12
2010-01-10,0,13
2010-01-11,0,13
2010-01-12,0,13
2010-01-13,0,13
2010-01-14,0,13
2010-01-15,0,12
2010-01-16,0,12
2010-01-17,0,12
2010-01-18,0,12
2010-01-19,0,12
2010-01-20,0,12
2010-01-21,0,12
2010-01-22,0,12
2010-01-23,0,12
2010-01-24,0,12
2010-01-25,0,13
2010-01-26,0,13
2010-01-27,0,13
2010-01-28,0,13
2010-01-29,0,13
2010-01-30,0,12
2010-01-31,0,12
2010-02-01,0,12
2010-02-02,0,12
2010-02-03,0,12
2010-02-04,0,12
2010-02-05,0,12
2010-02-06,0,12
2010-02-07,0,12
2010-02-08,0,12
2010-02-09,0,13
2010-02-10,0,13
2010-02-11,0,13
2010-02-12,0,13
2010-02-13,0,13
2010-02-14,0,12
2010-02-15,0,12
2010-02-16,0,12
2010-02-17,0,12
2010-02-18,0,12
2010-02-19,0,12
2010-02-20,0,12
2010-02-21,0,12
2010-02-22,0,12
2010-02-23,0,12
2010-02-24,0,13
2010-02-25,0,13
2010-02-26,0,13
2010-02-27,0,13
2010-02-28,0,13
2010-03-01,0,12
2010-03-02,0,12
2010-03-03,0,12
2010-03-04,0,12
2010-03-05,0,12
2010-03-06,0,12
2010-03-07,0,12
2010-03-08,0,12
2010-03-09,0,12
2010-03-10,0,12
2010-03-11,0,13
2010-03-12,0,13
2010-03-13,0,12
2010-03-14,0,12
2010-03-15,0,12
2010-03-16,0,12
2010-03-17,0,12
2010-03-18,0,12
2010-03-19,0,12
2010-03-20,0,12
2010-03-21,0,12
2010-03-22,0,12
2010-03-23,0,12
2010-03-24,0,12
2010-03-25,0,12
2010-03-26,0,13
2010-03-27,0,13
2010-03-28,0,12
2010-03-29,0,12
2010-03-30,100,12
2010-03-31,0,12
2010-04-01,0,12
2010-04-02,0,12
2010-04-03,0,12
2010-04-04,0,12
2010-04-05,0,12
2010-04-06,0,12
2010-04-07,0,12
2010-04-08,0,12
2010-04-09,0,12
2010-04-10,0,13
2010-04-11,0,13
2010-04-12,0,13
2010-04-13,0,12
2010-04-14,0,12
2010-04-15,0,12
2010-04-16,0,12
2010-04-17,0,12
2010-04-18,0,12
2010-04-19,0,12
2010-04-20,0,12
2010-04-21,0,12
2010-04-22,0,12
2010-04-23,0,12
2010-04-24,0,12
2010-04-25,0,13
2010-04-26,0,13
2010-04-27,0,13
2010-04-28,0,12
2010-04-29,0,12
2010-04-30,0,12
2010-05-01,0,12
2010-05-02,0,12
2010-05-03,0,12
2010-05-04,0,12
2010-05-05,0,12
2010-05-06,0,12
2010-05-07,0,12
2010-05-08,0,12
2010-05-09,0,12
2010-05-10,0,13
2010-05-11,0,13
2010-05-12,0,12
2010-05-13,0,12
2010-05-14,0,12
2010-05-15,0,12
2010-05-16,0,12
2010-05-17,0,12
2010-05-18,0,12
2010-05-19,0,12
2010-05-20,0,12
2010-05-21,0,12
2010-05-22,0,12
2010-05-23,0,12
2010-05-24,0,12
2010-05-25,0,13
2010-05-26,0,13
2010-05-27,0,12
2010-05-28,0,12
2010-05-29,0,12
2010-05-30,0,12
2010-05-31,0,12
2010-06-01,0,12
2010-06-02,0,12
2010-06-03,0,12
2010-06-04,0,12
2010-06-05,0,12
2010-06-06,0,12
2010-06-07,0,12
2010-06-08,0,12
2010-06-09,0,13
2010-06-10,0,13
2010-06-11,0,13
2010-06-12,0,12
2010-06-13,0,12
2010-06-14,0,12
2010-06-15,0,12
2010-06-16,0,12
2010-06-17,0,12
2010-06-18,0,12
2010-06-19,0,12
2010-06-20,0,12
2010-06-21,0,12
2010-06-22,0,12
2010-06-23,0,12
2010-06-24,0,13
2010-06-25,0,13
2010-06-26,0,13
2010-06-27,0,12
2010-06-28,0,12
2010-06-29,0,12
2010-06-30,0,12
2010-07-01,0,12
2010-07-02,0,12
2010-07-03,0,12
2010-07-04,0,12
2010-07-05,0,12
2010-07-06,0,12
2010-07-07,0,12
2010-07-08,0,12
2010-07-09,0,13
2010-07-10,0,13
2010-07-11,0,12
2010-07-12,0,12
2010-07-13,0,12
2010-07-14,0,12
2010-07-15,0,12
2010-07-16,0,12
2010-07-17,0,12
2010-07-18,0,12
2010-07-19,0,12
2010-07-20,0,12
2010-07-21,0,12
2010-07-22,0,12
2010-07-23,0,12
2010-07-24,0,13
2010-07-25,0,13
2010-07-26,0,12
2010-07-27,0,12
2010-07-28,0,12
2010-07-29,0,12
2010-07-30,0,12
2010-07-31,0,12
2010-08-01,0,12
2010-08-02,0,12
2010-08-03,0,12
2010-08-04,0,12
2010-08-05,0,12
2010-08-06,0,12
2010-08-07,0,12
2010-08-08,0,13
2010-08-09,0,13
2010-08-10,0,12
2010-08-11,0,12
2010-08-12,0,12
2010-08-13,0,12
2010-08-14,0,12
2010-08-15,0,12
2010-08-16,0,12
2010-08-17,0,12
2010-08-18,0,12
2010-08-19,0,12
2010-08-20,0,12
2010-08-21,0,12
2010-08-22,0,12
2010-08-23,0,13
2010-08-24,0,13
2010-08-25,0,12
2010-08-26,0,12
2010-08-27,0,12
2010-08-28,0,12
2010-08-29,0,12
2010-08-30,0,12
2010-08-31,0,12
2010-09-01,0,12
2010-09-02,0,12
2010-09-03,0,12
2010-09-04,0,12
2010-09-05,0,12
2010-09-06,0,12
2010-09-07,0,13
2010-09-08,0,13
2010-09-09,0,13
2010-09-10,0,13
2010-09-11,0,13
2010-09-12,0,12
2010-09-13,0,12
2010-09-14,0,12
2010-09-15,0,12
2010-09-16,0,12
2010-09-17,0,12
2010-09-18,0,12
2010-09-19,0,12
2010-09-20,0,12
2010-09-21,0,12
2010-09-22,0,13
2010-09-23,0,13
2010-09-24,0,13
2010-09-25,0,13
2010-09-26,0,13
2010-09-27,0,12
2010-09-28,0,12
2010-09-29,0,12
2010-09-30,0,12
2010-10-01,0,12
2010-10-02,0,12
2010-10-03,0,12
2010-10-04,0,12
2010-10-05,0,12
2010-10-06,0,12
2010-10-07,0,13
2010-10-08,0,13
2010-10-09,0,13
2010-10-10,0,13
2010-10-11,0,12
2010-10-12,0,12
2010-10-13,0,12
2010-10-14,0,12
2010-10-15,0,12
2010-10-16,0,12
2010-10-17,0,12
2010-10-18,0,12
2010-10-19,0,12
2010-10-20,0,12
2010-10-21,0,12
2010-10-22,0,13
2010-10-23,0,13
2010-10-24,0,13
2010-10-25,0,13
2010-10-26,0,12
2010-10-27,0,12
2010-10-28,0,12
2010-10-29,0,12
2010-10-30,0,12
2010-10-31,0,12
2010-11-01,0,12
2010-11-02,0,12
2010-11-03,0,12
2010-11-04,0,12
2010-11-05,0,12
2010-11-06,0,13
2010-11-07,0,13
2010-11-08,0,13
2010-11-09,0,13
2010-11-10,0,13
2010-11-11,0,12
2010-11-12,0,12
2010-11-13,0,12
2010-11-14,0,12
2010-11-15,0,12
2010-11-16,0,12
2010-11-17,0,12
2010-11-18,0,12
2010-11-19,0,12
2010-11-20,0,12
2010-11-21,0,13
2010-11-22,0,13
2010-11-23,0,13
2010-11-24,0,13
2010-11-25,0,13
2010-11-26,0,12
2010-11-27,0,12
2010-11-28,0,12
2010-11-29,0,12
2010-11-30,0,12
2010-12-01,0,12
2010-12-02,0,12
2010-12-03,0,12
2010-12-04,0,12
2010-12-05,0,12
2010-12-06,0,13
2010-12-07,0,13
2010-12-08,0,13
2010-12-09,0,13
2010-12-10,0,12
2010-12-11,0,12
2010-12-12,0,12
2010-12-13,0,12
2010-12-14,0,12
2010-12-15,0,12
2010-12-16,0,12
2010-12-17,0,12
2010-12-18,0,12
2010-12-19,0,12
2010-12-20,0,12
2010-12-21,0,13
2010-12-22,0,13
2010-12-23,0,13
2010-12-24,0,13
2010-12-25,0,12
2010-12-26,0,12
2010-12-27,0,12
2010-12-28,0,12
2010-12-29,0,12
2010-12-30,0,12
2010-12-31,0,12
2011-01-01,0,12
2011-01-02,0,12
2011-01-03,0,12
2011-01-04,0,12
2011-01-05,0,13
2011-01-06,0,13
2011-01-07,0,13
2011-01-08,0,13
2011-01-09,0,13
2011-01-10,0,12
2011-01-11,0,12
2011-01-12,0,12
2011-01-13,0,12
2011-01-14,0,12
2011-01-15,0,12
2011-01-16,0,12
2011-01-17,0,12
2011-01-18,0,12
2011-01-19,0,12
2011-01-20,0,13
2011-01-21,0,13
2011-01-22,0,13
2011-01-23,0,13
2011-01-24,0,13
2011-01-25,0,12
2011-01-26,0,12
2011-01-27,0,12
2011-01-28,0,12
2011-01-29,0,12
2011-01-30,0,12
2011-01-31,0,12
2011-02-01,0,12
2011-02-02,0,12
2011-02-03,0,12
2011-02-04,0,13
2011-02-05,0,13
2011-02-06,0,13
2011-02-07,0,13
2011-02-08,0,13
2011-02-09,0,12
2011-02-10,0,12
2011-02-11,0,12
2011-02-12,0,12
2011-02-13,0,12
2011-02-14,0,12
2011-02-15,0,12
2011-02-16,0,12
2011-02-17,0,12
2011-02-18,0,12
2011-02-19,0,13
2011-02-20,0,13
2011-02-21,0,13
2011-02-22,0,13
2011-02-23,0,13
2011-02-24,0,12
2011-02-25,0,12
2011-02-26,0,12
2011-02-27,0,12
2011-02-28,0,12
2011-03-01,0,12
2011-03-02,0,12
2011-03-03,0,12
2011-03-04,0,12
2011-03-05,0,12
2011-03-06,0,13
2011-03-07,0,13
2011-03-08,0,12
2011-03-09,0,12
2011-03-10,0,12
2011-03-11,0,12
2011-03-12,0,12
2011-03-13,0,12
2011-03-14,0,12
2011-03-15,0,12
2011-03-16,0,12
2011-03-17,0,12
2011-03-18,0,12
2011-03-19,0,12
2011-03-20,0,12
2011-03-21,0,13
2011-03-22,0,13
2011-03-23,0,12
2011-03-24,0,12
2011-03-25,0,12
2011-03-26,0,12
2011-03-27,0,12
2011-03-28,0,12
2011-03-29,0,12
2011-03-30,0,12
2011-03-31,0,12
2011-04-01,0,12
2011-04-02,0,12
2011-04-03,0,12
2011-04-04,0,12
2011-04-05,0,13
2011-04-06,0,13
2011-04-07,0,13
2011-04-08,0,12
2011-04-09,0,12
2011-04-10,0,12
2011-04-11,0,12
2011-04-12,0,12
2011-04-13,0,12
2011-04-14,0,12
2011-04-15,0,12
2011-04-16,0,12
2011-04-17,0,12
2011-04-18,0,12
2011-04-19,0,12
2011-04-20,0,13
2011-04-21,0,13
2011-04-22,0,13
2011-04-23,0,12
2011-04-24,0,12
2011-04-25,0,12
2011-04-26,0,12
2011-04-27,0,12
2011-04-28,0,12
2011-04-29,0,12
2011-04-30,0,12
2011-05-01,0,12
2011-05-02,0,12
2011-05-03,0,12
2011-05-04,0,12
2011-05-05,0,13
2011-05-06,0,13
2011-05-07,0,12
2011-05-08,0,12
2011-05-09,0,12
2011-05-10,0,12
2011-05-11,0,12
2011-05-12,0,12
2011-05-13,0,12
2011-05-14,0,12
2011-05-15,0,12
2011-05-16,0,12
2011-05-17,0,12
2011-05-18,0,12
2011-05-19,0,12
2011-05-20,0,13
2011-05-21,0,13
2011-05-22,0,12
2011-05-23,0,12
2011-05-24,0,12
2011-05-25,0,12
2011-05-26,0,12
2011-05-27,0,12
2011-05-28,0,12
2011-05-29,0,12
2011-05-30,0,12
2011-05-31,0,12
2011-06-01,0,12
2011-06-02,0,12
2011-06-03,0,12
2011-06-04,0,13
2011-06-05,0,13
2011-06-06,0,13
2011-06-07,0,12
2011-06-08,0,12
2011-06-09,0,12
2011-06-10,0,12
2011-06-11,0,12
2011-06-12,0,12
2011-06-13,0,12
2011-06-14,0,12
2011-06-15,0,12
2011-06-16,0,12
2011-06-17,0,12
2011-06-18,0,12
2011-06-19,0,13
2011-06-20,0,13
2011-06-21,0,13
2011-06-22,0,12
2011-06-23,0,12
2011-06-24,0,12
2011-06-25,0,12
2011-06-26,0,12
2011-06-27,0,12
2011-06-28,0,12
2011-06-29,0,12
2011-06-30,0,12
2011-07-01,0,12
2011-07-02,0,12
2011-07-03,0,12
2011-07-04,0,13
2011-07-05,0,13
2011-07-06,0,12
2011-07-07,0,12
2011-07-08,0,12
2011-07-09,0,12
2011-07-10,0,12
2011-07-11,0,12
2011-07-12,0,12
2011-07-13,0,12
2011-07-14,0,12
2011-07-15,0,12
2011-07-16,0,12
2011-07-17,0,12
2011-07-18,0,12
2011-07-19,0,13
2011-07-20,0,13
2011-07-21,0,12
2011-07-22,0,12
2011-07-23,0,12
2011-07-24,0,12
2011-07-25,0,12
2011-07-26,0,12
2011-07-27,0,12
2011-07-28,0,12
2011-07-29,0,12
2011-07-30,0,12
2011-07-31,0,12
2011-08-01,0,12
2011-08-02,0,12
2011-08-03,0,13
2011-08-04,0,13
2011-08-05,0,12
2011-08-06,0,12
2011-08-07,0,12
2011-08-08,0,12
2011-08-09,0,12
2011-08-10,0,12
2011-08-11,0,12
2011-08-12,0,12
2011-08-13,0,12
2011-08-14,0,12
2011-08-15,0,12
2011-08-16,0,12
2011-08-17,0,12
2011-08-18,0,13
2011-08-19,0,13
2011-08-20,0,12
2011-08-21,0,12
2011-08-22,0,12
2011-08-23,0,12
2011-08-24,0,12
2011-08-25,0,12
2011-08-26,0,12
2011-08-27,0,12
2011-08-28,0,12
2011-08-29,0,12
2011-08-30,0,12
2011-08-31,0,12
2011-09-01,0,12
2011-09-02,0,13
2011-09-03,0,13
2011-09-04,0,13
2011-09-05,0,13
2011-09-06,0,13
2011-09-07,0,12
2011-09-08,0,12
2011-09-09,0,12
2011-09-10,0,12
2011-09-11,0,12
2011-09-12,0,12
2011-09-13,0,12
2011-09-14,0,12
2011-09-15,0,12
2011-09-16,0,12
2011-09-17,0,13
2011-09-18,0,13
2011-09-19,0,13
2011-09-20,0,13
2011-09-21,0,13
2011-09-22,0,12
2011-09-23,0,12
2011-09-24,0,12
2011-09-25,0,12
2011-09-26,0,12
2011-09-27,0,12
2011-09-28,0,12
2011-09-29,0,12
2011-09-30,0,12
2011-10-01,0,12
2011-10-02,0,13
2011-10-03,0,13
2011-10-04,0,13
2011-10-05,0,13
2011-10-06,0,12
2011-10-07,0,12
2011-10-08,0,12
2011-10-09,0,12
2011-10-10,0,12
2011-10-11,0,12
2011-10-12,0,12
2011-10-13,0,12
2011-10-14,0,12
2011-10-15,0,12
2011-10-16,0,12
2011-10-17,0,13
2011-10-18,0,13
2011-10-19,0,13
2011-10-20,0,13
2011-10-21,0,12
2011-10-22,0,12
2011-10-23,0,12
2011-10-24,0,12
2011-10-25,0,12
2011-10-26,0,12
2011-10-27,0,12
2011-10-28,0,12
2011-10-29,0,12
2011-10-30,0,12
2011-10-31,0,12
2011-11-01,0,13
2011-11-02,0,13
2011-11-03,0,13
2011-11-04,0,13
2011-11-05,0,13
2011-11-06,0,12
2011-11-07,0,12
2011-11-08,0,12
2011-11-09,0,12
2011-11-10,0,12
2011-11-11,0,12
2011-11-12,0,12
2011-11-13,0,12
2011-11-14,0,12
2011-11-15,0,12
2011-11-16,0,13
2011-11-17,0,13
2011-11-18,0,13
2011-11-19,0,13
2011-11-20,0,13
2011-11-21,0,12
2011-11-22,100,12
2011-11-23,0,12
2011-11-24,0,12
2011-11-25,0,12
2011-11-26,0,12
2011-11-27,0,12
2011-11-28,0,12
2011-11-29,0,12
2011-11-30,0,12
2011-12-01,0,13
2011-12-02,0,13
2011-12-03,0,13
2011-12-04,0,13
2011-12-05,0,12
2011-12-06,0,12
2011-12-07,0,12
2011-12-08,0,12
2011-12-09,0,12
2011-12-10,0,12
2011-12-11,0,12
2011-12-12,0,12
2011-12-13,0,12
2011-12-14,0,12
2011-12-15,0,12
2011-12-16,0,13
2011-12-17,0,13
2011-12-18,0,13
2011-12-19,0,13
2011-12-20,0,12
2011-12-21,0,12
2011-12-22,0,12
2011-12-23,0,12
2011-12-24,0,12
2011-12-25,0,12
2011-12-26,0,12
2011-12-27,0,12
2011-12-28,0,12
2011-12-29,0,12
2011-12-30,0,12
2011-12-31,0,13
2012-01-01,0,13
2012-01-02,0,13
2012-01-03,0,13
2012-01-04,0,13
2012-01-05,0,12
2012-01-06,0,12
2012-01-07,0,12
2012-01-08,0,12
2012-01-09,0,12
2012-01-10,0,12
2012-01-11,0,12
2012-01-12,0,12
2012-01-13,0,12
2012-01-14,0,12
2012-01-15,0,13
2012-01-16,0,13
2012-01-17,0,13
2012-01-18,0,13
2012-01-19,0,13
2012-01-20,0,12
2012-01-21,0,12
2012-01-22,0,12
2012-01-23,0,12
2012-01-24,0,12
2012-01-25,0,12
2012-01-26,0,12
2012-01-27,0,12
2012-01-28,0,12
2012-01-29,0,12
2012-01-30,0,13
2012-01-31,0,13
2012-02-01,0,13
2012-02-02,0,13
2012-02-03,0,13
2012-02-04,0,12
2012-02-05,0,12
2012-02-06,0,12
2012-02-07,0,12
2012-02-08,0,12
2012-02-09,0,12
2012-02-10,0,12
2012-02-11,0,12
2012-02-12,0,12
2012-02-13,0,12
2012-02-14,0,13
2012-02-15,0,13
2012-02-16,0,13
2012-02-17,0,13
2012-02-18,0,13
2012-02-19,0,12
2012-02-20,0,12
2012-02-21,0,12
2012-02-22,0,12
2012-02-23,0,12
2012-02-24,0,12
2012-02-25,0,12
2012-02-26,0,12
2012-02-27,0,12
2012-02-28,0,12
2012-02-29,0,13
2012-03-01,0,13
2012-03-02,0,13
2012-03-03,0,12
2012-03-04,0,12
2012-03-05,0,12
2012-03-06,0,12
2012-03-07,0,12
2012-03-08,0,12
2012-03-09,0,12
2012-03-10,0,12
2012-03-11,0,12
2012-03-12,0,12
2012-03-13,0,12
2012-03-14,0,12
2012-03-15,0,13
2012-03-16,0,13
2012-03-17,0,13
2012-03-18,0,12
2012-03-19,0,12
2012-03-20,0,12
2012-03-21,0,12
2012-03-22,0,12
2012-03-23,0,12
2012-03-24,0,12
2012-03-25,0,12
2012-03-26,0,12
2012-03-27,0,12
2012-03-28,0,12
2012-03-29,0,12
2012-03-30,0,13
2012-03-31,0,13
2012-04-01,0,13
2012-04-02,79.84615384615384,13
2012-04-03,0,12
2012-04-04,0,12
2012-04-05,0,12
2012-04-06,0,12
2012-04-07,0,12
2012-04-08,0,12
2012-04-09,0,12
2012-04-10,0,12
2012-04-11,0,12
2012-04-12,0,12
2012-04-13,0,12
2012-04-14,0,13
2012-04-15,0,13
2012-04-16,0,13
2012-04-17,0,13
2012-04-18,0,12
2012-04-19,0,12
2012-04-20,0,12
2012-04-21,0,12
2012-04-22,0,12
2012-04-23,0,12
2012-04-24,0,12
2012-04-25,0,12
2012-04-26,0,12
2012-04-27,0,12
2012-04-28,0,12
2012-04-29,0,13
2012-04-30,0,13
2012-05-01,0,13
2012-05-02,0,12
2012-05-03,0,12
2012-05-04,0,12
2012-05-05,0,12
2012-05-06,0,12
2012-05-07,0,12
2012-05-08,0,12
2012-05-09,0,12
2012-05-10,0,12
2012-05-11,0,12
2012-05-12,0,12
2012-05-13,0,12
2012-05-14,0,13
2012-05-15,0,13
2012-05-16,0,13
2012-05-17,0,12
2012-05-18,0,12
2012-05-19,0,12
2012-05-20,0,12
2012-05-21,0,12
2012-05-22,0,12
2012-05-23,0,12
2012-05-24,0,12
2012-05-25,100,12
2012-05-26,0,12
2012-05-27,0,12
2012-05-28,0,12
2012-05-29,0,13
2012-05-30,0,13
2012-05-31,0,13
2012-06-01,0,13
2012-06-02,0,12
2012-06-03,0,12
2012-06-04,0,12
2012-06-05,0,12
2012-06-06,0,12
2012-06-07,0,12
2012-06-08,0,12
2012-06-09,0,12
2012-06-10,0,12
2012-06-11,0,12
2012-06-12,0,12
2012-06-13,0,13
2012-06-14,0,13
2012-06-15,0,13
2012-06-16,0,13
2012-06-17,0,12
2012-06-18,0,12
2012-06-19,0,12
2012-06-20,0,12
2012-06-21,0,12
2012-06-22,0,12
2012-06-23,0,12
2012-06-24,0,12
2012-06-25,0,12
2012-06-26,0,12
2012-06-27,0,12
2012-06-28,0,13
2012-06-29,0,13
2012-06-30,0,13
2012-07-01,0,13
2012-07-02,0,12
2012-07-03,0,12
2012-07-04,0,12
2012-07-05,0,12
2012-07-06,0,12
2012-07-07,0,12
2012-07-08,0,12
2012-07-09,0,12
2012-07-10,0,12
2012-07-11,0,12
2012-07-12,0,12
2012-07-13,0,13
2012-07-14,0,13
2012-07-15,0,13
2012-07-16,0,12
2012-07-17,0,12
2012-07-18,0,12
2012-07-19,0,12
2012-07-20,0,12
2012-07-21,0,12
2012-07-22,0,12
2012-07-23,0,12
2012-07-24,0,12
2012-07-25,0,12
2012-07-26,0,12
2012-07-27,0,12
2012-07-28,0,13
2012-07-29,0,13
2012-07-30,0,13
2012-07-31,0,12
2012-08-01,0,12
2012-08-02,0,12
2012-08-03,0,12
2012-08-04,0,12
2012-08-05,0,12
2012-08-06,0,12
2012-08-07,0,12
2012-08-08,0,12
2012-08-09,0,12
2012-08-10,0,12
2012-08-11,0,12
2012-08-12,0,13
2012-08-13,0,13
2012-08-14,0,13
2012-08-15,0,12
2012-08-16,0,12
2012-08-17,0,12
2012-08-18,0,12
2012-08-19,0,12
2012-08-20,0,12
2012-08-21,0,12
2012-08-22,0,12
2012-08-23,0,12
2012-08-24,0,12
2012-08-25,0,12
2012-08-26,0,12
2012-08-27,0,13
2012-08-28,78.3076923076923,13
2012-08-29,0,13
2012-08-30,0,12
2012-08-31,0,12
2012-09-01,0,12
2012-09-02,0,12
2012-09-03,0,12
2012-09-04,0,12
2012-09-05,0,12
2012-09-06,0,12
2012-09-07,0,12
2012-09-08,0,12
2012-09-09,0,12
2012-09-10,0,12
2012-09-11,0,13
2012-09-12,0,13
2012-09-13,0,13
2012-09-14,0,13
2012-09-15,0,13
2012-09-16,0,12
2012-09-17,0,12
2012-09-18,0,12
2012-09-19,0,12
2012-09-20,0,12
2012-09-21,0,12
2012-09-22,0,12
2012-09-23,0,12
2012-09-24,0,12
2012-09-25,0,12
2012-09-26,0,13
2012-09-27,0,13
2012-09-28,0,13
2012-09-29,0,13
2012-09-30,0,13
2012-10-01,0,12
2012-10-02,0,12
2012-10-03,0,12
2012-10-04,0,12
2012-10-05,0,12
2012-10-06,0,12
2012-10-07,0,12
2012-10-08,0,12
2012-10-09,0,12
2012-10-10,0,12
2012-10-11,0,13
2012-10-12,0,13
2012-10-13,0,13
2012-10-14,0,13
2012-10-15,0,12
2012-10-16,0,12
2012-10-17,0,12
2012-10-18,0,12
2012-10-19,0,12
2012-10-20,0,12
2012-10-21,0,12
2012-10-22,0,12
2012-10-23,0,12
2012-10-24,0,12
2012-10-25,0,12
2012-10-26,0,13
2012-10-27,98.46153846153848,13
2012-10-28,0,13
2012-10-29,0,13
2012-10-30,0,12
2012-10-31,0,12
2012-11-01,0,12
2012-11-02,0,12
2012-11-03,0,12
2012-11-04,0,12
2012-11-05,0,12
2012-11-06,0,12
2012-11-07,0,12
2012-11-08,0,12
2012-11-09,0,12
2012-11-10,0,13
2012-11-11,0,13
2012-11-12,0,13
2012-11-13,0,13
2012-11-14,0,13
2012-11-15,0,12
2012-11-16,0,12
2012-11-17,0,12
2012-11-18,0,12
2012-11-19,0,12
2012-11-20,0,12
2012-11-21,0,12
2012-11-22,0,12
2012-11-23,0,12
2012-11-24,0,12
2012-11-25,0,13
2012-11-26,0,13
2012-11-27,0,13
2012-11-28,0,13
2012-11-29,0,13
2012-11-30,0,12
2012-12-01,0,12
2012-12-02,0,12
2012-12-03,0,12
2012-12-04,0,12
2012-12-05,0,12
2012-12-06,0,12
2012-12-07,0,12
2012-12-08,0,12
2012-12-09,0,12
2012-12-10,0,13
2012-12-11,0,13
2012-12-12,0,13
2012-12-13,0,13
2012-12-14,0,12
2012-12-15,0,12
2012-12-16,0,12
2012-12-17,0,12
2012-12-18,0,12
2012-12-19,0,12
2012-12-20,0,12
2012-12-21,0,12
2012-12-22,0,12
2012-12-23,0,12
2012-12-24,0,12
2012-12-25,0,13
2012-12-26,0,13
2012-12-27,0,13
2012-12-28,0,13
2012-12-29,0,12
2012-12-30,0,12
2012-12-31,0,12
2013-01-01,0,12
2013-01-02,0,12
2013-01-03,0,12
2013-01-04,0,12
2013-01-05,0,12
2013-01-06,0,12
2013-01-07,0,12
2013-01-08,0,12
2013-01-09,0,13
2013-01-10,0,13
2013-01-11,0,13
2013-01-12,0,13
2013-01-13,0,13
2013-01-14,0,12
2013-01-15,0,12
2013-01-16,0,12
2013-01-17,0,12
2013-01-18,0,12
2013-01-19,0,12
2013-01-20,0,12
2013-01-21,0,12
2013-01-22,0,12
2013-01-23,0,12
2013-01-24,0,13
2013-01-25,0,13
2013-01-26,0,13
2013-01-27,80.92307692307692,13
2013-01-28,0,13
2013-01-29,0,12
2013-01-30,0,12
2013-01-31,0,12
2013-02-01,0,12
2013-02-02,0,12
2013-02-03,0,12
2013-02-04,0,12
2013-02-05,0,12
2013-02-06,0,12
2013-02-07,0,12
2013-02-08,0,13
2013-02-09,0,13
2013-02-10,0,13
2013-02-11,0,13
2013-02-12,0,13
2013-02-13,0,12
2013-02-14,0,12
2013-02-15,0,12
2013-02-16,0,12
2013-02-17,0,12
2013-02-18,0,12
2013-02-19,0,12
2013-02-20,0,12
2013-02-21,0,12
2013-02-22,0,12
2013-02-23,0,13
2013-02-24,0,13
2013-02-25,0,13
2013-02-26,0,13
2013-02-27,0,13
2013-02-28,0,12
2013-03-01,0,12
2013-03-02,0,12
2013-03-03,0,12
2013-03-04,0,12
2013-03-05,0,12
2013-03-06,0,12
2013-03-07,0,12
2013-03-08,0,12
2013-03-09,0,12
2013-03-10,0,13
2013-03-11,0,13
2013-03-12,0,12
2013-03-13,0,12
2013-03-14,0,12
2013-03-15,0,12
2013-03-16,0,12
2013-03-17,0,12
2013-03-18,81.5,12
2013-03-19,0,12
2013-03-20,0,12
2013-03-21,0,12
2013-03-22,0,12
2013-03-23,0,12
2013-03-24,0,12
2013-03-25,0,13
2013-03-26,0,13
2013-03-27,0,12
2013-03-28,0,12
2013-03-29,0,12
2013-03-30,0,12
2013-03-31,0,12
2013-04-01,0,12
2013-04-02,99.5,12
2013-04-03,0,12
2013-04-04,0,12
2013-04-05,0,12
2013-04-06,0,12
2013-04-07,0,12
2013-04-08,0,12
2013-04-09,0,13
2013-04-10,0,13
2013-04-11,0,13
2013-04-12,0,12
2013-04-13,0,12
2013-04-14,0,12
2013-04-15,0,12
2013-04-16,0,12
2013-04-17,0,12
2013-04-18,0,12
2013-04-19,0,12
2013-04-20,0,12
2013-04-21,0,12
2013-04-22,0,12
2013-04-23,0,12
2013-04-24,0,13
2013-04-25,0,13
2013-04-26,0,13
2013-04-27,0,12
2013-04-28,0,12
2013-04-29,0,12
2013-04-30,0,12
2013-05-01,0,12
2013-05-02,0,12
2013-05-03,0,12
2013-05-04,0,12
2013-05-05,90.83333333333331,12
2013-05-06,0,12
2013-05-07,0,12
2013-05-08,0,12
2013-05-09,0,13
2013-05-10,0,13
2013-05-11,0,12
2013-05-12,0,12
2013-05-13,0,12
2013-05-14,0,12
2013-05-15,0,12
2013-05-16,0,12
2013-05-17,0,12
2013-05-18,0,12
2013-05-19,0,12
2013-05-20,0,12
2013-05-21,0,12
2013-05-22,0,12
2013-05-23,0,12
2013-05-24,0,13
2013-05-25,0,13
2013-05-26,0,12
2013-05-27,0,12
2013-05-28,0,12
2013-05-29,0,12
2013-05-30,0,12
2013-05-31,0,12
2013-06-01,0,12
2013-06-02,0,12
2013-06-03,0,12
2013-06-04,0,12
2013-06-05,0,12
2013-06-06,0,12
2013-06-07,0,12
2013-06-08,0,13
2013-06-09,0,13
2013-06-10,0,13
2013-06-11,0,12
2013-06-12,0,12
2013-06-13,0,12
2013-06-14,0,12
2013-06-15,0,12
2013-06-16,0,12
2013-06-17,0,12
2013-06-18,0,12
2013-06-19,0,12
2013-06-20,87.41666666666667,12
2013-06-21,0,12
2013-06-22,0,12
2013-06-23,0,13
2013-06-24,0,13
2013-06-25,0,13
2013-06-26,0,12
2013-06-27,0,12
2013-06-28,0,12
2013-06-29,0,12
2013-06-30,0,12
2013-07-01,0,12
2013-07-02,0,12
2013-07-03,0,12
2013-07-04,0,12
2013-07-05,0,12
2013-07-06,0,12
2013-07-07,0,12
2013-07-08,0,13
2013-07-09,0,13
2013-07-10,0,12
2013-07-11,0,12
2013-07-12,0,12
2013-07-13,0,12
2013-07-14,0,12
2013-07-15,0,12
2013-07-16,0,12
2013-07-17,0,12
2013-07-18,0,12
2013-07-19,0,12
2013-07-20,0,12
2013-07-21,0,12
2013-07-22,0,12
2013-07-23,0,13
2013-07-24,0,13
2013-07-25,0,12
2013-07-26,0,12
2013-07-27,0,12
2013-07-28,0,12
2013-07-29,0,12
2013-07-30,0,12
2013-07-31,0,12
2013-08-01,0,12
2013-08-02,0,12
2013-08-03,0,12
2013-08-04,0,12
2013-08-05,0,12
2013-08-06,0,12
2013-08-07,0,13
2013-08-08,0,13
2013-08-09,0,12
2013-08-10,0,12
2013-08-11,0,12
2013-08-12,0,12
2013-08-13,0,12
2013-08-14,0,12
2013-08-15,0,12
2013-08-16,0,12
2013-08-17,0,12
2013-08-18,0,12
2013-08-19,0,12
2013-08-20,0,12
2013-08-21,0,12
2013-08-22,0,13
2013-08-23,0,13
2013-08-24,0,12
2013-08-25,0,12
2013-08-26,0,12
2013-08-27,0,12
2013-08-28,0,12
2013-08-29,0,12
2013-08-30,0,12
2013-08-31,0,12
2013-09-01,0,12
2013-09-02,0,12
2013-09-03,0,12
2013-09-04,0,12
2013-09-05,0,12
2013-09-06,0,13
2013-09-07,0,13
2013-09-08,0,13
2013-09-09,0,13
2013-09-10,0,13
2013-09-11,0,12
2013-09-12,0,12
2013-09-13,0,12
2013-09-14,0,12
2013-09-15,0,12
2013-09-16,0,12
2013-09-17,0,12
2013-09-18,0,12
2013-09-19,0,12
2013-09-20,0,12
2013-09-21,0,13
2013-09-22,0,13
2013-09-23,0,13
2013-09-24,0,13
2013-09-25,0,13
2013-09-26,0,12
2013-09-27,0,12
2013-09-28,0,12
2013-09-29,0,12
2013-09-30,0,12
2013-10-01,0,12
2013-10-02,0,12
2013-10-03,0,12
2013-10-04,0,12
2013-10-05,0,12
2013-10-06,0,13
2013-10-07,0,13
2013-10-08,0,13
2013-10-09,0,13
2013-10-10,0,12
2013-10-11,0,12
2013-10-12,0,12
2013-10-13,0,12
2013-10-14,0,12
2013-10-15,0,12
2013-10-16,0,12
2013-10-17,0,12
2013-10-18,0,12
2013-10-19,0,12
2013-10-20,0,12
2013-10-21,0,13
2013-10-22,0,13
2013-10-23,0,13
2013-10-24,0,13
2013-10-25,0,12
2013-10-26,0,12
2013-10-27,0,12
2013-10-28,0,12
2013-10-29,0,12
2013-10-30,0,12
2013-10-31,0,12
2013-11-01,0,12
2013-11-02,0,12
2013-11-03,0,12
2013-11-04,0,12
2013-11-05,0,13
2013-11-06,0,13
2013-11-07,0,13
2013-11-08,0,13
2013-11-09,0,13
2013-11-10,0,12
2013-11-11,0,12
2013-11-12,0,12
2013-11-13,0,12
2013-11-14,0,12
2013-11-15,0,12
2013-11-16,0,12
2013-11-17,0,12
2013-11-18,0,12
2013-11-19,0,12
2013-11-20,0,13
2013-11-21,0,13
2013-11-22,0,13
2013-11-23,0,13
2013-11-24,0,13
2013-11-25,0,12
2013-11-26,0,12
2013-11-27,0,12
2013-11-28,0,12
2013-11-29,0,12
2013-11-30,0,12
2013-12-01,0,12
2013-12-02,0,12
2013-12-03,0,12
2013-12-04,0,12
2013-12-05,0,13
2013-12-06,0,13
2013-12-07,0,13
2013-12-08,0,13
2013-12-09,0,12
2013-12-10,0,12
2013-12-11,0,12
2013-12-12,0,12
2013-12-13,0,12
2013-12-14,0,12
2013-12-15,0,12
2013-12-16,0,12
2013-12-17,0,12
2013-12-18,0,12
2013-12-19,0,12
2013-12-20,73.23076923076923,13
2013-12-21,0,13
2013-12-22,0,13
2013-12-23,0,13
2013-12-24,0,12
2013-12-25,0,12
2013-12-26,0,12
2013-12-27,0,12
2013-12-28,0,12
2013-12-29,100,12
2013-12-30,0,12
2013-12-31,0,12
2014-01-01,0,12
2014-01-02,0,12
2014-01-03,0,12
2014-01-04,0,13
2014-01-05,0,13
2014-01-06,0,13
2014-01-07,0,13
2014-01-08,63.46153846153846,13
2014-01-09,0,12
2014-01-10,0,12
2014-01-11,0,12
2014-01-12,0,12
2014-01-13,0,12
2014-01-14,0,12
2014-01-15,0,12
2014-01-16,0,12
2014-01-17,0,12
2014-01-18,0,12
2014-01-19,0,13
2014-01-20,0,13
2014-01-21,0,13
2014-01-22,0,13
2014-01-23,0,13
2014-01-24,0,12
2014-01-25,0,12
2014-01-26,0,12
2014-01-27,0,12
2014-01-28,0,12
2014-01-29,0,12
2014-01-30,0,12
2014-01-31,0,12
2014-02-01,0,12
2014-02-02,0,12
2014-02-03,0,13
2014-02-04,0,13
2014-02-05,0,13
2014-02-06,88.07692307692308,13
2014-02-07,0,13
2014-02-08,0,12
2014-02-09,0,12
2014-02-10,0,12
2014-02-11,0,12
2014-02-12,0,12
2014-02-13,0,12
2014-02-14,0,12
2014-02-15,0,12
2014-02-16,0,12
2014-02-17,0,12
2014-02-18,0,13
2014-02-19,0,13
2014-02-20,0,13
2014-02-21,0,13
2014-02-22,0,13
2014-02-23,0,12
2014-02-24,0,12
2014-02-25,0,12
2014-02-26,0,12
2014-02-27,0,12
2014-02-28,0,12
2014-03-01,0,12
2014-03-02,0,12
2014-03-03,0,12
2014-03-04,0,12
2014-03-05,0,13
2014-03-06,0,13
2014-03-07,0,12
2014-03-08,0,12
2014-03-09,0,12
2014-03-10,0,12
2014-03-11,0,12
2014-03-12,0,12
2014-03-13,0,12
2014-03-14,0,12
2014-03-15,0,12
2014-03-16,0,12
2014-03-17,0,12
2014-03-18,0,12
2014-03-19,0,12
2014-03-20,0,13
2014-03-21,0,13
2014-03-22,0,12
2014-03-23,0,12
2014-03-24,0,12
2014-03-25,0,12
2014-03-26,0,12
2014-03-27,0,12
2014-03-28,0,12
2014-03-29,0,12
2014-03-30,0,12
2014-03-31,0,12
2014-04-01,0,12
2014-04-02,0,12
2014-04-03,0,12
2014-04-04,0,13
2014-04-05,0,13
2014-04-06,0,13
2014-04-07,0,12
2014-04-08,0,12
2014-04-09,0,12
2014-04-10,0,12
2014-04-11,0,12
2014-04-12,0,12
2014-04-13,0,12
2014-04-14,0,12
2014-04-15,0,12
2014-04-16,0,12
2014-04-17,0,12
2014-04-18,0,12
2014-04-19,0,13
2014-04-20,0,13
2014-04-21,0,13
2014-04-22,0,12
2014-04-23,0,12
2014-04-24,0,12
2014-04-25,0,12
2014-04-26,0,12
2014-04-27,0,12
2014-04-28,0,12
2014-04-29,0,12
2014-04-30,0,12
2014-05-01,0,12
2014-05-02,0,12
2014-05-03,0,12
2014-05-04,0,13
2014-05-05,0,13
2014-05-06,0,12
2014-05-07,0,12
2014-05-08,0,12
2014-05-09,0,12
2014-05-10,0,12
2014-05-11,0,12
2014-05-12,0,12
2014-05-13,0,12
2014-05-14,0,12
2014-05-15,0,12
2014-05-16,0,12
2014-05-17,0,12
2014-05-18,0,12
2014-05-19,0,13
2014-05-20,0,13
2014-05-21,0,12
2014-05-22,0,12
2014-05-23,0,12
2014-05-24,0,12
2014-05-25,0,12
2014-05-26,0,12
2014-05-27,0,12
2014-05-28,0,12
2014-05-29,0,12
2014-05-30,0,12
2014-05-31,0,12
2014-06-01,95.5,12
2014-06-02,0,12
2014-06-03,0,13
2014-06-04,0,13
2014-06-05,0,13
2014-06-06,0,12
2014-06-07,0,12
2014-06-08,0,12
2014-06-09,0,12
2014-06-10,0,12
2014-06-11,0,12
2014-06-12,0,12
2014-06-13,0,12
2014-06-14,0,12
2014-06-15,99.16666666666669,12
2014-06-16,0,12
2014-06-17,0,12
2014-06-18,0,13
2014-06-19,0,13
2014-06-20,0,13
2014-06-21,0,12
2014-06-22,0,12
2014-06-23,0,12
2014-06-24,0,12
2014-06-25,0,12
2014-06-26,0,12
2014-06-27,0,12
2014-06-28,0,12
2014-06-29,84.33333333333333,12
2014-06-30,0,12
2014-07-01,0,12
2014-07-02,0,12
2014-07-03,0,13
2014-07-04,0,13
2014-07-05,0,12
2014-07-06,0,12
2014-07-07,0,12
2014-07-08,83.83333333333333,12
2014-07-09,0,12
2014-07-10,0,12
2014-07-11,0,12
2014-07-12,0,12
2014-07-13,0,12
2014-07-14,0,12
2014-07-15,0,12
2014-07-16,0,12
2014-07-17,0,12
2014-07-18,0,13
2014-07-19,0,13
2014-07-20,0,12
2014-07-21,0,12
2014-07-22,0,12
2014-07-23,0,12
2014-07-24,0,12
2014-07-25,0,12
2014-07-26,0,12
2014-07-27,0,12
2014-07-28,0,12
2014-07-29,0,12
2014-07-30,0,12
2014-07-31,0,12
2014-08-01,0,12
2014-08-02,0,13
2014-08-03,0,13
2014-08-04,0,12
2014-08-05,0,12
2014-08-06,0,12
2014-08-07,0,12
2014-08-08,0,12
2014-08-09,0,12
2014-08-10,0,12
2014-08-11,0,12
2014-08-12,69.33333333333333,12
2014-08-13,0,12
2014-08-14,0,12
2014-08-15,0,12
2014-08-16,0,12
2014-08-17,0,13
2014-08-18,0,13
2014-08-19,97.08333333333331,12
2014-08-20,0,12
2014-08-21,0,12
2014-08-22,0,12
2014-08-23,0,12
2014-08-24,0,12
2014-08-25,0,12
2014-08-26,0,12
2014-08-27,0,12
2014-08-28,0,12
2014-08-29,0,12
2014-08-30,0,12
2014-08-31,0,12
2014-09-01,0,13
2014-09-02,0,13
2014-09-03,0,13
2014-09-04,0,13
2014-09-05,0,13
2014-09-06,0,12
2014-09-07,0,12
2014-09-08,0,12
2014-09-09,0,12
2014-09-10,0,12
2014-09-11,0,12
2014-09-12,0,12
2014-09-13,0,12
2014-09-14,0,12
2014-09-15,0,12
2014-09-16,0,13
2014-09-17,0,13
2014-09-18,0,13
2014-09-19,0,13
2014-09-20,0,13
2014-09-21,0,12
2014-09-22,0,12
2014-09-23,0,12
2014-09-24,0,12
2014-09-25,0,12
2014-09-26,0,12
2014-09-27,0,12
2014-09-28,0,12
2014-09-29,0,12
2014-09-30,0,12
2014-10-01,0,13
2014-10-02,0,13
2014-10-03,0,13
2014-10-04,0,13
2014-10-05,0,12
2014-10-06,73.91666666666667,12
2014-10-07,0,12
2014-10-08,0,12
2014-10-09,0,12
2014-10-10,0,12
2014-10-11,0,12
2014-10-12,0,12
2014-10-13,0,12
2014-10-14,0,12
2014-10-15,0,12
2014-10-16,0,13
2014-10-17,0,13
2014-10-18,0,13
2014-10-19,0,13
2014-10-20,0,12
2014-10-21,0,12
2014-10-22,0,12
2014-10-23,0,12
2014-10-24,0,12
2014-10-25,0,12
2014-10-26,0,12
2014-10-27,0,12
2014-10-28,0,12
2014-10-29,0,12
2014-10-30,0,12
2014-10-31,0,13
2014-11-01,0,13
2014-11-02,0,13
2014-11-03,0,13
2014-11-04,0,13
2014-11-05,0,12
2014-11-06,0,12
2014-11-07,0,12
2014-11-08,0,12
2014-11-09,0,12
2014-11-10,0,12
2014-11-11,0,12
2014-11-12,0,12
2014-11-13,0,12
2014-11-14,0,12
2014-11-15,0,13
2014-11-16,0,13
2014-11-17,0,13
2014-11-18,0,13
2014-11-19,0,13
2014-11-20,0,12
2014-11-21,0,12
2014-11-22,0,12
2014-11-23,0,12
2014-11-24,0,12
2014-11-25,0,12
2014-11-26,0,12
2014-11-27,0,12
2014-11-28,0,12
2014-11-29,0,12
2014-11-30,0,13
2014-12-01,0,13
2014-12-02,0,13
2014-12-03,0,13
2014-12-04,0,12
2014-12-05,0,12
2014-12-06,0,12
2014-12-07,0,12
2014-12-08,0,12
2014-12-09,0,12
2014-12-10,0,12
2014-12-11,74.25,12
2014-12-12,0,12
2014-12-13,0,12
2014-12-14,0,12
2014-12-15,0,13
2014-12-16,0,13
2014-12-17,0,13
2014-12-18,0,13
2014-12-19,0,12
2014-12-20,0,12
2014-12-21,0,12
2014-12-22,0,12
2014-12-23,0,12
2014-12-24,0,12
2014-12-25,0,12
2014-12-26,0,12
2014-12-27,0,12
2014-12-28,0,12
2014-12-29,0,12
2014-12-30,0,13
2014-12-31,0,13
2015-01-01,0,13
2015-01-02,0,13
2015-01-03,0,13
2015-01-04,0,12
2015-01-05,0,12
2015-01-06,0,12
2015-01-07,0,12
2015-01-08,0,12
2015-01-09,0,12
2015-01-10,0,12
2015-01-11,0,12
2015-01-12,0,12
2015-01-13,0,12
2015-01-14,0,13
2015-01-15,0,13
2015-01-16,0,13
2015-01-17,0,13
2015-01-18,0,13
2015-01-19,0,12
2015-01-20,0,12
2015-01-21,0,12
2015-01-22,0,12
2015-01-23,0,12
2015-01-24,0,12
2015-01-25,0,12
2015-01-26,0,12
2015-01-27,0,12
2015-01-28,0,12
2015-01-29,92.92307692307692,13
2015-01-30,0,13
2015-01-31,0,13
2015-02-01,0,13
2015-02-02,0,13
2015-02-03,0,12
2015-02-04,0,12
2015-02-05,0,12
2015-02-06,0,12
2015-02-07,0,12
2015-02-08,0,12
2015-02-09,0,12
2015-02-10,0,12
2015-02-11,0,12
2015-02-12,0,12
2015-02-13,0,13
2015-02-14,0,13
2015-02-15,0,13
2015-02-16,0,13
2015-02-17,0,13
2015-02-18,0,12
2015-02-19,0,12
2015-02-20,76.33333333333333,12
2015-02-21,0,12
2015-02-22,0,12
2015-02-23,0,12
2015-02-24,0,12
2015-02-25,0,12
2015-02-26,0,12
2015-02-27,0,12
2015-02-28,0,13
2015-03-01,0,13
2015-03-02,0,12
2015-03-03,0,12
2015-03-04,0,12
2015-03-05,0,12
2015-03-06,0,12
2015-03-07,0,12
2015-03-08,0,12
2015-03-09,0,12
2015-03-10,0,12
2015-03-11,0,12
2015-03-12,0,12
2015-03-13,0,12
2015-03-14,0,12
2015-03-15,0,13
2015-03-16,0,13
2015-03-17,0,12
2015-03-18,0,12
2015-03-19,0,12
2015-03-20,0,12
2015-03-21,0,12
2015-03-22,0,12
2015-03-23,64.75,12
2015-03-24,0,12
2015-03-25,0,12
2015-03-26,0,12
2015-03-27,72,12
2015-03-28,0,12
2015-03-29,0,12
2015-03-30,0,13
2015-03-31,0,13
2015-04-01,0,13
2015-04-02,0,12
2015-04-03,0,12
2015-04-04,0,12
2015-04-05,0,12
2015-04-06,0,12
2015-04-07,0,12
2015-04-08,0,12
2015-04-09,0,12
2015-04-10,0,12
2015-04-11,0,12
2015-04-12,0,12
2015-04-13,0,12
2015-04-14,70.23076923076923,13
2015-04-15,0,13
2015-04-16,0,13
2015-04-17,0,12
2015-04-18,0,12
2015-04-19,0,12
2015-04-20,0,12
2015-04-21,0,12
2015-04-22,0,12
2015-04-23,0,12
2015-04-24,0,12
2015-04-25,0,12
2015-04-26,0,12
2015-04-27,0,12
2015-04-28,0,12
2015-04-29,0,13
2015-04-30,0,13
2015-05-01,0,13
2015-05-02,0,12
2015-05-03,0,12
2015-05-04,71.5,12
2015-05-05,0,12
2015-05-06,0,12
2015-05-07,0,12
2015-05-08,0,12
2015-05-09,95.5,12
2015-05-10,0,12
2015-05-11,0,12
2015-05-12,0,12
2015-05-13,0,12
2015-05-14,0,13
2015-05-15,0,13
2015-05-16,0,12
2015-05-17,0,12
2015-05-18,0,12
2015-05-19,0,12
2015-05-20,64,12
2015-05-21,74,12
2015-05-22,0,12
2015-05-23,0,12
2015-05-24,0,12
2015-05-25,0,12
2015-05-26,0,12
2015-05-27,0,12
2015-05-28,0,12
2015-05-29,0,13
2015-05-30,0,13
2015-05-31,0,12
2015-06-01,60,12
2015-06-02,0,12
2015-06-03,0,12
2015-06-04,0,12
2015-06-05,0,12
2015-06-06,0,12
2015-06-07,0,12
2015-06-08,0,12
2015-06-09,0,12
2015-06-10,0,12
2015-06-11,0,12
2015-06-12,0,12
2015-06-13,0,13
2015-06-14,0,13
2015-06-15,0,13
2015-06-16,0,12
2015-06-17,0,12
2015-06-18,0,12
2015-06-19,0,12
2015-06-20,0,12
2015-06-21,0,12
2015-06-22,0,12
2015-06-23,0,12
2015-06-24,0,12
2015-06-25,0,12
2015-06-26,0,12
2015-06-27,0,12
2015-06-28,0,13
2015-06-29,0,13
2015-06-30,74.92307692307692,13
2015-07-01,0,12
2015-07-02,0,12
2015-07-03,0,12
2015-07-04,0,12
2015-07-05,0,12
2015-07-06,0,12
2015-07-07,0,12
2015-07-08,0,12
2015-07-09,0,12
2015-07-10,0,12
2015-07-11,0,12
2015-07-12,0,12
2015-07-13,68.76923076923077,13
2015-07-14,0,13
2015-07-15,0,12
2015-07-16,0,12
2015-07-17,0,12
2015-07-18,0,12
2015-07-19,0,12
2015-07-20,0,12
2015-07-21,0,12
2015-07-22,0,12
2015-07-23,0,12
2015-07-24,0,12
2015-07-25,0,12
2015-07-26,0,12
2015-07-27,83.66666666666667,12
2015-07-28,0,13
2015-07-29,0,13
2015-07-30,0,12
2015-07-31,0,12
2015-08-01,0,12
2015-08-02,0,12
2015-08-03,0,12
2015-08-04,0,12
2015-08-05,0,12
2015-08-06,0,12
2015-08-07,0,12
2015-08-08,0,12
2015-08-09,0,12
2015-08-10,0,12
2015-08-11,0,12
2015-08-12,0,13
2015-08-13,0,13
2015-08-14,0,12
2015-08-15,0,12
2015-08-16,0,12
2015-08-17,0,12
2015-08-18,0,12
2015-08-19,0,12
2015-08-20,0,12
2015-08-21,0,12
2015-08-22,0,12
2015-08-23,0,12
2015-08-24,0,12
2015-08-25,0,12
2015-08-26,0,12
2015-08-27,0,13
2015-08-28,0,13
2015-08-29,0,12
2015-08-30,0,12
2015-08-31,0,12
2015-09-01,0,12
2015-09-02,61.083333333333336,12
2015-09-03,0,12
2015-09-04,0,12
2015-09-05,0,12
2015-09-06,0,12
2015-09-07,0,12
2015-09-08,0,12
2015-09-09,0,12
2015-09-10,0,12
2015-09-11,0,13
2015-09-12,0,13
2015-09-13,0,13
2015-09-14,0,13
2015-09-15,0,13
2015-09-16,0,12
2015-09-17,0,12
2015-09-18,0,12
2015-09-19,0,12
2015-09-20,0,12
2015-09-21,100,12
2015-09-22,0,12
2015-09-23,0,12
2015-09-24,0,12
2015-09-25,0,12
2015-09-26,0,13
2015-09-27,0,13
2015-09-28,0,13
2015-09-29,0,13
2015-09-30,0,13
2015-10-01,0,12
2015-10-02,0,12
2015-10-03,0,12
2015-10-04,0,12
2015-10-05,0,12
2015-10-06,0,12
2015-10-07,0,12
2015-10-08,0,12
2015-10-09,0,12
2015-10-10,0,12
2015-10-11,0,13
2015-10-12,0,13
2015-10-13,0,13
2015-10-14,0,13
2015-10-15,0,12
2015-10-16,0,12
2015-10-17,92.5,12
2015-10-18,0,12
2015-10-19,0,12
2015-10-20,0,12
2015-10-21,0,12
2015-10-22,0,12
2015-10-23,0,12
2015-10-24,0,12
2015-10-25,0,12
2015-10-26,0,13
2015-10-27,0,13
2015-10-28,0,13
2015-10-29,0,13
2015-10-30,0,12
2015-10-31,0,12
2015-11-01,0,12
2015-11-02,0,12
2015-11-03,0,12
2015-11-04,0,12
2015-11-05,0,12
2015-11-06,0,12
2015-11-07,0,12
2015-11-08,0,12
2015-11-09,0,12
2015-11-10,0,13
2015-11-11,0,13
2015-11-12,0,13
2015-11-13,0,13
2015-11-14,0,13
2015-11-15,0,12
2015-11-16,0,12
2015-11-17,0,12
2015-11-18,0,12
2015-11-19,0,12
2015-11-20,0,12
2015-11-21,0,12
2015-11-22,0,12
2015-11-23,0,12
2015-11-24,0,12
2015-11-25,0,13
2015-11-26,0,13
2015-11-27,79.07692307692308,13
2015-11-28,0,13
2015-11-29,0,13
2015-11-30,0,12
2015-12-01,0,12
2015-12-02,0,12
2015-12-03,0,12
2015-12-04,0,12
2015-12-05,0,12
2015-12-06,0,12
2015-12-07,0,12
2015-12-08,0,12
2015-12-09,0,12
2015-12-10,0,13
2015-12-11,0,13
2015-12-12,0,13
2015-12-13,0,13
2015-12-14,0,12
2015-12-15,0,12
2015-12-16,0,12
2015-12-17,0,12
2015-12-18,0,12
2015-12-19,0,12
2015-12-20,0,12
2015-12-21,0,12
2015-12-22,0,12
2015-12-23,0,12
2015-12-24,0,12
2015-12-25,0,13
2015-12-26,0,13
2015-12-27,0,13
2015-12-28,0,13
2015-12-29,0,12
2015-12-30,0,12
2015-12-31,0,12
2016-01-01,0,12
2016-01-02,0,12
2016-01-03,0,12
2016-01-04,0,12
2016-01-05,0,12
2016-01-06,0,12
2016-01-07,0,12
2016-01-08,72.83333333333333,12
2016-01-09,0,13
2016-01-10,0,13
2016-01-11,0,13
2016-01-12,0,13
2016-01-13,0,13
2016-01-14,0,12
2016-01-15,0,12
2016-01-16,0,12
2016-01-17,0,12
2016-01-18,0,12
2016-01-19,0,12
2016-01-20,0,12
2016-01-21,0,12
2016-01-22,0,12
2016-01-23,0,12
2016-01-24,0,13
2016-01-25,0,13
2016-01-26,0,13
2016-01-27,55.07692307692308,13
2016-01-28,75.38461538461539,13
2016-01-29,0,12
2016-01-30,0,12
2016-01-31,0,12
2016-02-01,0,12
2016-02-02,0,12
2016-02-03,0,12
2016-02-04,0,12
2016-02-05,0,12
2016-02-06,0,12
2016-02-07,0,12
2016-02-08,0,13
2016-02-09,0,13
2016-02-10,0,13
2016-02-11,0,13
2016-02-12,0,13
2016-02-13,0,12
2016-02-14,0,12
2016-02-15,61.166666666666664,12
2016-02-16,0,12
2016-02-17,0,12
2016-02-18,0,12
2016-02-19,58.75,12
2016-02-20,80.33333333333333,12
2016-02-21,88,12
2016-02-22,71.91666666666667,12
2016-02-23,59,13
2016-02-24,0,13
2016-02-25,0,13
2016-02-26,0,13
2016-02-27,0,13
2016-02-28,60,12
2016-02-29,76.41666666666667,12
2016-03-01,0,12
2016-03-02,0,12
2016-03-03,54.583333333333336,12
2016-03-04,0,12
2016-03-05,0,12
2016-03-06,0,12
2016-03-07,85.08333333333333,12
2016-03-08,0,12
2016-03-09,0,13
2016-03-10,0,13
2016-03-11,0,13
2016-03-12,0,12
2016-03-13,0,12
2016-03-14,0,12
2016-03-15,0,12
2016-03-16,0,12
2016-03-17,0,12
2016-03-18,0,12
2016-03-19,0,12
2016-03-20,0,12
2016-03-21,0,12
2016-03-22,54.5,12
2016-03-23,0,12
2016-03-24,0,13
2016-03-25,62.15384615384615,13
2016-03-26,0,13
2016-03-27,0,12
2016-03-28,0,12
2016-03-29,0,12
2016-03-30,0,12
2016-03-31,0,12
2016-04-01,0,12
2016-04-02,0,12
2016-04-03,0,12
2016-04-04,0,12
2016-04-05,0,12
2016-04-06,54,12
2016-04-07,0,12
2016-04-08,55.23076923076923,13
2016-04-09,0,13
2016-04-10,73.6923076923077,13
2016-04-11,58.76923076923077,13
2016-04-12,0,12
2016-04-13,0,12
2016-04-14,0,12
2016-04-15,0,12
2016-04-16,0,12
2016-04-17,73.25,12
2016-04-18,0,12
2016-04-19,0,12
2016-04-20,0,12
2016-04-21,0,12
2016-04-22,0,12
2016-04-23,0,13
2016-04-24,66.15384615384616,13
2016-04-25,0,13
2016-04-26,0,13
2016-04-27,0,12
2016-04-28,0,12
2016-04-29,0,12
2016-04-30,0,12
2016-05-01,0,12
2016-05-02,0,12
2016-05-03,0,12
2016-05-04,0,12
2016-05-05,0,12
2016-05-06,0,12
2016-05-07,0,12
2016-05-08,0,13
2016-05-09,0,13
2016-05-10,0,13
2016-05-11,0,12
2016-05-12,0,12
2016-05-13,0,12
2016-05-14,0,12
2016-05-15,0,12
2016-05-16,0,12
2016-05-17,0,12
2016-05-18,0,12
2016-05-19,0,12
2016-05-20,0,12
2016-05-21,0,12
2016-05-22,0,12
2016-05-23,0,13
2016-05-24,0,13
2016-05-25,0,13
2016-05-26,0,12
2016-05-27,0,12
2016-05-28,91,12
2016-05-29,0,12
2016-05-30,0,12
2016-05-31,0,12
2016-06-01,0,12
2016-06-02,0,12
2016-06-03,0,12
2016-06-04,70.25,12
2016-06-05,0,12
2016-06-06,49.75,12
2016-06-07,0,13
2016-06-08,0,13
2016-06-09,0,13
2016-06-10,0,13
2016-06-11,0,12
2016-06-12,58.333333333333336,12
2016-06-13,0,12
2016-06-14,0,12
2016-06-15,48,12
2016-06-16,56.166666666666664,12
2016-06-17,0,12
2016-06-18,0,12
2016-06-19,76.83333333333333,12
2016-06-20,0,12
2016-06-21,0,12
2016-06-22,0,13
2016-06-23,0,13
2016-06-24,0,13
2016-06-25,0,13
2016-06-26,0,12
2016-06-27,0,12
2016-06-28,0,12
2016-06-29,0,12
2016-06-30,0,12
2016-07-01,0,12
2016-07-02,0,12
2016-07-03,0,12
2016-07-04,0,12
2016-07-05,0,12
2016-07-06,0,12
2016-07-07,0,13
2016-07-08,0,13
2016-07-09,0,13
2016-07-10,0,12
2016-07-11,0,12
2016-07-12,0,12
2016-07-13,51,12
2016-07-14,0,12
2016-07-15,0,12
2016-07-16,0,12
2016-07-17,100,12
2016-07-18,0,12
2016-07-19,0,12
2016-07-20,0,12
2016-07-21,0,12
2016-07-22,0,13
2016-07-23,0,13
2016-07-24,0,13
2016-07-25,0,12
2016-07-26,0,12
2016-07-27,85.33333333333333,12
2016-07-28,0,12
2016-07-29,0,12
2016-07-30,0,12
2016-07-31,0,12
2016-08-01,0,12
2016-08-02,0,12
2016-08-03,0,12
2016-08-04,0,12
2016-08-05,0,12
2016-08-06,0,13
2016-08-07,0,13
2016-08-08,0,13
2016-08-09,0,12
2016-08-10,0,12
2016-08-11,0,12
2016-08-12,0,12
2016-08-13,0,12
2016-08-14,0,12
2016-08-15,0,12
2016-08-16,0,12
2016-08-17,0,12
2016-08-18,0,12
2016-08-19,0,12
2016-08-20,0,12
2016-08-21,0,13
2016-08-22,0,13
2016-08-23,0,13
2016-08-24,0,12
2016-08-25,0,12
2016-08-26,0,12
2016-08-27,0,12
2016-08-28,0,12
2016-08-29,0,12
2016-08-30,0,12
2016-08-31,0,12
2016-09-01,0,12
2016-09-02,0,12
2016-09-03,0,12
2016-09-04,0,12
2016-09-05,0,13
2016-09-06,0,13
2016-09-07,0,13
2016-09-08,0,13
2016-09-09,0,13
2016-09-10,0,12
2016-09-11,0,12
2016-09-12,0,12
2016-09-13,0,12
2016-09-14,0,12
2016-09-15,0,12
2016-09-16,62.333333333333336,12
2016-09-17,0,12
2016-09-18,0,12
2016-09-19,54.083333333333336,12
2016-09-20,0,13
2016-09-21,0,13
2016-09-22,0,13
2016-09-23,0,13
2016-09-24,0,13
2016-09-25,0,12
2016-09-26,0,12
2016-09-27,0,12
2016-09-28,0,12
2016-09-29,0,12
2016-09-30,0,12
2016-10-01,0,12
2016-10-02,0,12
2016-10-03,55.75,12
2016-10-04,60.583333333333336,12
2016-10-05,0,13
2016-10-06,63.23076923076923,13
2016-10-07,0,13
2016-10-08,0,13
2016-10-09,0,12
2016-10-10,0,12
2016-10-11,0,12
2016-10-12,0,12
2016-10-13,0,12
2016-10-14,0,12
2016-10-15,89.58333333333333,12
2016-10-16,0,12
2016-10-17,0,12
2016-10-18,0,12
2016-10-19,0,12
2016-10-20,0,13
2016-10-21,0,13
2016-10-22,0,13
2016-10-23,0,13
2016-10-24,57.166666666666664,12
2016-10-25,0,12
2016-10-26,0,12
2016-10-27,0,12
2016-10-28,0,12
2016-10-29,0,12
2016-10-30,67.33333333333333,12
2016-10-31,0,12
2016-11-01,0,12
2016-11-02,0,12
2016-11-03,0,12
2016-11-04,0,13
2016-11-05,0,13
2016-11-06,0,13
2016-11-07,0,13
2016-11-08,0,13
2016-11-09,0,12
2016-11-10,60.583333333333336,12
2016-11-11,0,12
2016-11-12,0,12
2016-11-13,66.83333333333333,12
2016-11-14,0,12
2016-11-15,0,12
2016-11-16,0,12
2016-11-17,0,12
2016-11-18,0,12
2016-11-19,0,13
2016-11-20,0,13
2016-11-21,0,13
2016-11-22,0,13
2016-11-23,0,13
2016-11-24,0,12
2016-11-25,0,12
2016-11-26,0,12
2016-11-27,0,12
2016-11-28,0,12
2016-11-29,0,12
2016-11-30,0,12
2016-12-01,0,12
2016-12-02,0,12
2016-12-03,0,12
2016-12-04,0,13
2016-12-05,54.53846153846154,13
2016-12-06,0,13
2016-12-07,0,13
2016-12-08,0,12
2016-12-09,0,12
2016-12-10,0,12
2016-12-11,0,12
2016-12-12,0,12
2016-12-13,0,12
2016-12-14,0,12
2016-12-15,0,12
2016-12-16,0,12
2016-12-17,0,12
2016-12-18,0,12
2016-12-19,0,13
2016-12-20,0,13
2016-12-21,0,13
2016-12-22,0,13
2016-12-23,0,12
2016-12-24,0,12
2016-12-25,0,12
2016-12-26,0,12
2016-12-27,0,12
2016-12-28,0,12
2016-12-29,0,12
2016-12-30,0,12
2016-12-31,0,12
2017-01-01,0,12
2017-01-02,0,12
2017-01-03,0,13
2017-01-04,0,13
2017-01-05,0,13
2017-01-06,0,13
2017-01-07,72.38461538461539,13
2017-01-08,0,12
2017-01-09,0,12
2017-01-10,0,12
2017-01-11,0,12
2017-01-12,0,12
2017-01-13,0,12
2017-01-14,0,12
2017-01-15,0,12
2017-01-16,0,12
2017-01-17,0,12
2017-01-18,0,13
2017-01-19,0,13
2017-01-20,0,13
2017-01-21,0,13
2017-01-22,0,13
2017-01-23,0,12
2017-01-24,0,12
2017-01-25,0,12
2017-01-26,0,12
2017-01-27,0,12
2017-01-28,0,12
2017-01-29,92.91666666666669,12
2017-01-30,0,12
2017-01-31,0,12
2017-02-01,0,12
2017-02-02,0,13
2017-02-03,0,13
2017-02-04,0,13
2017-02-05,0,13
2017-02-06,0,13
2017-02-07,0,12
2017-02-08,0,12
2017-02-09,0,12
2017-02-10,0,12
2017-02-11,0,12
2017-02-12,72.83333333333333,12
2017-02-13,0,12
2017-02-14,0,12
2017-02-15,0,12
2017-02-16,0,12
2017-02-17,0,13
2017-02-18,0,13
2017-02-19,0,13
2017-02-20,0,13
2017-02-21,0,13
2017-02-22,0,12
2017-02-23,62.666666666666664,12
2017-02-24,0,12
2017-02-25,0,12
2017-02-26,0,12
2017-02-27,0,12
2017-02-28,0,12
2017-03-01,0,12
2017-03-02,0,12
2017-03-03,0,12
2017-03-04,78.07692307692308,13
2017-03-05,0,13
2017-03-06,0,12
2017-03-07,0,12
2017-03-08,0,12
2017-03-09,0,12
2017-03-10,0,12
2017-03-11,0,12
2017-03-12,0,12
2017-03-13,0,12
2017-03-14,0,12
2017-03-15,0,12
2017-03-16,0,12
2017-03-17,0,12
2017-03-18,90,12
2017-03-19,0,13
2017-03-20,0,13
2017-03-21,0,12
2017-03-22,0,12
2017-03-23,0,12
2017-03-24,0,12
2017-03-25,0,12
2017-03-26,0,12
2017-03-27,0,12
2017-03-28,0,12
2017-03-29,0,12
2017-03-30,0,12
2017-03-31,0,12
2017-04-01,0,12
2017-04-02,0,12
2017-04-03,0,13
2017-04-04,0,13
2017-04-05,65.23076923076923,13
2017-04-06,0,12
2017-04-07,0,12
2017-04-08,0,12
2017-04-09,0,12
2017-04-10,58,12
2017-04-11,0,12
2017-04-12,0,12
2017-04-13,0,12
2017-04-14,0,12
2017-04-15,0,12
2017-04-16,0,12
2017-04-17,0,12
2017-04-18,0,13
2017-04-19,0,13
2017-04-20,0,13
2017-04-21,0,12
2017-04-22,0,12
2017-04-23,0,12
2017-04-24,0,12
2017-04-25,0,12
2017-04-26,0,12
2017-04-27,0,12
2017-04-28,0,12
2017-04-29,0,12
2017-04-30,0,12
2017-05-01,0,12
2017-05-02,85.83333333333333,12
2017-05-03,80.6923076923077,13
2017-05-04,57.46153846153846,13
2017-05-05,0,12
2017-05-06,0,12
2017-05-07,0,12
2017-05-08,0,12
2017-05-09,0,12
2017-05-10,100,12
2017-05-11,0,12
2017-05-12,0,12
2017-05-13,0,12
2017-05-14,0,12
2017-05-15,0,12
2017-05-16,0,12
2017-05-17,0,12
2017-05-18,0,13
2017-05-19,0,13
2017-05-20,0,12
2017-05-21,0,12
2017-05-22,0,12
2017-05-23,0,12
2017-05-24,0,12
2017-05-25,0,12
2017-05-26,0,12
2017-05-27,99.08333333333331,12
2017-05-28,0,12
2017-05-29,0,12
2017-05-30,0,12
2017-05-31,72.08333333333333,12
2017-06-01,0,12
2017-06-02,0,13
2017-06-03,0,13
2017-06-04,0,13
2017-06-05,0,12
2017-06-06,89.08333333333333,12
2017-06-07,0,12
2017-06-08,0,12
2017-06-09,0,12
2017-06-10,0,12
2017-06-11,0,12
2017-06-12,67.83333333333333,12
2017-06-13,0,12
2017-06-14,0,12
2017-06-15,0,12
2017-06-16,0,12
2017-06-17,0,13
2017-06-18,0,13
2017-06-19,0,13
2017-06-20,0,12
2017-06-21,60.583333333333336,12
2017-06-22,0,12
2017-06-23,0,12
2017-06-24,0,12
2017-06-25,0,12
2017-06-26,88.16666666666667,12
2017-06-27,0,12
2017-06-28,0,12
2017-06-29,0,12
2017-06-30,0,12
2017-07-01,0,12
2017-07-02,0,13
2017-07-03,0,13
2017-07-04,0,12
2017-07-05,0,12
2017-07-06,0,12
2017-07-07,0,12
2017-07-08,0,12
2017-07-09,0,12
2017-07-10,0,12
2017-07-11,0,12
2017-07-12,60.5,12
2017-07-13,0,12
2017-07-14,0,12
2017-07-15,0,12
2017-07-16,0,12
2017-07-17,0,13
2017-07-18,0,13
2017-07-19,0,12
2017-07-20,0,12
2017-07-21,0,12
2017-07-22,0,12
2017-07-23,0,12
2017-07-24,0,12
2017-07-25,0,12
2017-07-26,0,12
2017-07-27,0,12
2017-07-28,0,12
2017-07-29,0,12
2017-07-30,0,12
2017-07-31,0,12
2017-08-01,0,13
2017-08-02,68.15384615384616,13
2017-08-03,0,12
2017-08-04,0,12
2017-08-05,0,12
2017-08-06,0,12
2017-08-07,0,12
2017-08-08,0,12
2017-08-09,0,12
2017-08-10,0,12
2017-08-11,0,12
2017-08-12,0,12
2017-08-13,0,12
2017-08-14,0,12
2017-08-15,0,12
2017-08-16,0,13
2017-08-17,0,13
2017-08-18,0,12
2017-08-19,0,12
2017-08-20,0,12
2017-08-21,0,12
2017-08-22,0,12
2017-08-23,0,12
2017-08-24,0,12
2017-08-25,0,12
2017-08-26,0,12
2017-08-27,0,12
2017-08-28,0,12
2017-08-29,0,12
2017-08-30,0,12
2017-08-31,0,13
2017-09-01,0,13
2017-09-02,0,13
2017-09-03,78.84615384615384,13
2017-09-04,0,13
2017-09-05,63.166666666666664,12
2017-09-06,0,12
2017-09-07,0,12
2017-09-08,0,12
2017-09-09,0,12
2017-09-10,0,12
2017-09-11,0,12
2017-09-12,0,12
2017-09-13,0,12
2017-09-14,0,12
2017-09-15,0,13
2017-09-16,0,13
2017-09-17,0,13
2017-09-18,0,13
2017-09-19,0,13
2017-09-20,0,12
2017-09-21,0,12
2017-09-22,0,12
2017-09-23,0,12
2017-09-24,0,12
2017-09-25,0,12
2017-09-26,78.91666666666667,12
2017-09-27,0,12
2017-09-28,0,12
2017-09-29,0,12
2017-09-30,0,13
2017-10-01,0,13
2017-10-02,76.23076923076923,13
2017-10-03,0,13
2017-10-04,0,12
2017-10-05,0,12
2017-10-06,0,12
2017-10-07,0,12
2017-10-08,0,12
2017-10-09,0,12
2017-10-10,0,12
2017-10-11,0,12
2017-10-12,0,12
2017-10-13,0,12
2017-10-14,0,12
2017-10-15,0,13
2017-10-16,0,13
2017-10-17,67.61538461538461,13
2017-10-18,71.38461538461539,13
2017-10-19,0,12
2017-10-20,0,12
2017-10-21,0,12
2017-10-22,0,12
2017-10-23,0,12
2017-10-24,0,12
2017-10-25,0,12
2017-10-26,0,12
2017-10-27,0,12
2017-10-28,97.5,12
2017-10-29,0,12
2017-10-30,0,13
2017-10-31,0,13
2017-11-01,0,13
2017-11-02,0,13
2017-11-03,0,13
2017-11-04,0,12
2017-11-05,0,12
2017-11-06,0,12
2017-11-07,0,12
2017-11-08,0,12
2017-11-09,0,12
2017-11-10,0,12
2017-11-11,0,12
2017-11-12,0,12
2017-11-13,0,12
2017-11-14,0,13
2017-11-15,0,13
2017-11-16,0,13
2017-11-17,0,13
2017-11-18,0,13
2017-11-19,0,12
2017-11-20,0,12
2017-11-21,0,12
2017-11-22,0,12
2017-11-23,0,12
2017-11-24,0,12
2017-11-25,0,12
2017-11-26,0,12
2017-11-27,0,12
2017-11-28,0,12
2017-11-29,0,13
2017-11-30,0,13
2017-12-01,0,13
2017-12-02,0,13
2017-12-03,0,12
2017-12-04,0,12
2017-12-05,0,12
2017-12-06,0,12
2017-12-07,0,12
2017-12-08,0,12
2017-12-09,0,12
2017-12-10,0,12
2017-12-11,0,12
2017-12-12,0,12
2017-12-13,0,12
2017-12-14,0,13
2017-12-15,0,13
2017-12-16,0,13
2017-12-17,0,13
2017-12-18,0,12
2017-12-19,0,12
2017-12-20,0,12
2017-12-21,0,12
2017-12-22,0,12
2017-12-23,0,12
2017-12-24,0,12
2017-12-25,0,12
2017-12-26,0,12
2017-12-27,0,12
2017-12-28,0,12
2017-12-29,0,13
2017-12-30,0,13
2017-12-31,0,13
2018-01-01,0,13
2018-01-02,0,13
2018-01-03,0,12
2018-01-04,0,12
2018-01-05,0,12
2018-01-06,0,12
2018-01-07,0,12
2018-01-08,0,12
2018-01-09,0,12
2018-01-10,0,12
2018-01-11,0,12
2018-01-12,0,12
2018-01-13,0,13
2018-01-14,0,13
2018-01-15,0,13
2018-01-16,0,13
2018-01-17,0,13
2018-01-18,0,12
2018-01-19,0,12
2018-01-20,0,12
2018-01-21,0,12
2018-01-22,0,12
2018-01-23,0,12
2018-01-24,0,12
2018-01-25,0,12
2018-01-26,0,12
2018-01-27,0,12
2018-01-28,0,13
2018-01-29,0,13
2018-01-30,0,13
2018-01-31,0,13
2018-02-01,0,13
2018-02-02,0,12
2018-02-03,0,12
2018-02-04,0,12
2018-02-05,0,12
2018-02-06,0,12
2018-02-07,0,12
2018-02-08,59.583333333333336,12
2018-02-09,0,12
2018-02-10,0,12
2018-02-11,0,12
2018-02-12,0,13
2018-02-13,0,13
2018-02-14,0,13
2018-02-15,0,13
2018-02-16,0,13
2018-02-17,0,12
2018-02-18,0,12
2018-02-19,57.666666666666664,12
2018-02-20,0,12
2018-02-21,0,12
2018-02-22,88.66666666666667,12
2018-02-23,0,12
2018-02-24,73.66666666666667,12
2018-02-25,0,12
2018-02-26,0,12
2018-02-27,0,13
2018-02-28,0,13
2018-03-01,0,13
2018-03-02,0,13
2018-03-03,0,13
2018-03-04,0,12
2018-03-05,78,12
2018-03-06,0,12
2018-03-07,0,12
2018-03-08,0,12
2018-03-09,0,12
2018-03-10,73.75,12
2018-03-11,0,12
2018-03-12,0,12
2018-03-13,0,12
2018-03-14,0,13
2018-03-15,0,13
2018-03-16,0,12
2018-03-17,0,12
2018-03-18,0,12
2018-03-19,0,12
2018-03-20,0,12
2018-03-21,81.83333333333333,12
2018-03-22,0,12
2018-03-23,0,12
2018-03-24,81.83333333333333,12
2018-03-25,0,12
2018-03-26,0,12
2018-03-27,0,12
2018-03-28,0,12
2018-03-29,0,13
2018-03-30,0,13
2018-03-31,0,12
2018-04-01,0,12
2018-04-02,88.91666666666667,12
2018-04-03,0,12
2018-04-04,0,12
2018-04-05,0,12
2018-04-06,0,12
2018-04-07,0,12
2018-04-08,0,12
2018-04-09,0,12
2018-04-10,99.91666666666669,12
2018-04-11,0,12
2018-04-12,0,12
2018-04-13,0,13
2018-04-14,0,13
2018-04-15,0,13
2018-04-16,0,12
2018-04-17,0,12
2018-04-18,81.91666666666667,12
2018-04-19,0,12
2018-04-20,0,12
2018-04-21,0,12
2018-04-22,0,12
2018-04-23,0,12
2018-04-24,0,12
2018-04-25,0,12
2018-04-26,0,12
2018-04-27,0,12
2018-04-28,0,13
2018-04-29,0,13
2018-04-30,0,13
2018-05-01,0,12
2018-05-02,0,12
2018-05-03,0,12
2018-05-04,66.83333333333333,12
2018-05-05,0,12
2018-05-06,0,12
2018-05-07,0,12
2018-05-08,0,12
2018-05-09,0,12
2018-05-10,0,12
2018-05-11,0,12
2018-05-12,0,12
2018-05-13,0,13
2018-05-14,0,13
2018-05-15,0,12
2018-05-16,0,12
2018-05-17,0,12
2018-05-18,0,12
2018-05-19,0,12
2018-05-20,0,12
2018-05-21,0,12
2018-05-22,0,12
2018-05-23,0,12
2018-05-24,0,12
2018-05-25,0,12
2018-05-26,0,12
2018-05-27,0,12
2018-05-28,0,13
2018-05-29,0,13
2018-05-30,0,12
2018-05-31,0,12
2018-06-01,0,12
2018-06-02,0,12
2018-06-03,0,12
2018-06-04,0,12
2018-06-05,0,12
2018-06-06,0,12
2018-06-07,0,12
2018-06-08,0,12
2018-06-09,0,12
2018-06-10,0,12
2018-06-11,0,12
2018-06-12,0,13
2018-06-13,0,13
2018-06-14,0,13
2018-06-15,0,12
2018-06-16,0,12
2018-06-17,0,12
2018-06-18,0,12
2018-06-19,64.58333333333333,12
2018-06-20,0,12
2018-06-21,0,12
2018-06-22,0,12
2018-06-23,0,12
2018-06-24,0,12
2018-06-25,0,12
2018-06-26,0,12
2018-06-27,71.07692307692308,13
2018-06-28,0,13
2018-06-29,0,13
2018-06-30,0,12
2018-07-01,0,12
2018-07-02,0,12
2018-07-03,63,12
2018-07-04,0,12
2018-07-05,0,12
2018-07-06,0,12
2018-07-07,0,12
2018-07-08,0,12
2018-07-09,0,12
2018-07-10,0,12
2018-07-11,0,12
2018-07-12,0,13
2018-07-13,0,13
2018-07-14,0,12
2018-07-15,0,12
2018-07-16,0,12
2018-07-17,0,12
2018-07-18,0,12
2018-07-19,0,12
2018-07-20,0,12
2018-07-21,0,12
2018-07-22,0,12
2018-07-23,0,12
2018-07-24,0,12
2018-07-25,0,12
2018-07-26,0,12
2018-07-27,0,13
2018-07-28,0,13
2018-07-29,0,12
2018-07-30,0,12
2018-07-31,71.66666666666667,12
2018-08-01,0,12
2018-08-02,0,12
2018-08-03,0,12
2018-08-04,0,12
2018-08-05,0,12
2018-08-06,0,12
2018-08-07,0,12
2018-08-08,0,12
2018-08-09,0,12
2018-08-10,0,12
2018-08-11,0,13
2018-08-12,0,13
2018-08-13,0,12
2018-08-14,0,12
2018-08-15,0,12
2018-08-16,0,12
2018-08-17,0,12
2018-08-18,0,12
2018-08-19,0,12
2018-08-20,0,12
2018-08-21,0,12
2018-08-22,0,12
2018-08-23,0,12
2018-08-24,0,12
2018-08-25,0,12
2018-08-26,82.23076923076923,13
2018-08-27,0,13
2018-08-28,0,12
2018-08-29,0,12
2018-08-30,72.33333333333333,12
2018-08-31,0,12
2018-09-01,0,12
2018-09-02,0,12
2018-09-03,0,12
2018-09-04,61.166666666666664,12
2018-09-05,0,12
2018-09-06,70.16666666666667,12
2018-09-07,67.33333333333333,12
2018-09-08,0,12
2018-09-09,0,12
2018-09-10,0,13
2018-09-11,0,13
2018-09-12,0,13
2018-09-13,0,13
2018-09-14,0,13
2018-09-15,0,12
2018-09-16,79.16666666666667,12
2018-09-17,57.166666666666664,12
2018-09-18,65.16666666666667,12
2018-09-19,0,12
2018-09-20,59.083333333333336,12
2018-09-21,0,12
2018-09-22,0,12
2018-09-23,0,12
2018-09-24,0,12
2018-09-25,59.07692307692308,13
2018-09-26,0,13
2018-09-27,0,13
2018-09-28,0,13
2018-09-29,0,13
2018-09-30,0,12
2018-10-01,0,12
2018-10-02,0,12
2018-10-03,0,12
2018-10-04,0,12
2018-10-05,0,12
2018-10-06,0,12
2018-10-07,0,12
2018-10-08,0,12
2018-10-09,0,12
2018-10-10,0,13
2018-10-11,66,13
2018-10-12,100,13
2018-10-13,0,13
2018-10-14,0,12
2018-10-15,63,12
2018-10-16,0,12
2018-10-17,0,12
2018-10-18,0,12
2018-10-19,0,12
2018-10-20,0,12
2018-10-21,0,12
2018-10-22,0,12
2018-10-23,0,12
2018-10-24,0,12
2018-10-25,0,13
2018-10-26,0,13
2018-10-27,0,13
2018-10-28,0,13
2018-10-29,0,12
2018-10-30,0,12
2018-10-31,0,12
2018-11-01,0,12
2018-11-02,0,12
2018-11-03,0,12
2018-11-04,0,12
2018-11-05,0,12
2018-11-06,0,12
2018-11-07,0,12
2018-11-08,0,12
2018-11-09,0,13
2018-11-10,0,13
2018-11-11,0,13
2018-11-12,0,13
2018-11-13,0,13
2018-11-14,0,12
2018-11-15,0,12
2018-11-16,0,12
2018-11-17,0,12
2018-11-18,0,12
2018-11-19,0,12
2018-11-20,0,12
2018-11-21,0,12
2018-11-22,0,12
2018-11-23,0,12
2018-11-24,0,13
2018-11-25,0,13
2018-11-26,0,13
2018-11-27,0,13
2018-11-28,0,13
2018-11-29,0,12
2018-11-30,0,12
2018-12-01,0,12
2018-12-02,0,12
2018-12-03,0,12
2018-12-04,0,12
2018-12-05,0,12
2018-12-06,0,12
2018-12-07,0,12
2018-12-08,0,12
2018-12-09,0,13
2018-12-10,0,13
2018-12-11,0,13
2018-12-12,0,13
2018-12-13,0,12
2018-12-14,0,12
2018-12-15,0,12
2018-12-16,0,12
2018-12-17,0,12
2018-12-18,0,12
2018-12-19,0,12
2018-12-20,0,12
2018-12-21,0,12
2018-12-22,0,12
2018-12-23,0,12
2018-12-24,0,13
2018-12-25,0,13
2018-12-26,0,13
2018-12-27,0,13
2018-12-28,0,12
2018-12-29,0,12
2018-12-30,0,12
2018-12-31,0,12
2019-01-01,0,12
2019-01-02,0,12
2019-01-03,0,12
2019-01-04,0,12
2019-01-05,0,12
2019-01-06,63.916666666666664,12
2019-01-07,0,12
2019-01-08,0,13
2019-01-09,0,13
2019-01-10,68.46153846153847,13
2019-01-11,0,13
2019-01-12,0,13
2019-01-13,80.83333333333333,12
2019-01-14,0,12
2019-01-15,0,12
2019-01-16,0,12
2019-01-17,0,12
2019-01-18,0,12
2019-01-19,0,12
2019-01-20,0,12
2019-01-21,0,12
2019-01-22,0,12
2019-01-23,0,13
2019-01-24,0,13
2019-01-25,0,13
2019-01-26,0,13
2019-01-27,0,13
2019-01-28,71.33333333333333,12
2019-01-29,0,12
2019-01-30,0,12
2019-01-31,0,12
2019-02-01,0,12
2019-02-02,0,12
2019-02-03,0,12
2019-02-04,0,12
2019-02-05,0,12
2019-02-06,0,12
2019-02-07,0,13
2019-02-08,0,13
2019-02-09,0,13
2019-02-10,0,13
2019-02-11,0,13
2019-02-12,0,12
2019-02-13,0,12
2019-02-14,0,12
2019-02-15,0,12
2019-02-16,0,12
2019-02-17,0,12
2019-02-18,0,12
2019-02-19,0,12
2019-02-20,0,12
2019-02-21,0,12
2019-02-22,0,13
2019-02-23,0,13
2019-02-24,0,13
2019-02-25,0,13
2019-02-26,0,13
2019-02-27,0,12
2019-02-28,69.08333333333333,12
2019-03-01,0,12
2019-03-02,0,12
2019-03-03,0,12
2019-03-04,0,12
2019-03-05,0,12
2019-03-06,0,12
2019-03-07,0,12
2019-03-08,0,12
2019-03-09,0,13
2019-03-10,0,13
2019-03-11,0,12
2019-03-12,0,12
2019-03-13,0,12
2019-03-14,0,12
2019-03-15,0,12
2019-03-16,0,12
2019-03-17,0,12
2019-03-18,0,12
2019-03-19,0,12
2019-03-20,0,12
2019-03-21,0,12
2019-03-22,0,12
2019-03-23,0,12
2019-03-24,0,13
2019-03-25,0,13
2019-03-26,0,12
2019-03-27,64.41666666666667,12
2019-03-28,0,12
2019-03-29,0,12
2019-03-30,0,12
2019-03-31,0,12
2019-04-01,0,12
2019-04-02,0,12
2019-04-03,77.83333333333333,12
2019-04-04,0,12
2019-04-05,0,12
2019-04-06,0,12
2019-04-07,0,12
2019-04-08,0,13
2019-04-09,0,13
2019-04-10,56.92307692307692,13
2019-04-11,0,12
2019-04-12,0,12
2019-04-13,0,12
2019-04-14,0,12
2019-04-15,0,12
2019-04-16,0,12
2019-04-17,0,12
2019-04-18,0,12
2019-04-19,0,12
2019-04-20,0,12
2019-04-21,0,12
2019-04-22,0,12
2019-04-23,0,13
2019-04-24,69.61538461538461,13
2019-04-25,0,13
2019-04-26,0,12
2019-04-27,0,12
2019-04-28,0,12
2019-04-29,52.083333333333336,12
2019-04-30,0,12
2019-05-01,0,12
2019-05-02,0,12
2019-05-03,0,12
2019-05-04,0,12
2019-05-05,0,12
2019-05-06,0,12
2019-05-07,0,12
2019-05-08,0,13
2019-05-09,0,13
2019-05-10,0,12
2019-05-11,0,12
2019-05-12,0,12
2019-05-13,0,12
2019-05-14,0,12
2019-05-15,0,12
2019-05-16,0,12
2019-05-17,100,12
2019-05-18,0,12
2019-05-19,0,12
2019-05-20,62,12
2019-05-21,0,12
2019-05-22,0,12
2019-05-23,0,13
2019-05-24,0,13
2019-05-25,0,12
2019-05-26,0,12
2019-05-27,0,12
2019-05-28,0,12
2019-05-29,0,12
2019-05-30,100,12
2019-05-31,0,12
2019-06-01,95,12
2019-06-02,0,12
2019-06-03,0,12
2019-06-04,0,12
2019-06-05,0,12
2019-06-06,60,12
2019-06-07,0,13
2019-06-08,0,13
2019-06-09,0,13
2019-06-10,0,12
2019-06-11,0,12
2019-06-12,0,12
2019-06-13,0,12
2019-06-14,0,12
2019-06-15,0,12
2019-06-16,0,12
2019-06-17,0,12
2019-06-18,58.666666666666664,12
2019-06-19,0,12
2019-06-20,0,12
2019-06-21,0,12
2019-06-22,0,13
2019-06-23,0,13
2019-06-24,0,13
2019-06-25,0,12
2019-06-26,0,12
2019-06-27,0,12
2019-06-28,0,12
2019-06-29,0,12
2019-06-30,0,12
2019-07-01,0,12
2019-07-02,0,12
2019-07-03,0,12
2019-07-04,0,12
2019-07-05,68.33333333333333,12
2019-07-06,0,12
2019-07-07,0,13
2019-07-08,0,13
2019-07-09,0,12
2019-07-10,0,12
2019-07-11,0,12
2019-07-12,69.75,12
2019-07-13,0,12
2019-07-14,0,12
2019-07-15,0,12
2019-07-16,0,12
2019-07-17,0,12
2019-07-18,0,12
2019-07-19,0,12
2019-07-20,0,12
2019-07-21,0,12
2019-07-22,0,13
2019-07-23,0,13
2019-07-24,0,12
2019-07-25,0,12
2019-07-26,0,12
2019-07-27,0,12
2019-07-28,0,12
2019-07-29,0,12
2019-07-30,0,12
2019-07-31,0,12
2019-08-01,0,12
2019-08-02,0,12
2019-08-03,0,12
2019-08-04,0,12
2019-08-05,0,12
2019-08-06,0,13
2019-08-07,0,13
2019-08-08,0,12
2019-08-09,0,12
2019-08-10,0,12
2019-08-11,0,12
2019-08-12,0,12
2019-08-13,0,12
2019-08-14,0,12
2019-08-15,0,12
2019-08-16,0,12
2019-08-17,0,12
2019-08-18,0,12
2019-08-19,0,12
2019-08-20,0,12
2019-08-21,0,13
2019-08-22,0,13
2019-08-23,0,12
2019-08-24,0,12
2019-08-25,0,12
2019-08-26,0,12
2019-08-27,0,12
2019-08-28,0,12
2019-08-29,0,12
2019-08-30,0,12
2019-08-31,0,12
2019-09-01,0,12
2019-09-02,0,12
2019-09-03,0,12
2019-09-04,0,12
2019-09-05,0,13
2019-09-06,0,13
2019-09-07,0,13
2019-09-08,90.76923076923075,13
2019-09-09,0,13
2019-09-10,0,12
2019-09-11,0,12
2019-09-12,0,12
2019-09-13,0,12
2019-09-14,0,12
2019-09-15,0,12
2019-09-16,0,12
2019-09-17,0,12
2019-09-18,0,12
2019-09-19,0,12
2019-09-20,0,13
2019-09-21,0,13
2019-09-22,0,13
2019-09-23,0,13
2019-09-24,0,13
2019-09-25,0,12
2019-09-26,0,12
2019-09-27,0,12
2019-09-28,0,12
2019-09-29,0,12
2019-09-30,0,12
2019-10-01,0,12
2019-10-02,57.333333333333336,12
2019-10-03,0,12
2019-10-04,0,12
2019-10-05,0,13
2019-10-06,0,13
2019-10-07,0,13
2019-10-08,0,13
2019-10-09,54.833333333333336,12
2019-10-10,0,12
2019-10-11,0,12
2019-10-12,0,12
2019-10-13,0,12
2019-10-14,0,12
2019-10-15,0,12
2019-10-16,0,12
2019-10-17,0,12
2019-10-18,0,12
2019-10-19,0,12
2019-10-20,0,13
2019-10-21,0,13
2019-10-22,64.92307692307692,13
2019-10-23,0,13
2019-10-24,59.666666666666664,12
2019-10-25,0,12
2019-10-26,0,12
2019-10-27,0,12
2019-10-28,0,12
2019-10-29,55.5,12
2019-10-30,0,12
2019-10-31,69.66666666666667,12
2019-11-01,0,12
2019-11-02,0,12
2019-11-03,0,12
2019-11-04,0,13
2019-11-05,0,13
2019-11-06,0,13
2019-11-07,0,13
2019-11-08,53.61538461538461,13
2019-11-09,0,12
2019-11-10,0,12
2019-11-11,64.33333333333333,12
2019-11-12,0,12
2019-11-13,57.333333333333336,12
2019-11-14,60.333333333333336,12
2019-11-15,0,12
2019-11-16,0,12
2019-11-17,0,12
2019-11-18,0,12
2019-11-19,59.30769230769231,13
2019-11-20,0,13
2019-11-21,0,13
2019-11-22,0,13
2019-11-23,0,13
2019-11-24,100,12
2019-11-25,0,12
2019-11-26,0,12
2019-11-27,0,12
2019-11-28,0,12
2019-11-29,78,12
2019-11-30,0,12
2019-12-01,70,12
2019-12-02,60,12
2019-12-03,52,12
2019-12-04,0,13
2019-12-05,0,13
2019-12-06,0,13
2019-12-07,0,13
2019-12-08,0,12
2019-12-09,0,12
2019-12-10,0,12
2019-12-11,0,12
2019-12-12,0,12
2019-12-13,0,12
2019-12-14,0,12
2019-12-15,0,12
2019-12-16,0,12
2019-12-17,52.916666666666664,12
2019-12-18,0,12
2019-12-19,0,13
2019-12-20,0,13
2019-12-21,0,13
2019-12-22,0,13
2019-12-23,0,12
2019-12-24,0,12
2019-12-25,0,12
2019-12-26,0,12
2019-12-27,0,12
2019-12-28,0,12
2019-12-29,0,12
2019-12-30,0,12
2019-12-31,0,12
2020-01-01,0,12
2020-01-02,73.58333333333333,12
2020-01-03,0,13
2020-01-04,74.6923076923077,13
2020-01-05,0,13
2020-01-06,51.53846153846154,13
2020-01-07,0,13
2020-01-08,0,12
2020-01-09,0,12
2020-01-10,0,12
2020-01-11,0,12
2020-01-12,0,12
2020-01-13,0,12
2020-01-14,0,12
2020-01-15,0,12
2020-01-16,55,12
2020-01-17,0,12
2020-01-18,0,13
2020-01-19,0,13
2020-01-20,52.30769230769231,13
2020-01-21,0,13
2020-01-22,0,13
2020-01-23,0,12
2020-01-24,0,12
2020-01-25,0,12
2020-01-26,0,12
2020-01-27,0,12
2020-01-28,0,12
2020-01-29,0,12
2020-01-30,0,12
2020-01-31,0,12
2020-02-01,0,12
2020-02-02,0,13
2020-02-03,52.53846153846154,13
2020-02-04,58.15384615384615,13
2020-02-05,0,13
2020-02-06,0,13
2020-02-07,0,12
2020-02-08,69.25,12
2020-02-09,0,12
2020-02-10,0,12
2020-02-11,0,12
2020-02-12,0,12
2020-02-13,0,12
2020-02-14,0,12
2020-02-15,0,12
2020-02-16,67.25,12
2020-02-17,0,13
2020-02-18,0,13
2020-02-19,0,13
2020-02-20,0,13
2020-02-21,0,13
2020-02-22,0,12
2020-02-23,0,12
2020-02-24,0,12
2020-02-25,0,12
2020-02-26,0,12
2020-02-27,0,12
2020-02-28,0,12
2020-02-29,0,12
2020-03-01,0,12
2020-03-02,0,12
2020-03-03,0,13
2020-03-04,0,13
2020-03-05,0,13
2020-03-06,0,12
2020-03-07,0,12
2020-03-08,0,12
2020-03-09,0,12
2020-03-10,52.666666666666664,12
2020-03-11,0,12
2020-03-12,0,12
2020-03-13,0,12
2020-03-14,0,12
2020-03-15,0,12
2020-03-16,57.583333333333336,12
2020-03-17,0,12
2020-03-18,0,13
2020-03-19,0,13
2020-03-20,0,13
2020-03-21,0,12
2020-03-22,0,12
2020-03-23,0,12
2020-03-24,0,12
2020-03-25,0,12
2020-03-26,0,12
2020-03-27,0,12
2020-03-28,0,12
2020-03-29,0,12
2020-03-30,0,12
2020-03-31,0,12
2020-04-01,0,12
2020-04-02,0,13
2020-04-03,0,13
2020-04-04,0,13
2020-04-05,0,13
2020-04-06,0,12
2020-04-07,0,12
2020-04-08,0,12
2020-04-09,0,12
2020-04-10,0,12
2020-04-11,0,12
2020-04-12,0,12
2020-04-13,72.41666666666667,12
2020-04-14,80.75,12
2020-04-15,66.25,12
2020-04-16,0,12
2020-04-17,0,13
2020-04-18,66.61538461538461,13
2020-04-19,82.53846153846153,13
2020-04-20,0,13
2020-04-21,0,12
2020-04-22,0,12
2020-04-23,0,12
2020-04-24,54.75,12
2020-04-25,0,12
2020-04-26,67.91666666666667,12
2020-04-27,0,12
2020-04-28,54.416666666666664,12
2020-04-29,0,12
2020-04-30,60.5,12
2020-05-01,0,12
2020-05-02,76.53846153846153,13
2020-05-03,84.23076923076923,13
2020-05-04,0,13
2020-05-05,0,12
2020-05-06,0,12
2020-05-07,0,12
2020-05-08,0,12
2020-05-09,0,12
2020-05-10,78.16666666666667,12
2020-05-11,54,12
2020-05-12,51.083333333333336,12
2020-05-13,56.416666666666664,12
2020-05-14,0,12
2020-05-15,62.75,12
2020-05-16,71.83333333333333,12
2020-05-17,73.15384615384616,13
2020-05-18,0,13
2020-05-19,72.38461538461539,13
2020-05-20,0,12
2020-05-21,0,12
2020-05-22,0,12
2020-05-23,0,12
2020-05-24,89.08333333333333,12
2020-05-25,0,12
2020-05-26,79.25,12
2020-05-27,0,12
2020-05-28,60.916666666666664,12
2020-05-29,0,12
2020-05-30,0,12
2020-05-31,0,12
2020-06-01,0,13
2020-06-02,0,13
2020-06-03,0,13
2020-06-04,56.07692307692308,13
2020-06-05,56.333333333333336,12
2020-06-06,78.91666666666667,12
2020-06-07,88.58333333333333,12
2020-06-08,48.083333333333336,12
2020-06-09,0,12
2020-06-10,58.916666666666664,12
2020-06-11,0,12
2020-06-12,0,12
2020-06-13,78,12
2020-06-14,78.91666666666667,12
2020-06-15,52.333333333333336,12
2020-06-16,61.61538461538461,13
2020-06-17,49.69230769230769,13
2020-06-18,61.61538461538461,13
2020-06-19,73.15384615384616,13
2020-06-20,0,12
2020-06-21,0,12
2020-06-22,66.16666666666667,12
2020-06-23,0,12
2020-06-24,0,12
2020-06-25,0,12
2020-06-26,72.66666666666667,12
2020-06-27,0,12
2020-06-28,0,12
2020-06-29,0,12
2020-06-30,0,12
2020-07-01,74.3076923076923,13
2020-07-02,0,13
2020-07-03,0,13
2020-07-04,0,12
2020-07-05,0,12
2020-07-06,61.833333333333336,12
2020-07-07,68.16666666666667,12
2020-07-08,77.5,12
2020-07-09,0,12
2020-07-10,0,12
2020-07-11,67.25,12
2020-07-12,86.75,12
2020-07-13,75.16666666666667,12
2020-07-14,78.25,12
2020-07-15,58.916666666666664,12
2020-07-16,0,13
2020-07-17,0,13
2020-07-18,0,13
2020-07-19,0,12
2020-07-20,0,12
2020-07-21,0,12
2020-07-22,65,12
2020-07-23,0,12
2020-07-24,0,12
2020-07-25,90.5,12
2020-07-26,0,12
2020-07-27,0,12
2020-07-28,0,12
2020-07-29,83.41666666666667,12
2020-07-30,74.08333333333333,12
2020-07-31,0,13
2020-08-01,0,13
2020-08-02,0,13
2020-08-03,0,12
2020-08-04,0,12
2020-08-05,0,12
2020-08-06,0,12
2020-08-07,0,12
2020-08-08,0,12
2020-08-09,0,12
2020-08-10,52.333333333333336,12
2020-08-11,73.5,12
2020-08-12,0,12
2020-08-13,0,12
2020-08-14,0,12
2020-08-15,65.46153846153847,13
2020-08-16,93.53846153846152,13
2020-08-17,0,13
2020-08-18,0,12
2020-08-19,0,12
2020-08-20,0,12
2020-08-21,0,12
2020-08-22,0,12
2020-08-23,0,12
2020-08-24,0,12
2020-08-25,0,12
2020-08-26,100,12
2020-08-27,83,12
2020-08-28,0,12
2020-08-29,82,12
2020-08-30,0,13
2020-08-31,0,13
2020-09-01,0,13
2020-09-02,0,13
2020-09-03,84.23076923076923,13
2020-09-04,58.166666666666664,12
2020-09-05,66.16666666666667,12
2020-09-06,59.166666666666664,12
2020-09-07,0,12
2020-09-08,0,12
2020-09-09,0,12
2020-09-10,0,12
2020-09-11,0,12
2020-09-12,0,12
2020-09-13,0,12
2020-09-14,0,13
2020-09-15,0,13
2020-09-16,0,13
2020-09-17,0,13
2020-09-18,0,13
2020-09-19,0,12
2020-09-20,0,12
2020-09-21,0,12
2020-09-22,0,12
2020-09-23,53.333333333333336,12
2020-09-24,0,12
2020-09-25,0,12
2020-09-26,0,12
2020-09-27,0,12
2020-09-28,0,12
2020-09-29,54.46153846153846,13
2020-09-30,0,13
2020-10-01,0,13
2020-10-02,0,13
2020-10-03,0,12
2020-10-04,0,12
2020-10-05,57.75,12
2020-10-06,0,12
2020-10-07,0,12
2020-10-08,54.5,12
2020-10-09,69.75,12
2020-10-10,0,12
2020-10-11,63.5,12
2020-10-12,0,12
2020-10-13,0,12
2020-10-14,0,13
2020-10-15,0,13
2020-10-16,0,13
2020-10-17,0,13
2020-10-18,0,12
2020-10-19,0,12
2020-10-20,61.666666666666664,12
2020-10-21,0,12
2020-10-22,0,12
2020-10-23,0,12
2020-10-24,97.33333333333331,12
2020-10-25,0,12
2020-10-26,54.666666666666664,12
2020-10-27,0,12
2020-10-28,0,12
2020-10-29,0,13
2020-10-30,63,13
2020-10-31,0,13
2020-11-01,0,13
2020-11-02,52.92307692307692,13
2020-11-03,0,12
2020-11-04,0,12
2020-11-05,0,12
2020-11-06,0,12
2020-11-07,0,12
2020-11-08,0,12
2020-11-09,0,12
2020-11-10,0,12
2020-11-11,0,12
2020-11-12,0,12
2020-11-13,0,13
2020-11-14,0,13
2020-11-15,0,13
2020-11-16,0,13
2020-11-17,0,13
2020-11-18,0,12
2020-11-19,0,12
2020-11-20,0,12
2020-11-21,0,12
2020-11-22,0,12
2020-11-23,0,12
2020-11-24,0,12
2020-11-25,0,12
2020-11-26,0,12
2020-11-27,0,12
2020-11-28,0,13
2020-11-29,0,13
2020-11-30,0,13
2020-12-01,58.30769230769231,13
2020-12-02,0,12
2020-12-03,0,12
2020-12-04,0,12
2020-12-05,0,12
2020-12-06,0,12
2020-12-07,48.5,12
2020-12-08,0,12
2020-12-09,0,12
2020-12-10,0,12
2020-12-11,0,12
2020-12-12,0,12
2020-12-13,58,13
2020-12-14,0,13
2020-12-15,0,13
2020-12-16,0,13
2020-12-17,0,12
2020-12-18,0,12
2020-12-19,0,12
2020-12-20,0,12
2020-12-21,0,12
2020-12-22,0,12
2020-12-23,0,12
2020-12-24,0,12
2020-12-25,0,12
2020-12-26,0,12
2020-12-27,0,12
2020-12-28,0,13
2020-12-29,0,13
2020-12-30,0,13
2020-12-31,0,13
2021-01-01,0,13
2021-01-02,58.416666666666664,12
2021-01-03,0,12
2021-01-04,0,12
2021-01-05,0,12
2021-01-06,0,12
2021-01-07,0,12
2021-01-08,0,12
2021-01-09,0,12
2021-01-10,0,12
2021-01-11,80.58333333333333,12
2021-01-12,0,13
2021-01-13,0,13
2021-01-14,56.76923076923077,13
2021-01-15,0,13
2021-01-16,71.6923076923077,13
2021-01-17,0,12
2021-01-18,0,12
2021-01-19,56.25,12
2021-01-20,0,12
2021-01-21,0,12
2021-01-22,62.5,12
2021-01-23,0,12
2021-01-24,0,12
2021-01-25,47.25,12
2021-01-26,51.916666666666664,12
2021-01-27,0,13
2021-01-28,50.30769230769231,13
2021-01-29,0,13
2021-01-30,0,13
2021-01-31,0,13
2021-02-01,0,12
2021-02-02,0,12
2021-02-03,0,12
2021-02-04,0,12
2021-02-05,0,12
2021-02-06,0,12
2021-02-07,0,12
2021-02-08,0,12
2021-02-09,0,12
2021-02-10,0,12
2021-02-11,0,13
2021-02-12,0,13
2021-02-13,0,13
2021-02-14,0,13
2021-02-15,0,13
2021-02-16,0,12
2021-02-17,0,12
2021-02-18,0,12
2021-02-19,0,12
2021-02-20,0,12
2021-02-21,72.41666666666667,12
2021-02-22,0,12
2021-02-23,0,12
2021-02-24,84.66666666666667,12
2021-02-25,0,12
2021-02-26,0,13
2021-02-27,0,13
2021-02-28,0,13
2021-03-01,54.23076923076923,13
2021-03-02,0,13
2021-03-03,0,12
2021-03-04,0,12
2021-03-05,0,12
2021-03-06,57.916666666666664,12
2021-03-07,0,12
2021-03-08,0,12
2021-03-09,0,12
2021-03-10,0,12
2021-03-11,0,12
2021-03-12,0,12
2021-03-13,0,13
2021-03-14,79.15384615384616,13
2021-03-15,0,12
2021-03-16,0,12
2021-03-17,51.5,12
2021-03-18,0,12
2021-03-19,0,12
2021-03-20,60,12
2021-03-21,52.25,12
2021-03-22,0,12
2021-03-23,0,12
2021-03-24,0,12
2021-03-25,0,12
2021-03-26,0,12
2021-03-27,0,12
2021-03-28,0,13
2021-03-29,0,13
2021-03-30,0,12
2021-03-31,0,12
2021-04-01,0,12
2021-04-02,0,12
2021-04-03,0,12
2021-04-04,0,12
2021-04-05,0,12
2021-04-06,0,12
2021-04-07,0,12
2021-04-08,0,12
2021-04-09,0,12
2021-04-10,0,12
2021-04-11,0,12
2021-04-12,0,13
2021-04-13,0,13
2021-04-14,0,13
2021-04-15,0,12
2021-04-16,58.5,12
2021-04-17,0,12
2021-04-18,55.5,12
2021-04-19,0,12
2021-04-20,53.333333333333336,12
2021-04-21,0,12
2021-04-22,0,12
2021-04-23,0,12
2021-04-24,0,12
2021-04-25,0,12
2021-04-26,0,12
2021-04-27,0,13
2021-04-28,0,13
2021-04-29,0,13
2021-04-30,0,12
2021-05-01,0,12
2021-05-02,0,12
2021-05-03,0,12
2021-05-04,0,12
2021-05-05,0,12
2021-05-06,0,12
2021-05-07,0,12
2021-05-08,0,12
2021-05-09,0,12
2021-05-10,0,12
2021-05-11,0,12
2021-05-12,0,13
2021-05-13,100,13
2021-05-14,0,12
2021-05-15,0,12
2021-05-16,0,12
2021-05-17,0,12
2021-05-18,0,12
2021-05-19,0,12
2021-05-20,0,12
2021-05-21,0,12
2021-05-22,0,12
2021-05-23,0,12
2021-05-24,0,12
2021-05-25,0,12
2021-05-26,0,12
2021-05-27,0,13
2021-05-28,0,13
2021-05-29,0,12
2021-05-30,0,12
2021-05-31,0,12
2021-06-01,0,12
2021-06-02,0,12
2021-06-03,0,12
2021-06-04,0,12
2021-06-05,74,12
2021-06-06,0,12
2021-06-07,0,12
2021-06-08,0,12
2021-06-09,0,12
2021-06-10,0,12
2021-06-11,0,13
2021-06-12,0,13
2021-06-13,0,13
2021-06-14,0,12
2021-06-15,0,12
2021-06-16,0,12
2021-06-17,0,12
2021-06-18,0,12
2021-06-19,58.5,12
2021-06-20,0,12
2021-06-21,0,12
2021-06-22,51.333333333333336,12
2021-06-23,0,12
2021-06-24,0,12
2021-06-25,0,12
2021-06-26,0,13
2021-06-27,0,13
2021-06-28,0,13
2021-06-29,0,12
2021-06-30,0,12
2021-07-01,0,12
2021-07-02,0,12
2021-07-03,0,12
2021-07-04,0,12
2021-07-05,0,12
2021-07-06,0,12
2021-07-07,0,12
2021-07-08,0,12
2021-07-09,0,12
2021-07-10,0,12
2021-07-11,0,13
2021-07-12,80.6923076923077,13
2021-07-13,60,12
2021-07-14,0,12
2021-07-15,0,12
2021-07-16,0,12
2021-07-17,0,12
2021-07-18,0,12
2021-07-19,0,12
2021-07-20,0,12
2021-07-21,0,12
2021-07-22,0,12
2021-07-23,0,12
2021-07-24,0,12
2021-07-25,0,12
2021-07-26,0,13
2021-07-27,0,13
2021-07-28,0,12
2021-07-29,0,12
2021-07-30,0,12
2021-07-31,0,12
2021-08-01,72.58333333333333,12
2021-08-02,0,12
2021-08-03,0,12
2021-08-04,0,12
2021-08-05,52.333333333333336,12
2021-08-06,0,12
2021-08-07,81,12
2021-08-08,0,12
2021-08-09,0,12
2021-08-10,0,13
2021-08-11,0,13
2021-08-12,0,12
2021-08-13,0,12
2021-08-14,0,12
2021-08-15,0,12
2021-08-16,0,12
2021-08-17,0,12
2021-08-18,0,12
2021-08-19,0,12
2021-08-20,0,12
2021-08-21,64.5,12
2021-08-22,66.5,12
2021-08-23,0,12
2021-08-24,0,12
2021-08-25,93.53846153846152,13
2021-08-26,0,13
2021-08-27,0,12
2021-08-28,67.25,12
2021-08-29,60.25,12
2021-08-30,55.083333333333336,12
2021-08-31,55.666666666666664,12
2021-09-01,57.666666666666664,12
2021-09-02,0,12
2021-09-03,0,12
2021-09-04,0,12
2021-09-05,0,12
2021-09-06,0,12
2021-09-07,0,12
2021-09-08,0,12
2021-09-09,0,13
2021-09-10,0,13
2021-09-11,0,13
2021-09-12,0,13
2021-09-13,0,13
2021-09-14,0,12
2021-09-15,78.91666666666667,12
2021-09-16,0,12
2021-09-17,0,12
2021-09-18,0,12
2021-09-19,0,12
2021-09-20,60.166666666666664,12
2021-09-21,0,12
2021-09-22,0,12
2021-09-23,0,12
2021-09-24,0,13
2021-09-25,72.6923076923077,13
2021-09-26,0,13
2021-09-27,0,13
2021-09-28,0,13
2021-09-29,72.83333333333333,12
2021-09-30,0,12
2021-10-01,0,12
2021-10-02,0,12
2021-10-03,0,12
2021-10-04,0,12
2021-10-05,0,12
2021-10-06,0,12
2021-10-07,55.5,12
2021-10-08,0,12
2021-10-09,0,13
2021-10-10,0,13
2021-10-11,0,13
2021-10-12,0,13
2021-10-13,0,12
2021-10-14,0,12
2021-10-15,0,12
2021-10-16,0,12
2021-10-17,0,12
2021-10-18,0,12
2021-10-19,0,12
2021-10-20,0,12
2021-10-21,0,12
2021-10-22,0,12
2021-10-23,0,12
2021-10-24,0,13
2021-10-25,0,13
2021-10-26,64.53846153846153,13
2021-10-27,0,13
2021-10-28,0,12
2021-10-29,0,12
2021-10-30,0,12
2021-10-31,0,12
2021-11-01,0,12
2021-11-02,0,12
2021-11-03,0,12
2021-11-04,61.166666666666664,12
2021-11-05,0,12
2021-11-06,0,12
2021-11-07,0,12
2021-11-08,0,13
2021-11-09,0,13
2021-11-10,0,13
2021-11-11,0,13
2021-11-12,0,13
2021-11-13,0,12
2021-11-14,0,12
2021-11-15,0,12
2021-11-16,0,12
2021-11-17,0,12
2021-11-18,0,12
2021-11-19,0,12
2021-11-20,0,12
2021-11-21,0,12
2021-11-22,0,12
2021-11-23,63.76923076923077,13
2021-11-24,79,13
2021-11-25,62.30769230769231,13
2021-11-26,0,13
2021-11-27,0,13
2021-11-28,77.66666666666667,12
2021-11-29,0,12
2021-11-30,0,12
2021-12-01,0,12
2021-12-02,0,12
2021-12-03,0,12
2021-12-04,0,12
2021-12-05,0,12
2021-12-06,0,12
2021-12-07,0,12
2021-12-08,0,13
2021-12-09,0,13
2021-12-10,0,13
2021-12-11,0,13
2021-12-12,0,12
2021-12-13,0,12
2021-12-14,0,12
2021-12-15,68.91666666666667,12
2021-12-16,0,12
2021-12-17,0,12
2021-12-18,0,12
2021-12-19,0,12
2021-12-20,0,12
2021-12-21,0,12
2021-12-22,0,12
2021-12-23,0,13
2021-12-24,0,13
2021-12-25,0,13
2021-12-26,0,13
2021-12-27,0,12
2021-12-28,78.16666666666667,12
2021-12-29,0,12
2021-12-30,0,12
2021-12-31,0,12
2022-01-01,0,12
2022-01-02,0,12
2022-01-03,0,12
2022-01-04,0,12
2022-01-05,0,12
2022-01-06,0,12
2022-01-07,0,13
2022-01-08,0,13
2022-01-09,72.23076923076923,13
2022-01-10,0,13
2022-01-11,0,13
2022-01-12,0,12
2022-01-13,0,12
2022-01-14,0,12
2022-01-15,0,12
2022-01-16,0,12
2022-01-17,0,12
2022-01-18,0,12
2022-01-19,0,12
2022-01-20,0,12
2022-01-21,0,12
2022-01-22,0,13
2022-01-23,0,13
2022-01-24,0,13
2022-01-25,75.92307692307692,13
2022-01-26,0,13
2022-01-27,0,12
2022-01-28,68.33333333333333,12
2022-01-29,0,12
2022-01-30,0,12
2022-01-31,0,12
2022-02-01,0,12
2022-02-02,0,12
2022-02-03,0,12
2022-02-04,0,12
2022-02-05,0,12
2022-02-06,0,13
2022-02-07,0,13
2022-02-08,0,13
2022-02-09,71.38461538461539,13
2022-02-10,0,13
2022-02-11,0,12
2022-02-12,0,12
2022-02-13,0,12
2022-02-14,57.166666666666664,12
2022-02-15,0,12
2022-02-16,0,12
2022-02-17,0,12
2022-02-18,0,12
2022-02-19,0,12
2022-02-20,0,12
2022-02-21,0,13
2022-02-22,0,13
2022-02-23,0,13
2022-02-24,0,13
2022-02-25,0,13
2022-02-26,0,12
2022-02-27,61.333333333333336,12
2022-02-28,56.333333333333336,12
2022-03-01,0,12
2022-03-02,0,12
2022-03-03,0,12
2022-03-04,91.16666666666669,12
2022-03-05,0,12
2022-03-06,0,12
2022-03-07,0,12
2022-03-08,0,13
2022-03-09,52.46153846153846,13
2022-03-10,0,12
2022-03-11,0,12
2022-03-12,58.5,12
2022-03-13,56.416666666666664,12
2022-03-14,87.91666666666667,12
2022-03-15,0,12
2022-03-16,0,12
2022-03-17,0,12
2022-03-18,0,12
2022-03-19,0,12
2022-03-20,0,12
2022-03-21,0,12
2022-03-22,0,12
2022-03-23,0,13
2022-03-24,0,13
2022-03-25,67.25,12
2022-03-26,0,12
2022-03-27,54.583333333333336,12
2022-03-28,0,12
2022-03-29,0,12
2022-03-30,0,12
2022-03-31,0,12
2022-04-01,0,12
2022-04-02,0,12
2022-04-03,0,12
2022-04-04,0,12
2022-04-05,0,12
2022-04-06,0,12
2022-04-07,0,13
2022-04-08,0,13
2022-04-09,63.61538461538461,13
2022-04-10,0,12
2022-04-11,0,12
2022-04-12,0,12
2022-04-13,0,12
2022-04-14,0,12
2022-04-15,0,12
2022-04-16,0,12
2022-04-17,0,12
2022-04-18,0,12
2022-04-19,0,12
2022-04-20,0,12
2022-04-21,0,12
2022-04-22,0,13
2022-04-23,0,13
2022-04-24,62.84615384615385,13
2022-04-25,0,12
2022-04-26,0,12
2022-04-27,0,12
2022-04-28,68.16666666666667,12
2022-04-29,0,12
2022-04-30,80.5,12
2022-05-01,0,12
2022-05-02,0,12
2022-05-03,60.75,12
2022-05-04,0,12
2022-05-05,0,12
2022-05-06,0,12
2022-05-07,57.69230769230769,13
2022-05-08,0,13
2022-05-09,0,12
2022-05-10,67,12
2022-05-11,54.833333333333336,12
2022-05-12,0,12
2022-05-13,0,12
2022-05-14,75.08333333333333,12
2022-05-15,0,12
2022-05-16,0,12
2022-05-17,55.833333333333336,12
2022-05-18,0,12
2022-05-19,0,12
2022-05-20,0,12
2022-05-21,86.25,12
2022-05-22,0,13
2022-05-23,0,13
2022-05-24,59,12
2022-05-25,0,12
2022-05-26,0,12
2022-05-27,0,12
2022-05-28,100,12
2022-05-29,69,12
2022-05-30,0,12
2022-05-31,0,12
2022-06-01,0,12
2022-06-02,0,12
2022-06-03,0,12
2022-06-04,0,12
2022-06-05,0,12
2022-06-06,0,13
2022-06-07,0,13
2022-06-08,0,13
2022-06-09,50.5,12
2022-06-10,69.75,12
2022-06-11,0,12
2022-06-12,0,12
2022-06-13,0,12
2022-06-14,0,12
2022-06-15,0,12
2022-06-16,0,12
2022-06-17,0,12
2022-06-18,0,12
2022-06-19,0,12
2022-06-20,0,12
2022-06-21,60.07692307692308,13
2022-06-22,0,13
2022-06-23,0,13
2022-06-24,0,12
2022-06-25,0,12
2022-06-26,0,12
2022-06-27,0,12
2022-06-28,0,12
2022-06-29,0,12
2022-06-30,0,12
2022-07-01,0,12
2022-07-02,0,12
2022-07-03,0,12
2022-07-04,0,12
2022-07-05,0,12
2022-07-06,0,13
2022-07-07,0,13
2022-07-08,0,12
2022-07-09,0,12
2022-07-10,0,12
2022-07-11,0,12
2022-07-12,0,12
2022-07-13,0,12
2022-07-14,0,12
2022-07-15,0,12
2022-07-16,0,12
2022-07-17,0,12
2022-07-18,0,12
2022-07-19,0,12
2022-07-20,0,12
2022-07-21,0,13
2022-07-22,0,13
2022-07-23,75,12
2022-07-24,0,12
2022-07-25,0,12
2022-07-26,0,12
2022-07-27,0,12
2022-07-28,69.66666666666667,12
2022-07-29,0,12
2022-07-30,0,12
2022-07-31,0,12
2022-08-01,0,12
2022-08-02,0,12
2022-08-03,0,12
2022-08-04,0,12
2022-08-05,67.07692307692308,13
2022-08-06,0,13
2022-08-07,0,12
2022-08-08,0,12
2022-08-09,0,12
2022-08-10,0,12
2022-08-11,0,12
2022-08-12,0,12
2022-08-13,0,12
2022-08-14,78.75,12
2022-08-15,0,12
2022-08-16,0,12
2022-08-17,0,12
2022-08-18,0,12
2022-08-19,0,12
2022-08-20,0,13
2022-08-21,0,13
2022-08-22,0,12
2022-08-23,0,12
2022-08-24,0,12
2022-08-25,56.5,12
2022-08-26,0,12
2022-08-27,0,12
2022-08-28,0,12
2022-08-29,0,12
2022-08-30,0,12
2022-08-31,0,12
2022-09-01,0,12
2022-09-02,0,12
2022-09-03,0,12
2022-09-04,0,13
2022-09-05,68.3076923076923,13
2022-09-06,0,13
2022-09-07,0,13
2022-09-08,0,13
2022-09-09,0,12
2022-09-10,0,12
2022-09-11,0,12
2022-09-12,0,12
2022-09-13,0,12
2022-09-14,0,12
2022-09-15,0,12
2022-09-16,0,12
2022-09-17,95.41666666666669,12
2022-09-18,82.83333333333333,12
2022-09-19,59.53846153846154,13
2022-09-20,0,13
2022-09-21,0,13
2022-09-22,0,13
2022-09-23,0,13
2022-09-24,70.58333333333333,12
2022-09-25,67.91666666666667,12
2022-09-26,0,12
2022-09-27,0,12
2022-09-28,72.16666666666667,12
2022-09-29,0,12
2022-09-30,0,12
2022-10-01,0,12
2022-10-02,70.5,12
2022-10-03,0,12
2022-10-04,0,13
2022-10-05,0,13
2022-10-06,0,13
2022-10-07,0,13
2022-10-08,0,12
2022-10-09,0,12
2022-10-10,0,12
2022-10-11,0,12
2022-10-12,0,12
2022-10-13,71.33333333333333,12
2022-10-14,0,12
2022-10-15,0,12
2022-10-16,0,12
2022-10-17,0,12
2022-10-18,0,12
2022-10-19,0,13
2022-10-20,0,13
2022-10-21,0,13
2022-10-22,0,13
2022-10-23,0,12
2022-10-24,0,12
2022-10-25,0,12
2022-10-26,0,12
2022-10-27,0,12
2022-10-28,0,12
2022-10-29,0,12
2022-10-30,0,12
2022-10-31,0,12
2022-11-01,0,12
2022-11-02,0,12
2022-11-03,0,13
2022-11-04,0,13
2022-11-05,0,13
2022-11-06,0,13
2022-11-07,0,13
2022-11-08,76.33333333333333,12
2022-11-09,76.33333333333333,12
2022-11-10,0,12
2022-11-11,66,12
2022-11-12,0,12
2022-11-13,0,12
2022-11-14,0,12
2022-11-15,0,12
2022-11-16,0,12
2022-11-17,0,12
2022-11-18,0,13
2022-11-19,0,13
2022-11-20,0,13
2022-11-21,0,13
2022-11-22,0,13
2022-11-23,0,12
2022-11-24,0,12
2022-11-25,71.25,12
2022-11-26,0,12
2022-11-27,0,12
2022-11-28,0,12
2022-11-29,0,12
2022-11-30,0,12
2022-12-01,0,12
2022-12-02,0,12
2022-12-03,0,13
2022-12-04,0,13
2022-12-05,0,13
2022-12-06,0,13
2022-12-07,0,12
2022-12-08,0,12
2022-12-09,57.666666666666664,12
2022-12-10,0,12
2022-12-11,0,12
2022-12-12,66.08333333333333,12
2022-12-13,0,12
2022-12-14,0,12
2022-12-15,0,12
2022-12-16,73.08333333333333,12
2022-12-17,0,12
2022-12-18,0,13
2022-12-19,0,13
2022-12-20,0,13
2022-12-21,66.84615384615384,13
2022-12-22,0,12
2022-12-23,0,12
2022-12-24,0,12
2022-12-25,0,12
2022-12-26,0,12
2022-12-27,0,12
2022-12-28,70.75,12
2022-12-29,0,12
2022-12-30,0,12
2022-12-31,0,12
2023-01-01,0,12
2023-01-02,0,13
2023-01-03,0,13
2023-01-04,0,13
2023-01-05,0,13
2023-01-06,0,13
2023-01-07,0,12
2023-01-08,0,12
2023-01-09,0,12
2023-01-10,0,12
2023-01-11,0,12
2023-01-12,0,12
2023-01-13,0,12
2023-01-14,0,12
2023-01-15,0,12
2023-01-16,0,12
2023-01-17,55.15384615384615,13
2023-01-18,0,13
2023-01-19,0,13
2023-01-20,0,13
2023-01-21,0,13
2023-01-22,0,12
2023-01-23,76.58333333333333,12
2023-01-24,0,12
2023-01-25,0,12
2023-01-26,0,12
2023-01-27,0,12
2023-01-28,0,12
2023-01-29,0,12
2023-01-30,0,12
2023-01-31,0,12
2023-02-01,0,13
2023-02-02,0,13
2023-02-03,0,13
2023-02-04,0,13
2023-02-05,0,13
2023-02-06,0,12
2023-02-07,0,12
2023-02-08,0,12
2023-02-09,0,12
2023-02-10,0,12
2023-02-11,0,12
2023-02-12,0,12
2023-02-13,0,12
2023-02-14,0,12
2023-02-15,0,12
2023-02-16,0,13
2023-02-17,0,13
2023-02-18,96.15384615384616,13
2023-02-19,0,13
2023-02-20,0,13
2023-02-21,0,12
2023-02-22,0,12
2023-02-23,0,12
2023-02-24,0,12
2023-02-25,0,12
2023-02-26,0,12
2023-02-27,0,12
2023-02-28,0,12
2023-03-01,0,12
2023-03-02,0,12
2023-03-03,0,13
2023-03-04,0,13
2023-03-05,0,12
2023-03-06,0,12
2023-03-07,0,12
2023-03-08,0,12
2023-03-09,0,12
2023-03-10,60.666666666666664,12
2023-03-11,0,12
2023-03-12,0,12
2023-03-13,0,12
2023-03-14,0,12
2023-03-15,0,12
2023-03-16,0,12
2023-03-17,0,12
2023-03-18,73.92307692307692,13
2023-03-19,64.53846153846153,13
2023-03-20,0,12
2023-03-21,0,12
2023-03-22,0,12
2023-03-23,0,12
2023-03-24,59.666666666666664,12
2023-03-25,0,12
2023-03-26,0,12
2023-03-27,0,12
2023-03-28,0,12
2023-03-29,0,12
2023-03-30,0,12
2023-03-31,0,12
2023-04-01,0,12
2023-04-02,0,13
2023-04-03,0,13
2023-04-04,0,13
2023-04-05,0,12
2023-04-06,0,12
2023-04-07,0,12
2023-04-08,77.25,12
2023-04-09,0,12
2023-04-10,0,12
2023-04-11,0,12
2023-04-12,59,12
2023-04-13,0,12
2023-04-14,0,12
2023-04-15,73.25,12
2023-04-16,0,12
2023-04-17,0,13
2023-04-18,0,13
2023-04-19,60.92307692307692,13
2023-04-20,0,12
2023-04-21,0,12
2023-04-22,0,12
2023-04-23,0,12
2023-04-24,0,12
2023-04-25,0,12
2023-04-26,85,12
2023-04-27,0,12
2023-04-28,0,12
2023-04-29,0,12
2023-04-30,0,12
2023-05-01,0,12
2023-05-02,0,13
2023-05-03,0,13
2023-05-04,0,12
2023-05-05,74.41666666666667,12
2023-05-06,0,12
2023-05-07,0,12
2023-05-08,0,12
2023-05-09,0,12
2023-05-10,0,12
2023-05-11,0,12
2023-05-12,73.5,12
2023-05-13,0,12
2023-05-14,0,12
2023-05-15,0,12
2023-05-16,0,12
2023-05-17,0,13
2023-05-18,0,13
2023-05-19,0,12
2023-05-20,91,12
2023-05-21,0,12
2023-05-22,0,12
2023-05-23,0,12
2023-05-24,0,12
2023-05-25,0,12
2023-05-26,100,12
2023-05-27,0,12
2023-05-28,85,12
2023-05-29,73,12
2023-05-30,0,12
2023-05-31,0,12
2023-06-01,0,13
2023-06-02,0,13
2023-06-03,86.46153846153847,13
2023-06-04,69.41666666666667,12
2023-06-05,0,12
2023-06-06,0,12
2023-06-07,0,12
2023-06-08,0,12
2023-06-09,0,12
2023-06-10,0,12
2023-06-11,0,12
2023-06-12,0,12
2023-06-13,0,12
2023-06-14,0,12
2023-06-15,0,12
2023-06-16,0,13
2023-06-17,0,13
2023-06-18,0,13
2023-06-19,0,12
2023-06-20,0,12
2023-06-21,0,12
2023-06-22,0,12
2023-06-23,0,12
2023-06-24,79,12
2023-06-25,0,12
2023-06-26,0,12
2023-06-27,0,12
2023-06-28,0,12
2023-06-29,0,12
2023-06-30,0,12
2023-07-01,0,13
2023-07-02,0,13
2023-07-03,0,12
2023-07-04,0,12
2023-07-05,0,12
2023-07-06,63,12
2023-07-07,0,12
2023-07-08,0,12
2023-07-09,0,12
2023-07-10,0,12
2023-07-11,0,12
2023-07-12,0,12
2023-07-13,0,12
2023-07-14,0,12
2023-07-15,0,12
2023-07-16,0,13
2023-07-17,0,13
2023-07-18,0,12
2023-07-19,0,12
2023-07-20,77,12
2023-07-21,0,12
2023-07-22,0,12
2023-07-23,0,12
2023-07-24,0,12
2023-07-25,0,12
2023-07-26,70,12
2023-07-27,0,12
2023-07-28,0,12
2023-07-29,0,12
2023-07-30,95.33333333333331,12
2023-07-31,0,13
2023-08-01,0,13
2023-08-02,0,12
2023-08-03,0,12
2023-08-04,0,12
2023-08-05,0,12
2023-08-06,0,12
2023-08-07,0,12
2023-08-08,0,12
2023-08-09,0,12
2023-08-10,0,12
2023-08-11,0,12
2023-08-12,0,12
2023-08-13,0,12
2023-08-14,0,12
2023-08-15,0,13
2023-08-16,0,13
2023-08-17,0,12
2023-08-18,0,12
2023-08-19,0,12
2023-08-20,0,12
2023-08-21,0,12
2023-08-22,0,12
2023-08-23,0,12
2023-08-24,0,12
2023-08-25,0,12
2023-08-26,0,12
2023-08-27,68.5,12
2023-08-28,0,12
2023-08-29,0,12
2023-08-30,74,13
2023-08-31,0,13
2023-09-01,0,13
2023-09-02,0,13
2023-09-03,0,13
2023-09-04,0,12
2023-09-05,0,12
2023-09-06,0,12
2023-09-07,0,12
2023-09-08,0,12
2023-09-09,0,12
2023-09-10,0,12
2023-09-11,0,12
2023-09-12,0,12
2023-09-13,0,12
2023-09-14,0,13
2023-09-15,0,13
2023-09-16,0,13
2023-09-17,0,13
2023-09-18,0,13
2023-09-19,0,12
2023-09-20,83.33333333333333,12
2023-09-21,0,12
2023-09-22,0,12
2023-09-23,0,12
2023-09-24,0,12
2023-09-25,0,12
2023-09-26,0,12
2023-09-27,68,12
2023-09-28,0,12
2023-09-29,65.6923076923077,13
2023-09-30,0,13
2023-10-01,0,13
2023-10-02,0,13
2023-10-03,0,12
2023-10-04,0,12
2023-10-05,0,12
2023-10-06,0,12
2023-10-07,0,12
2023-10-08,0,12
2023-10-09,0,12
2023-10-10,69.33333333333333,12
2023-10-11,0,12
2023-10-12,0,12
2023-10-13,89.75,12
2023-10-14,77.92307692307692,13
2023-10-15,0,13
2023-10-16,67.23076923076923,13
2023-10-17,0,13
2023-10-18,0,12
2023-10-19,0,12
2023-10-20,0,12
2023-10-21,0,12
2023-10-22,0,12
2023-10-23,0,12
2023-10-24,71.41666666666667,12
2023-10-25,0,12
2023-10-26,0,12
2023-10-27,0,12
2023-10-28,0,12
2023-10-29,0,13
2023-10-30,0,13
2023-10-31,0,13
2023-11-01,0,13
2023-11-02,0,13
2023-11-03,83.41666666666667,12
2023-11-04,74.5,12
2023-11-05,0,12
2023-11-06,0,12
2023-11-07,0,12
2023-11-08,0,12
2023-11-09,64,12
2023-11-10,0,12
2023-11-11,0,12
2023-11-12,0,12
2023-11-13,0,13
2023-11-14,66.15384615384616,13
2023-11-15,0,13
2023-11-16,0,13
2023-11-17,0,13
2023-11-18,0,12
2023-11-19,0,12
2023-11-20,0,12
2023-11-21,0,12
2023-11-22,0,12
2023-11-23,0,12
2023-11-24,0,12
2023-11-25,0,12
2023-11-26,0,12
2023-11-27,0,12
2023-11-28,0,13
2023-11-29,0,13
2023-11-30,0,13
2023-12-01,0,13
2023-12-02,0,12
2023-12-03,0,12
2023-12-04,0,12
2023-12-05,0,12
2023-12-06,0,12
2023-12-07,0,12
2023-12-08,0,12
2023-12-09,0,12
2023-12-10,87.33333333333333,12
2023-12-11,0,12
2023-12-12,0,12
2023-12-13,0,13
2023-12-14,0,13
2023-12-15,0,13
2023-12-16,0,13
2023-12-17,0,12
2023-12-18,72.41666666666667,12
2023-12-19,0,12
2023-12-20,0,12
2023-12-21,0,12
2023-12-22,0,12
2023-12-23,0,12
2023-12-24,0,12
2023-12-25,0,12
2023-12-26,0,12
2023-12-27,0,12
2023-12-28,0,13
2023-12-29,0,13
2023-12-30,0,13
2023-12-31,0,13
2024-01-01,0,13
2024-01-02,0,12
2024-01-03,0,12
2024-01-04,0,12
2024-01-05,0,12
2024-01-06,87.33333333333333,12
2024-01-07,0,12
2024-01-08,0,12
2024-01-09,0,12
2024-01-10,0,12
2024-01-11,69,12
2024-01-12,0,13
2024-01-13,75.38461538461539,13
2024-01-14,0,13
2024-01-15,68.76923076923077,13
2024-01-16,0,13
2024-01-17,0,12
2024-01-18,0,12
2024-01-19,0,12
2024-01-20,0,12
2024-01-21,0,12
2024-01-22,0,12
2024-01-23,0,12
2024-01-24,0,12
2024-01-25,0,12
2024-01-26,0,12
2024-01-27,84.53846153846153,13
2024-01-28,0,13
2024-01-29,0,13
2024-01-30,0,13
2024-01-31,0,13
2024-02-01,0,12
2024-02-02,0,12
2024-02-03,0,12
2024-02-04,0,12
2024-02-05,0,12
2024-02-06,0,12
2024-02-07,0,12
2024-02-08,0,12
2024-02-09,0,12
2024-02-10,0,12
2024-02-11,75.84615384615384,13
2024-02-12,0,13
2024-02-13,0,13
2024-02-14,0,13
2024-02-15,0,13
2024-02-16,0,12
2024-02-17,0,12
2024-02-18,0,12
2024-02-19,0,12
2024-02-20,0,12
2024-02-21,0,12
2024-02-22,0,12
2024-02-23,0,12
2024-02-24,0,12
2024-02-25,0,12
2024-02-26,0,13
2024-02-27,0,13
2024-02-28,0,13
2024-02-29,0,13
2024-03-01,80.92307692307692,13
2024-03-02,0,12
2024-03-03,0,12
2024-03-04,0,12
2024-03-05,0,12
2024-03-06,75.08333333333333,12
2024-03-07,0,12
2024-03-08,0,12
2024-03-09,0,12
2024-03-10,0,12
2024-03-11,0,12
2024-03-12,0,13
2024-03-13,60.30769230769231,13
2024-03-14,0,13
2024-03-15,0,12
2024-03-16,0,12
2024-03-17,0,12
2024-03-18,0,12
2024-03-19,57.583333333333336,12
2024-03-20,0,12
2024-03-21,0,12
2024-03-22,0,12
2024-03-23,0,12
2024-03-24,0,12
2024-03-25,0,12
2024-03-26,0,12
2024-03-27,0,13
2024-03-28,0,13
2024-03-29,0,13
2024-03-30,0,12
2024-03-31,0,12
2024-04-01,0,12
2024-04-02,0,12
2024-04-03,0,12
2024-04-04,79,12
2024-04-05,0,12
2024-04-06,0,12
2024-04-07,0,12
2024-04-08,65.75,12
2024-04-09,0,12
2024-04-10,0,12
2024-04-11,59,12
2024-04-12,0,12
2024-04-13,0,12
2024-04-14,0,12
2024-04-15,0,11
2024-04-16,57.81818181818182,11
2024-04-17,0,11
2024-04-18,0,11
2024-04-19,0,11
2024-04-20,0,11
2024-04-21,0,11
2024-04-22,0,11
2024-04-23,0,11
2024-04-24,0,11
2024-04-25,54.63636363636363,11
2024-04-26,0,11
2024-04-27,0,11
2024-04-28,0,11
2024-04-29,0,11
2024-04-30,0,10
2024-05-01,0,10
2024-05-02,0,10
2024-05-03,0,10
2024-05-04,0,10
2024-05-05,0,10
2024-05-06,0,10
2024-05-07,0,10
2024-05-08,0,10
2024-05-09,0,10
2024-05-10,0,10
2024-05-11,0,10
2024-05-12,0,10
2024-05-13,0,10
2024-05-14,0,9
2024-05-15,0,9
2024-05-16,0,9
2024-05-17,56,9
2024-05-18,0,9
2024-05-19,100,9
2024-05-20,0,9
2024-05-21,0,9
2024-05-22,0,9
2024-05-23,0,9
2024-05-24,58,9
2024-05-25,0,9
2024-05-26,0,9
2024-05-27,0,9
2024-05-28,0,9
2024-05-29,76,8
2024-05-30,0,8
2024-05-31,0,8
2024-06-01,0,8
2024-06-02,0,8
2024-06-03,0,8
2024-06-04,0,8
2024-06-05,0,8
2024-06-06,0,8
2024-06-07,0,8
2024-06-08,0,8
2024-06-09,0,8
2024-06-10,0,8
2024-06-11,0,8
2024-06-12,0,8
2024-06-13,0,8
2024-06-14,0,7
2024-06-15,0,7
2024-06-16,0,7
2024-06-17,0,7
2024-06-18,0,7
2024-06-19,0,7
2024-06-20,0,7
2024-06-21,0,7
2024-06-22,0,7
2024-06-23,0,7
2024-06-24,0,7
2024-06-25,0,7
2024-06-26,0,7
2024-06-27,0,7
2024-06-28,0,7
2024-06-29,0,7
2024-06-30,0,9
2024-07-01,0,11
2024-07-02,8.76923076923077,13
2024-07-03,0,14
2024-07-04,0,14
2024-07-05,0,15
2024-07-06,0,17
2024-07-07,0,18
2024-07-08,0,18
2024-07-09,0,18
2024-07-10,0,19
2024-07-11,0,20
2024-07-12,0,20
2024-07-13,0,20
2024-07-14,0,22
2024-07-15,0,23
2024-07-16,6.166666666666664,24
2024-07-17,0,26
2024-07-18,0,28
2024-07-19,0,30
2024-07-20,0,32
2024-07-21,0,34
2024-07-22,3.5555555555555554,36
2024-07-23,0,38
2024-07-24,3.95,40
2024-07-25,0,42
2024-07-26,0,44
2024-07-27,0,46
2024-07-28,4.255319148936171,47
2024-07-29,0,49
2024-07-30,0,51
2024-07-31,9.320754716981137,53
2024-08-01,3.6363636363636367,55
2024-08-02,0,57
2024-08-03,0,58
2024-08-04,2.793103448275862,58
2024-08-05,4.47457627118644,59
2024-08-06,2.065573770491804,61
2024-08-07,0,63
2024-08-08,2.1538461538461537,65
2024-08-09,0,67
2024-08-10,0,69
2024-08-11,0,71
2024-08-12,3.6944444444444446,72
2024-08-13,1.945945945945946,74
2024-08-14,1.9473684210526327,76
2024-08-15,0,77
2024-08-16,0,78
2024-08-17,0,80
2024-08-18,2.7560975609756095,82
2024-08-19,3.952380952380953,84
2024-08-20,2.790697674418605,86
2024-08-21,0,87
2024-08-22,0,88
2024-08-23,11.333333333333334,90
2024-08-24,16.24175824175824,91
2024-08-25,0,92
2024-08-26,2.4893617021276606,94
2024-08-27,3.2631578947368416,95
2024-08-28,10.185567010309276,97
2024-08-29,3.808080808080808,99
2024-08-30,2.495049504950497,101
2024-08-31,5.87378640776699,103
2024-09-01,3.295238095238094,105
2024-09-02,0,107
2024-09-03,2.972477064220183,109
2024-09-04,1.3693693693693694,111
2024-09-05,0,113
2024-09-06,12.034782608695656,115
2024-09-07,4.327586206896552,116
2024-09-08,0,116
2024-09-09,1.1111111111111118,117
2024-09-10,0,118
2024-09-11,0.8474576271186441,118
2024-09-12,90.21186440677964,118
2024-09-13,67.66666666666663,117
2024-09-14,15.769230769230774,117
2024-09-15,8.991452991452991,117
2024-09-16,15.367521367521368,117
2024-09-17,2.7777777777777772,117
2024-09-18,4.777777777777778,117
2024-09-19,4.777777777777778,117
2024-09-20,4.410256410256411,117
2024-09-21,5.788135593220338,118
2024-09-22,13.050000000000002,120
2024-09-23,11.262295081967215,122
2024-09-24,5.290322580645164,124
2024-09-25,5.182539682539681,126
2024-09-26,5.320312499999999,128
2024-09-27,5.353846153846154,130
2024-09-28,5.999999999999998,129
2024-09-29,7.317829457364347,129
2024-09-30,9.263565891472863,129
2024-10-01,5.6434108527131785,129
2024-10-02,4.824427480916032,131
2024-10-03,11.10526315789474,133
2024-10-04,5.984962406015035,133
2024-10-05,19.293233082706777,133
2024-10-06,4.237037037037032,135
2024-10-07,5.912408759124086,137
2024-10-08,7.985507246376808,138
2024-10-09,5.897058823529409,136
2024-10-10,10.13138686131387,137
2024-10-11,10.251798561151078,139
2024-10-12,10.705035971223015,139
2024-10-13,7.050359712230215,139
2024-10-14,6.035460992907799,141
2024-10-15,7.886524822695035,141
2024-10-16,8.120567375886521,141
2024-10-17,5.418439716312057,141
2024-10-18,12.255319148936168,141
2024-10-19,5.801418439716312,141
2024-10-20,5.716312056737588,141
2024-10-21,5.77304964539007,141
2024-10-22,5.385714285714286,140
2024-10-23,83.48920863309354,139
2024-10-24,10.521739130434783,138
2024-10-25,6.147058823529414,136
2024-10-26,4.948148148148148,135
2024-10-27,7.466666666666663,135
2024-10-28,4.488888888888887,135
2024-10-29,6.533333333333332,135
2024-10-30,6.400000000000001,135
2024-10-31,5.88148148148148,135
2024-11-01,10.177777777777774,135
2024-11-02,10.554744525547449,137
2024-11-03,6.158273381294961,139
2024-11-04,6.39568345323741,139
2024-11-05,5.35251798561151,139
2024-11-06,3.438848920863311,139
2024-11-07,4.906474820143885,139
2024-11-08,4.920863309352518,139
2024-11-09,4.359712230215826,139
2024-11-10,7.330935251798561,139
2024-11-11,4.8920863309352525,139
2024-11-12,9.710144927536232,138
2024-11-13,5.854014598540143,137
2024-11-14,4.840579710144927,138
2024-11-15,5.802919708029195,137
2024-11-16,12.5985401459854,137
2024-11-17,4.649635036496351,137
2024-11-18,3.8394160583941614,137
2024-11-19,3.963503649635035,137
2024-11-20,9.68345323741007,139
2024-11-21,4.920289855072464,138
2024-11-22,8.262773722627735,137
2024-11-23,9.710144927536232,138
2024-11-24,8.176470588235295,136
2024-11-25,4.948148148148148,135
2024-11-26,20.776119402985085,134
2024-11-27,4.136363636363637,132
2024-11-28,4.549618320610687,131
2024-11-29,2.824427480916031,131
2024-11-30,5.7251908396946565,131
2024-12-01,2.305343511450383,131
2024-12-02,2.33587786259542,131
2024-12-03,8.748091603053435,131
2024-12-04,2.748091603053433,131
2024-12-05,1.358778625954199,131
2024-12-06,0.65648854961832,131
2024-12-07,10.01503759398496,133
2024-12-08,2.355555555555557,135
2024-12-09,2.6074074074074076,135
2024-12-10,10.781021897810216,137
2024-12-11,5.797101449275365,138
2024-12-12,8.695652173913043,138
2024-12-13,2.7971014492753628,138
2024-12-14,4.0863309352518025,139
2024-12-15,16.468085106382972,141
2024-12-16,7.286713286713282,143
2024-12-17,3.282758620689653,145
2024-12-18,4.734693877551021,147
2024-12-19,6.268456375838926,149
2024-12-20,7.23841059602649,151
2024-12-21,7.927152317880793,151
2024-12-22,5.437086092715232,151
2024-12-23,6.841059602649009,151
2024-12-24,4.132450331125827,151
2024-12-25,3.113333333333332,150
2024-12-26,9.398648648648653,148
2024-12-27,8.51700680272109,147
2024-12-28,6.476190476190478,147
2024-12-29,6.29931972789116,147
2024-12-30,9.482993197278905,147
2024-12-31,5.0272108843537415,147
2025-01-01,5.836734693877549,147
2025-01-02,7.564625850340137,147
2025-01-03,20.489795918367346,147
2025-01-04,7.224489795918364,147
2025-01-05,6.204081632653063,147
2025-01-06,4.013605442176871,147
2025-01-07,3.6308724832214767,149
2025-01-08,7.399999999999999,150
2025-01-09,5.662162162162164,148
2025-01-10,12.476190476190474,147
2025-01-11,4.489795918367345,147
2025-01-12,5.741496598639454,147
2025-01-13,3.346938775510203,147
2025-01-14,7.013605442176869,147
2025-01-15,7.0544217687074795,147
2025-01-16,3.7465753424657504,146
2025-01-17,5.048275862068968,145
2025-01-18,12.103448275862071,145
2025-01-19,4.489655172413792,145
2025-01-20,3.668965517241379,145
2025-01-21,8.136054421768707,147
2025-01-22,12.410958904109588,146
2025-01-23,7.3835616438356215,146
2025-01-24,5.328767123287667,146
2025-01-25,16.358620689655165,145
2025-01-26,12.58620689655173,145
2025-01-27,9.2,145
2025-01-28,8.194444444444446,144
2025-01-29,5.594405594405594,143
2025-01-30,8.43661971830986,142
2025-01-31,4.680851063829785,141
2025-02-01,12.723404255319153,141
2025-02-02,7.6312056737588705,141
2025-02-03,8.09219858156029,141
2025-02-04,4.326241134751773,141
2025-02-05,15.730496453900702,141
2025-02-06,3.171428571428573,140
2025-02-07,7.913043478260868,138
2025-02-08,10.205882352941176,136
2025-02-09,6.237037037037039,135
2025-02-10,19.585185185185193,135
2025-02-11,7.691176470588232,136
2025-02-12,9.35820895522388,134
2025-02-13,9.844444444444449,135
2025-02-14,7.014925373134329,134
2025-02-15,8.090909090909092,132
2025-02-16,5.4961832061068705,131
2025-02-17,4.625954198473281,131
2025-02-18,6.748091603053438,131
2025-02-19,5.492307692307691,130
2025-02-20,6.838461538461539,130
2025-02-21,6.921875,128
2025-02-22,8.922480620155035,129
2025-02-23,8.183206106870225,131
2025-02-24,5.03053435114504,131
2025-02-25,8.037878787878785,132
2025-02-26,5.818181818181822,132
2025-02-27,8.069230769230767,130
2025-02-28,7.937984496124026,129
2025-03-01,9.310077519379846,129
2025-03-02,11.317829457364343,129
2025-03-03,4.682170542635662,129
2025-03-04,5.806201550387598,129
2025-03-05,5.3565891472868215,129
2025-03-06,5.3984375,128
2025-03-07,6.492063492063492,126
2025-03-08,8.048387096774194,124
2025-03-09,7.853658536585367,123
2025-03-10,11.634146341463415,123
2025-03-11,7.723577235772361,123
2025-03-12,5.346774193548387,124
2025-03-13,8.701612903225808,124
2025-03-14,8.79838709677419,124
2025-03-15,10.73170731707317,123
2025-03-16,19.284552845528456,123
2025-03-17,6.295081967213118,122
2025-03-18,5.416666666666667,120
2025-03-19,11.94915254237288,118
2025-03-20,9.811965811965813,117
2025-03-21,7.401709401709413,117
2025-03-22,12.760683760683762,117
2025-03-23,12.760683760683769,117
2025-03-24,11.076923076923071,117
2025-03-25,10.478632478632484,117
2025-03-26,6.92436974789916,119
2025-03-27,10.16528925619835,121
2025-03-28,8.21487603305785,121
2025-03-29,30.942148760330586,121
2025-03-30,18.330578512396695,121
2025-03-31,10.033057851239665,121
2025-04-01,7.206611570247934,121
2025-04-02,10.41322314049586,121
2025-04-03,7.37190082644628,121
2025-04-04,10.041322314049587,121
2025-04-05,6.892561983471076,121
2025-04-06,8.669421487603302,121
2025-04-07,5.768595041322311,121
2025-04-08,13.8512396694215,121
2025-04-09,12.146341463414624,123
2025-04-10,5.815999999999998,125
2025-04-11,8.831999999999992,125
2025-04-12,13.967999999999998,125
2025-04-13,9.704000000000002,125
2025-04-14,9.728000000000003,125
2025-04-15,7.072000000000003,125
2025-04-16,11.311999999999998,125
2025-04-17,5.039370078740158,127
2025-04-18,6.377952755905511,127
2025-04-19,7.212598425196847,127
2025-04-20,16.96062992125984,127
2025-04-21,11.826771653543313,127
2025-04-22,7.874015748031496,127
2025-04-23,7.038759689922485,129
2025-04-24,10.610687022900764,131
2025-04-25,10.616541353383464,133
2025-04-26,6.842105263157893,133
2025-04-27,8.556390977443609,133
2025-04-28,6.150375939849622,133
2025-04-29,4.5851851851851855,135
2025-04-30,7.051851851851846,135
2025-05-01,10.905109489051096,137
2025-05-02,6.80882352941176,136
2025-05-03,7.9338235294117645,136
2025-05-04,7.544117647058825,136
2025-05-05,3.9117647058823537,136
2025-05-06,8.963235294117643,136
2025-05-07,3.722627737226276,137
2025-05-08,3.5251798561151104,139
2025-05-09,4.25531914893617,141
2025-05-10,4.901408450704224,142
2025-05-11,5.281690140845066,142
2025-05-12,6.293706293706294,143
2025-05-13,4.5793103448275865,145
2025-05-14,2.5753424657534234,146
2025-05-15,3.5102040816326547,147
2025-05-16,15,149
2025-05-17,5.440000000000001,150
2025-05-18,5.359999999999999,150
2025-05-19,6.813333333333335,150
2025-05-20,4.821192052980131,151
2025-05-21,6.601307189542483,153
2025-05-22,4.993548387096777,155
2025-05-23,6.487179487179482,156
2025-05-24,5.26923076923077,156
2025-05-25,8.761290322580642,155
2025-05-26,5.9870129870129825,154
2025-05-27,4.324675324675323,154
2025-05-28,5.636363636363638,154
2025-05-29,5.843137254901963,153
2025-05-30,3.6447368421052624,152
2025-05-31,6.173333333333333,150
2025-06-01,7.0675675675675675,148
2025-06-02,11.328767123287674,146
2025-06-03,11.666666666666664,144
2025-06-04,4.598591549295776,142
2025-06-05,4.436619718309861,142
2025-06-06,6.154929577464791,142
2025-06-07,12.950704225352125,142
2025-06-08,4.357142857142857,140
2025-06-09,6.579710144927536,138
2025-06-10,9.117647058823524,136
2025-06-11,5.455882352941175,136
2025-06-12,4.5588235294117645,136
2025-06-13,8.132352941176467,136
2025-06-14,5.999999999999998,134
2025-06-15,7.393939393939384,132
2025-06-16,8.545454545454549,132
2025-06-17,7.787878787878788,132
2025-06-18,11.287878787878787,132
2025-06-19,6.830769230769234,130
2025-06-20,6.9531249999999964,128
2025-06-21,11.825396825396826,126
2025-06-22,9.774193548387098,124
2025-06-23,6.459016393442629,122
2025-06-24,18.733333333333334,120
2025-06-25,9.186440677966102,118
2025-06-26,10.534482758620692,116
2025-06-27,8.140350877192983,114
2025-06-28,10.78571428571428,112
2025-06-29,11.072727272727274,110
2025-06-30,9.611111111111107,108
2025-07-01,11.58490566037736,106
2025-07-02,12.211538461538456,104
2025-07-03,11.627450980392162,102
2025-07-04,14.78,100
2025-07-05,12.6734693877551,98
2025-07-06,10.208333333333329,96
2025-07-07,15.57446808510639,94
2025-07-08,9.25,92
2025-07-09,10.711111111111114,90
2025-07-10,8.147727272727273,88
2025-07-11,8.465116279069765,86
2025-07-12,11.392857142857142,84
2025-07-13,16.24390243902439,82
2025-07-14,18.0625,80
2025-07-15,13.064102564102562,78
2025-07-16,24.355263157894736,76
2025-07-17,13.864864864864856,74
2025-07-18,14.944444444444448,72
2025-07-19,23.928571428571427,70
2025-07-20,22.16176470588235,68
2025-07-21,17.87878787878788,66
2025-07-22,19.53125,64
2025-07-23,12.806451612903226,62
2025-07-24,21.9,60
2025-07-25,18.86206896551724,58
2025-07-26,20.92857142857142,56
2025-07-27,17.11111111111111,54
2025-07-28,25.807692307692307,52
2025-07-29,19.839999999999996,50
2025-07-30,20.916666666666668,48
2025-07-31,23.652173913043477,46
2025-08-01,24.42553191489362,47
2025-08-02,25.88888888888889,45
2025-08-03,26.41860465116279,43
2025-08-04,26.390243902439025,41
2025-08-05,21.948717948717952,39
2025-08-06,24.108108108108105,37
2025-08-07,20.4,35
2025-08-08,29.3939393939394,33
2025-08-09,31.48387096774193,31
2025-08-10,29.79310344827587,29
2025-08-11,28.59259259259259,27
2025-08-12,23.28,25
2025-08-13,26.608695652173907,23
2025-08-14,22.47619047619047,21
2025-08-15,20,19
2025-08-16,20.1,20
2025-08-17,18.11111111111111,18
2025-08-18,15.625,16
2025-08-19,11,14
2025-08-20,10.666666666666666,12
2025-08-21,7.2,10
2025-08-22,0,8
2025-08-23,0,6
2025-08-24,60.666666666666664,6
2025-08-25,0,6
2025-08-26,0,6
2025-08-27,0,6
2025-08-28,0,6
2025-08-29,0,6
2025-08-30,0,6
2025-08-31,0,9
2025-09-01,0,9
2025-09-02,0,9
2025-09-03,48.44444444444444,9
2025-09-04,49.55555555555556,9
2025-09-05,0,9
2025-09-06,0,9
2025-09-07,0,9
2025-09-08,0,9
2025-09-09,0,9
2025-09-10,0,9
2025-09-11,0,9
2025-09-12,14,9
2025-09-13,0,9
2025-09-14,0,9
2025-09-15,0,12
2025-09-16,0,12
2025-09-17,0,12
2025-09-18,0,12
2025-09-19,0,12
2025-09-20,0,12
2025-09-21,0,12
2025-09-22,0,12
2025-09-23,0,12
2025-09-24,0,12
2025-09-25,0,12
2025-09-26,0,12
2025-09-27,0,12
2025-09-28,0,12
2025-09-29,0,12
2025-09-30,0,15
2025-10-01,56.733333333333334,15
2025-10-02,13,15
2025-10-03,0,15
2025-10-04,17.333333333333332,15
2025-10-05,0,15
2025-10-06,0,15
2025-10-07,17.666666666666668,15
2025-10-08,0,15
2025-10-09,0,15
2025-10-10,0,15
2025-10-11,0,15
2025-10-12,0,15
2025-10-13,0,15
2025-10-14,0,15
2025-10-15,0,18
2025-10-16,0,18
2025-10-17,52.44444444444444,18
2025-10-18,0,18
2025-10-19,0,18
2025-10-20,0,18
2025-10-21,0,18
2025-10-22,49.22222222222222,18
2025-10-23,0,18
2025-10-24,0,18
2025-10-25,0,18
2025-10-26,0,18
2025-10-27,0,18
2025-10-28,0,18
2025-10-29,0,18
2025-10-30,0,21
2025-10-31,0,21
2025-11-01,0,21
2025-11-02,16.666666666666668,21
2025-11-03,0,21
2025-11-04,0,21
2025-11-05,14,21
2025-11-06,0,21
2025-11-07,0,21
2025-11-08,0,21
2025-11-09,0,21
2025-11-10,47.42857142857143,21
2025-11-11,0,21
2025-11-12,0,21
2025-11-13,0,21
2025-11-14,0,24
2025-11-15,0,24
2025-11-16,0,24
2025-11-17,0,24
2025-11-18,0,24
2025-11-19,0,24
2025-11-20,60.666666666666664,24
2025-11-21,71,24
2025-11-22,0,24
2025-11-23,0,24
2025-11-24,0,24
2025-11-25,0,24
2025-11-26,0,24
2025-11-27,17,24
2025-11-28,33.333333333333336,24
2025-11-29,0,27
2025-11-30,0,27
2025-12-01,0,27
2025-12-02,15.185185185185183,27
2025-12-03,0,27
2025-12-04,20.296296296296298,27
2025-12-05,0,27
2025-12-06,0,27
2025-12-07,62.07407407407408,27
2025-12-08,0,27
2025-12-09,0,27
2025-12-10,14.814814814814817,27
2025-12-11,0,27
2025-12-12,0,27
2025-12-13,0,27
2025-12-14,0,27
2025-12-15,0,27
2025-12-16,0,27
2025-12-17,0,27
2025-12-18,0,27
2025-12-19,0,27
2025-12-20,0,27
2025-12-21,0,27
2025-12-22,0,27
2025-12-23,0,27
2025-12-24,0,27
2025-12-25,0,27
2025-12-26,0,27
2025-12-27,0,27
2025-12-28,0,27
2025-12-29,0,27
2025-12-30,0,27
2025-12-31,0,27
2026-01-01,0,27
2026-01-02,0,27
2026-01-03,0,27
2026-01-04,0,27
2026-01-05,77.51851851851852,27
2026-01-06,0,27
2026-01-07,0,27
2026-01-08,0,27
2026-01-09,0,27
2026-01-10,0,27
2026-01-11,0,27
2026-01-12,0,27
2026-01-13,0,27
2026-01-14,0,27
2026-01-15,0,27
2026-01-16,0,27
2026-01-17,0,27
2026-01-18,0,27
2026-01-19,64.5925925925926,27
2026-01-20,0,27
2026-01-21,0,27
2026-01-22,0,27
2026-01-23,0,27
2026-01-24,0,27
2026-01-25,0,27
2026-01-26,0,27
2026-01-27,0,27
2026-01-28,0,27
2026-01-29,0,27
2026-01-30,0,27
2026-01-31,0,27
2026-02-01,0,27
2026-02-02,0,24
2026-02-03,0,24
2026-02-04,0,24
2026-02-05,0,24
2026-02-06,0,24
2026-02-07,0,24
2026-02-08,0,24
2026-02-09,0,24
2026-02-10,0,24
2026-02-11,0,24
2026-02-12,0,24
2026-02-13,0,24
2026-02-14,0,24
2026-02-15,0,24
2026-02-16,0,24
2026-02-17,0,21
2026-02-18,15.19047619047619,21
2026-02-19,0,21
2026-02-20,0,21
2026-02-21,0,21
2026-02-22,0,21
2026-02-23,0,21
2026-02-24,0,21
2026-02-25,0,21
2026-02-26,0,21
2026-02-27,0,22
2026-02-28,0,24
2026-03-01,0,26
2026-03-02,0,28
2026-03-03,0,30
2026-03-04,0,28
2026-03-05,0,28
2026-03-06,18.392857142857142,28
2026-03-07,13.785714285714286,28
2026-03-08,20.214285714285715,28
2026-03-09,0,28
2026-03-10,5.5,28
2026-03-11,0,28
2026-03-12,6.142857142857143,28
2026-03-13,0,28
2026-03-14,0,28
2026-03-15,6.071428571428571,28
2026-03-16,0,25
2026-03-17,39.52,25
2026-03-18,8,25
2026-03-19,0,25
2026-03-20,0,25
2026-03-21,0,25
2026-03-22,0,25
2026-03-23,0,25
2026-03-24,15.64,25
2026-03-25,79.88,25
2026-03-26,0,25
2026-03-27,0,25
2026-03-28,0,25
2026-03-29,0,25
2026-03-30,6.24,25
2026-03-31,0,22
2026-04-01,0,22
2026-04-02,0,22
2026-04-03,0,22
2026-04-04,0,22
2026-04-05,0,22
2026-04-06,0,22
2026-04-07,0,22
2026-04-08,0,22
2026-04-09,0,22
2026-04-10,0,22
2026-04-11,0,22
2026-04-12,0,22
2026-04-13,0,22
2026-04-14,0,22
2026-04-15,0,22
2026-04-16,10.526315789473685,19
2026-04-17,0,19
2026-04-18,0,19
2026-04-19,42.10526315789474,19
2026-04-20,8.631578947368421,19
2026-04-21,0,19
2026-04-22,9.789473684210526,19
2026-04-23,0,19
2026-04-24,9.368421052631579,19
2026-04-25,0,19
2026-04-26,0,19
2026-04-27,0,19
2026-04-28,0,19
2026-04-29,0,19
2026-04-30,0,19
2026-05-01,0,16
2026-05-02,0,16
2026-05-03,0,16
2026-05-04,0,16
2026-05-05,34.5,16
2026-05-06,24.9375,16
2026-05-07,0,16
2026-05-08,0,16
2026-05-09,0,16
2026-05-10,0,16
2026-05-11,0,16
2026-05-12,0,16
2026-05-13,0,16
2026-05-14,15.875,16
2026-05-15,25.384615384615383,13
2026-05-16,33.69230769230769,13
2026-05-17,36.46153846153846,13
2026-05-18,35,13
2026-05-19,33.76923076923077,13
2026-05-20,38.61538461538461,13
2026-05-21,36.30769230769231,13
2026-05-22,35,13
2026-05-23,42.30769230769231,13
2026-05-24,45.84615384615385,13
2026-05-25,44.23076923076923,13
2026-05-26,38.23076923076923,13
2026-05-27,34.92307692307692,13
2026-05-28,37.416666666666664,12
2026-05-29,29.75,8
2026-05-30,44.666666666666664,6
2026-05-31,17.75,4
2026-06-01,0,2
