time,value
2006-01-01,-1.025351573087303
2006-01-02,2.0769142816744868
2006-01-03,0.5320931863176244
2006-01-04,1.4324777978706074
2006-01-05,0.9258580215180287
2006-01-06,0.9143197844789653
2006-01-07,0.8736098714554541
2006-01-08,0.006820919281704523
2006-01-09,1.2221337152927534
2006-01-10,0.7343295199150349
2006-01-11,0.9427640796540872
2006-01-12,0.2682984346321474
2006-01-13,0.7428353309666507
2006-01-14,1.0025765454370237
2006-01-15,0.40346809040744536
2006-01-16,0.6991100184334735
2006-01-17,1.3374072705252196
2006-01-18,1.2589988984391878
2006-01-19,1.5236682454349675
2006-01-20,0.6473425621321723
2006-01-21,1.4614288149132555
2006-01-22,0.8125553136606495
2006-01-23,1.344897625636483
2006-01-24,1.585522862013484
2006-01-25,1.5225969443546605
2006-01-26,1.1194691518571713
2006-01-27,1.3145122245029937
2006-01-28,1.1452712260159374
2006-01-29,0.7123996344617193
2006-01-30,1.302517673603243
2006-01-31,1.8880860158181394
2006-02-01,1.7241996049448491
2006-02-02,0.7917855527211872
2006-02-03,0.9500934722250247
2006-02-04,0.9162694685775886
2006-02-05,0.8029522107049062
2006-02-06,0.5533567280116305
2006-02-07,0.4262507045232437
2006-02-08,0.5489363398542694
2006-02-09,0.2223184842593245
2006-02-10,1.0692746556679198
2006-02-11,0.4003968507134014
2006-02-12,-0.8390854777473603
2006-02-13,1.183573978493039
2006-02-14,0.6235685300996076
2006-02-15,0.7476141960654097
2006-02-16,0.7481835002268542
2006-02-17,1.957026298616056
2006-02-18,0.6368792300581017
2006-02-19,1.2312839415358303
2006-02-20,0.9203663313423304
2006-02-21,0.9352036223856174
2006-02-22,0.6167627797234464
2006-02-23,0.8738936474765024
2006-02-24,1.9271529217422194
2006-02-25,1.090083808420353
2006-02-26,1.4540614430902248
2006-02-27,1.0198416451293524
2006-02-28,1.1827245630685237
2006-03-01,1.2616762163977167
2006-03-02,1.236241703020243
2006-03-03,0.6734386548475948
2006-03-04,0.5892695181607238
2006-03-05,0.27544615787913296
2006-03-06,0.8708342654170768
2006-03-07,1.1003159800858848
2006-03-08,0.4078241248534053
2006-03-09,0.6045119164093037
2006-03-10,0.26950810778324885
2006-03-11,0.2491527824200155
2006-03-12,0.20956871904059354
2006-03-13,0.3489591325509502
2006-03-14,0.3012901795802846
2006-03-15,0.5332965733981968
2006-03-16,0.9208629081588711
2006-03-17,0.6586965748178726
2006-03-18,0.5548307479176835
2006-03-19,0.9127469548764233
2006-03-20,1.3485355681604665
2006-03-21,1.7796263595935709
2006-03-22,1.7553146676739366
2006-03-23,1.2477618364608811
2006-03-24,2.0065583279470327
2006-03-25,1.6801278713365702
2006-03-26,0.18324446730760172
2006-03-27,1.1305523651378209
2006-03-28,1.0633153519309027
2006-03-29,1.3488822478786118
2006-03-30,1.5395312821573761
2006-03-31,0.9681481668690111
2006-04-01,-0.027607863206833144
2006-04-02,1.4010321128915304
2006-04-03,1.3401432642405717
2006-04-04,0.8918820845584836
2006-04-05,1.6480879465887102
2006-04-06,1.3018487316895757
2006-04-07,1.6355537710611678
2006-04-08,2.5198856932683853
2006-04-09,2.2278672976088085
2006-04-10,0.9744696714465649
2006-04-11,1.3554834777299782
2006-04-12,1.5547092848099193
2006-04-13,1.0122896301887077
2006-04-14,1.6634273676346703
2006-04-15,1.1602921124026577
2006-04-16,0.10321262119475319
2006-04-17,0.7087974719603589
2006-04-18,1.2126700828172063
2006-04-19,0.45768572537287344
2006-04-20,0.7095372478496141
2006-04-21,-0.13137558857366546
2006-04-22,0.5260184806063788
2006-04-23,-0.14126995704373446
2006-04-24,1.3917950523061546
2006-04-25,1.710783294962436
2006-04-26,2.1418203274076855
2006-04-27,1.4870056724751233
2006-04-28,1.7560987167463453
2006-04-29,0.7437918107933215
2006-04-30,-0.20411542680403047
2006-05-01,0.7180068724294812
2006-05-02,0.16963062796884845
2006-05-03,0.2202501532189516
2006-05-04,1.0583174569787597
2006-05-05,1.2867661419935448
2006-05-06,-0.2121376927345256
2006-05-07,0.08651233141119599
2006-05-08,1.7090549455560193
2006-05-09,1.3649367392616578
2006-05-10,0.9175463708387915
2006-05-11,0.4276766983247011
2006-05-12,0.8260638986360719
2006-05-13,-0.06591351781941016
2006-05-14,0.6403299393218191
2006-05-15,1.1476487283895802
2006-05-16,1.2208574127768523
2006-05-17,1.2600649459794764
2006-05-18,1.1307084104618301
2006-05-19,0.8390329645795377
2006-05-20,2.0899391358518113
2006-05-21,1.0269504689563274
2006-05-22,1.952597970885213
2006-05-23,1.9686971901252748
2006-05-24,2.6605349757181607
2006-05-25,2.235079670632222
2006-05-26,1.3048600818193614
2006-05-27,0.4278739172971976
2006-05-28,0.6638954467230529
2006-05-29,1.3832735748486733
2006-05-30,1.323743620991148
2006-05-31,1.3059906114631914
2006-06-01,0.78894824697801
2006-06-02,0.6952217880689235
2006-06-03,0.7064812585762257
2006-06-04,1.1693826241208762
2006-06-05,0.6177531203749375
2006-06-06,0.6134304754158003
2006-06-07,0.437867811415781
2006-06-08,0.5731758929405372
2006-06-09,0.5007156294539677
2006-06-10,-0.4925578311245668
2006-06-11,-0.44357902264711485
2006-06-12,0.06385593300274317
2006-06-13,-0.33117672585358027
2006-06-14,-0.0892699620072316
2006-06-15,0.34844734236147223
2006-06-16,-0.0027695386331948063
2006-06-17,-0.06994495343267716
2006-06-18,-1.0286966836226328
2006-06-19,0.03010218065697441
2006-06-20,0.5440190723478243
2006-06-21,0.9897697586186598
2006-06-22,0.5790399619964426
2006-06-23,0.2611118496446502
2006-06-24,-1.0135821795636784
2006-06-25,-0.5615683013627113
2006-06-26,0.6229122710925276
2006-06-27,0.6002103191176247
2006-06-28,0.6957619745785966
2006-06-29,0.9783917501399493
2006-06-30,1.0728496406165478
2006-07-01,-1.0315442749213888
2006-07-02,-0.3172164689313895
2006-07-03,1.4846708631338903
2006-07-04,0.39948048021737337
2006-07-05,0.2702405498872221
2006-07-06,1.0904698132563841
2006-07-07,1.3688677535687497
2006-07-08,0.007352520462367634
2006-07-09,-0.08716489652707515
2006-07-10,1.7091285564999652
2006-07-11,1.4967792248324265
2006-07-12,1.622357255445765
2006-07-13,1.751007480482695
2006-07-14,0.8650050877254277
2006-07-15,0.8464709225172468
2006-07-16,1.3363104618489823
2006-07-17,1.7063280039510176
2006-07-18,1.6943012513194038
2006-07-19,0.8191900820382049
2006-07-20,0.961778858656426
2006-07-21,0.6155487820606624
2006-07-22,-0.01474916858170425
2006-07-23,0.3378776308545532
2006-07-24,1.432224603297262
2006-07-25,1.6530786675339695
2006-07-26,1.091182173791701
2006-07-27,1.5852927033903776
2006-07-28,1.2581842819608886
2006-07-29,1.072014145228367
2006-07-30,1.1294525375830016
2006-07-31,2.146652246496752
2006-08-01,1.6929725308169192
2006-08-02,1.0986046732539554
2006-08-03,1.9455379084693802
2006-08-04,1.677207024890197
2006-08-05,2.2349662489797946
2006-08-06,0.8679459537993173
2006-08-07,1.512863474213149
2006-08-08,1.4844895164666838
2006-08-09,1.0366099540283535
2006-08-10,1.9948376981648681
2006-08-11,1.0323921633180857
2006-08-12,-0.13137592249620691
2006-08-13,1.4069068698182163
2006-08-14,1.323666311305079
2006-08-15,1.1850387332970092
2006-08-16,1.488036393436935
2006-08-17,0.7878345333825884
2006-08-18,1.1976190684981594
2006-08-19,0.50206869848307345
2006-08-20,0.9749763753969896
2006-08-21,1.1327096831422787
2006-08-22,1.1100951167127422
2006-08-23,1.0505731935867044
2006-08-24,0.6252775257590837
2006-08-25,-0.38807380215667453
2006-08-26,0.3616616019980583
2006-08-27,0.6578434356836979
2006-08-28,0.6097399735673684
2006-08-29,0.7175757967329554
2006-08-30,0.7775975241419449
2006-08-31,0.33008154147898294
2006-09-01,0.12286330511022463
2006-09-02,0.9641356519158534
2006-09-03,0.3967813516671121
2006-09-04,0.668044490275479
2006-09-05,0.8101685406781273
2006-09-06,0.5165923360692501
2006-09-07,0.3960662998310076
2006-09-08,0.5885601685134598
2006-09-09,0.7340378394774235
2006-09-10,0.5040483343879203
2006-09-11,0.5541528660917336
2006-09-12,0.8262244066734226
2006-09-13,0.6161780449733713
2006-09-14,0.9573300222431427
2006-09-15,1.3956451964195093
2006-09-16,0.3384199907267058
2006-09-17,0.9452096685174177
2006-09-18,1.1744530046126544
2006-09-19,0.9985525296269262
2006-09-20,0.8076168280507463
2006-09-21,1.1562271049342512
2006-09-22,1.4323265173166073
2006-09-23,0.34396404675391057
2006-09-24,-0.15199451597795802
2006-09-25,1.156378701419781
2006-09-26,1.2578371114201423
2006-09-27,0.9706280585969889
2006-09-28,1.0030963383278029
2006-09-29,1.177191869332027
2006-09-30,0.9018573194828308
2006-10-01,1.4376700240139009
2006-10-02,1.2229076745636083
2006-10-03,0.873394162646299
2006-10-04,0.7257170524961613
2006-10-05,0.828894429945053
2006-10-06,0.4741789418128555
2006-10-07,0.4896406483668008
2006-10-08,-0.11648768751180533
2006-10-09,0.4459304608920883
2006-10-10,0.7372156497810972
2006-10-11,0.03195646314863575
2006-10-12,0.7598193587281847
2006-10-13,0.4843346984073004
2006-10-14,0.8597329513236875
2006-10-15,0.51998665006052
2006-10-16,1.1452659422481242
2006-10-17,1.0280702675730424
2006-10-18,1.4993948858683412
2006-10-19,0.9310957666303841
2006-10-20,0.8401372927731936
2006-10-21,0.21723665255944843
2006-10-22,0.3121946210068457
2006-10-23,1.1227786859297562
2006-10-24,0.43887977649015825
2006-10-25,0.7844075159683911
2006-10-26,0.26932964253602204
2006-10-27,0.24453353886423207
2006-10-28,1.4332532215916587
2006-10-29,0.7745292506541812
2006-10-30,1.10628181295515
2006-10-31,0.7697791801047476
2006-11-01,0.5040096971530856
2006-11-02,0.783712777448075
2006-11-03,1.0563976656959004
2006-11-04,1.469966951753515
2006-11-05,0.9093450926152058
2006-11-06,0.7135438106951314
2006-11-07,0.7562352600398016
2006-11-08,0.7007890764403104
2006-11-09,1.0179758250797224
2006-11-10,1.0966731406917434
2006-11-11,1.7507901770202523
2006-11-12,0.930832422006092
2006-11-13,1.0327819836431271
2006-11-14,1.5156532369766342
2006-11-15,1.4195811280990795
2006-11-16,1.0803312037646742
2006-11-17,1.2782757312579458
2006-11-18,1.5445024027965575
2006-11-19,1.2009433618023617
2006-11-20,0.8410112125880168
2006-11-21,0.7176982759111122
2006-11-22,1.1192762839104977
2006-11-23,1.1040760433767904
2006-11-24,1.4193966781588432
2006-11-25,1.893283003662462
2006-11-26,1.0041927276382931
2006-11-27,1.3351353040839322
2006-11-28,1.40130227640751
2006-11-29,1.2689875403069268
2006-11-30,1.4358614426508016
2006-12-01,1.4443372651582913
2006-12-02,1.7007244964333055
2006-12-03,1.6747246462466263
2006-12-04,1.325222732441675
2006-12-05,0.5508429938639444
2006-12-06,1.0578504579992338
2006-12-07,0.5845286995120418
2006-12-08,0.9198282714076782
2006-12-09,1.2053449697990655
2006-12-10,0.7045035787501355
2006-12-11,0.9098743028403847
2006-12-12,0.579022730720667
2006-12-13,0.6721164410390196
2006-12-14,0.36794379293870483
2006-12-15,0.8004459533799111
2006-12-16,1.0489111947233356
2006-12-17,0.7199835854778203
2006-12-18,0.9808546313762003
2006-12-19,1.0613272057243868
2006-12-20,0.3675441611357858
2006-12-21,-0.2921045081463266
2006-12-22,0.23454330909987806
2006-12-23,0.9447628650559926
2006-12-24,-0.657560683203336
2006-12-25,1.2254651741905256
2006-12-26,1.4401750644472107
2006-12-27,1.1054687102382843
2006-12-28,0.48572223426520167
2006-12-29,1.2402801402035788
2006-12-30,1.4027041267258324
2006-12-31,-0.59893695677254
2007-01-01,2.1689924371176725
2007-01-02,2.5569525483790185
2007-01-03,0.9278259770825401
2007-01-04,1.0550651193862959
2007-01-05,0.7799152556738066
2007-01-06,0.1306566272426603
2007-01-07,0.17377937568093008
2007-01-08,0.8228617737776657
2007-01-09,0.33511564142113
2007-01-10,0.44507049166242385
2007-01-11,0.6354395686960072
2007-01-12,1.119409990821919
2007-01-13,0.807613191377168
2007-01-14,1.0958826535686235
2007-01-15,0.7247121323627154
2007-01-16,0.7958734701829182
2007-01-17,1.2225372318279504
2007-01-18,1.039375799943511
2007-01-19,0.5631022073336607
2007-01-20,1.100531871008877
2007-01-21,0.9406980198644251
2007-01-22,1.0150108106388578
2007-01-23,0.36106929700732643
2007-01-24,0.769793412395202
2007-01-25,0.6935805775428552
2007-01-26,-0.019051521031299472
2007-01-27,0.8567742192943285
2007-01-28,0.3173374225116453
2007-01-29,0.9579248461451727
2007-01-30,0.5529959703177793
2007-01-31,0.3815057440419411
2007-02-01,0.7832616056031999
2007-02-02,0.7270960841722367
2007-02-03,0.6585177520647515
2007-02-04,0.21166447231422822
2007-02-05,0.3593886656593145
2007-02-06,0.7621157294572183
2007-02-07,1.0903301798761942
2007-02-08,0.9036932395557434
2007-02-09,0.36919479920587084
2007-02-10,0.7472718804257664
2007-02-11,0.9276067785825076
2007-02-12,0.9196504230031791
2007-02-13,0.8980539884916131
2007-02-14,0.8888494838896692
2007-02-15,0.12489634897718463
2007-02-16,0.2956795559092187
2007-02-17,0.9011050074209811
2007-02-18,-0.23197145981613487
2007-02-19,1.256629561797844
2007-02-20,0.840445076869463
2007-02-21,0.8437785943906919
2007-02-22,1.1713962359918282
2007-02-23,0.8650137322481999
2007-02-24,1.3695400636425705
2007-02-25,1.805393817347862
2007-02-26,1.1982819579255843
2007-02-27,0.5299742781258416
2007-02-28,0.8587353626804428
2007-03-01,1.0868501778031356
2007-03-02,0.5426797984014384
2007-03-03,1.1775075971883031
2007-03-04,0.12444620825253795
2007-03-05,1.028764238180123
2007-03-06,1.2473408583672656
2007-03-07,1.038960716639615
2007-03-08,0.6243819172876088
2007-03-09,0.7362343221292357
2007-03-10,0.5369692728578795
2007-03-11,0.16108427462404168
2007-03-12,0.7234054553582092
2007-03-13,0.5087552442359191
2007-03-14,0.20200279400059773
2007-03-15,1.3171268867089403
2007-03-16,0.4700890766716877
2007-03-17,0.3784792977426244
2007-03-18,0.7835163388501872
2007-03-19,0.6242140970237203
2007-03-20,1.0035237124307492
2007-03-21,0.7269908781913733
2007-03-22,1.0473547722618968
2007-03-23,0.8387957845409347
2007-03-24,0.6941174427858112
2007-03-25,0.093290613790436
2007-03-26,1.2606780616129059
2007-03-27,0.8072431121911758
2007-03-28,0.5815984728609761
2007-03-29,0.347660148660238
2007-03-30,1.1893137783452299
2007-03-31,1.6691356442048868
2007-04-01,0.6437858579243736
2007-04-02,0.9259384124975928
2007-04-03,1.1324361620992116
2007-04-04,1.1797385750068097
2007-04-05,1.2723934233618548
2007-04-06,0.9046921985912597
2007-04-07,-0.27660709529671856
2007-04-08,0.2538794005889403
2007-04-09,0.2134546138494383
2007-04-10,1.274416403005457
2007-04-11,0.8793949425831988
2007-04-12,0.8644510074111632
2007-04-13,0.2826739026834879
2007-04-14,-0.6601838572263586
2007-04-15,-0.35286339698699565
2007-04-16,0.4480471126131467
2007-04-17,0.31842027552065366
2007-04-18,1.0232489170246368
2007-04-19,0.621388423034644
2007-04-20,-0.21894752823843305
2007-04-21,0.0032137766261392934
2007-04-22,-0.3154953410747702
2007-04-23,0.10982090443148844
2007-04-24,0.7588308220832293
2007-04-25,-0.019120412645760324
2007-04-26,0.1818715536036815
2007-04-27,0.6494546574414761
2007-04-28,0.26650404020644797
2007-04-29,0.1793846610935664
2007-04-30,1.3759807639393877
2007-05-01,1.1459310882429437
2007-05-02,0.943441584311003
2007-05-03,0.4414709080581689
2007-05-04,0.7210545726757329
2007-05-05,1.5072792625200044
2007-05-06,1.2170857175743153
2007-05-07,0.9467299051659506
2007-05-08,1.480621901285264
2007-05-09,1.367163235949468
2007-05-10,0.6861001681653658
2007-05-11,1.273375290183724
2007-05-12,-0.05541984066485479
2007-05-13,-0.3709117371342133
2007-05-14,0.7505015336516304
2007-05-15,0.9413162135336998
2007-05-16,0.7294492670923745
2007-05-17,1.2298678544064077
2007-05-18,0.3959220384509122
2007-05-19,-1.016979678868513
2007-05-20,-0.17677817506363955
2007-05-21,0.7921586303353092
2007-05-22,0.6231948035511622
2007-05-23,0.7428059245880415
2007-05-24,0.5180132283035659
2007-05-25,0.02353411007117609
2007-05-26,1.9991660671550908
2007-05-27,2.2207059192331666
2007-05-28,1.9242123521361028
2007-05-29,0.8834126912124827
2007-05-30,0.572475533405825
2007-05-31,0.8099765951368109
2007-06-01,1.0536583188147643
2007-06-02,0.426339801232399
2007-06-03,0.4037177559849498
2007-06-04,0.979367223202107
2007-06-05,1.1339860457710917
2007-06-06,1.355655828391393
2007-06-07,1.4562998892364438
2007-06-08,1.1569455938016087
2007-06-09,-0.26055456254743603
2007-06-10,0.4022265245895081
2007-06-11,1.6158589259745642
2007-06-12,1.2861402289679003
2007-06-13,0.8296533163734452
2007-06-14,1.216148118194749
2007-06-15,0.9395758161331501
2007-06-16,0.7195825189289409
2007-06-17,0.2620099236435439
2007-06-18,1.2517056254419783
2007-06-19,0.8551708834098873
2007-06-20,0.9530010173613247
2007-06-21,0.6336658234465793
2007-06-22,0.4203454510117987
2007-06-23,0.5495609754533346
2007-06-24,-0.001248202444218443
2007-06-25,1.0430559526276983
2007-06-26,1.0915408289911794
2007-06-27,1.3482652031859206
2007-06-28,1.2227193865859485
2007-06-29,0.3814328916947884
2007-06-30,0.028195294503817643
2007-07-01,0.6517619215704714
2007-07-02,1.3878537713426238
2007-07-03,1.3694338271666457
2007-07-04,1.069684347909341
2007-07-05,1.0850187020347575
2007-07-06,0.9704509362811589
2007-07-07,0.6223122416898839
2007-07-08,1.8843452356547596
2007-07-09,1.921279030214959
2007-07-10,2.811031323731463
2007-07-11,1.6801413204228073
2007-07-12,1.373203727243668
2007-07-13,0.6558290156396992
2007-07-14,-0.615793910283432
2007-07-15,-0.5155508067245326
2007-07-16,0.7331769973294434
2007-07-17,0.8154484061995003
2007-07-18,0.15152118377785986
2007-07-19,0.536503495217268
2007-07-20,0.362527111678548
2007-07-21,-0.33678249940299543
2007-07-22,0.585736997446631
2007-07-23,1.0624423814271098
2007-07-24,0.9892957165658959
2007-07-25,0.4267946549479335
2007-07-26,1.3471571999271723
2007-07-27,1.0672492891123144
2007-07-28,0.4035505840805581
2007-07-29,0.42786253871229457
2007-07-30,0.6261430801935101
2007-07-31,0.8893922906540416
2007-08-01,0.0622685200865008
2007-08-02,1.175034736924778
2007-08-03,0.5844524957238816
2007-08-04,0.9317401558069773
2007-08-05,-0.39644423699969367
2007-08-06,1.2074444336373398
2007-08-07,1.2223911787851014
2007-08-08,1.7705535352243305
2007-08-09,1.2277510076865508
2007-08-10,0.45245313177811053
2007-08-11,0.40653840427895155
2007-08-12,-0.16872277871632746
2007-08-13,0.026510157145029727
2007-08-14,0.6591435893479396
2007-08-15,0.177238916022294
2007-08-16,0.2033991234702428
2007-08-17,0.780698029539343
2007-08-18,-0.547707117770445
2007-08-19,0.13106220229988483
2007-08-20,0.6253057974335707
2007-08-21,0.5607219975308653
2007-08-22,0.5070602213184349
2007-08-23,0.7232864012409856
2007-08-24,0.38841407491917695
2007-08-25,-0.5676230318438253
2007-08-26,-0.3429548206610754
2007-08-27,0.40120601014118557
2007-08-28,0.4976875485900396
2007-08-29,0.4765562165919383
2007-08-30,0.5717741191397928
2007-08-31,-0.11525142758851492
2007-09-01,-0.012425672404022555
2007-09-02,0.02505095497869782
2007-09-03,0.31706462657808454
2007-09-04,0.6413703068641442
2007-09-05,0.4329757592341367
2007-09-06,0.31082981335496085
2007-09-07,0.29053355958879395
2007-09-08,-0.027055502828628637
2007-09-09,-0.027929255262944375
2007-09-10,0.8171306428352997
2007-09-11,0.46753466695747503
2007-09-12,-0.009401973403273794
2007-09-13,0.27634328141174513
2007-09-14,0.3414192965349127
2007-09-15,0.8056702426010387
2007-09-16,0.09390506846239108
2007-09-17,1.0310150265815903
2007-09-18,0.5722650711202638
2007-09-19,0.8268477383098659
2007-09-20,0.6016426789599124
2007-09-21,0.3140797098058021
2007-09-22,0.2895848386174877
2007-09-23,-0.27397567881873264
2007-09-24,0.25609209715030246
2007-09-25,0.36599264916459945
2007-09-26,0.4106561787456129
2007-09-27,0.636746480560066
2007-09-28,0.5201092489330827
2007-09-29,0.27772346973198136
2007-09-30,1.0278424045613457
2007-10-01,1.1247720908395247
2007-10-02,0.9658921341379483
2007-10-03,0.8130312675627751
2007-10-04,0.8122782457953006
2007-10-05,0.7247012678921412
2007-10-06,0.577544154829189
2007-10-07,0.2959711286031558
2007-10-08,0.2583601675028705
2007-10-09,0.9904845652974097
2007-10-10,0.19184027627552394
2007-10-11,0.3393665759429455
2007-10-12,0.27333576846792945
2007-10-13,0.9204880751979688
2007-10-14,-0.14057704627711826
2007-10-15,0.4152490224634213
2007-10-16,-0.0575558215076353
2007-10-17,0.5320655743362671
2007-10-18,0.3943718591285798
2007-10-19,0.6343250188483728
2007-10-20,0.9782295696223203
2007-10-21,0.27597104698628516
2007-10-22,0.5422928796006001
2007-10-23,0.9480609571192661
2007-10-24,0.255784791708281
2007-10-25,1.0543290965565628
2007-10-26,0.7684677200674419
2007-10-27,1.1899239032819542
2007-10-28,0.7444029432634242
2007-10-29,0.78167417809931
2007-10-30,1.2786240102055892
2007-10-31,0.5825374940373723
2007-11-01,1.2111501789588583
2007-11-02,0.714745418234504
2007-11-03,0.3688953572950017
2007-11-04,0.7009915046575308
2007-11-05,0.8734068686307016
2007-11-06,0.32814783859505026
2007-11-07,0.3966271227704558
2007-11-08,0.4279658525669389
2007-11-09,0.46516938699209004
2007-11-10,0.5403450265869029
2007-11-11,0.8544289627834522
2007-11-12,0.6242625964547156
2007-11-13,0.0056411590618517925
2007-11-14,0.4164267838709181
2007-11-15,0.07646627246357754
2007-11-16,0.20985111347822924
2007-11-17,0.5019268879433215
2007-11-18,0.418043048883442
2007-11-19,0.31639523895886
2007-11-20,0.10374222311594698
2007-11-21,1.3309169384804385
2007-11-22,0.22389354466024905
2007-11-23,0.8038302487730201
2007-11-24,1.016875751673513
2007-11-25,0.8057688104751185
2007-11-26,0.9509246060794929
2007-11-27,0.7591701544252548
2007-11-28,0.6636732381193194
2007-11-29,0.3157800934219923
2007-11-30,-0.23174879912763016
2007-12-01,0.35765430119471303
2007-12-02,0.9402305193220586
2007-12-03,0.27443891296031075
2007-12-04,0.3620692682308258
2007-12-05,0.48796997838958006
2007-12-06,0.4782062579143054
2007-12-07,0.38080332867105005
2007-12-08,0.7952033164243838
2007-12-09,0.5858914450230158
2007-12-10,0.6741332211462067
2007-12-11,0.6026125618223347
2007-12-12,-0.2890308247969322
2007-12-13,0.2867502508248546
2007-12-14,-0.15806021264298784
2007-12-15,0.13048164638737816
2007-12-16,-0.17757675463527656
2007-12-17,0.7214720603503012
2007-12-18,-0.5222427154995273
2007-12-19,-0.24857689322054677
2007-12-20,0.3935206329545059
2007-12-21,0.26344369970078496
2007-12-22,0.48528042763288104
2007-12-23,0.8935741292100675
2007-12-24,-0.07228827718949911
2007-12-25,0.5708163022395917
2007-12-26,2.640914363164368
2007-12-27,2.2949753077769453
2007-12-28,1.519721906318129
2007-12-29,1.4730337953338373
2007-12-30,1.5291936418554533
2007-12-31,0.1188154732416883
2008-01-01,0.01943235785942849
2008-01-02,1.464027988341516
2008-01-03,0.48493485717728013
2008-01-04,0.6734419972506112
2008-01-05,0.9881962250112044
2008-01-06,-0.06540786346174449
2008-01-07,0.5803252288576942
2008-01-08,0.2659836811197823
2008-01-09,0.28880132238653955
2008-01-10,0.6744466602523032
2008-01-11,1.269581648901319
2008-01-12,1.1065533738679236
2008-01-13,0.5397319401674693
2008-01-14,1.1241793651253482
2008-01-15,0.35306906834359214
2008-01-16,0.7282689219797511
2008-01-17,0.585386238741744
2008-01-18,1.0000372781825995
2008-01-19,0.8677937131098464
2008-01-20,0.02588676787948449
2008-01-21,0.4251905953941249
2008-01-22,0.30877168459527427
2008-01-23,0.8317497931259276
2008-01-24,0.8683654223361309
2008-01-25,0.4913154350442971
2008-01-26,0.9233837832672713
2008-01-27,1.0400109297358568
2008-01-28,0.7289494340323962
2008-01-29,0.6232227084730253
2008-01-30,0.8717555472795357
2008-01-31,0.9738598202977933
2008-02-01,1.0098106357491339
2008-02-02,1.1067104881091687
2008-02-03,0.26218037296843427
2008-02-04,0.38771625866387943
2008-02-05,0.7389243126681465
2008-02-06,0.4524727867712861
2008-02-07,0.38130767118855813
2008-02-08,0.021979873780393042
2008-02-09,0.46957084849474695
2008-02-10,1.1172897344655972
2008-02-11,0.12974239149059913
2008-02-12,-0.0048746487336881455
2008-02-13,0.2195900179093654
2008-02-14,0.3371536146924219
2008-02-15,0.05201543460862271
2008-02-16,1.108202452172542
2008-02-17,0.08275907966671633
2008-02-18,0.5060135353968634
2008-02-19,0.6162810217946962
2008-02-20,0.3533409050801386
2008-02-21,0.2864838091017046
2008-02-22,0.6805331975747406
2008-02-23,0.4018213856996939
2008-02-24,-0.026497573190948365
2008-02-25,0.6313120925953175
2008-02-26,0.757913898684563
2008-02-27,0.821635391279211
2008-02-28,0.7968792981584164
2008-02-29,0.9590631265804932
2008-03-01,1.9273732621405077
2008-03-02,1.0214688467278696
2008-03-03,0.7655272196441022
2008-03-04,0.6611676962648529
2008-03-05,0.5327061409109369
2008-03-06,1.1616617822880835
2008-03-07,1.3068058158352747
2008-03-08,1.5990645218219826
2008-03-09,0.5593452542388924
2008-03-10,0.6871550933488201
2008-03-11,1.0129360345554297
2008-03-12,1.3247426965146407
2008-03-13,0.9417386026823708
2008-03-14,0.6275408417508992
2008-03-15,1.0611808508411715
2008-03-16,0.7073038253470493
2008-03-17,0.6452941154789213
2008-03-18,1.023944347535769
2008-03-19,0.6539680536588807
2008-03-20,1.0412136035005746
2008-03-21,1.5038585980504213
2008-03-22,0.6771909717427532
2008-03-23,1.4741462167360466
2008-03-24,1.4342124901478635
2008-03-25,1.7152185687666197
2008-03-26,1.5247276277300985
2008-03-27,1.3037635913544383
2008-03-28,1.674824425942126
2008-03-29,1.0899549231688166
2008-03-30,0.4319081125624529
2008-03-31,1.0646934921770832
2008-04-01,0.9002799136750385
2008-04-02,1.1805525534782857
2008-04-03,0.7599933321966373
2008-04-04,1.0494916693259988
2008-04-05,0.7117153498604114
2008-04-06,0.912240817967951
2008-04-07,0.9310322629599534
2008-04-08,0.4259003514516488
2008-04-09,0.8034047500423368
2008-04-10,0.4515699164484709
2008-04-11,0.9454259050766992
2008-04-12,1.318611448105485
2008-04-13,0.6297367728484232
2008-04-14,1.4899145443662853
2008-04-15,1.8155186717836995
2008-04-16,1.447049114236212
2008-04-17,1.1953751373838362
2008-04-18,1.0879139130736122
2008-04-19,0.7016053868567494
2008-04-20,0.10135790624820587
2008-04-21,0.632567793277335
2008-04-22,0.3523304723007517
2008-04-23,0.6313193087933463
2008-04-24,0.7097398617337004
2008-04-25,-1.5853662067696076e-4
2008-04-26,-0.2268985248166545
2008-04-27,-0.30774021168084637
2008-04-28,0.8142502581463673
2008-04-29,0.9144513312125147
2008-04-30,1.2539003356344118
2008-05-01,0.6159542323735409
2008-05-02,0.3095202897034262
2008-05-03,0.19628677676181647
2008-05-04,-0.40980776829514715
2008-05-05,0.40474901596935214
2008-05-06,0.2497251891904659
2008-05-07,-0.011866493485810292
2008-05-08,0.4676407167112596
2008-05-09,-0.19585984912639076
2008-05-10,-1.071608469753296
2008-05-11,-0.4866568700348899
2008-05-12,0.08442168927419087
2008-05-13,0.25685486510366434
2008-05-14,0.3345329409160055
2008-05-15,0.8049376463206355
2008-05-16,0.22241709495519738
2008-05-17,1.1770048350501578
2008-05-18,1.1224186134755543
2008-05-19,1.3164245882077277
2008-05-20,1.012069718596632
2008-05-21,1.1931641321933044
2008-05-22,1.6966046004686945
2008-05-23,1.8075221052525738
2008-05-24,0.7936341002641333
2008-05-25,0.696211496019731
2008-05-26,1.1039743050470816
2008-05-27,0.8063318300540466
2008-05-28,1.2857955993190986
2008-05-29,1.047201418807038
2008-05-30,0.8112838584985994
2008-05-31,0.5924386857075233
2008-06-01,0.1675938517905837
2008-06-02,1.2482989487400438
2008-06-03,0.40153326717300725
2008-06-04,0.599710862870842
2008-06-05,0.7918429644300229
2008-06-06,0.026680858458390626
2008-06-07,-0.5492407935118917
2008-06-08,-0.38154566477215035
2008-06-09,0.12920183111564884
2008-06-10,0.11234830406090619
2008-06-11,-0.03291217119690372
2008-06-12,0.6248433952265146
2008-06-13,-0.19039647327544348
2008-06-14,0.11432293559667792
2008-06-15,0.5187979230553198
2008-06-16,0.5133692895559002
2008-06-17,0.4480364795010408
2008-06-18,0.27359726326506917
2008-06-19,0.07805775786976869
2008-06-20,-0.2108840368576787
2008-06-21,-1.3616531728740267
2008-06-22,-0.4156321983929547
2008-06-23,0.5264127856450249
2008-06-24,0.7682376353079458
2008-06-25,0.282977065449456
2008-06-26,0.11166942254196605
2008-06-27,0.9328465697130501
2008-06-28,-0.7865103683627841
2008-06-29,-0.6451905319252511
2008-06-30,0.8343295711437054
2008-07-01,1.0288828990255559
2008-07-02,0.73502133203675
2008-07-03,0.9941658115013426
2008-07-04,0.9628805199186128
2008-07-05,0.39823357925492014
2008-07-06,2.5096700937399365
2008-07-07,1.4642054088016452
2008-07-08,1.4271561233457384
2008-07-09,1.4436513961915045
2008-07-10,0.7185479604816095
2008-07-11,1.1850217973646577
2008-07-12,1.818108344796233
2008-07-13,1.9816414481273839
2008-07-14,1.2544218968873024
2008-07-15,1.3602141302269768
2008-07-16,0.763853549866436
2008-07-17,1.6254929501936874
2008-07-18,0.471922619433995
2008-07-19,0.7548738425661998
2008-07-20,1.658743028976613
2008-07-21,1.076235125542545
2008-07-22,1.158990573701638
2008-07-23,0.7087961140033658
2008-07-24,0.7042298139270533
2008-07-25,-0.06426747965513177
2008-07-26,0.2315200631625322
2008-07-27,0.22368745938313225
2008-07-28,0.9843058045463808
2008-07-29,0.9228577918777875
2008-07-30,0.8321541682413197
2008-07-31,1.0993953730265147
2008-08-01,2.312266886047274
2008-08-02,0.27537240659985956
2008-08-03,0.041877028737876756
2008-08-04,1.4341394885000514
2008-08-05,1.703807512689302
2008-08-06,0.738590234691632
2008-08-07,0.4623695580820611
2008-08-08,0.5236807157172448
2008-08-09,0.07677498553137689
2008-08-10,-0.016964741567686424
2008-08-11,0.8533056712241865
2008-08-12,1.1907605303418276
2008-08-13,0.7572955852851827
2008-08-14,1.3224933347397878
2008-08-15,1.28420580944534
2008-08-16,0.774290466558746
2008-08-17,1.0486741123417442
2008-08-18,0.9207582044299103
2008-08-19,1.2430386463821477
2008-08-20,1.0813899828626217
2008-08-21,0.8370045531875212
2008-08-22,1.0625163095782357
2008-08-23,1.0598770188425908
2008-08-24,0.5270920540152412
2008-08-25,0.8004787044745757
2008-08-26,0.9660020860122616
2008-08-27,0.9347915152960757
2008-08-28,0.9073165359739217
2008-08-29,0.6594087722633327
2008-08-30,0.508121415474874
2008-08-31,0.5602802485391588
2008-09-01,1.5352604151361495
2008-09-02,1.2649473645974034
2008-09-03,0.8309036912715447
2008-09-04,1.3586342715063628
2008-09-05,0.7675844675048017
2008-09-06,1.2364317139950656
2008-09-07,2.11001625470993
2008-09-08,0.7407387436566338
2008-09-09,0.854877424737546
2008-09-10,0.7523834997067346
2008-09-11,0.8923602278696581
2008-09-12,0.7988573988325668
2008-09-13,1.7190464966157277
2008-09-14,1.1557255480228752
2008-09-15,1.3361388274930603
2008-09-16,0.4945222305549384
2008-09-17,0.5388106921539805
2008-09-18,0.6688771777534394
2008-09-19,0.6982222911716047
2008-09-20,0.39059669670885305
2008-09-21,0.8457183508679788
2008-09-22,1.1763293551685703
2008-09-23,0.7526922466246395
2008-09-24,0.8425237413317892
2008-09-25,0.8841518930554396
2008-09-26,0.8632132600548215
2008-09-27,0.4573562748419914
2008-09-28,0.48226246169028536
2008-09-29,0.7483417987453198
2008-09-30,1.2743240341854103
2008-10-01,1.1173428556468157
2008-10-02,1.2198647594101522
2008-10-03,0.7705102090055646
2008-10-04,0.6618340635671911
2008-10-05,1.4193935440354408
2008-10-06,0.7930213315033943
2008-10-07,0.8103930781060177
2008-10-08,0.9927843518904705
2008-10-09,0.9790500613500059
2008-10-10,1.0658439296607929
2008-10-11,0.9184828821021501
2008-10-12,1.5403849553434812
2008-10-13,2.073057328571915
2008-10-14,1.7404192427937015
2008-10-15,2.411438754479394
2008-10-16,3.335929073992508
2008-10-17,1.30053859104525
2008-10-18,1.371801306672325
2008-10-19,1.2152313804663673
2008-10-20,0.8233524417028534
2008-10-21,1.7243571150733672
2008-10-22,0.9741024378551448
2008-10-23,0.8247782483968475
2008-10-24,0.7434140962143595
2008-10-25,0.89802131850423506
2008-10-26,0.47359305751212655
2008-10-27,0.6744736365601571
2008-10-28,1.0415878483443453
2008-10-29,1.664167951589283
2008-10-30,1.0912328029096627
2008-10-31,1.2744086826853667
2008-11-01,1.4992478461588867
2008-11-02,0.7851991728759975
2008-11-03,0.9105752818266183
2008-11-04,1.1871282782529986
2008-11-05,1.496442320308905
2008-11-06,1.7637639401825262
2008-11-07,1.5245038509926556
2008-11-08,2.2434639802266894
2008-11-09,1.4912775881332485
2008-11-10,1.0357648312028398
2008-11-11,0.9976271309251236
2008-11-12,1.1094974426220072
2008-11-13,0.8733751567953917
2008-11-14,1.0729034012674936
2008-11-15,1.025600407736813
2008-11-16,1.300154840691918
2008-11-17,1.1505479183971044
2008-11-18,0.6984560327531016
2008-11-19,1.295368633369652
2008-11-20,0.6204373205590425
2008-11-21,0.9519385072838763
2008-11-22,0.7798039636052873
2008-11-23,0.5343289540631492
2008-11-24,0.4343948889814906
2008-11-25,0.6356469905969189
2008-11-26,0.42908802336752855
2008-11-27,0.42317166322353883
2008-11-28,0.9782715865377402
2008-11-29,0.8558475663175444
2008-11-30,1.0596402392669126
2008-12-01,1.4481183799008095
2008-12-02,1.3004140024902382
2008-12-03,1.3397629571547922
2008-12-04,0.8370552305952783
2008-12-05,0.880481204143173
2008-12-06,1.1915812164916795
2008-12-07,1.373289871339357
2008-12-08,0.7601467442178218
2008-12-09,0.9470718610301732
2008-12-10,0.6009279650619146
2008-12-11,0.6499825052797985
2008-12-12,0.25745292061960273
2008-12-13,0.47973642218527135
2008-12-14,0.7288610034635815
2008-12-15,1.129398309880863
2008-12-16,0.7754387542269964
2008-12-17,0.5979674708564229
2008-12-18,0.2136256403000631
2008-12-19,0.28551367973934944
2008-12-20,0.9015767903391573
2008-12-21,0.8127519304219278
2008-12-22,1.4800533059401286
2008-12-23,0.7550188607242239
2008-12-24,0.09768433576829495
2008-12-25,1.1518875547278817
2008-12-26,2.168209041330477
2008-12-27,1.6312356267904644
2008-12-28,2.489251063512799
2008-12-29,1.781889117649474
2008-12-30,1.357812807069676
2008-12-31,0.6981553698226027
2009-01-01,1.437553241539642
2009-01-02,2.1968101297630236
2009-01-03,0.8548941429221919
2009-01-04,-0.09790974761015966
2009-01-05,0.7607997441826955
2009-01-06,0.08234113394150504
2009-01-07,0.14954471570111746
2009-01-08,0.24213574709542168
2009-01-09,0.3452581818417579
2009-01-10,0.7024318121110562
2009-01-11,0.24260417990445934
2009-01-12,0.41540944115433054
2009-01-13,0.8900829137273981
2009-01-14,0.40805087570390847
2009-01-15,0.8847519264547785
2009-01-16,0.9265461114544955
2009-01-17,1.3386119331211976
2009-01-18,1.5898015395113168
2009-01-19,1.1610762341713976
2009-01-20,0.6778838606916318
2009-01-21,0.426787451938486
2009-01-22,0.6780629624285324
2009-01-23,0.6504278824751899
2009-01-24,1.9530818588306955
2009-01-25,0.41067136116184444
2009-01-26,0.8107747806371967
2009-01-27,0.395509022080945
2009-01-28,0.3104991975936191
2009-01-29,0.5393597116274346
2009-01-30,0.5092363755743363
2009-01-31,0.9280491440275567
2009-02-01,1.384619097715978
2009-02-02,0.7479539435326326
2009-02-03,0.7333967755510752
2009-02-04,0.5661924910068854
2009-02-05,0.5912372433491544
2009-02-06,0.8040186311132488
2009-02-07,1.263290135341513
2009-02-08,1.0830631158153905
2009-02-09,1.1500629128899977
2009-02-10,1.127713301187754
2009-02-11,1.168979036701342
2009-02-12,0.8468563136960751
2009-02-13,1.0394719156785024
2009-02-14,1.656380032281431
2009-02-15,0.5759576776556973
2009-02-16,0.5901557861030476
2009-02-17,0.4105465202063429
2009-02-18,0.3659470810835052
2009-02-19,0.734263699083487
2009-02-20,1.4649614301694798
2009-02-21,0.6894632366220962
2009-02-22,1.2697666576033406
2009-02-23,1.2119047682424968
2009-02-24,0.5105331925906057
2009-02-25,0.784631510684072
2009-02-26,0.7409578927266782
2009-02-27,0.6360947678700125
2009-02-28,1.284932938430051
2009-03-01,1.0433435849019328
2009-03-02,0.7388930952419329
2009-03-03,0.672142062423281
2009-03-04,0.5893134501561652
2009-03-05,1.0671841463235407
2009-03-06,1.3763131682525447
2009-03-07,1.182673216045814
2009-03-08,1.1918962714878134
2009-03-09,1.3246196593515827
2009-03-10,0.9384674555594341
2009-03-11,0.9729431708864892
2009-03-12,0.9159565991494167
2009-03-13,1.1440371960961848
2009-03-14,0.8343634037571511
2009-03-15,1.0360333115675842
2009-03-16,0.6508492352611304
2009-03-17,1.0776890901405105
2009-03-18,0.6081004936491331
2009-03-19,0.5968714070860959
2009-03-20,0.7324412634222954
2009-03-21,0.8003116414682093
2009-03-22,0.6640239731489322
2009-03-23,0.5981489102965107
2009-03-24,0.2924567967384781
2009-03-25,1.0567218736844939
2009-03-26,0.6448764068010906
2009-03-27,1.1079714550929127
2009-03-28,1.8342927752951885
2009-03-29,2.2715928868307382
2009-03-30,0.8577858155197344
2009-03-31,0.5962831079155072
2009-04-01,0.7311005797954193
2009-04-02,1.18352317439454
2009-04-03,0.560265896431919
2009-04-04,0.8634601101155214
2009-04-05,1.3636818926847722
2009-04-06,0.7264171645613166
2009-04-07,0.5939827112937982
2009-04-08,0.7955043855283943
2009-04-09,0.7592458781269584
2009-04-10,0.1986702827389176
2009-04-11,0.27339902537251715
2009-04-12,1.5422114746717686
2009-04-13,0.14019480512407786
2009-04-14,0.7325010981748266
2009-04-15,1.159752877874889
2009-04-16,1.4082527769212145
2009-04-17,1.3183246572615939
2009-04-18,0.6780941817392199
2009-04-19,1.2224977561585928
2009-04-20,1.5408768674897244
2009-04-21,1.1917746888266696
2009-04-22,1.2871211403677032
2009-04-23,1.3217227476646476
2009-04-24,1.272409126736076
2009-04-25,0.21879205810628566
2009-04-26,0.6522442184116869
2009-04-27,0.7844645478561834
2009-04-28,1.0258494981426454
2009-04-29,1.4549616874378635
2009-04-30,0.6070221747229261
2009-05-01,0.8386714398001295
2009-05-02,0.8213787546671459
2009-05-03,0.48515083764846356
2009-05-04,1.1508874414499468
2009-05-05,1.0279287722789312
2009-05-06,1.1540369024883808
2009-05-07,1.0853306721863456
2009-05-08,0.8458957940147768
2009-05-09,0.6761505881826152
2009-05-10,0.22514877008952133
2009-05-11,0.843557047814005
2009-05-12,0.5088047167713823
2009-05-13,1.1555146077327392
2009-05-14,0.9473618805324205
2009-05-15,1.262350847006855
2009-05-16,1.0512541516758034
2009-05-17,1.0596028348924846
2009-05-18,1.346855488648022
2009-05-19,0.8894624305274863
2009-05-20,1.1111017847502422
2009-05-21,0.31542278180492567
2009-05-22,1.5137088594330539
2009-05-23,-0.4738201132100962
2009-05-24,0.32195233365421266
2009-05-25,0.7705463497172071
2009-05-26,1.0075547003168919
2009-05-27,0.5983505906554228
2009-05-28,0.7255819546871812
2009-05-29,0.5323857236053392
2009-05-30,0.16374492502740567
2009-05-31,0.6525612063319122
2009-06-01,0.5086954270339914
2009-06-02,0.7879298014003392
2009-06-03,0.5331193197774012
2009-06-04,0.41896490316221024
2009-06-05,0.5865196272983223
2009-06-06,1.8626428389376328
2009-06-07,0.9077993104942345
2009-06-08,1.4577364934383987
2009-06-09,1.2777248108584207
2009-06-10,1.2638145056074228
2009-06-11,1.540099161216255
2009-06-12,1.9850583442088787
2009-06-13,0.240068773995684
2009-06-14,0.5855310977832996
2009-06-15,1.2439697716333917
2009-06-16,1.383386777925324
2009-06-17,0.5647286862304566
2009-06-18,0.9747761387209708
2009-06-19,0.9312698943034102
2009-06-20,0.9078093664482626
2009-06-21,0.8735521945896724
2009-06-22,1.3350729950672584
2009-06-23,1.3509815293257916
2009-06-24,1.2104972102398817
2009-06-25,0.8560924497613943
2009-06-26,1.293681917109263
2009-06-27,0.9487387804486435
2009-06-28,0.7688656753340076
2009-06-29,1.1960310072814542
2009-06-30,1.7975194573929283
2009-07-01,1.670101385088421
2009-07-02,1.0221338832250266
2009-07-03,1.3153124581200684
2009-07-04,1.2047206134003992
2009-07-05,2.410609780101932
2009-07-06,1.5108389069662465
2009-07-07,1.505087585672581
2009-07-08,1.3405185170948855
2009-07-09,1.4197893708736395
2009-07-10,1.023503720345998
2009-07-11,1.1697667197009294
2009-07-12,1.385221620179823
2009-07-13,1.3966421319842868
2009-07-14,1.3652253975385633
2009-07-15,1.3918475753403248
2009-07-16,1.0111715620621449
2009-07-17,1.9410210823179102
2009-07-18,1.8101565086925666
2009-07-19,2.1174173727224743
2009-07-20,1.5720056228640913
2009-07-21,1.2937485854976485
2009-07-22,1.359992644622692
2009-07-23,1.0223600251714753
2009-07-24,0.9824360816852343
2009-07-25,0.5282642482885682
2009-07-26,0.6797937205674452
2009-07-27,0.9267881047806641
2009-07-28,0.8891624363861584
2009-07-29,0.40168258576949717
2009-07-30,0.6149933891612948
2009-07-31,0.16967409772174225
2009-08-01,-1.2218664689072665
2009-08-02,1.8874662714499897
2009-08-03,1.955933804956292
2009-08-04,1.2075143342101158
2009-08-05,0.9019470748054964
2009-08-06,0.6707533717746318
2009-08-07,0.6109547980113036
2009-08-08,1.1541140601342064
2009-08-09,0.5432078522820144
2009-08-10,1.1228833856906868
2009-08-11,1.0706826971253096
2009-08-12,0.6744673911168528
2009-08-13,0.366329850449664
2009-08-14,0.37866932727740127
2009-08-15,-0.4000395182758789
2009-08-16,-0.21319383866010877
2009-08-17,0.48779028520391543
2009-08-18,0.6008153598515866
2009-08-19,0.4030957569216951
2009-08-20,0.35098094876668695
2009-08-21,0.4445713335414334
2009-08-22,0.29456066140961823
2009-08-23,-0.07916409629037424
2009-08-24,0.22771695600697422
2009-08-25,0.8590189071771335
2009-08-26,1.048347249954101
2009-08-27,0.6305427404972463
2009-08-28,1.171414824740426
2009-08-29,0.7115609284167551
2009-08-30,0.11916788979555538
2009-08-31,0.9126398840125034
2009-09-01,0.9034499005632374
2009-09-02,1.1713994293943941
2009-09-03,1.1790066613036205
2009-09-04,1.054154003185299
2009-09-05,0.6227112531300147
2009-09-06,0.574679173515958
2009-09-07,1.0851550687837515
2009-09-08,2.015038915807287
2009-09-09,0.8007688982860407
2009-09-10,1.0347017013894944
2009-09-11,1.3119883381916195
2009-09-12,1.3476664306311228
2009-09-13,0.8070415218276882
2009-09-14,0.768257909903034
2009-09-15,0.7081930274492223
2009-09-16,1.0116697940412047
2009-09-17,0.876034081187675
2009-09-18,1.1979867852079258
2009-09-19,0.9495615433079236
2009-09-20,1.4085254344118898
2009-09-21,1.536007281876308
2009-09-22,0.8173744329587889
2009-09-23,0.6894288895993581
2009-09-24,0.5631086095335972
2009-09-25,0.48231985346142875
2009-09-26,1.2105038821139846
2009-09-27,0.2842264820747856
2009-09-28,1.0193096114328053
2009-09-29,1.2308093306241965
2009-09-30,0.9953541897129963
2009-10-01,0.7537069407915102
2009-10-02,0.6609891876266056
2009-10-03,0.9370554279417005
2009-10-04,0.47807205461630903
2009-10-05,1.4745077380735436
2009-10-06,0.8766266913540275
2009-10-07,0.7855585100382984
2009-10-08,1.2132682045383225
2009-10-09,1.0888598126113727
2009-10-10,1.078731470819613
2009-10-11,0.6739173861943207
2009-10-12,0.910778833875701
2009-10-13,1.0349467516094037
2009-10-14,1.0333924749443746
2009-10-15,0.9672173400278314
2009-10-16,0.9102136405119863
2009-10-17,1.5310851263480347
2009-10-18,1.3323578521255335
2009-10-19,0.9542907324366684
2009-10-20,0.7682703177797745
2009-10-21,1.5407040629680702
2009-10-22,0.990525811682385
2009-10-23,1.2048152310611069
2009-10-24,0.6638151379150271
2009-10-25,1.0412450001254003
2009-10-26,1.0995228477356846
2009-10-27,1.2554964628606806
2009-10-28,0.9028538005692621
2009-10-29,0.8597229913680048
2009-10-30,0.7141885535321336
2009-10-31,0.3870398103844974
2009-11-01,1.0526879431174545
2009-11-02,0.7902702564113742
2009-11-03,1.2628308552028182
2009-11-04,1.1743987558515845
2009-11-05,1.774534789719503
2009-11-06,0.6184387361755944
2009-11-07,1.9550251175639592
2009-11-08,1.343213836304443
2009-11-09,0.9152029691058907
2009-11-10,0.5594785429706703
2009-11-11,1.11363482629944
2009-11-12,1.1423902413034757
2009-11-13,1.292738867456615
2009-11-14,1.014191748406935
2009-11-15,1.9163174776827157
2009-11-16,0.7710182872867297
2009-11-17,1.210512096895463
2009-11-18,0.8139829030881314
2009-11-19,0.8903061979487604
2009-11-20,0.8194566750404312
2009-11-21,1.2756583330554445
2009-11-22,1.18940521776898
2009-11-23,0.49866993102737067
2009-11-24,1.1922702872640762
2009-11-25,0.5625175649469282
2009-11-26,0.6351883995586789
2009-11-27,0.5441662474910405
2009-11-28,2.0035706673887903
2009-11-29,1.0588066200994635
2009-11-30,1.168443004854212
2009-12-01,1.5111128907307563
2009-12-02,1.0933532812556253
2009-12-03,1.43620210521184
2009-12-04,1.1284897993872929
2009-12-05,0.8875311456789532
2009-12-06,1.2692066843867882
2009-12-07,1.3384602439946285
2009-12-08,1.3708529962543754
2009-12-09,0.9305246487102349
2009-12-10,0.5045310213512961
2009-12-11,0.7725573942746092
2009-12-12,0.4598808950964913
2009-12-13,0.3585503676160827
2009-12-14,0.25994635350490974
2009-12-15,0.4188692899023999
2009-12-16,0.33306656295061
2009-12-17,0.6703085789590371
2009-12-18,0.6478537209909992
2009-12-19,0.5677995395974783
2009-12-20,0.8947050149928902
2009-12-21,1.499687389836342
2009-12-22,1.675336121800463
2009-12-23,0.6386635458672859
2009-12-24,0.3640054316259705
2009-12-25,0.9151483623504469
2009-12-26,1.1364287806790458
2009-12-27,2.190092788385686
2009-12-28,1.5540202063874335
2009-12-29,1.7674976186853788
2009-12-30,1.025986466373386
2009-12-31,1.0498966926417466
2010-01-01,1.6495359430685153
2010-01-02,1.2517326380479683
2010-01-03,1.528628485477694
2010-01-04,1.2995866662478068
2010-01-05,1.3880039808441746
2010-01-06,1.564461718093477
2010-01-07,1.3985802303356867
2010-01-08,2.8006682070694975
2010-01-09,1.4897586470714663
2010-01-10,1.396960396441039
2010-01-11,1.1333546029653698
2010-01-12,0.6160963602761138
2010-01-13,0.7958922601068467
2010-01-14,0.5973821009749091
2010-01-15,0.8476219086142701
2010-01-16,1.1786664240580458
2010-01-17,1.688844494859441
2010-01-18,1.570105865239291
2010-01-19,1.503513433780043
2010-01-20,1.3742724227984886
2010-01-21,1.4011808917119306
2010-01-22,1.3076985304730537
2010-01-23,1.0608780478110942
2010-01-24,1.5950058267206457
2010-01-25,1.1841941039982673
2010-01-26,1.5159660150277894
2010-01-27,1.5303074733226427
2010-01-28,2.114549287533345
2010-01-29,1.7361211655930524
2010-01-30,1.5812908346033128
2010-01-31,0.8690785943046416
2010-02-01,1.3314419855245263
2010-02-02,0.9715998118382985
2010-02-03,1.1407721045175672
2010-02-04,1.3527759764000573
2010-02-05,1.5339528721965798
2010-02-06,0.9943081135935414
2010-02-07,0.8955211626972137
2010-02-08,0.636363594796555
2010-02-09,0.5149053662584534
2010-02-10,0.23653946128781905
2010-02-11,0.9887790342001167
2010-02-12,1.007863698220175
2010-02-13,0.8668868748842183
2010-02-14,1.527764250763484
2010-02-15,0.7514338192987573
2010-02-16,0.6131690006123967
2010-02-17,0.4164647467814482
2010-02-18,0.4670217026975458
2010-02-19,0.9259884038206074
2010-02-20,0.21341194846066514
2010-02-21,-0.2866741879621168
2010-02-22,0.11258641549405041
2010-02-23,0.10463743324153205
2010-02-24,-0.009757347420126402
2010-02-25,0.059505999169943966
2010-02-26,0.31877660613914
2010-02-27,0.14672656719474575
2010-02-28,0.7772114337057808
2010-03-01,0.1723998878088573
2010-03-02,0.3041879930060195
2010-03-03,0.5138890647821079
2010-03-04,0.8174288273793008
2010-03-05,0.9314393944330791
2010-03-06,1.8968482515679328
2010-03-07,0.9520427917562685
2010-03-08,0.9305692634505046
2010-03-09,1.0096620388651976
2010-03-10,0.7109839787104949
2010-03-11,0.6070967848076949
2010-03-12,0.8252524530703435
2010-03-13,1.0745911222363926
2010-03-14,0.4861513884795658
2010-03-15,0.9398837009853085
2010-03-16,0.6101166657591055
2010-03-17,0.02049479689568904
2010-03-18,0.8670074374338841
2010-03-19,0.330900883572901
2010-03-20,0.9295969798759677
2010-03-21,1.164473887184438
2010-03-22,0.40011131454544113
2010-03-23,0.1773547732508947
2010-03-24,0.028143441049538295
2010-03-25,0.4360194335436953
2010-03-26,0.9119395841347989
2010-03-27,1.5314680604554654
2010-03-28,1.100389905394052
2010-03-29,0.8811939141373244
2010-03-30,1.0027702761709754
2010-03-31,1.1960071971615942
2010-04-01,0.7813999304494705
2010-04-02,0.5740454455278998
2010-04-03,0.2608653985422757
2010-04-04,1.3476095375953285
2010-04-05,0.9766738718435669
2010-04-06,0.7336221723750308
2010-04-07,0.753726381400657
2010-04-08,0.6586081534265216
2010-04-09,0.47190748582679143
2010-04-10,0.7535031288992695
2010-04-11,0.65259999382551
2010-04-12,0.4439583098750391
2010-04-13,0.28038250936066306
2010-04-14,0.5474103768793166
2010-04-15,0.7927363842467265
2010-04-16,0.7646595145952861
2010-04-17,0.11073245575802466
2010-04-18,0.3463757315137305
2010-04-19,0.7440349212580084
2010-04-20,0.15187232078372842
2010-04-21,0.2643282568732943
2010-04-22,0.24174658494257242
2010-04-23,-0.10000685060057793
2010-04-24,-0.2666671797455748
2010-04-25,-0.7671951245368889
2010-04-26,0.22907798925751885
2010-04-27,-0.11299314872442542
2010-04-28,-0.4907109278974507
2010-04-29,0.2527764445942415
2010-04-30,0.5129958027991471
2010-05-01,1.3070734703554867
2010-05-02,1.1056316956260404
2010-05-03,1.0462402663846986
2010-05-04,1.137492684550371
2010-05-05,0.6830610183256064
2010-05-06,0.7780505953110162
2010-05-07,0.7348763169200067
2010-05-08,0.31152248459922494
2010-05-09,0.5568082070330187
2010-05-10,0.5262448850461762
2010-05-11,0.7167029376753571
2010-05-12,1.2331017044888264
2010-05-13,1.5589503641512283
2010-05-14,1.0180509212511908
2010-05-15,0.9567938831568634
2010-05-16,0.44857386535667604
2010-05-17,1.0925695485515612
2010-05-18,0.9927552683816621
2010-05-19,0.8386902972435379
2010-05-20,0.6084113841187474
2010-05-21,0.33056035127376115
2010-05-22,-0.1412889554250251
2010-05-23,-0.443054207501583
2010-05-24,-0.36734945951635883
2010-05-25,0.31348288511027994
2010-05-26,0.47764139847249926
2010-05-27,0.5970843076893974
2010-05-28,0.5682946740794645
2010-05-29,0.3580733201684499
2010-05-30,1.1131947904578776
2010-05-31,0.7460721703560413
2010-06-01,0.8264443364825687
2010-06-02,0.9987084793248997
2010-06-03,0.9648340295119403
2010-06-04,0.3480132658001808
2010-06-05,-0.8182404434475596
2010-06-06,-0.05499738771157856
2010-06-07,1.0618880446262462
2010-06-08,0.44272505126134104
2010-06-09,0.3887767370754232
2010-06-10,0.2696360566578648
2010-06-11,-0.4993077399357422
2010-06-12,-0.04207315344739979
2010-06-13,0.17103074880096455
2010-06-14,0.49196284135131674
2010-06-15,0.02902079603793619
2010-06-16,0.07598773329847508
2010-06-17,0.05464567393682415
2010-06-18,0.1552157030211304
2010-06-19,0.35340979883556844
2010-06-20,0.1295270040665596
2010-06-21,0.1431270638094454
2010-06-22,0.5893006530726198
2010-06-23,-0.07077012386319256
2010-06-24,-0.08064658841530298
2010-06-25,-0.22302595592113955
2010-06-26,-1.3510836797245132
2010-06-27,-0.7841399397725505
2010-06-28,0.5188150985538665
2010-06-29,0.5948752154264486
2010-06-30,0.3284765276282418
2010-07-01,0.17168637587199997
2010-07-02,-0.47918560885106026
2010-07-03,-0.9876818532442533
2010-07-04,0.11005618391482087
2010-07-05,0.462449452117247
2010-07-06,1.253376225871964
2010-07-07,0.18882342333562968
2010-07-08,0.44810540333789184
2010-07-09,0.8112042416583487
2010-07-10,0.2602808078959477
2010-07-11,-0.36212577716607464
2010-07-12,0.8652028203881856
2010-07-13,0.9352579404230091
2010-07-14,0.6596915700387007
2010-07-15,0.5838741169780838
2010-07-16,0.2606311006080317
2010-07-17,0.666355625835992
2010-07-18,0.5245702121258403
2010-07-19,0.36611110925736307
2010-07-20,0.46149041201949326
2010-07-21,0.5902466651623681
2010-07-22,0.4581207097843778
2010-07-23,0.8477460615638435
2010-07-24,0.7577740533226008
2010-07-25,0.3567464126234325
2010-07-26,1.004440990729148
2010-07-27,0.44988668851191205
2010-07-28,0.8890762904144804
2010-07-29,1.141934527179245
2010-07-30,0.40423653120492575
2010-07-31,-0.004823312653703229
2010-08-01,0.040920189763071435
2010-08-02,1.4721917770395105
2010-08-03,0.9199599593703565
2010-08-04,0.8456502073233166
2010-08-05,1.6990269174866393
2010-08-06,1.2440679166649304
2010-08-07,0.5050896835411273
2010-08-08,1.1163592230140316
2010-08-09,1.2882365423539412
2010-08-10,0.9660801474777396
2010-08-11,1.251755712726374
2010-08-12,1.5574162472082576
2010-08-13,1.1776297809480667
2010-08-14,1.89015698402434
2010-08-15,2.3570656462781665
2010-08-16,1.5203487951738512
2010-08-17,0.9909309031544735
2010-08-18,0.8152501793103737
2010-08-19,0.6459200371180741
2010-08-20,0.7296049098984405
2010-08-21,0.7126369849652315
2010-08-22,0.24888108084352048
2010-08-23,0.7275130739412059
2010-08-24,0.6668855424560898
2010-08-25,0.6362439818710319
2010-08-26,0.30606406201010733
2010-08-27,0.6884232385382596
2010-08-28,1.3918884204940878
2010-08-29,0.9956064353678382
2010-08-30,1.0285418692430819
2010-08-31,0.6658609310371726
2010-09-01,1.0005679424065732
2010-09-02,0.6375080778278404
2010-09-03,0.23904003344163824
2010-09-04,0.48143941943735125
2010-09-05,0.40960292706255097
2010-09-06,0.6477728467337955
2010-09-07,0.3644387453984201
2010-09-08,0.8676317928340984
2010-09-09,0.6459752944064455
2010-09-10,0.7214541582158985
2010-09-11,0.6668604746121143
2010-09-12,0.421076296779687
2010-09-13,0.8284517909970486
2010-09-14,0.8785078732093268
2010-09-15,0.6161883660322276
2010-09-16,0.9693282861462176
2010-09-17,0.703019061255094
2010-09-18,0.7065857384677428
2010-09-19,0.322721570610664
2010-09-20,0.48619297699790254
2010-09-21,0.6076236596157588
2010-09-22,0.14783504665075858
2010-09-23,0.44074460833722606
2010-09-24,1.254020510231204
2010-09-25,1.0765323445285664
2010-09-26,0.5901671442514647
2010-09-27,0.4003584931982095
2010-09-28,0.7175246648222775
2010-09-29,0.9011047525121182
2010-09-30,0.7755591773866769
2010-10-01,1.3848894453050644
2010-10-02,1.297849443781965
2010-10-03,-0.06671341463782357
2010-10-04,0.4799966659661041
2010-10-05,0.2009052206700552
2010-10-06,0.43292001747242403
2010-10-07,0.42719174190691667
2010-10-08,0.8278685259445272
2010-10-09,1.3004051870528865
2010-10-10,1.2804685298300265
2010-10-11,0.25358799685030675
2010-10-12,0.3271158967922272
2010-10-13,0.4914422005558376
2010-10-14,0.5089610602577794
2010-10-15,0.7321914004881991
2010-10-16,1.236501070946527
2010-10-17,1.2217283351905612
2010-10-18,0.9167712743958483
2010-10-19,0.950138864096817
2010-10-20,0.49454293524431114
2010-10-21,0.5626647965731396
2010-10-22,0.19200382007461625
2010-10-23,0.6492578897013921
2010-10-24,0.7424308360522663
2010-10-25,0.546843597144041
2010-10-26,0.22962707553787182
2010-10-27,0.051020170305161726
2010-10-28,0.3486304988670672
2010-10-29,0.13632652119681304
2010-10-30,0.6136034639576212
2010-10-31,1.4403510067849803
2010-11-01,1.016194274893283
2010-11-02,1.0810935007045446
2010-11-03,1.28428233523185
2010-11-04,1.07809505294141
2010-11-05,0.9109151082689473
2010-11-06,1.2908370226782406
2010-11-07,1.8542189551989772
2010-11-08,0.19138956737951243
2010-11-09,0.027482674122886585
2010-11-10,0.025721035679093767
2010-11-11,-0.12096391081049167
2010-11-12,0.061787504659528585
2010-11-13,0.5598009689793575
2010-11-14,0.6299399510914581
2010-11-15,0.6482415187642026
2010-11-16,-0.0915930859214204
2010-11-17,0.237211696651179
2010-11-18,0.8872936810351102
2010-11-19,0.8541528458414515
2010-11-20,1.3310184836732022
2010-11-21,0.9527086002034053
2010-11-22,0.1789510045053503
2010-11-23,0.030959306294929205
2010-11-24,0.11318817231614225
2010-11-25,0.6956169490527853
2010-11-26,0.5055544711866021
2010-11-27,1.1803666260104406
2010-11-28,0.8619765014523127
2010-11-29,-0.10332556761609502
2010-11-30,0.4922996678894187
2010-12-01,1.0999207634430685
2010-12-02,0.2886173299933495
2010-12-03,1.031621321606023
2010-12-04,0.7724376404515828
2010-12-05,1.0836201358706785
2010-12-06,1.0018418319227471
2010-12-07,1.0369932809559008
2010-12-08,0.8436000635013651
2010-12-09,0.745407397443238
2010-12-10,0.9450052717624174
2010-12-11,0.4075491525715396
2010-12-12,0.5446397626983759
2010-12-13,0.6904159323487101
2010-12-14,0.4602217951655401
2010-12-15,-0.006736023523611131
2010-12-16,-0.47787903452807307
2010-12-17,-0.44083052074007695
2010-12-18,-0.6951855878808066
2010-12-19,0.13713667503391389
2010-12-20,-0.17243497856777965
2010-12-21,0.012487459733788004
2010-12-22,-0.06442708688113928
2010-12-23,-0.24986796241553036
2010-12-24,-1.1341994129759414
2010-12-25,-0.8755853612141357
2010-12-26,1.028693466166142
2010-12-27,1.334237531717403
2010-12-28,0.8931863527965891
2010-12-29,1.041882171109136
2010-12-30,0.9157319563377857
2010-12-31,-0.09134808495765515
2011-01-01,-0.4901186475472872
2011-01-02,0.6221667889938017
2011-01-03,0.09269004130285366
2011-01-04,0.34435632831418
2011-01-05,0.5496183240174488
2011-01-06,0.21190458147923494
2011-01-07,0.24072065447552882
2011-01-08,0.18197277144805005
2011-01-09,0.10369757157010255
2011-01-10,0.11293481867559561
2011-01-11,0.017997534950405607
2011-01-12,0.178318113237627
2011-01-13,0.4626393978676627
2011-01-14,0.6176026078873756
2011-01-15,0.8532363510553483
2011-01-16,0.48258536994353934
2011-01-17,0.727845730397414
2011-01-18,0.6293834897393652
2011-01-19,0.8203821171107344
2011-01-20,0.5718638145280113
2011-01-21,0.677643959262132
2011-01-22,1.3797167270184783
2011-01-23,0.6897672993060686
2011-01-24,0.0852954677098587
2011-01-25,0.261060296507616
2011-01-26,0.7945296758025031
2011-01-27,0.33284119913321397
2011-01-28,0.28161058214275414
2011-01-29,0.1289048184942177
2011-01-30,0.20262819614638394
2011-01-31,-0.1311161264922073
2011-02-01,0.2724365776041112
2011-02-02,0.10905153410381377
2011-02-03,0.22289909737634322
2011-02-04,0.3414624183820573
2011-02-05,0.7938292369397356
2011-02-06,-0.46187187916392125
2011-02-07,0.3819940312756301
2011-02-08,0.09164824484152355
2011-02-09,0.22598910668039474
2011-02-10,-0.0072577210858926775
2011-02-11,0.7807371902694056
2011-02-12,0.847928208361053
2011-02-13,0.6719453979067026
2011-02-14,1.000539668505498
2011-02-15,0.4711204595376827
2011-02-16,0.4997697516686303
2011-02-17,0.533492439849373
2011-02-18,0.7387156956022046
2011-02-19,0.2541633617000523
2011-02-20,0.9813213587055079
2011-02-21,0.45207138458998963
2011-02-22,0.3203409985589309
2011-02-23,0.417357025681228
2011-02-24,0.6543207365574161
2011-02-25,0.9207482583198082
2011-02-26,0.9949571548104179
2011-02-27,1.0988685845682216
2011-02-28,0.38084762164511604
2011-03-01,0.45023848551741885
2011-03-02,0.5647917892406531
2011-03-03,0.17812016389197735
2011-03-04,0.43105527631444784
2011-03-05,0.17249864073385662
2011-03-06,-0.02163311459458536
2011-03-07,0.5631856468104337
2011-03-08,0.27025131703215155
2011-03-09,0.7146629463695539
2011-03-10,0.37377191245495917
2011-03-11,0.3008849398734533
2011-03-12,0.02617384361595014
2011-03-13,0.17555166879447
2011-03-14,-0.18038222847720964
2011-03-15,0.08979725828477052
2011-03-16,-0.04317475789778949
2011-03-17,0.151991835984879
2011-03-18,0.06501018322870865
2011-03-19,0.9977257241034202
2011-03-20,0.10450872036436434
2011-03-21,-0.04804737498734902
2011-03-22,-0.041223792725915864
2011-03-23,0.012762481588534552
2011-03-24,-0.12090334299007827
2011-03-25,0.6939380577496508
2011-03-26,0.020176698247942677
2011-03-27,0.3526829541715374
2011-03-28,0.34552907686738615
2011-03-29,0.4973888391685512
2011-03-30,0.8970968493393681
2011-03-31,0.5500300159452892
2011-04-01,-0.24198056823223824
2011-04-02,-0.8655039986354287
2011-04-03,-0.9847533306576443
2011-04-04,0.3405770559424479
2011-04-05,0.2008523906436344
2011-04-06,-0.04608472630246188
2011-04-07,0.287095763732997
2011-04-08,-0.2652287282383645
2011-04-09,-0.41008532097818234
2011-04-10,0.2651808412282435
2011-04-11,0.3526290710778336
2011-04-12,0.39293479507380175
2011-04-13,0.7913798770543147
2011-04-14,0.6024187956737609
2011-04-15,0.22909460039429572
2011-04-16,-0.11283610075314608
2011-04-17,0.057321015200575386
2011-04-18,-0.07868368265136409
2011-04-19,0.20961492736606221
2011-04-20,0.030518383743193083
2011-04-21,0.08326763847771207
2011-04-22,-0.6979285729036298
2011-04-23,-1.04677472538586
2011-04-24,0.43821279749625236
2011-04-25,-0.15091018565342015
2011-04-26,-0.016358081183094755
2011-04-27,0.7099416506914041
2011-04-28,0.5139261281548281
2011-04-29,0.3505524961996987
2011-04-30,0.3074809982661331
2011-05-01,0.16917376476115678
2011-05-02,0.15667190811854576
2011-05-03,0.7095035826585404
2011-05-04,0.26082498351529404
2011-05-05,0.36546034855838294
2011-05-06,0.5376211365396011
2011-05-07,0.0031713578511091893
2011-05-08,-0.39072144883753623
2011-05-09,0.48561206181619476
2011-05-10,0.6101899499064802
2011-05-11,0.5462939513556498
2011-05-12,0.4209586664237369
2011-05-13,0.5593125249275315
2011-05-14,1.0476864065294866
2011-05-15,0.5481003020203628
2011-05-16,0.6643517973500498
2011-05-17,0.42956166962093
2011-05-18,0.48221934746162437
2011-05-19,0.8858967892049773
2011-05-20,1.27662263736254
2011-05-21,0.1749525015078087
2011-05-22,0.7854295085183605
2011-05-23,0.3010950883662407
2011-05-24,0.5011231895105368
2011-05-25,0.35881303591593333
2011-05-26,0.4714917994938883
2011-05-27,0.7916086450056946
2011-05-28,-0.19824358637731576
2011-05-29,0.27372804212219615
2011-05-30,0.09625003928312302
2011-05-31,0.9313685460808201
2011-06-01,1.6850121349549034
2011-06-02,2.265496723509458
2011-06-03,1.0183457841600847
2011-06-04,0.3683519000788104
2011-06-05,0.12694321247804277
2011-06-06,0.9168897991204507
2011-06-07,0.888984229077969
2011-06-08,1.0417076616956586
2011-06-09,1.2708588814667774
2011-06-10,0.4594244646499401
2011-06-11,1.0485909068961852
2011-06-12,0.2621211624589554
2011-06-13,1.4210577886750932
2011-06-14,0.9220602954649774
2011-06-15,0.8180711326023767
2011-06-16,0.688487618714005
2011-06-17,0.7519314968602597
2011-06-18,1.702161449461927
2011-06-19,1.034069218696769
2011-06-20,1.3286771904772436
2011-06-21,0.8895451090967185
2011-06-22,1.4568857369242074
2011-06-23,2.5146762141270504
2011-06-24,1.580383406543214
2011-06-25,0.006827493246393955
2011-06-26,0.31869113120170467
2011-06-27,0.42971629449464516
2011-06-28,0.5626688262929105
2011-06-29,1.1845238958735906
2011-06-30,1.155584345736354
2011-07-01,0.44540506629487514
2011-07-02,-0.07270058577700743
2011-07-03,0.7918406055396368
2011-07-04,1.5706239988266377
2011-07-05,1.1822975938347358
2011-07-06,1.040361812228825
2011-07-07,0.8731731184980863
2011-07-08,0.8515784010839134
2011-07-09,0.0908686593703419
2011-07-10,1.6822737144825906
2011-07-11,0.43846513032868906
2011-07-12,1.3555950815660933
2011-07-13,1.4683390795865958
2011-07-14,1.5300426187855434
2011-07-15,0.8761733349175508
2011-07-16,0.7257478041196523
2011-07-17,1.6093288876372227
2011-07-18,0.9981519747119495
2011-07-19,1.467982745412938
2011-07-20,0.8386945675439553
2011-07-21,0.8264226813859886
2011-07-22,0.9171396345066589
2011-07-23,0.3718860401501012
2011-07-24,0.8375604100835822
2011-07-25,0.8494460558395781
2011-07-26,0.7577196626269598
2011-07-27,0.6653388240888222
2011-07-28,0.9971397563366443
2011-07-29,0.05677446314512553
2011-07-30,0.00531668106047373
2011-07-31,-0.16172981710072165
2011-08-01,0.1474243958040319
2011-08-02,0.29594122002645806
2011-08-03,0.7581280840097367
2011-08-04,0.7425499546472348
2011-08-05,0.9457281069840123
2011-08-06,0.7468564444367216
2011-08-07,0.5649376374814646
2011-08-08,0.4914681107587831
2011-08-09,0.802435781223639
2011-08-10,-0.05172816358722071
2011-08-11,0.1030005855851239
2011-08-12,-0.07266015864401906
2011-08-13,0.08847396249884262
2011-08-14,0.538761817276492
2011-08-15,1.276038001662035
2011-08-16,0.42967060696409826
2011-08-17,0.3995498037905248
2011-08-18,0.20015307218899875
2011-08-19,0.08980620488306666
2011-08-20,-0.492501022392517
2011-08-21,-0.19632100125740123
2011-08-22,-0.028933740253384684
2011-08-23,0.08607517419076721
2011-08-24,-0.08869193581985232
2011-08-25,0.27535857539374536
2011-08-26,0.1166441798202597
2011-08-27,0.5030992404794622
2011-08-28,-0.4101718873400557
2011-08-29,0.3000996918300134
2011-08-30,0.21573680097101322
2011-08-31,0.459059128692943
2011-09-01,0.680031613654484
2011-09-02,-0.14427277546943967
2011-09-03,0.36517019412455815
2011-09-04,1.2058193385998315
2011-09-05,0.7083159269092842
2011-09-06,0.6925128540819955
2011-09-07,0.5917814999847214
2011-09-08,0.32765791135477956
2011-09-09,0.6354121503289417
2011-09-10,-0.545930138585015
2011-09-11,-0.12030206481805276
2011-09-12,0.2694536384720987
2011-09-13,0.1345801548379929
2011-09-14,0.5798596474787512
2011-09-15,0.7951466565551609
2011-09-16,0.6083914086519451
2011-09-17,0.7216434504296537
2011-09-18,1.7726342081088737
2011-09-19,1.0805448247470637
2011-09-20,0.8530050323226891
2011-09-21,0.8089156095916274
2011-09-22,1.4839911274039672
2011-09-23,0.6237396628255322
2011-09-24,0.4858135224832616
2011-09-25,0.22176855406334556
2011-09-26,0.29797847101640607
2011-09-27,0.055623010477781176
2011-09-28,0.03285853357624022
2011-09-29,0.1299747394352566
2011-09-30,-0.0169800918206063
2011-10-01,0.05751229951410742
2011-10-02,-0.45911368150603243
2011-10-03,0.566108250739425
2011-10-04,0.4782298295013525
2011-10-05,0.5542640795516682
2011-10-06,0.30335767393598184
2011-10-07,0.3486243332008869
2011-10-08,0.8800446618683148
2011-10-09,0.8620722172320577
2011-10-10,0.3851003740625686
2011-10-11,-0.05493923417358439
2011-10-12,-0.15833568357536743
2011-10-13,0.14753384316604384
2011-10-14,-0.1694583357406322
2011-10-15,0.18065850392592647
2011-10-16,0.6050182756903272
2011-10-17,0.6282548120512956
2011-10-18,0.7693535954986449
2011-10-19,1.521734720718206
2011-10-20,0.6022073987040502
2011-10-21,0.5379060748371375
2011-10-22,0.839333196675294
2011-10-23,0.2656258588872162
2011-10-24,0.7495352707105362
2011-10-25,0.6503849009794943
2011-10-26,0.21284746267222787
2011-10-27,0.04186101943360683
2011-10-28,0.8407861527688348
2011-10-29,0.29064892752596766
2011-10-30,-0.011074541765146995
2011-10-31,0.5231099428043311
2011-11-01,0.42589625730495556
2011-11-02,0.49301565949254955
2011-11-03,0.11611543327915738
2011-11-04,0.6801039566828191
2011-11-05,1.0509559905168666
2011-11-06,0.6821528707380862
2011-11-07,0.6112426251594159
2011-11-08,0.447114260513354
2011-11-09,-0.09638230423574397
2011-11-10,0.11827199268072108
2011-11-11,0.13657264514878095
2011-11-12,0.8725009115215193
2011-11-13,0.7425663776592152
2011-11-14,0.5737114319422919
2011-11-15,0.93014578111550394
2011-11-16,0.5089291025236441
2011-11-17,0.41497381736045735
2011-11-18,0.8974627016497584
2011-11-19,1.038950127658038
2011-11-20,1.242072614578299
2011-11-21,0.5536931147378931
2011-11-22,0.6548705766162736
2011-11-23,0.8632519483209176
2011-11-24,0.6372654467751716
2011-11-25,1.1619053681927072
2011-11-26,1.6452277128872195
2011-11-27,1.167242478593313
2011-11-28,1.179041573553003
2011-11-29,1.0530164724191358
2011-11-30,1.1964771834316719
2011-12-01,1.7988872849450912
2011-12-02,1.7427014564933816
2011-12-03,1.5142907337467502
2011-12-04,1.62374125446033
2011-12-05,1.0119954089583745
2011-12-06,0.42390602609631983
2011-12-07,1.0592674313898032
2011-12-08,0.7367600550534122
2011-12-09,1.138098571052354
2011-12-10,1.7648106007604318
2011-12-11,1.6213265862454527
2011-12-12,1.027932626650784
2011-12-13,1.7520942588345052
2011-12-14,0.5255231585933072
2011-12-15,0.66715839526148
2011-12-16,0.8962001920847384
2011-12-17,1.1505160369370675
2011-12-18,1.0328128278370516
2011-12-19,0.8417081249643811
2011-12-20,0.15141742418155807
2011-12-21,0.3926851152023243
2011-12-22,0.6686724847362001
2011-12-23,-0.05907960185910365
2011-12-24,-1.0052659436101816
2011-12-25,-0.5124255580650886
2011-12-26,2.744829498987192
2011-12-27,2.1197889509038803
2011-12-28,1.9067795917580481
2011-12-29,1.6963333214976892
2011-12-30,1.051161498412268
2011-12-31,-0.44076210151484524
2012-01-01,0.5994290364565006
2012-01-02,1.9759101284220302
2012-01-03,0.7204164405171675
2012-01-04,0.4915176057798907
2012-01-05,0.7835102293875237
2012-01-06,0.5241706364716584
2012-01-07,0.9578595767604509
2012-01-08,0.7010348647728623
2012-01-09,0.12207685603223004
2012-01-10,0.1750419916765811
2012-01-11,0.36048419359647016
2012-01-12,0.5105449683649206
2012-01-13,0.5257744997663575
2012-01-14,1.4319896824475542
2012-01-15,0.20166597066064224
2012-01-16,0.4253096786958032
2012-01-17,0.734449028677728
2012-01-18,0.7809120116763519
2012-01-19,0.5054671553598609
2012-01-20,1.6036301188946926
2012-01-21,1.9443381362847862
2012-01-22,1.3262206496477658
2012-01-23,0.38949658956947186
2012-01-24,0.7188864057277067
2012-01-25,0.7848756482378171
2012-01-26,0.8786083203216235
2012-01-27,1.0639363354822664
2012-01-28,2.0390840757617434
2012-01-29,2.0556512565919465
2012-01-30,1.137485909312197
2012-01-31,1.8266619666517134
2012-02-01,0.8807709617721704
2012-02-02,1.0628782380614084
2012-02-03,1.2238004485980567
2012-02-04,1.0646731280175967
2012-02-05,1.1064720950471532
2012-02-06,0.11213012989918329
2012-02-07,0.3844550423608298
2012-02-08,0.008784740724115277
2012-02-09,0.43697296816708786
2012-02-10,0.29254279678892425
2012-02-11,1.1140774211048041
2012-02-12,0.27522134344379007
2012-02-13,0.7982649533307731
2012-02-14,0.7855726044433328
2012-02-15,0.45805296982467936
2012-02-16,0.7089701951656888
2012-02-17,1.4760852808318086
2012-02-18,1.1188251913965992
2012-02-19,0.9534013003034993
2012-02-20,0.8167375721448487
2012-02-21,0.7458341538189756
2012-02-22,0.5224875005880848
2012-02-23,1.1821437507907497
2012-02-24,1.6041030351194059
2012-02-25,0.9150817971856096
2012-02-26,1.306800197744915
2012-02-27,1.098124803326154
2012-02-28,0.6801914104977468
2012-02-29,0.2884761271830007
2012-03-01,0.09380083159194613
2012-03-02,0.8163654492403407
2012-03-03,0.9472203240435605
2012-03-04,0.7195669898988147
2012-03-05,0.6010431472930288
2012-03-06,0.5921369407413906
2012-03-07,0.6024806786481253
2012-03-08,0.7848911581738319
2012-03-09,0.5209539094070866
2012-03-10,0.6901179433819422
2012-03-11,0.7507313282214934
2012-03-12,0.45577860407529774
2012-03-13,0.3052544578907973
2012-03-14,0.16239800772698657
2012-03-15,-0.06259729675490495
2012-03-16,0.20250560268655768
2012-03-17,0.5018738187442391
2012-03-18,1.005260252743793
2012-03-19,0.7715618234690784
2012-03-20,0.38100086275904305
2012-03-21,0.47815466760707853
2012-03-22,0.5578108003650256
2012-03-23,-0.008067960782310249
2012-03-24,0.30366586118810623
2012-03-25,-0.3497216615375975
2012-03-26,0.05320372087222041
2012-03-27,0.5530412439385102
2012-03-28,0.5103232178931943
2012-03-29,0.4128995942140761
2012-03-30,0.5950629148868709
2012-03-31,0.4829427413415499
2012-04-01,0.3843975978314904
2012-04-02,0.19375445341554945
2012-04-03,0.6334397015255387
2012-04-04,0.29739202652340385
2012-04-05,1.044890654288681
2012-04-06,0.7768319576264565
2012-04-07,1.2284014555341878
2012-04-08,1.209395536036557
2012-04-09,1.0919332365568915
2012-04-10,0.9768079943436422
2012-04-11,1.2343315753570145
2012-04-12,1.4849598501767787
2012-04-13,1.312439757138871
2012-04-14,1.683221861003598
2012-04-15,1.3651714417872167
2012-04-16,1.5103012030508318
2012-04-17,1.2579539690067012
2012-04-18,0.8250850164981969
2012-04-19,1.0446631899005527
2012-04-20,1.2498637865377407
2012-04-21,1.5348434404339113
2012-04-22,1.4549182462549632
2012-04-23,0.9383258276045515
2012-04-24,0.47381520998052234
2012-04-25,1.1987398570419077
2012-04-26,0.8260358510359701
2012-04-27,0.4408635644542571
2012-04-28,0.10338635457247404
2012-04-29,1.0744584539106714
2012-04-30,1.022245663562312
2012-05-01,1.5855875466629994
2012-05-02,0.35430837469990406
2012-05-03,0.9537002840111509
2012-05-04,0.22483230500059567
2012-05-05,1.5737324294118171
2012-05-06,1.171204759040115
2012-05-07,0.6455687009531438
2012-05-08,0.6619889728906238
2012-05-09,0.6307273501742193
2012-05-10,0.35603336817497655
2012-05-11,-0.21256457366459522
2012-05-12,1.2502720804417156
2012-05-13,0.44330892869744276
2012-05-14,0.2602128234003709
2012-05-15,0.8730789726189406
2012-05-16,1.316077204656086
2012-05-17,0.32397902141189433
2012-05-18,1.3760807417028387
2012-05-19,0.6523519875729525
2012-05-20,0.13557493306969978
2012-05-21,0.48887330086522085
2012-05-22,0.5683269174245962
2012-05-23,0.5840107679665806
2012-05-24,0.6132237179575363
2012-05-25,0.5623163536670691
2012-05-26,0.10085365910606739
2012-05-27,0.8314548284345067
2012-05-28,0.35623312120837747
2012-05-29,0.5538281662959273
2012-05-30,0.4107750916845739
2012-05-31,0.6050509631853632
2012-06-01,0.4839909111901736
2012-06-02,0.013372369848004927
2012-06-03,1.2128522552623973
2012-06-04,0.6854010215217634
2012-06-05,0.3792819817446171
2012-06-06,0.8086653487236733
2012-06-07,0.852097540842168
2012-06-08,0.6858829860952069
2012-06-09,0.04182105688914814
2012-06-10,0.5223527227599577
2012-06-11,1.0525731813554948
2012-06-12,0.7467911508460917
2012-06-13,0.4144618339803629
2012-06-14,1.4756087568047038
2012-06-15,0.5930479453924653
2012-06-16,-0.581588798358544
2012-06-17,-0.267770546754815
2012-06-18,0.29385723115429185
2012-06-19,0.10690098740520472
2012-06-20,0.8005714404765543
2012-06-21,0.39153099825919446
2012-06-22,-0.023630426810495896
2012-06-23,-0.720292972866442
2012-06-24,0.44462166013809706
2012-06-25,0.6434914859024693
2012-06-26,0.5992795834144141
2012-06-27,0.3257635362798218
2012-06-28,0.09648307841090605
2012-06-29,0.29012143768327675
2012-06-30,0.05718176670940016
2012-07-01,1.7008463560756333
2012-07-02,1.2069189875937258
2012-07-03,1.3845192530788641
2012-07-04,1.0000465322657413
2012-07-05,0.7033273616711105
2012-07-06,0.6845955301652988
2012-07-07,0.24550151065993928
2012-07-08,1.2200452197364053
2012-07-09,1.0904898267168857
2012-07-10,1.1340250356373196
2012-07-11,0.9022796113801348
2012-07-12,0.26906451851915053
2012-07-13,0.8253495614346449
2012-07-14,0.5243981227821505
2012-07-15,1.359580702885275
2012-07-16,0.5007735013584087
2012-07-17,0.22266133564970783
2012-07-18,0.25905570767446107
2012-07-19,0.6706185179534914
2012-07-20,0.7290678433982023
2012-07-21,0.8439948091544208
2012-07-22,0.14288471033860892
2012-07-23,0.1738980529793831
2012-07-24,0.43558606151644735
2012-07-25,0.4116105537107148
2012-07-26,-0.029111662816838163
2012-07-27,-0.08209268998609988
2012-07-28,1.104610429173504
2012-07-29,1.50112747600919
2012-07-30,0.7291676830445034
2012-07-31,0.22015023365408637
2012-08-01,-0.08070927711760448
2012-08-02,0.5937795403933807
2012-08-03,0.48500394303766803
2012-08-04,0.05509050272664487
2012-08-05,1.435052150390841
2012-08-06,1.007371666841951
2012-08-07,0.3043324728860875
2012-08-08,0.7081219485065849
2012-08-09,0.22069636938602674
2012-08-10,0.1905646646501401
2012-08-11,-0.6964154726064666
2012-08-12,0.10932085456427604
2012-08-13,0.4932072305449065
2012-08-14,0.35140110383842327
2012-08-15,0.6884585978001995
2012-08-16,0.5096586294724913
2012-08-17,0.2890047283268772
2012-08-18,-0.20211256804403097
2012-08-19,-0.4921744363745221
2012-08-20,0.4107849722115366
2012-08-21,0.14650633201658614
2012-08-22,0.5784941284666214
2012-08-23,0.4462789570364703
2012-08-24,0.7988490514037341
2012-08-25,0.8107296601309478
2012-08-26,0.4895411732372737
2012-08-27,0.0679409017316892
2012-08-28,0.2893634125870586
2012-08-29,-0.06142629590398006
2012-08-30,0.41409617669572746
2012-08-31,0.44110262541256684
2012-09-01,1.4615623165114737
2012-09-02,0.9199013949210071
2012-09-03,0.5114095342189845
2012-09-04,0.1862751986440427
2012-09-05,0.3988955198626083
2012-09-06,0.6258320935903523
2012-09-07,-0.016213158353472066
2012-09-08,-0.5730471523811342
2012-09-09,-0.22098689230826699
2012-09-10,0.4341737299059456
2012-09-11,0.007223337372740526
2012-09-12,0.37794320987390406
2012-09-13,0.3336085319987141
2012-09-14,0.3870549576439345
2012-09-15,0.5874428364759111
2012-09-16,0.0845619006486345
2012-09-17,0.645068902933508
2012-09-18,0.7516773135664008
2012-09-19,0.7407631632880823
2012-09-20,0.37232343406462026
2012-09-21,1.3067294931276792
2012-09-22,1.5375768800042016
2012-09-23,0.2198735951292769
2012-09-24,0.5450479411365469
2012-09-25,0.5174495527356363
2012-09-26,0.5940280568284025
2012-09-27,0.7544386337685305
2012-09-28,0.32033424292006735
2012-09-29,1.3664384637852887
2012-09-30,1.2397949080404393
2012-10-01,0.903076714539135
2012-10-02,0.09469937346775034
2012-10-03,0.4123368703542021
2012-10-04,0.41344775951059737
2012-10-05,0.06949893741192725
2012-10-06,0.6582723920924052
2012-10-07,1.0720384121085424
2012-10-08,0.4542715721826073
2012-10-09,0.09251420670616509
2012-10-10,0.0897245470167558
2012-10-11,0.47531169723293043
2012-10-12,-0.00960199957767501
2012-10-13,0.5423572381456881
2012-10-14,0.334837276625803
2012-10-15,0.40993723602799476
2012-10-16,0.33753985833882927
2012-10-17,0.058885600534358054
2012-10-18,0.09377907415151394
2012-10-19,0.4945208260657937
2012-10-20,-0.05517719344625611
2012-10-21,-0.15713669380310155
2012-10-22,0.44422093831983034
2012-10-23,0.4606299397753824
2012-10-24,0.6243548512059905
2012-10-25,0.34536141423456973
2012-10-26,1.1639342151437095
2012-10-27,1.2055331006504784
2012-10-28,0.8246607626103294
2012-10-29,0.3567055599376249
2012-10-30,0.6597887209899109
2012-10-31,0.8872202177901609
2012-11-01,1.5110082857851475
2012-11-02,1.7116466903903562
2012-11-03,2.6323381043475624
2012-11-04,1.9402564372642226
2012-11-05,0.9978414396765433
2012-11-06,0.9066389705361986
2012-11-07,0.7870611702179936
2012-11-08,0.8275915351682543
2012-11-09,1.258740719172061
2012-11-10,2.262813639070949
2012-11-11,1.9487450278121423
2012-11-12,0.8050041241406621
2012-11-13,0.8413818779215971
2012-11-14,0.9960838499515041
2012-11-15,0.8631793518046147
2012-11-16,0.6466524278768973
2012-11-17,1.6014106916598423
2012-11-18,1.4218032420482911
2012-11-19,1.1186843990229016
2012-11-20,0.745424728927161
2012-11-21,1.2422793869848405
2012-11-22,1.3972184978763096
2012-11-23,2.1173779904519834
2012-11-24,1.7692333997835483
2012-11-25,1.9110078333745621
2012-11-26,1.4086398604371178
2012-11-27,1.7964649309517307
2012-11-28,1.4153141543458654
2012-11-29,1.4613826168173425
2012-11-30,2.2732526534827677
2012-12-01,1.8855557630871862
2012-12-02,1.3082699554120254
2012-12-03,1.1543866003471328
2012-12-04,0.5530702042742444
2012-12-05,0.8870886481087533
2012-12-06,0.801060937557437
2012-12-07,0.7394421623665774
2012-12-08,0.5280985652746648
2012-12-09,0.6335057372568123
2012-12-10,0.35225817017759603
2012-12-11,0.4930369316595337
2012-12-12,0.4279644991412736
2012-12-13,0.6507173898218077
2012-12-14,0.3639491560729818
2012-12-15,1.0017339995499772
2012-12-16,0.7845721482257489
2012-12-17,0.16437648448004752
2012-12-18,0.25567826645537056
2012-12-19,0.1989952270081233
2012-12-20,-0.08833497988322436
2012-12-21,-0.08978577027908104
2012-12-22,0.13219232523707408
2012-12-23,0.7072177511928902
2012-12-24,0.09217296690464581
2012-12-25,1.2196604933479176
2012-12-26,2.28616086821122
2012-12-27,1.7944775715320194
2012-12-28,1.269123572411138
2012-12-29,0.5217505459580081
2012-12-30,1.4571058175468456
2012-12-31,0.466929411228328
2013-01-01,1.1304588342147355
2013-01-02,1.4180769917631924
2013-01-03,0.8924819925007362
2013-01-04,0.6143945155962289
2013-01-05,0.5507614861804409
2013-01-06,0.17189313849261223
2013-01-07,-0.306485553979906
2013-01-08,-0.008676375207266256
2013-01-09,0.2512265749496224
2013-01-10,-0.1483371515731415
2013-01-11,0.2150942050840769
2013-01-12,0.7015121526112531
2013-01-13,0.39677255563133923
2013-01-14,0.031914979750209294
2013-01-15,0.3894074471099288
2013-01-16,0.4272683757201023
2013-01-17,0.2862438089568596
2013-01-18,0.42308343733579873
2013-01-19,0.98100332205716545
2013-01-20,0.4924276146276494
2013-01-21,0.2770181226590488
2013-01-22,0.24506403166885918
2013-01-23,0.22721747448304716
2013-01-24,0.2693190962436721
2013-01-25,0.3326530701769792
2013-01-26,0.7165835816623043
2013-01-27,0.5863071595880677
2013-01-28,0.03638859331529278
2013-01-29,0.06535701967102615
2013-01-30,-0.021345747225720392
2013-01-31,0.20576241418407268
2013-02-01,0.4485725268051457
2013-02-02,0.7054081670308486
2013-02-03,0.10620535858275576
2013-02-04,0.022265865665041806
2013-02-05,0.15168023512690804
2013-02-06,-0.11011661917701436
2013-02-07,0.14001051816837692
2013-02-08,0.29121175418829726
2013-02-09,0.20191515861654125
2013-02-10,-0.12488646752199677
2013-02-11,0.39718170643154993
2013-02-12,0.4596346819815201
2013-02-13,0.5933065106938402
2013-02-14,0.31918720226989844
2013-02-15,0.9173103205915667
2013-02-16,0.6423419162663461
2013-02-17,0.28804722236369834
2013-02-18,0.17202503613824763
2013-02-19,0.20579222260958502
2013-02-20,0.03074321629539549
2013-02-21,0.18377680641769112
2013-02-22,0.4475331985885923
2013-02-23,0.8729091540471398
2013-02-24,0.7484247280284175
2013-02-25,0.5212872840475953
2013-02-26,0.6656767589107503
2013-02-27,0.5824042144046133
2013-02-28,0.8861934150531219
2013-03-01,0.6932223175693478
2013-03-02,1.0625472603973887
2013-03-03,0.39659903155276927
2013-03-04,0.13448470044241906
2013-03-05,0.1275195031930827
2013-03-06,0.2711718150628287
2013-03-07,-0.03223710127621542
2013-03-08,0.44976464085652973
2013-03-09,0.7757053180239569
2013-03-10,0.3920713658091356
2013-03-11,0.3707903017965691
2013-03-12,0.2361454540375456
2013-03-13,0.37389904896945714
2013-03-14,0.2581286092841549
2013-03-15,0.9078089739084271
2013-03-16,0.7568075927366907
2013-03-17,0.981267830663371
2013-03-18,0.7236984024370726
2013-03-19,0.7986367243445084
2013-03-20,0.47788060650462194
2013-03-21,0.8548654215949143
2013-03-22,0.6233250444356361
2013-03-23,0.8880952889931223
2013-03-24,1.0630103514455942
2013-03-25,0.1615555122226761
2013-03-26,0.23242507353784947
2013-03-27,0.14008492555986654
2013-03-28,0.7446534493730931
2013-03-29,0.9308164535959265
2013-03-30,0.6894396801349206
2013-03-31,1.0596618328033134
2013-04-01,0.9406395615494019
2013-04-02,0.9798875221429401
2013-04-03,0.8597629051616491
2013-04-04,0.87556756946104
2013-04-05,0.9023140326712635
2013-04-06,0.7034214155605728
2013-04-07,0.7012120943347625
2013-04-08,0.33438844174883775
2013-04-09,0.4622026020696185
2013-04-10,0.42231745936676524
2013-04-11,0.18064812215637696
2013-04-12,1.0330126624203146
2013-04-13,0.7534637570962677
2013-04-14,-0.3935443050337382
2013-04-15,-9.823932243346043e-4
2013-04-16,0.24224410405641947
2013-04-17,0.004943244114398019
2013-04-18,0.24464079553895704
2013-04-19,0.5398553563161956
2013-04-20,0.8971503795528616
2013-04-21,0.28548520715310033
2013-04-22,0.5839612357485996
2013-04-23,0.3810093079355575
2013-04-24,0.2590750422641061
2013-04-25,0.06697582039780503
2013-04-26,0.6851225114807633
2013-04-27,1.114784087350838
2013-04-28,0.5973663234659031
2013-04-29,0.6308756481494225
2013-04-30,0.4524635122275334
2013-05-01,0.5313194050379663
2013-05-02,0.41800942451296186
2013-05-03,1.272611072391246
2013-05-04,1.2072765394335445
2013-05-05,-0.10527535761488707
2013-05-06,0.8676703842001772
2013-05-07,0.5236975521246086
2013-05-08,0.5120624415740619
2013-05-09,0.5593525642320711
2013-05-10,1.2546826450083362
2013-05-11,0.9319724367347899
2013-05-12,0.5536224927162343
2013-05-13,0.20663321151177458
2013-05-14,0.34582769178549544
2013-05-15,0.38736736560615165
2013-05-16,0.9835444382919547
2013-05-17,0.9788924545447563
2013-05-18,0.3691750957009468
2013-05-19,1.2014250403695101
2013-05-20,1.3387982729007515
2013-05-21,0.9455966596012813
2013-05-22,0.9274060790430269
2013-05-23,0.5383571096300108
2013-05-24,1.157894180338393
2013-05-25,1.221370266982976
2013-05-26,1.3895092360812056
2013-05-27,0.6847047223070586
2013-05-28,0.6159712710190451
2013-05-29,0.8478971679241007
2013-05-30,1.1611905169119978
2013-05-31,0.8770086145765631
2013-06-01,1.8160795191684336
2013-06-02,1.018963219924758
2013-06-03,0.14538817995476622
2013-06-04,0.4012680977467259
2013-06-05,0.18155209922855933
2013-06-06,-0.13428584629234996
2013-06-07,-0.02288257808426195
2013-06-08,-0.07835126893394548
2013-06-09,0.6896359397941195
2013-06-10,0.45741115297486445
2013-06-11,0.5481402559617917
2013-06-12,0.2865553200901055
2013-06-13,0.08933677222539571
2013-06-14,0.18796393907039224
2013-06-15,0.41158972634538565
2013-06-16,-0.1810482665490798
2013-06-17,-0.04061464760418077
2013-06-18,0.35236774876011695
2013-06-19,0.19536633068643905
2013-06-20,0.3671402844013197
2013-06-21,0.6256691620901657
2013-06-22,9.904356722265715e-4
2013-06-23,1.153331056269272
2013-06-24,0.46105070620243654
2013-06-25,-0.012715363453895664
2013-06-26,0.14842637448082027
2013-06-27,0.2944548350507424
2013-06-28,0.3914984459835531
2013-06-29,1.4275364268885038
2013-06-30,0.22715849434550875
2013-07-01,0.5528707284701015
2013-07-02,0.31210979092660196
2013-07-03,0.6172632358683422
2013-07-04,0.23918401015614668
2013-07-05,0.02957507646190507
2013-07-06,-0.48780255771408165
2013-07-07,0.138849356794748
2013-07-08,-0.09882768964291083
2013-07-09,0.3540358995523377
2013-07-10,0.1762666919795797
2013-07-11,-0.03912960889325872
2013-07-12,-0.671240819054906
2013-07-13,-0.3381641414610738
2013-07-14,-0.41352353649879886
2013-07-15,0.02477950652984913
2013-07-16,0.08571266685023068
2013-07-17,-0.0684817226443086
2013-07-18,0.41892436724070303
2013-07-19,-0.4261064966171409
2013-07-20,-0.312159240204945
2013-07-21,-0.24961300506683456
2013-07-22,0.23163038313283493
2013-07-23,0.20415795193936598
2013-07-24,0.12631289915775076
2013-07-25,0.1530279795186712
2013-07-26,-0.2619361172327021
2013-07-27,-1.0394884393449413
2013-07-28,-0.20255457495191928
2013-07-29,0.5771213631619451
2013-07-30,-0.029794808470106078
2013-07-31,-0.3616658685492039
2013-08-01,0.18836050060720666
2013-08-02,0.11897559616410301
2013-08-03,-0.6518975125590334
2013-08-04,-0.06225965972610502
2013-08-05,0.17769432027286655
2013-08-06,0.2567710711416514
2013-08-07,0.7272651759001226
2013-08-08,1.119706306404421
2013-08-09,0.5817512553099307
2013-08-10,0.1592630664478599
2013-08-11,0.18416341553422913
2013-08-12,0.46255141317099796
2013-08-13,1.0099610876274698
2013-08-14,0.8383406124569857
2013-08-15,0.7632861299222998
2013-08-16,0.7588455792943217
2013-08-17,0.6390110612080481
2013-08-18,0.2588976802408105
2013-08-19,0.3656140430612081
2013-08-20,0.5044340601803389
2013-08-21,0.1760698738374254
2013-08-22,0.08076466189833136
2013-08-23,0.0769102856303128
2013-08-24,1.3841065411337794
2013-08-25,0.6969674328272112
2013-08-26,0.4539180666681635
2013-08-27,0.2665570709706319
2013-08-28,0.3970916611058131
2013-08-29,0.030380055242943137
2013-08-30,0.18521288914790504
2013-08-31,-0.06059948232938042
2013-09-01,0.0811611266769308
2013-09-02,0.20716581378198584
2013-09-03,0.24407065986288431
2013-09-04,-0.03731205201016509
2013-09-05,-0.047787940008590664
2013-09-06,-0.474923318959872
2013-09-07,-0.38594935444707484
2013-09-08,0.6274205464854092
2013-09-09,0.05890981217936918
2013-09-10,0.24213537908598834
2013-09-11,0.44049544979712785
2013-09-12,0.29875163074090044
2013-09-13,-0.13015466533684014
2013-09-14,0.6055177856652968
2013-09-15,1.0474067305459636
2013-09-16,0.7342698670721985
2013-09-17,0.24524749134438534
2013-09-18,0.4582751702393489
2013-09-19,0.45446416825509
2013-09-20,0.12409626683287554
2013-09-21,-0.36775515306725676
2013-09-22,-0.8672673414442447
2013-09-23,-0.04500627748518742
2013-09-24,0.04953992747728268
2013-09-25,-0.16821821853142768
2013-09-26,0.1667719104454205
2013-09-27,0.22977442988056238
2013-09-28,0.1494006007161564
2013-09-29,0.138685341086573
2013-09-30,0.3251301650230635
2013-10-01,0.29131825972569614
2013-10-02,0.32652045614662345
2013-10-03,0.26506097417103236
2013-10-04,0.35093045953165614
2013-10-05,0.886220708293581
2013-10-06,0.9984957657649822
2013-10-07,0.523030740185037
2013-10-08,0.5979600184088962
2013-10-09,0.11369689998219978
2013-10-10,0.30733393011608706
2013-10-11,0.08267077582617235
2013-10-12,0.5468838598052194
2013-10-13,0.5229545228397153
2013-10-14,0.3739240272378286
2013-10-15,0.37093674090122275
2013-10-16,0.2405506278744656
2013-10-17,0.2445488169298997
2013-10-18,0.5902573797198234
2013-10-19,-0.22938177393253303
2013-10-20,1.3192997362766221
2013-10-21,0.4643710277609585
2013-10-22,0.26868328450068085
2013-10-23,0.40401869154350445
2013-10-24,0.543974186974687
2013-10-25,0.01767246010260932
2013-10-26,0.21451905710116487
2013-10-27,0.28044133965543994
2013-10-28,0.024106260845021637
2013-10-29,-0.14052243810674556
2013-10-30,0.21054125974336788
2013-10-31,0.26537782363159085
2013-11-01,1.0613329385463595
2013-11-02,0.570850429732494
2013-11-03,1.1297859630734077
2013-11-04,1.1486639235800986
2013-11-05,0.021696216818036757
2013-11-06,0.04267002744576324
2013-11-07,0.06871438015329003
2013-11-08,0.1681353459334341
2013-11-09,0.8791504360278801
2013-11-10,1.0208420832650098
2013-11-11,0.03740676577910675
2013-11-12,0.13609438312841685
2013-11-13,0.15007632422333783
2013-11-14,-0.022125086000363878
2013-11-15,0.17147222673645593
2013-11-16,0.6086281241773811
2013-11-17,0.57352069736292
2013-11-18,-0.03211183811410328
2013-11-19,0.10722074850981639
2013-11-20,-0.0345661313993984
2013-11-21,0.2020782961382874
2013-11-22,-0.11013713999251691
2013-11-23,0.7080323356859324
2013-11-24,0.7558171026164586
2013-11-25,0.16419430545685207
2013-11-26,0.06017740684506781
2013-11-27,0.14441910908748207
2013-11-28,0.34654987760402
2013-11-29,0.24615777747045914
2013-11-30,1.6050923519864848
2013-12-01,0.7809390022891031
2013-12-02,0.7505823218165583
2013-12-03,0.5770997851065058
2013-12-04,0.633221181017177
2013-12-05,0.32352156275081234
2013-12-06,1.223440618068818
2013-12-07,0.7824435470686906
2013-12-08,0.8878466063001408
2013-12-09,0.7549975110309523
2013-12-10,0.314368255598171
2013-12-11,0.24966544326338888
2013-12-12,0.5530923224357962
2013-12-13,0.5058749687472974
2013-12-14,1.7964528447174049
2013-12-15,0.9139428086899449
2013-12-16,0.47989973351522625
2013-12-17,0.4909118620179432
2013-12-18,0.2800754465232582
2013-12-19,0.4287253202212032
2013-12-20,0.8553280146339509
2013-12-21,1.1884842969737024
2013-12-22,0.9634902448640882
2013-12-23,0.7914209553675232
2013-12-24,-0.10030004310359412
2013-12-25,0.8265731413902841
2013-12-26,2.1484138706745113
2013-12-27,0.6873280840374448
2013-12-28,0.907816489714787
2013-12-29,0.9744615328510047
2013-12-30,0.51719649060003825
2013-12-31,0.3172335860263104
2014-01-01,0.3513924552585333
2014-01-02,2.1771195973485358
2014-01-03,0.4238182503898272
2014-01-04,0.8824912068988836
2014-01-05,0.21761672066557816
2014-01-06,-0.23436209376462147
2014-01-07,-0.12668851722799335
2014-01-08,-0.1751251315261221
2014-01-09,-0.35567140469594305
2014-01-10,0.15248806603421763
2014-01-11,0.4810684479943805
2014-01-12,0.2863773080237821
2014-01-13,-0.13670628825944892
2014-01-14,-0.021743158003261296
2014-01-15,-0.06580916915424967
2014-01-16,0.1887929060856864
2014-01-17,0.22240189884194875
2014-01-18,0.9464981097715317
2014-01-19,0.503741468533069
2014-01-20,-0.06568186292887174
2014-01-21,-0.013395079366470738
2014-01-22,0.019276123146745323
2014-01-23,0.12199856156336282
2014-01-24,0.3307810176693168
2014-01-25,0.895778976408677
2014-01-26,0.5514516391948041
2014-01-27,0.08070909281559883
2014-01-28,0.07086641266608541
2014-01-29,0.12433689726792761
2014-01-30,4.8054804292601206e-5
2014-01-31,0.25370385285090463
2014-02-01,0.8291386773674433
2014-02-02,0.6835097681493612
2014-02-03,-0.26351492212687166
2014-02-04,-0.5715956113220618
2014-02-05,-0.33261053474028934
2014-02-06,-0.5031178912900369
2014-02-07,0.12291666872670721
2014-02-08,0.6845559398527994
2014-02-09,-0.05809882762651162
2014-02-10,-0.15280713924460446
2014-02-11,-0.21059666979037547
2014-02-12,-0.38899785086759886
2014-02-13,0.0628486972347447
2014-02-14,0.12097515529579024
2014-02-15,0.02230354985625339
2014-02-16,0.5675721955367063
2014-02-17,0.10863533882493757
2014-02-18,-0.18677703356963007
2014-02-19,-0.375946346147154
2014-02-20,-0.26516598898715116
2014-02-21,0.1899686391998363
2014-02-22,0.7395336811029173
2014-02-23,0.17499128940473488
2014-02-24,-0.31879086002322954
2014-02-25,0.1482170220445504
2014-02-26,0.24984329796989022
2014-02-27,0.038459893477629355
2014-02-28,0.1880121068114469
2014-03-01,0.6420406651102328
2014-03-02,0.22879089782379144
2014-03-03,0.2447577205744102
2014-03-04,0.2608501188211286
2014-03-05,0.09423219032346021
2014-03-06,0.3096491739373213
2014-03-07,0.15909646385408951
2014-03-08,-0.3815197352751527
2014-03-09,-0.6075741727470426
2014-03-10,-0.1561443034749525
2014-03-11,0.28732568448968404
2014-03-12,-0.2413872245997894
2014-03-13,0.22836031666763182
2014-03-14,-0.35647578667875485
2014-03-15,0.4812335883774834
2014-03-16,-0.29529812241769554
2014-03-17,0.009899588100153161
2014-03-18,-0.20816268000321803
2014-03-19,0.013876700358816533
2014-03-20,0.09186158360092274
2014-03-21,0.1430387057820167
2014-03-22,1.4651252648412492
2014-03-23,0.4993275415320365
2014-03-24,0.8790727067165276
2014-03-25,0.7510246623442669
2014-03-26,1.0897752455226748
2014-03-27,0.3098301215406478
2014-03-28,0.05464573682898856
2014-03-29,0.2390015711133859
2014-03-30,-0.024820945092778456
2014-03-31,0.255912239999113
2014-04-01,-0.16188874788936083
2014-04-02,0.07118453525953307
2014-04-03,0.38471548280099926
2014-04-04,0.813801992062999
2014-04-05,1.4291467102294513
2014-04-06,0.21693618660631156
2014-04-07,0.3214283868212764
2014-04-08,0.6438372871897642
2014-04-09,0.5489159915147545
2014-04-10,0.3409407189615136
2014-04-11,0.06173286332932913
2014-04-12,0.7121642257886215
2014-04-13,-0.021073956635314434
2014-04-14,0.11840015819174109
2014-04-15,0.2839205112897863
2014-04-16,-0.08399685165784841
2014-04-17,0.1229556614502884
2014-04-18,0.9508808437857058
2014-04-19,0.6759202132574332
2014-04-20,-0.34026780378566096
2014-04-21,1.0726597518986263
2014-04-22,-0.0050899449762157115
2014-04-23,-0.3950933276469742
2014-04-24,0.19922688086863596
2014-04-25,0.055303260254979586
2014-04-26,0.6083179875517781
2014-04-27,0.8754928107706603
2014-04-28,0.2602766361228361
2014-04-29,0.5011231273017803
2014-04-30,0.7942534488942974
2014-05-01,0.7876737231795308
2014-05-02,0.6251385679505261
2014-05-03,0.7590253618252176
2014-05-04,-0.0953479795157103
2014-05-05,0.20550629234042522
2014-05-06,0.09509511574037263
2014-05-07,0.28554678573653564
2014-05-08,-0.050836257334142425
2014-05-09,0.6544639508362052
2014-05-10,-0.07228492147745624
2014-05-11,0.1001758616609138
2014-05-12,0.2379870386315855
2014-05-13,0.3389542828580094
2014-05-14,0.03134358851734513
2014-05-15,-0.024594473306631285
2014-05-16,0.3063326367206253
2014-05-17,0.6333393162017165
2014-05-18,-0.7736500923886429
2014-05-19,0.051290577442955565
2014-05-20,-0.07435095092917976
2014-05-21,-0.5035245987345556
2014-05-22,-0.05482038994572983
2014-05-23,-0.09095305466465108
2014-05-24,-0.5680992233409736
2014-05-25,-0.271825612239847
2014-05-26,0.08849201009843272
2014-05-27,0.14117860426223658
2014-05-28,0.9520731777870761
2014-05-29,-0.30204129675052466
2014-05-30,0.5787218387085048
2014-05-31,-0.10817589104116669
2014-06-01,-0.19225154617894327
2014-06-02,0.16308171580938013
2014-06-03,-0.16998165717176858
2014-06-04,0.23280654323903238
2014-06-05,-0.08270764620085641
2014-06-06,-0.6093986999335073
2014-06-07,-0.7183528411977758
2014-06-08,-0.9339438437883321
2014-06-09,-0.860291214141554
2014-06-10,0.026260704600200756
2014-06-11,-0.2219063115488111
2014-06-12,-0.3754162956058015
2014-06-13,-0.3655756578714104
2014-06-14,-0.9704560796404345
2014-06-15,-0.6498457952799701
2014-06-16,-0.38320637299900945
2014-06-17,0.06458576646545351
2014-06-18,-0.1168233159256892
2014-06-19,0.24668355574678516
2014-06-20,-0.47446966207674585
2014-06-21,0.022575532732215253
2014-06-22,-0.08367004497335494
2014-06-23,5.2420901263218674e-5
2014-06-24,0.18063568774786165
2014-06-25,0.03921483782540475
2014-06-26,-0.23142190136688295
2014-06-27,0.16363414824067282
2014-06-28,0.22468772716840665
2014-06-29,1.131885173151557
2014-06-30,0.3754960667487905
2014-07-01,0.08200345107806663
2014-07-02,0.5211529303643478
2014-07-03,0.3465356564907867
2014-07-04,0.42085065210756367
2014-07-05,-0.6563331618572007
2014-07-06,-0.24752860684844652
2014-07-07,0.46159762357982426
2014-07-08,0.4366508984487394
2014-07-09,0.19679876973908847
2014-07-10,0.6919826754242697
2014-07-11,0.041620772674445757
2014-07-12,0.3329035295896394
2014-07-13,-0.7649150497331025
2014-07-14,-0.20180749871881623
2014-07-15,-0.030279146654377642
2014-07-16,0.25664999139917416
2014-07-17,-0.21999576566964035
2014-07-18,-0.9550888598354819
2014-07-19,-1.2458190389807926
2014-07-20,0.9111751688091296
2014-07-21,0.6339558135527029
2014-07-22,0.2820936722328783
2014-07-23,-0.25824631157539235
2014-07-24,-0.40561310204962475
2014-07-25,-0.28557413318797753
2014-07-26,0.9748837924286075
2014-07-27,-0.0132356600797003
2014-07-28,0.2128865717807323
2014-07-29,0.4055617359171389
2014-07-30,0.2708137762383878
2014-07-31,-0.19957141453921762
2014-08-01,-0.4603127713209337
2014-08-02,-0.15296993951345883
2014-08-03,0.2993315647166383
2014-08-04,0.18957896945203867
2014-08-05,0.1551605192927426
2014-08-06,0.1667253944920323
2014-08-07,0.2690627615213868
2014-08-08,0.10966149283309135
2014-08-09,-0.1917686343578381
2014-08-10,-0.24900182886422628
2014-08-11,0.463702706015918
2014-08-12,-0.0437555698828118
2014-08-13,0.3775762580957597
2014-08-14,0.1821314708929933
2014-08-15,0.5967633133062988
2014-08-16,0.23176019173821444
2014-08-17,-0.5954162651834113
2014-08-18,-1.1752173427743195e-4
2014-08-19,0.07988884837106659
2014-08-20,0.22375826836165189
2014-08-21,-0.08570736263145948
2014-08-22,0.028249193844781834
2014-08-23,0.30612015418818667
2014-08-24,-0.038281821741446106
2014-08-25,0.12928442024178538
2014-08-26,-0.15603325310319835
2014-08-27,-0.04711309940352064
2014-08-28,-0.36604561816192066
2014-08-29,0.21672180011780837
2014-08-30,0.23317098271487433
2014-08-31,0.2884774710968827
2014-09-01,-0.10178311416109814
2014-09-02,-0.33204149024635465
2014-09-03,0.103916446197084
2014-09-04,-0.23333841189264767
2014-09-05,0.24628800389992486
2014-09-06,0.14383933440991173
2014-09-07,-0.7979741580381915
2014-09-08,-0.3002064567969765
2014-09-09,0.05810606995628323
2014-09-10,-0.005880048311848615
2014-09-11,0.2427146969420034
2014-09-12,0.04103210687175457
2014-09-13,-0.10397605435258347
2014-09-14,-0.32934665020694337
2014-09-15,-0.09243599426914997
2014-09-16,0.05856931207900951
2014-09-17,-0.07167889614045632
2014-09-18,-0.19383110176080234
2014-09-19,-0.10531507056383492
2014-09-20,-0.010913184300969615
2014-09-21,0.5002599011190219
2014-09-22,0.0045414005629429615
2014-09-23,0.0889003874413587
2014-09-24,-0.25389136502076165
2014-09-25,-0.03740751979379852
2014-09-26,-0.24841503683570043
2014-09-27,-0.5161170122190799
2014-09-28,-0.55511912367514
2014-09-29,0.04894915439541015
2014-09-30,-0.22817881415986943
2014-10-01,0.1263120339828284
2014-10-02,-0.11164155345418787
2014-10-03,0.19180298832139694
2014-10-04,0.10440065523746221
2014-10-05,0.11930919786959261
2014-10-06,-0.01195223884471597
2014-10-07,0.03587664515294763
2014-10-08,-0.0029243275627702974
2014-10-09,-0.41355929662357643
2014-10-10,-0.053180806177429346
2014-10-11,0.4702834321103338
2014-10-12,-0.17187734001905572
2014-10-13,0.1684948451610311
2014-10-14,0.30033705975762054
2014-10-15,-0.04992835239409295
2014-10-16,-0.13381465160786252
2014-10-17,0.20486347483128428
2014-10-18,-0.13746596797269384
2014-10-19,-0.5127321963641972
2014-10-20,0.23504925804290377
2014-10-21,0.11307522361589115
2014-10-22,0.4037748908050408
2014-10-23,-0.03387195953364251
2014-10-24,0.18122145778699983
2014-10-25,-0.18900855864647684
2014-10-26,0.01576897682058391
2014-10-27,-0.301712765724062
2014-10-28,-0.35393932081892826
2014-10-29,-0.4712249344721937
2014-10-30,-0.3085192984232539
2014-10-31,-0.1750263742604679
2014-11-01,0.6693331327911993
2014-11-02,-0.5902249043922287
2014-11-03,-0.08495311414176138
2014-11-04,0.05001386085971174
2014-11-05,-0.33868862645302156
2014-11-06,0.1626710404025878
2014-11-07,0.08718911770337717
2014-11-08,0.1545480479212356
2014-11-09,0.23249597601379812
2014-11-10,-0.14645920212151733
2014-11-11,-0.04958043625037498
2014-11-12,-0.13280642611689
2014-11-13,-0.3796941434857581
2014-11-14,-0.1275678899286087
2014-11-15,0.525353569101565
2014-11-16,0.20355700090796583
2014-11-17,0.05256213546267225
2014-11-18,-0.3181043529894589
2014-11-19,-0.4948402130005868
2014-11-20,0.05335503739206583
2014-11-21,-0.15726647585925907
2014-11-22,0.3142596702538821
2014-11-23,0.3457926806090636
2014-11-24,0.029927486553544918
2014-11-25,0.12530242147395368
2014-11-26,0.09055379063140115
2014-11-27,0.16299433067519065
2014-11-28,-0.012483562372907304
2014-11-29,0.17064161752933188
2014-11-30,0.9166733105935494
2014-12-01,0.5568109556281763
2014-12-02,0.5819838118974482
2014-12-03,0.18984503949507564
2014-12-04,0.2622615869108768
2014-12-05,0.33307653733709164
2014-12-06,0.3020203277259635
2014-12-07,0.484365427673736
2014-12-08,0.36982613178716844
2014-12-09,-0.0050592962246928126
2014-12-10,0.5475795705443577
2014-12-11,0.4112272304631274
2014-12-12,0.47468263794312326
2014-12-13,1.7256774176433936
2014-12-14,1.4748352143238865
2014-12-15,1.7274796823002008
2014-12-16,2.563332017772249
2014-12-17,1.4197462593378958
2014-12-18,1.7303989940937607
2014-12-19,0.8568195066009168
2014-12-20,0.5431216550978857
2014-12-21,1.3369374066536648
2014-12-22,1.3638064014757245
2014-12-23,0.37163703085035504
2014-12-24,-0.29117174460887624
2014-12-25,0.6505545799576095
2014-12-26,2.2696582690809732
2014-12-27,0.7174687830554716
2014-12-28,1.2076133762524253
2014-12-29,0.6921550170270381
2014-12-30,0.16841454715434429
2014-12-31,-0.15190372104889324
2015-01-01,0.5542328831666541
2015-01-02,1.3009598585193483
2015-01-03,0.042806375769474034
2015-01-04,-0.3902288980588004
2015-01-05,-0.5448660780173543
2015-01-06,-0.3357480124858048
2015-01-07,-0.2944148631558587
2015-01-08,-0.2414408460044679
2015-01-09,-0.20843347346264096
2015-01-10,0.7796656573556523
2015-01-11,0.19252519416314
2015-01-12,-0.14094387639650854
2015-01-13,-0.1178967443910734
2015-01-14,-0.04885367623578391
2015-01-15,-0.03895586244891027
2015-01-16,0.05199245188505073
2015-01-17,1.303334291766912
2015-01-18,0.23262943115111046
2015-01-19,-0.04483828476082906
2015-01-20,0.10661591007859839
2015-01-21,0.14404987043918302
2015-01-22,0.34194255631805703
2015-01-23,0.05539294219873343
2015-01-24,0.47604194955629003
2015-01-25,0.20150738026173545
2015-01-26,0.04968402229484589
2015-01-27,0.12112385142580123
2015-01-28,0.17233221002679297
2015-01-29,0.11398900860451006
2015-01-30,-0.13321888751774702
2015-01-31,0.7651490934552844
2015-02-01,2.2609525524100658e-4
2015-02-02,-0.15745801895822842
2015-02-03,-0.2660960330410792
2015-02-04,-0.265508795397773
2015-02-05,-0.32577643702277653
2015-02-06,0.08578329520467706
2015-02-07,0.8075976766120653
2015-02-08,0.19901229250473365
2015-02-09,0.2500966454764995
2015-02-10,-0.23652307366096745
2015-02-11,0.3715360299486359
2015-02-12,0.061684213752422515
2015-02-13,0.4438486626111836
2015-02-14,1.2803287771764125
2015-02-15,0.6124463512580692
2015-02-16,0.3231842394819916
2015-02-17,0.4304933444874984
2015-02-18,0.45003309504459843
2015-02-19,0.3347246384597131
2015-02-20,0.18667112449187803
2015-02-21,1.2243823724545306
2015-02-22,0.6712674212416557
2015-02-23,0.35704566712042896
2015-02-24,0.06648697307699433
2015-02-25,0.4265228207873871
2015-02-26,0.48528119333286796
2015-02-27,0.6239906330683943
2015-02-28,1.057005737948737
2015-03-01,0.8666920936934698
2015-03-02,0.47230637583598256
2015-03-03,0.22075276207533517
2015-03-04,0.25546043269796526
2015-03-05,0.1804121964786179
2015-03-06,0.5661726794935562
2015-03-07,0.5758325230351925
2015-03-08,-0.1829710244192803
2015-03-09,0.12113968358333764
2015-03-10,0.28046842960617974
2015-03-11,0.2280977950439223
2015-03-12,0.23733235448163836
2015-03-13,0.26319328450461577
2015-03-14,0.678792035706006
2015-03-15,-0.11768366405535254
2015-03-16,0.05864344846169062
2015-03-17,0.13443050210750265
2015-03-18,0.08382024496617675
2015-03-19,0.16703409073062234
2015-03-20,0.09673300030222126
2015-03-21,1.1137118871029141
2015-03-22,0.8683421794121479
2015-03-23,0.30290935534142316
2015-03-24,0.19121093760206215
2015-03-25,-0.03059070027879565
2015-03-26,0.33253108408374715
2015-03-27,0.3978439126484364
2015-03-28,0.6239990883284418
2015-03-29,0.8509787663474938
2015-03-30,0.4058330637370508
2015-03-31,0.4089870254720514
2015-04-01,0.7517174547513659
2015-04-02,0.9529512967625603
2015-04-03,1.2061633262318372
2015-04-04,1.0040864427492335
2015-04-05,1.2788448354005555
2015-04-06,0.5693422338336452
2015-04-07,0.42686600726129265
2015-04-08,-0.03520801376700718
2015-04-09,0.16946155676998
2015-04-10,-0.1703818831557782
2015-04-11,0.3189755605551077
2015-04-12,-0.7557481351589271
2015-04-13,0.023323183018912282
2015-04-14,0.1873339389384624
2015-04-15,-0.29405987924797783
2015-04-16,0.23761697431850443
2015-04-17,0.5538792294899695
2015-04-18,0.24879204956456136
2015-04-19,-0.29210681734970273
2015-04-20,0.004526961367082891
2015-04-21,-0.07799633835644858
2015-04-22,0.4452156135491755
2015-04-23,0.01993219058815529
2015-04-24,0.06835140318279241
2015-04-25,0.5409152666172613
2015-04-26,-0.08995631038350801
2015-04-27,-0.15575370190992024
2015-04-28,0.1607443078322104
2015-04-29,0.1299300641556408
2015-04-30,0.13998731545502913
2015-05-01,1.255889408190121
2015-05-02,0.3103970916373893
2015-05-03,0.6326471067678393
2015-05-04,0.008576489656495065
2015-05-05,0.006027652475863087
2015-05-06,-0.07946972342729025
2015-05-07,0.08789302088553042
2015-05-08,0.021757167840817285
2015-05-09,-0.42882998565898245
2015-05-10,-0.5560761215260012
2015-05-11,-0.018745952278417386
2015-05-12,0.15847069151002435
2015-05-13,0.21140040140115712
2015-05-14,-0.6016918375424937
2015-05-15,1.3909621480501728
2015-05-16,-0.19294259556053583
2015-05-17,-0.5653553230137599
2015-05-18,0.0890731837476339
2015-05-19,0.6170218086466931
2015-05-20,0.583575805407516
2015-05-21,0.3037525389930166
2015-05-22,0.3112004174304282
2015-05-23,0.4273852013764706
2015-05-24,0.03932949500305005
2015-05-25,0.11184277759285051
2015-05-26,0.2255049360287782
2015-05-27,-0.09348520658448159
2015-05-28,-0.10040285668458933
2015-05-29,-0.37250510247005114
2015-05-30,-0.43148312369790737
2015-05-31,-0.16940098319698801
2015-06-01,0.2806121780691236
2015-06-02,0.31797359351482374
2015-06-03,0.37550999468202906
2015-06-04,0.3493234482510912
2015-06-05,-0.00889903409676816
2015-06-06,-0.5002500545315463
2015-06-07,-0.3691258792195116
2015-06-08,0.17599719493879937
2015-06-09,0.5782461858495388
2015-06-10,0.4221468399156905
2015-06-11,0.02207606365484211
2015-06-12,0.2236103280600246
2015-06-13,0.6312485837796079
2015-06-14,0.6546777545648882
2015-06-15,0.9600711210433063
2015-06-16,0.6501711953236257
2015-06-17,0.7441680609824985
2015-06-18,1.2395744490048095
2015-06-19,0.800947097413091
2015-06-20,1.6656309591080787
2015-06-21,1.273309849115945
2015-06-22,0.7697604554420518
2015-06-23,0.9743213006868684
2015-06-24,0.6772842675614802
2015-06-25,0.13475642963178414
2015-06-26,0.19086492754091366
2015-06-27,-0.0068206393099476655
2015-06-28,-0.2761849314325541
2015-06-29,0.29489132027161624
2015-06-30,0.34785463174305353
2015-07-01,0.3726164550633855
2015-07-02,0.18409193685647465
2015-07-03,0.2728413566428607
2015-07-04,-0.013247554028500945
2015-07-05,0.007215781459014309
2015-07-06,0.1688258975105563
2015-07-07,0.5526031337889682
2015-07-08,0.7617904432842513
2015-07-09,0.29965307050747314
2015-07-10,0.4830825165283204
2015-07-11,-0.029413383767068778
2015-07-12,-0.18123649209449566
2015-07-13,0.374258481140979
2015-07-14,0.4363359848930706
2015-07-15,0.23337990267775724
2015-07-16,0.026211208502751628
2015-07-17,-0.13918680050212925
2015-07-18,0.08058762039838453
2015-07-19,0.0019495472567067663
2015-07-20,0.16031671941738493
2015-07-21,0.4730743701364663
2015-07-22,0.6249559834041469
2015-07-23,0.3477696487993295
2015-07-24,0.07205227016138119
2015-07-25,0.36116296084506716
2015-07-26,0.4863110107558472
2015-07-27,0.41659704799893277
2015-07-28,0.12322514801186822
2015-07-29,0.6861790667266001
2015-07-30,-0.024862931168463262
2015-07-31,-0.32354550703019197
2015-08-01,-0.3112103802407024
2015-08-02,0.049693183726708695
2015-08-03,0.35912336731443717
2015-08-04,0.16942062995250973
2015-08-05,0.08413844543022518
2015-08-06,-0.12100036182793318
2015-08-07,-0.09446919879795931
2015-08-08,-0.27792539117828824
2015-08-09,0.8360036260393877
2015-08-10,0.46803256383624603
2015-08-11,0.26453940987309776
2015-08-12,-0.2638230699793149
2015-08-13,0.6245089635689313
2015-08-14,0.8653488965616499
2015-08-15,1.8770750724829424
2015-08-16,0.9205341235085828
2015-08-17,0.22252071968945988
2015-08-18,0.3790199733451966
2015-08-19,0.24593537588513445
2015-08-20,0.12476532370815786
2015-08-21,0.33358749455090503
2015-08-22,-0.28733537771322726
2015-08-23,0.5665982230867381
2015-08-24,0.0955936399384425
2015-08-25,0.4580701719584299
2015-08-26,0.04735029059872318
2015-08-27,-0.17731256648063867
2015-08-28,-0.35083676450882556
2015-08-29,-0.469920827874093
2015-08-30,-0.5672196886347669
2015-08-31,-0.09497758397682414
2015-09-01,-0.07283500769600709
2015-09-02,-0.016056896239766794
2015-09-03,0.2648790841089376
2015-09-04,-0.3546904451021242
2015-09-05,0.10514207183516265
2015-09-06,0.34412635358609955
2015-09-07,-0.01563992466292338
2015-09-08,-0.2918888202733635
2015-09-09,0.3147206547470357
2015-09-10,0.19397353597672964
2015-09-11,0.12867406767196604
2015-09-12,-0.08457585159589805
2015-09-13,0.42921182657696005
2015-09-14,0.3247814460846711
2015-09-15,0.4741640887619134
2015-09-16,0.6819144368463943
2015-09-17,0.6490510443774419
2015-09-18,0.8684024546446805
2015-09-19,0.627188387986118
2015-09-20,0.26799070622433635
2015-09-21,0.0860624705005326
2015-09-22,0.3596764382120165
2015-09-23,0.22592148717313074
2015-09-24,0.0350667841107455
2015-09-25,0.2374038378567452
2015-09-26,0.13497696009431343
2015-09-27,0.372053531077547
2015-09-28,0.2238009397242617
2015-09-29,0.16966599786410946
2015-09-30,0.12628237034525092
2015-10-01,0.06709765445288475
2015-10-02,0.18130604976582873
2015-10-03,0.7637234423431134
2015-10-04,0.6416566383697362
2015-10-05,0.6089097527465787
2015-10-06,0.5925243932306591
2015-10-07,0.6253743307879817
2015-10-08,0.37690731479432604
2015-10-09,0.5503134444181129
2015-10-10,0.3633222771866475
2015-10-11,0.44371999567423753
2015-10-12,0.3226327680502967
2015-10-13,0.5236073497917495
2015-10-14,0.6164262213732347
2015-10-15,0.6065425584771821
2015-10-16,0.3779511499668646
2015-10-17,1.2384592507339482
2015-10-18,0.48785588421268844
2015-10-19,0.39276652622082375
2015-10-20,0.44664568584204895
2015-10-21,0.36163144720533075
2015-10-22,0.35684595970348
2015-10-23,0.8047453536153818
2015-10-24,0.3240951885773705
2015-10-25,0.3297250165164442
2015-10-26,0.6766967940422721
2015-10-27,0.3632448713411796
2015-10-28,0.17722924098703124
2015-10-29,0.0881995570053895
2015-10-30,0.49819185956085127
2015-10-31,0.5236892415997055
2015-11-01,6.123607760165107e-5
2015-11-02,0.22025692148811904
2015-11-03,0.5482550702608483
2015-11-04,0.37317845962510604
2015-11-05,0.4735796652239163
2015-11-06,0.7323222993999795
2015-11-07,0.44894518493497604
2015-11-08,0.02390187752302309
2015-11-09,0.2723734152923116
2015-11-10,0.3381787810730888
2015-11-11,0.2740959044347787
2015-11-12,0.4432011586070297
2015-11-13,0.3799212672537421
2015-11-14,1.1732174191758349
2015-11-15,0.7933543632718774
2015-11-16,0.09599168222430768
2015-11-17,0.11766183084432008
2015-11-18,0.06445552115443073
2015-11-19,0.14478613144581173
2015-11-20,0.3695489560080989
2015-11-21,1.5013564682536569
2015-11-22,0.9462468325993787
2015-11-23,0.6534709247025912
2015-11-24,0.3898505875977141
2015-11-25,0.17571660558568533
2015-11-26,0.8211019893050099
2015-11-27,1.613822749611088
2015-11-28,1.230090882442133
2015-11-29,1.7276750716710711
2015-11-30,1.2454435450960986
2015-12-01,1.1168216111260467
2015-12-02,1.1026032924085734
2015-12-03,1.3858058674747098
2015-12-04,2.0037995011692575
2015-12-05,0.8583653894588076
2015-12-06,1.564479456345742
2015-12-07,1.966957887006857
2015-12-08,0.9333179183177763
2015-12-09,0.9879053959755805
2015-12-10,0.8334713246441496
2015-12-11,0.9535256578761042
2015-12-12,1.2175569720668864
2015-12-13,0.6506331620783189
2015-12-14,0.5127578603402718
2015-12-15,1.1074696178531898
2015-12-16,1.2387718083460781
2015-12-17,1.1412298068586835
2015-12-18,0.7335003342742733
2015-12-19,1.4345834734688205
2015-12-20,1.5933857641141291
2015-12-21,1.4444955264800456
2015-12-22,1.0418970764931206
2015-12-23,0.5737821671612986
2015-12-24,0.4615651336437551
2015-12-25,1.2352354908284549
2015-12-26,1.6414470172687572
2015-12-27,2.2156065725808465
2015-12-28,2.3271063883003786
2015-12-29,1.9149265196289385
2015-12-30,1.6382311953588213
2015-12-31,1.271141031470846
2016-01-01,1.6237845868456142
2016-01-02,2.2779874458265614
2016-01-03,0.7146649577143477
2016-01-04,0.28655256604257706
2016-01-05,0.13440142938446517
2016-01-06,0.45576849413612386
2016-01-07,0.009807463407639954
2016-01-08,0.5868076768481496
2016-01-09,1.247379813270929
2016-01-10,1.3883044292486577
2016-01-11,1.1542662694469343
2016-01-12,0.3172650010743631
2016-01-13,0.6189496363617352
2016-01-14,0.3312278618695063
2016-01-15,0.6026954184037062
2016-01-16,1.0597338235603972
2016-01-17,0.5980074037399575
2016-01-18,0.2707417143525496
2016-01-19,0.4911164442289777
2016-01-20,0.18318098730802915
2016-01-21,0.4179731939231981
2016-01-22,0.36316497495571964
2016-01-23,0.4067600467556859
2016-01-24,0.508070306730043
2016-01-25,-0.21809514969070762
2016-01-26,0.19761952205065517
2016-01-27,0.24652673569633418
2016-01-28,0.2560682557312567
2016-01-29,0.2970273792407651
2016-01-30,0.9308064108530205
2016-01-31,1.2383067128028729
2016-02-01,0.2763618931572895
2016-02-02,0.26300754522929654
2016-02-03,0.01851554855313307
2016-02-04,-0.4308913329142313
2016-02-05,0.2803755129634688
2016-02-06,0.8193867760928958
2016-02-07,0.48208323153959837
2016-02-08,0.28898978182131163
2016-02-09,0.14484070857609374
2016-02-10,-0.060834074319846485
2016-02-11,0.11466378353677506
2016-02-12,0.23663355494695107
2016-02-13,0.8145801360136067
2016-02-14,1.1102811935291401
2016-02-15,-0.027124035453444054
2016-02-16,-0.10815718018378363
2016-02-17,0.13191038406945807
2016-02-18,0.29377504595401627
2016-02-19,0.4908303126627483
2016-02-20,0.7902628794965283
2016-02-21,0.07682920946721887
2016-02-22,0.16808481213301632
2016-02-23,0.3241337614637314
2016-02-24,0.4452005840345186
2016-02-25,0.7391129645591288
2016-02-26,0.578276274904738
2016-02-27,0.6801402273028346
2016-02-28,0.6174303328171973
2016-02-29,0.3086923162143929
2016-03-01,0.3409042687384939
2016-03-02,0.3350052030643863
2016-03-03,0.34984112953049457
2016-03-04,0.5418749474394666
2016-03-05,0.8716559128190529
2016-03-06,0.6537081913558128
2016-03-07,-0.06508463977221066
2016-03-08,0.23802961215236262
2016-03-09,-0.019791628512434274
2016-03-10,0.120503091492557
2016-03-11,0.106749822451857
2016-03-12,0.5629689974820966
2016-03-13,0.27164580005623173
2016-03-14,-0.03577237301168301
2016-03-15,-0.10315205629854432
2016-03-16,0.13241768843978619
2016-03-17,0.0025807014574837266
2016-03-18,-0.054237135006562624
2016-03-19,0.15722107326332738
2016-03-20,-0.6515591633623673
2016-03-21,0.027392195990466914
2016-03-22,-0.23222417843991353
2016-03-23,0.23928222256173748
2016-03-24,0.5007841993772864
2016-03-25,0.8364315131107505
2016-03-26,-0.2836492685407724
2016-03-27,0.9809922969845711
2016-03-28,0.588144766561452
2016-03-29,0.850941762346994
2016-03-30,0.5728040007274469
2016-03-31,0.5307494970887993
2016-04-01,0.569621331209004
2016-04-02,0.45230352779600896
2016-04-03,0.17217633527116252
2016-04-04,0.6393493843181091
2016-04-05,0.49056835687056327
2016-04-06,0.4656749728702626
2016-04-07,0.22255590954475588
2016-04-08,0.6658594981494632
2016-04-09,0.8357068096194946
2016-04-10,-0.2821361836203889
2016-04-11,-0.033083849495333814
2016-04-12,0.17986987189282122
2016-04-13,0.425752250816278
2016-04-14,0.8149382256625677
2016-04-15,1.2596632913374868
2016-04-16,1.2013835457727673
2016-04-17,1.2523880755087098
2016-04-18,0.5775435581967907
2016-04-19,0.26790805913029925
2016-04-20,0.7848533046797813
2016-04-21,0.2640956346254262
2016-04-22,0.35718190660741894
2016-04-23,1.1996077497270694
2016-04-24,0.9327818035254132
2016-04-25,1.083707543336002
2016-04-26,1.216543509705426
2016-04-27,0.7967258951377566
2016-04-28,0.8068324430569678
2016-04-29,1.0458570649916046
2016-04-30,1.518426271733567
2016-05-01,1.7221521686875583
2016-05-02,1.3523115321539856
2016-05-03,2.1113884600691377
2016-05-04,1.3400269683520099
2016-05-05,-0.08964915943103972
2016-05-06,0.9471771493342126
2016-05-07,0.13732638762531002
2016-05-08,-0.2434609793178485
2016-05-09,0.2747180040288891
2016-05-10,0.43133570946547667
2016-05-11,0.14079310042688686
2016-05-12,0.4928036827014029
2016-05-13,0.7489587437167164
2016-05-14,0.6779268768548542
2016-05-15,0.6292886700051441
2016-05-16,0.865358637006646
2016-05-17,0.3858743458533377
2016-05-18,0.7420520224548527
2016-05-19,0.4068534391168365
2016-05-20,0.19236071333969076
2016-05-21,-0.6310012624311521
2016-05-22,-0.24600880365588235
2016-05-23,0.23933504322545038
2016-05-24,0.6005636635569044
2016-05-25,0.23834325707972284
2016-05-26,0.4257269894588318
2016-05-27,-0.09932341990381485
2016-05-28,0.43235134860618984
2016-05-29,1.2350709597858878
2016-05-30,0.35908470634092343
2016-05-31,0.2998267765793675
2016-06-01,0.5188772427206769
2016-06-02,0.7930646716324666
2016-06-03,0.6018622366724828
2016-06-04,0.8151381366821159
2016-06-05,0.14258880401762877
2016-06-06,0.23000488448249748
2016-06-07,0.2721022756644341
2016-06-08,0.2657858467755775
2016-06-09,0.02921855531808084
2016-06-10,-0.2698229111077138
2016-06-11,0.7791852920947863
2016-06-12,0.6171633107968647
2016-06-13,0.3431301983769416
2016-06-14,0.6032332356100264
2016-06-15,0.4589925168828742
2016-06-16,0.6493975214120996
2016-06-17,0.5786083599587212
2016-06-18,0.9783916363935506
2016-06-19,0.20779925858108855
2016-06-20,0.12145091759204342
2016-06-21,0.10083618167577661
2016-06-22,-0.16991253700780096
2016-06-23,-0.10752044181882006
2016-06-24,-0.6041168404468171
2016-06-25,-0.500643199966217
2016-06-26,-0.27062957779091146
2016-06-27,-0.22770367298043012
2016-06-28,0.055956704156986684
2016-06-29,0.09901906964534547
2016-06-30,0.20084971251540903
2016-07-01,-0.09428288799410418
2016-07-02,-0.23758813631918943
2016-07-03,-0.6057760184468686
2016-07-04,0.046031574110115506
2016-07-05,0.20238010091836223
2016-07-06,-0.15824298861379701
2016-07-07,-0.31440154498435935
2016-07-08,-0.43895812155429276
2016-07-09,-0.5915956443573346
2016-07-10,-0.7834441519482935
2016-07-11,0.4076226844575473
2016-07-12,0.7682970011397356
2016-07-13,0.6035959857608741
2016-07-14,0.6486456905995841
2016-07-15,0.04556813536089587
2016-07-16,-0.9388527537739377
2016-07-17,-0.6332353480932863
2016-07-18,-0.025131954715223313
2016-07-19,-0.3382615723490264
2016-07-20,-0.5977775551514156
2016-07-21,0.11847447228509377
2016-07-22,-0.10818586559369803
2016-07-23,-0.4082995407436236
2016-07-24,-0.6279707909257481
2016-07-25,-0.30644512212368513
2016-07-26,-0.035749346546448776
2016-07-27,0.16235850042195027
2016-07-28,-0.1867435077621312
2016-07-29,-0.634574458452555
2016-07-30,-0.7256770028485247
2016-07-31,1.135370242798389
2016-08-01,0.4413356431583253
2016-08-02,0.534030118228389
2016-08-03,0.16878583120340068
2016-08-04,0.4474055092168478
2016-08-05,0.800010316681325
2016-08-06,-0.8394719201348884
2016-08-07,-0.8496015325105708
2016-08-08,-0.08332827351495177
2016-08-09,0.4141709974275061
2016-08-10,0.07925334439923044
2016-08-11,-0.10101171199215822
2016-08-12,0.22436396216219734
2016-08-13,-0.6788029174957205
2016-08-14,-0.6522407461457316
2016-08-15,-0.004809119794892575
2016-08-16,0.18147610496755343
2016-08-17,0.11900500097593808
2016-08-18,0.9204753093300386
2016-08-19,0.281570405961574
2016-08-20,0.7754666612302648
2016-08-21,-0.16347900550068767
2016-08-22,-0.2754954301601108
2016-08-23,-0.16607234217505656
2016-08-24,-0.47880288260929943
2016-08-25,-0.16693286818912262
2016-08-26,-0.4947764818144708
2016-08-27,-1.0470732784086443
2016-08-28,-1.1365758657782878
2016-08-29,-0.22192435115323617
2016-08-30,0.11822830121376816
2016-08-31,-0.18153041059246822
2016-09-01,0.125415620101329
2016-09-02,0.0025965448889083507
2016-09-03,0.49531941888943787
2016-09-04,2.4921952978448303
2016-09-05,0.5277580115180499
2016-09-06,-0.2120006713240426
2016-09-07,0.09753449687095837
2016-09-08,-0.058200980186126065
2016-09-09,-0.1715193627635059
2016-09-10,-0.7200760481316975
2016-09-11,-0.6833536303859558
2016-09-12,-0.09897388248845862
2016-09-13,-0.11658434755808623
2016-09-14,-0.1743514979202012
2016-09-15,0.03765120996914414
2016-09-16,0.5377096185246257
2016-09-17,0.30776247251741123
2016-09-18,1.3469404877831614
2016-09-19,0.4910089608099898
2016-09-20,0.32273712128642484
2016-09-21,0.16609414418253937
2016-09-22,-0.12082973570029816
2016-09-23,-0.09031411397230132
2016-09-24,-0.18913224251782684
2016-09-25,-0.6692659815128745
2016-09-26,-0.039057482137833145
2016-09-27,-0.3528525155357148
2016-09-28,-0.5780067820229767
2016-09-29,-0.10075717213298697
2016-09-30,-0.10148424325884571
2016-10-01,0.4875702821231873
2016-10-02,0.5491870576082168
2016-10-03,0.1951184345768649
2016-10-04,0.2626552083031665
2016-10-05,0.08312966296266486
2016-10-06,0.40638919875101126
2016-10-07,0.1752891819089537
2016-10-08,0.4218902939188427
2016-10-09,0.3900982802485069
2016-10-10,0.1453317917838201
2016-10-11,0.199612097985253
2016-10-12,0.18720153784119
2016-10-13,0.3672877234537736
2016-10-14,-0.04249192398108228
2016-10-15,0.3793283023775671
2016-10-16,-0.0857325814603516
2016-10-17,0.5023226327951557
2016-10-18,0.31807333738788934
2016-10-19,0.38329392705966486
2016-10-20,0.7800215913083489
2016-10-21,0.6458780725997627
2016-10-22,0.5172037975027751
2016-10-23,1.2096618598051299
2016-10-24,0.5014831711175218
2016-10-25,0.8675221442039965
2016-10-26,0.3000167516862989
2016-10-27,0.19945132250586484
2016-10-28,-0.09071328394520113
2016-10-29,0.04012937932720554
2016-10-30,-0.5363019210317775
2016-10-31,0.06240637718963355
2016-11-01,0.4276466940897558
2016-11-02,-0.09832435565817042
2016-11-03,-0.37579461201201814
2016-11-04,0.054229539404347826
2016-11-05,1.0465016955347122
2016-11-06,0.6038984863789278
2016-11-07,0.03474945293251335
2016-11-08,-0.0696900724367994
2016-11-09,-0.5116426781137899
2016-11-10,-0.27867089986647314
2016-11-11,0.5169336768082516
2016-11-12,-0.46554588577859557
2016-11-13,0.11281180432968729
2016-11-14,-0.2046195783961409
2016-11-15,-0.21166804564057085
2016-11-16,0.1890893899484021
2016-11-17,0.434139933855393
2016-11-18,0.4232351983962433
2016-11-19,0.8362024727876796
2016-11-20,-0.12193214565678254
2016-11-21,0.4558763654100767
2016-11-22,0.14660728270513262
2016-11-23,-0.5233648543471845
2016-11-24,-0.2016687996961201
2016-11-25,0.06087484883271489
2016-11-26,0.24930988771950424
2016-11-27,0.1435230871940467
2016-11-28,-0.31445535266746383
2016-11-29,-0.09104149328859786
2016-11-30,0.010690111990103892
2016-12-01,0.21335805182665618
2016-12-02,-0.16815723509568278
2016-12-03,0.349866404064605
2016-12-04,0.37135793249137294
2016-12-05,-0.07177272215657146
2016-12-06,-0.05713136358009696
2016-12-07,0.12043437752676266
2016-12-08,0.27895105695577205
2016-12-09,0.2657313415190859
2016-12-10,0.03549207442701229
2016-12-11,0.23721312549013904
2016-12-12,-0.16934937105894304
2016-12-13,-0.25826094660840637
2016-12-14,-0.044340630652884974
2016-12-15,-0.12607465239366522
2016-12-16,-0.2143222750620931
2016-12-17,0.08151056815889299
2016-12-18,0.24588496707246799
2016-12-19,-0.24955647831926434
2016-12-20,-0.04106227204857731
2016-12-21,-0.09524915569578982
2016-12-22,-0.2185210647907762
2016-12-23,-0.7455685530526472
2016-12-24,-1.3208341552620022
2016-12-25,0.12141354936278496
2016-12-26,1.9897031995117025
2016-12-27,1.3180321779993438
2016-12-28,1.0947386232098728
2016-12-29,0.9524007000547781
2016-12-30,0.23699967510976153
2016-12-31,-1.278665810762155
2017-01-01,-0.5883423152865258
2017-01-02,1.1024961755027798
2017-01-03,0.23962129511638458
2017-01-04,0.18176074999468517
2017-01-05,-0.16303503250535126
2017-01-06,-0.06708768250335104
2017-01-07,0.555719151220057
2017-01-08,0.20602490466073103
2017-01-09,-0.1803314939726177
2017-01-10,-0.6148020605023118
2017-01-11,-0.06753381937084031
2017-01-12,0.03239342161006276
2017-01-13,-0.20724141917061542
2017-01-14,0.9435225841082705
2017-01-15,0.12815151648604478
2017-01-16,-0.11672938045977936
2017-01-17,0.06825070500386361
2017-01-18,0.09727217970978477
2017-01-19,0.23027232694520539
2017-01-20,0.3060108364292226
2017-01-21,0.7418554707436575
2017-01-22,0.23924060653662602
2017-01-23,-0.09154666578907407
2017-01-24,-0.02012564556037873
2017-01-25,0.0872543756517347
2017-01-26,0.2987622350956438
2017-01-27,0.3108069107673986
2017-01-28,1.3118753067737723
2017-01-29,0.28164692546327197
2017-01-30,0.5981322232302646
2017-01-31,0.8594992619572136
2017-02-01,0.9884363536710541
2017-02-02,1.8693409351613954
2017-02-03,0.7883682022566205
2017-02-04,1.9081892625505033
2017-02-05,1.5358373156134102
2017-02-06,0.019150551675632253
2017-02-07,0.11629657013808035
2017-02-08,0.44200472628869253
2017-02-09,0.4238261619137889
2017-02-10,0.5689799527527242
2017-02-11,0.5350936057029689
2017-02-12,0.29813237880481186
2017-02-13,0.37298000758392397
2017-02-14,0.25522757568214693
2017-02-15,-0.04517838181269184
2017-02-16,-0.07299747325033876
2017-02-17,-0.023017970621886055
2017-02-18,0.9883977709753393
2017-02-19,0.37805814996479714
2017-02-20,-0.13042386893404478
2017-02-21,0.13406243978615037
2017-02-22,-0.15998436513941744
2017-02-23,0.4620555361415991
2017-02-24,0.23882904078131084
2017-02-25,0.34046148327882253
2017-02-26,0.4027246991024176
2017-02-27,0.0033403050611372645
2017-02-28,0.348502315215914
2017-03-01,0.2992740421830325
2017-03-02,0.2832722499921494
2017-03-03,0.2568658061911236
2017-03-04,0.8034006563298007
2017-03-05,0.693224663555879
2017-03-06,0.11597768268533726
2017-03-07,0.14562565116410575
2017-03-08,0.2192077003469985
2017-03-09,0.28380320022647304
2017-03-10,-0.09689768230467274
2017-03-11,0.6746955866803448
2017-03-12,-0.07312642552541529
2017-03-13,-0.3775844150640767
2017-03-14,-0.0650438150335861
2017-03-15,-0.2317036000947035
2017-03-16,-0.11761736829884685
2017-03-17,0.31381085803003994
2017-03-18,1.5672534632923194
2017-03-19,0.770085894467253
2017-03-20,0.03547693554405525
2017-03-21,0.25446965433527124
2017-03-22,0.2641900225111208
2017-03-23,0.14232627236346415
2017-03-24,0.8200157078384064
2017-03-25,0.3631542491863645
2017-03-26,0.5242830191283764
2017-03-27,0.024201250372603275
2017-03-28,-0.004810327255624278
2017-03-29,0.25302838944312583
2017-03-30,0.19252260596742035
2017-03-31,0.16733793505479017
2017-04-01,1.0560184998225932
2017-04-02,0.9813716733164031
2017-04-03,0.3728208824601596
2017-04-04,0.6263471954108947
2017-04-05,0.7356368069079916
2017-04-06,0.45718371253752227
2017-04-07,0.18769765435256638
2017-04-08,-0.06628529067835426
2017-04-09,-0.06987430544334673
2017-04-10,0.27410113506587935
2017-04-11,0.5493673573259269
2017-04-12,0.5432390882810546
2017-04-13,0.6391120426709646
2017-04-14,1.041966770379781
2017-04-15,0.7061449460861454
2017-04-16,1.3520026788078492
2017-04-17,1.0871054506371574
2017-04-18,0.6208313555140693
2017-04-19,0.9421297801215961
2017-04-20,0.5378090330883899
2017-04-21,0.7294413121722955
2017-04-22,0.6187417405156027
2017-04-23,0.5784398963748659
2017-04-24,0.8702993210398623
2017-04-25,2.52590140737198
2017-04-26,1.5591636753416722
2017-04-27,1.2795520924196029
2017-04-28,1.3800290934348962
2017-04-29,0.6942235946854683
2017-04-30,0.8188635104393548
2017-05-01,1.1747837880407974
2017-05-02,0.15690641043766004
2017-05-03,0.25612532499535573
2017-05-04,0.2959818303239909
2017-05-05,0.2044023602788388
2017-05-06,1.0587643768305786
2017-05-07,0.9314960208940093
2017-05-08,0.13679096747743352
2017-05-09,0.5959704678501615
2017-05-10,0.23190527816563225
2017-05-11,0.33043675546956525
2017-05-12,0.6645453576064534
2017-05-13,2.746925909414731e-4
2017-05-14,0.07406189806825562
2017-05-15,-0.07328227243733007
2017-05-16,-0.18304841988202405
2017-05-17,-0.5228134665501345
2017-05-18,-0.19106282859475274
2017-05-19,0.04416982051393654
2017-05-20,-0.08064514813388343
2017-05-21,-0.641369146803082
2017-05-22,-0.03826570753493989
2017-05-23,0.1262566294571564
2017-05-24,0.3342619908367877
2017-05-25,-1.0274158927848311
2017-05-26,-0.265024172944095
2017-05-27,-1.0867250748489952
2017-05-28,-0.7246935927923722
2017-05-29,-0.3892092177465797
2017-05-30,-0.10956692104849537
2017-05-31,-0.05231521759976049
2017-06-01,-0.15049685901015475
2017-06-02,-0.18208093933564473
2017-06-03,-0.36323360489562634
2017-06-04,1.3812627436440035
2017-06-05,1.1143280781747436
2017-06-06,0.16302875699188815
2017-06-07,0.2857383977998648
2017-06-08,0.2819381434180199
2017-06-09,0.44113233212088
2017-06-10,-0.15108796482288706
2017-06-11,-0.0161918763138803
2017-06-12,0.6980063886636532
2017-06-13,0.8483997016878678
2017-06-14,0.9954494608434044
2017-06-15,1.1805176534441442
2017-06-16,1.0979368579583406
2017-06-17,1.1008980560767014
2017-06-18,0.22511408380194342
2017-06-19,0.3185303126805617
2017-06-20,0.29302108136960237
2017-06-21,0.1689441561309162
2017-06-22,-0.02135444352723309
2017-06-23,-0.4555139710471265
2017-06-24,-0.4274244763839033
2017-06-25,-0.02529697585964806
2017-06-26,-0.07356230014868465
2017-06-27,0.41690278041347634
2017-06-28,0.6748192400775429
2017-06-29,0.5306480113806464
2017-06-30,0.21321261443587228
2017-07-01,0.6924173728844639
2017-07-02,1.2464025893205053
2017-07-03,0.45075112450185817
2017-07-04,0.24623224505552316
2017-07-05,0.44489051558630766
2017-07-06,0.3576082739166897
2017-07-07,0.1369653706672851
2017-07-08,1.1168891559208045
2017-07-09,1.195187155243339
2017-07-10,0.5892972386865295
2017-07-11,0.4423702580929568
2017-07-12,0.2255554816267809
2017-07-13,0.08732054594162826
2017-07-14,-0.14019780224674697
2017-07-15,-0.3188013988745424
2017-07-16,-0.6720659029972352
2017-07-17,-0.30869361439955584
2017-07-18,-0.2513488212761539
2017-07-19,-0.08897528139757771
2017-07-20,0.01486015552946295
2017-07-21,0.00843047397800352
2017-07-22,-0.6644319955961437
2017-07-23,0.09697198298334121
2017-07-24,0.36391560572973086
2017-07-25,0.058274535200076645
2017-07-26,-0.14673871689111512
2017-07-27,0.1965779881263574
2017-07-28,-0.2532336631844419
2017-07-29,-1.0511810339152983
2017-07-30,-0.8606163806439043
2017-07-31,-0.4725838241902584
2017-08-01,-0.4947179968639061
2017-08-02,-0.47620000078361885
2017-08-03,-0.22495997036317808
2017-08-04,-0.6007278996305748
2017-08-05,-0.7324351092307672
2017-08-06,0.4890181055444322
2017-08-07,-0.14074249159780708
2017-08-08,0.5689328428137074
2017-08-09,-0.006504075937289865
2017-08-10,0.4869743113930603
2017-08-11,0.24553781223845017
2017-08-12,-0.4016451400692329
2017-08-13,-0.7062615562974189
2017-08-14,-0.2576075298695958
2017-08-15,-0.14185548612380552
2017-08-16,-0.14995656467959353
2017-08-17,-0.001735285831108827
2017-08-18,0.05565764770705392
2017-08-19,-0.6834191680363318
2017-08-20,-0.611651393872781
2017-08-21,-0.2723386423953428
2017-08-22,-0.4074477385895086
2017-08-23,-0.04723135088457035
2017-08-24,-0.43432939800108594
2017-08-25,-0.3488274044088998
2017-08-26,-0.6152521457482433
2017-08-27,-0.41352015082810395
2017-08-28,-0.2048516242595323
2017-08-29,0.0014732481825778852
2017-08-30,0.11999444748798624
2017-08-31,0.5097309357077809
2017-09-01,1.2893157943332751
2017-09-02,1.6144557356546432
2017-09-03,1.7292974671684551
2017-09-04,-0.05149627716528319
2017-09-05,-0.12524633281220218
2017-09-06,-0.23049388577033403
2017-09-07,-0.2918889389054571
2017-09-08,0.09440113404918206
2017-09-09,1.0366777214272809
2017-09-10,-0.0951496544870094
2017-09-11,-0.2053592094603462
2017-09-12,-0.052258816013380414
2017-09-13,0.08473175092707444
2017-09-14,0.12840940903670184
2017-09-15,-0.07378215624091253
2017-09-16,0.39060459638946693
2017-09-17,0.5016352660994793
2017-09-18,0.24677005066183336
2017-09-19,0.3540208359561995
2017-09-20,0.05511902636955351
2017-09-21,-0.20162311686190362
2017-09-22,0.01838645807627511
2017-09-23,-0.09515514506004524
2017-09-24,-0.3476674358565845
2017-09-25,-0.14378577683765845
2017-09-26,-0.029751275641048854
2017-09-27,-0.388400930827855
2017-09-28,-0.11674334359391159
2017-09-29,-0.19508529656807255
2017-09-30,0.5353577278571009
2017-10-01,0.5873675299537309
2017-10-02,0.20850198584936094
2017-10-03,0.619197052673618
2017-10-04,0.38440985724415955
2017-10-05,0.23237882782177557
2017-10-06,0.044769080673062275
2017-10-07,0.43894847776431806
2017-10-08,0.9621457509720076
2017-10-09,0.19772256332112165
2017-10-10,0.1201956887450501
2017-10-11,-0.056459546964231166
2017-10-12,-0.2836445925418408
2017-10-13,-0.3775153434424967
2017-10-14,-0.6581168877958815
2017-10-15,-0.5811231428418161
2017-10-16,-0.3485897822629632
2017-10-17,-0.05760387306112476
2017-10-18,-0.03766393329846184
2017-10-19,0.050821767823041514
2017-10-20,0.40820986641565554
2017-10-21,0.7782810393263413
2017-10-22,0.8366971039416087
2017-10-23,0.5366348497644446
2017-10-24,0.26183001168818437
2017-10-25,0.08566966567218973
2017-10-26,0.565126850757091
2017-10-27,1.1646334864573153
2017-10-28,0.7767645355688335
2017-10-29,1.1387981862018381
2017-10-30,0.10622564431098734
2017-10-31,0.3253121818817356
2017-11-01,0.2822438157058732
2017-11-02,-0.13459166317457152
2017-11-03,0.4115171422655003
2017-11-04,0.5692142700354268
2017-11-05,1.2025079211599619
2017-11-06,-0.09918368270217688
2017-11-07,0.42138072722195874
2017-11-08,-0.19763020523564087
2017-11-09,0.10116970216897743
2017-11-10,0.1464830640798216
2017-11-11,0.7687267216313248
2017-11-12,0.40401158620132893
2017-11-13,-0.27751391872820336
2017-11-14,-0.4633846770469865
2017-11-15,-0.4866129972925362
2017-11-16,-0.30712482296409843
2017-11-17,0.2690917119823234
2017-11-18,0.7518838701514624
2017-11-19,0.391449268306112
2017-11-20,-0.20893548235775125
2017-11-21,-0.28338193184896204
2017-11-22,0.019609175794935062
2017-11-23,-0.18225789596208133
2017-11-24,-0.46756421949012
2017-11-25,0.445211787100174
2017-11-26,0.16592387116450455
2017-11-27,-0.25820535324054383
2017-11-28,0.01754851783333192
2017-11-29,-0.30235790166139187
2017-11-30,-0.010186477091565596
2017-12-01,-0.39525418323837647
2017-12-02,-0.005371437140080257
2017-12-03,0.27566636042973114
2017-12-04,-0.08721834326888443
2017-12-05,-0.18422354361801957
2017-12-06,-0.2682995842781117
2017-12-07,0.09125069853017394
2017-12-08,0.1243622724747828
2017-12-09,-0.03978821875688907
2017-12-10,0.1522453434861888
2017-12-11,-0.11239449826780332
2017-12-12,0.00602368935628152
2017-12-13,0.008298747167638764
2017-12-14,-0.09458843713840495
2017-12-15,-0.29817393169284284
2017-12-16,0.10404216029820332
2017-12-17,-0.12609522420544703
2017-12-18,-0.3484021230514408
2017-12-19,-0.4861491368574675
2017-12-20,-0.1534636434943069
2017-12-21,-0.4794876579101533
2017-12-22,-0.26233550050659377
2017-12-23,-0.8831075092059575
2017-12-24,-0.9452708992561033
2017-12-25,0.7931252423834827
2017-12-26,2.386795017939693
2017-12-27,1.5021740763151759
2017-12-28,0.8625990495687056
2017-12-29,-0.13196651657190442
2017-12-30,0.08993538057427053
2017-12-31,-1.126643441155953
2018-01-01,0.624158718568592
2018-01-02,1.2075427652201314
2018-01-03,0.3215324677269743
2018-01-04,1.1166407391983992
2018-01-05,0.41612405632276434
2018-01-06,0.3641481931108489
2018-01-07,-0.15998838087222483
2018-01-08,-0.5418885885010398
2018-01-09,-0.5123366123594417
2018-01-10,-0.5345019126513555
2018-01-11,-0.2365440761438666
2018-01-12,-0.04876692325034407
2018-01-13,0.6387461436285565
2018-01-14,0.1300244475350377
2018-01-15,-0.23272179741084098
2018-01-16,0.30086205487817136
2018-01-17,-0.17546187299261182
2018-01-18,0.20499268740046356
2018-01-19,0.012021078570681966
2018-01-20,0.998979653501418
2018-01-21,0.9042909726849061
2018-01-22,-0.012488225667871906
2018-01-23,-0.14261007130113723
2018-01-24,-0.33467841853847674
2018-01-25,-0.2346170794967788
2018-01-26,-0.07112178818306769
2018-01-27,0.8651251453489984
2018-01-28,0.11318383804717055
2018-01-29,0.19178474125163167
2018-01-30,0.22855953693081069
2018-01-31,0.47500492258671245
2018-02-01,0.26925874598905025
2018-02-02,0.49615014672794866
2018-02-03,0.9119075065658119
2018-02-04,0.36605164750599345
2018-02-05,-0.04395307316968834
2018-02-06,-0.031534694551924945
2018-02-07,0.13659192694517833
2018-02-08,-0.027268478280414205
2018-02-09,0.10028341923182231
2018-02-10,0.7407577066323539
2018-02-11,0.8370737824832156
2018-02-12,0.07433890201340933
2018-02-13,-0.17369092549515253
2018-02-14,0.3396063916856114
2018-02-15,0.3357526244094223
2018-02-16,0.418058893185538
2018-02-17,1.070196159095196
2018-02-18,0.135175831220029
2018-02-19,-0.21055169417426778
2018-02-20,-0.0646853497686886
2018-02-21,-0.09206193715147835
2018-02-22,0.008883070109084198
2018-02-23,0.447056304848855
2018-02-24,1.0205598376472724
2018-02-25,1.061311575260419
2018-02-26,0.20386301502941803
2018-02-27,0.6242600312029465
2018-02-28,1.9216029349416381
2018-03-01,0.810462079570379
2018-03-02,0.5657547213540265
2018-03-03,1.604366120046602
2018-03-04,0.67166917011951
2018-03-05,0.2321732832955253
2018-03-06,0.21296699768688282
2018-03-07,0.15505510582763307
2018-03-08,-0.21639187128066803
2018-03-09,0.032773052416617314
2018-03-10,1.164064992525944
2018-03-11,0.6543628676026546
2018-03-12,0.6094357493221578
2018-03-13,-0.016421087433305205
2018-03-14,0.12490304716553281
2018-03-15,0.04614182861878341
2018-03-16,0.5338142440147298
2018-03-17,1.3937157691523934
2018-03-18,0.9763185144253529
2018-03-19,0.2225526670400492
2018-03-20,-0.22294328723504384
2018-03-21,0.03723410402935355
2018-03-22,0.19904990980443651
2018-03-23,0.01609655762079796
2018-03-24,-0.028988559465304233
2018-03-25,-0.21414124250245017
2018-03-26,0.10904409873647408
2018-03-27,-0.10214221945424674
2018-03-28,0.6780865322729703
2018-03-29,0.5531337268838424
2018-03-30,0.6445737114209202
2018-03-31,0.18289874165677913
2018-04-01,0.3076768003710219
2018-04-02,-0.21842967007689368
2018-04-03,0.09007184750592338
2018-04-04,0.18465099909716345
2018-04-05,0.3079804726820609
2018-04-06,-0.21318388336606156
2018-04-07,-0.9043986109708264
2018-04-08,-0.4798087216405053
2018-04-09,-0.014798728928693059
2018-04-10,0.21752171764058048
2018-04-11,-0.005607250897988266
2018-04-12,-0.13022748817784646
2018-04-13,-0.17908739496199366
2018-04-14,-0.1803292047483166
2018-04-15,-0.34818090905180316
2018-04-16,-0.19581896650888272
2018-04-17,-0.2979573643893117
2018-04-18,-0.1747805998007498
2018-04-19,-0.7885023051359
2018-04-20,-0.625961685846395
2018-04-21,-1.2970260553742985
2018-04-22,-1.0233520446424809
2018-04-23,-0.2961646414420234
2018-04-24,-0.37460618146367536
2018-04-25,-0.13730842316323555
2018-04-26,0.5240191484427082
2018-04-27,-0.3369493543428557
2018-04-28,-0.15484288428190338
2018-04-29,-0.12908037997502436
2018-04-30,0.2688644604515304
2018-05-01,0.6293259390993081
2018-05-02,-0.03699340219493275
2018-05-03,0.17180977023680294
2018-05-04,0.06786896351903376
2018-05-05,-0.37384383486987394
2018-05-06,-0.6470099249350926
2018-05-07,-0.24838193505466097
2018-05-08,0.1555134855808277
2018-05-09,0.6872913162381863
2018-05-10,1.0007116654460784
2018-05-11,0.08254474689658962
2018-05-12,-0.847654265143809
2018-05-13,-0.04092882232812767
2018-05-14,0.12924786008720052
2018-05-15,0.10865777446137329
2018-05-16,0.2977486019056211
2018-05-17,0.14673009560240968
2018-05-18,0.45934533301176445
2018-05-19,-0.4216229867175089
2018-05-20,-0.1412134412693001
2018-05-21,-0.31879197372934936
2018-05-22,-0.20668620949494299
2018-05-23,-0.2765838257377306
2018-05-24,-0.391056556367666
2018-05-25,-0.6739940056922928
2018-05-26,-1.145477455153947
2018-05-27,-0.602047137234841
2018-05-28,-0.13895691682974004
2018-05-29,-0.01734317242683078
2018-05-30,-0.13701443483751616
2018-05-31,0.017385296314921077
2018-06-01,-0.196691059835444
2018-06-02,-0.7243010722353428
2018-06-03,-0.6724076609500672
2018-06-04,-0.4128892653742117
2018-06-05,-0.14440313327566878
2018-06-06,-0.05036474186327512
2018-06-07,-0.15673141432063076
2018-06-08,0.17661389143289757
2018-06-09,-0.30028549668719673
2018-06-10,-0.036685281752441214
2018-06-11,0.48438647926662814
2018-06-12,0.6386072195452082
2018-06-13,0.8023874031915763
2018-06-14,0.26663531142270447
2018-06-15,-0.042515460373857845
2018-06-16,0.09080832127315543
2018-06-17,-0.59963763370487
2018-06-18,-0.22768691491973828
2018-06-19,-0.19648409782978624
2018-06-20,-0.15296050781330786
2018-06-21,-0.34685032956724043
2018-06-22,-0.9582759749861484
2018-06-23,-1.3116846602611285
2018-06-24,-0.6357662093552899
2018-06-25,-0.44363803739263047
2018-06-26,-0.28978624646593565
2018-06-27,-0.6211968936317849
2018-06-28,-0.4649745641229782
2018-06-29,-0.6151028938670801
2018-06-30,-1.4922371785461455
2018-07-01,-1.3339594657184823
2018-07-02,-0.4092698477881535
2018-07-03,-0.24024873480708547
2018-07-04,0.21770656913792122
2018-07-05,-0.05975441689286081
2018-07-06,-0.12374039466785572
2018-07-07,-1.219797269328846
2018-07-08,-0.6326700417860704
2018-07-09,-0.5181861250486564
2018-07-10,-0.39020674904941877
2018-07-11,-0.724018449877487
2018-07-12,-0.5038203291192171
2018-07-13,-0.7684572657187771
2018-07-14,-1.1340026222990123
2018-07-15,-1.0062781363156927
2018-07-16,-0.2574922378403784
2018-07-17,0.09906999914919055
2018-07-18,-0.24849098895115898
2018-07-19,0.05076146078995603
2018-07-20,0.03162926587049907
2018-07-21,0.0014248556272402212
2018-07-22,-0.5147278795500668
2018-07-23,-0.15558274449733855
2018-07-24,-0.030725288730942792
2018-07-25,-0.17618432791235278
2018-07-26,-0.49297550022279363
2018-07-27,-0.9798129649995212
2018-07-28,-0.32153300937785156
2018-07-29,-0.989659038057753
2018-07-30,-0.14671921965759183
2018-07-31,-0.2517091222095552
2018-08-01,0.09069963507352953
2018-08-02,0.05636660896564937
2018-08-03,0.08433957768756276
2018-08-04,-0.3794144104030535
2018-08-05,-0.7676514585408787
2018-08-06,0.18488158590855766
2018-08-07,0.2800672608566792
2018-08-08,-0.07723012736755448
2018-08-09,0.5894508022078433
2018-08-10,0.11070019729493173
2018-08-11,-0.4563008958812378
2018-08-12,-0.34765394757605284
2018-08-13,0.0725826641781827
2018-08-14,0.1325960123530059
2018-08-15,0.4816977433572973
2018-08-16,0.22348303690595028
2018-08-17,0.03608283434881215
2018-08-18,-0.19556243416121408
2018-08-19,-0.613631760292822
2018-08-20,-0.15148558925807853
2018-08-21,-0.1460347686618956
2018-08-22,-0.015306863110381921
2018-08-23,-0.20552749022368305
2018-08-24,-0.14169571116562668
2018-08-25,0.10759831033319296
2018-08-26,-0.018716574318289485
2018-08-27,-0.05769532883538336
2018-08-28,-0.07294361745148677
2018-08-29,0.22077350765533324
2018-08-30,0.22516847998991105
2018-08-31,0.4365206777425883
2018-09-01,1.1660840082507817
2018-09-02,2.301758862540272
2018-09-03,-0.02432267874671458
2018-09-04,-0.10047005173889842
2018-09-05,-0.1624485877550462
2018-09-06,0.25370353474247137
2018-09-07,-0.18919755615428893
2018-09-08,-0.8651012690706185
2018-09-09,-0.9369064409574295
2018-09-10,-0.3088363733434271
2018-09-11,-0.31449650651413985
2018-09-12,-0.43267715802778883
2018-09-13,0.04269578240018965
2018-09-14,-0.2578841335085163
2018-09-15,-0.602584086045897
2018-09-16,-0.49867338916109416
2018-09-17,0.1605700933072389
2018-09-18,-0.16846926222249256
2018-09-19,-0.33999601255966994
2018-09-20,-0.3270875245088622
2018-09-21,-0.35116010156096195
2018-09-22,-0.35205802272585796
2018-09-23,-0.386818177263605
2018-09-24,-0.30441337428174403
2018-09-25,-0.20171433614505216
2018-09-26,0.045625128692160816
2018-09-27,-0.09520737685164243
2018-09-28,0.18043977613474352
2018-09-29,-0.43654157619743666
2018-09-30,-0.13894592624174432
2018-10-01,0.47766691908095643
2018-10-02,-0.05403520856897579
2018-10-03,0.17259776865487358
2018-10-04,-0.01424191821769965
2018-10-05,0.004720463786324819
2018-10-06,0.2715298156177813
2018-10-07,-0.1320139321044114
2018-10-08,-0.29448448439690816
2018-10-09,-0.2690477641935521
2018-10-10,-0.39625384734482105
2018-10-11,0.033034552077892354
2018-10-12,-0.5877057073210239
2018-10-13,-0.6275465982866756
2018-10-14,-0.5540771953896312
2018-10-15,-0.42275289050304243
2018-10-16,-0.29763995728841924
2018-10-17,-0.34136468281944904
2018-10-18,-0.12865766564019301
2018-10-19,-0.18241817119607343
2018-10-20,-0.3819796214717244
2018-10-21,0.10111276712369408
2018-10-22,0.16883681160150765
2018-10-23,-0.08285255243269782
2018-10-24,0.19068078157928167
2018-10-25,0.3572176214703838
2018-10-26,0.058808880341949525
2018-10-27,1.1527102832753942
2018-10-28,0.7187493114630118
2018-10-29,0.064488661153531
2018-10-30,-0.029760756957426124
2018-10-31,0.23579905765489756
2018-11-01,0.4601564560530917
2018-11-02,0.6730336177584827
2018-11-03,0.8219306895877674
2018-11-04,0.4523954277196163
2018-11-05,0.217628391808679
2018-11-06,-0.03551047032010559
2018-11-07,0.1021185267778777
2018-11-08,1.3991070774988348
2018-11-09,0.5430499060765634
2018-11-10,1.3062862601157197
2018-11-11,0.3953272299656079
2018-11-12,0.012335566930814544
2018-11-13,-0.08865902190372676
2018-11-14,0.22038081723882744
2018-11-15,0.0540176212177194
2018-11-16,0.8599386271047815
2018-11-17,0.8834460432628374
2018-11-18,0.5208598803084461
2018-11-19,-0.18218654133028453
2018-11-20,-0.30828579296935654
2018-11-21,-0.3476827270226925
2018-11-22,-0.37817035320857334
2018-11-23,-0.7121012760810465
2018-11-24,0.313385444091342
2018-11-25,0.391079734505944
2018-11-26,-0.22278399224348394
2018-11-27,-0.3409706249360822
2018-11-28,-0.029988164458048774
2018-11-29,-0.22534426828871046
2018-11-30,-0.040547347811358735
2018-12-01,0.3081947526924219
2018-12-02,1.3565844316550466
2018-12-03,-0.16134791905810286
2018-12-04,-0.043653275322416266
2018-12-05,-0.14972487250560765
2018-12-06,-0.3899661748492197
2018-12-07,-0.2562744304085615
2018-12-08,0.4618619673947867
2018-12-09,0.14208237486179376
2018-12-10,-0.43314352202757217
2018-12-11,-0.7282004198616726
2018-12-12,-0.7443851768542589
2018-12-13,-0.5354924111933091
2018-12-14,-0.5422341520914992
2018-12-15,0.020682038907192026
2018-12-16,0.05759599052943336
2018-12-17,-0.5586695346933284
2018-12-18,-0.5788769279656709
2018-12-19,-0.5230869332236332
2018-12-20,-0.4728445256602955
2018-12-21,-0.4055661728952442
2018-12-22,-0.06290883788614265
2018-12-23,-0.1366046245948586
2018-12-24,-0.4107467146773684
2018-12-25,0.34073222206406817
2018-12-26,1.1452957959921481
2018-12-27,0.14910924398806868
2018-12-28,0.09761214848943732
2018-12-29,-0.5137648722094698
2018-12-30,0.6131357934666616
2018-12-31,-0.3548199420262965
2019-01-01,0.9138063283276995
2019-01-02,0.8412641636355355
2019-01-03,-0.0892776296321624
2019-01-04,0.39401401697509697
2019-01-05,-0.7602636711682451
2019-01-06,-0.5533987511326919
2019-01-07,-0.5448209493102537
2019-01-08,-0.4745867170038865
2019-01-09,-0.7591726073882853
2019-01-10,-0.6646297784337512
2019-01-11,-0.511183432994006
2019-01-12,0.8122158312680309
2019-01-13,0.5842059057715188
2019-01-14,-0.4470500173469484
2019-01-15,-0.7372815650367419
2019-01-16,-0.2917006465904879
2019-01-17,-0.01871155205731464
2019-01-18,-0.009586521580644556
2019-01-19,0.20869709777801546
2019-01-20,0.23580036029929666
2019-01-21,-0.23927065425049293
2019-01-22,-0.11220470257872948
2019-01-23,-0.19625445605066805
2019-01-24,0.048126903598775965
2019-01-25,0.2170150999568962
2019-01-26,0.7161611901318946
2019-01-27,0.6343315638345347
2019-01-28,-0.015818930470496435
2019-01-29,-0.18959985561881154
2019-01-30,-0.07549886669817048
2019-01-31,-0.2709525610634593
2019-02-01,0.47987163826510426
2019-02-02,1.602313865808959
2019-02-03,0.8670318211758328
2019-02-04,-0.06260936550809205
2019-02-05,-0.2922579994171499
2019-02-06,0.11199769878402291
2019-02-07,0.09211909649955402
2019-02-08,0.47907004281286497
2019-02-09,1.1513788200018857
2019-02-10,0.47536757722501
2019-02-11,-0.23494460602008194
2019-02-12,-0.30245963659847375
2019-02-13,-0.19614746342987102
2019-02-14,-0.5863986173259291
2019-02-15,-0.23530690921424813
2019-02-16,0.07435086459890553
2019-02-17,-0.16930886041087706
2019-02-18,-0.4746052191526091
2019-02-19,-0.1174828945585651
2019-02-20,-0.24114141926355276
2019-02-21,-0.4760879327497738
2019-02-22,-0.04617037968804716
2019-02-23,0.003135443620179713
2019-02-24,-0.25847275016846655
2019-02-25,-0.4221448585244815
2019-02-26,-0.20051723166324154
2019-02-27,-0.16183827230792117
2019-02-28,-0.06460987777129797
2019-03-01,0.3931216578197863
2019-03-02,0.20461220871052582
2019-03-03,-0.1973078795323078
2019-03-04,-0.3961830680283131
2019-03-05,-0.11763226154727936
2019-03-06,-0.2114772031320791
2019-03-07,-0.29006404728375035
2019-03-08,0.18567799207130115
2019-03-09,0.9345910385789985
2019-03-10,0.43803089949706914
2019-03-11,-0.4249041818086522
2019-03-12,-0.5516411604042929
2019-03-13,-0.2939630214370697
2019-03-14,-0.1031576559080277
2019-03-15,-0.2476837446209259
2019-03-16,-0.16533146139476299
2019-03-17,0.10657946351124013
2019-03-18,-0.3638374858722644
2019-03-19,-0.43316735970232306
2019-03-20,-0.42408416312599734
2019-03-21,-0.40544997388393994
2019-03-22,-0.3328210548590781
2019-03-23,-0.29920307802000445
2019-03-24,-0.584414329918283
2019-03-25,-0.17286686298003145
2019-03-26,0.08458387088541246
2019-03-27,0.6693540868006034
2019-03-28,0.35327020104726153
2019-03-29,-0.013406505306103642
2019-03-30,0.22848089787912307
2019-03-31,-0.4007530551421856
2019-04-01,-0.016953830527080996
2019-04-02,-0.07868518648273325
2019-04-03,0.5586076446202635
2019-04-04,0.268609052849885
2019-04-05,0.3859111760278432
2019-04-06,0.5251212040839944
2019-04-07,0.6808818773816553
2019-04-08,-0.22396996645295159
2019-04-09,-0.10724217603296853
2019-04-10,0.07805201492313137
2019-04-11,0.18218326626929923
2019-04-12,-0.061799934605103427
2019-04-13,0.697272665438831
2019-04-14,0.6107837409346025
2019-04-15,-0.30507490609982263
2019-04-16,0.12623964866478352
2019-04-17,-0.3038132069571658
2019-04-18,-0.058602275025847035
2019-04-19,-0.9589512442149555
2019-04-20,-1.3935179302794438
2019-04-21,-0.4993216130667004
2019-04-22,-0.7848487051952102
2019-04-23,-0.34494333728785354
2019-04-24,0.3658001818277246
2019-04-25,0.5224340874307755
2019-04-26,1.027068925625552
2019-04-27,0.969312209214312
2019-04-28,0.753805359846178
2019-04-29,0.19488418545897143
2019-04-30,0.29307797472842195
2019-05-01,0.5865961834274124
2019-05-02,0.24548261847525535
2019-05-03,0.7685018688836086
2019-05-04,1.1228293524103412
2019-05-05,0.6794658543903092
2019-05-06,0.24653959694014813
2019-05-07,0.2839111492314332
2019-05-08,0.3724313700757633
2019-05-09,0.27908729843711105
2019-05-10,0.9736226897766456
2019-05-11,1.009816810981095
2019-05-12,0.4379015845431851
2019-05-13,0.2351224539005689
2019-05-14,0.1734372528825832
2019-05-15,0.13420148117544242
2019-05-16,0.12953638637874715
2019-05-17,0.32175731601087526
2019-05-18,0.32599749664201894
2019-05-19,0.05476756702997874
2019-05-20,0.2172200999982504
2019-05-21,0.016320076720359025
2019-05-22,0.23705352389694673
2019-05-23,-0.18094157720755477
2019-05-24,-0.4332230381557414
2019-05-25,-0.029816927424878622
2019-05-26,-0.19711869502980767
2019-05-27,-0.31317270175506434
2019-05-28,-0.08093089550453515
2019-05-29,0.4163243293321669
2019-05-30,-1.1869376941719796
2019-05-31,-0.6308744302529743
2019-06-01,-1.5552278395120196
2019-06-02,-1.0387855414575518
2019-06-03,-0.37501286235256653
2019-06-04,-0.39167225273323747
2019-06-05,-0.2063655885012424
2019-06-06,-0.1830104611749403
2019-06-07,-0.50493875945155
2019-06-08,-0.5150213849521968
2019-06-09,1.863289214991178
2019-06-10,1.0396105472214154
2019-06-11,0.3929033148643608
2019-06-12,0.4212297566533367
2019-06-13,0.165415536146457
2019-06-14,0.05725578775684828
2019-06-15,-0.162466665659578
2019-06-16,0.02808262480354183
2019-06-17,0.3506948139021215
2019-06-18,0.11024094551275863
2019-06-19,-0.03417659184569235
2019-06-20,0.6367490840623381
2019-06-21,0.3997276419801236
2019-06-22,0.36699657353322684
2019-06-23,-0.37398963300520305
2019-06-24,-0.3056658563845276
2019-06-25,-0.23038236552327584
2019-06-26,-0.048826256762600315
2019-06-27,-0.1069920775655228
2019-06-28,-0.09747854324137435
2019-06-29,-0.7253852817981055
2019-06-30,-0.3562959373847293
2019-07-01,0.22934914450357533
2019-07-02,0.5191457890915263
2019-07-03,0.5286239172840009
2019-07-04,0.652758751795372
2019-07-05,1.0600293153207636
2019-07-06,0.4443617732765161
2019-07-07,0.22431448058371428
2019-07-08,0.10064884766426548
2019-07-09,-0.07787689803922705
2019-07-10,0.2487713041869638
2019-07-11,0.06968254430679023
2019-07-12,-0.3156258745939583
2019-07-13,-0.6918023439714323
2019-07-14,-0.5473737568670488
2019-07-15,0.17890342132280518
2019-07-16,-0.00346352513739741
2019-07-17,0.1696662188231697
2019-07-18,-0.16729502443344274
2019-07-19,-0.4292960228465133
2019-07-20,-0.5943682011268243
2019-07-21,-0.2958103934348049
2019-07-22,0.1445738365245528
2019-07-23,-0.2590729842406824
2019-07-24,-0.13186234552103931
2019-07-25,-0.2447528660005138
2019-07-26,-0.11082153724611071
2019-07-27,0.6396014318054434
2019-07-28,1.6324582206184859
2019-07-29,0.20074341414249655
2019-07-30,0.4009402353470395
2019-07-31,0.40007579618189637
2019-08-01,0.5902683145887361
2019-08-02,0.614256277155852
2019-08-03,-0.49299619298526565
2019-08-04,-1.0105100096451447
2019-08-05,0.08084674825668753
2019-08-06,0.737717624771505
2019-08-07,0.5467012580246985
2019-08-08,-0.39643463539989987
2019-08-09,-0.2390310221131026
2019-08-10,0.4027567827055065
2019-08-11,-0.096156888858517
2019-08-12,0.5440707899391644
2019-08-13,-0.06684554788526945
2019-08-14,0.11238634440299453
2019-08-15,0.5603454810033727
2019-08-16,0.07374443438530365
2019-08-17,0.16317020898042406
2019-08-18,-0.5802084609102415
2019-08-19,0.17913742393450668
2019-08-20,-0.026277109049260193
2019-08-21,-0.3163268782452783
2019-08-22,-0.13989997225968195
2019-08-23,-0.298269245847214
2019-08-24,-0.4701139194801921
2019-08-25,-0.8369516507032894
2019-08-26,-0.621421666649166
2019-08-27,-0.4639070472349501
2019-08-28,-0.05539893131496995
2019-08-29,-0.4078521684754232
2019-08-30,-0.12861478254744865
2019-08-31,-0.05828901186001634
2019-09-01,2.0378125127906936
2019-09-02,-0.11573546646468708
2019-09-03,-0.591751977626019
2019-09-04,-0.3923010489343257
2019-09-05,-0.12965283192911842
2019-09-06,-0.1535198184854185
2019-09-07,0.038038656748690725
2019-09-08,0.7737146787105491
2019-09-09,-0.2948449188170325
2019-09-10,-0.04142151044928818
2019-09-11,-0.1812492513512553
2019-09-12,-0.5157649584757696
2019-09-13,-0.46496036672789276
2019-09-14,-0.6167585805251885
2019-09-15,-0.6123216391227898
2019-09-16,-0.07046327350546223
2019-09-17,-0.5072921163513534
2019-09-18,-0.25461309772800955
2019-09-19,-0.408622130518331
2019-09-20,-0.3836489699549043
2019-09-21,-0.6026136580472257
2019-09-22,-0.3431789653989672
2019-09-23,-0.18759358712562207
2019-09-24,-0.10923778173002822
2019-09-25,0.5087696917044863
2019-09-26,0.12530170495249987
2019-09-27,-0.07958632844430552
2019-09-28,-0.23778364077582345
2019-09-29,-0.8212211711337434
2019-09-30,-0.19530146654141234
2019-10-01,-0.361292193522031
2019-10-02,-0.19548204283357246
2019-10-03,-0.19235566629486622
2019-10-04,0.36972318438664975
2019-10-05,0.297518782528701
2019-10-06,0.4889130750591793
2019-10-07,-0.20772472967639188
2019-10-08,-0.0623542926537319
2019-10-09,0.2778338830009838
2019-10-10,-0.12735300663650956
2019-10-11,-0.3033013428346779
2019-10-12,-0.36557222290232294
2019-10-13,-0.14447964152983778
2019-10-14,0.14498929251283163
2019-10-15,-0.013965846511953863
2019-10-16,0.091175732342762
2019-10-17,-0.038818216085823934
2019-10-18,0.3544589207196019
2019-10-19,1.1079266475685252
2019-10-20,-0.025135110288994712
2019-10-21,-0.07521724014156331
2019-10-22,0.07891771307316192
2019-10-23,-0.1234063905477579
2019-10-24,-0.2958083509662789
2019-10-25,0.11727863959528069
2019-10-26,-0.4553435634356351
2019-10-27,-0.4258755813440556
2019-10-28,-0.2588324465099457
2019-10-29,-0.1659922117756804
2019-10-30,-0.0451228367970534
2019-10-31,0.10408845509842526
2019-11-01,0.5729930545619231
2019-11-02,0.7987630440487635
2019-11-03,0.9499155969059762
2019-11-04,-0.21681337918065063
2019-11-05,-0.24879990236183455
2019-11-06,0.03096387777374216
2019-11-07,-0.12125905297743582
2019-11-08,0.080700339144205685
2019-11-09,0.7349311016281748
2019-11-10,0.45823943347727863
2019-11-11,-0.33393726197000534
2019-11-12,-0.6037132740806973
2019-11-13,-0.22039127445806084
2019-11-14,-0.22913679703655904
2019-11-15,0.12177013256237054
2019-11-16,0.5630589586466269
2019-11-17,0.712318546787831
2019-11-18,-0.5518472640693562
2019-11-19,-0.5027245572635196
2019-11-20,0.049782612631779105
2019-11-21,-0.2542854109136808
2019-11-22,-0.014103724503204657
2019-11-23,0.6516564711004946
2019-11-24,0.32048081385373645
2019-11-25,-0.25422246159806217
2019-11-26,-0.5091462283429183
2019-11-27,0.003990652221708768
2019-11-28,-0.2862287644774843
2019-11-29,-0.2223537698723827
2019-11-30,0.2700457425564749
2019-12-01,0.4949309213318696
2019-12-02,0.1638530342166796
2019-12-03,-0.07823920374015625
2019-12-04,0.0773538257506657
2019-12-05,-0.24979332299354257
2019-12-06,0.4259143594962795
2019-12-07,0.6558368476071021
2019-12-08,0.6071071043825217
2019-12-09,0.4698654569766421
2019-12-10,-0.019838405522798697
2019-12-11,-0.4708827605910798
2019-12-12,-0.2649377915786033
2019-12-13,-0.24372747575712217
2019-12-14,0.1357379334872826
2019-12-15,-0.2213608329773992
2019-12-16,-0.30905789551886215
2019-12-17,-0.40293068595168485
2019-12-18,-0.09243678406962597
2019-12-19,-0.37188309752813054
2019-12-20,-0.43575475815769166
2019-12-21,0.46509028464604557
2019-12-22,1.1399128205122324
2019-12-23,0.7617907558210493
2019-12-24,-0.37761385002752346
2019-12-25,0.8514075452735291
2019-12-26,1.7280053678431342
2019-12-27,0.6240307072423272
2019-12-28,-0.10797504272046039
2019-12-29,0.04054399475404407
2019-12-30,0.3057852855000449
2019-12-31,-0.15990953279165132
2020-01-01,0.2889253095395429
2020-01-02,0.6330256220810873
2020-01-03,0.039142347999363745
2020-01-04,0.12705366600726428
2020-01-05,-1.0487720232194668
2020-01-06,-1.3020436424007118
2020-01-07,-0.5445560012385182
2020-01-08,-0.7089269458984054
2020-01-09,-0.7907213984710458
2020-01-10,-0.5642163519406906
2020-01-11,0.16015436173590566
2020-01-12,-0.39318051028386464
2020-01-13,-0.16461813463752067
2020-01-14,-0.7484819673737158
2020-01-15,-0.4471431842901266
2020-01-16,-0.16786219811314843
2020-01-17,0.14655558610501856
2020-01-18,0.8984509148439899
2020-01-19,0.593257397516882
2020-01-20,-0.09470310317934712
2020-01-21,-0.1875067170606819
2020-01-22,0.19309056673099406
2020-01-23,-0.12510519958484845
2020-01-24,0.3958102059471584
2020-01-25,0.7818228074296686
2020-01-26,0.5977711943907816
2020-01-27,-0.23811252310143446
2020-01-28,-0.5316914028135905
2020-01-29,-0.2018256319456757
2020-01-30,-0.39882849325397113
2020-01-31,-0.2130849572265938
2020-02-01,0.6123175569815738
2020-02-02,0.7725981565996731
2020-02-03,-0.20840943893494446
2020-02-04,-0.22319220000157397
2020-02-05,-0.5405925516981824
2020-02-06,-0.5452067946074344
2020-02-07,-0.2855664584198283
2020-02-08,0.06998975426377617
2020-02-09,-0.08982941414794252
2020-02-10,-0.37868915781185497
2020-02-11,-0.31541973663666356
2020-02-12,-0.42992044033849164
2020-02-13,-0.06992822040440039
2020-02-14,0.06818590137222162
2020-02-15,-0.3143699372089242
2020-02-16,-0.04938947410534866
2020-02-17,-0.013241188085072799
2020-02-18,-0.18047528855872433
2020-02-19,-0.04591042636204819
2020-02-20,-0.5417571916492954
2020-02-21,-0.5269928815601552
2020-02-22,-0.6119704249965912
2020-02-23,-0.3839939064590794
2020-02-24,-0.276519697397116
2020-02-25,-0.3622110622455256
2020-02-26,-0.11306758512830399
2020-02-27,-0.16564732198178536
2020-02-28,1.6200954579067017
2020-02-29,0.9269526195581256
2020-03-01,-0.4245847983393446
2020-03-02,-0.19828494703386212
2020-03-03,-0.47077383950224694
2020-03-04,0.49408189254452717
2020-03-05,0.7181783618987778
2020-03-06,0.4429683248505257
2020-03-07,0.6715331010155281
2020-03-08,-0.5279473683516679
2020-03-09,-0.3803414641192704
2020-03-10,-0.010936247134966512
2020-03-11,0.1996998620818538
2020-03-12,-0.22899092046430938
2020-03-13,0.5750570778236033
2020-03-14,-0.9888220333425054
2020-03-15,-2.12419445930542
2020-03-16,-2.0424326638049295
2020-03-17,-2.320168800075901
2020-03-18,-2.5780894778455687
2020-03-19,-2.5791852280857936
2020-03-20,-3.0068355417828045
2020-03-21,-3.4002898841663662
2020-03-22,-2.8456053550412954
2020-03-23,-2.61744085877787
2020-03-24,-2.305445942245192
2020-03-25,-2.245416596529707
2020-03-26,-2.1777951700756746
2020-03-27,-2.6257430462838864
2020-03-28,-3.2206821657775646
2020-03-29,-2.8183696346975258
2020-03-30,-2.191997980644456
2020-03-31,-1.9388758557269727
2020-04-01,-2.1376358208493405
2020-04-02,-1.9082020304579193
2020-04-03,-2.480453107385673
2020-04-04,-3.2101723888857996
2020-04-05,-2.790681792712595
2020-04-06,-2.0805373133223783
2020-04-07,-2.1279018187945606
2020-04-08,-2.1976552831390213
2020-04-09,-2.11417531485352
2020-04-10,-3.406425749693486
2020-04-11,-3.215272749353307
2020-04-12,-3.0639807112553923
2020-04-13,-2.2180489114476467
2020-04-14,-1.9432654764486497
2020-04-15,-1.8896904901471645
2020-04-16,-1.9363689389387528
2020-04-17,-2.0866385110474326
2020-04-18,-2.995562766882877
2020-04-19,-2.502980342451812
2020-04-20,-1.79872540907992
2020-04-21,-1.7328517713009994
2020-04-22,-2.0712588581483
2020-04-23,-2.1985180317479935
2020-04-24,-2.3763323206278195
2020-04-25,-3.0641707294298173
2020-04-26,-2.7770001008232064
2020-04-27,-1.9486373774094883
2020-04-28,-1.835231666970763
2020-04-29,-1.515556919780197
2020-04-30,-1.6210325475037535
2020-05-01,-2.062610806364873
2020-05-02,-2.964867564612712
2020-05-03,-2.5645424065443887
2020-05-04,-1.8362881551810768
2020-05-05,-1.5722966691925033
2020-05-06,-2.0309394587900997
2020-05-07,-2.0158561200469247
2020-05-08,-2.0712938457914833
2020-05-09,-3.4588919589017095
2020-05-10,-2.6248326497622325
2020-05-11,-1.6098715642381527
2020-05-12,-1.8140893826045161
2020-05-13,-1.8919251158272465
2020-05-14,-1.884730066043935
2020-05-15,-2.151077971803646
2020-05-16,-2.8241253578731915
2020-05-17,-2.4460151560137406
2020-05-18,-1.6653606532958043
2020-05-19,-1.6929573989053202
2020-05-20,-1.9532275657859306
2020-05-21,-3.778973812147406
2020-05-22,-2.1411547189157933
2020-05-23,-2.877298803764776
2020-05-24,-2.3302635559744656
2020-05-25,-1.9157295760371045
2020-05-26,-1.7198000848777515
2020-05-27,-1.4976083485437284
2020-05-28,-1.8808298218273376
2020-05-29,-2.300480666373762
2020-05-30,-3.0369177597947883
2020-05-31,-3.277657169977453
2020-06-01,-2.354765315506464
2020-06-02,-1.937914642163124
2020-06-03,-1.4301188297558383
2020-06-04,-1.3919281241779078
2020-06-05,-1.5214321369536317
2020-06-06,-0.7564064294342031
2020-06-07,-1.4028072874687234
2020-06-08,-1.242177571072127
2020-06-09,-1.3569039364013091
2020-06-10,-1.0254375577887844
2020-06-11,-1.6146742013625086
2020-06-12,-1.8994404163267473
2020-06-13,-1.46131467481987
2020-06-14,-1.2795461549808633
2020-06-15,-1.6003121653606733
2020-06-16,-1.316729536394994
2020-06-17,-1.1239338262481935
2020-06-18,-1.5396618610106625
2020-06-19,-1.3885080503793117
2020-06-20,-2.354271505421504
2020-06-21,-1.8277692713524267
2020-06-22,-1.637196265056791
2020-06-23,-1.455078375974064
2020-06-24,-1.8252274009830909
2020-06-25,-1.7463671342149816
2020-06-26,-1.654196114494704
2020-06-27,-2.143058553229649
2020-06-28,-1.9364166224711927
2020-06-29,-1.6157583346818087
2020-06-30,-1.6714737257299876
2020-07-01,-1.712486748336305
2020-07-02,-1.9407259533446224
2020-07-03,-1.9013239341821948
2020-07-04,-3.1299430094995384
2020-07-05,-2.5066357493763873
2020-07-06,-1.6391378622837356
2020-07-07,-1.973864094749868
2020-07-08,-1.9398433332368084
2020-07-09,-2.1949171041611524
2020-07-10,-2.0254138273601683
2020-07-11,-1.9718146338771527
2020-07-12,-2.768169395785925
2020-07-13,-2.018000604059996
2020-07-14,-1.8608913279189636
2020-07-15,-1.31379820165228
2020-07-16,-1.7479715933708715
2020-07-17,-1.686098445406169
2020-07-18,-3.4618257113230095
2020-07-19,-3.2114183052076797
2020-07-20,-2.515661891816241
2020-07-21,-1.9838654391672803
2020-07-22,-1.168176520557267
2020-07-23,-1.9668831800845004
2020-07-24,-2.061113386140977
2020-07-25,-2.763225179414094
2020-07-26,-2.67166253050333
2020-07-27,-1.9934069911365995
2020-07-28,-2.0179233371647762
2020-07-29,-2.4026011532246363
2020-07-30,-2.127847238856789
2020-07-31,-2.9971162382740237
2020-08-01,-2.9215148607380668
2020-08-02,-1.4068905788843546
2020-08-03,-1.1673315916664302
2020-08-04,-1.7596674437910251
2020-08-05,-1.733147347990173
2020-08-06,-2.3269737987491528
2020-08-07,-2.4877593810260548
2020-08-08,-2.370655714428143
2020-08-09,-3.109976415837637
2020-08-10,-1.9503782961231537
2020-08-11,-2.192199440204639
2020-08-12,-1.7182961072963545
2020-08-13,-1.7304211540903198
2020-08-14,-0.8602107451621612
2020-08-15,-1.8947100837072188
2020-08-16,-2.569312228612011
2020-08-17,-1.8493323738078344
2020-08-18,-1.4920680190281035
2020-08-19,-1.7341019096342323
2020-08-20,-2.243019695560096
2020-08-21,-1.9051755296646784
2020-08-22,-1.2472602076381705
2020-08-23,-2.508510933458977
2020-08-24,-1.8363776607209144
2020-08-25,-1.522511470341173
2020-08-26,-2.088109447053915
2020-08-27,-1.7412406589554987
2020-08-28,-1.1118832038340107
2020-08-29,0.16561484441169205
2020-08-30,-0.16208165249985484
2020-08-31,-2.0957761048784955
2020-09-01,-1.5903680239532536
2020-09-02,-1.435274444865774
2020-09-03,-1.844512513014642
2020-09-04,-1.7755241361750176
2020-09-05,-1.6123195376224784
2020-09-06,-1.1614497223658975
2020-09-07,-1.6616836651578635
2020-09-08,-1.3683806222849877
2020-09-09,-1.94949574124205
2020-09-10,-1.981114666440769
2020-09-11,-1.8222190152687694
2020-09-12,-1.9395976814973153
2020-09-13,-2.1783935725374337
2020-09-14,-1.7333404495705609
2020-09-15,-1.5731722848118201
2020-09-16,-1.646271536349933
2020-09-17,-1.7917348429676634
2020-09-18,-2.034730595298957
2020-09-19,-1.4045191205198806
2020-09-20,-1.8634766168261563
2020-09-21,-1.909764805708644
2020-09-22,-1.566643555391882
2020-09-23,-1.7074183532803833
2020-09-24,-1.090269006326308
2020-09-25,-0.9308261065793203
2020-09-26,-0.9330041247727758
2020-09-27,-1.4893518341646774
2020-09-28,-1.7459241838390869
2020-09-29,-1.5584990252716024
2020-09-30,-1.557630605635547
2020-10-01,-1.3552028366205793
2020-10-02,-1.6861189840323954
2020-10-03,-1.4138272136148367
2020-10-04,-1.0939662630338605
2020-10-05,-1.2807040193634338
2020-10-06,-1.7592573430538383
2020-10-07,-1.6889976325941967
2020-10-08,-2.378329225165922
2020-10-09,-1.6116213964253991
2020-10-10,-1.9182874105437835
2020-10-11,-1.840791000428679
2020-10-12,-2.6032833734995147
2020-10-13,-2.0787835541929116
2020-10-14,-1.8701222395476222
2020-10-15,-1.9236493652787594
2020-10-16,-2.2044747696638702
2020-10-17,-2.285642592566452
2020-10-18,-2.436391838009806
2020-10-19,-2.8605725887540174
2020-10-20,-2.0821732148096723
2020-10-21,-2.4157007470614587
2020-10-22,-2.2319483325324865
2020-10-23,-2.5294329203583676
2020-10-24,-3.2887281803271082
2020-10-25,-3.06866953591026
2020-10-26,-3.0124364777651857
2020-10-27,-2.976477771104174
2020-10-28,-2.5857965611817266
2020-10-29,-1.7221031019457318
2020-10-30,-2.663469305077932
2020-10-31,-3.4062974543775772
2020-11-01,-3.1237876607192274
2020-11-02,-3.0136929619033
2020-11-03,-3.2520701624704933
2020-11-04,-2.95369074870049
2020-11-05,-3.276518917855014
2020-11-06,-3.667039631402027
2020-11-07,-3.8808951476397002
2020-11-08,-3.4582506900851215
2020-11-09,-3.0541000217978658
2020-11-10,-3.2230864930337697
2020-11-11,-3.2492092792810627
2020-11-12,-3.1582535201353505
2020-11-13,-3.002099977194739
2020-11-14,-3.7913622112975016
2020-11-15,-3.466548959251658
2020-11-16,-2.916838505342489
2020-11-17,-2.6232446754050067
2020-11-18,-3.3780992226772684
2020-11-19,-3.2749275169676686
2020-11-20,-2.8947344837864084
2020-11-21,-3.8522694750113113
2020-11-22,-3.304423569735055
2020-11-23,-3.2381669096536045
2020-11-24,-3.0324372176410126
2020-11-25,-2.852127569178489
2020-11-26,-2.240368765890419
2020-11-27,-3.0570310189938525
2020-11-28,-3.277933490219357
2020-11-29,-2.8524892171470424
2020-11-30,-2.5562573427159667
2020-12-01,-2.8686917146038073
2020-12-02,-2.903323767014059
2020-12-03,-2.6830252183591043
2020-12-04,-3.007307314391412
2020-12-05,-3.5240308266645104
2020-12-06,-3.52596575150845
2020-12-07,-2.9186574807528536
2020-12-08,-2.3997384512445583
2020-12-09,-2.543668968057342
2020-12-10,-3.224988548097814
2020-12-11,-3.163080432907343
2020-12-12,-3.8756407863538156
2020-12-13,-3.6244060880236133
2020-12-14,-3.370517899663578
2020-12-15,-3.1508876796374934
2020-12-16,-3.339410268465409
2020-12-17,-3.452950689633741
2020-12-18,-3.36546427819126
2020-12-19,-4.510608776879874
2020-12-20,-4.0562828502098185
2020-12-21,-3.2423617890804985
2020-12-22,-3.73804288676889
2020-12-23,-3.4967167954783696
2020-12-24,-4.139570496374079
2020-12-25,-4.1394008716648765
2020-12-26,-4.696744002577496
2020-12-27,-4.220459212596367
2020-12-28,-3.5946587596125363
2020-12-29,-3.8335037943749906
2020-12-30,-3.5423617848137865
2020-12-31,-3.6635600532793116
2021-01-01,-3.9352375569243843
2021-01-02,-4.066722703349884
2021-01-03,-3.3627363662034653
2021-01-04,-3.0395101338579558
2021-01-05,-3.5686361767800907
2021-01-06,-3.164538370965197
2021-01-07,-3.2657380245114904
2021-01-08,-3.4627724433143485
2021-01-09,-4.6126676209833715
2021-01-10,-3.1309290079855323
2021-01-11,-3.3309871272815323
2021-01-12,-2.8629517558624014
2021-01-13,-2.7457717237400305
2021-01-14,-3.181876928500451
2021-01-15,-3.1651231116004435
2021-01-16,-3.986721284210181
2021-01-17,-3.3965766059697033
2021-01-18,-2.9843734013765046
2021-01-19,-2.8633932912873505
2021-01-20,-3.0457923268191402
2021-01-21,-2.7027230156094895
2021-01-22,-2.8890437749843367
2021-01-23,-3.327947991034528
2021-01-24,-2.728748004645231
2021-01-25,-2.655946288694912
2021-01-26,-3.1145528442847428
2021-01-27,-3.330524961707141
2021-01-28,-3.0657788355224365
2021-01-29,-3.3392851007020616
2021-01-30,-3.1473842273747916
2021-01-31,-3.792436363266521
2021-02-01,-2.766994707441387
2021-02-02,-2.276826770084442
2021-02-03,-3.243373946233726
2021-02-04,-2.8996879854374753
2021-02-05,-3.2426981049103265
2021-02-06,-4.543143059737762
2021-02-07,-3.187024407945892
2021-02-08,-2.243962289650989
2021-02-09,-2.744174880252231
2021-02-10,-2.6878783735697693
2021-02-11,-3.460599276947665
2021-02-12,-3.4547329591087204
2021-02-13,-4.165069872745963
2021-02-14,-3.930822883587023
2021-02-15,-2.805963242977465
2021-02-16,-2.7103457403441964
2021-02-17,-2.888122891120305
2021-02-18,-2.5320769254817654
2021-02-19,-2.5034686388132017
2021-02-20,-4.382045505074659
2021-02-21,-3.7123744330898187
2021-02-22,-2.5488894063703462
2021-02-23,-2.895804300816429
2021-02-24,-2.7221912478595245
2021-02-25,-2.5255466254512573
2021-02-26,-2.967466181623875
2021-02-27,-3.535854350505473
2021-02-28,-3.1981942727923784
2021-03-01,-2.8309095557169703
2021-03-02,-2.954755882366435
2021-03-03,-2.3506180097451694
2021-03-04,-2.9185634935765385
2021-03-05,-2.833244401683321
2021-03-06,-3.56521901596185
2021-03-07,-3.0975767855635628
2021-03-08,-2.3280514504727297
2021-03-09,-2.6124591269481328
2021-03-10,-2.82644703135394
2021-03-11,-2.8329040409054045
2021-03-12,-3.294741439245584
2021-03-13,-3.901411489873573
2021-03-14,-3.2472765778789143
2021-03-15,-2.457467673594166
2021-03-16,-2.878581606036905
2021-03-17,-2.3282825389731276
2021-03-18,-2.68630608822067
2021-03-19,-3.2543962782381177
2021-03-20,-3.114030724329172
2021-03-21,-3.169212194082318
2021-03-22,-2.531144108608636
2021-03-23,-2.238674276684897
2021-03-24,-2.475048734919841
2021-03-25,-2.47713385055478
2021-03-26,-3.109100256428812
2021-03-27,-3.902090185442272
2021-03-28,-3.136016917218651
2021-03-29,-2.5744311415207792
2021-03-30,-2.5117889083887524
2021-03-31,-2.3073310215915295
2021-04-01,-2.462310036836712
2021-04-02,-3.650547117839034
2021-04-03,-3.3182754963635857
2021-04-04,-3.733618210682048
2021-04-05,-2.7001945408111885
2021-04-06,-2.1822113947539843
2021-04-07,-1.8977349933647458
2021-04-08,-2.287060123344659
2021-04-09,-3.0517397385463245
2021-04-10,-3.8112945011251305
2021-04-11,-3.108767068280132
2021-04-12,-2.593006428538924
2021-04-13,-2.115657670750663
2021-04-14,-1.6487651212725076
2021-04-15,-1.5111914111432965
2021-04-16,-2.1031529818704886
2021-04-17,-3.176041030506766
2021-04-18,-2.663958966293548
2021-04-19,-0.7621928359132196
2021-04-20,-1.7434765464628035
2021-04-21,-1.4694025229739962
2021-04-22,-1.565215853980624
2021-04-23,-2.283084508537853
2021-04-24,-3.3660255352972657
2021-04-25,-2.9467597156400087
2021-04-26,-1.6676541919200727
2021-04-27,-2.1551614989657013
2021-04-28,-2.0683188919172366
2021-04-29,-1.780906227420755
2021-04-30,-1.5503019292232283
2021-05-01,-0.9704088580929937
2021-05-02,-1.648464815236404
2021-05-03,-2.1059708226083567
2021-05-04,-1.651159841914811
2021-05-05,-2.2177187568607737
2021-05-06,-1.520946626716866
2021-05-07,-1.6001873453792137
2021-05-08,-2.826142490092954
2021-05-09,-2.626052485003714
2021-05-10,-1.57416934926744
2021-05-11,-1.617417088890096
2021-05-12,-1.3814517720395034
2021-05-13,-1.8442072849219062
2021-05-14,-2.0433064611978695
2021-05-15,-1.4123071831593306
2021-05-16,-1.7995031023279182
2021-05-17,-1.9772006344293402
2021-05-18,-1.2559896017145635
2021-05-19,-1.7254301140429658
2021-05-20,-1.9331014204150903
2021-05-21,-1.1788271333877338
2021-05-22,-2.4695491742050986
2021-05-23,-2.2827436696776617
2021-05-24,-1.7388931884190466
2021-05-25,-1.8932397750146541
2021-05-26,-1.4405617186115338
2021-05-27,-1.1460457619468285
2021-05-28,-1.3598789189046692
2021-05-29,-2.728792700878708
2021-05-30,-2.606698915401436
2021-05-31,-1.6105897774426932
2021-06-01,-1.3600464860491914
2021-06-02,-1.7357671261997754
2021-06-03,-1.5111219718101725
2021-06-04,-1.5662127172850213
2021-06-05,-1.2332622933518012
2021-06-06,-1.4494690775191266
2021-06-07,-1.418880557851546
2021-06-08,-1.3659660934822868
2021-06-09,-1.1323386231841226
2021-06-10,-0.822498881248927
2021-06-11,-1.9575789368313155
2021-06-12,-2.661086382391442
2021-06-13,-1.9618154186267973
2021-06-14,-1.1331563900723602
2021-06-15,-1.3564313603882006
2021-06-16,-1.3863907801162005
2021-06-17,-1.727299302543167
2021-06-18,-1.9929283952239782
2021-06-19,-2.654387546571457
2021-06-20,-1.7960305955750233
2021-06-21,-1.5297189993634501
2021-06-22,-1.4087690539257143
2021-06-23,-1.3052702707402946
2021-06-24,-1.1898849375460137
2021-06-25,-1.3748357264009792
2021-06-26,-2.7490248947544016
2021-06-27,-1.7256215931973073
2021-06-28,-1.7168916241934948
2021-06-29,-1.2016541991530716
2021-06-30,-1.5676140582140043
2021-07-01,-1.286024560066887
2021-07-02,-2.0594826730973503
2021-07-03,-1.2231977990314389
2021-07-04,-0.18634904624495097
2021-07-05,-1.0754725646535648
2021-07-06,-1.0627913339930664
2021-07-07,-1.6984430129635142
2021-07-08,-1.0319360871284706
2021-07-09,-2.130201737079522
2021-07-10,-1.6636663069058844
2021-07-11,-2.208774477989246
2021-07-12,-1.307319214391269
2021-07-13,-0.5992740355720352
2021-07-14,-0.6228474988763378
2021-07-15,-1.025002196446446
2021-07-16,-1.362700567632266
2021-07-17,-1.5400997061656903
2021-07-18,-1.2354069888203503
2021-07-19,-1.6690480158605645
2021-07-20,-1.8509743488564239
2021-07-21,-1.50180258708407
2021-07-22,-1.7507245571392174
2021-07-23,-2.0784544410509502
2021-07-24,-1.410648748271094
2021-07-25,-0.19905954153267882
2021-07-26,-1.0564155855061452
2021-07-27,-1.3893974068983936
2021-07-28,-1.146446322845612
2021-07-29,-1.7584999314445084
2021-07-30,-1.914542016862608
2021-07-31,-1.9586989987574586
2021-08-01,-0.4000739805792562
2021-08-02,-1.247612058679746
2021-08-03,-0.5423039582987249
2021-08-04,-0.10396531984049553
2021-08-05,-1.1155311874078302
2021-08-06,-1.2269782601554353
2021-08-07,-0.4756608282813424
2021-08-08,-1.212898934638261
2021-08-09,-1.0087540288303327
2021-08-10,-0.8110508288825301
2021-08-11,-0.9604165923599992
2021-08-12,-1.273417725776039
2021-08-13,-1.2991410557430714
2021-08-14,-1.9279825772996215
2021-08-15,-1.4835651793536297
2021-08-16,-1.2168515549993777
2021-08-17,-1.1993381511197836
2021-08-18,-1.1299131242279739
2021-08-19,-0.809086504017282
2021-08-20,-1.550813744607549
2021-08-21,-1.8484311918798393
2021-08-22,-0.582117626453583
2021-08-23,-1.1304210064998055
2021-08-24,-0.9117951863413669
2021-08-25,-0.9874862016256616
2021-08-26,-1.3117284217224991
2021-08-27,-1.0476935864493744
2021-08-28,-0.5452457020985187
2021-08-29,0.10911000276940176
2021-08-30,-1.0996259039378544
2021-08-31,-1.1661950256038824
2021-09-01,-1.0311316111431539
2021-09-02,-1.1369469946160293
2021-09-03,-0.9855460660848078
2021-09-04,-1.111193253535915
2021-09-05,0.14605936021971988
2021-09-06,-1.100766240519164
2021-09-07,-1.2438335785823231
2021-09-08,-1.0600308778418948
2021-09-09,-0.5708256408734514
2021-09-10,-0.7515025951590022
2021-09-11,-0.6402861388709962
2021-09-12,-0.8020653073000336
2021-09-13,-1.0585410357462588
2021-09-14,-1.1487362046243512
2021-09-15,-1.2878145563695207
2021-09-16,-0.8315440819357848
2021-09-17,-1.1341289646510637
2021-09-18,-1.265130154898936
2021-09-19,0.27618398835632185
2021-09-20,-0.685717774469866
2021-09-21,-1.1258637381079004
2021-09-22,-1.4962117475701158
2021-09-23,-1.2083396159260222
2021-09-24,-1.7472438229366984
2021-09-25,-0.4426212229917222
2021-09-26,-0.9335927943099845
2021-09-27,-1.4222973209180205
2021-09-28,-1.0371718327172057
2021-09-29,-0.88749543384293
2021-09-30,-0.6149147470686709
2021-10-01,-0.9047580151707096
2021-10-02,-0.4302092768489117
2021-10-03,-0.0021256091668028637
2021-10-04,-0.5866194761691842
2021-10-05,-0.7598600835973414
2021-10-06,-1.2466048607507607
2021-10-07,-1.0174636636819736
2021-10-08,-1.0389601771639838
2021-10-09,-0.7645605330324042
2021-10-10,-0.9850200973529708
2021-10-11,-0.9785497872496165
2021-10-12,-1.1066395371448836
2021-10-13,-1.1780241318067965
2021-10-14,-1.3709849185408254
2021-10-15,-1.3512619403912027
2021-10-16,-1.49264267392273
2021-10-17,-1.0775330747313054
2021-10-18,-1.2365163820295657
2021-10-19,-1.6534080019765056
2021-10-20,-1.5626900390075569
2021-10-21,-1.284341475815162
2021-10-22,-1.3049202252909686
2021-10-23,-1.4838782188401733
2021-10-24,-1.4486909285415432
2021-10-25,-1.7464126275205856
2021-10-26,-1.6061824021170128
2021-10-27,-1.8237214786048777
2021-10-28,-1.4534635372642357
2021-10-29,-1.4677527902432654
2021-10-30,-0.8549483808131247
2021-10-31,-1.247117924724514
2021-11-01,-0.8200090848234531
2021-11-02,-1.5069282422634678
2021-11-03,-1.8158606861861877
2021-11-04,-1.8373077760697354
2021-11-05,-1.2106760411545883
2021-11-06,-1.0849593042515884
2021-11-07,-1.0699694558208401
2021-11-08,-1.6623498045396214
2021-11-09,-1.975418150545093
2021-11-10,-1.8109005622820977
2021-11-11,-1.9000885793145084
2021-11-12,-1.7256530052513657
2021-11-13,-0.8683588567560774
2021-11-14,-1.0861754754121644
2021-11-15,-1.9415065659264448
2021-11-16,-1.6525153138986373
2021-11-17,-1.8684783864417824
2021-11-18,-1.5756226182767297
2021-11-19,-1.4921543686929328
2021-11-20,-1.7388298653834267
2021-11-21,-1.833573062800902
2021-11-22,-2.0560734583959
2021-11-23,-1.9897764891574374
2021-11-24,-1.7742978863734378
2021-11-25,-1.7680641625848679
2021-11-26,-1.535811606803475
2021-11-27,-1.5188703297311104
2021-11-28,-1.76375796767829
2021-11-29,-1.8820973862704817
2021-11-30,-2.0620363126136128
2021-12-01,-1.3283589957697137
2021-12-02,-1.8134019062219342
2021-12-03,-2.1431013602854487
2021-12-04,-1.3012115298944258
2021-12-05,-1.208295747857035
2021-12-06,-1.6541749986758714
2021-12-07,-1.4233053891485115
2021-12-08,-1.5359709094571639
2021-12-09,-1.9785886279960982
2021-12-10,-2.1280410000320438
2021-12-11,-1.6465828454861653
2021-12-12,-1.9202092958567494
2021-12-13,-2.2511020478310817
2021-12-14,-2.2085666819829712
2021-12-15,-1.8999779571306141
2021-12-16,-1.751330305957902
2021-12-17,-1.4928827039860053
2021-12-18,-1.205458680697754
2021-12-19,-1.2640946670387745
2021-12-20,-1.667419422125811
2021-12-21,-1.550752670459553
2021-12-22,-2.0978348683286123
2021-12-23,-2.3167028150317606
2021-12-24,-2.7265146714743462
2021-12-25,-2.712692351323438
2021-12-26,-0.42546289935902565
2021-12-27,-0.8611404631367656
2021-12-28,-0.2978115908075972
2021-12-29,-0.8081552023560641
2021-12-30,-1.6274074534628675
2021-12-31,-3.5332183876563414
2022-01-01,-2.941040049250689
2022-01-02,-2.0536735190144744
2022-01-03,-1.8492948719618216
2022-01-04,-1.7536550091023393
2022-01-05,-1.4436670613079927
2022-01-06,-1.4880387362530103
2022-01-07,-1.8299696582652978
2022-01-08,-1.3511965523847331
2022-01-09,-1.6104929514052115
2022-01-10,-1.9651025659687247
2022-01-11,-1.8745499232789502
2022-01-12,-1.7603997507025573
2022-01-13,-1.681917086585851
2022-01-14,-1.6635191563444132
2022-01-15,-1.6312645196620619
2022-01-16,-1.3725061363168536
2022-01-17,-1.5620736307640977
2022-01-18,-1.7704018910209545
2022-01-19,-1.4052370774793175
2022-01-20,-1.4934883239858585
2022-01-21,-1.4045844957630884
2022-01-22,-1.0901055630297662
2022-01-23,-1.5223715061554544
2022-01-24,-1.8197461878549888
2022-01-25,-1.2932111124682968
2022-01-26,-1.2263876786034116
2022-01-27,-1.6092918360443769
2022-01-28,-1.2590015033084119
2022-01-29,-1.4702734623638487
2022-01-30,-1.5909847057789104
2022-01-31,-1.406549164472321
2022-02-01,-1.222464449290395
2022-02-02,-1.1392649516689142
2022-02-03,-1.793377069959435
2022-02-04,-1.3144852529516666
2022-02-05,-1.008086457938105
2022-02-06,-1.2868150497812179
2022-02-07,-1.533581204854344
2022-02-08,-1.4210304719079894
2022-02-09,-1.4731772007551278
2022-02-10,-1.5221526271482713
2022-02-11,-1.4957164577088475
2022-02-12,-1.7385576805739207
2022-02-13,-1.5224208936477366
2022-02-14,-1.4532883936814238
2022-02-15,-1.1028333355042423
2022-02-16,-0.7566255045184768
2022-02-17,-0.7500365352227928
2022-02-18,-0.8159361753256158
2022-02-19,-0.19755011674960574
2022-02-20,-0.46418183053319184
2022-02-21,-1.2106344493827081
2022-02-22,-1.0576778884363869
2022-02-23,-1.3554871419250385
2022-02-24,-1.6296399278203453
2022-02-25,-1.3751102867090534
2022-02-26,-1.2556631442815318
2022-02-27,-1.3975056565470896
2022-02-28,-1.5427555103212511
2022-03-01,-1.0607418837652411
2022-03-02,-1.0945806019655893
2022-03-03,-1.0732148498826628
2022-03-04,-1.2177655224289285
2022-03-05,-0.9336177455794922
2022-03-06,-1.1852491316033689
2022-03-07,-0.9327170463539792
2022-03-08,-1.1718138780528555
2022-03-09,-1.1404381002227413
2022-03-10,-1.2870253464729091
2022-03-11,-0.9860363760538964
2022-03-12,-1.0334404728655966
2022-03-13,-0.5463000752834841
2022-03-14,-1.224416984164341
2022-03-15,-1.0195198671425068
2022-03-16,-1.0233411837464927
2022-03-17,-0.8536911081204276
2022-03-18,-0.18138014888162626
2022-03-19,-0.41234183212183645
2022-03-20,-1.0700213726797592
2022-03-21,-1.0288460525867713
2022-03-22,-0.8106275261563848
2022-03-23,-0.9767751580804771
2022-03-24,-1.42474217030847
2022-03-25,-0.9012566079304424
2022-03-26,-1.2217942795243313
2022-03-27,-1.1843207430890474
2022-03-28,-0.9620413989263503
2022-03-29,-0.6858259090177099
2022-03-30,-0.4401268333703712
2022-03-31,-0.36740655748800166
2022-04-01,-0.024397352822657883
2022-04-02,1.2654250751143288
2022-04-03,0.28438994634637343
2022-04-04,-0.5904378993188374
2022-04-05,-0.09980049252148143
2022-04-06,-0.3339038911628166
2022-04-07,-0.26617876747254626
2022-04-08,0.12271876624429456
2022-04-09,0.6432654084340524
2022-04-10,-0.41235592027922785
2022-04-11,-0.638070313212419
2022-04-12,-0.7260477926128449
2022-04-13,-1.0496228770930651
2022-04-14,-0.9945909926413634
2022-04-15,-1.4765902059043634
2022-04-16,-1.8397396231866276
2022-04-17,-1.6061140672696181
2022-04-18,-1.2495299520661742
2022-04-19,-0.5707895130781658
2022-04-20,-0.9645100888987068
2022-04-21,-0.6636161537081718
2022-04-22,-0.788331532547164
2022-04-23,-0.04313463829007215
2022-04-24,-0.09531540551182971
2022-04-25,-0.6118375044421593
2022-04-26,-0.525554776870772
2022-04-27,-0.22689524630680152
2022-04-28,-0.7212292302909947
2022-04-29,-0.9671067696217228
2022-04-30,-0.4562349189467265
2022-05-01,-0.9185503899198088
2022-05-02,-0.6434567872377276
2022-05-03,-0.6657663498005061
2022-05-04,-0.4192995807611573
2022-05-05,-0.10018216875938964
2022-05-06,-0.461155955328292
2022-05-07,-0.37097592489519216
2022-05-08,-0.5300984507885742
2022-05-09,-0.8776900971688261
2022-05-10,-0.18872718197741176
2022-05-11,-0.822259894918182
2022-05-12,-0.9274372291862254
2022-05-13,-0.6360624746713781
2022-05-14,-1.2332254659916435
2022-05-15,-1.2880774450010661
2022-05-16,-0.5783615394605774
2022-05-17,-0.6334430146458276
2022-05-18,-0.6809541086372681
2022-05-19,-0.487003272192828
2022-05-20,-0.8870981886574095
2022-05-21,-1.2991299396988965
2022-05-22,-0.26205609871231283
2022-05-23,-0.3008368820115786
2022-05-24,-0.09360854729786139
2022-05-25,-0.13785205279442045
2022-05-26,-1.2590278161971031
2022-05-27,-0.32821537065580036
2022-05-28,-0.7604551614619579
2022-05-29,-0.5221267750223934
2022-05-30,0.20488008620118917
2022-05-31,0.4971584010774613
2022-06-01,0.2779821288785237
2022-06-02,-0.4950706486547309
2022-06-03,-0.06859068941279674
2022-06-04,-0.7926546448028827
2022-06-05,1.3264981206016513
2022-06-06,0.2559614139217992
2022-06-07,-0.03733535062882376
2022-06-08,0.1454587209976164
2022-06-09,0.1285599583932752
2022-06-10,0.01977684066386316
2022-06-11,-0.0949259782037286
2022-06-12,-0.5759325361500769
2022-06-13,-0.2989357427684734
2022-06-14,-0.5122349612144684
2022-06-15,-0.5572862978352832
2022-06-16,-0.2483274349491624
2022-06-17,-0.7155928129528865
2022-06-18,-1.2412158968913731
2022-06-19,-0.9728074659145137
2022-06-20,-0.43687399369512575
2022-06-21,-0.432840544007201
2022-06-22,-0.14037429844811292
2022-06-23,-0.21292499867163614
2022-06-24,-0.07190674770201845
2022-06-25,-0.5920404607590416
2022-06-26,-0.30177373012714803
2022-06-27,0.0016362483352487247
2022-06-28,-0.16068519515007595
2022-06-29,-0.12237847362244338
2022-06-30,-0.1265627372750164
2022-07-01,-0.15518295630793882
2022-07-02,-0.4797590287771556
2022-07-03,-0.6502961324699816
2022-07-04,-0.1651524792953155
2022-07-05,-0.5572922302906024
2022-07-06,-0.3237613980429485
2022-07-07,-0.609504467773389
2022-07-08,-0.771417230692557
2022-07-09,-0.7268646331124806
2022-07-10,-0.6320292285207479
2022-07-11,-0.422354122154437
2022-07-12,-0.7697411422583402
2022-07-13,-0.5965938752128733
2022-07-14,-0.8265253958633869
2022-07-15,-1.2399114099784676
2022-07-16,-1.4675172180837135
2022-07-17,-1.1497225966605364
2022-07-18,-1.0955300908815364
2022-07-19,-0.9517659101859973
2022-07-20,-0.9611686055504791
2022-07-21,-1.154953869373301
2022-07-22,-1.0882622419719585
2022-07-23,-1.3635914882981692
2022-07-24,-1.5279484011554727
2022-07-25,-0.8721751766498191
2022-07-26,-0.6068555653710328
2022-07-27,-0.5554880404178772
2022-07-28,-0.7932179462273109
2022-07-29,-0.6710753226460326
2022-07-30,-1.6453016971292311
2022-07-31,-1.4442644563582738
2022-08-01,-0.19152014894319389
2022-08-02,-0.8377361207221333
2022-08-03,-1.2685759203315956
2022-08-04,-0.9834128627663743
2022-08-05,-0.8674044249110114
2022-08-06,-0.8176014089520434
2022-08-07,-0.5293709311760512
2022-08-08,-0.6135066388837918
2022-08-09,-0.6014543068851523
2022-08-10,-0.695343975251271
2022-08-11,-0.6135343551102153
2022-08-12,-0.8762486226549623
2022-08-13,-1.7120882491407468
2022-08-14,-0.29727496363348627
2022-08-15,-0.6421989946299641
2022-08-16,-0.8836747156372575
2022-08-17,0.05029980850250514
2022-08-18,-0.21645690705109247
2022-08-19,0.5624978125592917
2022-08-20,0.6101363403254051
2022-08-21,-0.06565318651934544
2022-08-22,0.07057173530523786
2022-08-23,0.25787176593585365
2022-08-24,-0.08931846244680935
2022-08-25,1.2472437505323182
2022-08-26,0.1709203095823441
2022-08-27,-0.23352844150681343
2022-08-28,-0.45069646492315
2022-08-29,-0.4160249639544268
2022-08-30,-0.5514303633930159
2022-08-31,-0.8894510850008167
2022-09-01,-0.6740115607944146
2022-09-02,-0.8149492310029903
2022-09-03,0.22718972565757087
2022-09-04,0.5406300447783979
2022-09-05,-0.7844173892503331
2022-09-06,-0.45669915936133065
2022-09-07,-0.3846537323352466
2022-09-08,-0.07761105977280723
2022-09-09,-0.5876082806287795
2022-09-10,-0.04477738483004599
2022-09-11,-0.9513231382596369
2022-09-12,-0.750725920041343
2022-09-13,-0.6731300602022807
2022-09-14,-0.6119734845480208
2022-09-15,-0.29456249853835215
2022-09-16,-0.3087341776669789
2022-09-17,0.04358970070605847
2022-09-18,-0.6070399950223303
2022-09-19,-0.6537433795930163
2022-09-20,-0.9019667379616878
2022-09-21,-0.6553357474045483
2022-09-22,-0.5369107378779946
2022-09-23,-0.4273881364583003
2022-09-24,0.29529275838896224
2022-09-25,0.19312696588883477
2022-09-26,-0.3066991307831693
2022-09-27,-0.18111166137826068
2022-09-28,-0.15174632773024732
2022-09-29,-0.41187824685943863
2022-09-30,-0.26538297811617595
2022-10-01,0.14243055135605434
2022-10-02,-0.05140898691570864
2022-10-03,-0.5503990777056369
2022-10-04,-0.4718756833179388
2022-10-05,-0.582030068694661
2022-10-06,-0.3280395440351188
2022-10-07,-0.5354351863208876
2022-10-08,0.05864301535544098
2022-10-09,-0.2606910185381238
2022-10-10,-0.7000806745740351
2022-10-11,-0.4080414699789421
2022-10-12,-0.8284716031774634
2022-10-13,-0.7787556848035073
2022-10-14,-0.9157089875721997
2022-10-15,-0.5265623402477114
2022-10-16,-1.0815550267236034
2022-10-17,-0.7734334870950483
2022-10-18,-0.45923978662425735
2022-10-19,-0.8942736978652944
2022-10-20,-0.8170433803798465
2022-10-21,-0.30930241857458823
2022-10-22,-0.23290608680705036
2022-10-23,-0.6398616392466258
2022-10-24,-0.39245378137747144
2022-10-25,-0.7690404945475074
2022-10-26,-0.874164152633664
2022-10-27,-0.8667989086407262
2022-10-28,-0.9157676073631172
2022-10-29,-0.95929772362205
2022-10-30,-1.2344491321619133
2022-10-31,-1.0313478118177775
2022-11-01,-0.6595135643066231
2022-11-02,-1.0464886185102524
2022-11-03,-0.9466291546845328
2022-11-04,-0.8767579292389674
2022-11-05,-0.08371863812588576
2022-11-06,-0.5320610012606901
2022-11-07,-0.9508563181457388
2022-11-08,-0.9378520765121037
2022-11-09,-0.9204776054785457
2022-11-10,-1.0702129673362633
2022-11-11,-1.0299382302004956
2022-11-12,-0.2043294599998799
2022-11-13,-0.603710626919704
2022-11-14,-0.9674737289533443
2022-11-15,-1.0250873013799038
2022-11-16,-1.0024811214307217
2022-11-17,-1.1928933020655357
2022-11-18,-1.0791597058717806
2022-11-19,-0.39069948987235636
2022-11-20,-1.0117375957581523
2022-11-21,-1.3225344567265782
2022-11-22,-1.0212827255836017
2022-11-23,-1.4992316386971
2022-11-24,-1.2797870645298792
2022-11-25,-1.4709144439989643
2022-11-26,-1.40288220715305
2022-11-27,-1.4839559806522502
2022-11-28,-1.3593248250882262
2022-11-29,-0.9917611996807937
2022-11-30,-1.130211091467696
2022-12-01,-1.0065284097763936
2022-12-02,-1.2148989521564622
2022-12-03,-1.019202179794562
2022-12-04,-0.6905116229262166
2022-12-05,-0.9124575510519737
2022-12-06,-1.1006443631673701
2022-12-07,-0.8429795360167718
2022-12-08,-0.6384430419582329
2022-12-09,-1.1817075077989374
2022-12-10,-1.4169927710108166
2022-12-11,-1.3219939981257283
2022-12-12,-1.275441832689483
2022-12-13,-1.16877269223968
2022-12-14,-0.7234456976711613
2022-12-15,-0.5419651105001387
2022-12-16,-0.7450535386509592
2022-12-17,-0.6319088176851037
2022-12-18,-1.0297791321239618
2022-12-19,-0.7515770188521229
2022-12-20,-0.9921938576105914
2022-12-21,-0.827523339331586
2022-12-22,-1.201194817463084
2022-12-23,-1.1636795933308297
2022-12-24,-2.042354957890158
2022-12-25,-0.8636885756126372
2022-12-26,1.7051563844286814
2022-12-27,0.5974184110467806
2022-12-28,0.654563356217644
2022-12-29,0.6191296836481648
2022-12-30,-0.16667778471851388
2022-12-31,-2.0558722461650474
2023-01-01,-1.063165952148601
2023-01-02,0.907944800243322
2023-01-03,0.31336710544413865
2023-01-04,0.00945979785650126
2023-01-05,-0.038267813106810725
2023-01-06,-0.056892649154543944
2023-01-07,0.30283033461077913
2023-01-08,-0.20240500494758099
2023-01-09,-0.8916672046695526
2023-01-10,-0.5294847871552121
2023-01-11,-0.6172642158987444
2023-01-12,-0.47957089001536085
2023-01-13,-0.537328656214603
2023-01-14,0.1634578231382671
2023-01-15,0.15881539640028766
2023-01-16,-0.5038282038372651
2023-01-17,-0.38227148515397724
2023-01-18,-0.5830156598354477
2023-01-19,-0.5579062486407897
2023-01-20,-0.5197223771957807
2023-01-21,0.5166166891681028
2023-01-22,-0.09803193128210808
2023-01-23,-0.3530574170336209
2023-01-24,-0.10522449928385565
2023-01-25,-0.3312308369337551
2023-01-26,-0.23546687972636768
2023-01-27,-0.22892107343856716
2023-01-28,0.2323182457074785
2023-01-29,-0.02032496563780382
2023-01-30,-0.5409325456957168
2023-01-31,-0.6203877443162824
2023-02-01,-0.5147255660132043
2023-02-02,-0.8379214884296357
2023-02-03,-0.5452286130583502
2023-02-04,-0.10065307732196042
2023-02-05,-0.12833884060895037
2023-02-06,-0.8410289047443538
2023-02-07,-1.0551268655549684
2023-02-08,-0.7981415168053968
2023-02-09,-1.0951058486506342
2023-02-10,-0.8678610944052919
2023-02-11,-1.1789225420522822
2023-02-12,-0.8914688548249381
2023-02-13,-0.6992764856252741
2023-02-14,-0.8045498423572663
2023-02-15,-0.9601004057662361
2023-02-16,-1.017962808445342
2023-02-17,-0.9282470915977726
2023-02-18,-1.2036147581002794
2023-02-19,-0.761452541811142
2023-02-20,-0.451930775992707
2023-02-21,-0.5882907352807596
2023-02-22,-0.6791046701887726
2023-02-23,-0.48491030423954823
2023-02-24,-0.5719259709619092
2023-02-25,-0.0961702138422371
2023-02-26,-0.3954160982094371
2023-02-27,-0.5322441794427533
2023-02-28,-0.5938037035676785
2023-03-01,-0.359478609462889
2023-03-02,-0.41095874960895784
2023-03-03,-0.23084432367626892
2023-03-04,0.09705146627876385
2023-03-05,-0.16239217670024036
2023-03-06,-0.3669531539297752
2023-03-07,-0.3306181602835945
2023-03-08,-0.4207315356441521
2023-03-09,-0.1741459357652695
2023-03-10,-0.21479716118376502
2023-03-11,0.2952776538716258
2023-03-12,-0.07846184276412226
2023-03-13,-0.4109833209012014
2023-03-14,-0.4404771880823894
2023-03-15,-0.6594290152377678
2023-03-16,-0.7102670572350405
2023-03-17,-0.3499098343049256
2023-03-18,-0.5948678021434958
2023-03-19,-0.19436904332410024
2023-03-20,-0.7047983959307144
2023-03-21,-0.4743796190260333
2023-03-22,-0.6265706638497703
2023-03-23,-0.4349603017460233
2023-03-24,0.21409712892380006
2023-03-25,0.5133653144450833
2023-03-26,0.37346664509464944
2023-03-27,-0.43025556344373095
2023-03-28,-0.4271089558045752
2023-03-29,0.6478801513757763
2023-03-30,0.2168198151320239
2023-03-31,0.43415666205021614
2023-04-01,0.5743180976029092
2023-04-02,-0.3025120613757758
2023-04-03,-0.45860834637962034
2023-04-04,-0.4728000079976082
2023-04-05,-0.2808782210787432
2023-04-06,-0.03531887049036903
2023-04-07,0.19937325453984972
2023-04-08,-0.5319350662157001
2023-04-09,-0.470224954620443
2023-04-10,-0.4047701692603164
2023-04-11,0.4411081873479013
2023-04-12,0.27761318326206924
2023-04-13,0.2710018349291155
2023-04-14,0.06424815785322452
2023-04-15,0.6505034500222278
2023-04-16,0.45203503713162624
2023-04-17,-0.13683138044934573
2023-04-18,-0.39566215501693036
2023-04-19,-0.22503849880205412
2023-04-20,-0.06362352687485624
2023-04-21,-0.20500463710099864
2023-04-22,-0.20169263633817316
2023-04-23,-0.4684970734778014
2023-04-24,-0.48666940573664536
2023-04-25,-0.4812673661136681
2023-04-26,-0.3114208495246498
2023-04-27,-0.6786415884569124
2023-04-28,-0.5323257119037051
2023-04-29,-0.5991936501726355
2023-04-30,-0.010903484368396592
2023-05-01,-0.16965600965080332
2023-05-02,-0.6590547521091487
2023-05-03,-0.9126374961357897
2023-05-04,-0.8447383622159722
2023-05-05,-0.8438926626947728
2023-05-06,-1.028616938305652
2023-05-07,-0.659915545288997
2023-05-08,-0.6017748440189851
2023-05-09,-0.5240645769044281
2023-05-10,-0.4619986529504126
2023-05-11,-0.3912838525182628
2023-05-12,-0.2818015780018669
2023-05-13,-0.6827515656279138
2023-05-14,-0.3458657268966517
2023-05-15,-0.24530496935120258
2023-05-16,-0.16052800862241515
2023-05-17,0.19315082194469807
2023-05-18,-0.2714999715299277
2023-05-19,0.41693948378822243
2023-05-20,-0.5270312999285155
2023-05-21,-0.7126443162219823
2023-05-22,-0.22344856291803222
2023-05-23,-0.43746356697498806
2023-05-24,0.7114122975175281
2023-05-25,-0.12539918734389605
2023-05-26,-0.5146991142428484
2023-05-27,-1.0529109767847447
2023-05-28,-0.9885642486093371
2023-05-29,-1.1189341419703052
2023-05-30,-0.717788130057077
2023-05-31,-0.4769875696569615
2023-06-01,-0.5084381520513417
2023-06-02,-0.5662961702009224
2023-06-03,-0.8134214790400877
2023-06-04,-0.9345777657388201
2023-06-05,-0.4627676192778102
2023-06-06,-0.5161987006005212
2023-06-07,-0.28408700683397065
2023-06-08,-0.08832881256853968
2023-06-09,-0.22495614313409074
2023-06-10,-0.6825324741070358
2023-06-11,-0.026325506546497023
2023-06-12,0.2332479914558634
2023-06-13,0.67167573920738
2023-06-14,0.38303708326521846
2023-06-15,0.4493202712684477
2023-06-16,0.2709429175841955
2023-06-17,0.26147454488375427
2023-06-18,0.03743781042775631
2023-06-19,0.17242027752763336
2023-06-20,0.014422276901215279
2023-06-21,-0.18765931922044946
2023-06-22,-0.19540962428524425
2023-06-23,-0.40029972930383434
2023-06-24,-0.9222852937282122
2023-06-25,-0.7658423308713049
2023-06-26,-0.3781127038991132
2023-06-27,0.042623120203555874
2023-06-28,-0.13201564752534786
2023-06-29,-0.055252056395755686
2023-06-30,0.16801689946734336
2023-07-01,0.20443472943888147
2023-07-02,0.5116212878714156
2023-07-03,0.06482183310922557
2023-07-04,0.07863913394942959
2023-07-05,0.3020533283549871
2023-07-06,0.0723999398039126
2023-07-07,-0.620391023894246
2023-07-08,-1.1255449357640968
2023-07-09,-1.0604574823198682
2023-07-10,-0.33725675827713836
2023-07-11,-0.3990666870010204
2023-07-12,0.3088244203695685
2023-07-13,0.3227990642056193
2023-07-14,-0.8559732597328622
2023-07-15,-1.2924726302052927
2023-07-16,-0.5423009273914071
2023-07-17,-0.46638873910125184
2023-07-18,-0.37120194258378714
2023-07-19,-0.3711143240546665
2023-07-20,-0.06618012004892304
2023-07-21,0.14857831858406406
2023-07-22,-0.15437555354145727
2023-07-23,0.38473869987078874
2023-07-24,1.0486733322188604
2023-07-25,0.7147761381320669
2023-07-26,0.4806414876087727
2023-07-27,0.35124766583091627
2023-07-28,0.49612900545860844
2023-07-29,0.7304426375719519
2023-07-30,0.4986887907813038
2023-07-31,0.09428364788429426
2023-08-01,1.3429534638302816
2023-08-02,0.13778044406218592
2023-08-03,0.08647273361501949
2023-08-04,0.35856160411376753
2023-08-05,0.35599165602843014
2023-08-06,0.8714954598518185
2023-08-07,0.12194024863790418
2023-08-08,-0.21008804801155684
2023-08-09,-0.12077552495272614
2023-08-10,-0.3343948898532981
2023-08-11,-0.6849769206088585
2023-08-12,-1.1148130012844955
2023-08-13,-0.6854820432049403
2023-08-14,-0.4967182867032067
2023-08-15,-0.43444398956782704
2023-08-16,-0.6742972317557393
2023-08-17,-0.4299089546362167
2023-08-18,-0.8509034356093278
2023-08-19,-0.8318947700923983
2023-08-20,-1.0844009543774114
2023-08-21,-0.8140500707485198
2023-08-22,-0.637888846131461
2023-08-23,-0.8368290312914909
2023-08-24,-0.42910963301178046
2023-08-25,-0.24098713766208849
2023-08-26,0.31815789965452534
2023-08-27,0.4002525695176725
2023-08-28,-0.17785419967317803
2023-08-29,-0.3561936946713498
2023-08-30,-0.010483826661877032
2023-08-31,-0.18359392824116416
2023-09-01,-0.40533879079047264
2023-09-02,-0.26868637551617425
2023-09-03,0.957789960360311
2023-09-04,-0.4340632607128493
2023-09-05,-0.565888254254841
2023-09-06,-0.8355542809410954
2023-09-07,-0.7568220570729852
2023-09-08,-0.9534958357263089
2023-09-09,-1.1727272314355737
2023-09-10,-1.0729562533391566
2023-09-11,-0.790512053725292
2023-09-12,-0.6204166702036199
2023-09-13,-0.6154268042641658
2023-09-14,-0.5105538565942399
2023-09-15,-0.38773717887291076
2023-09-16,-0.7135125736832179
2023-09-17,-0.883047847673849
2023-09-18,-0.05539855926255104
2023-09-19,-0.539089604321039
2023-09-20,-0.5753951085430924
2023-09-21,-0.31923805023555796
2023-09-22,-0.2944127577460166
2023-09-23,-0.2851597871768251
2023-09-24,-0.6370443446676733
2023-09-25,-0.9885392064331633
2023-09-26,-0.8025564435652138
2023-09-27,-1.1679049568279662
2023-09-28,-1.2228972229650221
2023-09-29,-1.2020735567684528
2023-09-30,-1.5753620229387184
2023-10-01,-1.4731877669801243
2023-10-02,-1.4444771995878343
2023-10-03,-1.3401087549619144
2023-10-04,-1.488636436326731
2023-10-05,-1.3073123371575361
2023-10-06,-1.6580663535608327
2023-10-07,-1.7288413480794336
2023-10-08,-1.7918810487404961
2023-10-09,-1.479006537720631
2023-10-10,-1.1990521392929814
2023-10-11,-1.5098036816971023
2023-10-12,-1.3717190432609412
2023-10-13,-1.367316610056031
2023-10-14,-0.7702021434535113
2023-10-15,-0.3916600214470408
2023-10-16,-0.5376617784625258
2023-10-17,-0.6952664899509
2023-10-18,-0.32573056948792006
2023-10-19,-0.21216035489323504
2023-10-20,0.14189573190331567
2023-10-21,-0.3438204325530794
2023-10-22,-0.6324266359344073
2023-10-23,-0.6568149801019686
2023-10-24,-0.33890203587909634
2023-10-25,-0.2310377503595086
2023-10-26,-0.29703204922397675
2023-10-27,-0.4402011705585611
2023-10-28,-0.6791904998530398
2023-10-29,-0.4918564842094938
2023-10-30,-1.0694185212574985
2023-10-31,-0.980303433375148
2023-11-01,-0.8566390976581323
2023-11-02,-0.9028286643047384
2023-11-03,-0.785535411036198
2023-11-04,-0.33220717352377627
2023-11-05,-0.38348412369704366
2023-11-06,-1.492683676806003
2023-11-07,-1.5526073927069621
2023-11-08,-1.1518879226755632
2023-11-09,-1.2549968073626259
2023-11-10,-0.8524446095019129
2023-11-11,-0.3054673859664758
2023-11-12,0.019098554011012594
2023-11-13,-0.5063192347829325
2023-11-14,-0.7196781159863443
2023-11-15,-0.7227798724388218
2023-11-16,-0.8268411933922896
2023-11-17,-0.6050636613013857
2023-11-18,-0.05908253176869431
2023-11-19,-0.24153566987076264
2023-11-20,-1.1293120001633574
2023-11-21,-0.9233570055018759
2023-11-22,-1.1778156370024038
2023-11-23,-1.3392261865611317
2023-11-24,-1.1057849747443875
2023-11-25,-0.8805242877896359
2023-11-26,-0.4060654126992426
2023-11-27,-0.6373155060483299
2023-11-28,-0.7327736564458446
2023-11-29,-0.44556613295078273
2023-11-30,-0.7670653762415226
2023-12-01,-0.634041712872664
2023-12-02,-0.6073827284778867
2023-12-03,-0.663529120215772
2023-12-04,-1.0380519036293552
2023-12-05,-0.9595162385570833
2023-12-06,-1.33924420337957
2023-12-07,-1.2507004881936503
2023-12-08,-0.5224280293278988
2023-12-09,-0.7264891629373355
2023-12-10,-0.6314410480355902
2023-12-11,-0.941738020548266
2023-12-12,-1.2248689177757377
2023-12-13,-1.395508640100954
2023-12-14,-1.1574515127905125
2023-12-15,-0.9549773909114521
2023-12-16,-0.735850373600101
2023-12-17,-0.7546070117272
2023-12-18,-1.2675416930349943
2023-12-19,-1.3973803101115678
2023-12-20,-1.1998281025988784
2023-12-21,-1.0594357850597196
2023-12-22,-1.1206666676358958
2023-12-23,-1.6259092624883922
2023-12-24,-1.590969265985287
2023-12-25,-0.5104774526823049
2023-12-26,1.2730794507991454
2023-12-27,-0.13879866701279425
2023-12-28,-0.08249851305294167
2023-12-29,-0.5882506532126646
2023-12-30,-1.2260142713304447
2023-12-31,-0.9284345795934056
2024-01-01,0.45961930702723747
2024-01-02,1.0110823614917304
2024-01-03,0.03342257760536415
2024-01-04,-0.2452100664341535
2024-01-05,0.04408419460006648
2024-01-06,-0.5863954955829911
2024-01-07,-0.7103308816893231
2024-01-08,-1.4762498675987656
2024-01-09,-1.9087487669372547
2024-01-10,-1.669687331827899
2024-01-11,-1.4403877623549275
2024-01-12,-1.1633360171308027
2024-01-13,-0.423385605100813
2024-01-14,-1.1003009117487628
2024-01-15,-0.995622164646651
2024-01-16,-1.0234521215661767
2024-01-17,-0.6840382598417037
2024-01-18,-0.8096564807431318
2024-01-19,-0.7234396086979767
2024-01-20,0.11109129692662022
2024-01-21,-0.19436691322227473
2024-01-22,-0.8753717279389988
2024-01-23,-0.8982028593291926
2024-01-24,-1.1103733093405614
2024-01-25,-1.0020389036238528
2024-01-26,-0.8958024784265909
2024-01-27,-0.373448782299938
2024-01-28,-0.738170852121729
2024-01-29,-1.2607180183606594
2024-01-30,-1.2115426336772703
2024-01-31,-1.1018065708229552
2024-02-01,-1.0827744429300936
2024-02-02,-0.8067920050782688
2024-02-03,-0.5375450964452321
2024-02-04,-1.120846788393521
2024-02-05,-1.513685417376655
2024-02-06,-1.183296516193447
2024-02-07,-1.4106821754571077
2024-02-08,-0.8155315499045236
2024-02-09,-0.3201764350327441
2024-02-10,0.34026281702658057
2024-02-11,0.39563373655202005
2024-02-12,0.5520745463347024
2024-02-13,0.23392164179815117
2024-02-14,0.47072151475594765
2024-02-15,0.3934300853009929
2024-02-16,1.3100100377574353
2024-02-17,0.6783614315599026
2024-02-18,0.21705592663199846
2024-02-19,-0.7433311976260648
2024-02-20,-0.99257075250069
2024-02-21,-1.0919625313228953
2024-02-22,-0.8633599833793514
2024-02-23,-0.6384621189561853
2024-02-24,-0.32912987022483486
2024-02-25,-0.8843122663302759
2024-02-26,-0.8294561722417761
2024-02-27,-0.559473902616317
2024-02-28,-0.4578715190861356
2024-02-29,-0.5652655538911938
2024-03-01,0.06005511436205499
2024-03-02,-0.07125097334545154
2024-03-03,-0.6743572497644135
2024-03-04,-0.8744765476336651
2024-03-05,-0.9837378718559293
2024-03-06,-0.7522552468522948
2024-03-07,-0.976696714120619
2024-03-08,-0.43390882329249375
2024-03-09,0.08881836816717557
2024-03-10,0.44998838036591904
2024-03-11,-0.5484903369611093
2024-03-12,-0.3621717506913473
2024-03-13,-0.4123211140189239
2024-03-14,-0.557789186386451
2024-03-15,-0.01836469056963573
2024-03-16,0.3234122371660656
2024-03-17,0.09831572492619127
2024-03-18,-0.9436461941638202
2024-03-19,-0.7751035028204245
2024-03-20,-0.7326476768725196
2024-03-21,-0.8626712616805234
2024-03-22,-0.9615258880154921
2024-03-23,0.4185726122776133
2024-03-24,-0.4746538514231821
2024-03-25,-1.4700094380972255
2024-03-26,-1.042862258415982
2024-03-27,-0.498786043297414
2024-03-28,-0.4390082564637901
2024-03-29,-0.15403575173322134
2024-03-30,-0.4819409871580921
2024-03-31,0.0077589118874374224
2024-04-01,0.5367385390559233
2024-04-02,-0.0767718646351429
2024-04-03,0.2283400370464944
2024-04-04,-0.044652031579884024
2024-04-05,-0.5902578366981791
2024-04-06,-1.2067331845887306
2024-04-07,-0.6746232713347671
2024-04-08,-0.6006283720656898
2024-04-09,-0.4613217431037088
2024-04-10,-0.8160686179450656
2024-04-11,-1.3294399494325844
2024-04-12,-1.172649975221944
2024-04-13,-1.9151572969790356
2024-04-14,-1.5700235533926108
2024-04-15,-0.8731678072921044
2024-04-16,-0.7326255385460421
2024-04-17,-0.5935270690899485
2024-04-18,-0.5610397354014199
2024-04-19,-0.07567599369824252
2024-04-20,0.6205650666150242
2024-04-21,0.065060492937261
2024-04-22,-0.711738562103124
2024-04-23,-0.48867987710672717
2024-04-24,-0.6370630566293553
2024-04-25,-0.5007911780104853
2024-04-26,-0.6975720968064222
2024-04-27,-0.9401852849492521
2024-04-28,-0.25969049695187024
2024-04-29,-0.5380010300804068
2024-04-30,-0.362329443321426
2024-05-01,-0.2245137981162685
2024-05-02,-0.3571315020803875
2024-05-03,-0.08151859538487131
2024-05-04,-0.19751821265800182
2024-05-05,-0.15398683769532284
2024-05-06,-0.3341381051401432
2024-05-07,-0.2618845304166401
2024-05-08,-0.0950384484308076
2024-05-09,-1.0283909507341031
2024-05-10,-0.5868826358015179
2024-05-11,-1.8866171826610831
2024-05-12,-1.4262212336540203
2024-05-13,-0.9417351824192678
2024-05-14,-0.8236400772648833
2024-05-15,-0.7601633352114773
2024-05-16,-0.8092813253240497
2024-05-17,-0.6578679157013536
2024-05-18,-0.7387104446607186
2024-05-19,-1.3061011844293073
2024-05-20,-0.8383276702882065
2024-05-21,-0.7398067823487344
2024-05-22,-0.6481148816799296
2024-05-23,-0.6618992249267068
2024-05-24,-0.4564697242817243
2024-05-25,-0.7767987733254663
2024-05-26,-0.9065237787952585
2024-05-27,-0.4819431659553723
2024-05-28,-0.2763257277533798
2024-05-29,-0.17198547988187018
2024-05-30,0.6830510810508481
2024-05-31,0.3059605679594383
2024-06-01,0.2065522505277026
2024-06-02,0.46220698933833765
2024-06-03,-0.7384670982858516
2024-06-04,-0.7747527775514098
2024-06-05,-0.7484253137878544
2024-06-06,-0.5414466026860932
2024-06-07,-0.2981362668719277
2024-06-08,0.3472641350375742
2024-06-09,0.39188555232216343
2024-06-10,-0.08435969017178961
2024-06-11,0.3554655874392058
2024-06-12,0.1568909342538621
2024-06-13,0.04122439992101325
2024-06-14,0.4365342257055005
2024-06-15,0.04559517536194753
2024-06-16,-0.454629563259841
2024-06-17,-0.517164199618676
2024-06-18,-0.7728573383467158
2024-06-19,-0.9164089569070378
2024-06-20,-0.5239984496826875
2024-06-21,-0.4352807005441509
2024-06-22,0.16331688672033656
2024-06-23,-0.38317487018977925
2024-06-24,-0.8176456202707952
2024-06-25,-0.49734361921188125
2024-06-26,-0.5488734907104307
2024-06-27,-0.6225950714097069
2024-06-28,-0.5964657386512695
2024-06-29,-0.6776309290777691
2024-06-30,0.28246031054033777
2024-07-01,-0.08697054079769782
2024-07-02,0.11957274999003158
2024-07-03,-0.08591557112069725
2024-07-04,-0.5423107808859654
2024-07-05,-0.964296778143135
2024-07-06,-0.5654747580777866
2024-07-07,0.8549694220651538
2024-07-08,0.27737937246578315
2024-07-09,0.09373282327095518
2024-07-10,0.600084329359987
2024-07-11,-0.07525030116096502
2024-07-12,0.19981085724916087
2024-07-13,-0.494811367399941
2024-07-14,-1.6057527097789421
2024-07-15,-1.10811855636365
2024-07-16,-0.8635441561638113
2024-07-17,-0.9520105792156667
2024-07-18,-1.2955039591817552
2024-07-19,-1.3755309632730606
2024-07-20,-1.4307294669289372
2024-07-21,-0.38164552285979175
2024-07-22,-0.7942265548296746
2024-07-23,-0.8610534494123824
2024-07-24,-0.7999938877275397
2024-07-25,-0.8005856700366738
2024-07-26,-1.445398568769441
2024-07-27,-1.6383558397528617
2024-07-28,-0.6909548993138829
2024-07-29,-1.0692029102675986
2024-07-30,-1.1889225401712327
2024-07-31,-0.9055742439838215
2024-08-01,-0.06936267382730966
2024-08-02,-0.5878114523449554
2024-08-03,-1.3146333367716807
2024-08-04,-0.8985927883338124
2024-08-05,-0.9794772327533225
2024-08-06,-0.8048359934272455
2024-08-07,-0.39964543351628745
2024-08-08,-0.6105983423795702
2024-08-09,-0.9604275842483063
2024-08-10,-1.3550546732119142
2024-08-11,-1.2204025807755874
2024-08-12,-0.8913629986129717
2024-08-13,-0.593381040251459
2024-08-14,-0.21888412452236325
2024-08-15,-0.23735552654199948
2024-08-16,-0.3198934310275502
2024-08-17,0.3713037082071342
2024-08-18,0.893876808850674
2024-08-19,-0.6540568132048993
2024-08-20,-0.7288319779786603
2024-08-21,-0.6311981438593873
2024-08-22,-0.9126835910080296
2024-08-23,-0.696635924981108
2024-08-24,-0.940426541752562
2024-08-25,0.6015292998665777
2024-08-26,-0.5114301046620182
2024-08-27,-0.5683360831100052
2024-08-28,-0.6828026750462374
2024-08-29,-0.7944839971532448
2024-08-30,-0.6937221270480142
2024-08-31,-0.5729702244129465
2024-09-01,0.9559716115776452
2024-09-02,-1.061228880531054
2024-09-03,-1.0107867705075388
2024-09-04,-0.7747066256826418
2024-09-05,-0.5948763221733103
2024-09-06,-1.1481739483389544
2024-09-07,-0.6201050345061175
2024-09-08,0.014697529265251174
2024-09-09,-0.47601334595675404
2024-09-10,-0.6297703705625495
2024-09-11,-0.291307915285126
2024-09-12,-0.4755899600451345
2024-09-13,0.4295770666641231
2024-09-14,0.304597771218082
2024-09-15,-0.7021417292525045
2024-09-16,-0.972895630771415
2024-09-17,-1.0064932470631633
2024-09-18,-1.10077098274641
2024-09-19,-1.0167538128767117
2024-09-20,-1.0616774586322095
2024-09-21,-1.1647087645767769
2024-09-22,-0.7504455050527513
2024-09-23,-0.6588571657730297
2024-09-24,-0.6931405827981304
2024-09-25,-0.6614284138400461
2024-09-26,-0.09758158887344806
2024-09-27,-0.555375112305995
2024-09-28,0.25593190934618765
2024-09-29,-0.6871972199835316
2024-09-30,-0.9164530043172712
2024-10-01,-0.6097876564962446
2024-10-02,-0.6983646011466269
2024-10-03,-0.7487515519126081
2024-10-04,-0.6266537068315036
2024-10-05,-0.6575003621953714
2024-10-06,0.04817221518667946
2024-10-07,-0.4569916637527948
2024-10-08,-0.421028988489657
2024-10-09,-0.4406234394775452
2024-10-10,-0.014194326431812567
2024-10-11,-0.02880174651713953
2024-10-12,-0.07244963468309537
2024-10-13,-0.1832801091231731
2024-10-14,-0.7515117489139721
2024-10-15,-0.614198548986826
2024-10-16,-0.6934788369565946
2024-10-17,-0.8681072977450214
2024-10-18,-0.714266035458227
2024-10-19,-0.37508608447280634
2024-10-20,-0.5665838300950753
2024-10-21,-1.1684904861159557
2024-10-22,-0.8583416518628094
2024-10-23,-0.9109809544863214
2024-10-24,-0.8264947398967011
2024-10-25,-0.8285764400651882
2024-10-26,-0.6314077372034123
2024-10-27,-1.029199487707771
2024-10-28,-1.3929623343400026
2024-10-29,-1.3056271569511904
2024-10-30,-1.2367550798799982
2024-10-31,-1.1437658342524397
2024-11-01,-0.24698325907729035
2024-11-02,-0.30264212161310644
2024-11-03,-0.6556447205347683
2024-11-04,-1.2617926306596388
2024-11-05,-1.3473095822647687
2024-11-06,-1.6204826642423527
2024-11-07,-1.165444605916828
2024-11-08,-0.6161831004392253
2024-11-09,-0.10401223210914584
2024-11-10,-0.161156648051201
2024-11-11,-1.0690634476415932
2024-11-12,-0.8318424238173704
2024-11-13,-0.7590247648324692
2024-11-14,-0.8489962294916614
2024-11-15,-0.7983930562689281
2024-11-16,0.16868559444417716
2024-11-17,0.07665981336709857
2024-11-18,-0.952984779890085
2024-11-19,-0.9102574776458374
2024-11-20,-0.9589503954906591
2024-11-21,-1.0647885327875757
2024-11-22,-0.19596462368809445
2024-11-23,-0.44108867057105766
2024-11-24,-0.4799445110556322
2024-11-25,-1.1338570398874517
2024-11-26,-0.9027523799572915
2024-11-27,-0.9584082141586067
2024-11-28,-0.6612473545749027
2024-11-29,-0.6730297651218409
2024-11-30,-0.07975836070044337
2024-12-01,-0.014047304851147741
2024-12-02,-0.9370051848660859
2024-12-03,-0.6099527864934817
2024-12-04,-0.7763927769619202
2024-12-05,-0.5926671797474828
2024-12-06,-0.5688951596493861
2024-12-07,0.4904476848012028
2024-12-08,0.021352917846938255
2024-12-09,-0.26400345814952814
2024-12-10,-0.7984711043220768
2024-12-11,-0.9146442378359495
2024-12-12,-1.0891081874732729
2024-12-13,-1.0793594880233839
2024-12-14,0.1249477525598332
2024-12-15,-0.6409812894099085
2024-12-16,-1.1390082298159152
2024-12-17,-1.1902859687369551
2024-12-18,-1.3880309435494944
2024-12-19,-1.3210308916234896
2024-12-20,-1.4796127995369543
2024-12-21,-0.8950276199579721
2024-12-22,0.17814334259808945
2024-12-23,-0.8772763370489942
2024-12-24,-1.1976894344700217
2024-12-25,-0.48095079384692346
2024-12-26,0.31801081501194306
2024-12-27,-0.48362585110616907
2024-12-28,-1.0125972477965852
2024-12-29,-0.3701798782082632
2024-12-30,-0.731282439529771
2024-12-31,-1.4091861832891273
2025-01-01,-0.4086572471764502
2025-01-02,0.4534440328312082
2025-01-03,-0.5342894753286045
2025-01-04,-0.9216769450020129
2025-01-05,-1.004139213229071
2025-01-06,-0.9204927173999162
2025-01-07,-1.0169756526258502
2025-01-08,-1.1868574469142454
2025-01-09,-1.279025361602699
2025-01-10,-0.8572917386692914
2025-01-11,-0.3837454626755179
2025-01-12,-0.5982703548027518
2025-01-13,-1.4232898461758172
2025-01-14,-1.1389661955262178
2025-01-15,-0.9445397346635958
2025-01-16,-1.087330490811856
2025-01-17,-0.9712948610244533
2025-01-18,-0.4581897364534014
2025-01-19,-0.5935375258615221
2025-01-20,-1.0784517725772362
2025-01-21,-1.3819581880613054
2025-01-22,-1.0999372547590833
2025-01-23,-1.0516833774264438
2025-01-24,-0.533044356112596
2025-01-25,-0.17195522963441376
2025-01-26,0.017382313464399016
2025-01-27,-0.3791580220921589
2025-01-28,-0.31461867691717543
2025-01-29,0.10493015811445086
2025-01-30,-0.6088616253915025
2025-01-31,-0.3039628382298042
2025-02-01,0.18168561356932622
2025-02-02,-0.3722852454198601
2025-02-03,-1.0470128309148283
2025-02-04,-1.2464507614469376
2025-02-05,-1.170716169880089
2025-02-06,-1.2133748301600933
2025-02-07,-0.8356388028912598
2025-02-08,-0.5356880709694325
2025-02-09,-0.15005708133893503
2025-02-10,-0.6542271840181685
2025-02-11,-0.836368093774967
2025-02-12,-0.7247987911188991
2025-02-13,-0.816378999060797
2025-02-14,-0.6315562398724646
2025-02-15,-0.2986074478879383
2025-02-16,-0.5599835473363953
2025-02-17,-0.9930602348729786
2025-02-18,-1.190591656072344
2025-02-19,-1.1832945917956392
2025-02-20,-0.8902500595912671
2025-02-21,-0.8915754214516295
2025-02-22,-0.44259786758036285
2025-02-23,0.030455780035440434
2025-02-24,-1.0009224445622578
2025-02-25,-0.7626464380544234
2025-02-26,-0.7339108179772159
2025-02-27,-0.5450446080030973
2025-02-28,-0.523588209926375
2025-03-01,-0.2546715939892139
2025-03-02,-0.673966824839121
2025-03-03,-1.106279348882074
2025-03-04,-1.2845530756574688
2025-03-05,-1.2580307216356192
2025-03-06,-1.109155400512492
2025-03-07,-1.154186229158322
2025-03-08,-1.4773529751496033
2025-03-09,-1.5247791296737423
2025-03-10,-1.2397487348213598
2025-03-11,-1.2807069334295527
2025-03-12,-1.1340868465081813
2025-03-13,-0.8650011456210525
2025-03-14,-0.7003354141222073
2025-03-15,0.513067731566615
2025-03-16,-0.11213334320594569
2025-03-17,-1.2486817666281051
2025-03-18,-1.095214132876741
2025-03-19,-1.0927294801660965
2025-03-20,-1.09360142440524
2025-03-21,-0.9011747666458103
2025-03-22,-0.5181321405799496
2025-03-23,-0.26544846648989157
2025-03-24,-0.8250036901276553
2025-03-25,-0.6260683525498378
2025-03-26,0.2627360400936628
2025-03-27,-0.1469623583405959
2025-03-28,-0.09383134523384891
2025-03-29,0.9738452644204917
2025-03-30,-0.3835411966837215
2025-03-31,-0.9752222416458861
2025-04-01,-1.0789404428253364
2025-04-02,-0.7946723246077481
2025-04-03,-1.204310271129585
2025-04-04,-0.9598520962449723
2025-04-05,-0.8307401046054491
2025-04-06,-0.9730429829792722
2025-04-07,-1.1548994526257437
2025-04-08,-1.1285702310907912
2025-04-09,-0.6705103979710987
2025-04-10,-0.9489449592010515
2025-04-11,-0.8947954656414548
2025-04-12,-0.5159362070068333
2025-04-13,0.298724767706014
2025-04-14,-0.490201346428387
2025-04-15,-0.751140344521331
2025-04-16,-0.29616662127042587
2025-04-17,0.030857944126953703
2025-04-18,-0.3222032607647861
2025-04-19,-1.764288522811134
2025-04-20,-0.3845686926671971
2025-04-21,-0.2979383486806001
2025-04-22,-1.0814771437826738
2025-04-23,-0.562249646478873
2025-04-24,-0.5874858796790998
2025-04-25,-0.29285153084816823
2025-04-26,-0.8372013999172899
2025-04-27,-0.9494438350885216
2025-04-28,-0.9953096059075566
2025-04-29,-1.2015118733567018
2025-04-30,-1.3100659611183936
2025-05-01,-1.0095500899307295
2025-05-02,-1.3983532464868373
2025-05-03,-0.7259051503244381
2025-05-04,0.11560312294592898
2025-05-05,-0.8266777900697353
2025-05-06,-0.9559033922738704
2025-05-07,-0.5780760695393099
2025-05-08,-0.8906293646847717
2025-05-09,-0.7522571166002594
2025-05-10,-1.8509517105860307
2025-05-11,-1.6501664875615376
2025-05-12,-0.876950055508642
2025-05-13,-1.105089933848449
2025-05-14,-0.5625056657301298
2025-05-15,-1.1391752947711167
2025-05-16,-1.146270747803386
2025-05-17,-1.1398726066003821
2025-05-18,-1.3270370142057624
2025-05-19,-1.0366728951445157
2025-05-20,-0.6496990483383029
2025-05-21,-0.6066208247262276
2025-05-22,-0.4394194114840146
2025-05-23,-0.15868652621098123
2025-05-24,-0.3312782177566068
2025-05-25,0.32446140900328047
2025-05-26,-0.3440746415833836
2025-05-27,0.012007807893423855
2025-05-28,0.5004467149938294
2025-05-29,-0.28192168486842967
2025-05-30,0.31467824430075064
2025-05-31,-0.8980289984373266
2025-06-01,-0.5276853935549252
2025-06-02,-0.36682814858313567
2025-06-03,0.08598850218899688
2025-06-04,-0.13089217715284868
2025-06-05,-0.23288651643938976
2025-06-06,-0.19488138746881759
2025-06-07,0.9846946129109243
2025-06-08,0.016802295939694612
2025-06-09,-0.7276531330104593
2025-06-10,-0.7888033753035214
2025-06-11,-0.7838093612321664
2025-06-12,-0.6544304184841789
2025-06-13,-1.0494938032791556
2025-06-14,-1.3066999775320187
2025-06-15,-0.2261440802609637
2025-06-16,-0.41462617020349457
2025-06-17,-0.6210843412268322
2025-06-18,-0.5915698424045419
2025-06-19,-0.4135110935002452
2025-06-20,-0.6922499613413762
2025-06-21,-1.020489290344382
2025-06-22,-1.3199400445874154
2025-06-23,-1.0085414546092921
2025-06-24,-0.7044686550990241
2025-06-25,-0.8483306653677901
2025-06-26,-0.7100894366660123
2025-06-27,-0.6322547984646464
2025-06-28,-1.4122959990378607
2025-06-29,-0.7926400672203947
2025-06-30,-0.769584340585955
2025-07-01,-0.7383385530626582
2025-07-02,-0.45840828646778364
2025-07-03,-0.5859304380501321
2025-07-04,-0.4350972315770763
2025-07-05,-0.7290017109730738
2025-07-06,0.8511883273693923
2025-07-07,0.5259560169220029
2025-07-08,0.5560112701871163
2025-07-09,-0.09277589961020385
2025-07-10,-0.40585635811234083
2025-07-11,-0.22097199116211033
2025-07-12,-0.3187201960596497
2025-07-13,-0.2376972291545846
2025-07-14,-0.2792538518868056
2025-07-15,-0.38085233414268116
2025-07-16,-0.8171152520817713
2025-07-17,-0.8083804337063465
2025-07-18,-1.2046800816803223
2025-07-19,-0.6897975667545708
2025-07-20,-0.6999431455679794
2025-07-21,-0.6283374226021773
2025-07-22,-1.0363643700192642
2025-07-23,-0.8537283973802444
2025-07-24,-0.4038237072095466
2025-07-25,-0.4014021066576136
2025-07-26,-0.0999407450391167
2025-07-27,-0.5412453976471581
2025-07-28,-0.2514072935325263
2025-07-29,-0.6168945514142267
2025-07-30,-0.7112658196066335
2025-07-31,-0.7552847533483531
2025-08-01,-0.2487515397042629
2025-08-02,0.587775738717363
2025-08-03,-0.009959460868410389
2025-08-04,-0.3559804767555415
2025-08-05,-0.5396824845507262
2025-08-06,-0.6855664451181774
2025-08-07,-0.7946812616737265
2025-08-08,-1.0523672867493175
2025-08-09,-1.6468373810249488
2025-08-10,-1.3841416555887314
2025-08-11,-0.8836212016701785
2025-08-12,-0.7552039105665216
2025-08-13,-0.9057407631402042
2025-08-14,-0.6922867580344653
2025-08-15,-0.5724000168191445
2025-08-16,-0.8890791537832051
2025-08-17,-0.9684012997197529
2025-08-18,-0.824193407298108
2025-08-19,-0.5305741485715745
2025-08-20,-0.5703416014904579
2025-08-21,-0.7160976218905448
2025-08-22,-0.9525364440269557
2025-08-23,-0.6925052475413027
2025-08-24,-0.6136732487660883
2025-08-25,-0.8142216095080136
2025-08-26,-1.0744417824058035
2025-08-27,-0.4321731626962948
2025-08-28,-0.5501075740755189
2025-08-29,-0.7846534152221321
2025-08-30,-0.3575542163549979
2025-08-31,-1.1104908041493489
2025-09-01,-0.4792051841092389
2025-09-02,-0.6346030255207229
2025-09-03,-0.7365119479944944
2025-09-04,-0.2754093793193207
2025-09-05,-0.3790822816828779
2025-09-06,-0.39573247733516886
2025-09-07,0.49142370578241246
2025-09-08,-0.03150837587700877
2025-09-09,-0.44038504848777393
2025-09-10,-0.5438756250814841
2025-09-11,-0.34638809372543256
2025-09-12,-0.23059397949351818
2025-09-13,-0.49431148586466495
2025-09-14,-0.714208521989628
2025-09-15,-0.9175036483360705
2025-09-16,-0.9865458803438633
2025-09-17,-1.0414310178662531
2025-09-18,-1.1154454289101838
2025-09-19,-0.9978104929349533
2025-09-20,-0.8698253984844032
2025-09-21,-0.2145058913975336
2025-09-22,-0.3788425520756981
2025-09-23,-0.31170928114658264
2025-09-24,-0.53365810897737
2025-09-25,-0.16451239005743504
2025-09-26,-0.411338284712208
2025-09-27,-0.014232200493754113
2025-09-28,-0.47313153114993584
2025-09-29,-0.6974934464094383
2025-09-30,-0.5664142566446954
2025-10-01,-0.6645926572923949
2025-10-02,-0.8615026305856768
2025-10-03,-0.5311379349506515
2025-10-04,-0.5703315496159803
2025-10-05,-0.3142901351681183
2025-10-06,-0.6393203761251212
2025-10-07,-1.0095770030138258
2025-10-08,-0.9425615646306676
2025-10-09,-0.8943973839583227
2025-10-10,-1.1490673079324838
2025-10-11,-1.2077889337585144
2025-10-12,-1.3138571910238495
2025-10-13,-1.165340918832054
2025-10-14,-0.9488009558443942
2025-10-15,-1.1563623049252587
2025-10-16,-1.125591086711727
2025-10-17,-1.122894102767077
2025-10-18,-1.2839007208949966
2025-10-19,-0.9378464238869318
2025-10-20,-0.7005602798356361
2025-10-21,-0.8965425157770341
2025-10-22,-0.7295246923938364
2025-10-23,-0.7329086646209836
2025-10-24,-0.812279182061934
2025-10-25,-0.18354928635712672
2025-10-26,-0.5452944030856067
2025-10-27,-0.9623430334303655
2025-10-28,-1.1922441233981111
2025-10-29,-1.0141547299132434
2025-10-30,-0.9582576644320837
2025-10-31,-1.0798318032861984
2025-11-01,-0.11764788139107651
2025-11-02,0.18890223391966607
2025-11-03,-1.0280146617395514
2025-11-04,-1.0924062833576111
2025-11-05,-0.9678506416271625
2025-11-06,-1.1431184421334841
2025-11-07,-0.5915807418398867
2025-11-08,-0.28388720280505153
2025-11-09,-0.2037166467993033
2025-11-10,-0.800496140545481
2025-11-11,-1.2283324888223814
2025-11-12,-0.9959095506346928
2025-11-13,-1.1289907419796839
2025-11-14,-0.581032825719032
2025-11-15,-0.35221453049203827
2025-11-16,-0.18900027335282263
2025-11-17,-1.0163539530050023
2025-11-18,-1.0567009796245184
2025-11-19,-0.5772667580725033
2025-11-20,-0.8418131601072809
2025-11-21,-1.0394268862712712
2025-11-22,-0.648622804253802
2025-11-23,-0.5589749329424482
2025-11-24,-0.8024851569499163
2025-11-25,-1.1772426447786746
2025-11-26,-1.2443561871645745
2025-11-27,-1.4920032611106027
2025-11-28,-1.4831633136034057
2025-11-29,-1.1714366839888295
2025-11-30,-0.4055014186688773
2025-12-01,-1.0499788307720606
2025-12-02,-0.8823851892188246
2025-12-03,-1.2617822440668576
2025-12-04,-0.8545811930796431
2025-12-05,-0.8879455112108486
2025-12-06,-0.3056326027216132
2025-12-07,0.35817269274108515
2025-12-08,-0.5525689508028798
2025-12-09,-1.0651197929867364
2025-12-10,-1.0867861231917662
2025-12-11,-0.9043823774983327
2025-12-12,-0.912843272326294
2025-12-13,-0.7522154382182854
2025-12-14,-0.6375725915402671
2025-12-15,-1.014580095365605
2025-12-16,-0.9227143168099761
2025-12-17,-0.955800003214433
2025-12-18,-0.5451875203326283
2025-12-19,-0.6848292869248723
2025-12-20,-0.3790106282910168
2025-12-21,0.1391687625427048
2025-12-22,-0.4247925228297809
2025-12-23,-0.621109335911163
2025-12-24,-0.9691324189041503
2025-12-25,0.02401748053503664
2025-12-26,0.7909894069978365
2025-12-27,-0.31185229019019434
2025-12-28,0.22216869851834295
2025-12-29,-0.31927584392325126
2025-12-30,0.11487557377872896
2025-12-31,-1.207780505172995
2026-01-01,-0.7503589978097003
2026-01-02,-0.3061556516553524
2026-01-03,-1.423119391456975
2026-01-04,-1.2825273805138337
2026-01-05,-1.8094181912077034
2026-01-06,-1.5806891970068706
2026-01-07,-1.764345614033452
2026-01-08,-1.5548555065800647
2026-01-09,-1.0607537476234292
2026-01-10,-0.5847897533015058
2026-01-11,-0.41085582595284287
2026-01-12,-0.21819695717576656
2026-01-13,-0.2589972252171651
2026-01-14,-0.37616240718742855
2026-01-15,-0.09417734375049695
2026-01-16,0.036589950162211074
2026-01-17,0.4615903575623092
2026-01-18,0.15942194283582142
2026-01-19,-0.3856587699093291
2026-01-20,-0.3878450133483731
2026-01-21,-0.6357066574218377
2026-01-22,-0.42153851709605233
2026-01-23,-0.15977625836345918
2026-01-24,0.029970966494565855
2026-01-25,0.3915217771532556
2026-01-26,-0.4476695206541875
2026-01-27,-0.27846251099985464
2026-01-28,-0.11061041171330258
2026-01-29,-0.7267658023003902
2026-01-30,-0.3618423707335527
2026-01-31,0.43965710656671225
2026-02-01,-0.3353074206755362
2026-02-02,-0.8490000546125586
2026-02-03,-0.5423451540050797
2026-02-04,-0.8465568584058465
2026-02-05,-0.8606455554233946
2026-02-06,-0.7012846360301082
2026-02-07,-0.764362425054818
2026-02-08,-0.7835601297706687
2026-02-09,-0.9619781308851599
2026-02-10,-0.9759794684259959
2026-02-11,-0.7466256073498926
2026-02-12,-0.4560409654464095
2026-02-13,-0.545089865680417
2026-02-14,-0.12801969813199693
2026-02-15,-0.4190955267926346
2026-02-16,-0.6938146143430045
2026-02-17,-0.5125054099549801
2026-02-18,-0.6107483749378794
2026-02-19,-0.4698696483400343
2026-02-20,-0.767239870076785
2026-02-21,-0.381909881271267
2026-02-22,-0.5343010257670511
2026-02-23,-0.6336011695141324
2026-02-24,-0.7538893825656833
2026-02-25,-0.565168742393953
2026-02-26,-0.7853289489836038
2026-02-27,-0.8687558241414715
2026-02-28,-0.6981081186972219
2026-03-01,-0.7329629640647425
2026-03-02,-0.80237384499042
2026-03-03,-0.8188711922090953
2026-03-04,-1.086909557339768
2026-03-05,-0.5379184432780628
2026-03-06,-0.6217021633371884
2026-03-07,-0.6906456654558439
2026-03-08,-1.0022074079441778
2026-03-09,-0.5163465532312552
2026-03-10,-0.47948418388170255
2026-03-11,-0.05951306273327699
2026-03-12,0.1841974262032607
2026-03-13,0.13253412239477136
2026-03-14,0.6089015929438714
2026-03-15,0.28787550812383417
2026-03-16,-0.30534877186356313
2026-03-17,-0.36824284950198827
2026-03-18,-0.3924936797996784
2026-03-19,-0.5809543642347939
2026-03-20,-0.5447874435785822
2026-03-21,-0.3378735412332181
2026-03-22,-0.04717072605069739
2026-03-23,-0.2802412176468155
2026-03-24,-0.3442881603085812
2026-03-25,0.6241709667363972
2026-03-26,-0.07251244764312308
2026-03-27,0.2290238725541655
2026-03-28,0.6745642764565367
2026-03-29,0.31612710182931003
2026-03-30,-0.10476793958321863
2026-03-31,-0.30692067540378454
2026-04-01,-0.403411522903331
2026-04-02,-0.4311834143483214
2026-04-03,-0.6497154202944183
2026-04-04,-1.188463597551505
2026-04-05,-1.150461773179233
2026-04-06,-1.245173973366986
2026-04-07,-1.1947311722562208
2026-04-08,-1.2030012924150961
2026-04-09,-0.9058703376923803
2026-04-10,-0.4569767215929353
2026-04-11,-0.7381090959553996
2026-04-12,0.5001025760433756
2026-04-13,0.0657066510576178
2026-04-14,-0.2667788621632856
2026-04-15,-0.1953701419218064
2026-04-16,-0.5111803462818483
2026-04-17,-0.2773201695453197
2026-04-18,-0.998970418174146
2026-04-19,-0.5298944683984612
2026-04-20,-0.9409605814846249
2026-04-21,-0.9100128204068058
2026-04-22,-0.6656486266092918
2026-04-23,-1.0974117244565256
2026-04-24,-0.8481987083203473
2026-04-25,-1.1146932045365303
2026-04-26,-0.7565955381816363
2026-04-27,-0.8716295794750056
2026-04-28,-0.28213491762225995
2026-04-29,-0.37314130449367366
2026-04-30,-0.4779149295831952
2026-05-01,-0.40930204181923796
2026-05-02,-0.6961697366458013
2026-05-03,-0.089797789382767
2026-05-04,-0.511067403252882
2026-05-05,-0.24532955933612596
2026-05-06,-0.2732264923618377
2026-05-07,-0.5648755090846473
2026-05-08,-0.36524794329958876
2026-05-09,-0.319250772438945
2026-05-10,0.16582785296753255
2026-05-11,0.3410802573262504
2026-05-12,0.2825042806791037
2026-05-13,0.8141766180978471
2026-05-14,1.4979675481625299
2026-05-15,1.1396574564284385
2026-05-16,0.23225466268285583
2026-05-17,-0.5933714912828101
2026-05-18,-0.7607684755187052
2026-05-19,-0.7030891347297883
2026-05-20,-0.7091723245837107
2026-05-21,-1.1839725352226966
2026-05-22,-1.4979393378033017
2026-05-23,-1.7705640335506343
2026-05-24,-1.8075582958228482
2026-05-25,-1.4013140245128135
2026-05-26,-0.9953568980234584
2026-05-27,-0.6460421984842429
2026-05-28,-0.8291388228111795
2026-05-29,-0.9798934252877471
2026-05-30,-1.2353169305511824
2026-05-31,-0.7922658896823701
2026-06-01,-0.6707396928269297
2026-06-02,-0.48193024471301743
2026-06-03,-0.4389814951911551
2026-06-04,0.17426601361622218
2026-06-05,-0.25373040895116267
2026-06-06,-1.0635812283273474
2026-06-07,-0.8292761737532965
2026-06-08,-0.7924046590156004
2026-06-09,-0.41015897964191217
2026-06-10,-0.31035170612909746
2026-06-11,-0.9472169367098119
2026-06-12,-0.1965074063121758
2026-06-13,-1.7181090457204113
2026-06-14,-1.4857905334467507
2026-06-15,-0.9006302766267618
2026-06-16,-0.7970462233408918
2026-06-17,-0.6493587149862392
2026-06-18,-0.9317375349865891
2026-06-19,-0.6266176496130218
2026-06-20,-0.9777984877495955
2026-06-21,-1.0434725693060782
2026-06-22,-0.9097035965375113
2026-06-23,-0.9787839915423792
2026-06-24,-1.0183620635987147
2026-06-25,-0.8816350527287038
2026-06-26,0.29871647799167206
2026-06-27,-0.8758530024321081
2026-06-28,-0.5868025177793096
2026-06-29,-1.0150707157531502
2026-06-30,-0.5172816275205327
2026-07-01,-0.657139219344557
2026-07-02,-1.0047996153272838
2026-07-03,-1.14818137744988
2026-07-04,-1.053475111158216
2026-07-05,-1.1181284317058615
2026-07-06,-0.6738925928096494
2026-07-07,-1.2543857039320723
2026-07-08,-0.9554442228306567
2026-07-09,-1.001133257103263
2026-07-10,-1.6386633644812698
2026-07-11,-2.1016488214554174
2026-07-12,-1.61616322097744
2026-07-13,-0.6937437868940547
2026-07-14,-0.7037287721238799
2026-07-15,-0.5966456251783492
2026-07-16,-0.42932465473066883
2026-07-17,-0.3246356642213004
2026-07-18,-0.8837774040686983
2026-07-19,-1.0394278542349586
2026-07-20,-0.2503180829585206
2026-07-21,-0.0748441447123041
2026-07-22,-0.13033900154209635
2026-07-23,-0.10762070008912317
2026-07-24,-0.3638136038530304
2026-07-25,-0.12373261084774047
2026-07-26,0.45968780836456663
2026-07-27,-0.39521481601245684
2026-07-28,-0.6303831857814856
2026-07-29,-0.26797660366393783
2026-07-30,-0.42277710603719576
2026-07-31,-0.4127210653093769
2026-08-01,-0.7840723103612616
2026-08-02,0.08260082243704463
2026-08-03,0.20265368225727906
2026-08-04,0.0012847801800969269
2026-08-05,-0.07103072028312285
2026-08-06,-0.020970158699904453
2026-08-07,-0.39546900560932763
2026-08-08,-0.6679732505143201
2026-08-09,-0.24089119591547584
2026-08-10,-0.07144190057282118
2026-08-11,-0.5617559840770483
2026-08-12,-0.6077906767839594
2026-08-13,-0.22997295580893073
2026-08-14,-0.48638712632893977
2026-08-15,-0.29317256889763676
2026-08-16,-0.6386264121515642
2026-08-17,-0.4829747241695716
2026-08-18,-0.6660809443013923
2026-08-19,-0.5771814941921848
2026-08-20,-0.391673430316162
2026-08-21,0.07830069586360569
2026-08-22,-0.15485088952862652
2026-08-23,-0.6145359844664554
2026-08-24,-0.921525308913856
2026-08-25,-0.3458088236965503
2026-08-26,-0.4315330849151885
2026-08-27,-0.9456995468884278
2026-08-28,-0.5254642277711036
2026-08-29,-0.7047175745413667
2026-08-30,-0.5791250250714538
2026-08-31,-0.8417072651751213
2026-09-01,-0.7539257521593775
2026-09-02,-0.8609215403091643
2026-09-03,-0.9349160421975482
2026-09-04,-0.7062554097966581
2026-09-05,0.2595917850864771
2026-09-06,1.1695961613187364
2026-09-07,-0.8023569820924925
2026-09-08,-0.6877791916777595
2026-09-09,-0.41175645513826714
2026-09-10,-0.24542700193143413
2026-09-11,-0.5729432115106171
2026-09-12,-0.7965107852233502
2026-09-13,-0.8435527324073976
2026-09-14,-0.9070861704534497
2026-09-15,-0.8459169882563982
2026-09-16,-0.704482976795897
2026-09-17,-0.9274633926748019
2026-09-18,-0.8279419966620174
2026-09-19,-0.19900541589561857
2026-09-20,-0.2098084553139196
2026-09-21,-0.7654430708129073
2026-09-22,-0.9791072803268275
2026-09-23,-0.9887082928033308
2026-09-24,-0.83125796768497
2026-09-25,-1.0039515313997103
2026-09-26,-1.0554618392241781
2026-09-27,-1.0571945511206744
2026-09-28,-1.1464050210831849
2026-09-29,-1.064278639122878
2026-09-30,-1.2090785446842336
2026-10-01,-0.3843698472733583
