time,value
2006-01-01,-2.618076210284708
2006-01-02,-1.1497086509543033
2006-01-03,1.7870660995676806
2006-01-04,6.192248048569676
2006-01-05,12.065837191910319
2006-01-06,19.407833528625893
2006-01-07,28.21823706232123
2006-01-08,38.49704779287358
2006-01-09,45.807435415205305
2006-01-10,50.14939993359121
2006-01-11,51.52294134557036
2006-01-12,49.92805964822982
2006-01-13,45.36475484783092
2006-01-14,37.83302693920664
2006-01-15,27.332875927536385
2006-01-16,18.77426014818562
2006-01-17,12.157179603297969
2006-01-18,7.481634290700031
2006-01-19,4.747624214548542
2006-01-20,3.955149366563785
2006-01-21,5.104209758448922
2006-01-22,8.19480537968185
2006-01-23,10.802078408069992
2006-01-24,12.926028839920265
2006-01-25,14.566656684166256
2006-01-26,15.723961933372056
2006-01-27,16.397944591686606
2006-01-28,16.588604651752615
2006-01-29,16.295942126150894
2006-01-30,16.148573859309458
2006-01-31,16.146499859235696
2006-02-01,16.289720113620866
2006-02-02,16.526642464718666
2006-02-03,16.857266904434145
2006-02-04,17.281593445371527
2006-02-05,17.79962206908604
2006-02-06,18.24316608678459
2006-02-07,18.612225497146195
2006-02-08,18.90680030158606
2006-02-09,19.12689049800314
2006-02-10,19.272496086757684
2006-02-11,19.343617061131752
2006-02-12,19.340253436144017
2006-02-13,19.327558484297235
2006-02-14,19.3055322079005
2006-02-15,19.27417460440084
2006-02-16,19.233485678603337
2006-02-17,19.18346542934721
2006-02-18,19.1241138583924
2006-02-19,19.05543095932375
2006-02-20,18.87684614259656
2006-02-21,18.588359404868854
2006-02-22,18.189970748050495
2006-02-23,17.681680169839368
2006-02-24,17.063487674668583
2006-02-25,16.335393253128252
2006-02-26,15.497396916932026
2006-02-27,14.899199082234816
2006-02-28,14.540799754396708
2006-03-01,14.422198929155485
2006-03-02,14.599618821323784
2006-03-03,15.07305943305104
2006-03-04,15.84252076216805
2006-03-05,16.908002806685317
2006-03-06,16.927561915985194
2006-03-07,15.901198083659654
2006-03-08,13.82891131233788
2006-03-09,10.710701601974423
2006-03-10,6.546568950094027
2006-03-11,1.3365133581315431
2006-03-12,-4.919465173480028
2006-03-13,-7.035549486554522
2006-03-14,-5.011739573649753
2006-03-15,1.1519645611326377
2006-03-16,11.455562917551267
2006-03-17,25.89905549829598
2006-03-18,44.482442301607826
2006-03-19,67.20572333389522
2006-03-20,83.04235631395818
2006-03-21,91.99234124139261
2006-03-22,94.05567811788157
2006-03-23,89.23236694569849
2006-03-24,77.52240772239152
2006-03-25,146.18704828144865
2006-03-26,33.442545122642606
2006-03-27,14.302281855553165
2006-03-28,1.505010651328846
2006-03-29,-4.9492684938824425
2006-03-30,-5.060555582141548
2006-03-31,1.1711493923063685
2006-04-01,13.745846422173607
2006-04-02,32.64189402661443
2006-04-03,46.83855381999581
2006-04-04,56.33582580196793
2006-04-05,61.13370997581057
2006-04-06,61.232206341973516
2006-04-07,56.63131489972923
2006-04-08,47.33103564545725
2006-04-09,33.33136858357843
2006-04-10,21.47234397326245
2006-04-11,11.753961816355908
2006-04-12,4.176222109501787
2006-04-13,-1.2608751464118306
2006-04-14,-4.5573299562198235
2006-04-15,-5.713142312799151
2006-04-16,-4.728312223088559
2006-04-17,-2.429360540069097
2006-04-18,1.1837127375758056
2006-04-19,6.110907609285639
2006-04-20,12.352224073659805
2006-04-21,19.907662137616665
2006-04-22,28.777221794956972
2006-04-23,38.96090305121312
2006-04-24,45.87075033858713
2006-04-25,49.50676366559211
2006-04-26,49.86894302706753
2006-04-27,46.95728842412486
2006-04-28,40.77179985579328
2006-04-29,31.312477321348965
2006-04-30,18.579320822281236
2006-05-01,9.428273802415877
2006-05-02,3.8717855642462435
2006-05-03,1.909856110980341
2006-05-04,3.542485443035689
2006-05-05,8.769673558486165
2006-05-06,17.591420459247956
2006-05-07,30.007726147809482
2006-05-08,39.189640988900436
2006-05-09,45.13716499677905
2006-05-10,47.85029816682503
2006-05-11,47.32904049947776
2006-05-12,43.573391995342305
2006-05-13,36.58335265056647
2006-05-14,26.358922467107647
2006-05-15,18.01104159634624
2006-05-16,11.539710033861095
2006-05-17,6.944927775315302
2006-05-18,4.226694824122464
2006-05-19,3.385011176188514
2006-05-20,4.419876836918883
2006-05-21,7.33129180468228
2006-05-22,9.769479844131443
2006-05-23,11.734440954421437
2006-05-24,13.226175144986053
2006-05-25,14.244682407834745
2006-05-26,14.789962747890236
2006-05-27,14.862016157852242
2006-05-28,14.460842646619414
2006-05-29,14.20036160769976
2006-05-30,14.08057304667392
2006-05-31,14.101476958972947
2006-06-01,14.263073347149419
2006-06-02,14.520817139262
2006-06-03,14.874708336793873
2006-06-04,15.32474693794238
2006-06-05,15.68829165430005
2006-06-06,15.96534248259623
2006-06-07,16.155899420550316
2006-06-08,16.259962472421243
2006-06-09,16.27753163901592
2006-06-10,16.20860691801322
2006-06-11,16.05318831012617
2006-06-12,15.950751744980648
2006-06-13,15.901297220862201
2006-06-14,15.904824740501358
2006-06-15,15.961334302620546
2006-06-16,16.070825905558877
2006-06-17,16.233299553446614
2006-06-18,16.44875524044611
2006-06-19,16.3244960536994
2006-06-20,15.860521994586177
2006-06-21,15.056833059171527
2006-06-22,13.91342924717668
2006-06-23,12.430310564150002
2006-06-24,10.60747700618855
2006-06-25,8.444928573123327
2006-06-26,7.423064118148887
2006-06-27,7.541883644355393
2006-06-28,8.801387147563636
2006-06-29,11.201574632983306
2006-06-30,14.742446093548406
2006-07-01,19.424001536891858
2006-07-02,25.33437868408542
2006-07-03,31.05826053751293
2006-07-04,36.5956470959635
2006-07-05,41.9465383608929
2006-07-06,47.11093433230119
2006-07-07,52.0888350142486
2006-07-08,56.88024040345961
2006-07-09,61.48515049811993
2006-07-10,63.64807003262844
2006-07-11,63.368999007591526
2006-07-12,60.647937417057214
2006-07-13,55.484885270385604
2006-07-14,47.87984255520731
2006-07-15,37.83280927873167
2006-07-16,25.3437854382032
2006-07-17,15.180054896841398
2006-07-18,7.341617650967638
2006-07-19,1.8284737035704994
2006-07-20,-1.359376948646509
2006-07-21,-2.2219343034781005
2006-07-22,-0.7591983643533986
2006-07-23,3.0288308733247855
2006-07-24,6.281816606255985
2006-07-25,8.999758845841328
2006-07-26,11.18265758695631
2006-07-27,12.830512828872656
2006-07-28,13.94332457042148
2006-07-29,14.521092818292647
2006-07-30,14.563817567839333
2006-07-31,14.820489168879924
2006-08-01,15.291107617088297
2006-08-02,15.842504239117147
2006-08-03,16.474679035403287
2006-08-04,17.18763200057718
2006-08-05,17.98136313485304
2006-08-06,18.85587244745412
2006-08-07,19.58191153683494
2006-08-08,20.15948041061702
2006-08-09,20.588579063005934
2006-08-10,20.86920749992189
2006-08-11,21.00136571751123
2006-08-12,20.98505371958635
2006-08-13,20.820271498655018
2006-08-14,20.703678322413136
2006-08-15,20.635274192568456
2006-08-16,20.615059102684103
2006-08-17,20.643033058078256
2006-08-18,20.71919605440637
2006-08-19,20.843548096357598
2006-08-20,21.01608918311485
2006-08-21,20.65484825085691
2006-08-22,19.759825297341735
2006-08-23,18.331020324322996
2006-08-24,16.3684333327208
2006-08-25,13.87206432346619
2006-08-26,10.841913290020937
2006-08-27,7.2779802390026465
2006-08-28,5.384236535231107
2006-08-29,5.160682185073839
2006-08-30,6.607317183798886
2006-08-31,9.724141532028726
2006-09-01,14.51115522929236
2006-09-02,21.102052008186035
2006-09-03,29.49683185985293
2006-09-04,35.980711236006606
2006-09-05,40.5536901352116
2006-09-06,43.21576855471976
2006-09-07,43.966946501046685
2006-09-08,42.80722397382703
2006-09-09,39.736600967720854
2006-09-10,34.755077486959514
2006-09-11,30.56624984024218
2006-09-12,27.170118033816344
2006-09-13,24.56668206242734
2006-09-14,22.755941925503944
2006-09-15,21.737897628469184
2006-09-16,21.512549164757996
2006-09-17,22.079896538300318
2006-09-18,23.111663457457105
2006-09-19,24.607849916997996
2006-09-20,26.568455919479742
2006-09-21,28.993481469761242
2006-09-22,31.88292656181561
2006-09-23,35.23679119931202
2006-09-24,39.05507538112823
2006-09-25,41.326994593850785
2006-09-26,42.05254883759206
2006-09-27,41.23173811686935
2006-09-28,38.864562424779066
2006-09-29,34.95102176403719
2006-09-30,29.491116137034453
2006-10-01,22.484845538053264
2006-10-02,17.707270696644038
2006-10-03,15.158391613296281
2006-10-04,14.83820828287325
2006-10-05,16.74672071152964
2006-10-06,20.88392889519286
2006-10-07,27.249832833345774
2006-10-08,35.84443253090045
2006-10-09,42.31137775767611
2006-10-10,46.65066851266382
2006-10-11,48.86230479942574
2006-10-12,48.94628661958194
2006-10-13,46.902613970610076
2006-10-14,42.73128685554556
2006-10-15,36.43230526913672
2006-10-16,31.23556838866729
2006-10-17,27.141076217891786
2006-10-18,24.14882875556801
2006-10-19,22.258825997255855
2006-10-20,21.471067945470338
2006-10-21,21.78555459551432
2006-10-22,23.202285958403674
2006-10-23,24.359549030309793
2006-10-24,25.257343811617194
2006-10-25,25.895670309147796
2006-10-26,26.274528513311935
2006-10-27,26.393918435524306
2006-10-28,26.25384006873586
2006-10-29,25.85429341190175
2006-10-30,25.929125637346317
2006-10-31,26.47833674966472
2006-11-01,27.50192673785471
2006-11-02,28.9873361173848
2006-11-03,30.934564885362438
2006-11-04,33.343613043603284
2006-11-05,36.2144805928545
2006-11-06,38.774553618213986
2006-11-07,41.023832122193696
2006-11-08,42.962316108070496
2006-11-09,44.59000557247643
2006-11-10,45.90690051589078
2006-11-11,46.91300093982072
2006-11-12,47.60830684390127
2006-11-13,46.577235201742
2006-11-14,43.81978601660271
2006-11-15,39.33595928404344
2006-11-16,33.125755004093016
2006-11-17,25.189173181346625
2006-11-18,15.526213807519195
2006-11-19,4.1368768847512785
2006-11-20,-3.557333913201482
2006-11-21,-7.556418585876493
2006-11-22,-7.860377137878149
2006-11-23,-4.469209564818904
2006-11-24,2.6170841293387443
2006-11-25,13.398503946330514
2006-11-26,27.875049891806775
2006-11-27,38.29209400017287
2006-11-28,44.64963627118427
2006-11-29,46.94767671090761
2006-11-30,45.18621531394262
2006-12-01,39.36525208700802
2006-12-02,29.510675163594673
2006-12-03,15.622484544956558
2006-12-04,4.890109348554875
2006-12-05,-2.6864504249084646
2006-12-06,-7.107194780303357
2006-12-07,-8.372123714850128
2006-12-08,-6.481237233832436
2006-12-09,-1.4345353258726088
2006-12-10,6.767981997037224
2006-12-11,14.477197706351294
2006-12-12,21.693111800325482
2006-12-13,28.41572428813654
2006-12-14,34.64503516382841
2006-12-15,40.38104442743263
2006-12-16,45.623752080825575
2006-12-17,50.37315812538325
2006-12-18,53.79597928517584
2006-12-19,55.89221555379475
2006-12-20,56.66186693774406
2006-12-21,56.104933432574384
2006-12-22,54.221415046492574
2006-12-23,51.011311773163705
2006-12-24,46.47462361158329
2006-12-25,42.605536254855146
2006-12-26,39.40404970507249
2006-12-27,36.87016395906852
2006-12-28,35.00387902123877
2006-12-29,33.805194882282976
2006-12-30,33.274111548167454
2006-12-31,33.41062902039558
2007-01-01,33.46836001863349
2007-01-02,33.393413052767514
2007-01-03,33.185788125910264
2007-01-04,32.84548523325603
2007-01-05,32.37250438358517
2007-01-06,31.766845569202335
2007-01-07,31.02850879184239
2007-01-08,30.977624725567544
2007-01-09,31.614193364372277
2007-01-10,32.938214714587225
2007-01-11,34.94968877353024
2007-01-12,37.64861553923632
2007-01-13,41.034995017309974
2007-01-14,45.10882720232748
2007-01-15,47.299593145380264
2007-01-16,47.60729284280037
2007-01-17,46.03192629881434
2007-01-18,42.573493509784576
2007-01-19,37.231994479772986
2007-01-20,30.00742920293057
2007-01-21,20.899797683358653
2007-01-22,12.94681532668832
2007-01-23,6.148482134781148
2007-01-24,0.5047981090320262
2007-01-25,-3.9842367580184046
2007-01-26,-7.318622460902164
2007-01-27,-9.49835900332492
2007-01-28,-10.523446383832827
2007-01-29,-10.070292822249097
2007-01-30,-8.138898317790321
2007-01-31,-4.729262872583987
2007-02-01,0.15861351905092747
2007-02-02,6.603668352215825
2007-02-03,14.605901633925177
2007-02-04,24.165313355047097
2007-02-05,31.65887697059045
2007-02-06,37.08659247846764
2007-02-07,40.44845987927713
2007-02-08,41.74447916942576
2007-02-09,40.974650355323305
2007-02-10,38.138973431807464
2007-02-11,33.23744840176395
2007-02-12,29.152897742307786
2007-02-13,25.88532145003601
2007-02-14,23.434719528448106
2007-02-15,21.80109197456259
2007-02-16,20.984438786914367
2007-02-17,20.98475996773059
2007-02-18,21.802055515737152
2007-02-19,22.607648168652474
2007-02-20,23.40153792580905
2007-02-21,24.183724787057884
2007-02-22,24.954208752599406
2007-02-23,25.712989823892975
2007-02-24,26.46006799768916
2007-02-25,27.195443278365406
2007-02-26,28.06881229216655
2007-02-27,29.080175036430006
2007-02-28,30.22953151291741
2007-03-01,31.516881720970474
2007-03-02,32.89506966446293
2007-03-03,34.36409534283353
2007-03-04,35.92395875250572
2007-03-05,36.90406803481507
2007-03-06,37.304423190337005
2007-03-07,37.12502421891746
2007-03-08,36.36587111867596
2007-03-09,35.02696389057923
2007-03-10,33.10830253316111
2007-03-11,30.609887050553475
2007-03-12,28.550003150367004
2007-03-13,26.928650833833252
2007-03-14,25.74583009901299
2007-03-15,25.00154094996708
2007-03-16,24.695783384028623
2007-03-17,24.828557399474356
2007-03-18,25.399862999451656
2007-03-19,25.580285751226356
2007-03-20,25.369825649393643
2007-03-21,24.76848270343747
2007-03-22,23.776256903168495
2007-03-23,22.393148255158934
2007-03-24,20.619156758219145
2007-03-25,18.454282409402907
2007-03-26,98.09033429117542
2007-03-27,16.94104343055551
2007-03-28,17.59267879527289
2007-03-29,19.183150737890877
2007-03-30,108.97370707589043
2007-03-31,25.180604326827904
2007-04-01,29.587585982477236
2007-04-02,33.07949661535455
2007-04-03,35.65633622188833
2007-04-04,37.31810480841059
2007-04-05,38.064802365984136
2007-04-06,37.896428908009625
2007-04-07,36.8129844275536
2007-04-08,34.81446891961729
2007-04-09,33.54894912210959
2007-04-10,33.01642503817181
2007-04-11,33.21689666233552
2007-04-12,34.150364002575486
2007-04-13,35.81682704980679
2007-04-14,38.21628580380535
2007-04-15,41.34874027524026
2007-04-16,42.64911086232988
2007-04-17,42.117397563180205
2007-04-18,39.75360037972034
2007-04-19,35.55771931092224
2007-04-20,29.529754359895197
2007-04-21,21.66970552436231
2007-04-22,11.977572796864173
2007-04-23,4.930152400893394
2007-04-24,0.5274443279345317
2007-04-25,-1.230551415188883
2007-04-26,-0.3438348362731337
2007-04-27,3.1875940673455254
2007-04-28,9.363735298097358
2007-04-29,18.184588857442936
2007-04-30,25.557876797928564
2007-05-01,31.483599121899193
2007-05-02,35.892252601890675
2007-05-03,38.78383724386187
2007-05-04,40.15835304473061
2007-05-05,40.01580000470195
2007-05-06,38.356178124553765
2007-05-07,36.12819367895313
2007-05-08,33.33184667479371
2007-05-09,29.967137108907075
2007-05-10,26.034064975572612
2007-05-11,21.532630280253933
2007-05-12,16.462833021486198
2007-05-13,10.824673197417948
2007-05-14,7.064425309786335
2007-05-15,5.1820893601610525
2007-05-16,5.177665345740579
2007-05-17,7.051153269581064
2007-05-18,10.802553129349713
2007-05-19,16.431864927085748
2007-05-20,23.939088662947263
2007-05-21,28.921533615228693
2007-05-22,31.379199785010158
2007-05-23,31.312087175036222
2007-05-24,28.720195779798775
2007-05-25,23.603525600685654
2007-05-26,15.962076640587153
2007-05-27,5.795848894575872
2007-05-28,-1.3128211259586848
2007-05-29,-5.363933425625429
2007-05-30,-6.357488001166727
2007-05-31,-4.2934848547702416
2007-06-01,0.8280760131873128
2007-06-02,9.148488487456742
2007-06-03,20.66775255838464
2007-06-04,29.751790365561362
2007-06-05,36.40060191422948
2007-06-06,40.61418719851329
2007-06-07,42.39254622104106
2007-06-08,41.735678982435104
2007-06-09,38.643585483205655
2007-06-10,33.11626572186067
2007-06-11,28.30997822495546
2007-06-12,24.22472299003301
2007-06-13,20.860500020833243
2007-06-14,18.217309313298912
2007-06-15,16.295150866799283
2007-06-16,15.094024682744154
2007-06-17,14.61393076278802
2007-06-18,14.389704670003448
2007-06-19,14.421346406672052
2007-06-20,14.708855971005855
2007-06-21,15.25223336257213
2007-06-22,16.051478585880027
2007-06-23,17.106591635446108
2007-06-24,18.417572510819216
2007-06-25,19.81571912033148
2007-06-26,21.30103146763428
2007-06-27,22.873509542498233
2007-06-28,24.533153353306837
2007-06-29,26.279962896932094
2007-06-30,28.11393817385722
2007-07-01,30.0350791884786
2007-07-02,32.29017861010379
2007-07-03,34.879236434795324
2007-07-04,37.802252670721515
2007-07-05,41.05922731676324
2007-07-06,44.65016037352844
2007-07-07,48.57505183844056
2007-07-08,52.83390170916914
2007-07-09,55.21890446608008
2007-07-10,118.22253836536761
2007-07-11,54.367368639894934
2007-07-12,51.13083005090146
2007-07-13,46.02044434852567
2007-07-14,39.03621152562782
2007-07-15,30.178131589978356
2007-07-16,22.963645530669286
2007-07-17,17.392753337502217
2007-07-18,13.465455018844002
2007-07-19,11.181750571820384
2007-07-20,10.541639997589186
2007-07-21,11.545123294436987
2007-07-22,14.19220046218965
2007-07-23,15.853314694830154
2007-07-24,16.528465999267727
2007-07-25,16.217654372497233
2007-07-26,14.920879813876308
2007-07-27,12.638142321806388
2007-07-28,9.369441899488685
2007-07-29,5.114778546431354
2007-07-30,2.739616020039284
2007-07-31,2.2439543190332145
2007-08-01,3.6277934438361488
2007-08-02,7.033895089313511
2007-08-03,12.462259255120467
2007-08-04,19.912885940626808
2007-08-05,29.385775149270795
2007-08-06,36.5970584078106
2007-08-07,41.54673571514543
2007-08-08,116.66164277623314
2007-08-09,44.66127248636958
2007-08-10,42.826131944213174
2007-08-11,38.72938545564309
2007-08-12,32.37103301631819
2007-08-13,26.978037643099796
2007-08-14,22.550399335376696
2007-08-15,19.08811809176048
2007-08-16,16.5911939124824
2007-08-17,15.059626799153502
2007-08-18,14.493416749238524
2007-08-19,14.892563764790262
2007-08-20,15.914934963328657
2007-08-21,17.560530345397353
2007-08-22,19.829349912733633
2007-08-23,22.721393664213352
2007-08-24,26.236661599942238
2007-08-25,30.375153723268667
2007-08-26,35.136870027249756
2007-08-27,38.51149420831914
2007-08-28,40.499026264832864
2007-08-29,41.099466198694174
2007-08-30,40.3128140071935
2007-08-31,38.139069692375514
2007-09-01,34.57823324663079
2007-09-02,29.5486578421635
2007-09-03,25.485082045880183
2007-09-04,22.38750585042709
2007-09-05,20.25592926075592
2007-09-06,19.090352277718758
2007-09-07,18.89077489856375
2007-09-08,19.657197123646974
2007-09-09,21.389618952188197
2007-09-10,23.228630820246128
2007-09-11,25.17423272559801
2007-09-12,27.22642466443702
2007-09-13,29.385206644995016
2007-09-14,31.650578664144632
2007-09-15,34.022540717452
2007-09-16,36.5010928110709
2007-09-17,37.96329060777214
2007-09-18,38.409134114489014
2007-09-19,93.97669276337902
2007-09-20,36.25175823392998
2007-09-21,33.6485388551382
2007-09-22,30.02896517992996
2007-09-23,25.393037207635675
2007-09-24,22.434717090881186
2007-09-25,21.154004826861858
2007-09-26,21.550900414026255
2007-09-27,23.625403862841495
2007-09-28,27.37751515830042
2007-09-29,32.807234312020874
2007-09-30,39.914561321982724
2007-10-01,45.21822377780438
2007-10-02,48.76421656901378
2007-10-03,50.55253969915065
2007-10-04,50.583193157645034
2007-10-05,48.85617695545318
2007-10-06,45.37149108437008
2007-10-07,40.129135547898585
2007-10-08,35.620760773715
2007-10-09,31.84636676363845
2007-10-10,28.805953511231586
2007-10-11,26.49952102008821
2007-10-12,24.927069288753472
2007-10-13,24.088598321077537
2007-10-14,23.984108111927355
2007-10-15,24.393351644394578
2007-10-16,25.316328913417504
2007-10-17,26.753039922070915
2007-10-18,28.703484673445544
2007-10-19,31.16766316349905
2007-10-20,34.145575390227876
2007-10-21,37.63722136448037
2007-10-22,40.42687399462591
2007-10-23,42.514533286526024
2007-10-24,43.90019924178075
2007-10-25,44.583871855749535
2007-10-26,44.56555113462292
2007-10-27,43.84523707626419
2007-10-28,42.422929677522006
2007-10-29,41.455561430290956
2007-10-30,40.94313233601237
2007-10-31,40.8856423934483
2007-11-01,41.28309160374642
2007-11-02,42.115319976439494
2007-11-03,43.382327514528484
2007-11-04,45.08411421809448
2007-11-05,46.0338189569942
2007-11-06,46.231441729577206
2007-11-07,45.67698253937952
2007-11-08,44.370441388310184
2007-11-09,42.311818272057074
2007-11-10,39.50111318978558
2007-11-11,35.93832614434257
2007-11-12,33.39671331649604
2007-11-13,31.876274700405247
2007-11-14,31.37701029796291
2007-11-15,31.89892011051132
2007-11-16,33.44200413519083
2007-11-17,36.00626237568204
2007-11-18,39.59169482765353
2007-11-19,42.22538258840625
2007-11-20,43.907325654281195
2007-11-21,131.8987718563213
2007-11-22,44.41597770732594
2007-11-23,43.2426866978885
2007-11-24,41.117650993310576
2007-11-25,38.04087059658278
2007-11-26,35.942297673517025
2007-11-27,34.82193222536321
2007-11-28,34.679774248857626
2007-11-29,35.5158237457845
2007-11-30,37.33008071783732
2007-12-01,40.122545164371125
2007-12-02,43.884038896183554
2007-12-03,46.447944942967546
2007-12-04,47.814263309994494
2007-12-05,47.98299399758355
2007-12-06,46.954137001367855
2007-12-07,44.727692324956685
2007-12-08,41.30365996705457
2007-12-09,36.682039926915415
2007-12-10,88.83076868021827
2007-12-11,31.215110945613056
2007-12-12,30.36980199875166
2007-12-13,30.78326341927217
2007-12-14,32.45549520894674
2007-12-15,35.38649735959476
2007-12-16,39.57626987865197
2007-12-17,92.32375693075474
2007-12-18,45.7211434461269
2007-12-19,47.676244500975066
2007-12-20,48.88645506287406
2007-12-21,49.35177513601575
2007-12-22,49.072204723064544
2007-12-23,48.047743817230966
2007-12-24,47.323614883993855
2007-12-25,46.899817912186045
2007-12-26,46.7763529098208
2007-12-27,46.9532198789485
2007-12-28,47.43041881089284
2007-12-29,48.20794971035912
2007-12-30,49.28581257899209
2007-12-31,49.3845708441001
2008-01-01,48.504224508160604
2008-01-02,46.67849103702332
2008-01-03,43.907370422161556
2008-01-04,40.19086267474688
2008-01-05,35.52896778755481
2008-01-06,29.92168576508984
2008-01-07,25.37363252103487
2008-01-08,21.88480805145151
2008-01-09,19.455212357853576
2008-01-10,18.084845446700463
2008-01-11,17.77370731110367
2008-01-12,18.521797952505217
2008-01-13,20.329117368686315
2008-01-14,21.926547843870786
2008-01-15,23.314089373382494
2008-01-16,24.491741956195924
2008-01-17,25.459505592882277
2008-01-18,26.217380285305204
2008-01-19,26.765366030956415
2008-01-20,27.1034628331143
2008-01-21,27.072859883286462
2008-01-22,26.673557179995626
2008-01-23,25.905554724599416
2008-01-24,24.768852518601324
2008-01-25,23.26345055725596
2008-01-26,21.38934884455282
2008-01-27,19.146547379833205
2008-01-28,17.682198180166672
2008-01-29,16.996301239670405
2008-01-30,17.08885656263103
2008-01-31,17.959864153258287
2008-02-01,19.60932400555067
2008-02-02,21.978122399336534
2008-02-03,25.06625933810848
2008-02-04,27.39225151259155
2008-02-05,28.95609892205063
2008-02-06,29.75780156384975
2008-02-07,29.79735943503517
2008-02-08,29.074772541798655
2008-02-09,27.59004088447228
2008-02-10,25.343164460651387
2008-02-11,23.914816483198713
2008-02-12,23.304996959952923
2008-02-13,23.51370588644849
2008-02-14,24.54094326496513
2008-02-15,26.386709095924854
2008-02-16,29.051003372109566
2008-02-17,32.533826099775446
2008-02-18,35.233785646036715
2008-02-19,37.15088200943488
2008-02-20,38.28511518478309
2008-02-21,38.636485177172815
2008-02-22,38.2049919827122
2008-02-23,36.99063561021949
2008-02-24,34.993416054588536
2008-02-25,33.50039491890505
2008-02-26,32.511572203304844
2008-02-27,32.02694791489701
2008-02-28,32.04652205123543
2008-02-29,32.57029461167387
2008-03-01,33.59826559267586
2008-03-02,35.196681314016416
2008-03-03,36.52856858553339
2008-03-04,37.593927408483566
2008-03-05,38.392757777908216
2008-03-06,38.9250596971522
2008-03-07,39.19083316611547
2008-03-08,39.1900781833681
2008-03-09,38.92279475395583
2008-03-10,37.75882227125044
2008-03-11,35.698160736649015
2008-03-12,32.740810151489775
2008-03-13,28.886770516147944
2008-03-14,24.13604182993482
2008-03-15,18.48862409206952
2008-03-16,11.944517300377473
2008-03-17,8.00022784239361
2008-03-18,6.655755721603095
2008-03-19,7.911100935728475
2008-03-20,11.76626348472581
2008-03-21,18.221243371325624
2008-03-22,27.276040590379743
2008-03-23,38.93065514877439
2008-03-24,48.25267062518167
2008-03-25,116.25224279117947
2008-03-26,59.89890432629393
2008-03-27,62.22312255254863
2008-03-28,62.21474169533595
2008-03-29,59.87376175996264
2008-03-30,55.20018274009715
2008-03-31,50.531414709365336
2008-04-01,45.86745766762599
2008-04-02,41.16828952261693
2008-04-03,36.433910273113554
2008-04-04,31.664319923734148
2008-04-05,26.859518468578457
2008-04-06,22.019505908790492
2008-04-07,76.72126035377512
2008-04-08,15.972417880052484
2008-04-09,14.765342410778008
2008-04-10,14.769245969825361
2008-04-11,15.984128558382707
2008-04-12,18.409990174300503
2008-04-13,22.046830819513787
2008-04-14,24.71320976869618
2008-04-15,26.40912702290663
2008-04-16,27.134582578166587
2008-04-17,26.88957643750512
2008-04-18,25.67410860024166
2008-04-19,23.488179067823175
2008-04-20,20.331787836144244
2008-04-21,18.34554519800977
2008-04-22,17.529451146994433
2008-04-23,69.16626979598055
2008-04-24,75.40034283796464
2008-04-25,22.10206053198415
2008-04-26,25.96656083751879
2008-04-27,31.00120973554418
2008-04-28,34.867220941358276
2008-04-29,37.564594456185326
2008-04-30,39.093330277074536
2008-05-01,39.45342840941558
2008-05-02,38.65333029191786
2008-05-03,36.69303592691828
2008-05-04,33.57254530778383
2008-05-05,30.71867625554861
2008-05-06,28.13142876612104
2008-05-07,25.810802845109652
2008-05-08,23.756798481434345
2008-05-09,21.96941568619402
2008-05-10,20.448654448049254
2008-05-11,19.194514776976593
2008-05-12,18.857873847372044
2008-05-13,19.438731659987106
2008-05-14,20.93708821554234
2008-05-15,23.352943517603894
2008-05-16,26.68629755887929
2008-05-17,30.937150346271377
2008-05-18,36.10550187534925
2008-05-19,40.5045349451279
2008-05-20,44.13424955557328
2008-05-21,46.994645707661675
2008-05-22,49.08572339659678
2008-05-23,50.40748262778528
2008-05-24,50.959923398548774
2008-05-25,50.74304571436102
2008-05-26,49.607037367556366
2008-05-27,47.55189835843558
2008-05-28,104.4970188664399
2008-05-29,40.68422835809335
2008-05-30,35.87169736785809
2008-05-31,30.140035709776853
2008-06-01,23.489243392028328
2008-06-02,87.67431512258952
2008-06-03,15.231634183393375
2008-06-04,13.62481729165664
2008-06-05,13.699325543112074
2008-06-06,15.455158929730413
2008-06-07,18.892317466483558
2008-06-08,24.0108011418756
2008-06-09,28.003380092407085
2008-06-10,30.870054313902784
2008-06-11,32.61082381171217
2008-06-12,101.43489730240756
2008-06-13,32.714648629564536
2008-06-14,31.077703948878614
2008-06-15,28.31485454212352
2008-06-16,26.187244289002233
2008-06-17,24.694873192149483
2008-06-18,23.83774124711723
2008-06-19,23.61584845741861
2008-06-20,24.02919481940273
2008-06-21,25.077780335693795
2008-06-22,26.761605006526494
2008-06-23,28.497465469736703
2008-06-24,30.28536172433727
2008-06-25,32.12529377183201
2008-06-26,34.0172616096896
2008-06-27,121.76815894281309
2008-06-28,37.957304664507205
2008-06-29,40.00537988396313
2008-06-30,40.871448377459785
2008-07-01,40.55551014924573
2008-07-02,39.057247593215024
2008-07-03,36.37666070606648
2008-07-04,113.06259363992078
2008-07-05,27.46851394223993
2008-07-06,21.240954058872504
2008-07-07,16.83106015641519
2008-07-08,70.15874854419336
2008-07-09,72.87463650264817
2008-07-10,14.50737428843299
2008-07-11,77.65112299106897
2008-07-12,22.046580251252976
2008-07-13,28.542682196173384
2008-07-14,33.697105262370435
2008-07-15,37.509849453307524
2008-07-16,39.98091476653493
2008-07-17,41.11030120648445
2008-07-18,40.89800877166598
2008-07-19,39.344037455820185
2008-07-20,36.44838726814155
2008-07-21,34.37138781650956
2008-07-22,33.113039098696
2008-07-23,32.67334111744816
2008-07-24,33.05229386754521
2008-07-25,34.249897357515906
2008-07-26,36.266151584693574
2008-07-27,39.10105654201493
2008-07-28,40.66603842464524
2008-07-29,40.96109723246741
2008-07-30,39.98623296519065
2008-07-31,37.74144562114297
2008-08-01,121.48798302889719
2008-08-02,29.454981915892603
2008-08-03,23.42618577783864
2008-08-04,18.589903912819345
2008-08-05,76.56600210132719
2008-08-06,12.494883012606126
2008-08-07,11.236143976415939
2008-08-08,11.169919216736366
2008-08-09,12.29620872964404
2008-08-10,14.615012517944324
2008-08-11,17.130612976008994
2008-08-12,19.843010100518192
2008-08-13,22.75220388945284
2008-08-14,25.858194346613168
2008-08-15,29.160981469714812
2008-08-16,32.66056526465451
2008-08-17,36.356945729468805
2008-08-18,39.17308132599931
2008-08-19,41.10897206428038
2008-08-20,42.164617938860985
2008-08-21,42.34001895747791
2008-08-22,41.63517511222942
2008-08-23,40.0500864023076
2008-08-24,37.58475283231905
2008-08-25,35.131320213384484
2008-08-26,32.68978853867953
2008-08-27,30.26015781319308
2008-08-28,27.84242803061897
2008-08-29,25.43659919744582
2008-08-30,23.042671314097102
2008-08-31,20.660644373688708
2008-09-01,67.21319627655905
2008-09-02,87.68406570645726
2008-09-03,19.04378211699727
2008-09-04,20.309188673955212
2008-09-05,22.4767755471595
2008-09-06,25.546542739109768
2008-09-07,103.03609155158243
2008-09-08,32.88092993795221
2008-09-09,35.6338617921146
2008-09-10,37.777285816127595
2008-09-11,39.311202008145855
2008-09-12,40.23561037542557
2008-09-13,40.55051091110047
2008-09-14,40.25590361720729
2008-09-15,40.192648668584326
2008-09-16,40.360746071808094
2008-09-17,40.76019582241266
2008-09-18,41.390997921981686
2008-09-19,42.25315236309801
2008-09-20,43.346659158722375
2008-09-21,44.67151830098869
2008-09-22,45.3594844553388
2008-09-23,45.41055761673034
2008-09-24,44.8247377892964
2008-09-25,43.60202497422473
2008-09-26,41.74241917010041
2008-09-27,39.245920372679024
2008-09-28,36.11252858770911
2008-09-29,34.133750512486934
2008-09-30,33.309586149682126
2008-10-01,33.64003549507317
2008-10-02,35.175324054209696
2008-10-03,37.91545182182608
2008-10-04,41.86041880886457
2008-10-05,47.0102250064268
2008-10-06,50.43230795617855
2008-10-07,52.12666765738798
2008-10-08,52.09330411006765
2008-10-09,50.332217318335616
2008-10-10,46.84340728043372
2008-10-11,41.62687399120338
2008-10-12,34.68261745491968
2008-10-13,29.362203973406302
2008-10-14,25.665633544381492
2008-10-15,104.89130206109473
2008-10-16,91.49866597601421
2008-10-17,24.318980569285344
2008-10-18,27.117782348677395
2008-10-19,31.540427184321143
2008-10-20,34.52191745848761
2008-10-21,96.27251418281207
2008-10-22,36.16143434616701
2008-10-23,34.81946095356417
2008-10-24,32.03633300826878
2008-10-25,27.81205050531342
2008-10-26,22.146613443575315
2008-10-27,18.185519153230715
2008-10-28,15.928767622557004
2008-10-29,78.64076353378424
2008-10-30,98.55386581739194
2008-10-31,19.384569620095554
2008-11-01,23.945189150029755
2008-11-02,30.183821177314158
2008-11-03,35.95639310367916
2008-11-04,41.26290493137978
2008-11-05,101.27931490966951
2008-11-06,101.52557828148026
2008-11-07,54.38607983696968
2008-11-08,57.82835127974924
2008-11-09,60.804562624533645
2008-11-10,61.97305998135989
2008-11-11,61.33384334523544
2008-11-12,58.88691271781883
2008-11-13,54.6322681017609
2008-11-14,48.56990949360238
2008-11-15,40.69983689125217
2008-11-16,31.022050297537437
2008-11-17,24.062842167305835
2008-11-18,19.822212502673306
2008-11-19,86.29681057158486
2008-11-20,19.496688561918504
2008-11-21,84.2037969443074
2008-11-22,30.045478480539465
2008-11-23,39.397741132611166
2008-11-24,46.90349261232057
2008-11-25,52.56273291316215
2008-11-26,56.37546204112361
2008-11-27,58.34167999513258
2008-11-28,58.46138677395996
2008-11-29,56.734582375861734
2008-11-30,53.16126680544629
2008-12-01,103.01833507513744
2008-12-02,111.17825052487103
2008-12-03,44.41461494078857
2008-12-04,42.14405274263028
2008-12-05,40.1959847569801
2008-12-06,38.5704109816576
2008-12-07,37.26733141926496
2008-12-08,36.633872187333154
2008-12-09,36.67003328961994
2008-12-10,37.375814719938134
2008-12-11,94.81656821723787
2008-12-12,40.79623858066634
2008-12-13,43.510881010546356
2008-12-14,46.89514376637071
2008-12-15,49.63774727290615
2008-12-16,51.738691524745704
2008-12-17,101.52728301194479
2008-12-18,54.01560226540558
2008-12-19,54.191568759672585
2008-12-20,53.72587599709659
2008-12-21,52.61852398201948
2008-12-22,51.420512572217845
2008-12-23,50.13184176487904
2008-12-24,48.7525115646198
2008-12-25,47.28252196861792
2008-12-26,45.72187297346948
2008-12-27,44.070564582124256
2008-12-28,42.32859679511412
2008-12-29,40.645319460790454
2008-12-30,39.02073257487556
2008-12-31,37.45483613922937
2009-01-01,35.94763015496068
2009-01-02,34.52994504535738
2009-01-03,33.20178080865661
2009-01-04,31.96313744680372
2009-01-05,107.4620446184652
2009-01-06,30.637726767465224
2009-01-07,30.550959451635272
2009-01-08,30.848150816843166
2009-01-09,31.5293008627226
2009-01-10,32.59440958978662
2009-01-11,34.04347699849983
2009-01-12,34.910554159675385
2009-01-13,35.19564106865255
2009-01-14,34.89873772882936
2009-01-15,34.019844136704535
2009-01-16,32.55896029761214
2009-01-17,30.516086205875233
2009-01-18,27.89122186721692
2009-01-19,25.926395443358622
2009-01-20,24.621606937966227
2009-01-21,23.97685634728596
2009-01-22,23.992143676776223
2009-01-23,24.667468922293484
2009-01-24,26.002832084802186
2009-01-25,27.99823316555629
2009-01-26,29.64529723694222
2009-01-27,30.944024296663187
2009-01-28,31.89441435039403
2009-01-29,32.496467388448245
2009-01-30,32.75018342091289
2009-01-31,32.65556244179546
2009-02-01,32.212604453774205
2009-02-02,31.52723126474458
2009-02-03,30.599442877760907
2009-02-04,29.429239286345062
2009-02-05,28.016620503169626
2009-02-06,26.36158651819499
2009-02-07,24.464137333058247
2009-02-08,22.324272949181534
2009-02-09,64.13070766450967
2009-02-10,19.864182219688203
2009-02-11,19.54395587673181
2009-02-12,19.830275543192087
2009-02-13,20.723141222500875
2009-02-14,22.222552917852656
2009-02-15,24.328510623502375
2009-02-16,26.294031460354603
2009-02-17,28.11911541733803
2009-02-18,29.803762502032594
2009-02-19,31.347972716481944
2009-02-20,32.751746057572426
2009-02-21,34.01508252247629
2009-02-22,35.13798211664458
2009-02-23,36.35065736903135
2009-02-24,37.653108279389876
2009-02-25,39.045334841342985
2009-02-26,40.52733706030726
2009-02-27,42.099114936208736
2009-02-28,43.76066847013678
2009-03-01,98.67423480053458
2009-03-02,46.680055910257984
2009-03-03,47.26484321573475
2009-03-04,47.26635958734337
2009-03-05,46.68460501660655
2009-03-06,45.519579505998024
2009-03-07,43.7712830550519
2009-03-08,41.43971566468022
2009-03-09,39.679672909719386
2009-03-10,38.49115479330922
2009-03-11,81.50478522789103
2009-03-12,83.64084757750251
2009-03-13,38.35474826316677
2009-03-14,39.45232869052438
2009-03-15,41.12143375835888
2009-03-16,42.12710088584655
2009-03-17,42.4693300707127
2009-03-18,42.148121318385066
2009-03-19,41.163474625250565
2009-03-20,39.51538999083006
2009-03-21,37.20386741714821
2009-03-22,34.22890690057857
2009-03-23,31.741673062648772
2009-03-24,29.742165901448264
2009-03-25,28.23038541713622
2009-03-26,27.2063316136781
2009-03-27,26.67000448465491
2009-03-28,26.621404031013903
2009-03-29,27.060530257187395
2009-03-30,27.643338195733673
2009-03-31,28.369827847518827
2009-04-01,29.239999208503512
2009-04-02,58.547039016379784
2009-04-03,31.513288803440055
2009-04-04,32.91640703640027
2009-04-05,76.09170235547714
2009-04-06,35.889416758406504
2009-04-07,37.093134646050345
2009-04-08,38.10832788401221
2009-04-09,38.93499647342556
2009-04-10,39.57314040805889
2009-04-11,40.0227596938914
2009-04-12,40.28385433139019
2009-04-13,40.94647443801301
2009-04-14,42.010620010413604
2009-04-15,73.27936338523949
2009-04-16,45.34348755604911
2009-04-17,47.61220953589979
2009-04-18,50.28245698200273
2009-04-19,53.35422989665699
2009-04-20,81.33380616219111
2009-04-21,87.10011195608517
2009-04-22,56.25504138585591
2009-04-23,80.20475154827633
2009-04-24,85.86794738912441
2009-04-25,49.68409199489167
2009-04-26,45.388939776595585
2009-04-27,42.196648910209035
2009-04-28,40.107219383607074
2009-04-29,39.12065120406476
2009-04-30,39.23694437028084
2009-05-01,40.45609888591067
2009-05-02,42.72911161240023
2009-05-03,46.055982556679986
2009-05-04,48.245326872538264
2009-05-05,49.2971445628314
2009-05-06,49.21143562712157
2009-05-07,47.98820006143019
2009-05-08,45.62743787200925
2009-05-09,42.12914905455343
2009-05-10,37.493333610410915
2009-05-11,34.28837207250172
2009-05-12,32.51426444424786
2009-05-13,32.171010721551276
2009-05-14,56.3828415810757
2009-05-15,35.77706499911576
2009-05-16,39.7263730000326
2009-05-17,45.106534906197744
2009-05-18,49.42318440405699
2009-05-19,52.6763214896896
2009-05-20,54.86594616737321
2009-05-21,55.992058433439496
2009-05-22,56.05465829074286
2009-05-23,55.053745733856786
2009-05-24,52.98932077372875
2009-05-25,50.23590816586415
2009-05-26,46.793507917452615
2009-05-27,42.66212002160033
2009-05-28,37.84174448423652
2009-05-29,32.332381299723615
2009-05-30,26.134030473112674
2009-05-31,19.246691994849847
2009-06-01,15.87986410068449
2009-06-02,16.07129454165129
2009-06-03,19.82098331945245
2009-06-04,27.128930433610492
2009-06-05,37.99513588570494
2009-06-06,52.419599673902624
2009-06-07,70.40232180575148
2009-06-08,83.67497606599551
2009-06-09,92.23756246116795
2009-06-10,96.09008098707288
2009-06-11,95.23253165104994
2009-06-12,176.92616227712642
2009-06-13,79.3872293756307
2009-06-14,64.39947643592332
2009-06-15,67.35641024302569
2009-06-16,59.05907478388119
2009-06-17,36.48688840625462
2009-06-18,32.86624931715152
2009-06-19,32.087388692422024
2009-06-20,34.150306527475955
2009-06-21,39.05500282436305
2009-06-22,60.35012120877751
2009-06-23,46.11521922522106
2009-06-24,48.27073932908503
2009-06-25,49.509867369934746
2009-06-26,49.83260334879334
2009-06-27,49.23894726252046
2009-06-28,47.72889911245093
2009-06-29,46.258314603100516
2009-06-30,44.82719373205011
2009-07-01,68.40567819317798
2009-07-02,42.08261160675444
2009-07-03,40.768419040613956
2009-07-04,39.49295880302846
2009-07-05,38.256230895358364
2009-07-06,37.191911822262156
2009-07-07,36.300001580919776
2009-07-08,55.06884552050146
2009-07-09,35.03340759400135
2009-07-10,34.65872384809186
2009-07-11,34.45644893221919
2009-07-12,34.426582845530916
2009-07-13,34.64515506117569
2009-07-14,35.11216557289313
2009-07-15,58.58266285122619
2009-07-16,36.79150148239748
2009-07-17,38.00382688459101
2009-07-18,39.46459058609385
2009-07-19,41.17379258277071
2009-07-20,42.32276572869082
2009-07-21,42.91151002525212
2009-07-22,42.94002547211119
2009-07-23,42.40831206721682
2009-07-24,41.31636981225367
2009-07-25,39.66419870573853
2009-07-26,37.451798750265866
2009-07-27,35.53126334651915
2009-07-28,33.90259249466587
2009-07-29,32.56578619330116
2009-07-30,31.520844449373104
2009-07-31,30.767767250925417
2009-08-01,30.30655460957798
2009-08-02,30.108475195451
2009-08-03,58.8360758888915
2009-08-04,30.10072133913013
2009-08-05,30.291046891804914
2009-08-06,30.610840767006962
2009-08-07,31.060102962498927
2009-08-08,31.63883348300523
2009-08-09,32.34703232600622
2009-08-10,32.82925705406815
2009-08-11,33.08550767291184
2009-08-12,33.11578417782708
2009-08-13,32.920086575080695
2009-08-14,60.287766094256384
2009-08-15,31.85076903468851
2009-08-16,30.9771490975979
2009-08-17,30.613030174308733
2009-08-18,30.75841226799501
2009-08-19,31.413295374383654
2009-08-20,32.57767949381157
2009-08-21,34.25156462878433
2009-08-22,36.43495077850552
2009-08-23,39.12783794310554
2009-08-24,41.48565003220573
2009-08-25,43.50838704995322
2009-08-26,45.19604899520367
2009-08-27,46.54863586668285
2009-08-28,85.75972460159447
2009-08-29,48.24858439245005
2009-08-30,48.59594604706199
2009-08-31,48.54393667968587
2009-09-01,48.0925562841077
2009-09-02,47.25508137432759
2009-09-03,80.49970484725154
2009-09-04,44.421848018408525
2009-09-05,42.42608956896043
2009-09-06,40.04423660541049
2009-09-07,38.46475192887618
2009-09-08,73.02844091163654
2009-09-09,37.712887439906744
2009-09-10,38.54050762754049
2009-09-11,40.17049610043273
2009-09-12,42.602852863722475
2009-09-13,45.8375779112424
2009-09-14,47.81773059088878
2009-09-15,48.54331089295746
2009-09-16,48.01431881860437
2009-09-17,46.23075437065801
2009-09-18,86.1687821115278
2009-09-19,38.89990835907929
2009-09-20,33.352626792940626
2009-09-21,92.17722897821527
2009-09-22,25.580500897234458
2009-09-23,23.35565657503454
2009-09-24,55.25213009436191
2009-09-25,22.228405167828235
2009-09-26,71.97414375156235
2009-09-27,25.53107008464806
2009-09-28,27.53454296306722
2009-09-29,29.336416717604067
2009-09-30,30.936691349759865
2009-10-01,32.33536685863558
2009-10-02,33.55191416745151
2009-10-03,34.58633327457832
2009-10-04,35.438624177742206
2009-10-05,77.95274367154175
2009-10-06,37.34510735910878
2009-10-07,38.399299637164276
2009-10-08,39.52079237273724
2009-10-09,40.70958556875589
2009-10-10,41.96567922170869
2009-10-11,43.289073333410435
2009-10-12,44.24294127312854
2009-10-13,84.3633407100192
2009-10-14,45.0420986358656
2009-10-15,77.57679397948533
2009-10-16,44.36315131383634
2009-10-17,43.46938839424337
2009-10-18,42.20609930493255
2009-10-19,41.51462172166037
2009-10-20,41.39495564208376
2009-10-21,79.8057438759187
2009-10-22,84.46558613339865
2009-10-23,44.4668264427462
2009-10-24,46.634406386450735
2009-10-25,49.373797837535946
2009-10-26,51.05371780447623
2009-10-27,90.20336341014078
2009-10-28,51.23514329654307
2009-10-29,49.7366488225849
2009-10-30,47.17868286440366
2009-10-31,43.561245424467536
2009-11-01,38.884336503415966
2009-11-02,35.35152572811333
2009-11-03,68.73992470820343
2009-11-04,73.82175069004948
2009-11-05,75.8300478333826
2009-11-06,32.66126406912744
2009-11-07,112.00243063727977
2009-11-08,38.18072210982266
2009-11-09,40.81908473168156
2009-11-10,42.764031887040474
2009-11-11,44.01556357787791
2009-11-12,85.11659802722657
2009-11-13,44.438380560699606
2009-11-14,43.609665852100726
2009-11-15,42.08753567362493
2009-11-16,84.20405545886823
2009-11-17,39.28550657816098
2009-11-18,38.00560765649474
2009-11-19,36.806452483373164
2009-11-20,35.68804106349159
2009-11-21,34.650373392583944
2009-11-22,33.693449473327036
2009-11-23,32.83833756023657
2009-11-24,68.73476174048504
2009-11-25,31.4335497498979
2009-11-26,30.883873854463733
2009-11-27,30.43600996415488
2009-11-28,95.87151413454396
2009-11-29,29.845718198248218
2009-11-30,29.651448595160762
2009-12-01,69.50188785338678
2009-12-02,29.456660762871035
2009-12-03,78.51171728370102
2009-12-04,29.637116235342795
2009-12-05,29.868060212482053
2009-12-06,30.192815015116846
2009-12-07,30.224906260120857
2009-12-08,77.44899630642885
2009-12-09,84.89470815405619
2009-12-10,28.56519864720096
2009-12-11,27.426635660549305
2009-12-12,25.995409114133007
2009-12-13,24.271519009873153
2009-12-14,23.362894984061704
2009-12-15,23.269537036741095
2009-12-16,23.99144516928919
2009-12-17,25.52861937880652
2009-12-18,27.881059667508076
2009-12-19,31.048766036296854
2009-12-20,35.03173848166537
2009-12-21,38.25251236222298
2009-12-22,85.65063030632744
2009-12-23,42.40746442028823
2009-12-24,43.34164260191597
2009-12-25,43.513622213477255
2009-12-26,42.92340326233804
2009-12-27,41.570985744274985
2009-12-28,39.98399019146987
2009-12-29,38.16241660252639
2009-12-30,36.10626497616196
2009-12-31,113.15055313175091
2010-01-01,31.290227613442546
2010-01-02,28.49062694050773
2010-01-03,97.47998045819148
2010-01-04,22.90067421125434
2010-01-05,20.942449699226945
2010-01-06,19.542059754464237
2010-01-07,18.699504382450385
2010-01-08,97.74980139593877
2010-01-09,18.687897339201342
2010-01-10,19.518845670456294
2010-01-11,20.782147222760848
2010-01-12,22.477801992752077
2010-01-13,63.80624746930825
2010-01-14,27.166171192800483
2010-01-15,30.158885622812353
2010-01-16,33.58395327302244
2010-01-17,37.441374147369054
2010-01-18,40.333424078298236
2010-01-19,42.26010306959139
2010-01-20,43.22141111847987
2010-01-21,43.21734822775382
2010-01-22,42.24791439440349
2010-01-23,40.31310962344823
2010-01-24,37.41293391075172
2010-01-25,35.01628542219467
2010-01-26,33.12316416470366
2010-01-27,31.733570131193055
2010-01-28,69.71232063012422
2010-01-29,30.464963749061305
2010-01-30,30.58595139513515
2010-01-31,31.210466271013367
2010-02-01,31.150940068410485
2010-02-02,30.44965567128728
2010-02-03,29.10661308442402
2010-02-04,70.31612997425115
2010-02-05,24.49525332020454
2010-02-06,21.226936147359336
2010-02-07,17.31686078000621
2010-02-08,14.365401883346037
2010-02-09,12.372559461037007
2010-02-10,11.33833350938847
2010-02-11,11.262724033266831
2010-02-12,12.145731024432402
2010-02-13,97.01978799949093
2010-02-14,16.787594426666757
2010-02-15,19.035330862158972
2010-02-16,20.73056379237095
2010-02-17,21.873293222778404
2010-02-18,22.463519155929315
2010-02-19,22.501241586312545
2010-02-20,21.986460514369956
2010-02-21,20.919175939459475
2010-02-22,20.54487505854481
2010-02-23,20.863557866442385
2010-02-24,21.875224366609164
2010-02-25,23.579874552058605
2010-02-26,25.977508430866514
2010-02-27,29.068126002943508
2010-02-28,32.851727260902194
2010-03-01,35.713581873556045
2010-03-02,37.61076885968083
2010-03-03,38.543288214315005
2010-03-04,38.511139944551005
2010-03-05,37.51432404342948
2010-03-06,35.55284050696937
2010-03-07,32.62668934934551
2010-03-08,30.5386423298166
2010-03-09,29.288699456427988
2010-03-10,28.87686072261628
2010-03-11,29.303126125882265
2010-03-12,30.56749567720069
2010-03-13,32.66996936911776
2010-03-14,35.610547202057305
2010-03-15,37.60162616782312
2010-03-16,38.64320626346789
2010-03-17,38.73528749181358
2010-03-18,37.87786985203734
2010-03-19,36.07095334479147
2010-03-20,33.31453796594433
2010-03-21,29.60862372224073
2010-03-22,26.432214339129793
2010-03-23,23.78530982042764
2010-03-24,21.66791016307537
2010-03-25,64.94684029732461
2010-03-26,19.021625437312558
2010-03-27,18.492740365286068
2010-03-28,18.49336015745268
2010-03-29,18.914321287310422
2010-03-30,19.75562375683787
2010-03-31,21.0172675641907
2010-04-01,22.69925270866984
2010-04-02,24.833060682091872
2010-04-03,27.418691486484096
2010-04-04,30.456145114388402
2010-04-05,32.562073018797456
2010-04-06,33.7364751957963
2010-04-07,33.979351645425524
2010-04-08,33.290702371079604
2010-04-09,31.670527371779254
2010-04-10,29.118826641026185
2010-04-11,25.635600186041295
2010-04-12,22.869685396090098
2010-04-13,20.821082272643295
2010-04-14,19.48979081375497
2010-04-15,18.875811020729934
2010-04-16,18.97914289246461
2010-04-17,19.79978642900799
2010-04-18,21.337741628773404
2010-04-19,22.434169415779742
2010-04-20,23.0890697927463
2010-04-21,23.302442754757354
2010-04-22,23.07428830491876
2010-04-23,22.404606439816042
2010-04-24,21.293397161438875
2010-04-25,19.740660471688162
2010-04-26,63.38667555041164
2010-04-27,18.923105327048823
2010-04-28,19.658286873100135
2010-04-29,21.15610783102828
2010-04-30,23.416568202885497
2010-05-01,26.439667986750138
2010-05-02,30.20883550070658
2010-05-03,32.79235880417175
2010-05-04,34.190237903287084
2010-05-05,34.40247279599549
2010-05-06,33.42906348175072
2010-05-07,31.270009962696076
2010-05-08,27.925312237930022
2010-05-09,23.39497030037314
2010-05-10,20.259717217538782
2010-05-11,18.519552974295642
2010-05-12,18.174477577076434
2010-05-13,19.224491027130842
2010-05-14,21.6695933205915
2010-05-15,25.509784459513295
2010-05-16,30.745064447453977
2010-05-17,34.73000069375191
2010-05-18,37.46459320850486
2010-05-19,38.94884199378038
2010-05-20,39.18274704107583
2010-05-21,38.1663083557278
2010-05-22,35.89952593986476
2010-05-23,32.38239978571475
2010-05-24,29.372691977015563
2010-05-25,26.870402507342334
2010-05-26,24.875531376799163
2010-05-27,23.388078591588382
2010-05-28,22.408044147177062
2010-05-29,21.935428042031752
2010-05-30,21.97023027781678
2010-05-31,21.977430645756918
2010-06-01,21.957029148558657
2010-06-02,21.913413861167893
2010-06-03,21.846584780516107
2010-06-04,21.756541905926753
2010-06-05,21.643285243799223
2010-06-06,21.50681478496594
2010-06-07,21.40625788003508
2010-06-08,21.34161452241511
2010-06-09,21.312884717016487
2010-06-10,21.320068460652777
2010-06-11,21.363165758374855
2010-06-12,21.442176603828567
2010-06-13,21.557101001077744
2010-06-14,21.567835855296515
2010-06-15,21.474381164259903
2010-06-16,21.27673693355904
2010-06-17,20.974903155920916
2010-06-18,20.56887983952064
2010-06-19,20.05866697384205
2010-06-20,19.444264569082392
2010-06-21,19.133175636449707
2010-06-22,19.125400180740897
2010-06-23,19.42093819579577
2010-06-24,20.01978968688639
2010-06-25,20.921954651738883
2010-06-26,22.127433091729017
2010-06-27,23.63622500568486
2010-06-28,24.81680940817846
2010-06-29,25.66918630013798
2010-06-30,26.193355685832287
2010-07-01,26.38931755725857
2010-07-02,26.259128563098237
2010-07-03,25.80278870532075
2010-07-04,25.020297984838365
2010-07-05,24.387010717298033
2010-07-06,95.09356159660821
2010-07-07,23.568046549474985
2010-07-08,23.382369653606375
2010-07-09,23.34589620921787
2010-07-10,23.458626223111125
2010-07-11,23.720559689181574
2010-07-12,23.888187426026303
2010-07-13,23.961509432297564
2010-07-14,23.94052570958223
2010-07-15,23.825236251532978
2010-07-16,23.61564106048435
2010-07-17,23.31174014312284
2010-07-18,22.913533494424428
2010-07-19,22.63087494660875
2010-07-20,22.46376449948773
2010-07-21,22.412202152787803
2010-07-22,22.476187907233218
2010-07-23,22.655721765996944
2010-07-24,22.950803724167805
2010-07-25,23.361433783087605
2010-07-26,23.552258637906068
2010-07-27,23.52327829186588
2010-07-28,23.274492742857113
2010-07-29,22.805901994484493
2010-07-30,22.11750603993374
2010-07-31,21.209304883276932
2010-08-01,20.08129852626868
2010-08-02,19.70393377046538
2010-08-03,20.07721062108358
2010-08-04,21.20112906911286
2010-08-05,23.07568912147653
2010-08-06,25.700890777090038
2010-08-07,29.076734034731018
2010-08-08,33.20321889746238
2010-08-09,36.117078767625166
2010-08-10,37.81831364256793
2010-08-11,38.30692352666552
2010-08-12,37.58290841506569
2010-08-13,35.646268312134055
2010-08-14,32.497003216471015
2010-08-15,28.135113126896197
2010-08-16,24.675936729571006
2010-08-17,22.119474026788033
2010-08-18,20.4657250223459
2010-08-19,19.71468971058936
2010-08-20,19.866368089385702
2010-08-21,20.920760167406478
2010-08-22,22.877865936488927
2010-08-23,24.113778660268753
2010-08-24,77.38799125321984
2010-08-25,75.46985493832051
2010-08-26,23.494358535160682
2010-08-27,21.84549906387828
2010-08-28,19.47544654365289
2010-08-29,16.384200975083758
2010-08-30,53.16342283522358
2010-08-31,66.69414286624257
2010-09-01,13.34573714972992
2010-09-02,14.429419868832113
2010-09-03,16.57039443536131
2010-09-04,19.768660853141895
2010-09-05,24.02421911921026
2010-09-06,27.150659811518945
2010-09-07,29.147982927830416
2010-09-08,30.016188469424456
2010-09-09,29.755276436472307
2010-09-10,28.365246826900904
2010-09-11,25.84609964396701
2010-09-12,22.19783488565411
2010-09-13,61.64601213171493
2010-09-14,18.970740748222575
2010-09-15,19.39191137108826
2010-09-16,21.16956045023701
2010-09-17,24.3036879918252
2010-09-18,28.79429399207087
2010-09-19,34.64137845304599
2010-09-20,39.235121210544506
2010-09-21,42.575522259631065
2010-09-22,44.66258160298349
2010-09-23,45.49629924173749
2010-09-24,45.07667517557799
2010-09-25,43.4037094053678
2010-09-26,40.47740193148401
2010-09-27,37.659530592310254
2010-09-28,34.9500953937562
2010-09-29,84.41497420601497
2010-09-30,29.856533413391215
2010-10-01,27.47240663273787
2010-10-02,25.17029641666277
2010-10-03,22.950202770457626
2010-10-04,21.603490379195303
2010-10-05,21.130159241934486
2010-10-06,21.530209362712082
2010-10-07,22.803640738580242
2010-10-08,81.40176831109122
2010-10-09,27.97064725478482
2010-10-10,31.864222398213744
2010-10-11,34.52585001497988
2010-10-12,35.95553010827105
2010-10-13,36.153262675471886
2010-10-14,35.119047714824035
2010-10-15,32.852885236775585
2010-10-16,29.354775229762755
2010-10-17,24.624717696134898
2010-10-18,21.06998844493827
2010-10-19,54.03139284141907
2010-10-20,17.486514773194873
2010-10-21,17.45777035613669
2010-10-22,18.60435421429388
2010-10-23,20.926266354708446
2010-10-24,24.42350676936752
2010-10-25,27.31531870369519
2010-10-26,63.34271798369468
2010-10-27,31.282657127366758
2010-10-28,32.35818361474563
2010-10-29,32.82828162359093
2010-10-30,32.69295115020416
2010-10-31,31.952192192258217
2010-11-01,62.36524977077931
2010-11-02,65.3482329467509
2010-11-03,31.73871069265088
2010-11-04,32.363729167878795
2010-11-05,68.09590084710615
2010-11-06,34.65803457879701
2010-11-07,36.32732152063836
2010-11-08,37.57590481825339
2010-11-09,38.403784468499126
2010-11-10,38.81096047948787
2010-11-11,38.79743284603087
2010-11-12,38.36320156978022
2010-11-13,37.50826664887266
2010-11-14,36.2326280829676
2010-11-15,63.338115939296834
2010-11-16,33.30870735065994
2010-11-17,31.660425182912903
2010-11-18,57.37522154445056
2010-11-19,27.9912172357954
2010-11-20,25.970291460878702
2010-11-21,23.825151148936126
2010-11-22,23.13368819369225
2010-11-23,23.895902587813772
2010-11-24,26.111794333233597
2010-11-25,59.92005595722727
2010-11-26,68.06388406835605
2010-11-27,84.23954514120463
2010-11-28,49.51213486732795
2010-11-29,55.26617248908364
2010-11-30,58.74364656461453
2010-12-01,147.20580492984666
2010-12-02,58.844075722165414
2010-12-03,91.21931404930451
2010-12-04,49.73893724478184
2010-12-05,74.89355431131435
2010-12-06,62.48040091258154
2010-12-07,74.38783896515089
2010-12-08,69.2003377627859
2010-12-09,60.00708448938737
2010-12-10,58.06254263954693
2010-12-11,26.582740053915167
2010-12-12,29.53688379632342
2010-12-13,61.46505415220474
2010-12-14,67.61081810522717
2010-12-15,36.84836655887893
2010-12-16,38.76854465424242
2010-12-17,72.49873992166687
2010-12-18,41.83342662057598
2010-12-19,42.97813048984117
2010-12-20,44.313595682044486
2010-12-21,90.7458028148075
2010-12-22,93.33540313763055
2010-12-23,49.46455921911014
2010-12-24,51.56306971709309
2010-12-25,53.85234154298139
2010-12-26,56.33237469320196
2010-12-27,57.46111280426821
2010-12-28,57.238555870177905
2010-12-29,55.664703891622835
2010-12-30,93.0251662871746
2010-12-31,48.46311480646793
2011-01-01,42.83537769744912
2011-01-02,35.881213061238185
2011-01-03,30.206112736705244
2011-01-04,25.810076726995042
2011-01-05,22.69310502819185
2011-01-06,20.855197641399883
2011-01-07,20.296354567382267
2011-01-08,21.016575801993284
2011-01-09,23.01586135052904
2011-01-10,24.419919090454997
2011-01-11,25.228749021835075
2011-01-12,25.442351144014523
2011-01-13,25.06072545830744
2011-01-14,52.22562438635162
2011-01-15,22.511790659609698
2011-01-16,20.344481545286776
2011-01-17,44.586047677720245
2011-01-18,43.09789347501615
2011-01-19,16.534478293841893
2011-01-20,43.279896104254966
2011-01-21,16.237746200713023
2011-01-22,16.762361170311692
2011-01-23,17.735630157824296
2011-01-24,42.10185355276291
2011-01-25,19.582164832097753
2011-01-26,46.9246757015748
2011-01-27,21.295361782771565
2011-01-28,22.101958609393993
2011-01-29,22.875221008523344
2011-01-30,23.61514897185378
2011-01-31,24.384379881538244
2011-02-01,25.182913738348688
2011-02-02,25.980869442266098
2011-02-03,26.778246992547146
2011-02-04,27.575046396028853
2011-02-05,28.37126764609388
2011-02-06,29.166910748172842
2011-02-07,59.380994810307165
2011-02-08,29.40293071712301
2011-02-09,28.843307589373996
2011-02-10,27.831929050754386
2011-02-11,26.368795103087812
2011-02-12,24.453905742436874
2011-02-13,58.44611423281903
2011-02-14,49.66429516714537
2011-02-15,19.269301139995612
2011-02-16,48.995834286106074
2011-02-17,19.00511425147475
2011-02-18,19.83068566036416
2011-02-19,21.294700309293283
2011-02-20,23.397158194811453
2011-02-21,24.95417768938655
2011-02-22,25.96575878875396
2011-02-23,69.86115330403987
2011-02-24,26.352605819326158
2011-02-25,25.727871748060974
2011-02-26,24.55769928478401
2011-02-27,22.84208842951378
2011-02-28,21.388948713573715
2011-03-01,20.198280138064295
2011-03-02,19.307340062874964
2011-03-03,79.3626957341427
2011-03-04,18.424645421833596
2011-03-05,18.432890857104272
2011-03-06,18.74086479436841
2011-03-07,47.471975538337986
2011-03-08,50.46831274034395
2011-03-09,86.3962845542832
2011-03-10,55.71094441776507
2011-03-11,13.677749289615676
2011-03-12,56.50222488890179
2011-03-13,8.571109993864614
2011-03-14,6.8259038590808805
2011-03-15,45.37647226222269
2011-03-16,43.506160963932686
2011-03-17,7.759563552274824
2011-03-18,48.44944082313564
2011-03-19,57.808151709318395
2011-03-20,17.947140404824587
2011-03-21,21.46480493691545
2011-03-22,24.076062035438582
2011-03-23,25.780911699263108
2011-03-24,26.579353927371507
2011-03-25,26.471388719567628
2011-03-26,25.45701607701162
2011-03-27,23.5362360013567
2011-03-28,21.980448248505724
2011-03-29,51.331089558473224
2011-03-30,53.850300950439916
2011-03-31,59.49777751200203
2011-04-01,19.40722046219482
2011-04-02,19.64155852776893
2011-04-03,20.206053119910184
2011-04-04,53.1601799546531
2011-04-05,21.20764769908901
2011-04-06,21.644747682282087
2011-04-07,22.03938279955024
2011-04-08,22.391553044392722
2011-04-09,22.701258422509287
2011-04-10,22.96849892932294
2011-04-11,55.4153374393924
2011-04-12,22.74548262102562
2011-04-13,22.255225806857716
2011-04-14,63.54330425391036
2011-04-15,58.33042223948992
2011-04-16,19.26946070261914
2011-04-17,70.998568628218
2011-04-18,16.909009488643736
2011-04-19,16.688866811737476
2011-04-20,17.108779422536397
2011-04-21,18.168747319455825
2011-04-22,84.03934967782358
2011-04-23,22.208848976552687
2011-04-24,25.188982736633793
2011-04-25,27.746464638753025
2011-04-26,29.881294691875752
2011-04-27,31.59347288496875
2011-04-28,32.882999223354716
2011-04-29,64.29131044725102
2011-04-30,34.19409633327783
2011-05-01,34.21566710581391
2011-05-02,34.094810653665625
2011-05-03,33.83152696971074
2011-05-04,33.42581605856937
2011-05-05,32.87767792162124
2011-05-06,32.18711255752106
2011-05-07,31.35411996438498
2011-05-08,30.37870014331327
2011-05-09,29.54805483623864
2011-05-10,57.00393647356552
2011-05-11,57.335452678741994
2011-05-12,27.92476601775274
2011-05-13,27.67321877351965
2011-05-14,27.566446046364312
2011-05-15,27.6044478322426
2011-05-16,27.655634940934235
2011-05-17,27.720007362929856
2011-05-18,27.797565100276646
2011-05-19,58.13887407137021
2011-05-20,27.992236525839076
2011-05-21,28.109350213785287
2011-05-22,28.239649221821416
2011-05-23,28.458444403400268
2011-05-24,28.76573576428265
2011-05-25,29.16152330409446
2011-05-26,29.645807020373873
2011-05-27,62.21437778804669
2011-05-28,30.879862990645698
2011-05-29,31.62963524139338
2011-05-30,31.939242543293766
2011-05-31,31.808684897093674
2011-06-01,31.237962302042177
2011-06-02,30.23546540820259
2011-06-03,63.70569334473485
2011-06-04,26.93514871405733
2011-06-05,24.63732892035256
2011-06-06,22.932094543709333
2011-06-07,56.65122701259378
2011-06-08,21.299382045313735
2011-06-09,49.44093864142975
2011-06-10,22.03701122193576
2011-06-11,23.29470393731896
2011-06-12,25.144982071907513
2011-06-13,75.89566983803829
2011-06-14,68.94260947066209
2011-06-15,27.410031643853014
2011-06-16,27.069786558573398
2011-06-17,53.30561520002597
2011-06-18,62.34145824451063
2011-06-19,60.75547129738826
2011-06-20,48.04840605226407
2011-06-21,19.44886223284507
2011-06-22,58.11233408161194
2011-06-23,52.63529520467946
2011-06-24,52.61122145428721
2011-06-25,53.24074419214983
2011-06-26,14.965431074113456
2011-06-27,40.68449736090917
2011-06-28,40.664293199449105
2011-06-29,64.20742361842156
2011-06-30,44.41359860680529
2011-07-01,19.24146097530225
2011-07-02,64.29646637416724
2011-07-03,23.962722835184824
2011-07-04,76.07391962281183
2011-07-05,56.970467699172865
2011-07-06,51.8271760794816
2011-07-07,31.59611784594983
2011-07-08,60.83942905798739
2011-07-09,33.825564415842464
2011-07-10,34.54347496529902
2011-07-11,35.03431348402534
2011-07-12,65.47592817646188
2011-07-13,65.512622632568835
2011-07-14,35.14439684621455
2011-07-15,60.97803928987249
2011-07-16,34.08242559552008
2011-07-17,33.210831919521716
2011-07-18,32.43746220727171
2011-07-19,31.762316455920214
2011-07-20,31.1853946680753
2011-07-21,58.33942532184204
2011-07-22,30.32622297692424
2011-07-23,30.04397307657155
2011-07-24,29.85994713519525
2011-07-25,29.6249302437946
2011-07-26,29.338922389040384
2011-07-27,29.00192358186691
2011-07-28,49.120327058796576
2011-07-29,28.17495310028425
2011-07-30,27.684981423944013
2011-07-31,27.14401879079086
2011-08-01,27.037344283827604
2011-08-02,52.10574323352651
2011-08-03,48.11299390674238
2011-08-04,29.42364017292493
2011-08-05,31.121178605927966
2011-08-06,33.26977027460679
2011-08-07,35.86941517873189
2011-08-08,37.88972494356506
2011-08-09,39.33069957575759
2011-08-10,40.192339068355956
2011-08-11,40.47464343496075
2011-08-12,61.55661837807427
2011-08-13,71.58790844569904
2011-08-14,59.07911600864693
2011-08-15,63.81924982829611
2011-08-16,35.633092397736284
2011-08-17,60.90927907310617
2011-08-18,48.64999063388292
2011-08-19,61.784011586294085
2011-08-20,61.345838563477045
2011-08-21,34.17916035805228
2011-08-22,34.27617495574082
2011-08-23,34.295024704025
2011-08-24,51.54252375931438
2011-08-25,55.913541621202086
2011-08-26,33.882584869481434
2011-08-27,54.09516846723766
2011-08-28,33.216800736606686
2011-08-29,50.66778975377899
2011-08-30,33.584993579320084
2011-08-31,53.23176460294313
2011-09-01,66.70465597587435
2011-09-02,36.91957511571873
2011-09-03,60.99381591854936
2011-09-04,57.98697735419551
2011-09-05,58.353519324988994
2011-09-06,61.55644953475905
2011-09-07,42.55850226709461
2011-09-08,41.36560344849537
2011-09-09,39.31727085026275
2011-09-10,36.41350447163088
2011-09-11,32.65430430919079
2011-09-12,43.693706368549336
2011-09-13,32.88198656431315
2011-09-14,55.9209080851353
2011-09-15,58.85393269499794
2011-09-16,68.07758786422535
2011-09-17,64.32168136401516
2011-09-18,91.86010912796172
2011-09-19,104.25640638424164
2011-09-20,110.57231809427606
2011-09-21,112.821565368545
2011-09-22,183.1624877556873
2011-09-23,105.92555503979095
2011-09-24,97.11591762412978
2011-09-25,66.85449023849225
2011-09-26,72.57389484775639
2011-09-27,58.42693284276037
2011-09-28,58.44549087194661
2011-09-29,59.54038176488255
2011-09-30,40.76890603761236
2011-10-01,61.46871221662052
2011-10-02,61.40921943981882
2011-10-03,67.1998763721348
2011-10-04,66.69123235365183
2011-10-05,71.89848996941562
2011-10-06,66.44338424770616
2011-10-07,70.32887814769491
2011-10-08,44.28741014546319
2011-10-09,48.60195894816928
2011-10-10,32.031470545106906
2011-10-11,40.169946927308196
2011-10-12,44.148458596503154
2011-10-13,41.3491681238417
2011-10-14,62.31351224756754
2011-10-15,66.02870449084936
2011-10-16,94.38014381369366
2011-10-17,109.16858390347393
2011-10-18,119.12014954069573
2011-10-19,192.70135825900687
2011-10-20,126.2578824319043
2011-10-21,111.37291039632906
2011-10-22,108.95787806770505
2011-10-23,73.6369365684431
2011-10-24,70.14487562067278
2011-10-25,64.30437315460745
2011-10-26,54.37020421553269
2011-10-27,47.32326862333701
2011-10-28,51.88969116636384
2011-10-29,55.998332559043604
2011-10-30,42.6332494768175
2011-10-31,60.44526026338313
2011-11-01,63.678146518210625
2011-11-02,52.18383020380521
2011-11-03,66.56116624985648
2011-11-04,67.54259312680384
2011-11-05,67.61318167576714
2011-11-06,79.81177605589276
2011-11-07,70.55108374325546
2011-11-08,73.64483828055484
2011-11-09,73.38601505301314
2011-11-10,72.610604618622
2011-11-11,77.42689432144782
2011-11-12,74.74569699247982
2011-11-13,82.01926219535397
2011-11-14,75.73634383578805
2011-11-15,74.22180395726834
2011-11-16,75.73041760614854
2011-11-17,73.0631318328302
2011-11-18,83.72253923576567
2011-11-19,71.39453590413339
2011-11-20,73.86995455558241
2011-11-21,74.006075036976
2011-11-22,82.22949772543568
2011-11-23,72.3842229497996
2011-11-24,77.04778324116359
2011-11-25,82.25837894106007
2011-11-26,99.35997226880299
2011-11-27,92.57545161310694
2011-11-28,100.66661038428731
2011-11-29,100.0729116666597
2011-11-30,100.39309271992983
2011-12-01,115.09671026221201
2011-12-02,97.71718125882825
2011-12-03,99.0450268823466
2011-12-04,93.43886507906085
2011-12-05,92.86052287136162
2011-12-06,87.87347942101279
2011-12-07,92.2493496144138
2011-12-08,87.15424745383572
2011-12-09,86.54997259855713
2011-12-10,87.81868760685063
2011-12-11,84.8521051396768
2011-12-12,86.16808903618382
2011-12-13,89.1488018653431
2011-12-14,85.57714278678279
2011-12-15,83.16118870006143
2011-12-16,87.04152208047084
2011-12-17,94.86880165013817
2011-12-18,100.0648717921787
2011-12-19,100.0267332976933
2011-12-20,100.65011406394689
2011-12-21,133.61755945775437
2011-12-22,117.18318000048099
2011-12-23,109.37570550714862
2011-12-24,122.55714607863605
2011-12-25,114.47851423300916
2011-12-26,117.78271944150138
2011-12-27,113.78131112768764
2011-12-28,109.89149535802187
2011-12-29,102.1865159811606
2011-12-30,108.04590485419116
2011-12-31,98.60632615498798
2012-01-01,64.68856785674804
2012-01-02,70.82640501118914
2012-01-03,70.30150801534573
2012-01-04,59.019310620093435
2012-01-05,59.0524335914434
2012-01-06,61.350319303359214
2012-01-07,64.4474262834411
2012-01-08,66.96211810862823
2012-01-09,67.99511415139779
2012-01-10,69.21892165934676
2012-01-11,71.06984686955573
2012-01-12,70.3483106957561
2012-01-13,73.01716507631431
2012-01-14,76.24041945825088
2012-01-15,69.3453519861361
2012-01-16,70.37466050150763
2012-01-17,70.51831517849924
2012-01-18,64.74201325800364
2012-01-19,67.00755439511043
2012-01-20,63.134985809763734
2012-01-21,64.52980009060721
2012-01-22,57.867875936596235
2012-01-23,55.55865785887348
2012-01-24,62.256079072771854
2012-01-25,66.17987112314152
2012-01-26,71.69309640390722
2012-01-27,76.61422371684114
2012-01-28,93.15982776205252
2012-01-29,107.29539118039321
2012-01-30,122.39014109765586
2012-01-31,187.66277750298832
2012-02-01,117.45380829108399
2012-02-02,114.21922722853
2012-02-03,107.88153990717471
2012-02-04,83.53921015108524
2012-02-05,84.73895683212386
2012-02-06,62.648713870286905
2012-02-07,53.84548764202995
2012-02-08,54.838828236553326
2012-02-09,35.160016614590255
2012-02-10,46.220471292924096
2012-02-11,44.68043918246703
2012-02-12,55.91839985779603
2012-02-13,50.85116095669919
2012-02-14,58.202216558391726
2012-02-15,59.55720589834134
2012-02-16,61.2481631173372
2012-02-17,64.01345262223623
2012-02-18,62.483151464355764
2012-02-19,58.13398845535651
2012-02-20,57.83326189431299
2012-02-21,59.85252783182754
2012-02-22,55.75653230946797
2012-02-23,62.34306553509064
2012-02-24,59.17845197104729
2012-02-25,50.98934255128341
2012-02-26,54.646245180606144
2012-02-27,50.28176260655944
2012-02-28,53.16661320092632
2012-02-29,53.62374832354337
2012-03-01,42.72567108279765
2012-03-02,55.99182509987218
2012-03-03,60.96773857548356
2012-03-04,70.84328474956654
2012-03-05,70.2478363287247
2012-03-06,80.77855214924983
2012-03-07,86.0012305351351
2012-03-08,75.22636863410548
2012-03-09,83.28574786187956
2012-03-10,80.94685020554992
2012-03-11,69.08228813781099
2012-03-12,63.216774252825545
2012-03-13,67.56793552928944
2012-03-14,60.756766251093154
2012-03-15,62.50095222311683
2012-03-16,60.63426178115171
2012-03-17,67.7144834674481
2012-03-18,59.834272851955205
2012-03-19,65.8354297676791
2012-03-20,61.37989721339221
2012-03-21,64.13807787013674
2012-03-22,62.184267869789906
2012-03-23,62.20849621028227
2012-03-24,47.558408097238434
2012-03-25,57.42884735162888
2012-03-26,50.057043609668725
2012-03-27,51.694088928515406
2012-03-28,50.77786796675199
2012-03-29,53.78025660803638
2012-03-30,52.79180585089773
2012-03-31,52.824443775377304
2012-04-01,41.9412791720734
2012-04-02,48.84313319867576
2012-04-03,52.408308942567224
2012-04-04,49.57147539401038
2012-04-05,53.66794119432536
2012-04-06,50.73590668991657
2012-04-07,49.50149666471088
2012-04-08,47.346873683153675
2012-04-09,36.70645915172775
2012-04-10,43.75862742392781
2012-04-11,34.762362666118136
2012-04-12,46.94913062445992
2012-04-13,48.32314042506408
2012-04-14,51.63795905938301
2012-04-15,33.75816851030288
2012-04-16,44.26604138660731
2012-04-17,45.773489188172725
2012-04-18,47.442942941110374
2012-04-19,44.89455924700491
2012-04-20,48.280848666085504
2012-04-21,49.96645201417201
2012-04-22,50.82398177725119
2012-04-23,55.17311599447696
2012-04-24,44.470839512007416
2012-04-25,58.63917320777676
2012-04-26,54.483799403412355
2012-04-27,57.746786214057224
2012-04-28,55.99340582044669
2012-04-29,54.006245843816316
2012-04-30,49.41511848039403
2012-05-01,52.003352079888664
2012-05-02,52.51743029922182
2012-05-03,47.892022122103015
2012-05-04,51.10444132738574
2012-05-05,36.55805522403183
2012-05-06,42.50237743908876
2012-05-07,42.82608618454431
2012-05-08,45.52812918799033
2012-05-09,45.37283157439683
2012-05-10,46.72325573695327
2012-05-11,47.83417672132446
2012-05-12,53.21409232168477
2012-05-13,56.463844375943225
2012-05-14,59.80437773732342
2012-05-15,59.78999184105935
2012-05-16,66.86966175648638
2012-05-17,50.23345459431403
2012-05-18,49.685924169111885
2012-05-19,66.8492347079061
2012-05-20,61.292341383534385
2012-05-21,51.780295782276966
2012-05-22,43.621490487163385
2012-05-23,42.9969305493145
2012-05-24,49.9793336747832
2012-05-25,57.29692921422783
2012-05-26,44.00701768553668
2012-05-27,45.3049690486272
2012-05-28,55.51855637111885
2012-05-29,54.20851044629104
2012-05-30,55.70581313259303
2012-05-31,51.0046561597991
2012-06-01,49.97227293646652
2012-06-02,47.91840794981101
2012-06-03,31.216881735251352
2012-06-04,37.217844461666246
2012-06-05,37.99769682261261
2012-06-06,43.15517607734264
2012-06-07,45.70938240182643
2012-06-08,57.00427801519528
2012-06-09,70.93157557020236
2012-06-10,73.52947541580652
2012-06-11,94.13683103439334
2012-06-12,103.08481816993073
2012-06-13,103.86388674011921
2012-06-14,178.4996096986636
2012-06-15,96.62229277585939
2012-06-16,92.96469263147138
2012-06-17,75.02988656784167
2012-06-18,62.06694027784956
2012-06-19,52.33062879979155
2012-06-20,49.31140204368328
2012-06-21,46.900972663142895
2012-06-22,36.373215874561204
2012-06-23,37.7982186814001
2012-06-24,54.66643099545557
2012-06-25,52.44595375416446
2012-06-26,53.824711394008595
2012-06-27,60.54792887622153
2012-06-28,59.123674800503316
2012-06-29,49.01495687593085
2012-06-30,65.52901845257979
2012-07-01,54.89950606174352
2012-07-02,56.6663381424559
2012-07-03,54.574310452531755
2012-07-04,55.71060254548469
2012-07-05,55.71215202657554
2012-07-06,63.52323680080044
2012-07-07,62.85509060111911
2012-07-08,69.26930263028665
2012-07-09,70.1389463334806
2012-07-10,67.20924665927691
2012-07-11,67.09751490394225
2012-07-12,63.18643977774562
2012-07-13,51.84013594834139
2012-07-14,48.765628033440485
2012-07-15,44.7277672958768
2012-07-16,51.992317731100194
2012-07-17,50.78006316650006
2012-07-18,37.60055368783463
2012-07-19,45.61306346936473
2012-07-20,47.621170273495224
2012-07-21,51.478386397355415
2012-07-22,39.732462282943615
2012-07-23,49.815502659258954
2012-07-24,49.87715207173709
2012-07-25,53.15203310215645
2012-07-26,51.35032721068289
2012-07-27,59.59731735519357
2012-07-28,53.6164768934283
2012-07-29,54.38406732380425
2012-07-30,52.56370485599801
2012-07-31,39.295016635486185
2012-08-01,39.413896278049734
2012-08-02,39.99442955309409
2012-08-03,49.32643500007026
2012-08-04,42.54045699685583
2012-08-05,44.505951169436266
2012-08-06,65.00771009965644
2012-08-07,46.453310223396045
2012-08-08,61.48774035357915
2012-08-09,64.73515161953172
2012-08-10,60.55860641739148
2012-08-11,60.52022008178263
2012-08-12,39.750536977761016
2012-08-13,46.08262995348236
2012-08-14,44.49453280383873
2012-08-15,49.46266280568373
2012-08-16,43.95988928939268
2012-08-17,36.51096492313737
2012-08-18,37.878110278826064
2012-08-19,39.91694222518036
2012-08-20,51.75836576122914
2012-08-21,55.36838967024278
2012-08-22,51.61962643216589
2012-08-23,57.09171313265433
2012-08-24,60.1498167304177
2012-08-25,49.74084583032854
2012-08-26,35.463537696387355
2012-08-27,44.43753661637377
2012-08-28,40.25923997813828
2012-08-29,42.32749440702362
2012-08-30,33.65991859968417
2012-08-31,43.83583809858095
2012-09-01,51.397935811291475
2012-09-02,51.49485988695749
2012-09-03,51.51881356096475
2012-09-04,45.506944890482266
2012-09-05,59.12860428580017
2012-09-06,58.788211332263074
2012-09-07,53.28460851321742
2012-09-08,55.63426530297359
2012-09-09,50.348310210954025
2012-09-10,47.22809467807444
2012-09-11,46.2848060525336
2012-09-12,55.72995149300179
2012-09-13,55.35360226442285
2012-09-14,59.18468205150279
2012-09-15,71.51912920916695
2012-09-16,63.22511177012739
2012-09-17,83.29900574303313
2012-09-18,87.5396329008476
2012-09-19,95.5807740025225
2012-09-20,98.69630426719385
2012-09-21,147.93405367330675
2012-09-22,96.25881963016069
2012-09-23,89.3968860148022
2012-09-24,76.83946177730888
2012-09-25,84.32861502381446
2012-09-26,74.30844717152429
2012-09-27,73.02445660565222
2012-09-28,86.9876748960925
2012-09-29,68.27153976899098
2012-09-30,62.45327221109774
2012-10-01,63.69109000896585
2012-10-02,53.20500421853231
2012-10-03,58.84030277228231
2012-10-04,53.982305080357364
2012-10-05,52.738246208431434
2012-10-06,53.14474808108888
2012-10-07,46.984709861456324
2012-10-08,49.28936258948708
2012-10-09,45.36972954951597
2012-10-10,45.18813653103213
2012-10-11,47.70975463670399
2012-10-12,54.36096964977736
2012-10-13,40.747787860320585
2012-10-14,56.47487246657381
2012-10-15,59.565590246424286
2012-10-16,67.94205902780094
2012-10-17,62.39561694988963
2012-10-18,63.14178642472813
2012-10-19,80.65191719368177
2012-10-20,70.56820827502432
2012-10-21,63.868402645726846
2012-10-22,54.803905308126836
2012-10-23,63.153932432387705
2012-10-24,59.39509517362892
2012-10-25,61.4159493326327
2012-10-26,78.97185492407654
2012-10-27,69.46142326328031
2012-10-28,65.3167514686611
2012-10-29,65.83547476321053
2012-10-30,75.64915168873532
2012-10-31,76.90278845914534
2012-11-01,91.7305362076242
2012-11-02,80.35543154782923
2012-11-03,83.35395471412048
2012-11-04,74.32957823737273
2012-11-05,74.32034722594138
2012-11-06,75.90905561203486
2012-11-07,81.27723459092394
2012-11-08,81.04430001938925
2012-11-09,86.55421411320867
2012-11-10,78.2235391454885
2012-11-11,74.192546055356
2012-11-12,74.70222857941455
2012-11-13,70.42234559928262
2012-11-14,78.33527843443298
2012-11-15,83.9310477889419
2012-11-16,82.18653824801751
2012-11-17,85.75463074514299
2012-11-18,84.30941095282324
2012-11-19,85.07788713461898
2012-11-20,88.64180094435855
2012-11-21,102.27292302747577
2012-11-22,104.4468122580287
2012-11-23,160.75483992597776
2012-11-24,127.94312417092539
2012-11-25,124.92189617325933
2012-11-26,132.2086165199688
2012-11-27,145.63040759342476
2012-11-28,134.24308843457698
2012-11-29,140.87179451398003
2012-11-30,174.0077164849466
2012-12-01,125.59793612176001
2012-12-02,100.10009288654736
2012-12-03,95.72192612013336
2012-12-04,82.94004696818202
2012-12-05,82.4790017874113
2012-12-06,92.95715415867691
2012-12-07,71.68921034972544
2012-12-08,71.83181382945092
2012-12-09,75.42369108508962
2012-12-10,76.52243804733112
2012-12-11,72.73396407268521
2012-12-12,74.26112275413792
2012-12-13,82.7820150105481
2012-12-14,81.68344173169797
2012-12-15,79.34472018267563
2012-12-16,75.43582384884701
2012-12-17,80.93843394957037
2012-12-18,73.16462604689298
2012-12-19,79.01995155461931
2012-12-20,79.59780677840664
2012-12-21,82.02452696135393
2012-12-22,73.06548950806106
2012-12-23,79.69896354056236
2012-12-24,77.04357538665731
2012-12-25,76.52719230494402
2012-12-26,61.39117978225359
2012-12-27,66.15407373149239
2012-12-28,70.81291119274377
2012-12-29,94.44769962238355
2012-12-30,89.28849950696701
2012-12-31,93.30374409777559
2013-01-01,62.71737407281381
2013-01-02,59.645938340855736
2013-01-03,66.49175193128075
2013-01-04,62.60298618424047
2013-01-05,58.30555543170513
2013-01-06,48.36378479917624
2013-01-07,47.00439145937346
2013-01-08,45.35581521659365
2013-01-09,61.79326114515599
2013-01-10,45.43670934817095
2013-01-11,47.23889743108192
2013-01-12,45.18314131681879
2013-01-13,60.54776067408907
2013-01-14,50.3912741173524
2013-01-15,41.815011502986984
2013-01-16,45.65950476573549
2013-01-17,42.654561690246766
2013-01-18,55.26995358030238
2013-01-19,56.45469361551075
2013-01-20,45.627040136491914
2013-01-21,42.661588285171966
2013-01-22,37.52329455340048
2013-01-23,53.62726044651751
2013-01-24,45.12217516027554
2013-01-25,44.26113837671264
2013-01-26,50.937870371842635
2013-01-27,38.36988046587293
2013-01-28,42.78443667441999
2013-01-29,52.49636292126388
2013-01-30,41.114725414569826
2013-01-31,55.609568896585884
2013-02-01,53.51375275479613
2013-02-02,40.7241378670023
2013-02-03,50.54543381981181
2013-02-04,59.13350299869253
2013-02-05,53.908182179252854
2013-02-06,42.86841907493229
2013-02-07,54.0105306970871
2013-02-08,41.813232760276996
2013-02-09,47.334061108616275
2013-02-10,44.91485267345123
2013-02-11,42.37697958494264
2013-02-12,54.823350121322235
2013-02-13,54.83938892739119
2013-02-14,46.69306600271928
2013-02-15,41.30322466763329
2013-02-16,52.55894686807554
2013-02-17,55.73621238708978
2013-02-18,49.728920079548686
2013-02-19,43.91765408764451
2013-02-20,47.755716257150304
2013-02-21,49.608273548008924
2013-02-22,58.928627806351614
2013-02-23,51.731123220735505
2013-02-24,45.81481687744857
2013-02-25,51.131523162212225
2013-02-26,56.807148113797204
2013-02-27,58.88137356491687
2013-02-28,70.03504879406238
2013-03-01,56.443252931803
2013-03-02,27.875348259905707
2013-03-03,64.24809425523837
2013-03-04,53.901461142089424
2013-03-05,42.35673321035713
2013-03-06,57.90109829840398
2013-03-07,53.26804716105691
2013-03-08,63.652949759871824
2013-03-09,77.49369075627602
2013-03-10,50.62265394224157
2013-03-11,41.34053206344443
2013-03-12,68.28543266780153
2013-03-13,52.843921333958576
2013-03-14,59.96409732810011
2013-03-15,66.44901226615546
2013-03-16,57.100665489534386
2013-03-17,58.24286675349216
2013-03-18,57.08252487137568
2013-03-19,53.765075256892175
2013-03-20,49.381283507652334
2013-03-21,66.03733240796946
2013-03-22,59.44813868329979
2013-03-23,58.773502647186604
2013-03-24,62.704505586447866
2013-03-25,39.20709725471952
2013-03-26,48.245417188526275
2013-03-27,50.881930378097
2013-03-28,49.58903884125701
2013-03-29,56.29804012402486
2013-03-30,61.77378549346657
2013-03-31,50.23653263786555
2013-04-01,43.05991687816172
2013-04-02,49.52666622783164
2013-04-03,41.85861678845345
2013-04-04,50.66992300789284
2013-04-05,49.92764595014355
2013-04-06,50.248570772100564
2013-04-07,44.724515346904646
2013-04-08,45.05174173630425
2013-04-09,37.64881982503973
2013-04-10,48.35850378199895
2013-04-11,48.955136137958164
2013-04-12,54.698247920580904
2013-04-13,55.26751846815643
2013-04-14,28.528796657543822
2013-04-15,31.422971303198945
2013-04-16,52.75151560290039
2013-04-17,33.83124038876691
2013-04-18,33.345334823647065
2013-04-19,31.73273585683455
2013-04-20,28.99344348848476
2013-04-21,25.127457715666786
2013-04-22,50.120927451607486
2013-04-23,56.125601798243785
2013-04-24,46.665492688580585
2013-04-25,49.49638934063053
2013-04-26,75.85038057151573
2013-04-27,51.907806919362535
2013-04-28,37.140564986504316
2013-04-29,50.51633759204183
2013-04-30,48.98624247066217
2013-05-01,37.49508367340818
2013-05-02,45.61517068939871
2013-05-03,78.36402527298463
2013-05-04,57.57011290536707
2013-05-05,46.06153202555576
2013-05-06,51.62900457223229
2013-05-07,39.73161994527581
2013-05-08,57.12686343972098
2013-05-09,52.459253237508904
2013-05-10,51.84003965688731
2013-05-11,46.33613212885315
2013-05-12,44.26531755073178
2013-05-13,41.513250674362446
2013-05-14,39.82515645132731
2013-05-15,44.65486287790898
2013-05-16,44.65840773655467
2013-05-17,45.79864295744583
2013-05-18,20.224686945447175
2013-05-19,22.03851335209543
2013-05-20,23.33652351033342
2013-05-21,44.188804429755116
2013-05-22,57.0353453324862
2013-05-23,53.51360996232734
2013-05-24,45.78982999628444
2013-05-25,22.089330641420425
2013-05-26,50.54300924885474
2013-05-27,45.07408168924952
2013-05-28,42.0414012224718
2013-05-29,17.738995526957105
2013-05-30,46.484360672682676
2013-05-31,18.40104209304864
2013-06-01,51.8734660168645
2013-06-02,49.61447879900321
2013-06-03,22.083338142526898
2013-06-04,45.27004736723832
2013-06-05,23.114516151125567
2013-06-06,23.02605844357513
2013-06-07,22.53490292887502
2013-06-08,21.641049607982616
2013-06-09,20.3444984797608
2013-06-10,40.522556534666336
2013-06-11,39.741645177369314
2013-06-12,45.67364858597429
2013-06-13,19.134910270631735
2013-06-14,57.49443927527007
2013-06-15,54.657101778057516
2013-06-16,59.34376115089701
2013-06-17,51.14157744394627
2013-06-18,51.72042721127656
2013-06-19,24.1397155280658
2013-06-20,23.810334773098003
2013-06-21,60.04015137631476
2013-06-22,21.789227478488854
2013-06-23,20.0975009436708
2013-06-24,18.858090385819512
2013-06-25,36.46298188709111
2013-06-26,46.24155816287918
2013-06-27,41.26885608622228
2013-06-28,44.09295834241192
2013-06-29,47.369376578184685
2013-06-30,20.920262586955474
2013-07-01,56.305584089537106
2013-07-02,22.85304329945345
2013-07-03,42.437516353611706
2013-07-04,23.43469302575936
2013-07-05,86.846836981529
2013-07-06,71.74966367668571
2013-07-07,63.65919598389948
2013-07-08,39.25986519485418
2013-07-09,42.90387862362131
2013-07-10,50.97476265668339
2013-07-11,42.73118992450833
2013-07-12,18.106036390318888
2013-07-13,17.53034688230943
2013-07-14,17.007278245991102
2013-07-15,50.252092164493384
2013-07-16,37.49346456950452
2013-07-17,44.977226111091106
2013-07-18,46.74315556179666
2013-07-19,53.117167243426394
2013-07-20,58.28184463481258
2013-07-21,22.242449148174536
2013-07-22,23.555064697480695
2013-07-23,46.898629883316914
2013-07-24,62.06732814953855
2013-07-25,52.72205020638004
2013-07-26,45.13626278958418
2013-07-27,24.290962673499536
2013-07-28,46.83324322410795
2013-07-29,22.37864156186304
2013-07-30,40.006348174367304
2013-07-31,48.014073720779336
2013-08-01,20.441596971150865
2013-08-02,50.20362038250226
2013-08-03,19.71561249387706
2013-08-04,44.816879809830255
2013-08-05,36.86634019316098
2013-08-06,38.767440496250984
2013-08-07,45.284505847958876
2013-08-08,45.420381555019375
2013-08-09,42.49770743722739
2013-08-10,61.11744298323808
2013-08-11,53.52083601015621
2013-08-12,55.01383092722006
2013-08-13,61.087929926651064
2013-08-14,90.28614817083664
2013-08-15,36.36791643113797
2013-08-16,53.64020795204483
2013-08-17,34.55353478033314
2013-08-18,61.78792923998497
2013-08-19,48.928560856856016
2013-08-20,64.11192064960353
2013-08-21,29.021038691769817
2013-08-22,28.66291390347346
2013-08-23,47.97938737352105
2013-08-24,59.8635355728221
2013-08-25,57.390395373562384
2013-08-26,60.97405273720982
2013-08-27,46.47222909409128
2013-08-28,64.20557736200095
2013-08-29,54.98188443306949
2013-08-30,64.1769991729114
2013-08-31,61.83122649979003
2013-09-01,52.453064209493945
2013-09-02,54.76211097021826
2013-09-03,48.25197353978512
2013-09-04,50.95664313271773
2013-09-05,50.077803401499025
2013-09-06,44.22822425328001
2013-09-07,48.53318864405627
2013-09-08,24.48587413848235
2013-09-09,42.74662964314325
2013-09-10,35.65442606966972
2013-09-11,46.347644399997336
2013-09-12,46.93065367856164
2013-09-13,43.34952482780348
2013-09-14,54.001837601387585
2013-09-15,30.094010918687964
2013-09-16,55.53059186374881
2013-09-17,51.04928033507458
2013-09-18,53.1543649935562
2013-09-19,55.22853455385401
2013-09-20,59.08973167523974
2013-09-21,35.43272063363763
2013-09-22,53.40085299072523
2013-09-23,50.61971062512888
2013-09-24,54.94576880126506
2013-09-25,47.71854529212729
2013-09-26,51.111346923719054
2013-09-27,52.26992064602028
2013-09-28,34.6481913884591
2013-09-29,48.566812067845575
2013-09-30,54.594392773354414
2013-10-01,54.185287634476225
2013-10-02,56.75394709176913
2013-10-03,51.974456813747096
2013-10-04,51.62708525948723
2013-10-05,54.984655367159505
2013-10-06,55.67038363549896
2013-10-07,81.86425928891444
2013-10-08,73.82588958248044
2013-10-09,57.86789693762636
2013-10-10,55.38606808202151
2013-10-11,58.84572988782233
2013-10-12,64.42081225083624
2013-10-13,45.06032835380972
2013-10-14,63.51099942401932
2013-10-15,58.03549262101292
2013-10-16,70.44648919917682
2013-10-17,65.98492543868805
2013-10-18,71.41091733980112
2013-10-19,62.945774873063854
2013-10-20,70.3310400017851
2013-10-21,61.36083443278168
2013-10-22,66.91780876948724
2013-10-23,61.4892353516638
2013-10-24,70.11237990864691
2013-10-25,59.09097596776018
2013-10-26,55.54313439354574
2013-10-27,54.23318031427662
2013-10-28,60.46599433525686
2013-10-29,53.29887697266493
2013-10-30,63.27326496508011
2013-10-31,69.44645883709353
2013-11-01,65.71017124106679
2013-11-02,78.27710326337407
2013-11-03,86.20455543042252
2013-11-04,159.18634664173146
2013-11-05,99.40794046794431
2013-11-06,98.23996580935348
2013-11-07,96.68039431929007
2013-11-08,92.9840010481636
2013-11-09,87.21791003033916
2013-11-10,77.42993052473281
2013-11-11,69.66956547115106
2013-11-12,71.14146148997064
2013-11-13,59.73943579249591
2013-11-14,62.29632208815006
2013-11-15,61.214435393092934
2013-11-16,65.9470775588576
2013-11-17,56.715032411800976
2013-11-18,56.78171203410531
2013-11-19,61.42046549316677
2013-11-20,59.639731770766744
2013-11-21,52.76521059209272
2013-11-22,53.802184088966584
2013-11-23,59.73007060198955
2013-11-24,52.96237249089474
2013-11-25,62.16159951579931
2013-11-26,59.98589402616492
2013-11-27,64.86080411827449
2013-11-28,56.570807382402826
2013-11-29,67.25713009722088
2013-11-30,68.41443130986167
2013-12-01,70.95036699748007
2013-12-02,110.85665678399805
2013-12-03,69.31256820531368
2013-12-04,73.13778144271579
2013-12-05,75.3902201000331
2013-12-06,70.01753352385633
2013-12-07,71.03745806648858
2013-12-08,75.7650322555409
2013-12-09,76.88968869091623
2013-12-10,69.466623323773
2013-12-11,71.63051342682891
2013-12-12,72.03739678534757
2013-12-13,68.06943596253902
2013-12-14,70.05254528716972
2013-12-15,68.53342290762977
2013-12-16,66.61991827758827
2013-12-17,72.02010828772839
2013-12-18,67.86348502614806
2013-12-19,70.22066163890194
2013-12-20,75.72984260797452
2013-12-21,79.70353270278335
2013-12-22,74.39449934220235
2013-12-23,88.46323567291351
2013-12-24,72.8756328168028
2013-12-25,69.06959615269682
2013-12-26,69.0573653004587
2013-12-27,75.45677769980159
2013-12-28,61.79858817327341
2013-12-29,68.95014778941817
2013-12-30,63.338613085176334
2013-12-31,90.19439751935448
2014-01-01,36.65962057335367
2014-01-02,54.762162141693736
2014-01-03,33.82567288794147
2014-01-04,32.751495106288004
2014-01-05,53.72115998539187
2014-01-06,48.03775586020219
2014-01-07,52.08251067274375
2014-01-08,54.04159394080138
2014-01-09,41.41874748838795
2014-01-10,54.07446182691414
2014-01-11,53.99975112835899
2014-01-12,42.06722786235263
2014-01-13,37.08040113849184
2014-01-14,37.730352236249324
2014-01-15,39.72673647332319
2014-01-16,36.74311337848117
2014-01-17,42.30497636970102
2014-01-18,22.889462732284862
2014-01-19,42.0462543055383
2014-01-20,46.41105863383346
2014-01-21,47.12646583156413
2014-01-22,37.94994047515672
2014-01-23,44.52286461505206
2014-01-24,44.58243271749122
2014-01-25,44.82986112411831
2014-01-26,38.95549037410968
2014-01-27,45.69639973104529
2014-01-28,32.47505667488327
2014-01-29,38.84989354810486
2014-01-30,40.09689013785573
2014-01-31,42.90607544507439
2014-02-01,53.38573681545907
2014-02-02,49.69031286389677
2014-02-03,39.470708567913675
2014-02-04,48.178121219674665
2014-02-05,52.30795060000479
2014-02-06,48.97386312357019
2014-02-07,49.85544119363936
2014-02-08,25.2167365170776
2014-02-09,46.981154505604394
2014-02-10,48.59851735861007
2014-02-11,41.84909353429384
2014-02-12,41.276424329100664
2014-02-13,54.443151226544586
2014-02-14,47.5355406921013
2014-02-15,39.24204330208936
2014-02-16,44.54250660625867
2014-02-17,46.029184064546016
2014-02-18,51.58355633236723
2014-02-19,42.78007531606221
2014-02-20,43.263182971800376
2014-02-21,39.003955608801625
2014-02-22,69.8069470491629
2014-02-23,46.63212247931811
2014-02-24,44.53950053190027
2014-02-25,50.115461180048605
2014-02-26,45.47144862054552
2014-02-27,42.67860213286819
2014-02-28,43.918452919000714
2014-03-01,51.081661344242406
2014-03-02,50.65737782597787
2014-03-03,50.07464357919925
2014-03-04,64.89504781125783
2014-03-05,55.895778349757485
2014-03-06,45.00402055079795
2014-03-07,55.757936645011256
2014-03-08,21.369110033994758
2014-03-09,21.580896414698643
2014-03-10,55.37880046660696
2014-03-11,57.171450902218055
2014-03-12,55.682341797546
2014-03-13,57.74693756323647
2014-03-14,51.294098922688754
2014-03-15,19.59875336780332
2014-03-16,18.726252636923086
2014-03-17,57.70688895924198
2014-03-18,57.49651533567739
2014-03-19,56.19920999721056
2014-03-20,55.33645110288304
2014-03-21,35.984853948793614
2014-03-22,67.3101447802961
2014-03-23,41.086001609915265
2014-03-24,45.73482720667535
2014-03-25,52.4604097912521
2014-03-26,55.2998974253921
2014-03-27,50.18109854315452
2014-03-28,48.59341077473568
2014-03-29,68.42538993163805
2014-03-30,51.066564546798375
2014-03-31,41.09515492325797
2014-04-01,47.528156661870725
2014-04-02,48.96318310769741
2014-04-03,37.9830281840284
2014-04-04,54.817364615720855
2014-04-05,56.70818096116415
2014-04-06,16.067498101433745
2014-04-07,63.21139707382437
2014-04-08,85.52252515361761
2014-04-09,52.45944559545035
2014-04-10,76.80732122095145
2014-04-11,61.706166936149614
2014-04-12,67.72983228149764
2014-04-13,43.83048727517958
2014-04-14,54.6516681793089
2014-04-15,47.25488463843499
2014-04-16,47.09133393919648
2014-04-17,60.19658572939381
2014-04-18,56.029203259470236
2014-04-19,73.03447860892724
2014-04-20,14.564986128533803
2014-04-21,63.2073434319335
2014-04-22,43.21404118638253
2014-04-23,40.475878136762965
2014-04-24,54.31042657265024
2014-04-25,56.86680490124544
2014-04-26,60.07071698787158
2014-04-27,18.25544313590741
2014-04-28,60.14425649354412
2014-04-29,47.718950073202606
2014-04-30,62.859661425819404
2014-05-01,50.809957536059215
2014-05-02,44.904092811608486
2014-05-03,49.432411944953344
2014-05-04,12.983496416772095
2014-05-05,42.8438700397231
2014-05-06,42.48916790261658
2014-05-07,39.28921601024305
2014-05-08,9.4317623118446825
2014-05-09,51.08571061415529
2014-05-10,56.04711360588938
2014-05-11,8.608946681930917
2014-05-12,35.51647901862479
2014-05-13,34.67405066087914
2014-05-14,34.15069631689557
2014-05-15,47.61734482070023
2014-05-16,51.14987072279855
2014-05-17,46.92980522394035
2014-05-18,48.409924023206926
2014-05-19,55.91158161866774
2014-05-20,11.931853155011684
2014-05-21,12.51404794838804
2014-05-22,39.702486153659436
2014-05-23,43.46738567839896
2014-05-24,14.210009264715039
2014-05-25,50.02654301624265
2014-05-26,55.61519227173235
2014-05-27,14.1781668256654
2014-05-28,75.07763587765297
2014-05-29,47.50233750712058
2014-05-30,51.43648748335787
2014-05-31,6.308866971024828
2014-06-01,52.246496445755035
2014-06-02,54.77912776684976
2014-06-03,-0.2731918379017646
2014-06-04,43.97519262072632
2014-06-05,50.66396379536728
2014-06-06,34.661095831755894
2014-06-07,7.344112973600415
2014-06-08,12.175829041876938
2014-06-09,15.913019236185152
2014-06-10,56.44160865345985
2014-06-11,46.35491405456027
2014-06-12,47.3902682783787
2014-06-13,49.94893406615934
2014-06-14,18.18108209894498
2014-06-15,15.351117050060669
2014-06-16,13.088929300279982
2014-06-17,58.00656873842787
2014-06-18,10.267885705606826
2014-06-19,39.17648201013264
2014-06-20,38.64841116439496
2014-06-21,72.61372454871939
2014-06-22,11.43912610653123
2014-06-23,52.53944219342494
2014-06-24,50.551977460633005
2014-06-25,49.10735582664932
2014-06-26,16.355221834737456
2014-06-27,52.06426883591657
2014-06-28,19.016184617185786
2014-06-29,55.30189387159106
2014-06-30,52.17677020378687
2014-07-01,60.979514425116726
2014-07-02,20.18908208220214
2014-07-03,67.19718915176166
2014-07-04,54.81201028942035
2014-07-05,13.440734157669207
2014-07-06,48.64150228313821
2014-07-07,40.8258446787345
2014-07-08,61.62070227279187
2014-07-09,46.96177561061256
2014-07-10,36.40749704745535
2014-07-11,11.342133715946982
2014-07-12,59.1723688522833
2014-07-13,21.373602235871637
2014-07-14,25.86317621366621
2014-07-15,64.93301389404174
2014-07-16,65.64725563370959
2014-07-17,32.15081070367269
2014-07-18,31.85299305043999
2014-07-19,30.358327489144905
2014-07-20,69.55221298210054
2014-07-21,59.39322872217861
2014-07-22,23.660064746897092
2014-07-23,22.344828935605037
2014-07-24,21.488352344359274
2014-07-25,59.04927777552537
2014-07-26,21.15167681541417
2014-07-27,21.671477879931217
2014-07-28,22.009026523013276
2014-07-29,48.633567925111564
2014-07-30,58.27806670277192
2014-07-31,70.86717444219217
2014-08-01,21.53669692613045
2014-08-02,20.964913214815923
2014-08-03,20.212806822618383
2014-08-04,50.08125647728643
2014-08-05,46.65139813936874
2014-08-06,54.06287967414913
2014-08-07,61.917069047236666
2014-08-08,43.090261719776315
2014-08-09,9.72631468750986
2014-08-10,40.505786407535894
2014-08-11,41.68924883691212
2014-08-12,55.16210093802395
2014-08-13,47.401479994782044
2014-08-14,50.47589459231088
2014-08-15,56.24096159802472
2014-08-16,21.066057096078353
2014-08-17,28.50382588657175
2014-08-18,33.852424887579815
2014-08-19,66.19893671044468
2014-08-20,38.282113529247106
2014-08-21,37.3632031722895
2014-08-22,34.35512302581142
2014-08-23,29.25787309500972
2014-08-24,60.03009618051859
2014-08-25,47.076872072504216
2014-08-26,11.559053365670538
2014-08-27,54.117945891437
2014-08-28,34.990117706325876
2014-08-29,38.38267297064775
2014-08-30,52.73349634148303
2014-08-31,39.57492107336976
2014-09-01,41.23275095508189
2014-09-02,11.043000149639983
2014-09-03,53.89256981789543
2014-09-04,45.26637170320145
2014-09-05,57.52411747513108
2014-09-06,70.48944040466222
2014-09-07,16.954398649741627
2014-09-08,17.610160073328736
2014-09-09,52.82294391120298
2014-09-10,65.5093505401972
2014-09-11,67.37693071015167
2014-09-12,61.116239565813395
2014-09-13,16.76758201789436
2014-09-14,15.774789372194522
2014-09-15,60.71330309368615
2014-09-16,77.00831831012044
2014-09-17,54.85972564193172
2014-09-18,62.57741987353677
2014-09-19,49.54987725913453
2014-09-20,15.374353575099612
2014-09-21,51.06544904653036
2014-09-22,16.90838804853256
2014-09-23,46.55831517174838
2014-09-24,46.9365660667195
2014-09-25,64.80062602611761
2014-09-26,61.17380435272833
2014-09-27,55.18085786537682
2014-09-28,66.9645912684605
2014-09-29,59.862407850337775
2014-09-30,39.54628871671995
2014-10-01,57.62343082556771
2014-10-02,46.552318539295996
2014-10-03,68.36115553041644
2014-10-04,13.235017598569936
2014-10-05,49.78389150017082
2014-10-06,44.60578326389003
2014-10-07,48.82124057691171
2014-10-08,44.323554514482865
2014-10-09,61.945032645300486
2014-10-10,36.96691615751822
2014-10-11,51.70564883933686
2014-10-12,14.53692047319661
2014-10-13,48.768651133989934
2014-10-14,64.81262639071923
2014-10-15,57.36045365931285
2014-10-16,53.502275456240945
2014-10-17,68.16759630242332
2014-10-18,57.53001384105833
2014-10-19,26.95945101548142
2014-10-20,59.5374273289427
2014-10-21,59.67931438617865
2014-10-22,79.74186089120093
2014-10-23,55.15174344844496
2014-10-24,66.18931005868544
2014-10-25,18.612413064422835
2014-10-26,47.675986606216725
2014-10-27,40.51556671453609
2014-10-28,40.76177730189459
2014-10-29,32.70759375725254
2014-10-30,48.639677782974246
2014-10-31,80.70451707155681
2014-11-01,98.3606748804668
2014-11-02,47.55180531495061
2014-11-03,48.17260165998911
2014-11-04,69.68162718014274
2014-11-05,46.63294600158272
2014-11-06,56.689068690152446
2014-11-07,54.474146376114795
2014-11-08,20.79070453610577
2014-11-09,18.466841609711686
2014-11-10,48.14824069321713
2014-11-11,48.75202830128243
2014-11-12,52.56486613508023
2014-11-13,52.60585436666631
2014-11-14,51.492830431964116
2014-11-15,45.198352121553654
2014-11-16,45.200629728717324
2014-11-17,50.26920289378047
2014-11-18,49.5971017026982
2014-11-19,21.973130518950903
2014-11-20,43.46560404289414
2014-11-21,57.679144029322664
2014-11-22,21.855739042115935
2014-11-23,56.488628791456144
2014-11-24,58.41977476862845
2014-11-25,60.44486261102908
2014-11-26,19.296856942815346
2014-11-27,51.61495903051197
2014-11-28,50.431422572380555
2014-11-29,18.36408500052806
2014-11-30,46.0975200251761
2014-12-01,64.56237793156356
2014-12-02,60.004720816602884
2014-12-03,46.252100256470946
2014-12-04,48.74452619914295
2014-12-05,55.477983389254945
2014-12-06,50.510513102023225
2014-12-07,15.95355952157944
2014-12-08,80.19321693550735
2014-12-09,58.090204531565504
2014-12-10,64.6839340292268
2014-12-11,62.888375104119554
2014-12-12,67.68337530071632
2014-12-13,72.81521185631568
2014-12-14,53.996170794234374
2014-12-15,100.19421336331692
2014-12-16,102.22090637944785
2014-12-17,72.35994857537213
2014-12-18,87.19986593708049
2014-12-19,77.48543349675901
2014-12-20,25.579810590219665
2014-12-21,25.037123496312155
2014-12-22,66.2001602903319
2014-12-23,71.62456352143057
2014-12-24,88.64956014247062
2014-12-25,60.99164529299758
2014-12-26,70.6763919400529
2014-12-27,83.45376030873571
2014-12-28,50.6756047354631
2014-12-29,83.8265035340039
2014-12-30,69.56752057984912
2014-12-31,85.5947284595036
2015-01-01,43.97563897683223
2015-01-02,40.94468664285975
2015-01-03,15.687494122491234
2015-01-04,17.40598038646233
2015-01-05,63.39180272090731
2015-01-06,54.967033364516155
2015-01-07,43.76124395202149
2015-01-08,49.77180378007596
2015-01-09,19.187610018721905
2015-01-10,59.41271520784426
2015-01-11,16.72188774778569
2015-01-12,46.59155728014371
2015-01-13,53.47065742961904
2015-01-14,44.088372885540934
2015-01-15,53.25411039371083
2015-01-16,45.86199870834907
2015-01-17,44.33146612478386
2015-01-18,49.33375300755273
2015-01-19,45.11613065691746
2015-01-20,19.613053463716
2015-01-21,43.394258772452964
2015-01-22,57.04938035343999
2015-01-23,43.41703946735016
2015-01-24,14.859246221227007
2015-01-25,37.11280731399994
2015-01-26,33.171193516843914
2015-01-27,40.84761221907764
2015-01-28,33.96368907792708
2015-01-29,46.31078294212908
2015-01-30,33.07800558309496
2015-01-31,50.49292515809326
2015-02-01,13.240890901028653
2015-02-02,36.85408672919165
2015-02-03,43.65322106528954
2015-02-04,48.875450258776205
2015-02-05,38.424726585969296
2015-02-06,39.13388375431651
2015-02-07,44.2401750563444
2015-02-08,11.858201533905879
2015-02-09,52.756307067019065
2015-02-10,9.64609243666772
2015-02-11,48.32392853004674
2015-02-12,36.80717799579833
2015-02-13,70.49587812652013
2015-02-14,61.10513953592315
2015-02-15,15.229898831807965
2015-02-16,50.7201719106623
2015-02-17,19.030465347644245
2015-02-18,50.040196664781185
2015-02-19,63.20052171278138
2015-02-20,45.78584185284964
2015-02-21,22.738330415316298
2015-02-22,22.85419919351306
2015-02-23,22.673483028279236
2015-02-24,46.55661360570508
2015-02-25,56.472230415586935
2015-02-26,57.65600832153163
2015-02-27,54.90731596149082
2015-02-28,62.49560482142425
2015-03-01,39.52555548347075
2015-03-02,47.65375461251557
2015-03-03,39.88218911153537
2015-03-04,68.98153924231693
2015-03-05,39.03715009848663
2015-03-06,73.59640506023551
2015-03-07,69.69103169436703
2015-03-08,43.0280546088051
2015-03-09,56.51044484791984
2015-03-10,58.94493702568086
2015-03-11,60.512010050691984
2015-03-12,68.5561522825702
2015-03-13,18.504040334251442
2015-03-14,60.22686733927585
2015-03-15,19.856597008933967
2015-03-16,53.578956228678706
2015-03-17,58.0564903529945
2015-03-18,46.093109401927066
2015-03-19,53.41558195814535
2015-03-20,65.18949588932504
2015-03-21,49.1281895013758
2015-03-22,62.16962700142648
2015-03-23,56.169459790972766
2015-03-24,43.78056881398513
2015-03-25,11.477460649011526
2015-03-26,46.08507689014063
2015-03-27,55.10649483663452
2015-03-28,68.86499811007907
2015-03-29,52.01978133629255
2015-03-30,38.13758963025036
2015-03-31,41.801119976195224
2015-04-01,45.00434951133079
2015-04-02,36.602701693776396
2015-04-03,50.39312904888346
2015-04-04,49.00432408607038
2015-04-05,53.30626858450507
2015-04-06,6.689305247028484
2015-04-07,36.773009027012364
2015-04-08,28.227097371213624
2015-04-09,46.71565927504776
2015-04-10,49.04437705900775
2015-04-11,56.592256452593276
2015-04-12,13.512098829525462
2015-04-13,49.123444949245126
2015-04-14,47.435959224118434
2015-04-15,17.410700576054598
2015-04-16,51.578153717537255
2015-04-17,55.91432411758427
2015-04-18,41.041590590018195
2015-04-19,12.58159122154288
2015-04-20,36.916811422585184
2015-04-21,37.4755062286898
2015-04-22,36.509293830550135
2015-04-23,40.999074052478356
2015-04-24,33.05629109197586
2015-04-25,44.96760664941821
2015-04-26,8.88740053319216
2015-04-27,37.56382390003931
2015-04-28,29.11936990332564
2015-04-29,48.999974417516675
2015-04-30,49.64825737673192
2015-05-01,38.766702004429646
2015-05-02,35.31989825644615
2015-05-03,40.381830721949726
2015-05-04,34.90481093931332
2015-05-05,41.358610221289176
2015-05-06,33.7830073403893
2015-05-07,41.19236719651319
2015-05-08,65.11376163177488
2015-05-09,42.28278596999535
2015-05-10,16.33006412010546
2015-05-11,39.80860080113908
2015-05-12,56.43489116461086
2015-05-13,46.357001328530146
2015-05-14,54.56481695192112
2015-05-15,42.15995871348113
2015-05-16,19.076784055438385
2015-05-17,16.930714312978772
2015-05-18,37.560197060646686
2015-05-19,42.424847833628554
2015-05-20,56.24868685239449
2015-05-21,41.65481296852253
2015-05-22,39.65601265777663
2015-05-23,48.36162555052486
2015-05-24,44.35655014711281
2015-05-25,13.080064318137646
2015-05-26,43.24777003600835
2015-05-27,36.98163431233963
2015-05-28,48.383630795820864
2015-05-29,56.62293340719464
2015-05-30,17.006120982035277
2015-05-31,18.002674013008196
2015-06-01,37.69206402928105
2015-06-02,46.56289184769421
2015-06-03,52.468669778185074
2015-06-04,40.8658565138855
2015-06-05,44.404702287708275
2015-06-06,18.14566446575556
2015-06-07,17.208764590798147
2015-06-08,47.148169156259414
2015-06-09,48.11720568964704
2015-06-10,42.0766215653964
2015-06-11,45.097029921354874
2015-06-12,46.34349248451556
2015-06-13,18.61958701927903
2015-06-14,20.026761038554383
2015-06-15,60.26481135128372
2015-06-16,21.732425495419893
2015-06-17,58.24433378798079
2015-06-18,106.5305378753811
2015-06-19,49.44281254856651
2015-06-20,20.70902010664121
2015-06-21,19.529265776589796
2015-06-22,52.153033176294215
2015-06-23,45.71718036421887
2015-06-24,52.57845603856266
2015-06-25,44.81326089830675
2015-06-26,54.708256632035344
2015-06-27,16.817507373676538
2015-06-28,17.093342233878968
2015-06-29,42.362508373521
2015-06-30,43.89295507765795
2015-07-01,50.69904725147233
2015-07-02,40.90136146208855
2015-07-03,61.6153778779946
2015-07-04,61.284242568492814
2015-07-05,53.724319770153514
2015-07-06,49.54571753090383
2015-07-07,59.437938710425925
2015-07-08,62.24013070356405
2015-07-09,62.67894444414988
2015-07-10,65.11744231650802
2015-07-11,8.763621664191025
2015-07-12,42.10703921816142
2015-07-13,50.801377160831514
2015-07-14,52.46669514853026
2015-07-15,48.99365355338502
2015-07-16,45.0138109130681
2015-07-17,65.11693937426472
2015-07-18,15.933503755783732
2015-07-19,17.88402606811794
2015-07-20,47.14811801623151
2015-07-21,45.842485211279715
2015-07-22,45.09030604291094
2015-07-23,45.764192989554424
2015-07-24,59.49897909473642
2015-07-25,22.884824271250473
2015-07-26,22.601234695874506
2015-07-27,52.01294666593757
2015-07-28,22.11348739578075
2015-07-29,46.006858878793125
2015-07-30,48.34632982017038
2015-07-31,50.81296410211789
2015-08-01,21.45572020636329
2015-08-02,21.36359936942742
2015-08-03,54.8991856163145
2015-08-04,43.74550901603078
2015-08-05,45.71314625770175
2015-08-06,42.25908217918417
2015-08-07,52.2899204712509
2015-08-08,16.90431885969054
2015-08-09,45.615143358495764
2015-08-10,53.27572829963337
2015-08-11,46.86697350443646
2015-08-12,13.735998041919492
2015-08-13,52.946692874712696
2015-08-14,39.284761038759264
2015-08-15,72.14971368207611
2015-08-16,16.99141905311552
2015-08-17,47.903143087815174
2015-08-18,51.88156984497584
2015-08-19,58.15921735059444
2015-08-20,61.354975320377136
2015-08-21,68.30430816442546
2015-08-22,15.742811206206984
2015-08-23,40.37977271967519
2015-08-24,45.3762309369942
2015-08-25,59.67383306198468
2015-08-26,39.20564893383961
2015-08-27,49.384052409957825
2015-08-28,56.5351517015513
2015-08-29,85.16481390574043
2015-08-30,17.18507729617373
2015-08-31,61.14961765608751
2015-09-01,63.62407422162045
2015-09-02,62.98362186867979
2015-09-03,68.245256205381
2015-09-04,45.88611452734213
2015-09-05,67.96944399420397
2015-09-06,50.14270504167912
2015-09-07,60.22131114626897
2015-09-08,41.121862682337536
2015-09-09,44.546648987645895
2015-09-10,44.244578009278506
2015-09-11,60.341673445309894
2015-09-12,16.607404177586808
2015-09-13,43.653958466910446
2015-09-14,45.07887725043895
2015-09-15,60.35109417165806
2015-09-16,80.408864255569
2015-09-17,58.600981932354394
2015-09-18,102.93002240530592
2015-09-19,59.81618949112182
2015-09-20,20.88379340720193
2015-09-21,54.85083883492024
2015-09-22,68.12963747018058
2015-09-23,66.17401730444152
2015-09-24,51.23822724438354
2015-09-25,76.55162845963325
2015-09-26,53.980360644039365
2015-09-27,62.05954684635755
2015-09-28,51.45129805810194
2015-09-29,51.82443854520248
2015-09-30,58.815905907252215
2015-10-01,81.15182493454058
2015-10-02,50.789507922332646
2015-10-03,49.754527831091586
2015-10-04,48.66893122816282
2015-10-05,52.285852960864744
2015-10-06,60.60529303340083
2015-10-07,53.26629361787179
2015-10-08,52.95677915336378
2015-10-09,56.18629972132992
2015-10-10,26.305131236487398
2015-10-11,27.886597093337162
2015-10-12,57.70899361015885
2015-10-13,52.07160987072177
2015-10-14,67.69425696730966
2015-10-15,64.43676089492709
2015-10-16,27.464709523550702
2015-10-17,69.34511255603765
2015-10-18,23.408986635004943
2015-10-19,49.54641772487284
2015-10-20,59.62354552563225
2015-10-21,74.583069510704
2015-10-22,53.41220319814126
2015-10-23,67.66516981365255
2015-10-24,49.27819604472664
2015-10-25,21.811818807369367
2015-10-26,65.84219448458205
2015-10-27,65.84885574452417
2015-10-28,67.2076514709554
2015-10-29,68.30760477709887
2015-10-30,72.281170709294
2015-10-31,56.42364382835394
2015-11-01,70.77599355913414
2015-11-02,53.00533741042833
2015-11-03,72.33893199611492
2015-11-04,65.2942195126972
2015-11-05,56.66793789068043
2015-11-06,63.6941835784762
2015-11-07,21.36332693863891
2015-11-08,56.349612737545
2015-11-09,46.38003017918187
2015-11-10,63.126269546980225
2015-11-11,74.92256648894431
2015-11-12,59.936828037752534
2015-11-13,65.22300397512812
2015-11-14,60.70952583133702
2015-11-15,56.7558699439243
2015-11-16,60.74787396081232
2015-11-17,46.94906344853959
2015-11-18,50.48209065283111
2015-11-19,72.00141493289375
2015-11-20,52.38754088876503
2015-11-21,63.63099797954773
2015-11-22,61.88300916390658
2015-11-23,61.26961784561486
2015-11-24,66.44475723540143
2015-11-25,56.572007584434544
2015-11-26,68.8045232582937
2015-11-27,102.72837269110339
2015-11-28,74.1700137489776
2015-11-29,62.33580984764033
2015-11-30,76.68208163491032
2015-12-01,110.46845708290076
2015-12-02,82.28666420844607
2015-12-03,90.08745370317479
2015-12-04,111.83736048700487
2015-12-05,79.39989355185205
2015-12-06,80.1090184276845
2015-12-07,88.46108148468186
2015-12-08,75.00541157842639
2015-12-09,69.04724444379524
2015-12-10,77.42204449021376
2015-12-11,92.79091702643518
2015-12-12,66.65674547246005
2015-12-13,39.76382016029399
2015-12-14,69.36129617380563
2015-12-15,76.81895807753834
2015-12-16,78.13470130793387
2015-12-17,75.78092788476786
2015-12-18,73.39352313720237
2015-12-19,93.29682296898228
2015-12-20,73.6080591204648
2015-12-21,79.38213418911538
2015-12-22,70.18800334315995
2015-12-23,77.29428038134226
2015-12-24,71.323011875546
2015-12-25,79.20212391980763
2015-12-26,64.84125938890986
2015-12-27,68.95674027870649
2015-12-28,72.80293181410306
2015-12-29,70.97634903225295
2015-12-30,88.81072215516453
2015-12-31,87.68735534583519
2016-01-01,35.75589314891131
2016-01-02,54.47631727899127
2016-01-03,50.115504018428055
2016-01-04,43.398391143958975
2016-01-05,47.486883541282545
2016-01-06,46.6012388905974
2016-01-07,45.32267270100684
2016-01-08,40.66975900683938
2016-01-09,24.42539697079468
2016-01-10,23.495138007572933
2016-01-11,52.54498969179132
2016-01-12,35.45629430075975
2016-01-13,45.86412019746115
2016-01-14,36.74248593994294
2016-01-15,39.460691384302834
2016-01-16,35.08416448811069
2016-01-17,21.940398001388303
2016-01-18,36.891646796040355
2016-01-19,37.907076499836464
2016-01-20,43.23883144570337
2016-01-21,39.50685363682477
2016-01-22,42.78175621953525
2016-01-23,21.28590143545109
2016-01-24,37.606859926264896
2016-01-25,38.68385899655606
2016-01-26,36.26360508354662
2016-01-27,31.688578927790694
2016-01-28,40.86717724536969
2016-01-29,23.05510970424575
2016-01-30,41.37134556713133
2016-01-31,26.275382719535365
2016-02-01,37.8872438495622
2016-02-02,41.23347218170842
2016-02-03,29.33316789086605
2016-02-04,29.528188628425532
2016-02-05,40.29146256044693
2016-02-06,28.681868629168665
2016-02-07,27.640527889229276
2016-02-08,36.51259762036856
2016-02-09,36.838967702198865
2016-02-10,26.404544922898893
2016-02-11,40.65082070451305
2016-02-12,36.75265957539875
2016-02-13,38.32653515024332
2016-02-14,29.161992542465953
2016-02-15,39.16163573790666
2016-02-16,30.94856358382407
2016-02-17,47.280787517803574
2016-02-18,48.090851245843936
2016-02-19,43.41379827077464
2016-02-20,44.448155389044885
2016-02-21,32.28731890777059
2016-02-22,51.29967945525256
2016-02-23,46.219780061864796
2016-02-24,52.858294367469995
2016-02-25,45.24940746466359
2016-02-26,47.69202067154194
2016-02-27,47.09694682115781
2016-02-28,46.07642967500874
2016-02-29,39.9408747374489
2016-03-01,43.91625102379771
2016-03-02,46.14826516180544
2016-03-03,42.4192901734915
2016-03-04,41.60088626182083
2016-03-05,39.3299910252385
2016-03-06,37.71541795635727
2016-03-07,44.22898107538642
2016-03-08,39.527770446877184
2016-03-09,38.04904765125095
2016-03-10,38.953762226774984
2016-03-11,35.490354804302164
2016-03-12,38.95803824851944
2016-03-13,34.0301574910585
2016-03-14,39.388558321067286
2016-03-15,32.708904843259575
2016-03-16,40.60587763825572
2016-03-17,37.55556172429081
2016-03-18,37.737909866873125
2016-03-19,41.00748665426898
2016-03-20,32.4571622505144
2016-03-21,44.189401276178394
2016-03-22,46.97168570618036
2016-03-23,45.89425500092021
2016-03-24,45.924287880194086
2016-03-25,52.26389719693978
2016-03-26,49.200464674636194
2016-03-27,46.908875552648304
2016-03-28,48.3616096142153
2016-03-29,47.422411161528565
2016-03-30,47.36357698702173
2016-03-31,52.33001636868505
2016-04-01,51.92309726649613
2016-04-02,53.34350789668258
2016-04-03,41.611400717848625
2016-04-04,50.71472984573428
2016-04-05,46.98519716401754
2016-04-06,43.511989842099865
2016-04-07,49.89384514267519
2016-04-08,54.311338921202164
2016-04-09,52.30072273533219
2016-04-10,62.46654211137788
2016-04-11,65.87605054135557
2016-04-12,62.32787591536621
2016-04-13,66.41590256784036
2016-04-14,72.36746333221458
2016-04-15,71.23828030806705
2016-04-16,66.00977945923513
2016-04-17,61.554047125816524
2016-04-18,61.08628423843547
2016-04-19,58.71635656517367
2016-04-20,63.17038888907539
2016-04-21,66.6675866150967
2016-04-22,74.00731837240005
2016-04-23,80.43496489173717
2016-04-24,92.74683489180465
2016-04-25,136.4531078547667
2016-04-26,134.56251357188034
2016-04-27,133.25638935825407
2016-04-28,139.31426293290374
2016-04-29,149.11143631244903
2016-04-30,158.28484710117877
2016-05-01,172.07017017643494
2016-05-02,183.2521564567575
2016-05-03,262.5124166948267
2016-05-04,180.3538690897671
2016-05-05,167.1462079183393
2016-05-06,153.95304738865607
2016-05-07,134.66610015458633
2016-05-08,111.03059116877351
2016-05-09,89.702576994818
2016-05-10,76.18622864246771
2016-05-11,63.797110780148884
2016-05-12,57.882771674784195
2016-05-13,54.61714122672872
2016-05-14,55.23642044324548
2016-05-15,59.52245621064858
2016-05-16,65.3282961782682
2016-05-17,67.49098318546106
2016-05-18,71.24619210490805
2016-05-19,72.73988448470679
2016-05-20,66.59095004887871
2016-05-21,70.68794459168294
2016-05-22,63.7972978294102
2016-05-23,69.67053038622174
2016-05-24,84.70531895871449
2016-05-25,63.45869063512448
2016-05-26,61.95684146262103
2016-05-27,60.946360219376245
2016-05-28,59.74481919981267
2016-05-29,59.22483087541152
2016-05-30,57.81644465088592
2016-05-31,53.19269391686908
2016-06-01,55.824928413986264
2016-06-02,59.603866264563166
2016-06-03,49.113353684087166
2016-06-04,45.2960901523525
2016-06-05,37.09898427834614
2016-06-06,43.48329128032604
2016-06-07,44.46842287791075
2016-06-08,38.40984016848738
2016-06-09,29.122425903966363
2016-06-10,37.88449975480173
2016-06-11,35.032831127184394
2016-06-12,32.918242783378204
2016-06-13,32.02607273738394
2016-06-14,25.957162808951235
2016-06-15,31.872891738469818
2016-06-16,32.53916308444636
2016-06-17,34.57328813618617
2016-06-18,26.26771613798529
2016-06-19,26.674486212756268
2016-06-20,39.39981894998345
2016-06-21,34.19314844324023
2016-06-22,35.58831013916652
2016-06-23,35.26192347082845
2016-06-24,26.96585935103524
2016-06-25,34.52915084344426
2016-06-26,36.158860661548275
2016-06-27,26.361628377995284
2016-06-28,33.93366576980591
2016-06-29,40.404675382467225
2016-06-30,41.84790106482593
2016-07-01,45.825984293077724
2016-07-02,43.913061853364255
2016-07-03,45.8533064200799
2016-07-04,56.768566656477574
2016-07-05,57.7522388696782
2016-07-06,57.53044784239496
2016-07-07,61.9765467916628
2016-07-08,56.02118945952715
2016-07-09,64.55620615755728
2016-07-10,58.91403950164052
2016-07-11,55.09346307527012
2016-07-12,55.62281559215526
2016-07-13,69.01006871111863
2016-07-14,61.87779514435579
2016-07-15,67.67613988925622
2016-07-16,56.518125568241715
2016-07-17,52.61874845013531
2016-07-18,52.14315452837674
2016-07-19,52.69165949540847
2016-07-20,38.193650204782834
2016-07-21,57.079119204969814
2016-07-22,38.302867212553565
2016-07-23,38.5847053311519
2016-07-24,54.92642657308796
2016-07-25,59.40304258604802
2016-07-26,86.65055635387903
2016-07-27,63.168147589407326
2016-07-28,56.728718776443145
2016-07-29,54.09764732901168
2016-07-30,36.077458716019734
2016-07-31,47.60769557352316
2016-08-01,33.28183433894584
2016-08-02,47.134809553013696
2016-08-03,41.754676561930296
2016-08-04,47.53743669192878
2016-08-05,55.32065891904557
2016-08-06,28.018312918320845
2016-08-07,43.874650914779835
2016-08-08,45.21984472097199
2016-08-09,45.008833442727685
2016-08-10,39.012802760992955
2016-08-11,24.27829505839079
2016-08-12,54.5436954551518
2016-08-13,43.34765089677559
2016-08-14,39.84733098791758
2016-08-15,37.92742708372397
2016-08-16,21.081019802200416
2016-08-17,21.08574689552853
2016-08-18,42.52282387418162
2016-08-19,39.36194250642133
2016-08-20,40.76290310804766
2016-08-21,41.540373839075045
2016-08-22,24.485336552076213
2016-08-23,24.726037171198037
2016-08-24,55.08316671834004
2016-08-25,44.002501975718744
2016-08-26,43.54992081269888
2016-08-27,21.438761539964677
2016-08-28,19.554423107176486
2016-08-29,39.453558818543584
2016-08-30,40.1233821884293
2016-08-31,35.380257463887645
2016-09-01,44.4216591674977
2016-09-02,39.15137203987398
2016-09-03,39.348612248912644
2016-09-04,21.59827830612131
2016-09-05,43.04926554268468
2016-09-06,23.857532201415644
2016-09-07,24.233339280441996
2016-09-08,41.223229160127474
2016-09-09,49.52143997155439
2016-09-10,61.39488944257475
2016-09-11,41.072059624292145
2016-09-12,46.035227305900136
2016-09-13,50.033300431347804
2016-09-14,35.54131172480165
2016-09-15,39.790726931211246
2016-09-16,47.87441621251231
2016-09-17,21.17927739907638
2016-09-18,40.421964742858634
2016-09-19,49.6772912471768
2016-09-20,54.63401903100756
2016-09-21,50.811618640149455
2016-09-22,25.518053453284963
2016-09-23,25.001784813602356
2016-09-24,24.024174895275628
2016-09-25,22.585223691317754
2016-09-26,45.72346689577614
2016-09-27,58.825276205616476
2016-09-28,42.54774167829325
2016-09-29,49.538482841274
2016-09-30,56.091527369505
2016-10-01,20.030605476170933
2016-10-02,20.614775635138045
2016-10-03,39.339312687121016
2016-10-04,67.33265643113373
2016-10-05,44.35098385285076
2016-10-06,45.83052496364897
2016-10-07,51.74594211881052
2016-10-08,41.89290024574869
2016-10-09,42.080591493095596
2016-10-10,44.699949292045915
2016-10-11,37.411338214905086
2016-10-12,40.57571608373037
2016-10-13,47.50305390386035
2016-10-14,57.757045435039004
2016-10-15,55.921536893043246
2016-10-16,21.199264210392325
2016-10-17,61.67501342813013
2016-10-18,60.92773639633454
2016-10-19,50.80778857932624
2016-10-20,50.71401660312078
2016-10-21,73.081148282756
2016-10-22,19.40465963183208
2016-10-23,52.39321583056337
2016-10-24,41.374786272395085
2016-10-25,45.55277140549536
2016-10-26,37.33919211052519
2016-10-27,44.22134145511076
2016-10-28,41.18432839411585
2016-10-29,59.933072971332834
2016-10-30,12.333714877043146
2016-10-31,56.36606890208331
2016-11-01,60.847392475023135
2016-11-02,66.21973968530234
2016-11-03,41.7962383772136
2016-11-04,58.258499298651536
2016-11-05,54.66908438053703
2016-11-06,61.69249109244374
2016-11-07,55.69674665732011
2016-11-08,43.72987493160897
2016-11-09,45.26344025778613
2016-11-10,46.011210143371564
2016-11-11,53.47429569168443
2016-11-12,17.841067934797692
2016-11-13,59.095742641701904
2016-11-14,39.830539145902776
2016-11-15,43.379949125951626
2016-11-16,58.400010370944095
2016-11-17,58.56691310584873
2016-11-18,48.243719730828346
2016-11-19,48.831810641993656
2016-11-20,15.760825406795155
2016-11-21,45.9180892192058
2016-11-22,63.78906068228309
2016-11-23,51.58587004474399
2016-11-24,76.53324016130118
2016-11-25,67.9048109273019
2016-11-26,68.29078368839271
2016-11-27,44.968190506210505
2016-11-28,50.307626138936484
2016-11-29,59.14876412387372
2016-11-30,63.201785921425824
2016-12-01,61.73951446578458
2016-12-02,51.38628991560364
2016-12-03,49.15805559957933
2016-12-04,52.23560197765286
2016-12-05,45.39842411377128
2016-12-06,52.87829929687692
2016-12-07,42.7241860114416
2016-12-08,63.483543865768496
2016-12-09,65.69155141457314
2016-12-10,54.56710251807558
2016-12-11,66.46905043854758
2016-12-12,55.09564202424896
2016-12-13,50.333854655296584
2016-12-14,51.02020502490351
2016-12-15,42.97474036380768
2016-12-16,57.39335676849565
2016-12-17,43.66453050215304
2016-12-18,48.400311441343476
2016-12-19,53.64217595829187
2016-12-20,52.940622847408335
2016-12-21,50.02103615486488
2016-12-22,49.3136023067899
2016-12-23,59.75700553602465
2016-12-24,53.092026348690865
2016-12-25,52.174399281906574
2016-12-26,43.914819507416595
2016-12-27,39.80268465590865
2016-12-28,47.836942446908004
2016-12-29,64.81801379425146
2016-12-30,58.16836617247688
2016-12-31,61.04727376226771
2017-01-01,52.07573083846361
2017-01-02,39.612844328551205
2017-01-03,41.87160288348656
2017-01-04,40.336959690157826
2017-01-05,45.35720375046352
2017-01-06,19.27575042306818
2017-01-07,40.023606424997716
2017-01-08,51.132675807040236
2017-01-09,35.66909060703916
2017-01-10,30.22663821636624
2017-01-11,31.242151011295633
2017-01-12,30.862116692198107
2017-01-13,14.979300190243851
2017-01-14,39.877206360910094
2017-01-15,17.34925718236655
2017-01-16,40.532770699509
2017-01-17,19.185073121263763
2017-01-18,35.73448162297925
2017-01-19,39.54709778512231
2017-01-20,44.8532174071604
2017-01-21,38.56365331648704
2017-01-22,37.25804259870168
2017-01-23,35.744053720847624
2017-01-24,42.300317878237145
2017-01-25,41.79036477604012
2017-01-26,37.559208923488754
2017-01-27,35.71513765866431
2017-01-28,44.257098704463054
2017-01-29,34.53431568862677
2017-01-30,28.696175298076362
2017-01-31,38.95925224022095
2017-02-01,49.7619573132489
2017-02-02,57.93387139819538
2017-02-03,37.151184740911745
2017-02-04,38.114919791798826
2017-02-05,41.82897414790495
2017-02-06,45.5686783168673
2017-02-07,38.6501231053647
2017-02-08,38.15078221362356
2017-02-09,41.4136625190562
2017-02-10,50.983883747368466
2017-02-11,27.666602084410435
2017-02-12,27.599886962402223
2017-02-13,46.31049064893283
2017-02-14,26.86044893775562
2017-02-15,39.42234862459245
2017-02-16,25.313000538075777
2017-02-17,36.654219254475294
2017-02-18,42.28926435907097
2017-02-19,39.264678232965636
2017-02-20,32.92354824609533
2017-02-21,31.186510737402855
2017-02-22,28.773141480721662
2017-02-23,43.79574306855511
2017-02-24,29.021368280240843
2017-02-25,34.62523461976499
2017-02-26,34.57440314540656
2017-02-27,20.180163359055868
2017-02-28,30.710076782577623
2017-03-01,46.82123348756049
2017-03-02,32.420822154570075
2017-03-03,35.7933999140241
2017-03-04,33.25536911588093
2017-03-05,30.008842619253247
2017-03-06,27.025279635029484
2017-03-07,30.49127889112736
2017-03-08,29.53834009508857
2017-03-09,29.32942040863942
2017-03-10,27.246682401144515
2017-03-11,29.107542593244073
2017-03-12,28.58556051387395
2017-03-13,26.04140655744319
2017-03-14,33.764373128528064
2017-03-15,31.684373222750523
2017-03-16,33.32690025855114
2017-03-17,39.56456670862717
2017-03-18,35.70839585882066
2017-03-19,39.54625745991983
2017-03-20,32.07570753579663
2017-03-21,42.37264135981228
2017-03-22,44.65024146754314
2017-03-23,48.07093887565241
2017-03-24,47.39905871985532
2017-03-25,39.725892736834595
2017-03-26,51.22981527116727
2017-03-27,46.84518138812305
2017-03-28,48.532738449011305
2017-03-29,56.874228109673254
2017-03-30,55.58088411166857
2017-03-31,58.17819986466027
2017-04-01,62.48464417213899
2017-04-02,67.54754653850793
2017-04-03,69.99646318445424
2017-04-04,82.77514587181997
2017-04-05,76.02458556841991
2017-04-06,73.38922423178903
2017-04-07,77.24637150518396
2017-04-08,75.96119433888077
2017-04-09,72.15153016727551
2017-04-10,78.52110721807432
2017-04-11,72.23656563826552
2017-04-12,76.71300693253167
2017-04-13,75.29807630318601
2017-04-14,78.09953495818029
2017-04-15,64.10196570777362
2017-04-16,52.0665368433105
2017-04-17,50.30390283678447
2017-04-18,58.78050167016823
2017-04-19,67.4277278268189
2017-04-20,78.46067452312475
2017-04-21,94.49717919104675
2017-04-22,114.86600147041344
2017-04-23,142.45347493815538
2017-04-24,165.61575406194058
2017-04-25,251.54399967349684
2017-04-26,175.9768048459441
2017-04-27,164.92080145710574
2017-04-28,152.0574411689657
2017-04-29,128.660599182334
2017-04-30,95.60288798224985
2017-05-01,73.48335792648828
2017-05-02,54.664887976278536
2017-05-03,41.49681942243025
2017-05-04,34.44902051632647
2017-05-05,22.378901149972663
2017-05-06,22.872958968614853
2017-05-07,28.41330184106105
2017-05-08,36.17688253211965
2017-05-09,45.36380626938579
2017-05-10,37.431057889681554
2017-05-11,42.77463871929454
2017-05-12,46.77828975067713
2017-05-13,41.22491013765643
2017-05-14,36.51313191905741
2017-05-15,35.018573585301496
2017-05-16,31.36012485286785
2017-05-17,24.447020123103744
2017-05-18,30.38343454930807
2017-05-19,28.249043340181746
2017-05-20,21.265800260894537
2017-05-21,21.11328770942784
2017-05-22,30.000119040212056
2017-05-23,20.875307425201513
2017-05-24,20.78983969237178
2017-05-25,35.4156969556748
2017-05-26,30.57555713872486
2017-05-27,20.667526140692
2017-05-28,29.979317937977058
2017-05-29,28.05577844499789
2017-05-30,30.022190620488775
2017-05-31,28.02504215842882
2017-06-01,27.009137096032482
2017-06-02,28.50957740900602
2017-06-03,19.660922709615182
2017-06-04,31.49685267595985
2017-06-05,18.938344328811585
2017-06-06,30.59998131017141
2017-06-07,28.38887274431901
2017-06-08,30.411727556199757
2017-06-09,33.8325551894403
2017-06-10,22.508024799339104
2017-06-11,24.143582567651755
2017-06-12,25.370608321933897
2017-06-13,26.18910206157637
2017-06-14,26.599063791981074
2017-06-15,26.600493507829448
2017-06-16,41.90041582163674
2017-06-17,39.339556552836484
2017-06-18,24.153590575318596
2017-06-19,37.96132231053718
2017-06-20,37.915241609100676
2017-06-21,32.54010113728644
2017-06-22,42.5548535871233
2017-06-23,34.800224782969224
2017-06-24,22.365401902803747
2017-06-25,22.99350533480225
2017-06-26,35.13026770328919
2017-06-27,47.72259760988994
2017-06-28,36.3373456711267
2017-06-29,48.96819819071328
2017-06-30,46.34759364029766
2017-07-01,50.58171480805407
2017-07-02,47.35350949280786
2017-07-03,52.93132581118007
2017-07-04,59.23231100125931
2017-07-05,64.3881793659298
2017-07-06,57.894019151415485
2017-07-07,44.040175042336756
2017-07-08,45.732724594920526
2017-07-09,46.9737723748966
2017-07-10,48.85243504397934
2017-07-11,43.95150654419602
2017-07-12,40.92439394758364
2017-07-13,41.443604505490065
2017-07-14,43.69119555568181
2017-07-15,22.72499376081691
2017-07-16,38.31895387894946
2017-07-17,21.848944396318522
2017-07-18,38.2406898950878
2017-07-19,43.09723370952344
2017-07-20,40.7480762121846
2017-07-21,46.76599393790684
2017-07-22,21.010812883336722
2017-07-23,21.074956619210212
2017-07-24,21.314989575089133
2017-07-25,21.730911754525994
2017-07-26,40.283996668011376
2017-07-27,67.1573539322663
2017-07-28,48.03085677376295
2017-07-29,47.84141712123802
2017-07-30,26.44886097256773
2017-07-31,50.27634067870506
2017-08-01,27.263239783202387
2017-08-02,57.73231018828509
2017-08-03,47.46937258655096
2017-08-04,24.07918710770716
2017-08-05,21.845355543132644
2017-08-06,46.948882946662195
2017-08-07,36.036526377481884
2017-08-08,32.52075662442476
2017-08-09,37.41962157739352
2017-08-10,41.93427875333695
2017-08-11,46.573752096234536
2017-08-12,43.19365846921149
2017-08-13,23.14059080419475
2017-08-14,25.235928939670366
2017-08-15,50.49772077308987
2017-08-16,46.55243659524489
2017-08-17,55.43650444595795
2017-08-18,59.92701521851916
2017-08-19,19.984480969717346
2017-08-20,35.27690899316474
2017-08-21,32.14879634967772
2017-08-22,34.01524453797667
2017-08-23,65.30940295433845
2017-08-24,31.20738228635935
2017-08-25,45.148804720578326
2017-08-26,43.79654786555806
2017-08-27,16.315673450003583
2017-08-28,18.768549545796446
2017-08-29,42.50176907602217
2017-08-30,57.410201535922454
2017-08-31,49.565609293933655
2017-09-01,49.65486449897493
2017-09-02,18.655857502545327
2017-09-03,16.174732972897672
2017-09-04,31.81140029988225
2017-09-05,32.535239709449485
2017-09-06,29.343405900487273
2017-09-07,43.39115780242978
2017-09-08,48.06381482520748
2017-09-09,40.3072332929563
2017-09-10,19.321518434668967
2017-09-11,21.290572449451215
2017-09-12,41.70589752936448
2017-09-13,42.89972169372512
2017-09-14,62.612534628321725
2017-09-15,22.381930998354136
2017-09-16,40.49165096415628
2017-09-17,37.8527981787278
2017-09-18,45.68122436869625
2017-09-19,39.00678784533418
2017-09-20,35.25936349651574
2017-09-21,12.4222672554758
2017-09-22,60.173212278147886
2017-09-23,35.25831670806724
2017-09-24,34.101259394548066
2017-09-25,39.155882044193305
2017-09-26,52.89458667361567
2017-09-27,35.177199284301174
2017-09-28,43.88701427018274
2017-09-29,39.611034690042835
2017-09-30,47.822832512815594
2017-10-01,41.14698806271914
2017-10-02,49.13112428272807
2017-10-03,68.3519152931881
2017-10-04,47.35878689711237
2017-10-05,54.718942675235
2017-10-06,23.34190785036798
2017-10-07,21.727761977629008
2017-10-08,39.91417925552896
2017-10-09,46.69010429383991
2017-10-10,46.92762342735632
2017-10-11,33.863989950261
2017-10-12,41.02206656972244
2017-10-13,39.46020609075508
2017-10-14,43.50379669472794
2017-10-15,43.43663406045708
2017-10-16,22.692522328177276
2017-10-17,53.81576426350988
2017-10-18,50.014980290925116
2017-10-19,23.775241254748224
2017-10-20,57.64792506992292
2017-10-21,65.15489767254614
2017-10-22,60.98513577351723
2017-10-23,63.979766159104734
2017-10-24,48.469438418078106
2017-10-25,38.741866533374505
2017-10-26,53.84908961517047
2017-10-27,72.33938423638838
2017-10-28,45.1282984944841
2017-10-29,41.588524416163885
2017-10-30,55.52140992576458
2017-10-31,52.64894690981461
2017-11-01,51.217686025324404
2017-11-02,62.92186671271433
2017-11-03,60.039261775879076
2017-11-04,20.687435208037467
2017-11-05,47.370384873923115
2017-11-06,41.17534231869926
2017-11-07,50.677735500790654
2017-11-08,32.17422280072687
2017-11-09,55.03749624186749
2017-11-10,49.60399297139123
2017-11-11,44.815360190411255
2017-11-12,36.962994863369694
2017-11-13,48.681061181740525
2017-11-14,37.06611230005555
2017-11-15,42.940749923760755
2017-11-16,50.295891278099646
2017-11-17,44.69986845917352
2017-11-18,42.530946435043276
2017-11-19,26.471123717270576
2017-11-20,46.61135175387965
2017-11-21,41.37651411624457
2017-11-22,52.07026811981464
2017-11-23,50.33270821537033
2017-11-24,55.7976151647637
2017-11-25,51.01273940330366
2017-11-26,47.03117232792431
2017-11-27,48.160554439778565
2017-11-28,49.60151711640992
2017-11-29,47.31543080921402
2017-11-30,50.86747075816412
2017-12-01,45.53509822894472
2017-12-02,59.08449413878219
2017-12-03,49.04851787854636
2017-12-04,44.89843811326128
2017-12-05,49.06190750813924
2017-12-06,49.176915955452074
2017-12-07,49.38837272675245
2017-12-08,54.786517276410265
2017-12-09,54.681846748019964
2017-12-10,48.8562080221009
2017-12-11,49.91529609186109
2017-12-12,65.85805868165258
2017-12-13,50.65418755294509
2017-12-14,49.56206451429707
2017-12-15,48.261895057423544
2017-12-16,46.22228054654201
2017-12-17,46.59805072036144
2017-12-18,41.63866501858554
2017-12-19,48.43837813803741
2017-12-20,44.980506013435544
2017-12-21,50.7533940008512
2017-12-22,53.83133822116598
2017-12-23,46.069955547491126
2017-12-24,28.632729282244
2017-12-25,53.25556273955741
2017-12-26,40.09441415166593
2017-12-27,42.66951552827615
2017-12-28,45.855583899154155
2017-12-29,42.1235398143843
2017-12-30,45.748428429228554
2017-12-31,57.73711029663151
2018-01-01,28.76280784835374
2018-01-02,28.756408039733014
2018-01-03,38.626716067919816
2018-01-04,41.06691779314726
2018-01-05,37.74952045116519
2018-01-06,26.420275145073184
2018-01-07,34.857345768010745
2018-01-08,34.26246961349445
2018-01-09,33.870795406877846
2018-01-10,34.04591169008981
2018-01-11,34.93325385997599
2018-01-12,33.69683137401667
2018-01-13,24.08292146944848
2018-01-14,35.726786388123216
2018-01-15,32.06608765113985
2018-01-16,33.50653244272973
2018-01-17,34.61107378150192
2018-01-18,33.44430194423653
2018-01-19,32.825426477050044
2018-01-20,22.417345703491833
2018-01-21,20.83579250442541
2018-01-22,25.724934268050326
2018-01-23,26.61342125268203
2018-01-24,30.19128246451406
2018-01-25,33.11350339574234
2018-01-26,36.83443818230095
2018-01-27,44.98997215026101
2018-01-28,44.345482712459535
2018-01-29,81.23261287095582
2018-01-30,79.00689994920208
2018-01-31,87.47437925020775
2018-02-01,67.50173732473269
2018-02-02,60.16551962597452
2018-02-03,59.290314771584455
2018-02-04,46.853318882017945
2018-02-05,51.49126352730052
2018-02-06,48.480128484317255
2018-02-07,45.23711982319794
2018-02-08,43.943768732475746
2018-02-09,45.39996999288789
2018-02-10,42.62482376935971
2018-02-11,43.762713196220865
2018-02-12,43.47263287055612
2018-02-13,38.31447590610817
2018-02-14,44.43716681739606
2018-02-15,42.777479157988566
2018-02-16,36.35599458145908
2018-02-17,34.77145035617154
2018-02-18,32.72104756843841
2018-02-19,32.71163288975812
2018-02-20,34.743206318960425
2018-02-21,49.28711760337545
2018-02-22,51.037604865613176
2018-02-23,58.3195301495121
2018-02-24,71.13289345768644
2018-02-25,84.24201992358519
2018-02-26,94.66685915003006
2018-02-27,101.53479865430057
2018-02-28,178.1452866145473
2018-03-01,104.59997849971373
2018-03-02,93.01298221229648
2018-03-03,84.04664922161149
2018-03-04,68.97485474197833
2018-03-05,57.54643013435532
2018-03-06,49.761375395676765
2018-03-07,47.36491548845134
2018-03-08,39.01308818625006
2018-03-09,36.04985570762038
2018-03-10,33.23954318307883
2018-03-11,32.32737557087152
2018-03-12,34.650889033857524
2018-03-13,28.86612134718228
2018-03-14,38.600733463379555
2018-03-15,36.13249819317298
2018-03-16,35.94342647140611
2018-03-17,36.19320095267793
2018-03-18,37.93343154885329
2018-03-19,34.68798405744228
2018-03-20,25.29337517232882
2018-03-21,32.07394080016311
2018-03-22,33.1416512735291
2018-03-23,35.84099495093251
2018-03-24,24.683100343846085
2018-03-25,32.24549997743263
2018-03-26,33.947590700617205
2018-03-27,35.9703775635817
2018-03-28,31.11480762253423
2018-03-29,24.25296721483174
2018-03-30,33.67056270245028
2018-03-31,32.79766284239556
2018-04-01,21.734953699831237
2018-04-02,20.973422375963793
2018-04-03,30.731221989178543
2018-04-04,20.24876268157621
2018-04-05,30.82970175335079
2018-04-06,29.169329619309543
2018-04-07,21.15778051353762
2018-04-08,21.993055093449343
2018-04-09,30.06914547287055
2018-04-10,22.91628034129111
2018-04-11,30.56687249180706
2018-04-12,22.843073715971606
2018-04-13,34.04526681528585
2018-04-14,21.773435212933705
2018-04-15,20.864954009522105
2018-04-16,28.710680870964964
2018-04-17,28.00380164608286
2018-04-18,28.12490047431723
2018-04-19,31.546379377802687
2018-04-20,33.4688697260342
2018-04-21,32.656170511155565
2018-04-22,21.40020483832785
2018-04-23,22.201029533679822
2018-04-24,22.987505315489347
2018-04-25,35.53990064087227
2018-04-26,33.534405743582596
2018-04-27,34.05968166355063
2018-04-28,39.481850694743684
2018-04-29,41.40481456578166
2018-04-30,36.29848611522438
2018-05-01,45.150314183757054
2018-05-02,45.96098224142802
2018-05-03,40.78336708273671
2018-05-04,42.6339381722714
2018-05-05,29.479230435923135
2018-05-06,42.69561888876557
2018-05-07,42.8449805779928
2018-05-08,49.85196708650306
2018-05-09,46.11889344037338
2018-05-10,46.98919571647289
2018-05-11,49.48144794736165
2018-05-12,32.36207982309202
2018-05-13,33.15342791446408
2018-05-14,45.6063544504966
2018-05-15,50.40032417534079
2018-05-16,52.67591957093235
2018-05-17,50.3075461407433
2018-05-18,67.21932933017652
2018-05-19,30.475409495747144
2018-05-20,28.79138859960902
2018-05-21,42.39698602601383
2018-05-22,44.2412149542453
2018-05-23,45.595319890398784
2018-05-24,46.8228893674151
2018-05-25,40.87030585793396
2018-05-26,42.71741690041987
2018-05-27,39.4204707338049
2018-05-28,58.331679754629256
2018-05-29,49.38769985130021
2018-05-30,41.80426804585717
2018-05-31,43.345397919756714
2018-06-01,45.00528120301005
2018-06-02,37.173579721523964
2018-06-03,35.19372955417507
2018-06-04,28.7481786538878
2018-06-05,27.871970527329616
2018-06-06,35.037507192670766
2018-06-07,17.230949883095246
2018-06-08,29.281449324020542
2018-06-09,17.66877351475303
2018-06-10,18.388187182303312
2018-06-11,32.73902781311667
2018-06-12,33.636746563035246
2018-06-13,31.854751338807166
2018-06-14,31.96866398466773
2018-06-15,19.2111964008571
2018-06-16,39.618250485788266
2018-06-17,18.245839164179536
2018-06-18,17.64292032782959
2018-06-19,27.701732773616843
2018-06-20,31.55176858370604
2018-06-21,15.667534342514331
2018-06-22,14.953529187229556
2018-06-23,39.08120808217437
2018-06-24,28.058463146648332
2018-06-25,29.679912754585736
2018-06-26,28.456685424199186
2018-06-27,32.091264369700326
2018-06-28,30.503856739923297
2018-06-29,35.77678915156657
2018-06-30,32.421190119073266
2018-07-01,31.518119376736976
2018-07-02,31.060780510318384
2018-07-03,30.758302685371802
2018-07-04,41.37290647306075
2018-07-05,38.471442478444644
2018-07-06,36.670169712822386
2018-07-07,14.226493922605481
2018-07-08,32.87774795392372
2018-07-09,24.437915221428376
2018-07-10,31.374136343888413
2018-07-11,28.307931730217167
2018-07-12,26.818197736694156
2018-07-13,39.613751999878055
2018-07-14,38.93880529922285
2018-07-15,41.31146435287742
2018-07-16,37.56473784100113
2018-07-17,37.00649218972954
2018-07-18,23.4206788514771
2018-07-19,44.582831007300896
2018-07-20,22.17597873424412
2018-07-21,20.33713918447461
2018-07-22,39.13903006753161
2018-07-23,39.32846309046511
2018-07-24,42.86618563165821
2018-07-25,38.33551775883877
2018-07-26,29.154191683528957
2018-07-27,13.213393914822033
2018-07-28,14.073661367788644
2018-07-29,15.518945484050684
2018-07-30,52.13832002239825
2018-07-31,35.87064237414417
2018-08-01,16.672976925867875
2018-08-02,39.00088479268029
2018-08-03,40.31713836589779
2018-08-04,36.98322161144389
2018-08-05,11.037861018707325
2018-08-06,32.3879138342884
2018-08-07,34.278525464767924
2018-08-08,33.507486125502155
2018-08-09,46.65443289985213
2018-08-10,33.433756371146146
2018-08-11,48.48442248844037
2018-08-12,30.376750250538855
2018-08-13,9.987963927157853
2018-08-14,34.85866258328266
2018-08-15,71.58345056667629
2018-08-16,42.063511074981896
2018-08-17,36.46880019892231
2018-08-18,37.492503790821544
2018-08-19,16.556563172794498
2018-08-20,38.576973454111844
2018-08-21,17.819558636752014
2018-08-22,42.563614446896764
2018-08-23,33.11053452736894
2018-08-24,35.19975628578201
2018-08-25,16.617335729144507
2018-08-26,39.43622588602213
2018-08-27,34.40468234976623
2018-08-28,45.0973923434564
2018-08-29,36.973445263655606
2018-08-30,14.647618642680417
2018-08-31,40.58442238547256
2018-09-01,16.251364150852478
2018-09-02,17.54649846198114
2018-09-03,36.538348261114116
2018-09-04,46.17592671590439
2018-09-05,57.366889806519495
2018-09-06,51.931810900647676
2018-09-07,47.90468121835889
2018-09-08,18.2345139306828
2018-09-09,17.16871810643498
2018-09-10,33.46456660010511
2018-09-11,42.82315809191921
2018-09-12,15.441420241520795
2018-09-13,51.401291914761295
2018-09-14,66.86485115187867
2018-09-15,37.73456874463529
2018-09-16,46.237389765909455
2018-09-17,104.17795726846933
2018-09-18,62.33953746623253
2018-09-19,43.76048979520696
2018-09-20,16.154152559440988
2018-09-21,44.966461633168706
2018-09-22,46.4266191000466
2018-09-23,38.859487004057456
2018-09-24,30.649609248651117
2018-09-25,38.04100274022417
2018-09-26,31.901835511171377
2018-09-27,34.92003200004636
2018-09-28,52.4655151429787
2018-09-29,32.718528540758506
2018-09-30,35.66558640732387
2018-10-01,68.830738137588
2018-10-02,29.076059969399736
2018-10-03,50.85659126987022
2018-10-04,39.784748969957136
2018-10-05,59.92483251775958
2018-10-06,62.410543128947566
2018-10-07,12.337381669451698
2018-10-08,32.64356175430088
2018-10-09,34.97706995487418
2018-10-10,44.106675847542476
2018-10-11,46.20482785348781
2018-10-12,31.974846877911794
2018-10-13,48.47068271023289
2018-10-14,43.492209405102486
2018-10-15,15.32897469737842
2018-10-16,40.13319832467322
2018-10-17,36.461048981335175
2018-10-18,47.21597351809132
2018-10-19,39.16598005014226
2018-10-20,13.838140414544549
2018-10-21,40.60514663523273
2018-10-22,34.96137468963039
2018-10-23,39.519400598889064
2018-10-24,31.44586451200257
2018-10-25,45.371175741793266
2018-10-26,36.87040927766285
2018-10-27,51.621472153126064
2018-10-28,41.026561734116655
2018-10-29,41.71699228403832
2018-10-30,43.5850025986766
2018-10-31,34.71048247814517
2018-11-01,36.03613140656881
2018-11-02,45.37128230618227
2018-11-03,51.73556148737125
2018-11-04,44.948490036799654
2018-11-05,44.11169155822492
2018-11-06,15.120561690827188
2018-11-07,38.6190369637471
2018-11-08,52.43347830204266
2018-11-09,36.05749246580808
2018-11-10,37.8875099838346
2018-11-11,37.758351468070686
2018-11-12,37.49557712468521
2018-11-13,43.81159063043728
2018-11-14,50.922537489091454
2018-11-15,42.20403124762445
2018-11-16,81.41831319220357
2018-11-17,40.21863130642513
2018-11-18,47.6789146685777
2018-11-19,36.453006508179676
2018-11-20,32.428410347180645
2018-11-21,45.422016562072834
2018-11-22,40.020302080619885
2018-11-23,36.8023778424354
2018-11-24,40.18164927331279
2018-11-25,40.04476149358926
2018-11-26,47.06241198089443
2018-11-27,46.40018860494079
2018-11-28,40.07181246864256
2018-11-29,37.620084138574896
2018-11-30,38.3122328806652
2018-12-01,47.62446135754264
2018-12-02,43.52283184117327
2018-12-03,47.46089833344143
2018-12-04,54.49385679751615
2018-12-05,53.64133353962504
2018-12-06,19.961155226857407
2018-12-07,43.11425399885236
2018-12-08,45.80170783086398
2018-12-09,38.96473470819463
2018-12-10,34.75615864912553
2018-12-11,40.089755437112714
2018-12-12,41.003725426825966
2018-12-13,44.769839266288834
2018-12-14,32.380807201888175
2018-12-15,44.00477158698493
2018-12-16,33.90229501684073
2018-12-17,35.74972868402421
2018-12-18,41.620842577072324
2018-12-19,32.6090329965361
2018-12-20,34.81995658818835
2018-12-21,51.235039320358645
2018-12-22,48.25870077668006
2018-12-23,38.39838647811
2018-12-24,53.161019364601636
2018-12-25,44.368322021105165
2018-12-26,18.374703270521465
2018-12-27,36.93427696064851
2018-12-28,47.785386775425074
2018-12-29,17.013613123663134
2018-12-30,41.076196883892074
2018-12-31,51.791010052451746
2019-01-01,36.65060710760414
2019-01-02,29.69351637825029
2019-01-03,29.0290774935279
2019-01-04,30.875969716179597
2019-01-05,12.109962371519897
2019-01-06,11.853181568131987
2019-01-07,32.937835269282466
2019-01-08,26.46406266703982
2019-01-09,12.602636821286271
2019-01-10,26.44824163826345
2019-01-11,31.888145317839392
2019-01-12,37.04435631378223
2019-01-13,17.14810505141342
2019-01-14,33.47189524891311
2019-01-15,18.79100405799023
2019-01-16,31.20687899612847
2019-01-17,39.81449478814254
2019-01-18,31.37922884576549
2019-01-19,16.517866321359325
2019-01-20,14.791470272830148
2019-01-21,25.814302089812486
2019-01-22,28.280073763127415
2019-01-23,24.353535474497875
2019-01-24,33.37200349331742
2019-01-25,31.50085108617325
2019-01-26,26.257970379019014
2019-01-27,13.548795120692137
2019-01-28,26.010142598010614
2019-01-29,24.279358902653886
2019-01-30,27.190330024243057
2019-01-31,32.34337165016926
2019-02-01,30.212464220283536
2019-02-02,33.891363067731945
2019-02-03,31.59979974105814
2019-02-04,33.821338254960224
2019-02-05,31.9025715363585
2019-02-06,35.51495455007572
2019-02-07,17.09847651980982
2019-02-08,30.626456702085257
2019-02-09,31.416661269635643
2019-02-10,19.469090222803764
2019-02-11,32.80974467738847
2019-02-12,30.80061401496843
2019-02-13,32.97479295229512
2019-02-14,21.0409814621655
2019-02-15,40.88405235705699
2019-02-16,20.51347618100813
2019-02-17,19.921360817828806
2019-02-18,19.453542737706552
2019-02-19,34.67161114287443
2019-02-20,34.670540754908345
2019-02-21,30.067116723750278
2019-02-22,39.4994466055667
2019-02-23,38.64625440024386
2019-02-24,36.77625085390695
2019-02-25,19.587554121729255
2019-02-26,29.972423710982667
2019-02-27,20.407041579985975
2019-02-28,20.895852167232828
2019-03-01,38.089728790628264
2019-03-02,33.647782768302534
2019-03-03,22.622579354487392
2019-03-04,23.165026506294712
2019-03-05,37.165784594042165
2019-03-06,44.99107285215921
2019-03-07,39.15096751391409
2019-03-08,39.35196704489915
2019-03-09,38.29433244668368
2019-03-10,25.00887736854049
2019-03-11,35.580414206719915
2019-03-12,24.297473911671158
2019-03-13,32.3182783687359
2019-03-14,39.863611408425996
2019-03-15,32.53536713177104
2019-03-16,32.657881448107204
2019-03-17,27.57827342267788
2019-03-18,29.649799206037475
2019-03-19,33.41863080685493
2019-03-20,34.812576660663694
2019-03-21,36.522191911397066
2019-03-22,46.54642428099602
2019-03-23,50.34173245705206
2019-03-24,57.46210434309864
2019-03-25,65.3285807506063
2019-03-26,74.15372112892084
2019-03-27,140.79158464441332
2019-03-28,88.16896223001812
2019-03-29,66.3752001578799
2019-03-30,54.467598951983426
2019-03-31,47.21048373919557
2019-04-01,40.47024896117036
2019-04-02,34.26412436845221
2019-04-03,32.955172347839394
2019-04-04,24.326818208516585
2019-04-05,25.831311516278713
2019-04-06,33.97820235606368
2019-04-07,27.824791244145427
2019-04-08,33.023303260698484
2019-04-09,32.121488833668465
2019-04-10,31.63037953405916
2019-04-11,20.877253508775127
2019-04-12,36.35521209859324
2019-04-13,20.67320383960199
2019-04-14,31.35093460162478
2019-04-15,19.677357964761963
2019-04-16,19.466207462677147
2019-04-17,19.446238585390397
2019-04-18,30.96141355131825
2019-04-19,19.979845704266015
2019-04-20,20.533421702132845
2019-04-21,36.91248622647418
2019-04-22,21.61108515073403
2019-04-23,21.532139185888578
2019-04-24,21.04134142288355
2019-04-25,33.22787904279714
2019-04-26,35.258392193489634
2019-04-27,17.097837376903403
2019-04-28,28.194255024687607
2019-04-29,28.93687487219083
2019-04-30,35.32359235117389
2019-05-01,32.8108661619497
2019-05-02,42.18880839739019
2019-05-03,31.316192775620202
2019-05-04,33.352293474778556
2019-05-05,31.57203799293109
2019-05-06,39.425871293482274
2019-05-07,33.64412728585008
2019-05-08,40.91979793708262
2019-05-09,23.495612552610517
2019-05-10,47.41602966778365
2019-05-11,21.342016212590153
2019-05-12,37.98864800844882
2019-05-13,29.88231073155637
2019-05-14,34.981647194626206
2019-05-15,28.635354875986224
2019-05-16,14.11573057489703
2019-05-17,13.674392485953822
2019-05-18,31.456249882802418
2019-05-19,13.795635347484868
2019-05-20,27.913633642934123
2019-05-21,26.907324059422987
2019-05-22,15.357922106845901
2019-05-23,32.48264628274077
2019-05-24,37.93995047525721
2019-05-25,18.237903288041206
2019-05-26,43.92386739019895
2019-05-27,20.118314821431582
2019-05-28,20.120693755329558
2019-05-29,19.49785480157572
2019-05-30,38.02901413570553
2019-05-31,16.376523231037858
2019-06-01,13.878030613575746
2019-06-02,32.2762155908483
2019-06-03,25.236130600354592
2019-06-04,23.299212390901342
2019-06-05,21.22978607973465
2019-06-06,22.227430762328787
2019-06-07,25.889402216719418
2019-06-08,26.33115988351359
2019-06-09,28.38563440861574
2019-06-10,11.201673132326482
2019-06-11,28.4393497928949
2019-06-12,27.272047441020703
2019-06-13,41.731652727665285
2019-06-14,37.277255053464735
2019-06-15,12.599935700049665
2019-06-16,11.548471706062534
2019-06-17,35.37031864543818
2019-06-18,26.473052954746368
2019-06-19,25.94217881510827
2019-06-20,28.105715122837452
2019-06-21,45.03480115696524
2019-06-22,14.48308013372055
2019-06-23,16.512746937761037
2019-06-24,17.86090639260097
2019-06-25,39.10666944221232
2019-06-26,41.200627682811
2019-06-27,33.30521213207109
2019-06-28,38.326500357927294
2019-06-29,14.379093391301359
2019-06-30,11.638208735219656
2019-07-01,9.602755829919571
2019-07-02,33.0071343333745
2019-07-03,24.404356088133518
2019-07-04,29.6065762035006
2019-07-05,35.23373668165342
2019-07-06,32.85058356079334
2019-07-07,12.422073349689441
2019-07-08,14.367563366134291
2019-07-09,15.999129180332671
2019-07-10,39.13208274596582
2019-07-11,18.3204881915215
2019-07-12,35.58991847846614
2019-07-13,19.386150384129046
2019-07-14,19.448095174353995
2019-07-15,48.53765526047845
2019-07-16,46.59000505268878
2019-07-17,47.564313497162516
2019-07-18,17.646847059739194
2019-07-19,47.225714951583015
2019-07-20,15.51680663325577
2019-07-21,40.46824208839707
2019-07-22,37.69587704445365
2019-07-23,12.066204167316299
2019-07-24,48.95540458604914
2019-07-25,37.20047970642657
2019-07-26,33.37580520052885
2019-07-27,47.58914227563221
2019-07-28,39.40944611035957
2019-07-29,67.07654114012615
2019-07-30,50.528232485019466
2019-07-31,62.045920432106335
2019-08-01,52.10884683440323
2019-08-02,37.137822858975184
2019-08-03,44.47470615755926
2019-08-04,17.981427293475548
2019-08-05,41.985833980225756
2019-08-06,38.32198537681438
2019-08-07,43.11939427904715
2019-08-08,17.619523117120202
2019-08-09,46.985993566376045
2019-08-10,47.29697862616352
2019-08-11,36.0774455743853
2019-08-12,39.46551894471016
2019-08-13,28.66498695076025
2019-08-14,33.3446738624383
2019-08-15,39.324626898025
2019-08-16,28.789007967286583
2019-08-17,29.006957007767014
2019-08-18,9.655190411006535
2019-08-19,31.274938538518835
2019-08-20,33.43778727018787
2019-08-21,33.31070901543413
2019-08-22,42.4893811359204
2019-08-23,42.15110497237498
2019-08-24,46.548551007888904
2019-08-25,10.47368046564147
2019-08-26,9.330781767155697
2019-08-27,30.975997924295573
2019-08-28,30.978810249866175
2019-08-29,8.24845314025281
2019-08-30,38.1931882691295
2019-08-31,9.482206946433344
2019-09-01,10.685675716662368
2019-09-02,37.28546810254984
2019-09-03,28.344146036366062
2019-09-04,29.528429215793548
2019-09-05,29.71810221352838
2019-09-06,32.56023769232791
2019-09-07,7.591710285797774
2019-09-08,26.6352393676438
2019-09-09,24.08850333532797
2019-09-10,25.296419746800645
2019-09-11,27.40062336975896
2019-09-12,3.3669083849498067
2019-09-13,28.094512517095993
2019-09-14,45.73623715363887
2019-09-15,9.171008460647323
2019-09-16,50.47987788676664
2019-09-17,12.883470163945038
2019-09-18,43.70785870773076
2019-09-19,35.69442639500162
2019-09-20,14.585241337718404
2019-09-21,39.56132930177469
2019-09-22,13.141807864541072
2019-09-23,36.232440571334976
2019-09-24,40.0982137423465
2019-09-25,49.2394008094223
2019-09-26,46.28765725567044
2019-09-27,56.241093114215445
2019-09-28,9.508863236939877
2019-09-29,9.277393186151542
2019-09-30,31.034267329453932
2019-10-01,31.148861757228026
2019-10-02,38.262941438539755
2019-10-03,35.14240992792964
2019-10-04,44.620627076455904
2019-10-05,11.432135926973762
2019-10-06,33.84652633874063
2019-10-07,30.971444565559054
2019-10-08,38.852498361096735
2019-10-09,42.778336332188864
2019-10-10,12.912324118257917
2019-10-11,31.084256244291552
2019-10-12,11.269085887906332
2019-10-13,9.968471021839097
2019-10-14,41.49503295325991
2019-10-15,33.13106515366181
2019-10-16,37.08788090669205
2019-10-17,35.40420670597277
2019-10-18,35.56996632213138
2019-10-19,38.60320764485242
2019-10-20,35.84492992540673
2019-10-21,38.238272703674866
2019-10-22,43.58492376723961
2019-10-23,33.560021076829166
2019-10-24,24.966948504815733
2019-10-25,46.747353250802384
2019-10-26,9.12283610876278
2019-10-27,30.986847241963527
2019-10-28,40.80006775378567
2019-10-29,34.781176908246394
2019-10-30,35.47266372353544
2019-10-31,40.256690771277995
2019-11-01,35.825917753038475
2019-11-02,34.61979980596207
2019-11-03,35.25670050574747
2019-11-04,31.108247447086907
2019-11-05,32.90309918292192
2019-11-06,57.90332050621388
2019-11-07,36.836905441941845
2019-11-08,49.78282988737753
2019-11-09,50.0507325882207
2019-11-10,11.781078361540803
2019-11-11,41.020968056639155
2019-11-12,40.83769886968775
2019-11-13,43.008908556432736
2019-11-14,43.02609930843064
2019-11-15,51.142467752092124
2019-11-16,50.5602236720572
2019-11-17,33.57129018130296
2019-11-18,30.766580329332346
2019-11-19,26.998436483055663
2019-11-20,46.77831940767936
2019-11-21,32.93892444071679
2019-11-22,48.44259808621012
2019-11-23,7.57194536235105
2019-11-24,7.1198273280637565
2019-11-25,27.504159891867047
2019-11-26,40.292319800272786
2019-11-27,25.050631524759616
2019-11-28,32.46333650986653
2019-11-29,42.02404151725784
2019-11-30,49.2969664464044
2019-12-01,35.73909613745038
2019-12-02,41.35991572778506
2019-12-03,46.816515285495136
2019-12-04,57.29422664911224
2019-12-05,50.72602272567858
2019-12-06,96.27762975944228
2019-12-07,46.61178698825374
2019-12-08,67.05499703633902
2019-12-09,112.56597601964353
2019-12-10,63.261194224315595
2019-12-11,49.15991091710451
2019-12-12,58.04555140816952
2019-12-13,48.03271673167018
2019-12-14,40.064106372512406
2019-12-15,40.248007674663675
2019-12-16,34.26157828161975
2019-12-17,26.4678805927032
2019-12-18,28.210876813115632
2019-12-19,27.072620144087793
2019-12-20,36.54504198039357
2019-12-21,53.40618855505758
2019-12-22,45.302274135183936
2019-12-23,43.319259902242436
2019-12-24,37.450070704969185
2019-12-25,44.36943601948305
2019-12-26,45.60705838837727
2019-12-27,40.43576074079152
2019-12-28,34.67295960568778
2019-12-29,31.809104890782628
2019-12-30,30.586997748494785
2019-12-31,44.38669618403519
2020-01-01,4.9262737637628495
2020-01-02,4.61753541156058
2020-01-03,26.534036512348482
2020-01-04,37.315130782578805
2020-01-05,7.359117997908193
2020-01-06,28.10862829732544
2020-01-07,37.004059387153326
2020-01-08,41.64720843898023
2020-01-09,41.38361609340343
2020-01-10,12.367468276726823
2020-01-11,35.969878593405646
2020-01-12,13.149330751955702
2020-01-13,43.9502346789267
2020-01-14,12.969590114438699
2020-01-15,32.192665109509534
2020-01-16,33.84655718128228
2020-01-17,28.40261607040093
2020-01-18,9.461683599904937
2020-01-19,32.22768636739493
2020-01-20,30.886283102700542
2020-01-21,26.245925214697156
2020-01-22,33.879389235577584
2020-01-23,4.383384089737574
2020-01-24,26.24976494790688
2020-01-25,4.162399560667622
2020-01-26,30.3273398053363
2020-01-27,28.543698688997168
2020-01-28,5.7923760322913616
2020-01-29,26.501259820129324
2020-01-30,8.208470853122645
2020-01-31,43.338214123075666
2020-02-01,11.688120747044207
2020-02-02,13.842907900733028
2020-02-03,40.25537235077263
2020-02-04,15.209600596483227
2020-02-05,14.42150614132155
2020-02-06,12.652451152580433
2020-02-07,40.080283830554485
2020-02-08,6.171459555989216
2020-02-09,38.400117869141255
2020-02-10,-2.12707734321679
2020-02-11,16.499793552264336
2020-02-12,16.327349161949762
2020-02-13,27.969743933605088
2020-02-14,26.63023994245764
2020-02-15,39.65069483896582
2020-02-16,25.07299196244004
2020-02-17,28.634246354550463
2020-02-18,46.922319485538885
2020-02-19,38.53846166148196
2020-02-20,7.040246831305375
2020-02-21,32.3052787772864
2020-02-22,7.203594782699745
2020-02-23,6.44424779469348
2020-02-24,30.188595438480565
2020-02-25,4.919036414615226
2020-02-26,32.65851298227089
2020-02-27,35.01733750301092
2020-02-28,55.26254536619354
2020-02-29,30.347885002364308
2020-03-01,1.0679897818947248
2020-03-02,23.8222485800855
2020-03-03,0.29632217691199614
2020-03-04,49.09838357893711
2020-03-05,25.195763962584657
2020-03-06,1.082423056051919
2020-03-07,33.85854150133011
2020-03-08,2.9022251749840997
2020-03-09,3.9164747429230173
2020-03-10,34.71975900791781
2020-03-11,53.0630904770983
2020-03-12,6.807873576219882
2020-03-13,47.93411494468995
2020-03-14,8.609347916094194
2020-03-15,9.472247618141228
2020-03-16,10.010300672958353
2020-03-17,10.22350708638187
2020-03-18,10.111866854037089
2020-03-19,9.675379975047218
2020-03-20,8.914046449447675
2020-03-21,7.827866280019663
2020-03-22,6.416839463479291
2020-03-23,5.310772241545983
2020-03-24,4.5096646041212125
2020-03-25,4.013516563364442
2020-03-26,3.8223281122217516
2020-03-27,3.9360992531183676
2020-03-28,4.3548299848712855
2020-03-29,5.078520307141643
2020-03-30,5.55703164247657
2020-03-31,5.790363986292026
2020-04-01,5.778517337596321
2020-04-02,5.543298141770958
2020-04-03,5.0847063928419685
2020-04-04,4.402742098083166
2020-04-05,3.4974052536707854
2020-04-06,2.8508874408051463
2020-04-07,2.463188661365069
2020-04-08,2.3343089146630085
2020-04-09,2.464248203139481
2020-04-10,2.853006524749487
2020-04-11,3.500583878643166
2020-04-12,4.406980267857334
2020-04-13,5.1324741963007
2020-04-14,5.677065659971259
2020-04-15,6.040754665869608
2020-04-16,6.223541209379059
2020-04-17,6.22542528992854
2020-04-18,6.046406912221422
2020-04-19,5.686486069574708
2020-04-20,5.5510058456866815
2020-04-21,5.639966243979266
2020-04-22,5.9533672567394875
2020-04-23,6.49120889061848
2020-04-24,7.253491141473732
2020-04-25,8.240214010551986
2020-04-26,9.451377499751647
2020-04-27,10.331347719885024
2020-04-28,10.880124670583958
2020-04-29,11.097708353764915
2020-04-30,10.984098766207724
2020-05-01,10.53929591227499
2020-05-02,9.740964050171307
2020-05-03,8.589103183768053
2020-05-04,7.6614274230750326
2020-05-05,6.957936765441348
2020-05-06,6.4786312124934
2020-05-07,6.223510762361922
2020-05-08,6.192575413132345
2020-05-09,6.385825167219418
2020-05-10,6.803260028797345
2020-05-11,6.947614085505411
2020-05-12,6.8188873361413425
2020-05-13,6.4170797813220855
2020-05-14,5.742191421366741
2020-05-15,4.7942222589775785
2020-05-16,3.5731722897101745
2020-05-17,2.0790415147280727
2020-05-18,0.9586778172068691
2020-05-19,0.2120812009136701
2020-05-20,-0.16074833483445028
2020-05-21,-0.15981079673551735
2020-05-22,0.2148938204110742
2020-05-23,0.9633655166235999
2020-05-24,2.0856042935124233
2020-05-25,3.146614284037594
2020-05-26,4.1463954902610896
2020-05-27,5.084947909802354
2020-05-28,5.9622715479553845
2020-05-29,6.778366402385243
2020-05-30,7.533232473130917
2020-05-31,8.226869759128686
2020-06-01,8.729223037133183
2020-06-02,9.06080729219258
2020-06-03,9.221622527978624
2020-06-04,9.211668742439283
2020-06-05,9.030945930739037
2020-06-06,8.679454097907364
2020-06-07,8.157193244224949
2020-06-08,7.676612974460776
2020-06-09,7.237713285071531
2020-06-10,6.840494182096753
2020-06-11,6.484955658035859
2020-06-12,6.171097720031084
2020-06-13,5.898920362920682
2020-06-14,5.668423590297223
2020-06-15,5.529907516639972
2020-06-16,5.4833721435544165
2020-06-17,5.528817465809188
2020-06-18,5.666243491387163
2020-06-19,5.895650213880847
2020-06-20,6.217037635853774
2020-06-21,6.630405753680913
2020-06-22,6.941269689283282
2020-06-23,7.149629434340702
2020-06-24,7.2554849961956025
2020-06-25,7.258836368285668
2020-06-26,7.159683554429352
2020-06-27,6.9580265506081345
2020-06-28,6.653865364994612
2020-06-29,6.405457928855966
2020-06-30,6.212804256982236
2020-07-01,6.075904333926724
2020-07-02,5.983597472518879
2020-07-03,5.935883666176027
2020-07-04,5.932762919176609
2020-07-05,5.974235227981833
2020-07-06,5.689647509393108
2020-07-07,5.07899975741591
2020-07-08,4.142291979034561
2020-07-09,2.879524169825573
2020-07-10,1.290696331143824
2020-07-11,-0.6241915390926236
2020-07-12,-2.8651394380134447
2020-07-13,-4.387863806430502
2020-07-14,-5.1923646395414575
2020-07-15,-5.278641948264329
2020-07-16,-4.6466957276633885
2020-07-17,66.4453482525013
2020-07-18,-1.228132692004984
2020-07-19,1.558484122638121
2020-07-20,3.8164507676233503
2020-07-21,5.545767242085311
2020-07-22,6.746433550562919
2020-07-23,7.4184496921671865
2020-07-24,7.5618156633787486
2020-07-25,7.176531468150602
2020-07-26,6.262597102672853
2020-07-27,5.623796460399706
2020-07-28,5.2601295339771
2020-07-29,5.171596327488822
2020-07-30,5.358196839830038
2020-07-31,5.81993107131114
2020-08-01,6.556799019984173
2020-08-02,7.568900391653576
2020-08-03,8.127366374612368
2020-08-04,8.232196968972792
2020-08-05,7.883392173213839
2020-08-06,7.080951985492419
2020-08-07,5.824876408458044
2020-08-08,4.115165446974914
2020-08-09,1.9518190939492275
2020-08-10,0.36456758795788957
2020-08-11,-0.6465890591598171
2020-08-12,-1.0816508575260722
2020-08-13,-0.9406177973822301
2020-08-14,-0.2234898863378878
2020-08-15,1.069732874569234
2020-08-16,2.939050491022261
2020-08-17,4.487387276942193
2020-08-18,5.714743232049712
2020-08-19,6.6211183546439365
2020-08-20,7.206512647763101
2020-08-21,7.470926106893037
2020-08-22,7.414358738266237
2020-08-23,7.036810537840037
2020-08-24,6.725832607218015
2020-08-25,6.481424949046014
2020-08-26,6.303587561963759
2020-08-27,6.192320447864207
2020-08-28,6.147623602165952
2020-08-29,6.169497030570585
2020-08-30,6.257940728475695
2020-08-31,6.270361620555877
2020-09-01,6.206759704714618
2020-09-02,6.0738863386991175
2020-09-03,5.871741523547107
2020-09-04,5.60032526011573
2020-09-05,5.2596375431131435
2020-09-06,4.849678374601574
2020-09-07,4.65769556894001
2020-09-08,4.683689124534841
2020-09-09,4.927659042099199
2020-09-10,5.389605313649035
2020-09-11,6.069527951526203
2020-09-12,6.9674269461858485
2020-09-13,8.083302303456705
2020-09-14,8.524435952813885
2020-09-15,8.290827895643403
2020-09-16,7.382478131525849
2020-09-17,5.799386663161016
2020-09-18,3.541553485761443
2020-09-19,0.6089786011374763
2020-09-20,-2.9983379926951974
2020-09-21,-5.5359258203518165
2020-09-22,-7.003784883871974
2020-09-23,-7.401915185232446
2020-09-24,80.53093110828296
2020-09-25,-4.988989495711188
2020-09-26,-2.177933505297413
2020-09-27,1.7028512482661178
2020-09-28,4.894948156263959
2020-09-29,7.398357216356125
2020-09-30,9.21307842985236
2020-10-01,10.339111794344161
2020-10-02,10.766615110929271
2020-10-03,10.495588377303026
2020-10-04,9.526031592514752
2020-10-05,8.573745183386954
2020-10-06,7.638729149657626
2020-10-07,6.720983489962785
2020-10-08,5.820508207316834
2020-10-09,4.937303302221012
2020-10-10,4.0713687653996935
2020-10-11,3.2227046095268306
2020-10-12,2.532089077691444
2020-10-13,1.999522179687744
2020-10-14,1.6250039086808763
2020-10-15,1.4085342651879795
2020-10-16,1.3501132548257848
2020-10-17,1.4497408704335188
2020-10-18,1.707417114336022
2020-10-19,1.9178223069549167
2020-10-20,2.080956438305742
2020-10-21,2.1968195161733877
2020-10-22,2.2654115363003564
2020-10-23,2.2867325022396834
2020-10-24,2.260782410944002
2020-10-25,2.1875612656970875
2020-10-26,2.1201732095642987
2020-10-27,2.0586182476477832
2020-10-28,2.0028963778956017
2020-10-29,1.9530076049925342
2020-10-30,1.9089519192951019
2020-10-31,1.8707293267714427
2020-11-01,1.838339828689616
2020-11-02,1.8044646874450896
2020-11-03,1.7691039020525579
2020-11-04,1.7322574739658534
2020-11-05,1.6939253960119758
2020-11-06,1.6541076789222995
2020-11-07,1.61280432068456
2020-11-08,1.5700153108561739
2020-11-09,1.5292930810083663
2020-11-10,1.490637630145096
2020-11-11,1.4540489546792879
2020-11-12,1.4195270593258646
2020-11-13,1.3870719410291374
2020-11-14,1.356683599495868
2020-11-15,1.3283620361205122
2020-11-16,1.301188439896841
2020-11-17,1.2751628117524145
2020-11-18,1.2502851484429565
2020-11-19,1.2265554483746235
2020-11-20,1.2039737172880831
2020-11-21,1.1825399527240568
2020-11-22,1.162254152113281
2020-11-23,1.143353994977975
2020-11-24,1.1258394769269993
2020-11-25,1.1097106060387913
2020-11-26,1.0949673776408693
2020-11-27,1.0816097919296057
2020-11-28,1.0696378467951524
2020-11-29,1.0590515430528522
2020-11-30,1.0497892788027001
2020-12-01,1.0418510562933845
2020-12-02,1.0349890176855925
2020-12-03,1.0292031644020536
2020-12-04,1.0244934993219967
2020-12-05,1.0208600192111175
2020-12-06,1.0183027262880762
2020-12-07,1.0168380523321754
2020-12-08,1.01646599659963
2020-12-09,1.0171865622995355
2020-12-10,1.018999745785321
2020-12-11,1.0219055464414075
2020-12-12,1.0259039661691611
2020-12-13,1.030995007547177
2020-12-14,1.0371724783211778
2020-12-15,1.044436384252314
2020-12-16,1.0527867187710496
2020-12-17,1.0622234865127296
2020-12-18,1.0727466874003255
2020-12-19,1.0843563239279383
2020-12-20,1.0970523869399966
2020-12-21,1.1108439767055605
2020-12-22,1.1257310923721557
2020-12-23,1.141713735987897
2020-12-24,1.1587919031637797
2020-12-25,1.1769655968940427
2020-12-26,1.1962348125660047
2020-12-27,1.2165995606706583
2020-12-28,1.238028504220639
2020-12-29,1.2605216466797335
2020-12-30,1.2840789857761368
2020-12-31,1.3087005249762131
2021-01-01,1.3343862619297684
2021-01-02,1.3556051792506976
2021-01-03,1.3723572684955405
2021-01-04,1.3847626666717665
2021-01-05,1.3928213657365318
2021-01-06,1.3965333724938205
2021-01-07,1.3958986818924073
2021-01-08,1.3909172952620557
2021-01-09,1.3815892109700845
2021-01-10,1.3679144332964688
2021-01-11,1.349428768615581
2021-01-12,1.3261322219097065
2021-01-13,1.298024789949641
2021-01-14,1.265106474955807
2021-01-15,1.227377274097401
2021-01-16,1.1848371901882064
2021-01-17,1.1374862218370247
2021-01-18,1.0871190130169484
2021-01-19,1.0337355616743737
2021-01-20,0.9773358670167798
2021-01-21,0.9179199324571132
2021-01-22,0.8554877547389186
2021-01-23,0.7900393371927326
2021-01-24,0.7215746764626507
2021-01-25,0.6431550684673777
2021-01-26,0.5547805123441552
2021-01-27,0.4564510118661924
2021-01-28,0.34816656395567236
2021-01-29,0.22992716814284186
2021-01-30,0.10173282740932343
2021-01-31,-0.03641646045674296
2021-02-01,-0.15769318257553255
2021-02-02,-0.24950807185839885
2021-02-03,-0.31186112291519397
2021-02-04,-0.34475233744652733
2021-02-05,-0.34818172134098013
2021-02-06,-0.3221492665197232
2021-02-07,-0.26665497981323494
2021-02-08,-0.2854236408103281
2021-02-09,-0.37845525788324696
2021-02-10,-0.5457498242137904
2021-02-11,-0.7873073435972486
2021-02-12,-1.1031278135144547
2021-02-13,-1.4932112360857266
2021-02-14,-1.9575576077280252
2021-02-15,-2.0951296930471637
2021-02-16,-1.9059274914649538
2021-02-17,-1.3899510011323217
2021-02-18,-0.5472002267702489
2021-02-19,0.6223248367167171
2021-02-20,2.118624187125045
2021-02-21,3.941697825744451
2021-02-22,5.266615592267176
2021-02-23,6.093377484792889
2021-02-24,6.421983508580097
2021-02-25,6.252433655075023
2021-02-26,5.5847279346282646
2021-02-27,4.418866340118587
2021-02-28,2.75484887146139
2021-03-01,1.4176041981050895
2021-03-02,0.39448350625783224
2021-03-03,-0.3145131999113402
2021-03-04,-0.7093859265037383
2021-03-05,-0.790134666891626
2021-03-06,-0.5567594257277002
2021-03-07,-0.009260200957064146
2021-03-08,0.45133343306624596
2021-03-09,0.8250214809927021
2021-03-10,1.1118039349490414
2021-03-11,1.3116808008126912
2021-03-12,1.4246520773325924
2021-03-13,1.4507177616487064
2021-03-14,1.3898778583405256
2021-03-15,1.3458270180086926
2021-03-16,1.3185652395912153
2021-03-17,1.3080925256640779
2021-03-18,1.314408872471343
2021-03-19,1.337514284319926
2021-03-20,1.377408757566545
2021-03-21,1.4340922928821946
2021-03-22,1.4808540352793003
2021-03-23,1.5176939780895484
2021-03-24,1.5446121239716728
2021-03-25,1.5616084749862433
2021-03-26,1.5686830322204859
2021-03-27,1.5658357906585558
2021-03-28,1.5530667526968727
2021-03-29,1.536863553789463
2021-03-30,1.5172261962437417
2021-03-31,1.4941546809359978
2021-04-01,1.4676490047119066
2021-04-02,1.441906698542764
2021-04-03,1.4169277594082716
2021-04-04,1.3927121926400363
2021-04-05,1.3692093474078333
2021-04-06,1.346419223111504
2021-04-07,1.324341815150866
2021-04-08,1.302977129613542
2021-04-09,1.2823251650660263
2021-04-10,1.2623859184907147
2021-04-11,1.2431593937075376
2021-04-12,1.2183668879053746
2021-04-13,1.1880084000676874
2021-04-14,1.152083934254287
2021-04-15,1.1105934863865237
2021-04-16,1.0635370581765011
2021-04-17,1.0109146501358794
2021-04-18,0.9527262590326822
2021-04-19,0.9149221715600038
2021-04-20,0.8975023842352363
2021-04-21,0.9004668959767619
2021-04-22,0.9238157058700627
2021-04-23,0.967548821197505
2021-04-24,1.0316662319511587
2021-04-25,1.1161679453192987
2021-04-26,1.120287753593733
2021-04-27,1.0440256627369568
2021-04-28,0.8873816707634781
2021-04-29,0.6503557805462519
2021-04-30,0.33294798737935816
2021-05-01,-0.06484170887711249
2021-05-02,-0.5417842939998909
2021-05-03,-0.7081694803027458
2021-05-04,-0.5639972589323472
2021-05-05,-0.10926764019112678
2021-05-06,0.656019380686649
2021-05-07,1.731863805833854
2021-05-08,3.118265633067805
2021-05-09,4.815224861366609
2021-05-10,5.987006046366826
2021-05-11,6.63360918434777
2021-05-12,6.755034279942533
2021-05-13,6.351281330099509
2021-05-14,5.422350337668665
2021-05-15,3.96824129498663
2021-05-16,1.988954212929964
2021-05-17,0.5290275642528952
2021-05-18,-0.411538646152676
2021-05-19,-0.832744425466184
2021-05-20,-0.7345897620633703
2021-05-21,-0.11707466979307979
2021-05-22,1.0198008627412634
2021-05-23,2.6760368290743886
2021-05-24,4.014233649031587
2021-05-25,5.034391317615435
2021-05-26,5.7365098381164605
2021-05-27,6.120589208875594
2021-05-28,6.186629430526154
2021-05-29,5.934630502117656
2021-05-30,5.364592426910188
2021-05-31,4.970344172476467
2021-06-01,4.751885741961169
2021-06-02,4.708078727810674
2021-06-03,4.838923122918054
2021-06-04,5.144418933059307
2021-06-05,5.624566158084011
2021-06-06,6.279364793412548
2021-06-07,6.619124867536162
2021-06-08,6.643846381629082
2021-06-09,6.353529334181765
2021-06-10,5.748173726205096
2021-06-11,4.827779556910603
2021-06-12,3.5923468261836407
2021-06-13,2.0418755369862343
2021-06-14,0.8174955196116489
2021-06-15,-0.08079322943345435
2021-06-16,-0.6529907021314751
2021-06-17,-0.899096902669914
2021-06-18,-0.8191118329061577
2021-06-19,-0.41303548835237747
2021-06-20,0.31913212366309374
2021-06-21,0.7298590233373137
2021-06-22,0.8191452105408636
2021-06-23,0.586990676296451
2021-06-24,0.03339542792592809
2021-06-25,-0.841640536608669
2021-06-26,-2.0381172156879135
2021-06-27,-3.5560346108850607
2021-06-28,-4.478755039451877
2021-06-29,76.05581114642945
2021-06-30,-4.538605016038639
2021-07-01,-3.6757345570126994
2021-07-02,-2.223478135114825
2021-07-03,-0.1818357532337549
2021-07-04,2.4491925886539176
2021-07-05,4.58243468906949
2021-07-06,6.2178905464536145
2021-07-07,7.3555601620737985
2021-07-08,7.99544353648096
2021-07-09,8.137540667432425
2021-07-10,7.78185155393317
2021-07-11,6.928376201279473
2021-07-12,6.135820411786388
2021-07-13,5.404184184875099
2021-07-14,4.733467520451988
2021-07-15,4.1236704201836085
2021-07-16,3.5747928819244645
2021-07-17,3.0868349084007116
2021-07-18,2.659796492329895
2021-07-19,2.5511540317724775
2021-07-20,2.7609075140701727
2021-07-21,3.2890569481818304
2021-07-22,4.135602329002639
2021-07-23,5.300543657365525
2021-07-24,6.783880935693521
2021-07-25,8.585614162211666
2021-07-26,10.109762558915467
2021-07-27,11.356326131722108
2021-07-28,12.325304874630795
2021-07-29,13.016698789563131
2021-07-30,13.430507876393339
2021-07-31,13.566732127673436
2021-08-01,13.425371571219939
2021-08-02,12.337709941095746
2021-08-03,10.303747249346719
2021-08-04,7.323483494750191
2021-08-05,3.396918678385722
2021-08-06,-1.4759472016242245
2021-08-07,-7.295114147743503
2021-08-08,-14.060582154769332
2021-08-09,-18.65779033600871
2021-08-10,50.93735278087844
2021-08-11,51.5492767232941
2021-08-12,-19.439855946675333
2021-08-13,-15.364024837329328
2021-08-14,-9.11993390029605
2021-08-15,-0.7075831393133107
2021-08-16,5.7160686078415
2021-08-17,10.151021350738903
2021-08-18,12.597275087235445
2021-08-19,13.054829818552253
2021-08-20,11.523685539440756
2021-08-21,8.003842252315417
2021-08-22,2.495299957733293
2021-08-23,-1.9442174112778918
2021-08-24,-5.31470986242329
2021-08-25,-7.616177396744082
2021-08-26,-8.848620006096763
2021-08-27,-9.012037700258462
2021-08-28,79.15481736101545
2021-08-29,78.51161207427207
2021-08-30,-4.1915485311501985
2021-08-31,-2.2856810916180583
2021-09-01,-0.4141960037733332
2021-09-02,1.3924468927117246
2021-09-03,3.1342475998623502
2021-09-04,4.811206116748123
2021-09-05,6.423322445723025
2021-09-06,7.670866614545746
2021-09-07,8.553838621233378
2021-09-08,9.072238470123754
2021-09-09,9.226066154534688
2021-09-10,9.015321683277755
2021-09-11,8.440005048873982
2021-09-12,7.500116252891573
2021-09-13,6.788873423565181
2021-09-14,6.3062765564779255
2021-09-15,6.052325652756097
2021-09-16,6.0270207177931425
2021-09-17,6.230361744463138
2021-09-18,6.662348733439997
2021-09-19,7.322981689816454
2021-09-20,7.9071192460290245
2021-09-21,8.414761402122995
2021-09-22,8.84590815853668
2021-09-23,9.200559515988276
2021-09-24,9.478715473552791
2021-09-25,9.680376033904551
2021-09-26,9.805541195189422
2021-09-27,9.920372536492245
2021-09-28,10.024870061599195
2021-09-29,10.119033771153855
2021-09-30,10.202863661718085
2021-10-01,10.276359735804904
2021-10-02,10.365161318826505
2021-10-03,10.469268408738422
2021-10-04,10.374974532558102
2021-10-05,10.082279689902533
2021-10-06,9.591183879127335
2021-10-07,8.90168710448609
2021-10-08,8.01378936098228
2021-10-09,6.927490649980145
2021-10-10,5.642790972729677
2021-10-11,4.715358977644794
2021-10-12,4.145194658069791
2021-10-13,3.932298016510419
2021-10-14,4.076669054370539
2021-10-15,4.578307772004468
2021-10-16,5.437214168225916
2021-10-17,6.653388241093465
2021-10-18,7.513769878337536
2021-10-19,8.018359078625277
2021-10-20,8.167155843536392
2021-10-21,7.960160173110857
2021-10-22,7.397372064286557
2021-10-23,6.478791520444755
2021-10-24,5.20441854133259
2021-10-25,4.427881140628301
2021-10-26,4.149179317645329
2021-10-27,4.3683130724360755
2021-10-28,5.085282408658614
2021-10-29,6.300087321256278
2021-10-30,8.01272780948567
2021-10-31,10.22320387767792
2021-11-01,11.820768363568071
2021-11-02,12.793676336810666
2021-11-03,13.141927795071302
2021-11-04,12.865522738328233
2021-11-05,11.964461169927796
2021-11-06,10.438743092568622
2021-11-07,8.28836849882975
2021-11-08,6.695429008552353
2021-11-09,5.659924619376142
2021-11-10,5.18185533140373
2021-11-11,5.261221148889011
2021-11-12,5.898022067384822
2021-11-13,7.092258086713131
2021-11-14,8.84392920861539
2021-11-15,9.878656444322875
2021-11-16,10.196439795938879
2021-11-17,9.797279256855354
2021-11-18,8.681174834336954
2021-11-19,6.848126524496465
2021-11-20,4.298134330183432
2021-11-21,1.0311982461525897
2021-11-22,-1.3577754857943418
2021-11-23,-2.868786867474988
2021-11-24,-3.5018358919107633
2021-11-25,-3.25692256673671
2021-11-26,61.43241594902468
2021-11-27,-0.13320886715518743
2021-11-28,2.7455915154016424
2021-11-29,5.14317567861986
2021-11-30,7.05954362577678
2021-12-01,8.494695351059772
2021-12-02,9.45277125086589
2021-12-03,9.93377132262485
2021-12-04,9.937695561142121
2021-12-05,9.46454396915198
2021-12-06,8.911255180355223
2021-12-07,8.277829196185646
2021-12-08,7.564266019552137
2021-12-09,6.770565643521387
2021-12-10,5.896728068523171
2021-12-11,4.942753299548707
2021-12-12,3.908641336016781
2021-12-13,3.3867831279791654
2021-12-14,3.3771786713752885
2021-12-15,3.879827968597499
2021-12-16,4.8947310220853275
2021-12-17,6.4218878327548365
2021-12-18,8.46129839435644
2021-12-19,11.012962712006725
2021-12-20,12.620394301365147
2021-12-21,13.283593164846977
2021-12-22,13.002559301218177
2021-12-23,11.77729271048442
2021-12-24,9.607793392297655
2021-12-25,6.494061347143632
2021-12-26,2.436096574706978
2021-12-27,-0.5311303945007424
2021-12-28,-2.407619562559364
2021-12-29,-3.1933709262877157
2021-12-30,-2.8883844911319674
2021-12-31,-1.49266025054412
2022-01-01,0.993801790314154
2022-01-02,4.560912602009504
2022-01-03,7.15056040372659
2022-01-04,8.762745198429716
2022-01-05,9.397466981043854
2022-01-06,9.05472575854384
2022-01-07,7.7345215237904865
2022-01-08,5.436854280749859
2022-01-09,2.1617240299639437
2022-01-10,-0.194567433620076
2022-01-11,-1.6320201154403717
2022-01-12,-2.1506340091675846
2022-01-13,-1.7504091217346165
2022-01-14,-0.4313454428099197
2022-01-15,1.806557018231529
2022-01-16,4.96329826647871
2022-01-17,7.408044569714112
2022-01-18,9.140795932072676
2022-01-19,10.161552354075706
2022-01-20,10.470313833354524
2022-01-21,10.067080368979804
2022-01-22,8.951851961842308
2022-01-23,7.12462861390216
2022-01-24,5.743565915165553
2022-01-25,4.80866386754399
2022-01-26,4.319922465442972
2022-01-27,4.27734171190383
2022-01-28,4.680921608441027
2022-01-29,5.530662156587859
2022-01-30,6.826563349869855
2022-01-31,7.783952461621391
2022-02-01,8.402829487927882
2022-02-02,8.699869747816264
2022-02-03,8.675073237718582
2022-02-04,8.328439957531302
2022-02-05,7.6599699089772875
2022-02-06,6.669663093881083
2022-02-07,5.912722888503328
2022-02-08,5.389149303407816
2022-02-09,5.0989423302366115
2022-02-10,5.042101973045685
2022-02-11,5.218628231217064
2022-02-12,5.6285211027918445
2022-02-13,6.271780587730486
2022-02-14,6.769747039851653
2022-02-15,61.733418057683295
2022-02-16,7.329800839163136
2022-02-17,7.391888184479775
2022-02-18,7.308682497884016
2022-02-19,7.080183775119701
2022-02-20,6.706392021311435
2022-02-21,6.23436263500583
2022-02-22,5.6640956211929945
2022-02-23,4.9955909786262485
2022-02-24,4.228848705151856
2022-02-25,3.363868803710462
2022-02-26,2.4006512755708096
2022-02-27,1.3391961127565501
2022-02-28,0.9694888929179832
2022-03-01,1.2915296150920286
2022-03-02,2.2865177957053433
2022-03-03,3.9544534370877757
2022-03-04,6.295336536482294
2022-03-05,9.3091670894811
2022-03-06,12.995945106591432
2022-03-07,15.5211169997559
2022-03-08,16.884682770436072
2022-03-09,17.086642420965198
2022-03-10,16.126995948904607
2022-03-11,14.005743352208217
2022-03-12,10.722884638009408
2022-03-13,89.54019377302892
2022-03-14,2.8808189899294057
2022-03-15,0.5300822108846361
2022-03-16,-0.7737905430784053
2022-03-17,-1.0307992688022685
2022-03-18,-0.24094396611521063
2022-03-19,1.595775360359318
2022-03-20,4.47935871575783
2022-03-21,6.62229263233696
2022-03-22,8.024577104268248
2022-03-23,8.686212143904882
2022-03-24,8.607197741298226
2022-03-25,7.787533898610424
2022-03-26,6.227220614569315
2022-03-27,3.926257896865973
2022-03-28,2.298043239282288
2022-03-29,1.342576651309349
2022-03-30,1.059858123523993
2022-03-31,1.4498876626111876
2022-04-01,2.512665269363554
2022-04-02,75.6748809715809
2022-04-03,6.710171349863982
2022-04-04,8.519996520163534
2022-04-05,9.695568674669069
2022-04-06,10.236887811347918
2022-04-07,10.143953934764589
2022-04-08,9.416767042479794
2022-04-09,8.055327130200629
2022-04-10,6.059634206010047
2022-04-11,4.330091875139777
2022-04-12,2.8667001383412245
2022-04-13,1.6694589974817156
2022-04-14,0.7383684497041916
2022-04-15,0.07342849782540384
2022-04-16,-0.3253608588208543
2022-04-17,-0.45799962204502087
2022-04-18,-0.2939864716176963
2022-04-19,0.16667859081460712
2022-04-20,0.9239955632134418
2022-04-21,1.97796444789223
2022-04-22,3.328585245751402
2022-04-23,4.975857957372579
2022-04-24,6.919782579722829
2022-04-25,8.174306584313731
2022-04-26,8.739429980500239
2022-04-27,61.91723164115031
2022-04-28,7.80147492223788
2022-04-29,6.298396475343166
2022-04-30,4.105917407535005
2022-05-01,1.2240377311628166
2022-05-02,-1.1036106313939236
2022-05-03,-2.877027679808794
2022-05-04,-4.096213409366058
2022-05-05,74.35569687650926
2022-05-06,-4.871890922376721
2022-05-07,-4.428382703255091
2022-05-08,-3.430643172763043
2022-05-09,-2.443790697943154
2022-05-10,79.03067583638884
2022-05-11,-0.5027469378260463
2022-05-12,0.45144435258017523
2022-05-13,1.394748581232962
2022-05-14,2.327165749111856
2022-05-15,3.248695856589265
2022-05-16,4.007924432822742
2022-05-17,4.604851475987834
2022-05-18,5.039476990705367
2022-05-19,5.311800967986882
2022-05-20,5.421823416058716
2022-05-21,5.369544334364205
2022-05-22,73.75572932158613
2022-05-23,49.617398421940045
2022-05-24,4.0389066011187005
2022-05-25,3.1374300983818824
2022-05-26,2.0069883012294607
2022-05-27,0.6475812065730739
2022-05-28,-0.9407911801635276
2022-05-29,-2.7581288676011644
2022-05-30,-3.832261140013207
2022-05-31,49.06617317507567
2022-06-01,-3.7509094440909543
2022-06-02,-2.6102608423937435
2022-06-03,-0.7412421989141738
2022-06-04,1.85614649540456
2022-06-05,5.181905233814697
2022-06-06,7.7355065214826295
2022-06-07,9.51695035958112
2022-06-08,10.526236740847429
2022-06-09,10.763365670375642
2022-06-10,10.22833714848202
2022-06-11,8.92115117501563
2022-06-12,6.841807745630354
2022-06-13,5.296948478529104
2022-06-14,4.286573369961718
2022-06-15,3.8106824223896227
2022-06-16,3.8692756361271226
2022-06-17,4.462353006458002
2022-06-18,5.589914539153504
2022-06-19,7.251960232871693
2022-06-20,8.5762949365235
2022-06-21,9.562918649677695
2022-06-22,10.211831377741671
2022-06-23,10.523033114451884
2022-06-24,10.496523864255732
2022-06-25,10.132303625841061
2022-06-26,9.4303723944202
2022-06-27,8.808131160304686
2022-06-28,8.265579920657654
2022-06-29,7.802718676233194
2022-06-30,7.419547422241526
2022-07-01,7.116066164044883
2022-07-02,6.89759851024152
2022-07-03,6.764144463690709
2022-07-04,6.747890645366615
2022-07-05,6.848837066875415
2022-07-06,7.066983728065597
2022-07-07,7.402330623554791
2022-07-08,7.85487775361683
2022-07-09,8.424625121353012
2022-07-10,9.111572724952858
2022-07-11,9.282883745647723
2022-07-12,8.9385581813208
2022-07-13,8.078596027304965
2022-07-14,6.702997292205502
2022-07-15,4.811761972471556
2022-07-16,2.404890062909802
2022-07-17,-0.5176184285753536
2022-07-18,-2.5210444147848126
2022-07-19,-3.605387893131302
2022-07-20,-3.770648863416849
2022-07-21,-3.016827331528179
2022-07-22,-1.3439232895524125
2022-07-23,1.248063255930922
2022-07-24,4.759132310915301
2022-07-25,7.127877959877679
2022-07-26,8.354300206618309
2022-07-27,8.438399047511524
2022-07-28,7.380174485608142
2022-07-29,5.179626524182862
2022-07-30,1.836755154672951
2022-07-31,-2.648439616897929
2022-08-01,80.84061432299588
2022-08-02,-7.947518119093322
2022-08-03,-8.756165288865311
2022-08-04,-8.337551068271368
2022-08-05,-6.691675467021824
2022-08-06,-3.81853847579191
2022-08-07,0.2818599006076914
2022-08-08,3.410877283290322
2022-08-09,5.568513672654242
2022-08-10,6.754769063638258
2022-08-11,6.969643459589915
2022-08-12,6.213136860779094
2022-08-13,4.485249268630115
2022-08-14,1.7859806778714429
2022-08-15,-0.21184946149328
2022-08-16,-1.508241154731472
2022-08-17,53.74400421709473
2022-08-18,-1.996709185349931
2022-08-19,-1.1887855271423673
2022-08-20,0.3205765799831344
2022-08-21,2.5313771382433377
2022-08-22,4.2445044720931655
2022-08-23,5.459958583645692
2022-08-24,6.1777394683302305
2022-08-25,6.3978471294609225
2022-08-26,6.120281565854407
2022-08-27,5.345042779388788
2022-08-28,4.072130767603046
2022-08-29,3.094273643592297
2022-08-30,2.411471401901256
2022-08-31,2.023724047788482
2022-09-01,1.931031576810442
2022-09-02,2.134646810479463
2022-09-03,2.634569742969674
2022-09-04,3.4308003802350235
2022-09-05,4.216257495423749
2022-09-06,4.990941091625194
2022-09-07,5.754851166295731
2022-09-08,6.5079877243138196
2022-09-09,7.250350761739147
2022-09-10,7.981940280629459
2022-09-11,8.7027562756107
2022-09-12,9.16533207226126
2022-09-13,9.369667663361973
2022-09-14,9.315763050510235
2022-09-15,9.003618237205737
2022-09-16,8.43323321993567
2022-09-17,7.6046079986779205
2022-09-18,6.517742575067876
2022-09-19,5.643797997111179
2022-09-20,4.982774262405773
2022-09-21,4.5346713737357724
2022-09-22,4.299489328532866
2022-09-23,4.277228129813228
2022-09-24,4.467887777476218
2022-09-25,4.871468267072682
2022-09-26,5.279884740947264
2022-09-27,5.693137198958
2022-09-28,6.111225645818074
2022-09-29,6.5341500758089595
2022-09-30,6.961910490659417
2022-10-01,7.394506887747429
2022-10-02,7.819837379061562
2022-10-03,7.873581993894793
2022-10-04,7.555740724308895
2022-10-05,6.8663135710517365
2022-10-06,5.8053005358793754
2022-10-07,4.372701621978544
2022-10-08,2.5685168218009418
2022-10-09,0.39274614364210336
2022-10-10,-1.5478448787731667
2022-10-11,55.21177980557466
2022-10-12,-4.723487944668242
2022-10-13,-5.9585399906767424
2022-10-14,-6.958412379963989
2022-10-15,-7.723105108907932
2022-10-16,-8.25261818088408
2022-10-17,-8.3301512023108355
2022-10-18,-7.955704173317718
2022-10-19,-7.129277095424026
2022-10-20,-5.850869968575369
2022-10-21,-4.120482792286362
2022-10-22,85.32313226596256
2022-10-23,0.6962317126779825
2022-10-24,2.781051622485177
2022-10-25,4.316344166365412
2022-10-26,5.302109342295538
2022-10-27,5.738347151917
2022-10-28,5.6250575945976955
2022-10-29,4.962240671293488
2022-10-30,3.749896379926203
2022-10-31,2.863940306545425
2022-11-01,2.3043724418853824
2022-11-02,2.092109097963336
2022-11-03,2.2271502711410296
2022-11-04,2.7094959676587695
2022-11-05,3.539146180733189
2022-11-06,4.71610091714966
2022-11-07,5.579240061421235
2022-11-08,6.128563624220623
2022-11-09,6.3640715966191514
2022-11-10,6.2857639866409745
2022-11-11,5.893640786412332
2022-11-12,5.187702001760835
2022-11-13,4.167947629923702
2022-11-14,3.4951923111926
2022-11-15,3.16943603602496
2022-11-16,3.1906788186064947
2022-11-17,3.5589206462014413
2022-11-18,4.274161526217176
2022-11-19,5.336401457914308
2022-11-20,6.745640442496413
2022-11-21,7.809393597481883
2022-11-22,8.52766092966329
2022-11-23,8.90044243159703
2022-11-24,8.927738111003986
2022-11-25,8.609547965477217
2022-11-26,7.945871992770056
2022-11-27,6.936710193825479
2022-11-28,6.074828696774085
2022-11-29,5.360227497938323
2022-11-30,4.792906602907194
2022-12-01,4.372866008933846
2022-12-02,4.07075216282087
2022-12-03,3.8865650688846447
2022-12-04,3.820304725853031
2022-12-05,4.0197835248259866
2022-12-06,4.485001465313981
2022-12-07,5.215958547436641
2022-12-08,6.212654772456065
2022-12-09,7.475090137984621
2022-12-10,9.003264645722354
2022-12-11,10.797178297039626
2022-12-12,12.118069191395477
2022-12-13,12.965937335385178
2022-12-14,13.340782718793191
2022-12-15,13.242605349185443
2022-12-16,12.671405226725316
2022-12-17,11.627182351101165
2022-12-18,10.109936717795295
2022-12-19,8.555802318833383
2022-12-20,6.9647791523780995
2022-12-21,5.3368672269850315
2022-12-22,3.6720665327864355
2022-12-23,1.970377070986733
2022-12-24,0.23179884269373296
2022-12-25,-1.5436681472120233
2022-12-26,-2.812594540220388
2022-12-27,-3.5749803294002467
2022-12-28,-3.830825524377605
2022-12-29,-3.5801301120735376
2022-12-30,-2.8228941022384397
2022-12-31,-1.5591174904122642
2023-01-01,0.2111997197183939
2023-01-02,1.6546143309893875
2023-01-03,2.771126342129051
2023-01-04,3.5607357536709987
2023-01-05,4.023442562194319
2023-01-06,4.159246774208416
2023-01-07,3.9681483805380164
2023-01-08,3.4501473932113207
2023-01-09,3.0102367206575025
2023-01-10,2.648416363500189
2023-01-11,2.3646863242259766
2023-01-12,2.15904660461824
2023-01-13,2.031497197993712
2023-01-14,1.9820381091108068
2023-01-15,2.0106693367690216
2023-01-16,2.2262714995750326
2023-01-17,2.628844598844278
2023-01-18,3.2183886264273553
2023-01-19,3.9949035911404938
2023-01-20,4.9583894894132
2023-01-21,6.108846324238549
2023-01-22,7.4462740924580775
2023-01-23,8.348012090970379
2023-01-24,8.814060322421538
2023-01-25,8.844418790143445
2023-01-26,8.439087484003952
2023-01-27,7.598066413727064
2023-01-28,6.321355571062907
2023-01-29,4.608954963731063
2023-01-30,2.954845882531031
2023-01-31,1.3590283368608063
2023-02-01,-0.17849768478659822
2023-02-02,-1.717943468697631
2023-02-03,-3.2593090216340683
2023-02-04,-4.802594340263621
2023-02-05,43.72673201961006
2023-02-06,-7.117927618045897
2023-02-07,-7.112978916632917
2023-02-08,-6.332953316308567
2023-02-09,-4.777850820246222
2023-02-10,-2.4476714295528272
2023-02-11,0.6575848552417076
2023-02-12,4.537918039314408
2023-02-13,7.533842093644311
2023-02-14,9.64535701925834
2023-02-15,10.87246281414349
2023-02-16,11.21515948287937
2023-02-17,10.673447021763057
2023-02-18,9.247325435847113
2023-02-19,6.936794716227542
2023-02-20,4.923247530916534
2023-02-21,3.2066838728429996
2023-02-22,1.7871037443089872
2023-02-23,0.6645071482877216
2023-02-24,-0.16110592126163148
2023-02-25,-0.6897354639897397
2023-02-26,-0.9213814719364901
2023-02-27,-0.9711882339263394
2023-02-28,-0.8391557482787415
2023-03-01,-0.5252840128080338
2023-03-02,0.0308169155416671
2023-03-03,0.8291470343421548
2023-03-04,1.8697063502176912
2023-03-05,3.1524948564072854
2023-03-06,4.136422023058574
2023-03-07,4.821487849412242
2023-03-08,5.207692329816018
2023-03-09,5.295035468046362
2023-03-10,5.083517267055423
2023-03-11,4.5731377240846305
2023-03-12,3.763896839850463
2023-03-13,3.110804745819954
2023-03-14,2.613861446813928
2023-03-15,2.2730669408837443
2023-03-16,2.088421231455575
2023-03-17,2.0599243096438737
2023-03-18,2.187576180048678
2023-03-19,2.4713768477873845
2023-03-20,2.7511940868931184
2023-03-21,3.0270278907091406
2023-03-22,3.298878266420724
2023-03-23,3.566745211464509
2023-03-24,3.8306287307942544
2023-03-25,4.090528816510635
2023-03-26,4.346445472212364
2023-03-27,4.620211784734104
2023-03-28,4.911827752766659
2023-03-29,5.221293371984025
2023-03-30,5.54860864624914
2023-03-31,5.893773573462378
2023-04-01,6.25678815889481
2023-04-02,6.587532285596702
2023-04-03,6.69889363117178
2023-04-04,6.590872190220192
2023-04-05,6.263467973965865
2023-04-06,5.716680972076986
2023-04-07,4.950511192213895
2023-04-08,3.964958624789557
2023-04-09,2.7600232796179087
2023-04-10,1.68156558946884
2023-04-11,0.7295855557209379
2023-04-12,-0.09591682917346578
2023-04-13,-0.7949415548008671
2023-04-14,-1.3674886278105962
2023-04-15,-1.8135580432920624
2023-04-16,-2.133149805294268
2023-04-17,-2.0778381207766046
2023-04-18,-1.647622983877885
2023-04-19,-0.842504400566289
2023-04-20,0.3375176305086498
2023-04-21,1.8924431125503336
2023-04-22,3.8222720404889508
2023-04-23,6.127004419183159
2023-04-24,7.601355392434686
2023-04-25,8.245324958796497
2023-04-26,8.058913122388162
2023-04-27,7.042119877185157
2023-04-28,5.194945225496453
2023-04-29,2.5173891726644175
2023-04-30,-0.9905482916615203
2023-05-01,-3.581468491631771
2023-05-02,-5.200529088124547
2023-05-03,-5.847730086564595
2023-05-04,-5.523071478459325
2023-05-05,-4.226553273057563
2023-05-06,-1.9581754652973729
2023-05-07,1.2820619478170094
2023-05-08,3.37672573690827
2023-05-09,4.325815899109648
2023-05-10,4.129332442198631
2023-05-11,2.787275362808055
2023-05-12,0.2996446596193021
2023-05-13,-3.3335596668370826
2023-05-14,-8.112337615077642
2023-05-15,-10.769645253126985
2023-05-16,-11.305482579075193
2023-05-17,-9.719849594495575
2023-05-18,-6.0127463010951505
2023-05-19,-0.18417269607699893
2023-05-20,7.76587122461194
2023-05-21,17.83738545463654
2023-05-22,40.888817222217675
2023-05-23,29.79909269859368
2023-05-24,118.95053354317247
2023-05-25,30.85237165749176
2023-05-26,27.288350527569403
2023-05-27,20.997222327199175
2023-05-28,11.978987055347247
2023-05-29,4.709952552936105
2023-05-30,-0.8098811757543505
2023-05-31,-4.580514137354656
2023-06-01,-6.601946330600123
2023-06-02,-6.94022596962854
2023-06-03,-5.595353059837137
2023-06-04,-2.5673276000186607
2023-06-05,-0.12463798498925938
2023-06-06,1.7327157786641854
2023-06-07,3.0047336988475424
2023-06-08,3.6914157720282303
2023-06-09,3.792761995311103
2023-06-10,3.3087723733506937
2023-06-11,2.239446903485784
2023-06-12,1.6834243648689424
2023-06-13,1.6407047593879849
2023-06-14,2.1112880815093913
2023-06-15,3.0951743345795135
2023-06-16,4.592363524792011
2023-06-17,6.602855643395713
2023-06-18,9.126650694356464
2023-06-19,10.821487409189615
2023-06-20,11.687365791135887
2023-06-21,11.724285837763619
2023-06-22,10.93224755191635
2023-06-23,9.311250930146855
2023-06-24,6.861295974128962
2023-06-25,3.582382682585766
2023-06-26,1.1492941238294394
2023-06-27,-0.43796970756416
2023-06-28,-1.1794088089135335
2023-06-29,-1.07502318220534
2023-06-30,-0.12481282334123911
2023-07-01,1.671222261976986
2023-07-02,4.383506005733167
2023-07-03,6.555500061933284
2023-07-04,8.187204434829075
2023-07-05,9.278619124023068
2023-07-06,9.829744131486116
2023-07-07,9.840579448551146
2023-07-08,9.31112508622093
2023-07-09,8.241381038981746
2023-07-10,7.020436330014775
2023-07-11,5.648290962245618
2023-07-12,4.124944929932594
2023-07-13,2.450398238253051
2023-07-14,0.6246508843164431
2023-07-15,-1.352297134694183
2023-07-16,-3.4804458117682326
2023-07-17,-4.916257174352177
2023-07-18,-5.659731221373991
2023-07-19,-5.710867957351592
2023-07-20,-5.069667375989232
2023-07-21,-3.736129480692857
2023-07-22,-1.7102542693204335
2023-07-23,1.0079582562270373
2023-07-24,3.100661117724284
2023-07-25,4.567854315029312
2023-07-26,5.409537856286931
2023-07-27,5.625711733160206
2023-07-28,5.21637594493025
2023-07-29,4.181530496398182
2023-07-30,2.5211753856863
2023-07-31,1.2614445073898626
2023-08-01,0.40233786851715436
2023-08-02,-0.12312899760555807
2023-08-03,-0.3149560796208126
2023-08-04,-0.17314338166427712
2023-08-05,0.30230909806555095
2023-08-06,1.1114013603651522
2023-08-07,1.8900142623882739
2023-08-08,2.638147803432177
2023-08-09,3.3558019940143984
2023-08-10,4.042976824001428
2023-08-11,4.699672294942604
2023-08-12,5.325888411140108
2023-08-13,5.921625167522745
2023-08-14,6.112461379634288
2023-08-15,5.898397050479615
2023-08-16,5.279432176839629
2023-08-17,4.255566759042601
2023-08-18,2.8268007974650224
2023-08-19,0.9931342911268708
2023-08-20,-1.245432758668303
2023-08-21,-2.930818116961836
2023-08-22,-4.06302179419562
2023-08-23,-4.642043779731537
2023-08-24,48.56147710112378
2023-08-25,-4.140542685715017
2023-08-26,-3.060019606046504
2023-08-27,-1.4263148401925911
2023-08-28,0.03447650829070259
2023-08-29,1.3223544409846753
2023-08-30,2.43731895500149
2023-08-31,3.379370050328689
2023-09-01,4.148507731652891
2023-09-02,4.787064451921268
2023-09-03,5.295040211607471
2023-09-04,5.629471390083803
2023-09-05,5.790357983423932
2023-09-06,5.777699996357334
2023-09-07,5.591497429147531
2023-09-08,5.2317502746033675
2023-09-09,4.698458537657141
2023-09-10,3.991622216945946
2023-09-11,3.421987228352842
2023-09-12,2.98955356952529
2023-09-13,2.694321239358973
2023-09-14,2.5362902386709605
2023-09-15,2.515460568028953
2023-09-16,2.631832229711323
2023-09-17,2.885405219430231
2023-09-18,3.084418786167742
2023-09-19,3.2288729239020135
2023-09-20,3.318767639396361
2023-09-21,3.354102934354046
2023-09-22,3.3348788006977728
2023-09-23,3.261095240657923
2023-09-24,3.132752257343956
2023-09-25,2.713678487455489
2023-09-26,2.003873924483626
2023-09-27,1.0033385681128824
2023-09-28,-0.28792757665769386
2023-09-29,-1.8699245129479056
2023-09-30,-3.7426522396636965
2023-10-01,-5.906110760022344
2023-10-02,-7.491520377447587
2023-10-03,-8.498881093145025
2023-10-04,-8.928192907383673
2023-10-05,-8.779455824486394
2023-10-06,-8.05266983501888
2023-10-07,-6.747834944849908
2023-10-08,-4.8649511552785825
2023-10-09,-3.236827662533406
2023-10-10,-1.8634644685477824
2023-10-11,-0.744861572014841
2023-10-12,0.11898102334652627
2023-10-13,0.7280633226188442
2023-10-14,1.082385325342928
2023-10-15,1.1819470276335977
2023-10-16,1.635011599822736
2023-10-17,2.441579046178438
2023-10-18,3.6016493590786336
2023-10-19,5.115222547366297
2023-10-20,6.982298603911129
2023-10-21,9.202877533739404
2023-10-22,11.776959333918004
2023-10-23,13.523049311232647
2023-10-24,14.441147471025722
2023-10-25,14.531253809383752
2023-10-26,13.793368326477815
2023-10-27,12.227491025265753
2023-10-28,9.83362189974644
2023-10-29,6.611760956244961
2023-10-30,2.9170208014616748
2023-10-31,-1.2505985672060476
2023-11-01,-5.891097147648765
2023-11-02,-11.011306961058455
2023-11-03,-16.611228011460113
2023-11-04,-22.690860296567994
2023-11-05,-29.250203817219205
2023-11-06,-31.860203057359787
2023-11-07,-30.520858013580714
2023-11-08,-25.232168685523806
2023-11-09,-15.994135073842607
2023-11-10,-2.806757175568613
2023-11-11,14.32996500393672
2023-11-12,35.4160314709644
2023-11-13,49.98505488224356
2023-11-14,58.037035233244126
2023-11-15,59.571972525780346
2023-11-16,54.58986676072827
2023-11-17,43.09071793851635
2023-11-18,25.07452605691305
2023-11-19,0.5412911170304184
2023-11-20,-17.802790776358414
2023-11-21,-29.957719617000873
2023-11-22,-35.92349540834878
2023-11-23,-35.700118150224476
2023-11-24,-29.287587849116736
2023-11-25,-16.685904494720617
2023-11-26,2.1049319081743008
2023-11-27,16.084200916517737
2023-11-28,25.25190253182769
2023-11-29,29.608036754407536
2023-11-30,29.152603584195248
2023-12-01,23.885603023623673
2023-12-02,13.903108268719379
2023-12-03,-0.7948806756160565
2023-12-04,-12.421451129769487
2023-12-05,-20.976603099692973
2023-12-06,-26.4603365824714
2023-12-07,-28.87265157919531
2023-12-08,-28.213548089719467
2023-12-09,-24.483026113885725
2023-12-10,-17.68108565190782
2023-12-11,-9.995581757044597
2023-12-12,-1.4265144308625253
2023-12-13,8.026116334636562
2023-12-14,18.362310535575887
2023-12-15,29.582068171157694
2023-12-16,41.68538924242041
2023-12-17,54.672273754499145
2023-12-18,62.09424581281759
2023-12-19,63.95130542153792
2023-12-20,60.24345257629832
2023-12-21,50.97068727638697
2023-12-22,36.13300952395673
2023-12-23,15.73041931802807
2023-12-24,-10.237083347106598
2023-12-25,-29.12444308572023
2023-12-26,-40.93165989916293
2023-12-27,-45.658733787873686
2023-12-28,-43.30566475308925
2023-12-29,-33.87245279766191
2023-12-30,-17.359097913861504
2023-12-31,6.234399894167424
2024-01-01,24.063208184664234
2024-01-02,35.98519054004679
2024-01-03,42.000346959424846
2024-01-04,42.10867744581735
2024-01-05,36.3101819978724
2024-01-06,24.604860615010544
2024-01-07,6.992713295946519
2024-01-08,-6.501191925157915
2024-01-09,-15.876855051444881
2024-01-10,-21.13427608446374
2024-01-11,-22.27345502419093
2024-01-12,-19.294391869931104
2024-01-13,-12.197086617208214
2024-01-14,-0.9815392741988447
2024-01-15,7.608297453025365
2024-01-16,13.57242356454919
2024-01-17,16.910839062470743
2024-01-18,17.623543946137072
2024-01-19,15.710538218072035
2024-01-20,11.171821867419503
2024-01-21,4.00739490623587
2024-01-22,-2.1084878201642923
2024-01-23,-7.175826318681093
2024-01-24,-11.194620588023419
2024-01-25,-14.164870628066085
2024-01-26,-16.086576438712044
2024-01-27,-16.95973801701847
2024-01-28,-16.784355368607624
2024-01-29,-16.845843677426625
2024-01-30,-17.144202944632735
2024-01-31,-17.679433168146797
2024-02-01,-18.451534346151156
2024-02-02,-19.352565014872102
2024-02-03,-20.382525171116978
2024-02-04,-21.541414814032304
2024-02-05,-20.869686427584213
2024-02-06,-18.36734002068051
2024-02-07,-14.034375586580747
2024-02-08,-7.870793129259702
2024-02-09,0.12340735748032472
2024-02-10,9.948225869326322
2024-02-11,21.60366241220284
2024-02-12,29.972965594952765
2024-02-13,35.056135422071634
2024-02-14,36.85317189591054
2024-02-15,35.36407501548459
2024-02-16,30.58884477777739
2024-02-17,22.527481181507085
2024-02-18,11.179984231536881
2024-02-19,2.3512902815545154
2024-02-20,-3.958600671359271
2024-02-21,-7.749688623560836
2024-02-22,-9.021973582626707
2024-02-23,-7.7754555397118885
2024-02-24,-4.0101345018567365
2024-02-25,2.2739895353966872
2024-02-26,6.101893681390514
2024-02-27,7.473577934296451
2024-02-28,6.389042293484035
2024-02-29,2.848286765251679
2024-03-01,-3.148688654018457
2024-03-02,-11.674785636816313
2024-03-03,-22.730004181546562
2024-03-04,-29.028990995443376
2024-03-05,-30.57174608479855
2024-03-06,-27.35826943911963
2024-03-07,-19.388561068037312
2024-03-08,-6.662620968793416
2024-03-09,10.819550862856001
2024-03-10,33.05795442846622
2024-03-11,49.37318616595064
2024-03-12,59.765246082122175
2024-03-13,64.2341341739149
2024-03-14,62.779850443935366
2024-03-15,55.40239489216519
2024-03-16,42.101767516581745
2024-03-17,22.877968317091177
2024-03-18,6.30233935329608
2024-03-19,-7.625119372900393
2024-03-20,-18.90440786447773
2024-03-21,-27.535526123777025
2024-03-22,-33.51847415164379
2024-03-23,-36.85325195102598
2024-03-24,-37.53985951489693
2024-03-25,-35.26113468913606
2024-03-26,-30.01707747052044
2024-03-27,-21.807687862942217
2024-03-28,-10.63296586439074
2024-03-29,3.507088535832324
2024-03-30,20.612475328484596
2024-03-31,40.68319451761297
2024-04-01,54.83180458996304
2024-04-02,63.12361552202984
2024-04-03,65.55862731543263
2024-04-04,62.13683996428953
2024-04-05,52.85825346664852
2024-04-06,37.72286783381377
2024-04-07,16.73068305459983
2024-04-08,-0.4364477214084914
2024-04-09,-13.778524499854193
2024-04-10,-23.295547280179402
2024-04-11,-28.98751606102831
2024-04-12,-30.854430841888917
2024-04-13,-28.896291626935138
2024-04-14,-23.11309841295556
2024-04-15,-18.405937171339566
2024-04-16,-14.77480789662592
2024-04-17,-12.219710584699317
2024-04-18,-10.740645242198427
2024-04-19,-10.337611869901432
2024-04-20,-11.010610462148986
2024-04-21,-12.759641021816599
2024-04-22,-13.577789877241917
2024-04-23,-13.465057032088412
2024-04-24,-12.421442487608228
2024-04-25,-10.446946239599928
2024-04-26,-7.5415682860942255
2024-04-27,-3.7053086355560154
2024-04-28,1.061832722797316
2024-04-29,4.725293259556812
2024-04-30,7.285072980607778
2024-05-01,8.741171885824727
2024-05-02,9.01986430276723
2024-05-03,8.121150233792362
2024-05-04,6.045029677465342
2024-05-05,2.791502633952266
2024-05-06,0.1677052018120495
2024-05-07,-1.8263626302764369
2024-05-08,-3.1907008540444846
2024-05-09,-3.92530947070723
2024-05-10,-4.0301884859745964
2024-05-11,-3.505337889996939
2024-05-12,-2.3507576889904094
2024-05-13,-1.2916830448552323
2024-05-14,-0.3281139541916609
2024-05-15,0.5399495814203377
2024-05-16,1.3125075644238793
2024-05-17,1.9895599949987828
2024-05-18,2.5711068671070985
2024-05-19,3.0571481854226645
2024-05-20,3.3790122821476922
2024-05-21,3.53669915778638
2024-05-22,3.530208810664268
2024-05-23,3.3595412417223915
2024-05-24,3.024696446905007
2024-05-25,2.5256744344457083
2024-05-26,1.862475195842431
2024-05-27,1.1012066315604265
2024-05-28,0.24186874070242048
2024-05-29,-0.7155384792037314
2024-05-30,-1.7710150262692528
2024-05-31,-2.9245608990760834
2024-06-01,-4.176176096300197
2024-06-02,-5.4667616397742185
2024-06-03,-5.84186568938318
2024-06-04,-5.30148824739898
2024-06-05,-3.8456293169527127
2024-06-06,-1.4742888936634433
2024-06-07,1.812533020221542
2024-06-08,6.014836424834931
2024-06-09,11.132621321204548
2024-06-10,14.704019904301987
2024-06-11,16.729032181258347
2024-06-12,17.207658144949452
2024-06-13,16.13989779735411
2024-06-14,13.525751139744562
2024-06-15,9.365218172720391
2024-06-16,3.6582988934276557
2024-06-17,-0.9169512334498489
2024-06-18,-4.360532210552598
2024-06-19,-6.672444040671653
2024-06-20,-7.852686711574428
2024-06-21,-7.901260236639599
2024-06-22,-6.818164611851206
2024-06-23,-4.603399837739381
2024-06-24,-2.645182212261682
2024-06-25,-0.9435117411900222
2024-06-26,0.5016115798662941
2024-06-27,1.6901877447889255
2024-06-28,2.622216762700102
2024-06-29,3.2976986248305984
2024-06-30,3.716633337706904
2024-07-01,3.9137254409937583
2024-07-02,3.8547911593660116
2024-07-03,3.5398304889878185
2024-07-04,2.968843434112018
2024-07-05,2.141829993522249
2024-07-06,1.0587901640226285
2024-07-07,-0.2802760505102251
2024-07-08,-1.229336795058524
2024-07-09,-1.7883920670658737
2024-07-10,-1.9574418691660131
2024-07-11,-1.7364861981081896
2024-07-12,-1.1255250583648726
2024-07-13,-0.12455844826606288
2024-07-14,1.2664136333195515
2024-07-15,2.3381285921433665
2024-07-16,3.0905864246368644
2024-07-17,3.5237871330338066
2024-07-18,3.637730711059252
2024-07-19,3.4324171683959435
2024-07-20,2.9078465010738572
2024-07-21,2.0640187082502788
2024-07-22,1.3668557890583362
2024-07-23,0.8163577478512805
2024-07-24,0.41252458187065777
2024-07-25,0.1553562924718177
2024-07-26,0.044852878680802455
2024-07-27,0.08101434068766089
2024-07-28,0.26384067747308304
2024-07-29,0.45882711112887
2024-07-30,0.6659736436316654
2024-07-31,0.8852802738705758
2024-08-01,1.1167470020403698
2024-08-02,1.3763287206478605
2024-08-03,1.6640254371183891
2024-08-04,1.9798371412959694
2024-08-05,2.0967604049619375
2024-08-06,2.0147952235334
2024-08-07,1.7339415949458816
2024-08-08,1.2541995249527957
2024-08-09,0.5755690126835695
2024-08-10,-0.30194994654002105
2024-08-11,4.251400576183477
2024-08-12,-2.1989565903853423
2024-08-13,-0.0787861968541943
2024-08-14,-3.07273058158231
2024-08-15,-3.1259053386631828
2024-08-16,-2.9232719320149103
2024-08-17,-2.464830364402185
2024-08-18,-1.7505806362156164
2024-08-19,-1.0186496254302524
2024-08-20,-0.2690373347116788
2024-08-21,0.4982562394580592
2024-08-22,1.2832310957080288
2024-08-23,5.3177852998982225
2024-08-24,2.906224648032004
2024-08-25,3.744243351106003
2024-08-26,4.211068100527165
2024-08-27,4.3066989004413
2024-08-28,4.031135747362799
2024-08-29,3.384378642772064
2024-08-30,2.3664275892170643
2024-08-31,0.9772825872731996
2024-09-01,-0.7830563719327106
2024-09-02,-2.1247168532377687
2024-09-03,-3.0476988653931816
2024-09-04,-3.5520023973991837
2024-09-05,-3.6376274627049536
2024-09-06,-3.304574053346232
2024-09-07,-2.5528421723133947
2024-09-08,-1.3824318154006168
2024-09-09,-0.45237847100246587
2024-09-10,0.23731786022262114
2024-09-11,0.6866571797018572
2024-09-12,2.496763305479469
2024-09-13,0.8642647903875282
2024-09-14,0.5925330806318154
2024-09-15,0.0804443578097338
2024-09-16,-0.41030158609488865
2024-09-17,-0.8797047456228118
2024-09-18,0.2881839115075451
2024-09-19,-1.75448272202925
2024-09-20,0.942764608364838
2024-09-21,-2.5438895734885225
2024-09-22,-0.20226628204586206
2024-09-23,-0.33149791618738256
2024-09-24,1.9342543548776732
2024-09-25,4.072640337465703
2024-09-26,5.725422417198221
2024-09-27,6.860938377995877
2024-09-28,13.489312784324289
2024-09-29,13.275423043496621
2024-09-30,17.939146613588793
2024-10-01,18.2342169200987
2024-10-02,18.61553379787601
2024-10-03,16.298089900815214
2024-10-04,15.800335616455499
2024-10-05,9.314950959802974
2024-10-06,17.38115275652221
2024-10-07,7.9442531791459405
2024-10-08,-2.3785913428936585
2024-10-09,2.1802206727713163
2024-10-10,6.666597704957706
2024-10-11,-2.22599219039569
2024-10-12,0.7275874992784139
2024-10-13,5.06510585525881
2024-10-14,4.933861482513212
2024-10-15,2.0315729591976392
2024-10-16,3.8199028789124547
2024-10-17,10.694930667234756
2024-10-18,5.489088841407435
2024-10-19,4.7201270770867705
2024-10-20,-6.836257430762378
2024-10-21,-2.089010679917255
2024-10-22,-3.1993068394210464
2024-10-23,-7.225875831043444
2024-10-24,-8.171238946962589
2024-10-25,-8.647663316472622
2024-10-26,-9.360664427086064
2024-10-27,-8.259751740375144
2024-10-28,-11.919265841794406
2024-10-29,-8.35532869159249
2024-10-30,-5.783425182650845
2024-10-31,-5.2377626969395
2024-11-01,4.005096553546164
2024-11-02,7.642116153419529
2024-11-03,11.36357715546243
2024-11-04,17.783867876558126
2024-11-05,15.021198408697128
2024-11-06,18.795148938419356
2024-11-07,19.124037159712433
2024-11-08,19.994258210082887
2024-11-09,13.966633762010233
2024-11-10,10.953790460538588
2024-11-11,1.505441835073384
2024-11-12,1.6052445690358788
2024-11-13,-2.981607048302209
2024-11-14,-7.744482771483822
2024-11-15,-6.6364356758007865
2024-11-16,-10.130754021582796
2024-11-17,-9.613193523439504
2024-11-18,-12.97469716840949
2024-11-19,-5.2152475294823315
2024-11-20,-7.590975249511237
2024-11-21,-5.142462314024021
2024-11-22,1.6740748279750015
2024-11-23,-6.405403947556739
2024-11-24,-6.4951918728140345
2024-11-25,-2.060657501915877
2024-11-26,-0.4976123144489346
2024-11-27,2.043624924870892
2024-11-28,0.7091137303969983
2024-11-29,-0.24134736466336904
2024-11-30,-2.202918967702077
2024-12-01,-1.9915647048467555
2024-12-02,-2.7109403018424825
2024-12-03,-2.3293907511921113
2024-12-04,-2.2457604812934218
2024-12-05,-2.2735369070983076
2024-12-06,-1.3202891368460943
2024-12-07,-1.9505652910494824
2024-12-08,-0.6130274874645085
2024-12-09,1.8459176069021321
2024-12-10,2.0705689972168138
2024-12-11,1.84931198805279
2024-12-12,2.520552400466295
2024-12-13,1.254138328962073
2024-12-14,5.2743475867862255
2024-12-15,7.077334642521764
2024-12-16,6.852765073048394
2024-12-17,3.0811784946302794
2024-12-18,9.088984717293329
2024-12-19,6.465415174736389
2024-12-20,0.6363974176021143
2024-12-21,3.843347487839509
2024-12-22,2.2428360291973632
2024-12-23,6.230257532827272
2024-12-24,1.0000943253748948
2024-12-25,-2.223815252167994
2024-12-26,0.4651088230378839
2024-12-27,1.8510774573665154
2024-12-28,-2.262811177878275
2024-12-29,-1.3801792942199542
2024-12-30,-0.7410948962436388
2024-12-31,0.8416698807960019
2025-01-01,12.747215146059174
2025-01-02,6.996714584305155
2025-01-03,3.2328531725441074
2025-01-04,0.7136134983499112
2025-01-05,2.6088939495028374
2025-01-06,-1.849853360532351
2025-01-07,3.956450116689769
2025-01-08,-0.6178084552883272
2025-01-09,-2.982119831873515
2025-01-10,1.3292480861003089
2025-01-11,-0.007011176933344743
2025-01-12,2.7740515361893774
2025-01-13,-1.6382269417944464
2025-01-14,-0.4277218438393877
2025-01-15,2.1671633637466154
2025-01-16,0.6260630757717696
2025-01-17,1.5272072285464802
2025-01-18,-1.3905214628940339
2025-01-19,-1.6755613587527405
2025-01-20,-1.9934731217237704
2025-01-21,1.2174268278299731
2025-01-22,3.7987509330297122
2025-01-23,-3.1444396433984556
2025-01-24,1.097947377211856
2025-01-25,-3.9557496703903503
2025-01-26,-3.2913613136772
2025-01-27,2.6870464894368755
2025-01-28,-1.8573979505944616
2025-01-29,-3.8389048681067193
2025-01-30,5.3391180991139
2025-01-31,-0.17694367801979372
2025-02-01,-1.2800805266395123
2025-02-02,0.2692423104052022
2025-02-03,0.06473973827691726
2025-02-04,1.5721067085771283
2025-02-05,1.3999131632800648
2025-02-06,3.7213155504176445
2025-02-07,1.7599961474626937
2025-02-08,6.707393308060408
2025-02-09,2.4377479300511
2025-02-10,2.1835588603984615
2025-02-11,0.34641819826487286
2025-02-12,0.04235805481297028
2025-02-13,2.0261954609291353
2025-02-14,-0.6357933448755757
2025-02-15,-0.9437775991691097
2025-02-16,-1.2987856802133928
2025-02-17,1.7808539014789035
2025-02-18,-1.4829429087347608
2025-02-19,-0.035718326967817404
2025-02-20,0.2002404896457568
2025-02-21,-0.7750664544570043
2025-02-22,1.1438542516767418
2025-02-23,0.3529260493388042
2025-02-24,0.6845369913088382
2025-02-25,0.718155140424666
2025-02-26,0.4537804956089939
2025-02-27,2.643498563460893
2025-02-28,-0.9689471780016419
2025-03-01,0.3890706616013766
2025-03-02,-3.554251924492296
2025-03-03,1.3345972076149817
2025-03-04,-4.5206649873633795
2025-03-05,-1.3949378317816077
2025-03-06,-3.705457896450932
2025-03-07,-3.718323641396717
2025-03-08,-3.9358349488805686
2025-03-09,-1.6748993902671359
2025-03-10,-1.686036760201354
2025-03-11,4.172389856830421
2025-03-12,10.838861917734091
2025-03-13,-2.2295156989279743
2025-03-14,-1.918552655535148
2025-03-15,-0.2926370981676296
2025-03-16,3.783336633234308
2025-03-17,1.8061235625120862
2025-03-18,1.9622313303604138
2025-03-19,2.833628646445298
2025-03-20,2.8141496842750335
2025-03-21,3.587305739606066
2025-03-22,2.859629013763156
2025-03-23,2.174972358010425
2025-03-24,1.7942214643769532
2025-03-25,3.335811447040376
2025-03-26,5.797644981845762
2025-03-27,3.3994221296606
2025-03-28,5.370471857795552
2025-03-29,3.970062731362267
2025-03-30,1.0588064830342852
2025-03-31,2.395723613033499
2025-04-01,7.137048332233339
2025-04-02,2.44417058655766
2025-04-03,0.7716502836325105
2025-04-04,0.5978243408757189
2025-04-05,0.37939466468195704
2025-04-06,0.11636125034024047
2025-04-07,1.310959486516861
2025-04-08,-0.36381465016604153
2025-04-09,3.491234428918858
2025-04-10,-0.7828026456120458
2025-04-11,-0.9693511731762365
2025-04-12,-1.1406027288784877
2025-04-13,-1.2965573062261155
2025-04-14,-1.3419078859480429
2025-04-15,-1.2766544658097132
2025-04-16,1.6077920915236037
2025-04-17,0.5598572606299328
2025-04-18,0.9569226819475114
2025-04-19,1.4645921052027004
2025-04-20,0.7086726457997292
2025-04-21,5.266300356513966
2025-04-22,1.3955464402220983
2025-04-23,1.4641468053584532
2025-04-24,4.959873681189716
2025-04-25,1.0516744808133458
2025-04-26,0.5706017907191585
2025-04-27,1.218503967843974
2025-04-28,-0.7269953934404585
2025-04-29,-1.329298632531497
2025-04-30,-1.900604971481334
2025-05-01,0.10685924722564977
2025-05-02,-2.8470199236634404
2025-05-03,-3.311409553313128
2025-05-04,-2.358341612320576
2025-05-05,-3.8561845632336507
2025-05-06,-3.903847335726585
2025-05-07,-2.6646871741795444
2025-05-08,-3.8063741370179702
2025-05-09,-1.454405943289217
2025-05-10,-3.1951852252275206
2025-05-11,-1.6715192682607043
2025-05-12,0.9672351003934434
2025-05-13,-1.9938182377748817
2025-05-14,-1.7504293434660525
2025-05-15,-1.585573832542881
2025-05-16,0.8316192107465881
2025-05-17,-1.4100191266694981
2025-05-18,-1.5040334304082794
2025-05-19,-0.06360985804689179
2025-05-20,-0.6733557137769104
2025-05-21,-0.03737706179198241
2025-05-22,1.8380873757144123
2025-05-23,2.4267303339337936
2025-05-24,6.420016753304825
2025-05-25,8.80746208058616
2025-05-26,7.321255186920437
2025-05-27,14.981734485221253
2025-05-28,7.815635995481577
2025-05-29,8.161202161938618
2025-05-30,6.552140726746474
2025-05-31,3.4312867516357244
2025-06-01,0.6029248896779738
2025-06-02,-1.6575029645055963
2025-06-03,-3.3499968057667147
2025-06-04,-4.474556632599254
2025-06-05,-5.031182444878363
2025-06-06,-2.7584559957238746
2025-06-07,-4.440632038083073
2025-06-08,-3.2934558198011237
2025-06-09,-2.2971476271534286
2025-06-10,3.7198047200157216
2025-06-11,0.11547713669717474
2025-06-12,-0.21343124525668955
2025-06-13,0.1794048197302338
2025-06-14,0.4213728501160787
2025-06-15,1.6627347588893642
2025-06-16,1.9712861137379623
2025-06-17,1.4924623418358767
2025-06-18,2.3813518276293717
2025-06-19,1.399728318938518
2025-06-20,1.6515699949627987
2025-06-21,2.016108852907289
2025-06-22,3.833660331512279
2025-06-23,2.650676941101274
2025-06-24,2.6894771189155247
2025-06-25,5.5006297905839325
2025-06-26,2.2101097476756966
2025-06-27,3.3453132076451766
2025-06-28,1.0816129272720811
2025-06-29,0.09863936031328002
2025-06-30,-0.5988935771918591
2025-07-01,-1.1044800713028327
2025-07-02,-1.402517950153344
2025-07-03,-0.24397366876831583
2025-07-04,5.814378953170976
2025-07-05,0.7295018874876575
2025-07-06,2.589498628600504
2025-07-07,1.0390018926153068
2025-07-08,1.3270583046544964
2025-07-09,2.265962142869361
2025-07-10,0.358671144847829
2025-07-11,0.26544179960821523
2025-07-12,0.047135269807119684
2025-07-13,-0.29624844677935336
2025-07-14,-0.5963643390737907
2025-07-15,2.8162349359301757
2025-07-16,-1.0667926601697957
2025-07-17,-1.2371050920972984
2025-07-18,-1.3641497003054148
2025-07-19,1.0452520198759938
2025-07-20,-1.488435454341806
2025-07-21,3.7042907059565167
2025-07-22,1.1550994041390101
2025-07-23,-1.6041289620048111
2025-07-24,-2.203724793800747
2025-07-25,0.4881480544927044
2025-07-26,-2.893321543049036
2025-07-27,-3.3211079384297078
2025-07-28,2.939432394923367
2025-07-29,0.2987419184120874
2025-07-30,-2.634521660851454
2025-07-31,-1.7490110760500226
2025-08-01,3.1780683411358375
2025-08-02,4.8831292375317705
2025-08-03,2.87107233599232
2025-08-04,4.03582299151198
2025-08-05,4.499103515599346
2025-08-06,4.2609139131617795
2025-08-07,3.3212541833194837
2025-08-08,1.6801243233608005
2025-08-09,-0.6624756627212101
2025-08-10,-3.7065457796895735
2025-08-11,-2.7901506156888107
2025-08-12,19.26747995448129
2025-08-13,-0.3482628474386047
2025-08-14,-8.597154138343257
2025-08-15,1.1870063057063636
2025-08-16,-6.671055056512901
2025-08-17,-4.615154697577259
2025-08-18,-2.914924340913906
2025-08-19,-1.5703639758586405
2025-08-20,-0.5814736073149662
2025-08-21,0.05174676941233347
2025-08-22,0.32929715001093474
2025-08-23,0.2511775328908499
2025-08-24,-0.1826120785959251
2025-08-25,-0.5624827382343529
2025-08-26,-0.8884344488044409
2025-08-27,-1.160467206511039
2025-08-28,-1.3785810185667184
2025-08-29,-1.542775883149372
2025-08-30,-1.6530517911913014
2025-08-31,-1.7094087510105052
2025-09-01,-1.7159366659956703
2025-09-02,-1.683308894035255
2025-09-03,-1.6115254405759591
2025-09-04,-1.5005862996956774
2025-09-05,-1.3504914737757945
2025-09-06,-1.1612409669073225
2025-09-07,-0.9328347735027593
2025-09-08,-0.749614724768155
2025-09-09,-0.6115808289684885
2025-09-10,-0.5187330790585252
2025-09-11,-0.4710714761480137
2025-09-12,-0.46859602532361677
2025-09-13,-0.5113067183535902
2025-09-14,-0.5992035634908315
2025-09-15,-0.5844001355856001
2025-09-16,-0.4668964301659022
2025-09-17,-0.2466924520551026
2025-09-18,0.07621179855211135
2025-09-19,0.5018163236677236
2025-09-20,1.0301211205586354
2025-09-21,1.6611261958653856
2025-09-22,2.099837655570198
2025-09-23,2.3462555007998
2025-09-24,2.4003797326078153
2025-09-25,2.2622103514711656
2025-09-26,1.931747356174994
2025-09-27,1.4089907531801877
2025-09-28,0.6939405286613605
2025-09-29,0.1634727219781391
2025-09-30,-0.18241266953137014
2025-10-01,-0.34371564356982454
2025-10-02,-0.3132585506910126
2025-10-03,-0.09104139079914297
2025-10-04,0.32293583449360064
2025-10-05,0.9286731315075469
2025-10-06,1.397754593741702
2025-10-07,1.730180224865184
2025-10-08,1.9259500206685587
2025-10-09,1.9850639891900537
2025-10-10,1.9075221235401978
2025-10-11,1.6933244264148941
2025-10-12,1.342470894343987
2025-10-13,1.0180880700096866
2025-10-14,0.7201759547456605
2025-10-15,0.4487345451092102
2025-10-16,0.20376383702369516
2025-10-17,-0.014736160875425952
2025-10-18,-0.2067654539728947
2025-10-19,-0.3723240379197206
2025-10-20,-0.5385402256600997
2025-10-21,-0.7054140108963916
2025-10-22,-0.8729453980188264
2025-10-23,-1.0411343806193951
2025-10-24,-1.2099809623671924
2025-10-25,-1.379485147889004
2025-10-26,-1.5496469320924038
2025-10-27,-1.6108083696265774
2025-10-28,-1.5629694626777262
2025-10-29,-1.4061302109620097
2025-10-30,-1.140290618570078
2025-10-31,-0.7654506812210515
2025-11-01,-0.2816103962296168
2025-11-02,0.31282714688005875
2025-11-03,0.5926512319370039
2025-11-04,0.5578618606539605
2025-11-05,0.2084590401526336
2025-11-06,-0.4555572374720267
2025-11-07,-1.434186968014477
2025-11-08,-2.7274301558611516
2025-11-09,-4.33528679789167
2025-11-10,-5.5007333670371805
2025-11-11,-6.2237698576000025
2025-11-12,-6.504396276268896
2025-11-13,-6.3426126210580325
2025-11-14,51.41769843900884
2025-11-15,-4.691815085334263
2025-11-16,-3.2028012086550417
2025-11-17,-1.9736116326070432
2025-11-18,-1.0042463650336346
2025-11-19,-0.29470540233957987
2025-11-20,0.15501125507393532
2025-11-21,0.3449036069615605
2025-11-22,0.27497165136420065
2025-11-23,-0.054784606636315125
2025-11-24,-0.36661660936897
2025-11-25,-0.6605243517567496
2025-11-26,-0.9365078349186247
2025-11-27,-1.1945670608097654
2025-11-28,-1.4347020265893304
2025-11-29,-1.656912732986715
2025-11-30,-1.861199183427984
2025-12-01,-2.003723817556784
2025-12-02,-2.084625724518805
2025-12-03,-2.1039049032411876
2025-12-04,-2.061561350165511
2025-12-05,-1.9575950679775458
2025-12-06,-1.792006056535869
2025-12-07,-1.5647943141384726
2025-12-08,-1.33454161222872
2025-12-09,-1.1012479450005204
2025-12-10,-0.8649133154565245
2025-12-11,-0.6255377241082778
2025-12-12,-0.3831211684641289
2025-12-13,-0.13766365051140284
2025-12-14,0.11083483053076293
2025-12-15,0.2935220330827324
2025-12-16,0.4103979590497886
2025-12-17,0.4614626071510157
2025-12-18,0.4467159753833716
2025-12-19,0.3661580677301641
2025-12-20,0.2197888781429178
2025-12-21,0.007608413811852621
2025-12-22,-0.19445054530102723
2025-12-23,-0.3863879955665972
2025-12-24,-0.5682039406553319
2025-12-25,-0.7398983764540867
2025-12-26,-0.9014713045033034
2025-12-27,-1.0529227219795603
2025-12-28,-1.1942526351922442
2025-12-29,-1.3025835283938054
2025-12-30,27.7091672048316
2025-12-31,-1.4202482655520914
2026-01-01,-1.4295821063569694
2026-01-02,-1.4085392406071087
2026-01-03,-1.3571196688065337
2026-01-04,-1.2753233848524603
2026-01-05,-1.2018712784158332
2026-01-06,-1.136763356468645
2026-01-07,-1.0799996121066489
2026-01-08,-1.031580049209948
2026-01-09,-0.9915046645715151
2026-01-10,-0.9597734621502596
2026-01-11,-0.936386440041006
2026-01-12,-0.7827468229758416
2026-01-13,-0.49885461013564214
2026-01-14,-0.08470980898769831
2026-01-15,0.45968758772833596
2026-01-16,1.1343375759809051
2026-01-17,1.9392401609625418
2026-01-18,2.8743953387906034
2026-01-19,3.4022288033543697
2026-01-20,3.522740547684614
2026-01-21,3.235930580963469
2026-01-22,2.5417989012808775
2026-01-23,1.4403455064144675
2026-01-24,-0.06842960407364451
2026-01-25,-1.9845264302848373
2026-01-26,-3.3304034995139413
2026-01-27,-4.10606080888682
2026-01-28,20.703392682733835
2026-01-29,-3.9467161605080467
2026-01-30,-3.0117142009888145
2026-01-31,-1.5064924828421091
2026-02-01,0.5689489910079342
2026-02-02,1.8490563069304615
2026-02-03,2.333829462378925
2026-02-04,2.0232684623849275
2026-02-05,0.9173733041105194
2026-02-06,-0.9838560122894591
2026-02-07,-3.6804194883361254
2026-02-08,-7.172317122608109
2026-02-09,-9.743969188313006
2026-02-10,-11.395375686007208
2026-02-11,-12.126536615652515
2026-02-12,46.23671324174495
2026-02-13,13.605027619274134
2026-02-14,-8.798546001383425
2026-02-15,-5.84872465958494
2026-02-16,-3.349959457294054
2026-02-17,-1.3022503966672967
2026-02-18,0.29440253038421105
2026-02-19,1.4399993176151087
2026-02-20,2.1345399686704605
2026-02-21,2.3780244783719384
2026-02-22,2.17045285311627
2026-02-23,1.9607987134424398
2026-02-24,1.749062063894674
2026-02-25,1.5352428996007088
2026-02-26,1.3193412254685342
2026-02-27,1.1013570391083718
2026-02-28,0.8812903406497137
2026-03-01,0.659141129421255
2026-03-02,0.36277240837665836
2026-03-03,-0.007815824633301993
2026-03-04,-0.45262356526974834
2026-03-05,-0.9716508184714892
2026-03-06,-1.5648975832733036
2026-03-07,-2.232363856566266
2026-03-08,-2.974049640582978
2026-03-09,25.911667006198805
2026-03-10,-3.910446339200963
2026-03-11,-4.105157258484548
2026-03-12,-4.11754321859636
2026-03-13,-3.9476042236536686
2026-03-14,-3.5953402719800645
2026-03-15,-3.060751364430732
2026-03-16,-2.474739267046719
2026-03-17,-1.8373039744978046
2026-03-18,-1.1484454873324497
2026-03-19,2.70830933040871
2026-03-20,0.3835410671958419
2026-03-21,1.2266691343956957
2026-03-22,2.12122039368122
2026-03-23,2.7372550923873993
2026-03-24,3.074773227146415
2026-03-25,3.133774798747857
2026-03-26,10.393795338613295
2026-03-27,2.416228256960288
2026-03-28,1.6396801398956757
2026-03-29,0.5846154642279444
2026-03-30,-0.22284124280800643
2026-03-31,-0.7826899809200265
2026-04-01,-1.094930744659778
2026-04-02,-1.1595635408162126
2026-04-03,-0.9765883634239763
2026-04-04,-0.5460052200309722
2026-04-05,2.18539172890668
2026-04-06,0.6496944913870157
2026-04-07,2.8497918729377423
2026-04-08,1.2026641236105622
2026-04-09,1.238125160389644
2026-04-10,1.1129036747209415
2026-04-11,0.8269996726359246
2026-04-12,0.38041314970402773
2026-04-13,-0.02113520128666213
2026-04-14,-0.37764538163553496
2026-04-15,-0.6891173897626501
2026-04-16,-0.9555512272528914
2026-04-17,-1.1769468931055704
2026-04-18,-1.3533043903914992
2026-04-19,-1.4846237124481663
2026-04-20,-1.5632329594665029
2026-04-21,1.4726660411778862
2026-04-22,-1.5623212181459736
2026-04-23,-0.0037960294975194486
2026-04-24,0.11600642978120312
2026-04-25,-1.165628019532083
2026-04-26,-0.9279767984745124
2026-04-27,-0.7635807873284843
2026-04-28,-0.6724399885540526
2026-04-29,0.7643276795811138
2026-04-30,-0.7099240200695185
2026-05-01,-0.8385488552934395
2026-05-02,-1.0404288978770224
2026-05-03,0.08061581286805275
2026-05-04,-1.4467366476520893
2026-05-05,-1.4339463812842128
2026-05-06,-1.2771933552051706
2026-05-07,0.36600316628446095
2026-05-08,-0.5317990233243064
2026-05-09,0.05684228472895558
2026-05-10,0.7894463504380251
2026-05-11,1.4112619347518622
2026-05-12,1.9222890379888584
2026-05-13,2.3225276639963113
2026-05-14,2.6119778068994233
2026-05-15,2.79063946735378
2026-05-16,2.8585126479488867
2026-05-17,2.8155973495482955
2026-05-18,4.182325191096249
2026-05-19,4.551823552679314
2026-05-20,3.972552948620079
2026-05-21,5.934946293954463
2026-05-22,6.98820175792079
2026-05-23,7.058060796984311
2026-05-24,9.619703335394352
2026-05-25,9.663704927779992
2026-05-26,10.503783848215964
2026-05-27,12.099528899415507
2026-05-28,12.322616960821364
2026-05-29,11.173048030359432
2026-05-30,10.779145232193429
2026-05-31,10.076747001777836
2026-06-01,10.617803137242818
2026-06-02,9.150341662588689
2026-06-03,10.010325203468385
2026-06-04,8.861791142010226
2026-06-05,8.956711442515974
2026-06-06,10.381805357734024
2026-06-07,9.624943156528744
2026-06-08,10.957101813347787
2026-06-09,10.04231869512563
2026-06-10,9.872408021323427
2026-06-11,9.623536882285904
2026-06-12,10.372469339319482
2026-06-13,9.726381235985123
2026-06-14,7.882845208741879
2026-06-15,7.158445713127215
2026-06-16,6.455556992770357
2026-06-17,5.774179044443771
2026-06-18,5.114311870400533
2026-06-19,5.573581229891557
2026-06-20,3.859109845416784
2026-06-21,3.2637749943032155
2026-06-22,4.100685949209817
2026-06-23,4.174591197709768
2026-06-24,3.617205827756443
2026-06-25,5.326261839849413
2026-06-26,5.306401477954356
2026-06-27,7.816412679164264
2026-06-28,10.661043934922564
2026-06-29,10.057914222664978
2026-06-30,11.49515234090413
2026-07-01,12.777506767413632
2026-07-02,13.90497750943348
2026-07-03,14.877564559489848
2026-07-04,16.23726325374959
2026-07-05,16.358087601345552
2026-07-06,17.208687676922413
2026-07-07,16.42596384653513
2026-07-08,15.831020415624259
2026-07-09,14.816822615207386
2026-07-10,13.38337044500837
2026-07-11,11.530663903819867
2026-07-12,9.258702997457002
2026-07-13,7.5922068496118085
2026-07-14,7.6357482302242
2026-07-15,6.07560885797254
2026-07-16,7.358769965720702
2026-07-17,8.12904423988936
2026-07-18,9.505180911601169
2026-07-19,10.307990053348508
2026-07-20,11.708183663871623
2026-07-21,12.542278435726567
2026-07-22,14.039306028306349
2026-07-23,12.512171461449407
2026-07-24,11.647969716572028
2026-07-25,11.482324902868086
2026-07-26,10.750581245538093
2026-07-27,6.766327580386864
2026-07-28,7.136096376349652
2026-07-29,5.480815166888123
2026-07-30,5.714407573768714
2026-07-31,7.663538581729146
2026-08-01,7.6134761936322635
2026-08-02,10.897431389847927
2026-08-03,13.54916046017269
2026-08-04,11.858382273121823
2026-08-05,12.515685197916548
2026-08-06,12.849559196433699
2026-08-07,12.693792377299395
2026-08-08,12.21459663898154
2026-08-09,11.356568016626595
2026-08-10,10.848006588909959
2026-08-11,11.838455614298542
2026-08-12,10.169363284354876
2026-08-13,10.235922088203786
2026-08-14,10.533627747895812
2026-08-15,12.649048402784688
2026-08-16,13.438428664120305
2026-08-17,13.791358007613606
2026-08-18,13.857346361037694
2026-08-19,15.13221372003779
2026-08-20,16.578703745442226
2026-08-21,18.196816433204553
2026-08-22,19.986551785797914
2026-08-23,21.947909802360567
2026-08-24,25.554409666789123
2026-08-25,25.115100442500697
2026-08-26,26.320933067986306
2026-08-27,27.453412808211024
2026-08-28,27.977072922131043
2026-08-29,28.427380151354647
2026-08-30,28.625845584630365
2026-08-31,28.866346588516837
2026-09-01,31.38635105031053
2026-09-02,29.473455289923578
2026-09-03,29.840062989719996
2026-09-04,30.248706258716737
2026-09-05,30.69938509722654
2026-09-06,31.19209950080126
2026-09-07,31.81326908962296
2026-09-08,32.56289386592138
2026-09-09,33.440973837388306
2026-09-10,34.447508994817575
2026-09-11,35.58249933732854
2026-09-12,39.85495341509147
2026-09-13,38.23784559106412
2026-09-14,38.06279328964854
2026-09-15,36.320787968735715
2026-09-16,33.01182961944895
2026-09-17,28.13591824934153
2026-09-18,25.48702115568745
2026-09-19,13.683236440249363
2026-09-20,4.106465995820307
2026-09-21,-1.7655435754860145
2026-09-22,-3.9327922753867037
2026-09-23,-2.395280106216651
2026-09-24,2.846992936851935
2026-09-25,11.794026843536269
2026-09-26,24.44582162891419
2026-09-27,40.80237728521409
2026-09-28,53.06661678467429
2026-09-29,61.23854012915005
2026-09-30,65.318147320362
2026-10-01,65.30543836070551
2026-10-02,61.200413245765006
2026-10-03,53.00307197606264
2026-10-04,40.713414551807404
2026-10-05,30.17941890909649
2026-10-06,38.85333460969699
2026-10-07,14.378412952048214
2026-10-08,9.111402636109956
2026-10-09,5.600054096813699
2026-10-10,3.8443673251751926
