time,value
2006-01-01,51.03246195852502
2006-01-02,83.61878214109886
2006-01-03,83.58348803292147
2006-01-04,100.0335905196312
2006-01-05,93.52247430259582
2006-01-06,101.88668874672432
2006-01-07,87.28968448539521
2006-01-08,76.29754937247615
2006-01-09,80.48253810852273
2006-01-10,84.5490243503596
2006-01-11,98.1574036817338
2006-01-12,68.17550039055345
2006-01-13,80.74184176961302
2006-01-14,93.18968065585038
2006-01-15,87.80829180523014
2006-01-16,95.87592724969765
2006-01-17,102.09696063710851
2006-01-18,93.590864529287785
2006-01-19,91.28849602074061
2006-01-20,89.15210787525513
2006-01-21,124.61573297801752
2006-01-22,86.98733859356919
2006-01-23,81.57714723964308
2006-01-24,100.73734574120562
2006-01-25,109.04648362349499
2006-01-26,81.54853895855923
2006-01-27,71.7782039459441
2006-01-28,75.307797273407445
2006-01-29,75.23162666810813
2006-01-30,74.78394277502093
2006-01-31,79.06328770571669
2006-02-01,86.99628417402226
2006-02-02,78.99618141407544
2006-02-03,78.67727974611897
2006-02-04,87.91798942044711
2006-02-05,67.54003945721442
2006-02-06,65.23448786032483
2006-02-07,73.21934929305638
2006-02-08,74.0522428452104
2006-02-09,75.2468095229006
2006-02-10,86.46344490909041
2006-02-11,87.84466919784727
2006-02-12,36.18704657562208
2006-02-13,83.30584934585383
2006-02-14,85.63686534805734
2006-02-15,81.01664395776041
2006-02-16,80.04478588015269
2006-02-17,99.35863907371417
2006-02-18,71.33543444252422
2006-02-19,88.15144652075762
2006-02-20,62.627704962260495
2006-02-21,83.51909419884493
2006-02-22,59.45437265775465
2006-02-23,72.54690281210625
2006-02-24,90.7966242811338
2006-02-25,55.637388840002004
2006-02-26,75.94990505238596
2006-02-27,75.18742980921354
2006-02-28,79.91605096659995
2006-03-01,86.91563666389219
2006-03-02,79.71371799713936
2006-03-03,65.95810813356853
2006-03-04,64.2048169255451
2006-03-05,62.21734330171091
2006-03-06,78.63053039696672
2006-03-07,72.54870357512381
2006-03-08,77.46123419032847
2006-03-09,71.149212402615845
2006-03-10,66.17115247140744
2006-03-11,87.96609610124506
2006-03-12,88.71508514643038
2006-03-13,66.49359631426745
2006-03-14,76.84890420769725
2006-03-15,68.25889904664777
2006-03-16,75.01798515547296
2006-03-17,69.48669738970462
2006-03-18,82.87348037349538
2006-03-19,71.92122943435966
2006-03-20,78.61502146343653
2006-03-21,76.25459643894922
2006-03-22,80.40392503025548
2006-03-23,78.58499627090691
2006-03-24,85.15423137615782
2006-03-25,91.52461205149629
2006-03-26,73.94766581500645
2006-03-27,79.39044800772585
2006-03-28,72.69985246806476
2006-03-29,85.13799268824133
2006-03-30,85.04023869651246
2006-03-31,78.71268205290491
2006-04-01,29.660494996064322
2006-04-02,83.51194469710259
2006-04-03,80.39724105866497
2006-04-04,68.50335729629852
2006-04-05,69.91119759825372
2006-04-06,62.884871902693106
2006-04-07,54.32466276891361
2006-04-08,93.3375810870929
2006-04-09,55.948550187476016
2006-04-10,63.96826885726392
2006-04-11,57.019264694479176
2006-04-12,58.10247956903455
2006-04-13,56.292466090027474
2006-04-14,68.83993066259734
2006-04-15,65.95865356293933
2006-04-16,29.132876592725843
2006-04-17,31.452945550401537
2006-04-18,70.56126389473013
2006-04-19,63.43880707311217
2006-04-20,63.82152552667876
2006-04-21,34.27538635937475
2006-04-22,77.64335090180008
2006-04-23,31.811905750186632
2006-04-24,82.72253014854567
2006-04-25,59.5069771886426
2006-04-26,73.56168345913636
2006-04-27,62.39596502324927
2006-04-28,69.68286024900209
2006-04-29,65.53552030027814
2006-04-30,40.59543695138043
2006-05-01,49.661440022420464
2006-05-02,57.304396906776915
2006-05-03,49.425049695083416
2006-05-04,62.786570475041714
2006-05-05,66.08212170122086
2006-05-06,22.190738865552078
2006-05-07,54.908602412243724
2006-05-08,66.843158597121
2006-05-09,64.07687871176304
2006-05-10,52.78168215948941
2006-05-11,52.63615253312973
2006-05-12,48.076319175130315
2006-05-13,27.384480029628236
2006-05-14,24.01422721329445
2006-05-15,58.8943569430897
2006-05-16,62.11222858267239
2006-05-17,81.91615118701179
2006-05-18,67.23125551140623
2006-05-19,62.81737443253631
2006-05-20,66.33991234514514
2006-05-21,72.88816816380171
2006-05-22,72.69119879567258
2006-05-23,71.86725477826197
2006-05-24,69.20878666292738
2006-05-25,73.41015047164139
2006-05-26,60.40086054441256
2006-05-27,26.63877183625162
2006-05-28,25.57807324109534
2006-05-29,58.991376408008215
2006-05-30,64.40812321931432
2006-05-31,62.94945129480811
2006-06-01,62.651053329212246
2006-06-02,59.7156549848049
2006-06-03,29.772712858831703
2006-06-04,32.248296758973
2006-06-05,65.22043986458593
2006-06-06,57.48031715125201
2006-06-07,62.5992132262782
2006-06-08,74.21004917746478
2006-06-09,74.16299087478129
2006-06-10,25.133782657110636
2006-06-11,86.29939721799838
2006-06-12,46.80935809035785
2006-06-13,14.025788934453978
2006-06-14,33.76238395456785
2006-06-15,48.09946078900724
2006-06-16,53.53634578718356
2006-06-17,76.48665843457442
2006-06-18,18.400946564116072
2006-06-19,48.692136324743814
2006-06-20,62.03508141151456
2006-06-21,59.16772871652075
2006-06-22,64.1739811150257
2006-06-23,50.0852342690435
2006-06-24,26.628969844396075
2006-06-25,26.207764695870402
2006-06-26,55.56448999994205
2006-06-27,54.2545872732856
2006-06-28,50.25295206426002
2006-06-29,54.83004588143152
2006-06-30,53.423028810777204
2006-07-01,26.324074594612885
2006-07-02,26.777639194009254
2006-07-03,50.850647083702654
2006-07-04,27.498939073930394
2006-07-05,27.766674355205968
2006-07-06,53.59934926199199
2006-07-07,66.42246753721814
2006-07-08,67.71192295104052
2006-07-09,37.61023569111555
2006-07-10,56.32237521893343
2006-07-11,55.8901420476485
2006-07-12,53.35340060892959
2006-07-13,55.622017186125674
2006-07-14,25.932819696476255
2006-07-15,29.457355060914995
2006-07-16,62.79487504495869
2006-07-17,54.44406960691512
2006-07-18,56.572106995291435
2006-07-19,47.32956685177511
2006-07-20,51.202868545769206
2006-07-21,20.963411439317973
2006-07-22,20.879660599733388
2006-07-23,20.964138068024887
2006-07-24,46.4854411932061
2006-07-25,34.11431003085882
2006-07-26,47.381262765631746
2006-07-27,57.103854404142176
2006-07-28,48.858577648276906
2006-07-29,65.7146961475255
2006-07-30,25.625933511901124
2006-07-31,71.32556598933235
2006-08-01,27.863416703731467
2006-08-02,50.256319067787004
2006-08-03,65.40624773627674
2006-08-04,64.59201225202845
2006-08-05,66.86605945795438
2006-08-06,43.04594436115162
2006-08-07,62.171083316860376
2006-08-08,72.38393613483179
2006-08-09,62.95072994959099
2006-08-10,66.60947201304528
2006-08-11,68.73539678953513
2006-08-12,32.49824611567983
2006-08-13,64.8332322222575
2006-08-14,64.02132967279191
2006-08-15,67.62042258200252
2006-08-16,57.84753916639758
2006-08-17,51.13360866524742
2006-08-18,64.87972825388333
2006-08-19,77.95378258996406
2006-08-20,69.4249145753066
2006-08-21,76.80025795304846
2006-08-22,68.6835270739682
2006-08-23,71.03703507120233
2006-08-24,71.18151274041952
2006-08-25,36.44603889972474
2006-08-26,78.73019574337964
2006-08-27,36.624873707753366
2006-08-28,76.29005964755048
2006-08-29,76.5940946144663
2006-08-30,94.01313740750986
2006-08-31,75.24987734284898
2006-09-01,76.03736587406831
2006-09-02,90.69625026623828
2006-09-03,63.74634199532723
2006-09-04,74.1637426326742
2006-09-05,73.4555369563436
2006-09-06,67.25695572314635
2006-09-07,78.24309412516565
2006-09-08,87.83110787597855
2006-09-09,81.59748967832992
2006-09-10,76.44793180735147
2006-09-11,76.95861732747741
2006-09-12,75.48173306537785
2006-09-13,80.26886691718246
2006-09-14,75.63735746314329
2006-09-15,76.6402890574666
2006-09-16,29.773932313223632
2006-09-17,72.45122185565177
2006-09-18,62.64784306589539
2006-09-19,61.205710444604605
2006-09-20,60.12093854169859
2006-09-21,68.58432038214153
2006-09-22,78.21009591063736
2006-09-23,68.87244098967622
2006-09-24,28.9654637050586
2006-09-25,62.746642404613624
2006-09-26,79.44851024629794
2006-09-27,72.56371742211365
2006-09-28,77.7768982652248
2006-09-29,71.43246871758018
2006-09-30,95.31989642626391
2006-10-01,62.24791868426788
2006-10-02,98.94077978393273
2006-10-03,86.33616833551737
2006-10-04,69.4746466595393
2006-10-05,80.9600498476035
2006-10-06,71.08159229121361
2006-10-07,83.10979588063464
2006-10-08,62.23533288799759
2006-10-09,62.418194759592254
2006-10-10,92.51374411745712
2006-10-11,76.44636572675745
2006-10-12,78.21618033932083
2006-10-13,68.9297291525375
2006-10-14,66.86022838909636
2006-10-15,66.06281922206354
2006-10-16,82.76300306886529
2006-10-17,82.03473435382118
2006-10-18,91.18720828393839
2006-10-19,98.26878160723248
2006-10-20,78.86012104091816
2006-10-21,86.76426310291154
2006-10-22,78.91194414536588
2006-10-23,93.51947204851172
2006-10-24,88.32261612918947
2006-10-25,97.53527741758747
2006-10-26,76.0756098517748
2006-10-27,98.34207664328866
2006-10-28,119.25283173932252
2006-10-29,84.99451768105891
2006-10-30,98.16663292363245
2006-10-31,90.52715224391775
2006-11-01,96.8782699950901
2006-11-02,94.9738715949056
2006-11-03,95.34131119718862
2006-11-04,106.03091846029426
2006-11-05,92.42627587123741
2006-11-06,97.3869099487745
2006-11-07,90.3215680038031
2006-11-08,87.33090934416941
2006-11-09,94.85519769310126
2006-11-10,108.06423526085396
2006-11-11,89.92650563804736
2006-11-12,100.57177877806808
2006-11-13,112.13984974776898
2006-11-14,113.91758754647591
2006-11-15,101.75597612177125
2006-11-16,113.86311852482902
2006-11-17,107.18007204021401
2006-11-18,102.80282873809008
2006-11-19,103.05875956189345
2006-11-20,92.87874232518043
2006-11-21,100.37184473795159
2006-11-22,96.55688004256763
2006-11-23,115.37940494817398
2006-11-24,96.86446353217393
2006-11-25,92.936682067816065
2006-11-26,88.90420892772923
2006-11-27,85.42784684981943
2006-11-28,88.19959173513544
2006-11-29,92.85368788769588
2006-11-30,91.89713616656253
2006-12-01,86.1349695388923
2006-12-02,105.95647447841571
2006-12-03,102.27528197324214
2006-12-04,96.14839298397196
2006-12-05,84.89236429306553
2006-12-06,85.14454385226327
2006-12-07,95.96572653312414
2006-12-08,88.91141422737869
2006-12-09,90.14517830958434
2006-12-10,101.27708471273374
2006-12-11,90.2080321810022
2006-12-12,99.2796584167247
2006-12-13,91.58945870277675
2006-12-14,77.14357996225357
2006-12-15,101.3334963218228
2006-12-16,103.22440486076515
2006-12-17,87.55361495339432
2006-12-18,91.55917922557828
2006-12-19,97.53037244186231
2006-12-20,80.91368915587108
2006-12-21,78.80773185154736
2006-12-22,77.32568188274644
2006-12-23,97.80091282887236
2006-12-24,92.46813541022843
2006-12-25,62.77923190526675
2006-12-26,82.66306296211798
2006-12-27,80.1465852012405
2006-12-28,67.5065513428512
2006-12-29,84.74174673480563
2006-12-30,92.71518414141937
2006-12-31,82.19994726622326
2007-01-01,83.67877651501871
2007-01-02,103.17564114550595
2007-01-03,95.07200644618688
2007-01-04,80.03038519648511
2007-01-05,88.91037440295963
2007-01-06,100.57985872456884
2007-01-07,101.1520195084956
2007-01-08,93.49750805122972
2007-01-09,104.65201477453517
2007-01-10,93.76011668289875
2007-01-11,99.10732384702604
2007-01-12,112.33883900943246
2007-01-13,116.92568404627167
2007-01-14,83.45319291489511
2007-01-15,85.42588268433012
2007-01-16,87.01978639816461
2007-01-17,105.81145713054961
2007-01-18,96.40426029366753
2007-01-19,83.21752916678261
2007-01-20,109.25344131682823
2007-01-21,101.99194378210417
2007-01-22,92.4913621293433
2007-01-23,86.18566887818491
2007-01-24,88.37466437775666
2007-01-25,90.20298601647467
2007-01-26,74.87331133646552
2007-01-27,101.51427955368291
2007-01-28,93.34329136503592
2007-01-29,72.9713867235302
2007-01-30,88.45284110268975
2007-01-31,78.85285158831701
2007-02-01,97.46356839159512
2007-02-02,94.35035906028926
2007-02-03,76.15474556040004
2007-02-04,71.38831208411494
2007-02-05,79.5361160938572
2007-02-06,87.78471622908619
2007-02-07,81.44226086907886
2007-02-08,83.72053384942743
2007-02-09,78.65304802172983
2007-02-10,90.93264146118432
2007-02-11,88.41476069601528
2007-02-12,76.38211385514288
2007-02-13,77.00407029860003
2007-02-14,84.64539926014115
2007-02-15,72.36329874512283
2007-02-16,73.76789505537712
2007-02-17,76.52050985538823
2007-02-18,57.61061755253233
2007-02-19,66.87590864788356
2007-02-20,67.48612497416323
2007-02-21,70.24212548557131
2007-02-22,70.31371239024708
2007-02-23,74.74492413376151
2007-02-24,75.35125890167458
2007-02-25,84.72425794802112
2007-02-26,90.61901120930818
2007-02-27,71.72794743719439
2007-02-28,67.8692356161417
2007-03-01,81.82952831711677
2007-03-02,58.04069636631388
2007-03-03,89.69562644417056
2007-03-04,71.55690019803191
2007-03-05,81.31921066580853
2007-03-06,82.75607441266456
2007-03-07,75.39788886911398
2007-03-08,67.36206977495658
2007-03-09,72.06583321822475
2007-03-10,87.02699421952794
2007-03-11,75.95198325760902
2007-03-12,70.65324080992434
2007-03-13,78.1954471972409
2007-03-14,63.15715194008246
2007-03-15,94.21385954473023
2007-03-16,81.48054314736223
2007-03-17,78.89441143298359
2007-03-18,82.02778308640887
2007-03-19,63.64351622641889
2007-03-20,74.52577375338862
2007-03-21,73.61787443009368
2007-03-22,80.64312591030192
2007-03-23,75.00610149879964
2007-03-24,77.83891653255499
2007-03-25,55.12892822403622
2007-03-26,82.89139779865627
2007-03-27,79.9108841681533
2007-03-28,69.73460157531632
2007-03-29,72.46773227910415
2007-03-30,68.12378477391931
2007-03-31,106.40322373623258
2007-04-01,71.44838823320475
2007-04-02,70.1999826162391
2007-04-03,75.42105821829168
2007-04-04,69.1325454848108
2007-04-05,67.83762020196137
2007-04-06,64.4251578411053
2007-04-07,56.74840383184166
2007-04-08,28.572526708660643
2007-04-09,65.68155739816281
2007-04-10,78.24723418205994
2007-04-11,69.62902155382184
2007-04-12,70.60910950013309
2007-04-13,69.51968049132205
2007-04-14,52.938357972860345
2007-04-15,54.08307269941018
2007-04-16,63.78050144494306
2007-04-17,56.67210580662078
2007-04-18,59.25688755409056
2007-04-19,55.63544562452591
2007-04-20,46.54572690381555
2007-04-21,73.51401518550472
2007-04-22,54.8965505687835
2007-04-23,58.417096155085865
2007-04-24,88.36916109509689
2007-04-25,52.039782211167434
2007-04-26,55.56945970917478
2007-04-27,74.85364883081652
2007-04-28,60.52215484010876
2007-04-29,56.1860904940477
2007-04-30,66.88545191502305
2007-05-01,59.072038409718736
2007-05-02,74.34647492095417
2007-05-03,59.777843976440465
2007-05-04,60.64924987953049
2007-05-05,70.18499850402031
2007-05-06,72.61986094214835
2007-05-07,62.02691986657368
2007-05-08,76.84649937308224
2007-05-09,63.61099334093169
2007-05-10,64.92006286277778
2007-05-11,90.2173638693697
2007-05-12,54.24164858427568
2007-05-13,43.34302347957705
2007-05-14,55.1418094090369
2007-05-15,69.15094949706248
2007-05-16,54.57793281715613
2007-05-17,61.67023362542617
2007-05-18,50.57872013862067
2007-05-19,46.66193076153926
2007-05-20,60.586552290838554
2007-05-21,50.3199212366777
2007-05-22,52.826467930110184
2007-05-23,47.443679594054416
2007-05-24,56.645393177630254
2007-05-25,45.41267468629442
2007-05-26,68.36391454013327
2007-05-27,78.76591700716209
2007-05-28,64.19498881432403
2007-05-29,67.14242122395558
2007-05-30,63.93714877266421
2007-05-31,68.6672483572235
2007-06-01,75.56331705742784
2007-06-02,26.229371236239697
2007-06-03,75.09756808652553
2007-06-04,55.531606302523336
2007-06-05,56.21928423706849
2007-06-06,76.02013852144707
2007-06-07,67.30305203917497
2007-06-08,61.12888003735547
2007-06-09,54.47874889148717
2007-06-10,57.35364506064582
2007-06-11,65.04860146588439
2007-06-12,63.71292272526293
2007-06-13,45.59558631537716
2007-06-14,60.562191880370364
2007-06-15,57.75632997131196
2007-06-16,82.32693273345943
2007-06-17,65.37659554023561
2007-06-18,66.3713633338262
2007-06-19,71.55858962072841
2007-06-20,64.9717872559803
2007-06-21,56.8080404653687
2007-06-22,65.04641880782748
2007-06-23,69.56109815188104
2007-06-24,62.77135140668389
2007-06-25,55.042383910357415
2007-06-26,56.9737963779472
2007-06-27,68.2456398080972
2007-06-28,61.29585607186538
2007-06-29,51.884513607667444
2007-06-30,52.6289560074919
2007-07-01,49.30693421241129
2007-07-02,50.60869822105142
2007-07-03,57.40636707026139
2007-07-04,49.37285838958051
2007-07-05,46.43273806871224
2007-07-06,60.728586670054895
2007-07-07,18.801146104436334
2007-07-08,70.78906441475179
2007-07-09,51.03673430205704
2007-07-10,50.837990329386855
2007-07-11,44.416296193855636
2007-07-12,47.913594950593364
2007-07-13,41.611739410025876
2007-07-14,15.896778201248214
2007-07-15,15.917643464526957
2007-07-16,39.9751201894815
2007-07-17,48.22007658788938
2007-07-18,34.212248937930575
2007-07-19,46.521959485913634
2007-07-20,42.0799445818063
2007-07-21,13.640907538041798
2007-07-22,40.165165039053086
2007-07-23,51.05021755538138
2007-07-24,40.79500648518375
2007-07-25,41.40475266912757
2007-07-26,45.83541766201666
2007-07-27,52.043456244431354
2007-07-28,43.23154596479171
2007-07-29,16.566590040465787
2007-07-30,35.730662492134904
2007-07-31,53.15973227622412
2007-08-01,19.143013785699672
2007-08-02,46.35943310524486
2007-08-03,47.798343893354215
2007-08-04,46.20192742332527
2007-08-05,17.754625132254652
2007-08-06,39.01807358344654
2007-08-07,48.74268132580999
2007-08-08,53.30162600113473
2007-08-09,52.493649370001854
2007-08-10,39.99201799941119
2007-08-11,49.93838636693579
2007-08-12,58.52235638365979
2007-08-13,44.59510494095162
2007-08-14,55.452318752050985
2007-08-15,49.500627942655406
2007-08-16,44.719102068643274
2007-08-17,72.83945718400506
2007-08-18,45.64349750365362
2007-08-19,65.63875394677157
2007-08-20,65.76471622360651
2007-08-21,46.15555649529058
2007-08-22,57.796695901173734
2007-08-23,58.82642024408029
2007-08-24,51.370842226301136
2007-08-25,54.58045757868895
2007-08-26,61.710534989049606
2007-08-27,70.46571171629733
2007-08-28,54.37794879794725
2007-08-29,50.881279117071166
2007-08-30,62.86040413717695
2007-08-31,56.77228363154257
2007-09-01,56.499562243073314
2007-09-02,59.77663161671466
2007-09-03,57.20430519290383
2007-09-04,57.90628991880365
2007-09-05,63.35847956219201
2007-09-06,64.43716718222652
2007-09-07,58.05639307560962
2007-09-08,60.97219595582896
2007-09-09,74.41276714063684
2007-09-10,66.69198083569587
2007-09-11,71.06389107194583
2007-09-12,59.29041845144121
2007-09-13,56.146968528961324
2007-09-14,68.70338208787851
2007-09-15,69.9446105810064
2007-09-16,47.660987367247486
2007-09-17,61.629425750377855
2007-09-18,67.10351007111508
2007-09-19,65.49204801941636
2007-09-20,69.54139487991529
2007-09-21,66.50519536753126
2007-09-22,63.15914360826521
2007-09-23,54.8588186469635
2007-09-24,61.97002451894724
2007-09-25,66.26598921269976
2007-09-26,71.09069581650726
2007-09-27,84.43254836878593
2007-09-28,58.5623808688773
2007-09-29,82.9472222911654
2007-09-30,75.96911507100934
2007-10-01,70.17076808183434
2007-10-02,68.62583189632151
2007-10-03,58.65503730440512
2007-10-04,75.47857654625308
2007-10-05,69.65400833063526
2007-10-06,70.69920805410588
2007-10-07,72.17391199199804
2007-10-08,62.96363057307691
2007-10-09,73.5564071272589
2007-10-10,57.04875048237014
2007-10-11,66.20128268125846
2007-10-12,61.799609466526746
2007-10-13,62.66911710560648
2007-10-14,55.05199863731817
2007-10-15,61.72179400002668
2007-10-16,62.08307650005587
2007-10-17,82.29941751120067
2007-10-18,82.58877132385983
2007-10-19,79.11888332993067
2007-10-20,92.14974982593569
2007-10-21,72.90979032115723
2007-10-22,80.44545501999369
2007-10-23,84.6454147353199
2007-10-24,72.05116963870753
2007-10-25,97.53397306469247
2007-10-26,101.02598067779479
2007-10-27,92.08437870476396
2007-10-28,80.61726518319036
2007-10-29,86.92313058432889
2007-10-30,98.65813610881486
2007-10-31,93.81804736803653
2007-11-01,104.3358386517916
2007-11-02,97.74122807244885
2007-11-03,87.71977603875979
2007-11-04,99.76419312122368
2007-11-05,96.39330315473866
2007-11-06,83.77902553741069
2007-11-07,92.94609224273881
2007-11-08,88.70011337348538
2007-11-09,85.13948675893292
2007-11-10,92.66771534093918
2007-11-11,79.51695978702162
2007-11-12,85.19801041216277
2007-11-13,85.20380598046535
2007-11-14,98.96350748245221
2007-11-15,84.01162599536138
2007-11-16,90.05894713344152
2007-11-17,93.55825665460675
2007-11-18,83.44035128944516
2007-11-19,86.9126636068245
2007-11-20,82.44056178493706
2007-11-21,89.14357875256715
2007-11-22,85.42515706936318
2007-11-23,91.90652577464292
2007-11-24,94.08161008972692
2007-11-25,89.96879040268615
2007-11-26,88.75415278198227
2007-11-27,92.62573554468882
2007-11-28,85.73058183198857
2007-11-29,81.09371218414373
2007-11-30,85.69207897220761
2007-12-01,87.45018771396539
2007-12-02,89.33117679285128
2007-12-03,81.25221209786255
2007-12-04,77.16719835705192
2007-12-05,74.12434803768181
2007-12-06,88.49266476346621
2007-12-07,89.35062591639716
2007-12-08,95.19334783250724
2007-12-09,90.16787365204678
2007-12-10,87.90754466470685
2007-12-11,90.05855007160655
2007-12-12,75.22043021096839
2007-12-13,75.99185971428696
2007-12-14,77.54681479881977
2007-12-15,86.59390351757175
2007-12-16,79.92134202451165
2007-12-17,92.29209349207542
2007-12-18,71.84861773090967
2007-12-19,72.12560693825066
2007-12-20,82.38928824288563
2007-12-21,87.8807239488932
2007-12-22,94.19902153650688
2007-12-23,79.30898381549312
2007-12-24,70.75338423390009
2007-12-25,85.74754313096415
2007-12-26,83.04900243401845
2007-12-27,89.90503173928217
2007-12-28,90.02919490239525
2007-12-29,117.2328764684355
2007-12-30,70.08192280272362
2007-12-31,72.52573602804296
2008-01-01,67.40697560742132
2008-01-02,74.02717033134388
2008-01-03,78.70075979121755
2008-01-04,84.64787584670097
2008-01-05,82.20812291705506
2008-01-06,65.43664217660911
2008-01-07,85.90158000467446
2008-01-08,96.9729500265912
2008-01-09,87.19451388945129
2008-01-10,103.13433235358512
2008-01-11,98.2449865294306
2008-01-12,97.81276827472952
2008-01-13,88.31209168017276
2008-01-14,104.2632225513301
2008-01-15,87.56961521886427
2008-01-16,93.77854429611374
2008-01-17,88.47485051338282
2008-01-18,91.11349720030789
2008-01-19,72.44495327819476
2008-01-20,74.86762159403673
2008-01-21,72.91946138584254
2008-01-22,69.32519961773019
2008-01-23,71.14435614069896
2008-01-24,80.91588106839163
2008-01-25,71.26865358829369
2008-01-26,75.78699765906445
2008-01-27,79.88743148837139
2008-01-28,76.08166080909398
2008-01-29,73.76173688903717
2008-01-30,85.40567068913724
2008-01-31,73.44525715812765
2008-02-01,78.66883320876698
2008-02-02,79.63963488925525
2008-02-03,64.41633987912168
2008-02-04,61.03330021255364
2008-02-05,83.86757897542657
2008-02-06,80.95326615960742
2008-02-07,68.60776071769519
2008-02-08,62.62209389019961
2008-02-09,65.10173651342373
2008-02-10,79.87059517114432
2008-02-11,56.060524422656414
2008-02-12,61.201404938888516
2008-02-13,60.67681920735055
2008-02-14,64.14716281753128
2008-02-15,70.20362807598565
2008-02-16,82.0663468449838
2008-02-17,70.75413237053635
2008-02-18,78.5945821476264
2008-02-19,74.39266876855538
2008-02-20,73.49046278304628
2008-02-21,62.43462482636336
2008-02-22,78.53533656773725
2008-02-23,61.35319998736425
2008-02-24,62.596101707311945
2008-02-25,66.47853357995785
2008-02-26,69.07854012924791
2008-02-27,67.65075252538719
2008-02-28,69.44046745814373
2008-02-29,76.86278382031233
2008-03-01,99.57809720151087
2008-03-02,77.98672457566926
2008-03-03,80.60163908201162
2008-03-04,74.14814481282389
2008-03-05,63.45643956556438
2008-03-06,77.34257511811771
2008-03-07,84.8850288622693
2008-03-08,94.95980528251131
2008-03-09,66.86113494726396
2008-03-10,71.06123450980041
2008-03-11,80.6740671121103
2008-03-12,76.24466942487564
2008-03-13,80.98482528105535
2008-03-14,67.52341385917704
2008-03-15,69.87307794586945
2008-03-16,68.37759597122833
2008-03-17,61.942688291427004
2008-03-18,66.266497730057
2008-03-19,55.72214156166613
2008-03-20,59.29080653377394
2008-03-21,56.815705706589014
2008-03-22,61.043194367724
2008-03-23,75.28629279872018
2008-03-24,73.47563028631342
2008-03-25,61.194832913009016
2008-03-26,55.57665353339914
2008-03-27,76.47857196186537
2008-03-28,67.27993629381508
2008-03-29,75.34351933012948
2008-03-30,54.245753400166876
2008-03-31,70.71027286711858
2008-04-01,64.62794964851125
2008-04-02,74.24416483901793
2008-04-03,64.80832876836199
2008-04-04,63.28904577265514
2008-04-05,83.929206781666693
2008-04-06,58.32165160893928
2008-04-07,72.02365910559976
2008-04-08,74.81355735700483
2008-04-09,84.60849031137752
2008-04-10,69.20197888414287
2008-04-11,84.62122118422302
2008-04-12,95.98145538021788
2008-04-13,71.28262109972583
2008-04-14,63.452977026785064
2008-04-15,73.09629788731773
2008-04-16,70.02384748106697
2008-04-17,71.27549023948258
2008-04-18,75.30824631493647
2008-04-19,87.08648565671925
2008-04-20,63.5306236848873
2008-04-21,69.93604218136824
2008-04-22,67.2689632635442
2008-04-23,59.98803104484401
2008-04-24,69.09634917522905
2008-04-25,62.4132409081719
2008-04-26,67.94456459938468
2008-04-27,61.807675608269435
2008-04-28,68.88693213251307
2008-04-29,70.80074813309034
2008-04-30,76.60574446927853
2008-05-01,58.595369914581006
2008-05-02,60.518628675826406
2008-05-03,55.8765189764743
2008-05-04,61.708905251788735
2008-05-05,58.449710403535676
2008-05-06,54.26795484243369
2008-05-07,48.82820816710074
2008-05-08,62.11696188650925
2008-05-09,50.65211493030511
2008-05-10,42.986535232818504
2008-05-11,43.078301540004645
2008-05-12,47.76320953416055
2008-05-13,54.89450464201043
2008-05-14,56.35477112789418
2008-05-15,52.412353313009476
2008-05-16,49.708773164578936
2008-05-17,72.32793356173664
2008-05-18,56.87348847787593
2008-05-19,58.18302884756166
2008-05-20,52.95704287927513
2008-05-21,62.32764591358086
2008-05-22,60.79696691824509
2008-05-23,55.83220268959678
2008-05-24,49.456256575440605
2008-05-25,52.80025746648997
2008-05-26,51.52215623183099
2008-05-27,48.909170813468606
2008-05-28,50.462359806362315
2008-05-29,56.11463713273203
2008-05-30,42.52004679533425
2008-05-31,44.093748066256424
2008-06-01,51.5778618365826
2008-06-02,47.60976219985703
2008-06-03,49.162227510520765
2008-06-04,43.50954434873022
2008-06-05,53.32164744042907
2008-06-06,40.627815255137584
2008-06-07,47.9709437264525
2008-06-08,43.39741669847033
2008-06-09,47.399958059111185
2008-06-10,45.369283680318254
2008-06-11,45.08737889380949
2008-06-12,44.273316962474404
2008-06-13,39.036105220337575
2008-06-14,49.300309560891236
2008-06-15,42.797525289269416
2008-06-16,55.03210126601584
2008-06-17,47.496627315180504
2008-06-18,51.922819488604475
2008-06-19,42.68379505682461
2008-06-20,37.28386054429667
2008-06-21,15.344328900543914
2008-06-22,41.020134908403605
2008-06-23,39.03659573448592
2008-06-24,48.00949138219376
2008-06-25,38.854425744193065
2008-06-26,26.799939080937634
2008-06-27,48.34085915591863
2008-06-28,36.927794164545354
2008-06-29,36.9717293607974
2008-06-30,37.85014924480154
2008-07-01,40.70351718010317
2008-07-02,41.723342808710584
2008-07-03,37.48823603087757
2008-07-04,37.978541428862755
2008-07-05,45.56807415646957
2008-07-06,44.16133537536646
2008-07-07,32.12221170065465
2008-07-08,41.70878689730652
2008-07-09,39.58959990990034
2008-07-10,40.38941628322528
2008-07-11,37.93631661159546
2008-07-12,41.622352160250585
2008-07-13,39.170770206483965
2008-07-14,40.37897216574874
2008-07-15,29.8171595396589
2008-07-16,35.12479746904844
2008-07-17,47.44652333724859
2008-07-18,38.80744159372955
2008-07-19,46.90476898651175
2008-07-20,13.992871652618973
2008-07-21,34.55752499215563
2008-07-22,58.480266443504206
2008-07-23,54.44221737730763
2008-07-24,50.39247099837588
2008-07-25,19.630767287214375
2008-07-26,45.14258776125435
2008-07-27,20.39523666635745
2008-07-28,49.1203816674709
2008-07-29,53.02856688782727
2008-07-30,50.03177579924579
2008-07-31,55.29146258849792
2008-08-01,54.451206038506626
2008-08-02,16.495973238097385
2008-08-03,48.572555597931824
2008-08-04,48.53312687669174
2008-08-05,54.52386450373129
2008-08-06,49.086906165474964
2008-08-07,39.64300445090459
2008-08-08,51.586821041020485
2008-08-09,49.7652497847174
2008-08-10,38.87431631136039
2008-08-11,53.14626701419638
2008-08-12,63.73408730099257
2008-08-13,50.51195303942591
2008-08-14,50.511380632300856
2008-08-15,68.02587923169763
2008-08-16,63.27340313365052
2008-08-17,59.063219686111594
2008-08-18,56.68242517537572
2008-08-19,68.26843969561024
2008-08-20,67.15196603492943
2008-08-21,55.825510106331734
2008-08-22,64.28687080409424
2008-08-23,59.77223853176328
2008-08-24,48.45353268820408
2008-08-25,61.481302330278396
2008-08-26,66.1846262761184
2008-08-27,65.58237814832077
2008-08-28,70.94501945764806
2008-08-29,54.5659989845923
2008-08-30,55.891932030774555
2008-08-31,54.46156406006422
2008-09-01,55.726813384719534
2008-09-02,58.56437004696845
2008-09-03,60.868763210724666
2008-09-04,80.41780419577086
2008-09-05,59.31104510847864
2008-09-06,64.79970136201575
2008-09-07,85.46881834607346
2008-09-08,61.27973359968628
2008-09-09,66.60510799976795
2008-09-10,66.62726579423438
2008-09-11,60.071571456022696
2008-09-12,64.51457806015911
2008-09-13,76.33363726331949
2008-09-14,69.16391945044785
2008-09-15,76.65069170318407
2008-09-16,61.62826545205059
2008-09-17,65.02947070696194
2008-09-18,73.71575663589427
2008-09-19,76.35473610913509
2008-09-20,70.46938462270069
2008-09-21,60.88989996143488
2008-09-22,60.06666403308246
2008-09-23,62.68955554588277
2008-09-24,72.41218564593372
2008-09-25,74.94521920388632
2008-09-26,70.62408661907094
2008-09-27,69.84713036039311
2008-09-28,69.46130464966244
2008-09-29,71.28165239949253
2008-09-30,83.15724502536585
2008-10-01,86.3039800007923
2008-10-02,77.99162761331851
2008-10-03,73.8770469471879
2008-10-04,52.20370606361857
2008-10-05,79.603564252553
2008-10-06,74.72791409823819
2008-10-07,69.44780428326791
2008-10-08,66.90079918486649
2008-10-09,66.81855447651515
2008-10-10,75.90967820998027
2008-10-11,71.8345055909893
2008-10-12,76.06058236521649
2008-10-13,81.95548022920401
2008-10-14,65.56946846038706
2008-10-15,83.99280152188823
2008-10-16,81.9465491267726
2008-10-17,84.51574488789042
2008-10-18,85.86389981347851
2008-10-19,64.66796125324726
2008-10-20,75.96206210785209
2008-10-21,91.62681373308479
2008-10-22,84.47687214722423
2008-10-23,80.59840170666362
2008-10-24,88.77967895009598
2008-10-25,100.16534125961304
2008-10-26,91.07400223498304
2008-10-27,86.97683715638254
2008-10-28,87.73967386736324
2008-10-29,91.01449954445249
2008-10-30,86.93966036634998
2008-10-31,100.06866177471228
2008-11-01,101.68866134091235
2008-11-02,85.50792376207205
2008-11-03,92.14664293373467
2008-11-04,96.58687131804784
2008-11-05,84.77149482639807
2008-11-06,105.55982189693982
2008-11-07,105.32427191243971
2008-11-08,105.98651177484605
2008-11-09,85.81065142327024
2008-11-10,92.11157249116181
2008-11-11,97.51815415646324
2008-11-12,76.26934152842351
2008-11-13,85.52247514537171
2008-11-14,97.10140122368999
2008-11-15,103.76082307123131
2008-11-16,117.57623517243988
2008-11-17,105.3709615336075
2008-11-18,81.635595534966
2008-11-19,90.64695027042275
2008-11-20,104.22887195217473
2008-11-21,95.01023975857005
2008-11-22,94.38733933613679
2008-11-23,78.20918172798409
2008-11-24,88.22209769201491
2008-11-25,84.17443896420465
2008-11-26,82.97189781290682
2008-11-27,78.97924348411492
2008-11-28,90.71223417729023
2008-11-29,80.33432052432737
2008-11-30,96.9525134100973
2008-12-01,95.46099115823375
2008-12-02,82.12178818669818
2008-12-03,91.24169394482824
2008-12-04,85.29378712292706
2008-12-05,82.22617447665576
2008-12-06,91.79214000647418
2008-12-07,75.67521084311076
2008-12-08,90.15052275629266
2008-12-09,93.42344762273137
2008-12-10,79.9929268490674
2008-12-11,77.49842557822605
2008-12-12,88.28795662481771
2008-12-13,78.28179112644465
2008-12-14,87.39614694622068
2008-12-15,77.46442710658391
2008-12-16,82.66440936379405
2008-12-17,81.52338750810162
2008-12-18,89.04284121623579
2008-12-19,88.19322699586849
2008-12-20,88.07760991616561
2008-12-21,79.19040842094942
2008-12-22,98.89399541333867
2008-12-23,83.85911095455307
2008-12-24,58.10257184108522
2008-12-25,73.28066001685967
2008-12-26,90.88596530827823
2008-12-27,97.90378810742999
2008-12-28,101.8477694215641
2008-12-29,87.29412283357408
2008-12-30,85.77330615036244
2008-12-31,88.59509171959706
2009-01-01,80.56706255474916
2009-01-02,95.93525509861692
2009-01-03,91.78521973724123
2009-01-04,78.7681618585122
2009-01-05,76.96046137274766
2009-01-06,78.24986301877564
2009-01-07,80.97985665203312
2009-01-08,75.69130493344609
2009-01-09,89.95658692637794
2009-01-10,82.51776315571549
2009-01-11,72.89688302557629
2009-01-12,79.04771349745982
2009-01-13,80.24065571104505
2009-01-14,76.87822614664888
2009-01-15,83.96190448834588
2009-01-16,81.35038519609876
2009-01-17,85.85647212789009
2009-01-18,98.22327263339639
2009-01-19,77.41355108925806
2009-01-20,77.34387430533067
2009-01-21,74.87470499377672
2009-01-22,73.43259372652852
2009-01-23,72.74919618141011
2009-01-24,88.9251716660732
2009-01-25,72.04847632556894
2009-01-26,80.9243384896765
2009-01-27,66.98243591541473
2009-01-28,69.66938390484741
2009-01-29,75.83631069364414
2009-01-30,82.4488612542376
2009-01-31,79.64022129718575
2009-02-01,88.6095922405074
2009-02-02,69.44121460687333
2009-02-03,73.09986766714005
2009-02-04,73.34457303294971
2009-02-05,85.46579657510928
2009-02-06,78.46976912582095
2009-02-07,70.67099064957878
2009-02-08,72.6690618583938
2009-02-09,71.84731600038792
2009-02-10,63.30846919663993
2009-02-11,65.09867709435458
2009-02-12,54.20741409606816
2009-02-13,73.100169125844
2009-02-14,75.41013966384097
2009-02-15,62.44808450419035
2009-02-16,65.95360791174508
2009-02-17,54.71620108655175
2009-02-18,68.05862809847756
2009-02-19,71.55024827575551
2009-02-20,85.89485813825458
2009-02-21,60.85014390075801
2009-02-22,75.44350832676352
2009-02-23,66.45826377313932
2009-02-24,63.00976915637275
2009-02-25,72.2091490033766
2009-02-26,68.6978649039529
2009-02-27,62.1363124449802
2009-02-28,80.02978460553679
2009-03-01,71.07291124943391
2009-03-02,67.10448972419562
2009-03-03,71.65944042604404
2009-03-04,65.33440469944316
2009-03-05,77.9826883481191
2009-03-06,73.57906616382056
2009-03-07,84.9957175706678
2009-03-08,75.80490088663407
2009-03-09,83.28403825844455
2009-03-10,76.3051883529812
2009-03-11,57.21636399212163
2009-03-12,65.66543871542282
2009-03-13,83.06956824069253
2009-03-14,76.28822883014293
2009-03-15,76.44936180591182
2009-03-16,77.64142711297524
2009-03-17,65.58541055575193
2009-03-18,71.70340011362453
2009-03-19,68.62427497060445
2009-03-20,78.26970202996998
2009-03-21,64.68154216817018
2009-03-22,63.817934506378634
2009-03-23,65.54291410846389
2009-03-24,56.707609202261864
2009-03-25,59.85294282396951
2009-03-26,76.32063657696528
2009-03-27,65.85904219528865
2009-03-28,85.62550022179664
2009-03-29,82.21949061618574
2009-03-30,55.78300448441905
2009-03-31,58.53997522048
2009-04-01,60.37391317333122
2009-04-02,75.02950857169395
2009-04-03,49.916434811922734
2009-04-04,61.136109459437805
2009-04-05,82.75202172522346
2009-04-06,59.81428971536572
2009-04-07,59.14064955998757
2009-04-08,65.43547491469232
2009-04-09,52.19976400313084
2009-04-10,39.626427041839776
2009-04-11,47.3716855995807
2009-04-12,40.41660568604735
2009-04-13,54.765243308030705
2009-04-14,70.1576021706032
2009-04-15,68.44947774866945
2009-04-16,65.56091297794667
2009-04-17,67.34903872925362
2009-04-18,57.635788676970904
2009-04-19,62.01192228094369
2009-04-20,62.21364603531412
2009-04-21,59.04599290474673
2009-04-22,61.16306726596058
2009-04-23,63.935929575155534
2009-04-24,74.47570434878239
2009-04-25,49.84730010811733
2009-04-26,67.13262328580447
2009-04-27,64.42282651073617
2009-04-28,70.4978382989667
2009-04-29,74.02011105100884
2009-04-30,62.212326678280185
2009-05-01,45.189001922309686
2009-05-02,55.576528987748446
2009-05-03,69.66771913881166
2009-05-04,60.95388155424244
2009-05-05,57.00739529295027
2009-05-06,65.40898745442736
2009-05-07,63.148132439520616
2009-05-08,60.4219144771844
2009-05-09,76.68529689496559
2009-05-10,60.2149116714039
2009-05-11,61.00580466397904
2009-05-12,52.82731841219658
2009-05-13,65.86818912087946
2009-05-14,64.90822455373886
2009-05-15,71.20855174703657
2009-05-16,67.48676428255584
2009-05-17,51.81800769913634
2009-05-18,60.53760915422963
2009-05-19,61.568101262659205
2009-05-20,65.84451513374896
2009-05-21,59.61420427701215
2009-05-22,64.68014483818992
2009-05-23,41.59572151569508
2009-05-24,42.68807705365738
2009-05-25,52.27592765575047
2009-05-26,49.160071894673685
2009-05-27,57.290240489965434
2009-05-28,56.47352323009892
2009-05-29,53.552700320995264
2009-05-30,60.329761452402884
2009-05-31,49.273611301697585
2009-06-01,55.47491031365371
2009-06-02,60.453617144545966
2009-06-03,48.3928982122502
2009-06-04,47.7682144319936
2009-06-05,44.290230665526295
2009-06-06,73.98417211852097
2009-06-07,50.308995011512636
2009-06-08,58.76865225448015
2009-06-09,63.337918651471504
2009-06-10,47.17818800833696
2009-06-11,55.10296206519992
2009-06-12,55.64886908743963
2009-06-13,46.937498827957775
2009-06-14,62.697668347175615
2009-06-15,56.771312691322684
2009-06-16,68.84758914754659
2009-06-17,50.12911489064302
2009-06-18,63.8677428501386
2009-06-19,60.34236647513387
2009-06-20,55.72073115431567
2009-06-21,47.85608231678469
2009-06-22,54.63323983240058
2009-06-23,60.957835606192205
2009-06-24,55.08980555542059
2009-06-25,48.63504160182811
2009-06-26,45.81996680739283
2009-06-27,57.04292364737053
2009-06-28,54.1277583320342
2009-06-29,41.449256367992234
2009-06-30,46.43530372504369
2009-07-01,40.61559995299986
2009-07-02,42.314585002523486
2009-07-03,42.976203378001514
2009-07-04,36.85169403648234
2009-07-05,46.41489392632887
2009-07-06,35.72055156748951
2009-07-07,39.586342713442654
2009-07-08,36.27637729869226
2009-07-09,49.673299964345304
2009-07-10,23.693147454738785
2009-07-11,46.352857316541915
2009-07-12,47.48038940367732
2009-07-13,42.11311133103845
2009-07-14,36.20620285785503
2009-07-15,33.42875653743606
2009-07-16,33.331811676926954
2009-07-17,40.42561706972577
2009-07-18,41.4942148662655
2009-07-19,31.237804712624083
2009-07-20,30.58282398123814
2009-07-21,44.62781478639069
2009-07-22,41.439802830422686
2009-07-23,33.765143403565155
2009-07-24,40.18668078829933
2009-07-25,47.55554321767204
2009-07-26,48.559347920476945
2009-07-27,41.124497149717946
2009-07-28,48.194430411842774
2009-07-29,40.359642138251616
2009-07-30,33.302793743866275
2009-07-31,55.1329529443516
2009-08-01,15.098134291834096
2009-08-02,40.737546730703514
2009-08-03,49.33989844248107
2009-08-04,45.86955938155614
2009-08-05,45.95758629629397
2009-08-06,42.627026811970815
2009-08-07,36.884172144006996
2009-08-08,42.41458269644589
2009-08-09,40.43415594697019
2009-08-10,33.760557549630704
2009-08-11,54.125503551607736
2009-08-12,48.7993347244618
2009-08-13,49.62729740927209
2009-08-14,45.622755815339225
2009-08-15,52.69543194618962
2009-08-16,48.65531457427858
2009-08-17,60.01612284237989
2009-08-18,57.39415351531298
2009-08-19,66.68463364781698
2009-08-20,50.38644426711449
2009-08-21,56.9357354565139
2009-08-22,61.04105488939306
2009-08-23,47.00425973800682
2009-08-24,42.47259449064158
2009-08-25,56.43559393107469
2009-08-26,61.45505115183108
2009-08-27,59.74480681041203
2009-08-28,64.24215349681914
2009-08-29,64.393934708459
2009-08-30,62.57396560366219
2009-08-31,64.67431167733257
2009-09-01,71.00460100014661
2009-09-02,74.09211638755718
2009-09-03,69.30791828595136
2009-09-04,70.88457668910817
2009-09-05,64.93527294640097
2009-09-06,59.37616454716228
2009-09-07,68.18150039378152
2009-09-08,72.29883364348169
2009-09-09,61.26273574263482
2009-09-10,70.02505460554235
2009-09-11,70.74506684716084
2009-09-12,84.48780172753888
2009-09-13,66.64101574858105
2009-09-14,60.15126198622891
2009-09-15,62.54151592855894
2009-09-16,75.23606667113394
2009-09-17,65.44014181124115
2009-09-18,75.34056500902865
2009-09-19,72.73085718976411
2009-09-20,74.51671062127461
2009-09-21,73.57202674824993
2009-09-22,70.97018285822084
2009-09-23,79.65879247874558
2009-09-24,63.27720000639138
2009-09-25,76.366388841004
2009-09-26,83.2365641921051
2009-09-27,65.81060760631453
2009-09-28,67.31656662722149
2009-09-29,64.55297835090244
2009-09-30,67.61371765648005
2009-10-01,66.15720721606311
2009-10-02,61.127154982735064
2009-10-03,79.87403990481421
2009-10-04,49.160504010909136
2009-10-05,77.33335792351744
2009-10-06,75.10102856503332
2009-10-07,62.72351223419858
2009-10-08,73.4755048320116
2009-10-09,77.36952839730148
2009-10-10,92.3175664107552
2009-10-11,82.42856583339503
2009-10-12,72.64838356236199
2009-10-13,77.2663547375817
2009-10-14,79.73285935325615
2009-10-15,78.68553393501318
2009-10-16,85.47224701360065
2009-10-17,90.40680066388323
2009-10-18,95.4862958980049
2009-10-19,83.12252034192034
2009-10-20,91.15202337129588
2009-10-21,91.46573727458102
2009-10-22,92.04690562784069
2009-10-23,94.8410247638084
2009-10-24,97.29882362363551
2009-10-25,92.711694165103
2009-10-26,101.39864303897261
2009-10-27,105.34447740964508
2009-10-28,91.85444667043822
2009-10-29,92.9079693191858
2009-10-30,106.0280208538114
2009-10-31,98.20824969177973
2009-11-01,90.06988486725812
2009-11-02,100.5535357662961
2009-11-03,95.84781784255006
2009-11-04,106.54398377777122
2009-11-05,111.71117647654252
2009-11-06,99.2739014540559
2009-11-07,123.16936739489603
2009-11-08,114.16473927006615
2009-11-09,108.95723024679387
2009-11-10,96.41055096753192
2009-11-11,103.30752893412341
2009-11-12,90.17058603730793
2009-11-13,101.9473961762225
2009-11-14,102.84495519908452
2009-11-15,105.9914930034945
2009-11-16,97.03294881621268
2009-11-17,92.25575878453408
2009-11-18,89.92084528651769
2009-11-19,88.55231455059781
2009-11-20,94.65751637803612
2009-11-21,99.11274382969204
2009-11-22,92.92846212635646
2009-11-23,85.68716531453475
2009-11-24,91.40984421160023
2009-11-25,87.48848970248613
2009-11-26,94.99845198482151
2009-11-27,90.51636804663376
2009-11-28,90.20998327725273
2009-11-29,107.02175073192745
2009-11-30,89.29045364032788
2009-12-01,92.42919445068402
2009-12-02,98.62876397449777
2009-12-03,101.49018223995807
2009-12-04,90.14550420887724
2009-12-05,96.1251876926196
2009-12-06,89.10632433039405
2009-12-07,89.12852249922867
2009-12-08,88.00728038847411
2009-12-09,94.93339101595409
2009-12-10,99.10599542995894
2009-12-11,95.12208392399742
2009-12-12,99.11843907484499
2009-12-13,92.51737706942933
2009-12-14,87.8958709514523
2009-12-15,87.76190804119166
2009-12-16,92.82763287996121
2009-12-17,92.31282838987218
2009-12-18,99.50053849621861
2009-12-19,97.88758740932478
2009-12-20,88.94986890451892
2009-12-21,93.45630343154379
2009-12-22,87.18881594679874
2009-12-23,85.24177455448101
2009-12-24,87.81643749946122
2009-12-25,85.72201175200057
2009-12-26,92.95368579153144
2009-12-27,77.40302942309151
2009-12-28,81.32483359009152
2009-12-29,89.73310001669613
2009-12-30,83.0799769521094
2009-12-31,83.6380431072192
2010-01-01,72.33420976300633
2010-01-02,79.22765660298263
2010-01-03,69.7019661200952
2010-01-04,82.44577822183507
2010-01-05,80.3604904220564
2010-01-06,90.0792766569551
2010-01-07,83.76141354113042
2010-01-08,78.31259334757625
2010-01-09,94.93201749799881
2010-01-10,94.1317869449246
2010-01-11,86.2703739424852
2010-01-12,83.15492864920046
2010-01-13,81.87494726440453
2010-01-14,80.20110773085302
2010-01-15,83.01005205465327
2010-01-16,99.72479430133505
2010-01-17,95.35736328205343
2010-01-18,89.46001337072323
2010-01-19,82.63651929245302
2010-01-20,87.02946160938545
2010-01-21,71.30964074735057
2010-01-22,83.10817382712239
2010-01-23,77.81281735165908
2010-01-24,78.63535515511803
2010-01-25,76.08190936750007
2010-01-26,72.47985093068363
2010-01-27,70.5435858699355
2010-01-28,65.50484200852345
2010-01-29,71.66843588391318
2010-01-30,102.56511387123095
2010-01-31,76.08667397600318
2010-02-01,71.23526460815727
2010-02-02,71.31200308165616
2010-02-03,73.43218793785569
2010-02-04,65.1178082121221
2010-02-05,77.76514955718389
2010-02-06,68.7074648065112
2010-02-07,82.22156705534252
2010-02-08,78.93089734116431
2010-02-09,77.84661877446447
2010-02-10,61.629559788904835
2010-02-11,75.60926889161799
2010-02-12,83.49733704046137
2010-02-13,71.48435259249317
2010-02-14,72.3754088794833
2010-02-15,62.1241896037983
2010-02-16,68.18954354268467
2010-02-17,79.43518133559996
2010-02-18,69.0266708047162
2010-02-19,72.11711810671302
2010-02-20,68.6477851845561
2010-02-21,54.66059329453442
2010-02-22,60.30746327807785
2010-02-23,61.974094814960644
2010-02-24,59.34569937090478
2010-02-25,66.97479594357935
2010-02-26,66.97004291757217
2010-02-27,70.5399761966444
2010-02-28,75.39334811399856
2010-03-01,65.26419102215286
2010-03-02,66.94729266863614
2010-03-03,66.5042297218436
2010-03-04,77.01678786864025
2010-03-05,75.87695800042515
2010-03-06,84.95480234374662
2010-03-07,71.71357187940689
2010-03-08,69.09991954181525
2010-03-09,79.73020246460929
2010-03-10,88.44296647251902
2010-03-11,77.94032374257021
2010-03-12,90.49682588925901
2010-03-13,83.48700949490214
2010-03-14,74.46678576069552
2010-03-15,67.51709203068916
2010-03-16,67.87064257473301
2010-03-17,65.86704180637022
2010-03-18,75.59436662602255
2010-03-19,69.07772148280549
2010-03-20,74.89577664941395
2010-03-21,69.70257612768506
2010-03-22,65.34904877344721
2010-03-23,69.28174951471732
2010-03-24,58.758497082133715
2010-03-25,69.46908627279807
2010-03-26,71.62729736797081
2010-03-27,87.44894393313498
2010-03-28,77.65770609623299
2010-03-29,68.11295565168942
2010-03-30,64.90920498521191
2010-03-31,61.00241565029958
2010-04-01,50.55609864645365
2010-04-02,56.53439169661511
2010-04-03,47.54100915323568
2010-04-04,54.234289777428295
2010-04-05,60.28357929113423
2010-04-06,61.66371286831108
2010-04-07,52.87363191114994
2010-04-08,57.326378495370605
2010-04-09,56.908710900494924
2010-04-10,85.31848338484251
2010-04-11,68.99838896878073
2010-04-12,68.85383182587839
2010-04-13,66.41033749233603
2010-04-14,75.82306894660198
2010-04-15,62.398201659820344
2010-04-16,66.72281430370428
2010-04-17,62.700421583333856
2010-04-18,62.33943189879567
2010-04-19,55.8051209382549
2010-04-20,50.34278539442743
2010-04-21,63.32772010043374
2010-04-22,66.91920167212498
2010-04-23,52.32895356912491
2010-04-24,70.81074125703734
2010-04-25,43.80676452474252
2010-04-26,55.35513509405262
2010-04-27,59.187099324538686
2010-04-28,37.034601463451885
2010-04-29,58.38333945035082
2010-04-30,61.849549679225575
2010-05-01,73.52971744146636
2010-05-02,59.66881787328498
2010-05-03,58.041995392148586
2010-05-04,59.99514562004268
2010-05-05,61.30184548841377
2010-05-06,67.79858399750685
2010-05-07,60.76834470091258
2010-05-08,59.80026308806475
2010-05-09,61.80837946345592
2010-05-10,49.124466853112956
2010-05-11,54.47621158883467
2010-05-12,56.328981841204204
2010-05-13,62.27382563687362
2010-05-14,53.588566065670705
2010-05-15,63.547899027360046
2010-05-16,56.05951324174421
2010-05-17,51.55826226298604
2010-05-18,60.91209112473596
2010-05-19,67.68491011412996
2010-05-20,65.57062767143758
2010-05-21,56.78308445113953
2010-05-22,50.5130734746797
2010-05-23,47.498541626046304
2010-05-24,47.95685447113419
2010-05-25,51.17586746000148
2010-05-26,57.27943182016009
2010-05-27,54.13528792663399
2010-05-28,57.75120666458485
2010-05-29,66.11460562568847
2010-05-30,60.44138228094188
2010-05-31,57.36785874820029
2010-06-01,57.0282071859408
2010-06-02,61.16629050945782
2010-06-03,56.90158127147969
2010-06-04,46.917522695807236
2010-06-05,39.264444429286755
2010-06-06,42.26102044883122
2010-06-07,41.0950039245494
2010-06-08,32.14374650897935
2010-06-09,50.08559132821908
2010-06-10,45.40069007296467
2010-06-11,35.0360187599719
2010-06-12,52.92681315963233
2010-06-13,57.846096603606334
2010-06-14,39.68666360289211
2010-06-15,39.505195395375516
2010-06-16,43.01235683949658
2010-06-17,42.76159301186828
2010-06-18,44.11979034487649
2010-06-19,49.09953125253332
2010-06-20,44.753202208441365
2010-06-21,41.345894491714674
2010-06-22,46.726679513205205
2010-06-23,46.47204997517999
2010-06-24,48.02856081151785
2010-06-25,54.275753010115146
2010-06-26,14.914547640208884
2010-06-27,42.835336689146224
2010-06-28,48.39053108497595
2010-06-29,36.544500776050256
2010-06-30,39.2973061370587
2010-07-01,35.91934830862461
2010-07-02,27.02810907968183
2010-07-03,8.39716537598983
2010-07-04,42.28239985750342
2010-07-05,28.67031802545849
2010-07-06,37.598787866738476
2010-07-07,31.969206897941817
2010-07-08,47.538455994024915
2010-07-09,40.38579433387953
2010-07-10,38.47579652753591
2010-07-11,27.493325100581416
2010-07-12,43.107628953229764
2010-07-13,37.77015844980548
2010-07-14,36.10150511396998
2010-07-15,34.07650411915637
2010-07-16,40.0138294446752
2010-07-17,37.8128217772057
2010-07-18,39.951492083445665
2010-07-19,33.593521489660645
2010-07-20,45.37208393636493
2010-07-21,36.77976924543425
2010-07-22,43.23802789319578
2010-07-23,45.7614991120859
2010-07-24,44.42242944875151
2010-07-25,28.321911069744846
2010-07-26,46.93072013056484
2010-07-27,35.25792607817374
2010-07-28,43.4323124119311
2010-07-29,48.242095297577805
2010-07-30,37.20926377072234
2010-07-31,49.10957233185728
2010-08-01,31.07918958680926
2010-08-02,40.878095292222696
2010-08-03,37.44960821860314
2010-08-04,42.26127410557901
2010-08-05,60.143290746223116
2010-08-06,54.19831389626188
2010-08-07,58.10355593711543
2010-08-08,41.85605750747211
2010-08-09,49.88011474921622
2010-08-10,40.83522069988172
2010-08-11,45.16297448299126
2010-08-12,57.37263843786725
2010-08-13,54.051170484994785
2010-08-14,42.108436911621695
2010-08-15,51.800259999375385
2010-08-16,58.95202807888071
2010-08-17,54.44003420905412
2010-08-18,55.43831498223936
2010-08-19,46.382899737336
2010-08-20,53.370273767414545
2010-08-21,72.9119608902829
2010-08-22,47.58227624020245
2010-08-23,60.75170688016172
2010-08-24,47.620259569412895
2010-08-25,66.31028231026248
2010-08-26,65.64025618887399
2010-08-27,63.805990412256634
2010-08-28,68.11986774639789
2010-08-29,53.02209154348225
2010-08-30,60.55706732772033
2010-08-31,46.71632632547675
2010-09-01,44.43913403791491
2010-09-02,52.87580006457354
2010-09-03,49.75374569943755
2010-09-04,68.0793225195223
2010-09-05,52.97611671911636
2010-09-06,60.44399646024246
2010-09-07,51.769132848497975
2010-09-08,65.41765232499156
2010-09-09,63.97616387134014
2010-09-10,56.176178877218035
2010-09-11,63.753587409360755
2010-09-12,46.58059242581012
2010-09-13,55.91484005982153
2010-09-14,66.93448054600682
2010-09-15,66.35646995427281
2010-09-16,63.170343066586064
2010-09-17,68.71364747833093
2010-09-18,60.7808905594744
2010-09-19,55.67398986117284
2010-09-20,69.77526642771826
2010-09-21,63.30267455173402
2010-09-22,65.90826178994811
2010-09-23,71.86390896963705
2010-09-24,84.51359917501318
2010-09-25,61.99561821000921
2010-09-26,57.25636494606109
2010-09-27,56.30877890129586
2010-09-28,57.687287246155066
2010-09-29,63.50768174523765
2010-09-30,61.023607113085774
2010-10-01,77.06949552798379
2010-10-02,74.92530464209956
2010-10-03,59.55540440502081
2010-10-04,68.30120886001252
2010-10-05,61.2465001399091
2010-10-06,61.53597599664294
2010-10-07,77.52959415151234
2010-10-08,63.75847346451494
2010-10-09,80.54332119010519
2010-10-10,76.73358122231049
2010-10-11,63.74254904199388
2010-10-12,61.56703708943067
2010-10-13,67.68873711250035
2010-10-14,70.50175719890298
2010-10-15,71.8845075911592
2010-10-16,78.00890770213122
2010-10-17,79.41582018323328
2010-10-18,86.4366806776032
2010-10-19,78.54314857431481
2010-10-20,86.25939047443254
2010-10-21,88.05077455483519
2010-10-22,68.35849061969945
2010-10-23,91.27554783032006
2010-10-24,82.15062006084042
2010-10-25,81.30573226396376
2010-10-26,66.69536631520525
2010-10-27,73.18364217430289
2010-10-28,78.6424742315011
2010-10-29,81.46179655268288
2010-10-30,80.03154321035176
2010-10-31,91.52575079811336
2010-11-01,74.7233998079391
2010-11-02,82.77879416114048
2010-11-03,85.10068116857751
2010-11-04,92.15448938372259
2010-11-05,86.22949356686547
2010-11-06,104.35721012496752
2010-11-07,98.23566113614582
2010-11-08,93.06795689298681
2010-11-09,84.95278379398263
2010-11-10,83.4886118085754
2010-11-11,75.23758298209599
2010-11-12,72.27519179013585
2010-11-13,95.08849511092085
2010-11-14,84.50756998399095
2010-11-15,81.62688151307
2010-11-16,72.09000847572301
2010-11-17,86.48820356334633
2010-11-18,85.37485146626432
2010-11-19,86.46067742516236
2010-11-20,100.21110998828067
2010-11-21,90.02811204236433
2010-11-22,79.40844810528645
2010-11-23,65.93701928512733
2010-11-24,80.01930142832325
2010-11-25,87.28657947057003
2010-11-26,75.74592641940441
2010-11-27,80.78266947432948
2010-11-28,89.15504845043841
2010-11-29,64.44607944156544
2010-11-30,80.18210662189571
2010-12-01,70.41751290585421
2010-12-02,75.1083533621489
2010-12-03,81.8437031064597
2010-12-04,78.41389549637886
2010-12-05,86.28647627655167
2010-12-06,83.79965161549401
2010-12-07,76.93956407675805
2010-12-08,87.48338747095767
2010-12-09,79.76196886536052
2010-12-10,83.71634201358283
2010-12-11,79.72640861831441
2010-12-12,72.39530589325078
2010-12-13,84.89915527143657
2010-12-14,74.03452094903517
2010-12-15,75.35702555920858
2010-12-16,73.57104276292422
2010-12-17,80.61789487974292
2010-12-18,81.87281636996391
2010-12-19,88.74044091098278
2010-12-20,82.67573352275517
2010-12-21,77.83901764292538
2010-12-22,62.22704534504928
2010-12-23,75.24514818346888
2010-12-24,61.34605155342298
2010-12-25,63.18102121296199
2010-12-26,77.26674144946578
2010-12-27,86.02541107998732
2010-12-28,65.5072993881556
2010-12-29,82.12762601516164
2010-12-30,78.99739474152791
2010-12-31,67.38706708028556
2011-01-01,64.80611003136106
2011-01-02,76.51997225184014
2011-01-03,62.20327456065672
2011-01-04,72.10349121307719
2011-01-05,70.44309946154442
2011-01-06,64.71509844222079
2011-01-07,69.84872129066731
2011-01-08,78.78444815667042
2011-01-09,67.99054620784693
2011-01-10,76.38359867924623
2011-01-11,63.89773414364245
2011-01-12,74.335002665197
2011-01-13,77.90918452868623
2011-01-14,78.9137888771139
2011-01-15,95.79748783561325
2011-01-16,76.4343968979034
2011-01-17,72.74188242607376
2011-01-18,75.12663490986637
2011-01-19,87.07713053955618
2011-01-20,76.02049702016363
2011-01-21,87.01793854130456
2011-01-22,94.70059576164587
2011-01-23,68.84876966878365
2011-01-24,67.72055863595214
2011-01-25,71.3552734961141
2011-01-26,78.2460576708156
2011-01-27,74.34095754245398
2011-01-28,69.0991104540255
2011-01-29,72.38217022832768
2011-01-30,71.77921198464873
2011-01-31,64.75646847735779
2011-02-01,67.07916861169082
2011-02-02,62.49598177777951
2011-02-03,71.93776507583024
2011-02-04,65.4015591435326
2011-02-05,78.29333305028678
2011-02-06,74.46917084398663
2011-02-07,77.16153818139836
2011-02-08,73.48990761717225
2011-02-09,72.24771615808415
2011-02-10,81.55754000735405
2011-02-11,79.47707039011853
2011-02-12,85.93087319972426
2011-02-13,85.89166641479487
2011-02-14,76.27342382043815
2011-02-15,70.292103264993
2011-02-16,66.20346665535516
2011-02-17,75.54631982772082
2011-02-18,72.55960789226445
2011-02-19,69.99484660190592
2011-02-20,74.47291604983316
2011-02-21,71.26266925386135
2011-02-22,74.66892275189907
2011-02-23,68.40524040141818
2011-02-24,73.18057918720636
2011-02-25,79.91767637791263
2011-02-26,71.8759746692138
2011-02-27,68.84586779183265
2011-02-28,64.32693750166236
2011-03-01,75.29196215425074
2011-03-02,85.70426251527871
2011-03-03,55.37927639184516
2011-03-04,69.31506771669824
2011-03-05,66.59747543928884
2011-03-06,63.87932891647007
2011-03-07,62.69866560265833
2011-03-08,60.17594450788054
2011-03-09,54.92816027869445
2011-03-10,60.40349181372173
2011-03-11,56.2077706549141
2011-03-12,63.47311216212644
2011-03-13,62.811639031993785
2011-03-14,50.3712667307433
2011-03-15,64.4581471747077
2011-03-16,65.35732073941986
2011-03-17,78.49441191332761
2011-03-18,65.83161308534432
2011-03-19,71.51156518853406
2011-03-20,66.55308146712275
2011-03-21,63.126787482430544
2011-03-22,55.6542176192734
2011-03-23,64.27667741116753
2011-03-24,59.5330566139187
2011-03-25,71.2456982154261
2011-03-26,66.1399063124206
2011-03-27,68.09832554751779
2011-03-28,64.03219647607433
2011-03-29,62.86396779955823
2011-03-30,67.94794353915151
2011-03-31,60.43293508978422
2011-04-01,66.68377206567789
2011-04-02,48.33284449790271
2011-04-03,55.090937997667886
2011-04-04,61.96762415232523
2011-04-05,58.87418856213346
2011-04-06,52.09608091115179
2011-04-07,60.350317649162655
2011-04-08,50.27447492248764
2011-04-09,60.62882582407961
2011-04-10,65.26528038433734
2011-04-11,57.794944753979564
2011-04-12,57.40443794452766
2011-04-13,66.64303101103538
2011-04-14,66.65953534708117
2011-04-15,58.326070000139595
2011-04-16,63.177266792279525
2011-04-17,55.98875947795112
2011-04-18,42.52967759600382
2011-04-19,54.39756504018432
2011-04-20,46.48477340829826
2011-04-21,53.11873402459655
2011-04-22,34.88895485676776
2011-04-23,38.827938764873224
2011-04-24,42.621823297439065
2011-04-25,50.10544960215007
2011-04-26,44.50729756009789
2011-04-27,56.686964182874874
2011-04-28,60.480878091849604
2011-04-29,55.01692024399075
2011-04-30,58.4754184384373
2011-05-01,48.18127748847772
2011-05-02,48.83945844290383
2011-05-03,59.242411856768896
2011-05-04,55.17206268807598
2011-05-05,52.81163772531056
2011-05-06,64.40176641883268
2011-05-07,64.53230568378143
2011-05-08,53.68833948167787
2011-05-09,53.780937661126465
2011-05-10,50.31950684403567
2011-05-11,61.551460912319826
2011-05-12,54.13501788229834
2011-05-13,61.076529333998586
2011-05-14,65.93990556288446
2011-05-15,58.86349273551332
2011-05-16,51.072382938835545
2011-05-17,56.52048090653622
2011-05-18,60.717193259204144
2011-05-19,63.12583135462211
2011-05-20,70.53241025430306
2011-05-21,47.499998078371064
2011-05-22,64.38641181406685
2011-05-23,53.30468081274951
2011-05-24,52.54547560824195
2011-05-25,56.07104896048102
2011-05-26,51.80590638888626
2011-05-27,50.88633724783682
2011-05-28,48.81757414775383
2011-05-29,61.70027639204823
2011-05-30,40.78931768734161
2011-05-31,47.87097812758872
2011-06-01,59.4651295500438
2011-06-02,51.81678827543689
2011-06-03,48.07065205437118
2011-06-04,51.46233415398997
2011-06-05,55.1490543693381
2011-06-06,56.89394027085439
2011-06-07,50.236086264385065
2011-06-08,51.03877014492267
2011-06-09,53.37261449215802
2011-06-10,50.126494777833074
2011-06-11,71.22080288560151
2011-06-12,43.26336680244222
2011-06-13,47.089854856948065
2011-06-14,53.584908136616946
2011-06-15,58.05250100865386
2011-06-16,48.685483312798766
2011-06-17,53.12332019765442
2011-06-18,59.357603258769295
2011-06-19,59.766321667090004
2011-06-20,51.25921968910117
2011-06-21,53.508000296501294
2011-06-22,58.121742967974924
2011-06-23,52.00834108169667
2011-06-24,53.86416920508702
2011-06-25,36.58645084924609
2011-06-26,55.18577196875939
2011-06-27,42.805833856691805
2011-06-28,48.62073347942153
2011-06-29,47.54027674622765
2011-06-30,50.29823653022076
2011-07-01,48.44176669672342
2011-07-02,38.08957358408428
2011-07-03,35.476488663810876
2011-07-04,40.04851549532064
2011-07-05,44.735813293370754
2011-07-06,43.85154662669735
2011-07-07,43.4386231999319
2011-07-08,38.12499610986681
2011-07-09,40.053245919076076
2011-07-10,48.95502830263934
2011-07-11,34.437420556961605
2011-07-12,33.19650868588361
2011-07-13,37.91990991729276
2011-07-14,47.9367634514676
2011-07-15,41.17574881726251
2011-07-16,49.77109854982366
2011-07-17,42.12526876169196
2011-07-18,45.799854588757206
2011-07-19,44.7974060804619
2011-07-20,51.22954098643595
2011-07-21,51.28684767291084
2011-07-22,55.02707774234743
2011-07-23,40.301503705105794
2011-07-24,49.17309800831816
2011-07-25,48.59196464717055
2011-07-26,46.138830717653214
2011-07-27,46.44263576622556
2011-07-28,53.12602814038946
2011-07-29,39.15331741587867
2011-07-30,38.20171598080727
2011-07-31,36.0489747783394
2011-08-01,26.6511320951605
2011-08-02,34.89191930138616
2011-08-03,47.11157832264281
2011-08-04,46.022542279692814
2011-08-05,46.77078394456345
2011-08-06,46.87411834470532
2011-08-07,38.18416693703755
2011-08-08,39.86388768595587
2011-08-09,53.99294908076025
2011-08-10,41.728510544825426
2011-08-11,41.64506833066793
2011-08-12,36.97110233383471
2011-08-13,40.31879567208319
2011-08-14,40.41768683190151
2011-08-15,42.13545007763226
2011-08-16,43.92910555445256
2011-08-17,53.04394994972095
2011-08-18,43.74989118227827
2011-08-19,55.23552116651696
2011-08-20,50.789272494963015
2011-08-21,48.13219134169408
2011-08-22,51.554830349342154
2011-08-23,47.30454303172483
2011-08-24,52.08576341503673
2011-08-25,53.353394460382816
2011-08-26,51.71121088694684
2011-08-27,59.43596542204616
2011-08-28,51.97415261747869
2011-08-29,59.33884613584745
2011-08-30,53.152633949012724
2011-08-31,49.51617536691213
2011-09-01,57.28483300420338
2011-09-02,50.85295947776227
2011-09-03,52.632466126518814
2011-09-04,50.465290983748744
2011-09-05,59.07364148483345
2011-09-06,50.838694349827946
2011-09-07,62.70423804043055
2011-09-08,52.76727461075359
2011-09-09,68.41121873116387
2011-09-10,52.27747161764202
2011-09-11,47.23403867574401
2011-09-12,56.481631505687915
2011-09-13,55.131314265373
2011-09-14,51.36758876937392
2011-09-15,64.10872970127384
2011-09-16,60.68381588243616
2011-09-17,67.96856323609757
2011-09-18,60.68700083814764
2011-09-19,62.48433341282443
2011-09-20,71.44086696638003
2011-09-21,62.04324905886729
2011-09-22,65.0530278113251
2011-09-23,62.14022185542553
2011-09-24,74.9736351758655
2011-09-25,64.9116854351224
2011-09-26,53.70634726859366
2011-09-27,57.72662430480503
2011-09-28,65.97039934953675
2011-09-29,56.43343801818595
2011-09-30,61.98791972620889
2011-10-01,54.860207172550886
2011-10-02,50.35610881526987
2011-10-03,61.56040967331466
2011-10-04,55.631893131801206
2011-10-05,64.46224974855244
2011-10-06,62.72906438120967
2011-10-07,66.58460102028812
2011-10-08,74.0988447285213
2011-10-09,68.63444756521115
2011-10-10,51.083156741176104
2011-10-11,56.12847585346724
2011-10-12,55.9967675920051
2011-10-13,66.31908870357658
2011-10-14,63.07862238969305
2011-10-15,75.3236414799933
2011-10-16,59.17984936774734
2011-10-17,68.79588396897331
2011-10-18,66.79963801386583
2011-10-19,76.66091872079312
2011-10-20,75.59110060863992
2011-10-21,75.92370154752561
2011-10-22,76.42536974675534
2011-10-23,59.85498253146207
2011-10-24,69.4972530641277
2011-10-25,73.41920705517734
2011-10-26,75.17640676181433
2011-10-27,71.74997857104191
2011-10-28,89.10223561163392
2011-10-29,83.1576230317625
2011-10-30,75.92037521397071
2011-10-31,70.30997067591021
2011-11-01,69.90261354846305
2011-11-02,85.63125348378256
2011-11-03,65.41645018108422
2011-11-04,84.4978230968505
2011-11-05,83.364858407793207
2011-11-06,78.11305494970321
2011-11-07,73.62884300888823
2011-11-08,71.20233951226356
2011-11-09,70.36394190207582
2011-11-10,72.52245786349086
2011-11-11,77.27537091284657
2011-11-12,82.20758215746655
2011-11-13,75.6461135966421
2011-11-14,68.93315745864128
2011-11-15,77.69977048781797
2011-11-16,73.43952895764399
2011-11-17,75.00362148057413
2011-11-18,74.65134645778626
2011-11-19,85.07745450669975
2011-11-20,78.35349428217711
2011-11-21,69.72812666368122
2011-11-22,65.56420835514317
2011-11-23,76.37877258603194
2011-11-24,69.5679842592958
2011-11-25,81.96210153591088
2011-11-26,78.94470690952247
2011-11-27,71.58500365289638
2011-11-28,70.23625814940726
2011-11-29,73.15423230337137
2011-11-30,67.8609151557892
2011-12-01,76.71145289666339
2011-12-02,78.13366425364411
2011-12-03,80.38429758940438
2011-12-04,75.16532079923833
2011-12-05,74.57242765021023
2011-12-06,67.48997065989504
2011-12-07,71.19003530430153
2011-12-08,66.41891650228517
2011-12-09,75.1808486398625
2011-12-10,82.3814636133092
2011-12-11,86.41069548933334
2011-12-12,71.59006103833143
2011-12-13,73.3410107296031
2011-12-14,67.91507208745972
2011-12-15,74.23051979598267
2011-12-16,78.04962339989541
2011-12-17,79.31045728210334
2011-12-18,83.2354147898323
2011-12-19,79.3978235057937
2011-12-20,71.39452944053633
2011-12-21,74.34570302917359
2011-12-22,69.4207975424478
2011-12-23,80.70371585562765
2011-12-24,54.99519617766857
2011-12-25,50.72721457409344
2011-12-26,81.05630216559422
2011-12-27,86.54419167638254
2011-12-28,81.54730432016268
2011-12-29,84.84974262462887
2011-12-30,72.23343154537238
2011-12-31,77.65940919417099
2012-01-01,84.04652739430351
2012-01-02,79.10923216702999
2012-01-03,71.5790349085712
2012-01-04,77.06119002005283
2012-01-05,74.34101468360137
2012-01-06,68.59445802137665
2012-01-07,85.26778640131496
2012-01-08,78.47412079336833
2012-01-09,67.08144417067301
2012-01-10,70.47763377944528
2012-01-11,77.99600283333362
2012-01-12,74.87761363421983
2012-01-13,75.94848995803274
2012-01-14,90.4665109062073
2012-01-15,79.222442693468
2012-01-16,59.73513873450288
2012-01-17,69.89275307929498
2012-01-18,73.65457912765386
2012-01-19,71.14446809756211
2012-01-20,82.50888599973074
2012-01-21,90.00614479076931
2012-01-22,80.51833550332933
2012-01-23,78.89440854648835
2012-01-24,71.0462870188629
2012-01-25,71.9341668662889
2012-01-26,75.98990340642482
2012-01-27,78.18204060860423
2012-01-28,87.76845757517964
2012-01-29,95.6925334421769
2012-01-30,76.0571465069612
2012-01-31,73.09266565406084
2012-02-01,71.00805963713495
2012-02-02,73.21661395530377
2012-02-03,76.86975041894604
2012-02-04,72.10581520834458
2012-02-05,69.41603920596334
2012-02-06,60.26922543399422
2012-02-07,63.9861650601965
2012-02-08,56.81838560632152
2012-02-09,67.545815586891365
2012-02-10,64.03422246160224
2012-02-11,63.92724539597391
2012-02-12,55.75316462862555
2012-02-13,64.96373307982431
2012-02-14,60.947056196595845
2012-02-15,61.33129173371917
2012-02-16,65.44041842097307
2012-02-17,73.52213870526877
2012-02-18,73.12940442991365
2012-02-19,70.77988633779769
2012-02-20,64.64436704522511
2012-02-21,56.72510803317723
2012-02-22,51.58396277404312
2012-02-23,57.53960523878416
2012-02-24,60.03435597396171
2012-02-25,69.26529920536315
2012-02-26,71.34561628117808
2012-02-27,55.08827558104049
2012-02-28,59.6715480881188
2012-02-29,51.88782397905227
2012-03-01,58.8089169503318
2012-03-02,70.23694297118934
2012-03-03,69.26620977009746
2012-03-04,58.11571846888583
2012-03-05,61.488698475018765
2012-03-06,58.92389525498155
2012-03-07,60.685479114286146
2012-03-08,62.41285482508412
2012-03-09,65.51483007696561
2012-03-10,73.6140532113596
2012-03-11,66.78595833808275
2012-03-12,50.693385545051044
2012-03-13,49.68858203634197
2012-03-14,63.1006870033776
2012-03-15,55.84368037184897
2012-03-16,69.71219026233375
2012-03-17,80.30236479638279
2012-03-18,66.97233306631557
2012-03-19,63.96978200671326
2012-03-20,57.660755883118824
2012-03-21,55.491809629662356
2012-03-22,68.80049083821902
2012-03-23,53.98084721769813
2012-03-24,68.72690795475418
2012-03-25,53.53331968837917
2012-03-26,50.721131022644336
2012-03-27,53.78299214990825
2012-03-28,47.22201848837064
2012-03-29,55.32337115754582
2012-03-30,57.74448638110053
2012-03-31,62.93304982646476
2012-04-01,50.77871876305096
2012-04-02,46.99594123204908
2012-04-03,57.11673863669589
2012-04-04,54.00737167038396
2012-04-05,46.63157277430041
2012-04-06,46.1256313024674
2012-04-07,52.62371941359697
2012-04-08,39.82809357743935
2012-04-09,47.690227503718596
2012-04-10,54.004628565546504
2012-04-11,53.27023816749792
2012-04-12,65.81413868016054
2012-04-13,62.453885115443114
2012-04-14,70.88570775646633
2012-04-15,59.806209379712904
2012-04-16,66.60299464650686
2012-04-17,62.41872802954101
2012-04-18,59.571445993648155
2012-04-19,69.10970994163083
2012-04-20,58.57933833827353
2012-04-21,72.65966076498911
2012-04-22,62.713268892658746
2012-04-23,56.8449558158651
2012-04-24,49.48657685973904
2012-04-25,49.761838961115075
2012-04-26,54.18226593966793
2012-04-27,48.72686697668273
2012-04-28,51.5759698802747
2012-04-29,52.971130175660605
2012-04-30,58.809670339746276
2012-05-01,60.45812786784656
2012-05-02,52.175162225687174
2012-05-03,69.15516330682412
2012-05-04,47.81600825473054
2012-05-05,63.361193245476436
2012-05-06,55.0778154767347
2012-05-07,59.39642970690575
2012-05-08,50.220550639551895
2012-05-09,53.84792181007943
2012-05-10,49.750202603016135
2012-05-11,46.84984171499518
2012-05-12,61.582928860459845
2012-05-13,67.38337617739877
2012-05-14,37.154170155021355
2012-05-15,52.11075187514919
2012-05-16,56.35493492004402
2012-05-17,43.86961392148589
2012-05-18,55.15930006960523
2012-05-19,57.67176294124329
2012-05-20,53.21832670724362
2012-05-21,46.75323752117903
2012-05-22,54.37715468806208
2012-05-23,49.65816251370527
2012-05-24,58.0218854840078
2012-05-25,53.5060104674697
2012-05-26,40.26987445562359
2012-05-27,38.64055981723297
2012-05-28,45.04824736217483
2012-05-29,47.5309728996275
2012-05-30,46.79056003675438
2012-05-31,51.23857117431457
2012-06-01,58.27413057068258
2012-06-02,50.176504561999195
2012-06-03,45.683351462252126
2012-06-04,53.63771335012619
2012-06-05,38.14853719063484
2012-06-06,57.51362688656108
2012-06-07,41.69511445508759
2012-06-08,48.319942999045765
2012-06-09,42.63752284774471
2012-06-10,38.937189134808236
2012-06-11,51.309460868286465
2012-06-12,42.05196083462574
2012-06-13,39.59886620589726
2012-06-14,52.22240675472746
2012-06-15,55.090411774778836
2012-06-16,42.196096835525296
2012-06-17,49.75046397284889
2012-06-18,37.77018970161794
2012-06-19,35.14873282946215
2012-06-20,43.63033144601261
2012-06-21,38.79565226764411
2012-06-22,44.99694249732576
2012-06-23,34.930167393224075
2012-06-24,42.40671149833026
2012-06-25,42.56136581436197
2012-06-26,40.02306988488234
2012-06-27,47.40400683965966
2012-06-28,42.111648968328154
2012-06-29,46.53210526981505
2012-06-30,33.33553866298456
2012-07-01,44.07403528713368
2012-07-02,36.959009404769304
2012-07-03,45.1309847603089
2012-07-04,34.19544395272076
2012-07-05,40.9826451498492
2012-07-06,40.20113602029943
2012-07-07,45.26813265763039
2012-07-08,40.48549223478306
2012-07-09,31.338007745802976
2012-07-10,38.219847649465315
2012-07-11,41.94439293794107
2012-07-12,31.912042896481086
2012-07-13,38.7862967629971
2012-07-14,38.87544719936818
2012-07-15,39.52283978233028
2012-07-16,35.99681274092971
2012-07-17,31.5381397976739
2012-07-18,37.11797534773502
2012-07-19,35.96479927901129
2012-07-20,52.2966866281053
2012-07-21,34.59152761686866
2012-07-22,31.285472325142038
2012-07-23,35.14793259958957
2012-07-24,35.57930772174981
2012-07-25,28.621518952994293
2012-07-26,34.26621826300805
2012-07-27,30.374999105101452
2012-07-28,43.28688875715248
2012-07-29,32.08969908277938
2012-07-30,35.19186401566133
2012-07-31,29.98537445085026
2012-08-01,26.223514389978792
2012-08-02,38.49354107562378
2012-08-03,34.45996373640698
2012-08-04,36.86496363717848
2012-08-05,37.188608565483605
2012-08-06,39.34670724147792
2012-08-07,32.60548678907153
2012-08-08,40.31090320898089
2012-08-09,34.353888790483595
2012-08-10,29.225036909839694
2012-08-11,26.333155258070363
2012-08-12,28.697117457347932
2012-08-13,38.488083565226354
2012-08-14,43.42414039908055
2012-08-15,42.710575921920515
2012-08-16,49.733643425069886
2012-08-17,45.74536365110542
2012-08-18,40.47321826646801
2012-08-19,38.68031898177375
2012-08-20,48.62524952883004
2012-08-21,43.47357772687415
2012-08-22,42.34483650347026
2012-08-23,38.3962456536895
2012-08-24,49.53978865604986
2012-08-25,47.66639780346778
2012-08-26,52.09686426513801
2012-08-27,48.78255831260507
2012-08-28,52.699157285446944
2012-08-29,54.98097763388182
2012-08-30,46.22564715660073
2012-08-31,54.89314536653686
2012-09-01,64.20679168668067
2012-09-02,51.88700850531001
2012-09-03,51.7499543973256
2012-09-04,50.646757593105214
2012-09-05,58.50615799892387
2012-09-06,65.26524354835092
2012-09-07,51.603223075932306
2012-09-08,43.21406538668441
2012-09-09,46.470948126610004
2012-09-10,54.525959323331904
2012-09-11,48.98719199920814
2012-09-12,60.76068737168525
2012-09-13,58.2592224810341
2012-09-14,49.718903823672605
2012-09-15,53.7793408232378
2012-09-16,51.19714933297411
2012-09-17,46.78697019687462
2012-09-18,50.16275478974727
2012-09-19,56.02470275759727
2012-09-20,57.93255037531171
2012-09-21,47.29927934821699
2012-09-22,64.71196834550359
2012-09-23,42.480762195525
2012-09-24,52.519968123089164
2012-09-25,48.942707101639364
2012-09-26,57.43262700946357
2012-09-27,58.70505994723491
2012-09-28,52.290403358711785
2012-09-29,53.8558372555118
2012-09-30,67.67422891795077
2012-10-01,56.54858347327674
2012-10-02,44.57991231808158
2012-10-03,52.337839807374294
2012-10-04,51.981642558568446
2012-10-05,47.93900187954641
2012-10-06,57.51812652578029
2012-10-07,69.44855498127123
2012-10-08,52.977385287722356
2012-10-09,54.86361551483732
2012-10-10,45.18685378333917
2012-10-11,60.17358353656807
2012-10-12,56.58424569020136
2012-10-13,60.78883032922423
2012-10-14,61.26917348821903
2012-10-15,62.17353774066791
2012-10-16,49.8473254849253
2012-10-17,58.08127939220748
2012-10-18,60.37639768570306
2012-10-19,69.14360525000174
2012-10-20,59.22562191728665
2012-10-21,50.68118573909255
2012-10-22,69.06601808251307
2012-10-23,64.13264469321014
2012-10-24,69.89370835624699
2012-10-25,73.20033730540577
2012-10-26,72.59727963785994
2012-10-27,70.93311354377998
2012-10-28,71.23703357389637
2012-10-29,67.85530196228547
2012-10-30,67.64618031733906
2012-10-31,68.47323499787042
2012-11-01,72.8960579973607
2012-11-02,82.29625767459129
2012-11-03,93.3195300045913
2012-11-04,80.5402504973709
2012-11-05,75.62796956507698
2012-11-06,76.30176046749094
2012-11-07,75.71884299908388
2012-11-08,62.675841728532845
2012-11-09,77.5585770840622
2012-11-10,83.32005125266244
2012-11-11,86.41600936510834
2012-11-12,72.34269686537132
2012-11-13,77.07889474654417
2012-11-14,74.4919944370548
2012-11-15,76.80198351793292
2012-11-16,73.02738666315423
2012-11-17,78.58252097583461
2012-11-18,81.72732237587087
2012-11-19,63.658369699175466
2012-11-20,66.8411518738986
2012-11-21,74.9066652662773
2012-11-22,75.57815715826077
2012-11-23,68.78854146478862
2012-11-24,77.54834378447246
2012-11-25,76.64867926928875
2012-11-26,73.31941162531005
2012-11-27,72.57651547820178
2012-11-28,66.36966118123885
2012-11-29,71.54261538760598
2012-11-30,64.56880573612062
2012-12-01,71.80790137232547
2012-12-02,75.38733116016301
2012-12-03,67.71054254408146
2012-12-04,60.249255281516845
2012-12-05,63.938500483858476
2012-12-06,61.470069396859586
2012-12-07,55.728663480343634
2012-12-08,59.19229369433493
2012-12-09,63.81063038851787
2012-12-10,56.05068433341411
2012-12-11,59.05199281336377
2012-12-12,62.147869042030884
2012-12-13,70.84969254989025
2012-12-14,62.55977515856016
2012-12-15,77.47299999325797
2012-12-16,70.07404170490837
2012-12-17,52.51120238081715
2012-12-18,57.92500576255727
2012-12-19,64.24413138037035
2012-12-20,64.96122943508652
2012-12-21,61.14967720884816
2012-12-22,69.2455644175831
2012-12-23,64.09161088963056
2012-12-24,50.85426885003271
2012-12-25,64.92402597307691
2012-12-26,68.64494925277417
2012-12-27,84.14512430759615
2012-12-28,80.33789354404244
2012-12-29,78.6959631800441
2012-12-30,74.24980278874955
2012-12-31,67.51337021874899
2013-01-01,61.77388340855482
2013-01-02,66.13511927913541
2013-01-03,70.33290751552235
2013-01-04,73.76347339891467
2013-01-05,73.81045978909428
2013-01-06,67.99168171086359
2013-01-07,58.26311607562132
2013-01-08,61.66462731740674
2013-01-09,69.7485297674443
2013-01-10,68.79313973957866
2013-01-11,76.67947790834985
2013-01-12,80.58894243710593
2013-01-13,64.11124596032477
2013-01-14,61.08966290457509
2013-01-15,73.56257802202914
2013-01-16,67.64119975162417
2013-01-17,70.02578810991585
2013-01-18,74.0748211351617
2013-01-19,93.87637571737581
2013-01-20,68.31503257516346
2013-01-21,61.09324861706328
2013-01-22,64.02652203286472
2013-01-23,51.28671184939888
2013-01-24,63.50734094502203
2013-01-25,62.36677598206682
2013-01-26,86.40338994508434
2013-01-27,69.97603334698057
2013-01-28,51.660170486433856
2013-01-29,51.483576609297224
2013-01-30,58.60926948867578
2013-01-31,60.20316589032187
2013-02-01,61.49798008818036
2013-02-02,71.56511234081906
2013-02-03,53.37304623832569
2013-02-04,55.306012323523085
2013-02-05,55.15851796967222
2013-02-06,51.723013723304845
2013-02-07,57.67876879496156
2013-02-08,63.432473678766236
2013-02-09,60.004914528992266
2013-02-10,51.932142476148144
2013-02-11,53.02790496083389
2013-02-12,53.012550271484876
2013-02-13,59.61129859134328
2013-02-14,48.60607488661198
2013-02-15,55.449292432667164
2013-02-16,65.24784137149321
2013-02-17,52.57609721432135
2013-02-18,55.38419413586839
2013-02-19,58.443591870644184
2013-02-20,52.49641131993083
2013-02-21,54.38125867343482
2013-02-22,60.67674382941808
2013-02-23,71.64089017422995
2013-02-24,71.93162715867761
2013-02-25,66.29334449068703
2013-02-26,65.37724756011775
2013-02-27,67.82097288615253
2013-02-28,62.24568913278087
2013-03-01,69.41711842825129
2013-03-02,82.23779705427741
2013-03-03,71.72653824923518
2013-03-04,57.791518372566706
2013-03-05,55.05750295796526
2013-03-06,55.07164586990974
2013-03-07,55.016331730116185
2013-03-08,67.63791582387144
2013-03-09,67.3766015001451
2013-03-10,65.10549425879297
2013-03-11,64.34564122993834
2013-03-12,53.55823658069492
2013-03-13,60.996841111960656
2013-03-14,50.83232739703858
2013-03-15,58.88866239721999
2013-03-16,61.68571795058504
2013-03-17,60.229785268503065
2013-03-18,54.18775595650081
2013-03-19,54.830091524862745
2013-03-20,54.24063448043208
2013-03-21,68.58713021671146
2013-03-22,58.75839382643813
2013-03-23,57.35826041171741
2013-03-24,63.91712740745427
2013-03-25,51.10545871429794
2013-03-26,48.34824130773286
2013-03-27,43.79188082145174
2013-03-28,44.23271325357955
2013-03-29,43.86521240630431
2013-03-30,54.0269258819704
2013-03-31,47.88342149479782
2013-04-01,47.6680478571859
2013-04-02,56.33677648913601
2013-04-03,52.28788948934791
2013-04-04,58.26356812507253
2013-04-05,61.18202671562941
2013-04-06,53.596710326823555
2013-04-07,65.36092475913048
2013-04-08,48.292824035170774
2013-04-09,52.81017784748593
2013-04-10,56.19660726066314
2013-04-11,50.25728952756809
2013-04-12,53.962104008503744
2013-04-13,67.62583923798984
2013-04-14,49.840902175475534
2013-04-15,42.78241904702236
2013-04-16,51.28058765029966
2013-04-17,42.999917207692505
2013-04-18,54.56940764144392
2013-04-19,62.37475863726053
2013-04-20,60.37822295398452
2013-04-21,59.31357345922104
2013-04-22,56.60860417174116
2013-04-23,43.94464111502173
2013-04-24,40.059342599635485
2013-04-25,48.998515326634035
2013-04-26,48.510222460151944
2013-04-27,64.56709806568378
2013-04-28,39.13968255904328
2013-04-29,60.46971554998239
2013-04-30,49.73105251797814
2013-05-01,35.97196629207403
2013-05-02,49.51225910405868
2013-05-03,65.19465078132455
2013-05-04,71.14490508761008
2013-05-05,52.26865392233404
2013-05-06,49.41117982481367
2013-05-07,46.13639308615764
2013-05-08,37.949526319086765
2013-05-09,48.07268429090252
2013-05-10,54.28489296947649
2013-05-11,61.53504090842793
2013-05-12,50.00177156672013
2013-05-13,45.20453537585846
2013-05-14,47.07624625443447
2013-05-15,48.1032631915006
2013-05-16,50.70068508831487
2013-05-17,52.453413041558285
2013-05-18,47.122441572917694
2013-05-19,41.95306737199059
2013-05-20,45.28955344786013
2013-05-21,47.13607381217625
2013-05-22,48.16348926873781
2013-05-23,50.65272655550606
2013-05-24,53.478803705526005
2013-05-25,59.81024790686236
2013-05-26,58.70686757267993
2013-05-27,47.02308301793873
2013-05-28,47.37206381685087
2013-05-29,54.18566529307006
2013-05-30,54.24792959718326
2013-05-31,53.79786221385504
2013-06-01,53.84175434954403
2013-06-02,47.129383430616
2013-06-03,41.771022510463474
2013-06-04,40.45011480992437
2013-06-05,46.78930866549179
2013-06-06,44.620858695304804
2013-06-07,36.82946635903349
2013-06-08,51.4416318775708
2013-06-09,53.54679107921384
2013-06-10,44.79520287235843
2013-06-11,44.383807194805044
2013-06-12,40.36612126079629
2013-06-13,43.70297852310854
2013-06-14,40.775904649394484
2013-06-15,47.283042466995056
2013-06-16,33.63943049588085
2013-06-17,34.362863458745515
2013-06-18,34.89566189568578
2013-06-19,34.49987892425152
2013-06-20,36.12730208124836
2013-06-21,41.45508338281136
2013-06-22,45.451766792632405
2013-06-23,48.953348077121944
2013-06-24,35.150814535575634
2013-06-25,37.74202042053437
2013-06-26,27.105880980526116
2013-06-27,36.3725990187839
2013-06-28,36.958343801440456
2013-06-29,41.475298449263995
2013-06-30,35.36578350574176
2013-07-01,35.4393633773028
2013-07-02,31.04320751297475
2013-07-03,32.30731406309273
2013-07-04,35.81029292630905
2013-07-05,28.671616653751904
2013-07-06,24.50975957792719
2013-07-07,36.87610994771113
2013-07-08,27.6951297472909
2013-07-09,27.25360406507212
2013-07-10,28.074015162947244
2013-07-11,23.994764575525082
2013-07-12,20.04730833807596
2013-07-13,33.80819952768959
2013-07-14,24.489101231206977
2013-07-15,32.089864284316384
2013-07-16,28.367248821964502
2013-07-17,33.715423299242886
2013-07-18,30.826178958578744
2013-07-19,32.04335460486187
2013-07-20,34.280990536462944
2013-07-21,27.140744284868727
2013-07-22,26.44135644042995
2013-07-23,28.493092577877402
2013-07-24,26.695714477403826
2013-07-25,25.621396541115175
2013-07-26,31.02922075516505
2013-07-27,33.28459387241424
2013-07-28,33.460893182303174
2013-07-29,30.694729570914046
2013-07-30,27.736632339948137
2013-07-31,37.93673149980464
2013-08-01,30.90503260482196
2013-08-02,34.19457097341087
2013-08-03,32.375548104045585
2013-08-04,36.248822949023634
2013-08-05,32.21364411648331
2013-08-06,42.005901671894335
2013-08-07,35.26656397797081
2013-08-08,48.48529833107859
2013-08-09,36.87956579784639
2013-08-10,32.1449591561527
2013-08-11,36.07216070904701
2013-08-12,49.546608387092306
2013-08-13,40.23281140878772
2013-08-14,37.78281734119618
2013-08-15,44.61172507421607
2013-08-16,41.935432085396315
2013-08-17,49.87976250556998
2013-08-18,44.42789953872452
2013-08-19,47.92286781202007
2013-08-20,49.42963621243864
2013-08-21,45.25847031513166
2013-08-22,48.59436516186632
2013-08-23,45.23055310245258
2013-08-24,54.49298577085452
2013-08-25,48.00425113972376
2013-08-26,50.068963883614146
2013-08-27,45.995272387331255
2013-08-28,50.74337259120712
2013-08-29,41.63816929921066
2013-08-30,47.25833278703334
2013-08-31,46.807178112430456
2013-09-01,44.242784023694
2013-09-02,51.734640052135745
2013-09-03,50.7669879930567
2013-09-04,41.8765164914409
2013-09-05,45.926996563572196
2013-09-06,42.74615986918905
2013-09-07,44.35273574384768
2013-09-08,49.55981660711932
2013-09-09,54.05063901597988
2013-09-10,51.26108801736656
2013-09-11,48.95250707779215
2013-09-12,63.999625659228315
2013-09-13,56.67716320214597
2013-09-14,60.12564344753468
2013-09-15,57.17102980212978
2013-09-16,56.08241958960162
2013-09-17,49.882860436530734
2013-09-18,54.80718381637567
2013-09-19,52.339631523661794
2013-09-20,57.2391412584077
2013-09-21,53.19863500197195
2013-09-22,41.776574009316725
2013-09-23,51.6355868014333
2013-09-24,45.496454517501064
2013-09-25,51.22570288736166
2013-09-26,50.92682982773605
2013-09-27,48.8830235551285
2013-09-28,54.310879432958885
2013-09-29,43.5290110558993
2013-09-30,50.14299255980942
2013-10-01,47.51965000536652
2013-10-02,60.756002035372774
2013-10-03,56.44318058875534
2013-10-04,56.585420050963855
2013-10-05,62.79278635442004
2013-10-06,58.113143016987294
2013-10-07,57.54382457008251
2013-10-08,51.052881756225204
2013-10-09,57.52762645490237
2013-10-10,51.702408676307876
2013-10-11,48.91413850049644
2013-10-12,72.18882293113145
2013-10-13,59.27057930595105
2013-10-14,52.75886116205032
2013-10-15,53.45870146238413
2013-10-16,57.00950497661048
2013-10-17,55.2938559723314
2013-10-18,60.320162849627735
2013-10-19,52.96889268059343
2013-10-20,68.99692634224002
2013-10-21,71.53284552670034
2013-10-22,57.06237170422761
2013-10-23,62.1577396632429
2013-10-24,76.72507452368019
2013-10-25,68.98621602594909
2013-10-26,68.93380259714854
2013-10-27,74.17337721543929
2013-10-28,67.90262493243242
2013-10-29,63.941278317798805
2013-10-30,76.37741427038318
2013-10-31,71.26547607944187
2013-11-01,80.739696281714
2013-11-02,77.07461434436142
2013-11-03,77.44426686139427
2013-11-04,76.39954358338147
2013-11-05,63.077659943845084
2013-11-06,65.89215124726002
2013-11-07,69.6454400404001
2013-11-08,67.40185769503272
2013-11-09,75.07628668123766
2013-11-10,75.51533227658192
2013-11-11,73.05325203636497
2013-11-12,77.79424177118554
2013-11-13,72.16174840434466
2013-11-14,72.3906034011482
2013-11-15,66.67365660478202
2013-11-16,87.61474311268769
2013-11-17,75.37307916734646
2013-11-18,66.79741676126875
2013-11-19,68.32801961528692
2013-11-20,62.10966939667351
2013-11-21,67.86567375665273
2013-11-22,69.39216403354703
2013-11-23,73.50095762611878
2013-11-24,76.97192267351521
2013-11-25,72.55353839729068
2013-11-26,68.28581351107297
2013-11-27,64.0294153892638
2013-11-28,70.3839447417221
2013-11-29,66.8210609519709
2013-11-30,76.95506433622727
2013-12-01,68.51755020045849
2013-12-02,64.06344746118256
2013-12-03,63.324411795101774
2013-12-04,65.22706591658175
2013-12-05,58.96539040445593
2013-12-06,61.119968066400496
2013-12-07,68.06815055524197
2013-12-08,63.151948053070505
2013-12-09,67.98619698512111
2013-12-10,61.20656096960521
2013-12-11,60.399914015032856
2013-12-12,68.1826132571306
2013-12-13,67.85022466785526
2013-12-14,79.32731413864607
2013-12-15,82.28679929847712
2013-12-16,84.66737658546158
2013-12-17,76.80865042134663
2013-12-18,78.8364449399962
2013-12-19,102.49082421706272
2013-12-20,107.72139822732957
2013-12-21,87.88664500521628
2013-12-22,73.10821467389201
2013-12-23,69.94478255719379
2013-12-24,65.51582120964426
2013-12-25,63.041462495861055
2013-12-26,71.37706902923277
2013-12-27,69.59178371284644
2013-12-28,75.46341786585424
2013-12-29,63.02965835625427
2013-12-30,69.89638365248521
2013-12-31,60.575057196597186
2014-01-01,64.0468657413287
2014-01-02,68.15418906100139
2014-01-03,66.65802167282915
2014-01-04,74.40502922387296
2014-01-05,74.86623358969297
2014-01-06,68.5994791593295
2014-01-07,69.53802879016972
2014-01-08,69.01229670959486
2014-01-09,62.10435716767114
2014-01-10,68.44462940319214
2014-01-11,85.39611439941974
2014-01-12,77.2690173651635
2014-01-13,74.62063432101803
2014-01-14,69.19937737111238
2014-01-15,75.69709813592536
2014-01-16,79.42194499440288
2014-01-17,75.61080623745144
2014-01-18,94.31824590453313
2014-01-19,82.24179284516467
2014-01-20,66.42844057982617
2014-01-21,63.28331601066805
2014-01-22,74.60226189999823
2014-01-23,68.06010841701874
2014-01-24,74.82608062761292
2014-01-25,85.41523884830953
2014-01-26,80.38810115556352
2014-01-27,70.04012845482785
2014-01-28,70.06946356923204
2014-01-29,73.23080981566825
2014-01-30,67.51575878854224
2014-01-31,78.2828488990663
2014-02-01,79.36850877430884
2014-02-02,73.60673430633193
2014-02-03,59.60846255998932
2014-02-04,54.026522885688266
2014-02-05,57.51113421697906
2014-02-06,58.85376065434285
2014-02-07,57.43514606561524
2014-02-08,78.98538254030017
2014-02-09,59.705607573161934
2014-02-10,51.29077938559475
2014-02-11,49.044872345742206
2014-02-12,55.248813189403585
2014-02-13,55.54618070422803
2014-02-14,63.488363136457274
2014-02-15,61.83423781113128
2014-02-16,69.70333765914656
2014-02-17,63.01232998262152
2014-02-18,61.14909203701208
2014-02-19,58.11199985149432
2014-02-20,59.02539788095484
2014-02-21,68.59563269156705
2014-02-22,79.32970514504481
2014-02-23,67.6958824048513
2014-02-24,54.93065542793236
2014-02-25,51.803920359646064
2014-02-26,57.510644231476356
2014-02-27,50.51619522213912
2014-02-28,54.3677875707879
2014-03-01,70.00462639755737
2014-03-02,59.51496947692384
2014-03-03,55.996128803624174
2014-03-04,53.61161538150779
2014-03-05,52.093084885025554
2014-03-06,56.32233978702928
2014-03-07,57.96006423849722
2014-03-08,60.78372061547244
2014-03-09,45.555085235184556
2014-03-10,49.149279268355315
2014-03-11,52.84928626907128
2014-03-12,51.01987548295825
2014-03-13,58.41998460583178
2014-03-14,54.990875584220916
2014-03-15,71.32380110449677
2014-03-16,63.67863671029847
2014-03-17,57.56185697069884
2014-03-18,55.791077261343204
2014-03-19,62.39146240607897
2014-03-20,51.62259938883677
2014-03-21,57.18234246330839
2014-03-22,66.67524815077128
2014-03-23,57.049507114396945
2014-03-24,55.86792793714389
2014-03-25,65.00892086907636
2014-03-26,47.57514166451397
2014-03-27,53.47863417524399
2014-03-28,61.18476658220919
2014-03-29,64.05201691820467
2014-03-30,56.98184306562651
2014-03-31,59.44763814103153
2014-04-01,52.866557863642754
2014-04-02,59.63973778603951
2014-04-03,66.01453141656006
2014-04-04,66.11832648278116
2014-04-05,70.13272580986725
2014-04-06,53.83449389029845
2014-04-07,52.47964169154149
2014-04-08,48.1458647961223
2014-04-09,49.68852582894431
2014-04-10,46.03842151232965
2014-04-11,49.60647673151221
2014-04-12,60.929380127782686
2014-04-13,52.367666557285965
2014-04-14,42.2403171939277
2014-04-15,43.897462046829254
2014-04-16,43.2510242235422
2014-04-17,32.65319054949502
2014-04-18,37.99918808198139
2014-04-19,39.47798121369658
2014-04-20,31.253080949952547
2014-04-21,34.892517460257864
2014-04-22,40.57076019528223
2014-04-23,41.90947104296201
2014-04-24,52.25878001509222
2014-04-25,47.333525986036406
2014-04-26,55.30986274635248
2014-04-27,50.42673540401952
2014-04-28,46.7734921439085
2014-04-29,53.94344247393045
2014-04-30,52.7499673822399
2014-05-01,55.93942215469268
2014-05-02,49.77073986986681
2014-05-03,67.3173581858382
2014-05-04,46.43692473764847
2014-05-05,54.64368092812167
2014-05-06,53.60567248298659
2014-05-07,56.5904619300395
2014-05-08,55.067796113525425
2014-05-09,61.71694423938412
2014-05-10,50.575593175991834
2014-05-11,57.400623799692326
2014-05-12,55.45845381973959
2014-05-13,54.074048415582666
2014-05-14,49.624759246753676
2014-05-15,50.63051852869146
2014-05-16,56.353379376992436
2014-05-17,70.61724837430664
2014-05-18,41.56458533799356
2014-05-19,48.23551053717637
2014-05-20,46.110668900720675
2014-05-21,42.053482496256194
2014-05-22,46.09590059443959
2014-05-23,58.69720481241499
2014-05-24,55.63932011519842
2014-05-25,53.08999188951074
2014-05-26,36.670466398099315
2014-05-27,49.45000728425819
2014-05-28,43.52915311848627
2014-05-29,46.48028295475459
2014-05-30,45.48995543046465
2014-05-31,51.15777125913113
2014-06-01,43.55916454431728
2014-06-02,38.670935217492726
2014-06-03,42.42246069411391
2014-06-04,46.64988103392197
2014-06-05,43.58669230570719
2014-06-06,44.74589801113782
2014-06-07,45.761742447884444
2014-06-08,27.416643805374296
2014-06-09,36.14886224394072
2014-06-10,42.64178060556803
2014-06-11,38.509638836834796
2014-06-12,34.48620980780342
2014-06-13,40.56731950635341
2014-06-14,48.36720787281004
2014-06-15,44.87117530667412
2014-06-16,32.6220635357909
2014-06-17,39.326423784571986
2014-06-18,40.951957854010104
2014-06-19,42.99456386728168
2014-06-20,34.29215014042724
2014-06-21,47.376305210582935
2014-06-22,47.74930233426436
2014-06-23,40.847432395138995
2014-06-24,40.35625580658346
2014-06-25,47.48332201579028
2014-06-26,38.010555983131866
2014-06-27,41.92543566478538
2014-06-28,51.44597573134649
2014-06-29,50.20317255465293
2014-06-30,39.63151812588743
2014-07-01,34.288691903869186
2014-07-02,45.3132493993699
2014-07-03,32.24712363507737
2014-07-04,40.63144229711158
2014-07-05,42.75449369236185
2014-07-06,39.48323640276368
2014-07-07,35.07524883279244
2014-07-08,38.654237922242736
2014-07-09,32.576564514372635
2014-07-10,49.31189154458465
2014-07-11,42.70499566613705
2014-07-12,53.81255811308023
2014-07-13,41.309553329672994
2014-07-14,37.09853018547116
2014-07-15,29.707768925188653
2014-07-16,35.103756693200225
2014-07-17,42.48563454055959
2014-07-18,31.134124544567143
2014-07-19,17.567883896280904
2014-07-20,37.97211229618352
2014-07-21,37.47097916904302
2014-07-22,35.271745390792745
2014-07-23,37.61341644857669
2014-07-24,34.63433851394636
2014-07-25,35.45821852835666
2014-07-26,52.42889529188614
2014-07-27,47.30730294879682
2014-07-28,41.28650808163087
2014-07-29,37.72081470999658
2014-07-30,42.916314394114636
2014-07-31,29.63605847458888
2014-08-01,35.91785456261172
2014-08-02,40.66414178646769
2014-08-03,32.222584015606145
2014-08-04,42.29500690335289
2014-08-05,35.90376020083184
2014-08-06,39.233057150863885
2014-08-07,40.878264078575725
2014-08-08,43.12030772005539
2014-08-09,45.959188073744855
2014-08-10,36.447291613107424
2014-08-11,41.090127565983934
2014-08-12,34.797501848036816
2014-08-13,42.7937807059917
2014-08-14,50.72254292096919
2014-08-15,39.26299732623781
2014-08-16,59.601823305512205
2014-08-17,43.027393073240326
2014-08-18,34.43600620609344
2014-08-19,47.802209308117845
2014-08-20,54.36155527180399
2014-08-21,47.271263888191406
2014-08-22,45.98629848896964
2014-08-23,47.62195761435869
2014-08-24,43.25579256498138
2014-08-25,48.93429382250646
2014-08-26,51.50858961735991
2014-08-27,46.48391255837808
2014-08-28,36.94622234959759
2014-08-29,57.8473668992878
2014-08-30,50.554111902508836
2014-08-31,49.61578878384912
2014-09-01,51.197729150355855
2014-09-02,48.27853965194407
2014-09-03,42.43216294421889
2014-09-04,43.752473906178885
2014-09-05,47.65697719022461
2014-09-06,53.38708404314204
2014-09-07,43.856485821300055
2014-09-08,45.35026254829544
2014-09-09,43.0423904440226
2014-09-10,43.37313323233715
2014-09-11,47.348782120119246
2014-09-12,52.755496453174885
2014-09-13,52.482151699927755
2014-09-14,57.128348576643276
2014-09-15,45.18877437843082
2014-09-16,44.839582896923254
2014-09-17,44.567770629454316
2014-09-18,50.90132925152332
2014-09-19,43.21902972802899
2014-09-20,43.69024141678548
2014-09-21,50.039198043895524
2014-09-22,51.15042849043064
2014-09-23,53.19585215495514
2014-09-24,43.563285918722606
2014-09-25,49.489678438901116
2014-09-26,54.673112167555125
2014-09-27,46.501403981111935
2014-09-28,43.28905384369032
2014-09-29,43.44673812880098
2014-09-30,45.16313266991269
2014-10-01,45.74447330782953
2014-10-02,47.91998757429492
2014-10-03,48.196038812369046
2014-10-04,49.297353986389844
2014-10-05,51.79674501223069
2014-10-06,45.44679006300872
2014-10-07,49.09351727628338
2014-10-08,52.87527282881987
2014-10-09,43.71027103142502
2014-10-10,51.92142024755323
2014-10-11,42.89230296500531
2014-10-12,50.36721764915991
2014-10-13,56.12990356898756
2014-10-14,54.746388204210994
2014-10-15,50.9126971923119
2014-10-16,57.59192545654466
2014-10-17,63.31235324496006
2014-10-18,54.32649453154146
2014-10-19,48.530851393084255
2014-10-20,64.24669089550633
2014-10-21,56.49021586883951
2014-10-22,61.26600963980128
2014-10-23,70.99334511596342
2014-10-24,69.97407947646988
2014-10-25,67.13066141936108
2014-10-26,73.19686381226033
2014-10-27,62.31249061919082
2014-10-28,62.25117914342968
2014-10-29,67.17644038588718
2014-10-30,66.08615715426026
2014-10-31,76.304019603306
2014-11-01,77.13655215383548
2014-11-02,71.68869199394226
2014-11-03,72.57923955307871
2014-11-04,64.51256848986866
2014-11-05,66.80430950703266
2014-11-06,79.34609278289334
2014-11-07,83.6066787110252
2014-11-08,78.8481204017112
2014-11-09,74.46246912435161
2014-11-10,73.43819559691507
2014-11-11,68.26165880807521
2014-11-12,76.6435839977937
2014-11-13,68.797751445403
2014-11-14,77.99885705484562
2014-11-15,86.74259429533151
2014-11-16,74.24259916339113
2014-11-17,69.77312913082295
2014-11-18,57.852781011909315
2014-11-19,69.81591484566209
2014-11-20,62.655192595995345
2014-11-21,60.70738006383827
2014-11-22,69.71607782706893
2014-11-23,72.97685185894595
2014-11-24,63.914518818207206
2014-11-25,59.03225450023589
2014-11-26,82.88356434526534
2014-11-27,71.66958584793328
2014-11-28,72.0822310011624
2014-11-29,71.64348884015658
2014-11-30,71.11194812298385
2014-12-01,62.231284842689604
2014-12-02,70.23747795045071
2014-12-03,66.89244805235913
2014-12-04,60.45294350391158
2014-12-05,59.57822915654815
2014-12-06,59.551637503961906
2014-12-07,56.75052020478283
2014-12-08,54.712990308361235
2014-12-09,56.45792143500638
2014-12-10,66.21173665365025
2014-12-11,61.63477117611451
2014-12-12,52.38742058430932
2014-12-13,72.41524158508243
2014-12-14,76.30095771737604
2014-12-15,64.81444117868126
2014-12-16,68.59338886116485
2014-12-17,70.02512442025116
2014-12-18,59.26347542395336
2014-12-19,74.160472655423
2014-12-20,69.6600723882671
2014-12-21,74.89827541080757
2014-12-22,76.67459677027301
2014-12-23,60.76678741644452
2014-12-24,52.19795535300912
2014-12-25,44.59492294046878
2014-12-26,67.47556557402577
2014-12-27,78.91108297347766
2014-12-28,73.13207222047525
2014-12-29,53.93773221997957
2014-12-30,54.876263662142655
2014-12-31,44.63394838541828
2015-01-01,54.72060232504315
2015-01-02,62.76914041653342
2015-01-03,64.01129047566174
2015-01-04,60.36674650174872
2015-01-05,51.597157788364235
2015-01-06,57.503239003768456
2015-01-07,58.96545722075553
2015-01-08,60.74692414883687
2015-01-09,64.0551892373603
2015-01-10,84.18587882849715
2015-01-11,65.5917183137856
2015-01-12,65.64817852942967
2015-01-13,61.81433644438037
2015-01-14,65.36065357555951
2015-01-15,60.186470614632356
2015-01-16,72.98172664611319
2015-01-17,91.29937351139935
2015-01-18,76.86938255113775
2015-01-19,65.38326049215443
2015-01-20,68.11146884543912
2015-01-21,71.36844720406725
2015-01-22,66.29883294759635
2015-01-23,69.8083183478036
2015-01-24,85.11703527075942
2015-01-25,67.14313765031527
2015-01-26,63.76866072141352
2015-01-27,55.67281331809901
2015-01-28,54.93108991256488
2015-01-29,60.49075509693317
2015-01-30,59.16165336037127
2015-01-31,77.38602133157363
2015-02-01,66.55225302535456
2015-02-02,56.48769204485414
2015-02-03,53.05462972978102
2015-02-04,48.73426460131837
2015-02-05,55.106686236984025
2015-02-06,58.150903824629154
2015-02-07,71.82082209621355
2015-02-08,57.07234223253387
2015-02-09,52.909792439444736
2015-02-10,46.385559192651975
2015-02-11,52.39275235132348
2015-02-12,45.639919583116935
2015-02-13,49.591707645173436
2015-02-14,59.572732777453005
2015-02-15,66.38704148964854
2015-02-16,50.11722304629036
2015-02-17,60.98494936667004
2015-02-18,54.610198001224276
2015-02-19,51.314890858189884
2015-02-20,58.705557362515684
2015-02-21,68.73186786596459
2015-02-22,66.83614290588369
2015-02-23,52.76922292813494
2015-02-24,45.51646869359937
2015-02-25,55.342050511542446
2015-02-26,57.82663510397587
2015-02-27,54.78154663543772
2015-02-28,66.110709133243
2015-03-01,59.48379228697215
2015-03-02,64.7870404300843
2015-03-03,62.482922744836685
2015-03-04,57.525488253003786
2015-03-05,55.281623385895834
2015-03-06,55.95258638746784
2015-03-07,67.3874486712094
2015-03-08,58.25701066805983
2015-03-09,57.262236308485754
2015-03-10,59.77418604512192
2015-03-11,54.522398358056556
2015-03-12,51.63687139969129
2015-03-13,62.99184140775874
2015-03-14,77.71936334939507
2015-03-15,56.31089630653686
2015-03-16,54.55719290601158
2015-03-17,47.65188478141267
2015-03-18,58.734509220126995
2015-03-19,56.94546921337793
2015-03-20,60.26383432623441
2015-03-21,72.37933898406907
2015-03-22,64.57914074928617
2015-03-23,66.11756561148317
2015-03-24,60.22309345576044
2015-03-25,62.52678102815753
2015-03-26,63.43531882475166
2015-03-27,58.99062809740899
2015-03-28,57.846813226414596
2015-03-29,49.80678998043055
2015-03-30,46.00370640561948
2015-03-31,41.25645290651727
2015-04-01,41.70598607761673
2015-04-02,35.6351294490374
2015-04-03,32.533983175455965
2015-04-04,54.411942108389965
2015-04-05,39.75107047911889
2015-04-06,46.96036680952702
2015-04-07,48.534538122814865
2015-04-08,46.28490858353208
2015-04-09,51.75028403262726
2015-04-10,52.050137023981144
2015-04-11,65.36479535672999
2015-04-12,45.874466089658576
2015-04-13,39.593558472312594
2015-04-14,42.362735517771
2015-04-15,45.82719997624384
2015-04-16,39.38735113695445
2015-04-17,42.513633735948375
2015-04-18,60.61937841407476
2015-04-19,58.39150452023315
2015-04-20,43.04675914141351
2015-04-21,40.346197172405056
2015-04-22,49.55187172724776
2015-04-23,44.90272791424991
2015-04-24,53.76988655535899
2015-04-25,52.80739165433395
2015-04-26,49.394712061994916
2015-04-27,41.08601009587782
2015-04-28,47.403335160132976
2015-04-29,51.86931381275772
2015-04-30,45.638904363064675
2015-05-01,51.06209253813735
2015-05-02,53.90987391778652
2015-05-03,53.54235050116398
2015-05-04,48.29715258482886
2015-05-05,43.33990836523219
2015-05-06,46.72094749294436
2015-05-07,52.134178410689884
2015-05-08,46.29655718291337
2015-05-09,53.02364237493097
2015-05-10,52.592126331838635
2015-05-11,46.223662462084086
2015-05-12,39.08387896001015
2015-05-13,39.75979412162746
2015-05-14,37.59504209244453
2015-05-15,48.94314510076628
2015-05-16,41.92273352597703
2015-05-17,47.56369981172424
2015-05-18,37.99317713300981
2015-05-19,46.35168923448143
2015-05-20,47.88447242565123
2015-05-21,48.964704354151564
2015-05-22,53.7517220012708
2015-05-23,54.12810963989963
2015-05-24,38.68923358891848
2015-05-25,41.50229026806014
2015-05-26,48.27794454050848
2015-05-27,47.1419601668072
2015-05-28,37.624734583803836
2015-05-29,41.50860206689894
2015-05-30,48.22492470860255
2015-05-31,46.26585948566095
2015-06-01,41.79480483448704
2015-06-02,43.547746300628184
2015-06-03,42.266804781991866
2015-06-04,47.34403153881141
2015-06-05,35.70181489949036
2015-06-06,41.75531413122965
2015-06-07,38.535924896180845
2015-06-08,34.67109997355969
2015-06-09,51.02461038175404
2015-06-10,37.81858442722859
2015-06-11,35.30467037977102
2015-06-12,31.8769763245294
2015-06-13,46.14414887983668
2015-06-14,35.11949188344791
2015-06-15,45.853897678478845
2015-06-16,43.10137168987329
2015-06-17,37.982721868941304
2015-06-18,45.02982533433863
2015-06-19,48.812883584550264
2015-06-20,47.92308892949059
2015-06-21,52.020836952373216
2015-06-22,40.60671672265667
2015-06-23,45.94913293770132
2015-06-24,46.78179809110808
2015-06-25,35.05438253281068
2015-06-26,38.87595397103089
2015-06-27,34.49803992361358
2015-06-28,34.24899779474061
2015-06-29,28.224209896703876
2015-06-30,33.46870113792345
2015-07-01,32.72070696894908
2015-07-02,29.124931141579616
2015-07-03,29.766695843054244
2015-07-04,36.4573252478267
2015-07-05,38.86556296503888
2015-07-06,22.947976953511382
2015-07-07,29.76124844989568
2015-07-08,36.42902402206063
2015-07-09,26.984816520507653
2015-07-10,35.44126873521015
2015-07-11,44.02056934602652
2015-07-12,29.913450999283747
2015-07-13,23.49087462626632
2015-07-14,26.971841347587322
2015-07-15,28.497596330468582
2015-07-16,24.08425848849
2015-07-17,30.11115238388002
2015-07-18,31.416823840126558
2015-07-19,30.08094134509951
2015-07-20,25.45672754172522
2015-07-21,37.9383508788986
2015-07-22,39.81926013505228
2015-07-23,29.690647623404217
2015-07-24,37.3387330608283
2015-07-25,43.308553114171175
2015-07-26,40.086466774897985
2015-07-27,35.67357971610359
2015-07-28,32.08763481311153
2015-07-29,39.75793734457952
2015-07-30,31.994548224951515
2015-07-31,37.30905164956139
2015-08-01,31.973617006101087
2015-08-02,35.69692136002266
2015-08-03,38.963513376436566
2015-08-04,32.78385827488051
2015-08-05,35.00285345487961
2015-08-06,32.404541066874394
2015-08-07,43.638851475980175
2015-08-08,37.98035983639458
2015-08-09,46.28866315860668
2015-08-10,40.99870719729745
2015-08-11,40.89459448655642
2015-08-12,36.078547920030616
2015-08-13,53.059890214678546
2015-08-14,50.431028327654914
2015-08-15,52.75578864104179
2015-08-16,47.31877867306152
2015-08-17,42.69088875824312
2015-08-18,45.64781301590125
2015-08-19,50.95683717712407
2015-08-20,50.23220117954833
2015-08-21,49.44456618746181
2015-08-22,56.30883145363216
2015-08-23,58.14572776784329
2015-08-24,46.720316605716356
2015-08-25,51.147956877738444
2015-08-26,44.19169992468032
2015-08-27,39.15523154609234
2015-08-28,33.08676419988032
2015-08-29,40.28595395856087
2015-08-30,42.46926366621183
2015-08-31,37.799238984647886
2015-09-01,40.22978464405185
2015-09-02,42.71879206084836
2015-09-03,52.04195536328416
2015-09-04,42.23696141259552
2015-09-05,46.04181747187758
2015-09-06,56.077054690703754
2015-09-07,40.42586107052496
2015-09-08,39.87657352105798
2015-09-09,58.387270791480425
2015-09-10,48.125577523769934
2015-09-11,51.164787089731284
2015-09-12,47.714505761056515
2015-09-13,55.55770532246589
2015-09-14,51.886451131822355
2015-09-15,55.27842700070215
2015-09-16,52.55379835905538
2015-09-17,54.26056124217288
2015-09-18,48.35418396823607
2015-09-19,63.48042289467323
2015-09-20,44.762864213117034
2015-09-21,48.3718582457787
2015-09-22,44.18575486812641
2015-09-23,41.7978635861787
2015-09-24,43.75745545647265
2015-09-25,43.62426675540019
2015-09-26,56.68876335728935
2015-09-27,46.404512824679
2015-09-28,50.17878694266177
2015-09-29,42.37438205398165
2015-09-30,49.00005549599303
2015-10-01,42.57631662523669
2015-10-02,49.1891318789747
2015-10-03,65.00427373797056
2015-10-04,59.095059112155575
2015-10-05,51.05708119797292
2015-10-06,50.61782165875711
2015-10-07,59.72277683047737
2015-10-08,53.550096942946006
2015-10-09,58.1291812113205
2015-10-10,65.40969998236785
2015-10-11,54.4659566256145
2015-10-12,52.24795645965579
2015-10-13,59.80843490472397
2015-10-14,65.00997186393538
2015-10-15,55.188779538132586
2015-10-16,58.08237195692104
2015-10-17,79.63044747566492
2015-10-18,65.69453917171018
2015-10-19,61.4910282651479
2015-10-20,56.08488364149069
2015-10-21,65.44259244576807
2015-10-22,61.0525704935534
2015-10-23,61.29640382134192
2015-10-24,66.17409243294229
2015-10-25,74.74643120194106
2015-10-26,61.33377357169272
2015-10-27,58.44190575852808
2015-10-28,59.75957572903316
2015-10-29,59.96118078852192
2015-10-30,70.28105918299651
2015-10-31,83.3758653324079
2015-11-01,68.82464199092466
2015-11-02,65.80595324070775
2015-11-03,74.18562692140134
2015-11-04,67.73300557877302
2015-11-05,67.4460323927782
2015-11-06,76.20940882188637
2015-11-07,67.85956349184094
2015-11-08,65.67536631723155
2015-11-09,66.4362914387928
2015-11-10,61.41598792483568
2015-11-11,52.100670482448486
2015-11-12,67.62633989999719
2015-11-13,70.0945211887203
2015-11-14,88.73410355181346
2015-11-15,80.32100931406357
2015-11-16,63.00127976906214
2015-11-17,60.915582936801734
2015-11-18,63.26305987049307
2015-11-19,62.194639155705296
2015-11-20,73.34137753759808
2015-11-21,77.71791424690069
2015-11-22,69.68901853046678
2015-11-23,73.4445120091811
2015-11-24,56.648903910069
2015-11-25,56.885880684180805
2015-11-26,57.296194271949375
2015-11-27,67.82922644824251
2015-11-28,76.28563150612852
2015-11-29,81.6745996436422
2015-11-30,75.7216096768988
2015-12-01,52.33730969306845
2015-12-02,62.798448997254546
2015-12-03,59.943513029856476
2015-12-04,57.12263180586103
2015-12-05,69.49725950311043
2015-12-06,70.03170570400711
2015-12-07,67.57665143928556
2015-12-08,63.13838791470518
2015-12-09,59.400358351652706
2015-12-10,56.372883682590526
2015-12-11,66.73007264542048
2015-12-12,83.6807497102124
2015-12-13,74.83781942958248
2015-12-14,58.66988293947028
2015-12-15,63.58015461631152
2015-12-16,59.472786672064586
2015-12-17,57.953671028433114
2015-12-18,72.23876553215847
2015-12-19,75.49363800216466
2015-12-20,74.69524081076626
2015-12-21,66.432167762865
2015-12-22,58.21805986974107
2015-12-23,46.966957436874644
2015-12-24,44.3518384552836
2015-12-25,59.367398175428576
2015-12-26,51.85487674787286
2015-12-27,70.5394104473166
2015-12-28,64.21864913487805
2015-12-29,70.60529095512662
2015-12-30,63.138408518332845
2015-12-31,68.04865928053069
2016-01-01,67.22280152131107
2016-01-02,80.49270579823899
2016-01-03,62.91069821456993
2016-01-04,64.58847921248716
2016-01-05,53.458902330590405
2016-01-06,61.92454443196847
2016-01-07,63.821834138243894
2016-01-08,69.88454432120766
2016-01-09,80.70096830326897
2016-01-10,84.18013020033851
2016-01-11,71.40327120798818
2016-01-12,58.96645553332164
2016-01-13,70.95874652750732
2016-01-14,66.3337838914152
2016-01-15,74.91907108592429
2016-01-16,70.7368135743162
2016-01-17,71.7660809173322
2016-01-18,62.357575011247526
2016-01-19,63.509239041263264
2016-01-20,56.90657304632812
2016-01-21,60.52864657725125
2016-01-22,60.75698530931135
2016-01-23,68.72787859827064
2016-01-24,67.90718784684037
2016-01-25,57.54990837583716
2016-01-26,56.754931244377374
2016-01-27,67.07039676813153
2016-01-28,62.79717567254538
2016-01-29,62.03818873760642
2016-01-30,80.41933224274798
2016-01-31,65.15418181306501
2016-02-01,61.931760292966125
2016-02-02,61.85805500693602
2016-02-03,56.5473058982738
2016-02-04,50.0246777941132
2016-02-05,61.34261753780184
2016-02-06,75.60801527078786
2016-02-07,59.814519416225
2016-02-08,51.78644029436367
2016-02-09,54.222702525250014
2016-02-10,43.02392182421619
2016-02-11,47.48091301156086
2016-02-12,63.506585644381325
2016-02-13,59.43114928680693
2016-02-14,54.12127394567943
2016-02-15,50.56178024265171
2016-02-16,49.22227074234315
2016-02-17,45.74215021470089
2016-02-18,44.951616452442856
2016-02-19,58.188217050094764
2016-02-20,57.544142546154866
2016-02-21,55.4974039004234
2016-02-22,48.39916261949277
2016-02-23,47.49923835360885
2016-02-24,51.51267463633421
2016-02-25,55.74344583647074
2016-02-26,55.423279775211135
2016-02-27,68.9440834280477
2016-02-28,62.54607693078042
2016-02-29,49.22268225190968
2016-03-01,54.48209136973061
2016-03-02,53.95104095735128
2016-03-03,49.70919951708877
2016-03-04,60.07106700124759
2016-03-05,66.99048777584962
2016-03-06,64.09428419784967
2016-03-07,51.94196193023779
2016-03-08,47.37212716493512
2016-03-09,53.86293514851697
2016-03-10,57.81139295668266
2016-03-11,67.69614906194273
2016-03-12,70.90502034132119
2016-03-13,63.459286172413094
2016-03-14,41.40434712381112
2016-03-15,52.237148144882994
2016-03-16,52.48590911272845
2016-03-17,53.286919373624855
2016-03-18,56.85401958777926
2016-03-19,63.254295831577984
2016-03-20,48.06841482543466
2016-03-21,47.89823378058374
2016-03-22,34.903029314902014
2016-03-23,47.120609038937715
2016-03-24,44.0000175558252
2016-03-25,41.67287697990138
2016-03-26,35.0148428600994
2016-03-27,43.21253420289304
2016-03-28,44.60156537873343
2016-03-29,48.62559233294899
2016-03-30,47.1671993255871
2016-03-31,51.8322782763134
2016-04-01,60.60824677415821
2016-04-02,66.39710864415221
2016-04-03,52.09191337374005
2016-04-04,48.43217897998718
2016-04-05,45.95876811590184
2016-04-06,53.59412948465276
2016-04-07,48.596081811604606
2016-04-08,53.65004122726036
2016-04-09,65.11787797889572
2016-04-10,37.989992557592466
2016-04-11,32.66176105938543
2016-04-12,44.106887917255584
2016-04-13,43.43191432893589
2016-04-14,49.1164752270648
2016-04-15,58.611299552256376
2016-04-16,57.425793926985875
2016-04-17,55.89121474163919
2016-04-18,50.47732793285568
2016-04-19,42.99545767254162
2016-04-20,49.546263269791126
2016-04-21,48.86345722119835
2016-04-22,52.95544792661948
2016-04-23,59.035582813979005
2016-04-24,56.41653322274566
2016-04-25,44.676732222196165
2016-04-26,47.533689483525876
2016-04-27,41.08411849991532
2016-04-28,46.227913562483366
2016-04-29,58.454825879379946
2016-04-30,62.06671262357416
2016-05-01,61.289996863343966
2016-05-02,52.23398897334902
2016-05-03,40.86935011166227
2016-05-04,44.03468647134148
2016-05-05,43.2813259309802
2016-05-06,49.14178311717646
2016-05-07,47.59506721843059
2016-05-08,37.90323134918136
2016-05-09,37.02777219807731
2016-05-10,38.99286813473303
2016-05-11,34.1123212371306
2016-05-12,44.31811934458686
2016-05-13,46.114652896996475
2016-05-14,48.0218541118081
2016-05-15,47.28919368904801
2016-05-16,46.39480345560414
2016-05-17,46.74749110598877
2016-05-18,52.17116321693432
2016-05-19,45.3576110428201
2016-05-20,53.007094594772596
2016-05-21,39.295646929426475
2016-05-22,43.602797229900794
2016-05-23,34.09404741856485
2016-05-24,42.13472032667884
2016-05-25,40.93682798483072
2016-05-26,42.39524850407508
2016-05-27,38.22227071277302
2016-05-28,46.02541049565986
2016-05-29,43.46500306707555
2016-05-30,34.98887490562382
2016-05-31,39.314042454296796
2016-06-01,43.291633946907034
2016-06-02,46.847977912917585
2016-06-03,48.97678313960719
2016-06-04,56.25248551255775
2016-06-05,42.5785997382848
2016-06-06,42.666704351239744
2016-06-07,41.319221893816646
2016-06-08,41.02865827560664
2016-06-09,36.85644588610961
2016-06-10,24.405866220180446
2016-06-11,46.53460374990093
2016-06-12,36.48168749030613
2016-06-13,28.418589817681408
2016-06-14,40.92815501072611
2016-06-15,30.739861182922304
2016-06-16,32.00052328056203
2016-06-17,41.69126768346966
2016-06-18,47.937858156193016
2016-06-19,40.006521822382616
2016-06-20,31.38908324663646
2016-06-21,31.678851927109868
2016-06-22,32.21656302351711
2016-06-23,31.536643700184865
2016-06-24,29.60297068031931
2016-06-25,41.77309592202758
2016-06-26,35.38125871377603
2016-06-27,26.062695207232142
2016-06-28,34.1135249719528
2016-06-29,28.674151003567392
2016-06-30,30.339999997425462
2016-07-01,37.836436424975616
2016-07-02,40.976198413021976
2016-07-03,33.92279696059001
2016-07-04,24.07389601653494
2016-07-05,31.28697539557952
2016-07-06,26.580848343939223
2016-07-07,23.66171714486059
2016-07-08,21.884523329494872
2016-07-09,27.864986526669107
2016-07-10,28.64001180432184
2016-07-11,29.306615074010374
2016-07-12,33.110730532477454
2016-07-13,27.64143330244664
2016-07-14,28.73103836468557
2016-07-15,24.840739886176006
2016-07-16,22.947490229775937
2016-07-17,29.424467040456435
2016-07-18,25.188416628343287
2016-07-19,20.77185362521563
2016-07-20,19.931598535815354
2016-07-21,25.485266737011244
2016-07-22,27.400908972734555
2016-07-23,32.21167737782059
2016-07-24,26.144283596600378
2016-07-25,22.729184665408187
2016-07-26,24.654984271297693
2016-07-27,37.04602686617128
2016-07-28,26.627616550319082
2016-07-29,23.85683383967453
2016-07-30,29.672883870985245
2016-07-31,33.14073552491019
2016-08-01,32.348309789631905
2016-08-02,35.06365070354635
2016-08-03,28.94291946573435
2016-08-04,46.45577901383879
2016-08-05,43.59376057217209
2016-08-06,30.92550204620247
2016-08-07,29.366379132070904
2016-08-08,33.31171176840759
2016-08-09,36.0683733101437
2016-08-10,36.56298647504323
2016-08-11,31.276112272389966
2016-08-12,32.752847740878636
2016-08-13,32.4732606688516
2016-08-14,24.33251773389722
2016-08-15,36.84934824107274
2016-08-16,43.055147846985996
2016-08-17,35.16793122272527
2016-08-18,63.435172618876344
2016-08-19,46.07893997746165
2016-08-20,55.48511409605957
2016-08-21,42.39187005709495
2016-08-22,38.75752618758632
2016-08-23,39.235837927651794
2016-08-24,34.06836080037733
2016-08-25,45.4915502448423
2016-08-26,44.070098345460615
2016-08-27,44.831287123176956
2016-08-28,37.913462751099566
2016-08-29,38.1591560812267
2016-08-30,51.27068395065774
2016-08-31,40.48487427285206
2016-09-01,46.32171964060743
2016-09-02,52.558803128302515
2016-09-03,63.02003132813331
2016-09-04,58.049182661266755
2016-09-05,56.79167607584698
2016-09-06,42.93527308479715
2016-09-07,56.53036371290869
2016-09-08,49.39882126871867
2016-09-09,47.425551865735805
2016-09-10,49.92421329494222
2016-09-11,43.08539392666756
2016-09-12,43.71866253931814
2016-09-13,47.53050998723573
2016-09-14,50.02616888105664
2016-09-15,48.2538516805422
2016-09-16,48.85508034947034
2016-09-17,59.34349589794458
2016-09-18,68.98532545638625
2016-09-19,55.68495233988597
2016-09-20,44.13521462161286
2016-09-21,51.73720947969987
2016-09-22,45.93870648998343
2016-09-23,49.77603358409221
2016-09-24,57.86166245958157
2016-09-25,41.45178787307506
2016-09-26,40.19394521718074
2016-09-27,37.75525413523321
2016-09-28,38.89882633708068
2016-09-29,44.76512519346754
2016-09-30,43.61408662519915
2016-10-01,57.65120325860157
2016-10-02,65.2108939744384
2016-10-03,49.150884337676374
2016-10-04,49.78990869904492
2016-10-05,49.29339059703538
2016-10-06,60.79988086189658
2016-10-07,56.494458443992265
2016-10-08,59.28960005520486
2016-10-09,58.47217469254985
2016-10-10,52.30569202513856
2016-10-11,52.241229941698855
2016-10-12,54.18653753381793
2016-10-13,57.80618439858517
2016-10-14,45.25527313745452
2016-10-15,62.48776885640845
2016-10-16,49.99831819818674
2016-10-17,53.988504808236804
2016-10-18,49.16687635656592
2016-10-19,51.70117822953616
2016-10-20,53.45335282681377
2016-10-21,60.05347043414742
2016-10-22,77.84374588953756
2016-10-23,75.0563398665002
2016-10-24,54.25198312751447
2016-10-25,65.42012654160916
2016-10-26,64.51617805925511
2016-10-27,61.26761935113013
2016-10-28,58.96166835250259
2016-10-29,76.38242758943532
2016-10-30,68.38096492505396
2016-10-31,62.74421187280166
2016-11-01,62.15561165496526
2016-11-02,64.78922685182992
2016-11-03,64.00353549392995
2016-11-04,65.37700320051772
2016-11-05,87.0796368355816
2016-11-06,79.61739043041202
2016-11-07,64.89330306237382
2016-11-08,59.99884384121057
2016-11-09,52.079287659263244
2016-11-10,62.14805910131082
2016-11-11,73.46976132883458
2016-11-12,77.65863428660919
2016-11-13,74.91593621493942
2016-11-14,56.92035601640171
2016-11-15,61.50844306815445
2016-11-16,74.4579483078618
2016-11-17,82.88834429483343
2016-11-18,70.4306273976339
2016-11-19,89.57191486692439
2016-11-20,80.17727628357615
2016-11-21,74.73556295549456
2016-11-22,69.34546128547801
2016-11-23,59.98180644372116
2016-11-24,66.67753414699443
2016-11-25,55.48708768833843
2016-11-26,75.28525690694012
2016-11-27,66.43251628841807
2016-11-28,55.0923458364064
2016-11-29,55.6211667719563
2016-11-30,62.98752305660903
2016-12-01,65.51843669615167
2016-12-02,67.25396453296823
2016-12-03,76.51278054416416
2016-12-04,77.55545816194898
2016-12-05,56.85946546157599
2016-12-06,56.48777488082501
2016-12-07,63.2502309142028
2016-12-08,67.61028919997148
2016-12-09,68.51005385566494
2016-12-10,66.70295316768053
2016-12-11,72.78858784782331
2016-12-12,63.55112488017243
2016-12-13,60.391023929002216
2016-12-14,59.953980970428745
2016-12-15,57.27562605041254
2016-12-16,63.223904206022645
2016-12-17,62.23484476876348
2016-12-18,68.93321327943328
2016-12-19,62.62412035783539
2016-12-20,59.924272089726244
2016-12-21,58.57338360983231
2016-12-22,64.64016496236547
2016-12-23,57.29696840488405
2016-12-24,47.406578503870286
2016-12-25,70.2511130985818
2016-12-26,60.14256879952019
2016-12-27,65.71835392879014
2016-12-28,69.67025972694263
2016-12-29,68.64398217627205
2016-12-30,54.58919162000665
2016-12-31,64.73866270607743
2017-01-01,52.46756952544089
2017-01-02,54.00567131808022
2017-01-03,56.4879220377724
2017-01-04,50.233284231890856
2017-01-05,58.1026299281524
2017-01-06,59.59858131953344
2017-01-07,73.48459905546815
2017-01-08,70.99623602727601
2017-01-09,67.73497485845158
2017-01-10,62.68936386685167
2017-01-11,66.25774552464469
2017-01-12,72.87197515685509
2017-01-13,63.010003351711745
2017-01-14,79.60692159387565
2017-01-15,69.2622098489531
2017-01-16,50.09187489389322
2017-01-17,56.91359247846849
2017-01-18,57.09772517292784
2017-01-19,63.84474941466349
2017-01-20,68.2064141690867
2017-01-21,71.04967801187057
2017-01-22,60.05134401591316
2017-01-23,54.73920922422345
2017-01-24,53.0697284172781
2017-01-25,59.62539694093119
2017-01-26,59.110588445667354
2017-01-27,66.0158963136747
2017-01-28,78.73125461258533
2017-01-29,55.39494914235535
2017-01-30,64.10363085478097
2017-01-31,65.41068444203873
2017-02-01,64.95134066841176
2017-02-02,69.73975861100776
2017-02-03,72.46871596676932
2017-02-04,93.32596248679214
2017-02-05,77.81695897030141
2017-02-06,60.56892245092509
2017-02-07,54.4623803714334
2017-02-08,63.52249755827338
2017-02-09,57.15802132791774
2017-02-10,57.10484174515173
2017-02-11,68.99818956695849
2017-02-12,50.976350596583494
2017-02-13,45.26639525409894
2017-02-14,51.06329057572893
2017-02-15,53.876443183601225
2017-02-16,44.91757653885759
2017-02-17,48.87952871471195
2017-02-18,65.90163233978664
2017-02-19,65.26362303785324
2017-02-20,45.15045023289661
2017-02-21,51.944397853555884
2017-02-22,52.081783803954565
2017-02-23,50.325719799573875
2017-02-24,46.87230360882078
2017-02-25,58.023452785937955
2017-02-26,49.364008055713015
2017-02-27,47.238065485122554
2017-02-28,51.041850349334666
2017-03-01,51.8529139434624
2017-03-02,48.6518696814166
2017-03-03,64.51632923750923
2017-03-04,54.90113518984445
2017-03-05,61.31192947136921
2017-03-06,55.196080761028476
2017-03-07,53.93404436177766
2017-03-08,49.898648976444605
2017-03-09,59.32472607131497
2017-03-10,52.6944002494221
2017-03-11,76.0287226988862
2017-03-12,55.130488445752164
2017-03-13,44.99336420992974
2017-03-14,50.85006426393037
2017-03-15,55.79489633775956
2017-03-16,52.44839158001242
2017-03-17,59.99716900076325
2017-03-18,69.31752165923369
2017-03-19,63.287017634961074
2017-03-20,52.9628299276439
2017-03-21,50.65267406615161
2017-03-22,48.71389734561481
2017-03-23,46.0989248179811
2017-03-24,63.73861358261964
2017-03-25,67.48614868969884
2017-03-26,53.24927923600384
2017-03-27,49.628397489776475
2017-03-28,50.58575620378405
2017-03-29,47.53433708850935
2017-03-30,49.32950275700975
2017-03-31,44.76787777772138
2017-04-01,60.54972216998581
2017-04-02,58.10320646944211
2017-04-03,45.1899785238925
2017-04-04,56.441937252019045
2017-04-05,44.532433127573704
2017-04-06,49.011290814255005
2017-04-07,47.07956388710099
2017-04-08,52.40217089259629
2017-04-09,43.77991040860177
2017-04-10,35.271736733594174
2017-04-11,43.51499782282169
2017-04-12,39.3272486741817
2017-04-13,31.36259367205368
2017-04-14,41.02149247765589
2017-04-15,33.150838935968544
2017-04-16,38.47605788932747
2017-04-17,38.168100716972894
2017-04-18,38.56402178201192
2017-04-19,46.04731966753883
2017-04-20,41.771966230338755
2017-04-21,52.92330545803151
2017-04-22,51.35098590059574
2017-04-23,50.04906529463039
2017-04-24,43.38359393565814
2017-04-25,60.80536113794315
2017-04-26,53.475700336528824
2017-04-27,45.881030896918865
2017-04-28,52.6461183540001
2017-04-29,51.63255616022726
2017-04-30,43.377032961261214
2017-05-01,42.88183604168621
2017-05-02,39.55081551323765
2017-05-03,51.75523648521636
2017-05-04,55.777589283224266
2017-05-05,61.11313452537921
2017-05-06,71.32775541034091
2017-05-07,60.12370840563563
2017-05-08,42.02352783186555
2017-05-09,46.74634732905823
2017-05-10,45.84766878635781
2017-05-11,44.69437864381724
2017-05-12,53.08104463924807
2017-05-13,44.17323460195318
2017-05-14,44.13451990057808
2017-05-15,41.18702783163933
2017-05-16,37.20916864697239
2017-05-17,36.024848929015526
2017-05-18,42.293971040428474
2017-05-19,49.85493651166783
2017-05-20,53.862066147680295
2017-05-21,36.27952524633152
2017-05-22,42.133133095758026
2017-05-23,34.45845937351059
2017-05-24,40.22410841533259
2017-05-25,34.406972220445404
2017-05-26,35.724067228023
2017-05-27,31.764468556938315
2017-05-28,39.5680406393525
2017-05-29,34.41827080014654
2017-05-30,38.78899598731389
2017-05-31,38.5921393073125
2017-06-01,39.395845440224775
2017-06-02,37.943188771742655
2017-06-03,31.380430651989922
2017-06-04,27.050916655847168
2017-06-05,36.29504526857852
2017-06-06,38.93022721421924
2017-06-07,33.005805689099475
2017-06-08,38.17800226765043
2017-06-09,48.47615578809705
2017-06-10,50.214705839488154
2017-06-11,39.4355736756562
2017-06-12,32.167085186416635
2017-06-13,37.33168907352298
2017-06-14,35.675680248210845
2017-06-15,37.4632290179646
2017-06-16,43.23102402705456
2017-06-17,43.643779158416564
2017-06-18,38.10288015396523
2017-06-19,34.37867425734819
2017-06-20,38.26120625885743
2017-06-21,36.204248373121295
2017-06-22,32.82125875082801
2017-06-23,31.936143976706834
2017-06-24,40.59294249637875
2017-06-25,39.20251882152792
2017-06-26,30.40092019785389
2017-06-27,40.9554927256458
2017-06-28,40.94584452428991
2017-06-29,33.860451775152235
2017-06-30,35.19619906693537
2017-07-01,34.085141361145766
2017-07-02,37.75175419858864
2017-07-03,31.70767479852815
2017-07-04,25.644261550187505
2017-07-05,27.395104463341582
2017-07-06,28.073878114430073
2017-07-07,33.38289933536319
2017-07-08,36.41230184776609
2017-07-09,38.034204694733674
2017-07-10,30.41667232289975
2017-07-11,31.941290773922034
2017-07-12,34.22229999280343
2017-07-13,23.30579524935634
2017-07-14,31.527267314067128
2017-07-15,41.84685175681996
2017-07-16,26.222566950344465
2017-07-17,30.06664930901594
2017-07-18,24.970723994921258
2017-07-19,30.131730948680065
2017-07-20,37.02457749218195
2017-07-21,29.001594734586384
2017-07-22,35.44648591590132
2017-07-23,31.336143022895687
2017-07-24,40.643420896975925
2017-07-25,35.93011263440813
2017-07-26,29.405884876538796
2017-07-27,40.59278703158358
2017-07-28,39.63751330302206
2017-07-29,36.7371479166007
2017-07-30,29.006989414078774
2017-07-31,28.405360397630858
2017-08-01,20.96287472542872
2017-08-02,26.566885971102444
2017-08-03,30.56166578751205
2017-08-04,31.940922970621152
2017-08-05,31.24650663195669
2017-08-06,37.40086547093914
2017-08-07,27.242647956754105
2017-08-08,36.39456280849035
2017-08-09,34.73495990575278
2017-08-10,31.05211578475431
2017-08-11,39.434107343044325
2017-08-12,41.63352069695371
2017-08-13,33.42393277680707
2017-08-14,37.157466714809715
2017-08-15,38.209356972780526
2017-08-16,44.057121284928265
2017-08-17,38.0737326357604
2017-08-18,41.97959968839818
2017-08-19,44.44749578215881
2017-08-20,40.007325126487
2017-08-21,41.89780500447282
2017-08-22,39.921851190340504
2017-08-23,47.96628233521278
2017-08-24,29.066668111902366
2017-08-25,35.214720868134606
2017-08-26,44.47329229589222
2017-08-27,41.278411734216654
2017-08-28,37.176235325323674
2017-08-29,40.82086744787366
2017-08-30,41.94813779449469
2017-08-31,44.572890255433165
2017-09-01,55.14054901768794
2017-09-02,53.86623617483483
2017-09-03,42.17424081850965
2017-09-04,46.25204565477757
2017-09-05,33.42356904446032
2017-09-06,45.58664845563845
2017-09-07,42.89731257364184
2017-09-08,54.53800639080912
2017-09-09,66.89025557861068
2017-09-10,49.228635290967524
2017-09-11,50.89188471834945
2017-09-12,56.98689400241801
2017-09-13,51.010487354214405
2017-09-14,46.58113910340696
2017-09-15,52.68322355880856
2017-09-16,59.878245254463245
2017-09-17,54.93992540220769
2017-09-18,52.62457618348622
2017-09-19,55.65692456115732
2017-09-20,41.599256854649354
2017-09-21,44.51582053119194
2017-09-22,45.24063845204787
2017-09-23,51.0860933867291
2017-09-24,48.83622748780368
2017-09-25,48.640254595979805
2017-09-26,49.15645310373088
2017-09-27,43.74330104806491
2017-09-28,45.683842353659514
2017-09-29,53.09966676962528
2017-09-30,57.1870163544703
2017-10-01,72.07525174746398
2017-10-02,49.03901134788736
2017-10-03,51.304345748158234
2017-10-04,63.35888895720339
2017-10-05,53.78055299266913
2017-10-06,59.13641216611486
2017-10-07,66.94845550939579
2017-10-08,69.7701280942579
2017-10-09,50.02104518264284
2017-10-10,57.68033670351261
2017-10-11,56.05191665803685
2017-10-12,56.8087630385495
2017-10-13,58.40789599585548
2017-10-14,58.90381919910777
2017-10-15,59.612451917797756
2017-10-16,57.4543572109476
2017-10-17,54.344068606750305
2017-10-18,61.304345168747744
2017-10-19,60.79475709115729
2017-10-20,66.54214853166073
2017-10-21,76.40492537963696
2017-10-22,78.37467923901977
2017-10-23,70.64428098775853
2017-10-24,66.49677455505565
2017-10-25,68.61560316062287
2017-10-26,83.97771916919636
2017-10-27,73.06942119746964
2017-10-28,89.49248752471563
2017-10-29,87.89672776574767
2017-10-30,72.33153734844443
2017-10-31,80.38576319179754
2017-11-01,85.24561498988675
2017-11-02,77.75192203191315
2017-11-03,77.72088038346052
2017-11-04,97.72338943313949
2017-11-05,85.43230642992204
2017-11-06,72.39818695660233
2017-11-07,77.94182218169959
2017-11-08,69.86189349070861
2017-11-09,80.35971949785073
2017-11-10,80.5882856101315
2017-11-11,87.72162842522847
2017-11-12,84.04902270053117
2017-11-13,74.50816076772912
2017-11-14,64.86844554122074
2017-11-15,76.12265973635259
2017-11-16,67.8953038594816
2017-11-17,78.88988585756053
2017-11-18,94.6158123574242
2017-11-19,86.09705707265074
2017-11-20,70.36080831624542
2017-11-21,67.53805069315965
2017-11-22,71.1885204775673
2017-11-23,65.94950524942719
2017-11-24,67.31788958866356
2017-11-25,84.81989692147506
2017-11-26,79.67977274757695
2017-11-27,64.26623035757757
2017-11-28,62.59608654922951
2017-11-29,62.04683726146393
2017-11-30,71.96408955358889
2017-12-01,68.32070568299757
2017-12-02,77.69034874163134
2017-12-03,79.1524825624143
2017-12-04,68.32325762258755
2017-12-05,66.1438519539334
2017-12-06,65.36896886773273
2017-12-07,70.82880615850709
2017-12-08,76.08310010262632
2017-12-09,69.86138918243093
2017-12-10,81.94989311937303
2017-12-11,71.54402387032054
2017-12-12,64.0023198434852
2017-12-13,64.55749531640342
2017-12-14,63.734931538444485
2017-12-15,60.626386190274474
2017-12-16,69.77405733045106
2017-12-17,63.00179116577203
2017-12-18,60.99711330462286
2017-12-19,61.917736768623996
2017-12-20,73.62821437434648
2017-12-21,66.34232640085658
2017-12-22,65.6198694994006
2017-12-23,65.02057994581834
2017-12-24,53.609426631918154
2017-12-25,68.88253145766876
2017-12-26,80.85241646239808
2017-12-27,73.48550842130022
2017-12-28,73.88458383491434
2017-12-29,60.11249439419421
2017-12-30,65.02077765125182
2017-12-31,58.39489506607258
2018-01-01,63.2298571357143
2018-01-02,65.45103604325813
2018-01-03,59.01036361165275
2018-01-04,67.08866087035777
2018-01-05,66.36061369271393
2018-01-06,83.39230994171606
2018-01-07,74.71196947828429
2018-01-08,62.830899089699685
2018-01-09,59.82459325414724
2018-01-10,68.1081508675066
2018-01-11,69.16581372928266
2018-01-12,76.68314224690167
2018-01-13,87.48128830359965
2018-01-14,80.5468273154797
2018-01-15,64.32393799264686
2018-01-16,68.72269128071255
2018-01-17,62.2229503032637
2018-01-18,70.92120035740433
2018-01-19,74.50584046714735
2018-01-20,93.86644399258572
2018-01-21,88.14758794101854
2018-01-22,76.48871618474908
2018-01-23,64.18962908125329
2018-01-24,59.30065628486413
2018-01-25,62.62683075772548
2018-01-26,70.34424591747967
2018-01-27,94.72965448391591
2018-01-28,67.62359872410421
2018-01-29,58.08517699305546
2018-01-30,68.19405778455466
2018-01-31,68.10209576934673
2018-02-01,62.39178628349781
2018-02-02,68.01685831506062
2018-02-03,78.8879599437621
2018-02-04,65.34788314331072
2018-02-05,50.841022762914825
2018-02-06,43.61896669417089
2018-02-07,51.66495851168155
2018-02-08,40.89926935053134
2018-02-09,54.45824893599324
2018-02-10,69.13011343472826
2018-02-11,51.438908700952496
2018-02-12,48.266008075913845
2018-02-13,45.869086002870574
2018-02-14,48.969970452582615
2018-02-15,49.766034222450614
2018-02-16,66.83496113037229
2018-02-17,60.89011036940138
2018-02-18,57.08876210736274
2018-02-19,55.88377301379567
2018-02-20,56.87262660539369
2018-02-21,58.24399870848352
2018-02-22,58.79033987857833
2018-02-23,61.597609812235
2018-02-24,77.2654092222318
2018-02-25,67.82301657602842
2018-02-26,50.81212265275167
2018-02-27,57.29358269890145
2018-02-28,63.78726855663756
2018-03-01,63.18205570046074
2018-03-02,58.67109115612703
2018-03-03,82.88917282252666
2018-03-04,76.50640324939027
2018-03-05,63.93847782597891
2018-03-06,58.77290807958456
2018-03-07,62.4185016985774
2018-03-08,60.51883746409598
2018-03-09,65.95444282549538
2018-03-10,87.17816391898455
2018-03-11,67.23391844445975
2018-03-12,61.21487361891261
2018-03-13,56.91136280256647
2018-03-14,62.62657856608657
2018-03-15,59.524813705767336
2018-03-16,72.80979260288971
2018-03-17,78.78980792213501
2018-03-18,70.38469794014327
2018-03-19,61.91037829581292
2018-03-20,62.490555932079026
2018-03-21,53.13987007555746
2018-03-22,62.43699100419218
2018-03-23,56.302189843970595
2018-03-24,66.19883833243046
2018-03-25,58.44972407651892
2018-03-26,49.70759864705804
2018-03-27,44.869745918001286
2018-03-28,52.791528504657656
2018-03-29,46.24115821492793
2018-03-30,43.223506946646225
2018-03-31,47.18576714184423
2018-04-01,35.236103962280616
2018-04-02,43.18618845889601
2018-04-03,48.42801151475635
2018-04-04,53.37667202727416
2018-04-05,55.95250150614425
2018-04-06,50.25192486841376
2018-04-07,48.0820922748673
2018-04-08,52.26061910060548
2018-04-09,42.64824662359142
2018-04-10,44.938943647613456
2018-04-11,40.01317724982613
2018-04-12,47.057566436832374
2018-04-13,51.24608743067587
2018-04-14,65.02062791904702
2018-04-15,55.725748128437786
2018-04-16,46.9418976736381
2018-04-17,43.189646280279504
2018-04-18,45.76943182001528
2018-04-19,38.78185322568247
2018-04-20,46.981674181064065
2018-04-21,48.834262861331986
2018-04-22,38.43604419276117
2018-04-23,39.523583571556124
2018-04-24,39.88721436045054
2018-04-25,34.96508309061944
2018-04-26,51.122019375902134
2018-04-27,42.336972027397245
2018-04-28,54.790966735817356
2018-04-29,45.032865240486295
2018-04-30,48.564651379422045
2018-05-01,50.828645698536164
2018-05-02,36.08331133743364
2018-05-03,46.0561903367148
2018-05-04,46.66755382671992
2018-05-05,51.066273576866436
2018-05-06,42.212485152416335
2018-05-07,40.34978728413604
2018-05-08,40.58089610552018
2018-05-09,35.45925668025685
2018-05-10,44.842348823847914
2018-05-11,38.742694574468786
2018-05-12,37.755720634582694
2018-05-13,42.59357154392615
2018-05-14,46.4142724771969
2018-05-15,43.659999695493575
2018-05-16,42.319157237780125
2018-05-17,44.25467394981102
2018-05-18,39.26946560989523
2018-05-19,41.04909262536677
2018-05-20,36.780113632427245
2018-05-21,35.65630837666893
2018-05-22,35.53092228448517
2018-05-23,41.368325308021
2018-05-24,36.26282517897073
2018-05-25,31.954485968217327
2018-05-26,36.22529301340724
2018-05-27,38.60981775900524
2018-05-28,30.719140245650294
2018-05-29,32.44686355502897
2018-05-30,37.043095902049146
2018-05-31,38.37720162875364
2018-06-01,33.52835600143483
2018-06-02,37.1254997980066
2018-06-03,40.38035648035825
2018-06-04,34.07662274149299
2018-06-05,38.675553112759374
2018-06-06,38.81443517315526
2018-06-07,38.31717551347761
2018-06-08,46.24039498835517
2018-06-09,34.0725094096803
2018-06-10,46.69410659657349
2018-06-11,34.78499618946187
2018-06-12,36.981600059861464
2018-06-13,37.14713562320587
2018-06-14,28.124034146937262
2018-06-15,36.013941389253866
2018-06-16,41.86245938974371
2018-06-17,36.66457196715845
2018-06-18,30.03970287382422
2018-06-19,33.660830105252494
2018-06-20,39.67888225036814
2018-06-21,37.6284307569859
2018-06-22,33.07762030430563
2018-06-23,38.236117533048
2018-06-24,39.82087851810038
2018-06-25,33.68464691845197
2018-06-26,35.995168122691325
2018-06-27,26.301508532055013
2018-06-28,27.37681222061476
2018-06-29,34.01416725772075
2018-06-30,29.209832478141593
2018-07-01,29.343132453000283
2018-07-02,31.321769990470788
2018-07-03,35.816605901100246
2018-07-04,45.9806859619445
2018-07-05,37.86427945807428
2018-07-06,47.76095590593445
2018-07-07,40.65178131526014
2018-07-08,37.0650963034343
2018-07-09,26.872217752705826
2018-07-10,31.205261004107584
2018-07-11,27.389130867588698
2018-07-12,32.866208256777426
2018-07-13,26.695315137304
2018-07-14,36.14436297916966
2018-07-15,31.999943981195493
2018-07-16,32.11415191614962
2018-07-17,38.700827442499246
2018-07-18,33.11004019439893
2018-07-19,37.74854104191685
2018-07-20,45.10268897074892
2018-07-21,39.876857644761266
2018-07-22,34.01236938173141
2018-07-23,32.42024145218425
2018-07-24,31.88034199815057
2018-07-25,39.705053786186085
2018-07-26,29.39537504216608
2018-07-27,26.52142334948297
2018-07-28,31.66633156004515
2018-07-29,23.89924257946923
2018-07-30,28.31462282274915
2018-07-31,28.39897556711068
2018-08-01,22.810579203483442
2018-08-02,30.074442754557168
2018-08-03,30.198914248996545
2018-08-04,30.563462537915253
2018-08-05,29.356763448224953
2018-08-06,36.4171833665273
2018-08-07,33.02770585303053
2018-08-08,35.62442061374864
2018-08-09,42.194745238601115
2018-08-10,38.04682810750503
2018-08-11,34.64206803962169
2018-08-12,31.970144100415713
2018-08-13,36.290290253353305
2018-08-14,28.97321799698959
2018-08-15,34.47954436055103
2018-08-16,40.66668878333751
2018-08-17,38.47803040218775
2018-08-18,47.77104902938196
2018-08-19,41.912570732821536
2018-08-20,40.638042160081305
2018-08-21,40.99567577163693
2018-08-22,42.24752468423948
2018-08-23,46.94285995738619
2018-08-24,38.779764037503824
2018-08-25,47.14194016188467
2018-08-26,49.28204659132728
2018-08-27,47.21087103648703
2018-08-28,36.80519978033981
2018-08-29,39.35196219828502
2018-08-30,48.47282017752815
2018-08-31,45.786187679169714
2018-09-01,56.24808662590512
2018-09-02,51.952775725766635
2018-09-03,45.09341186402335
2018-09-04,42.311517004605285
2018-09-05,42.60079994096231
2018-09-06,41.33232112267422
2018-09-07,40.04906039544497
2018-09-08,41.501547063791946
2018-09-09,36.63316026630472
2018-09-10,40.53358702950826
2018-09-11,42.24199390483732
2018-09-12,41.417790024692934
2018-09-13,49.20758567339468
2018-09-14,41.1507638318219
2018-09-15,49.35059422395702
2018-09-16,44.39241081053748
2018-09-17,38.49700095425979
2018-09-18,43.80694521480861
2018-09-19,41.47105498702887
2018-09-20,51.011379681748494
2018-09-21,39.5557398823682
2018-09-22,44.06856591135195
2018-09-23,51.33389992062723
2018-09-24,47.55449771757586
2018-09-25,48.11887406063413
2018-09-26,54.4719599154147
2018-09-27,48.63984618762492
2018-09-28,54.64967061518938
2018-09-29,60.24016187904801
2018-09-30,54.77559599024616
2018-10-01,52.769106204783824
2018-10-02,52.789489005735604
2018-10-03,52.62290373568787
2018-10-04,51.93391998904527
2018-10-05,47.03280334809401
2018-10-06,60.66173508161568
2018-10-07,52.03237827593564
2018-10-08,43.661879089745625
2018-10-09,47.29030159609727
2018-10-10,48.2464360505016
2018-10-11,59.4004889675905
2018-10-12,46.33214060218541
2018-10-13,59.01536042736654
2018-10-14,53.01336084390438
2018-10-15,51.71357054816049
2018-10-16,47.07598081998411
2018-10-17,55.402509212590466
2018-10-18,58.31156967805816
2018-10-19,60.09667136956414
2018-10-20,63.70960182352424
2018-10-21,66.86943430642786
2018-10-22,65.44649457664077
2018-10-23,62.39257017567924
2018-10-24,66.96554020120898
2018-10-25,64.23617152656038
2018-10-26,56.63504444552839
2018-10-27,84.87308885730654
2018-10-28,78.23125503437463
2018-10-29,62.80277538925182
2018-10-30,60.98407985300392
2018-10-31,75.49989539120902
2018-11-01,68.24532830311128
2018-11-02,79.86074690608628
2018-11-03,92.63542596678032
2018-11-04,84.16261460565637
2018-11-05,69.15620188848719
2018-11-06,71.36466028870555
2018-11-07,63.95355762739059
2018-11-08,73.89149824364141
2018-11-09,77.55386088648478
2018-11-10,87.76956832458009
2018-11-11,82.24539997954179
2018-11-12,76.00973343597457
2018-11-13,67.5144283767021
2018-11-14,74.97593587720888
2018-11-15,75.02765807303352
2018-11-16,70.09501479651823
2018-11-17,84.39608108450527
2018-11-18,77.34377826876215
2018-11-19,73.15182051413922
2018-11-20,68.73424811900351
2018-11-21,62.8164255587534
2018-11-22,62.241133029526765
2018-11-23,62.446517069740246
2018-11-24,71.99895410116044
2018-11-25,75.23126411019788
2018-11-26,56.879946720091866
2018-11-27,49.82750228780948
2018-11-28,70.6699950233946
2018-11-29,64.6858251541298
2018-11-30,70.98101710631342
2018-12-01,72.3454110195843
2018-12-02,80.47502130311551
2018-12-03,60.23624218428598
2018-12-04,59.461449022018435
2018-12-05,55.60971878597899
2018-12-06,63.30581701424251
2018-12-07,61.216370125980376
2018-12-08,71.81521506505607
2018-12-09,77.15940555179948
2018-12-10,60.89323472838432
2018-12-11,55.992091362332374
2018-12-12,55.210678768151375
2018-12-13,61.80009161440768
2018-12-14,60.40277794628608
2018-12-15,72.98684887603618
2018-12-16,75.60257368338524
2018-12-17,56.58220541572845
2018-12-18,56.781167065731466
2018-12-19,62.51389822237863
2018-12-20,63.784572898016314
2018-12-21,67.16762697524098
2018-12-22,74.47438463033056
2018-12-23,59.675446646695974
2018-12-24,52.84228033975495
2018-12-25,51.776526462799254
2018-12-26,66.27791322560343
2018-12-27,60.98691576548188
2018-12-28,70.76765404342234
2018-12-29,59.06337468560968
2018-12-30,62.141844873511026
2018-12-31,58.09349891536777
2019-01-01,73.6185968352009
2019-01-02,60.258059781011234
2019-01-03,56.250953608664865
2019-01-04,71.32475998113573
2019-01-05,65.16074455111885
2019-01-06,78.07764166883976
2019-01-07,61.33728789007809
2019-01-08,64.93429455278712
2019-01-09,60.259028581117285
2019-01-10,58.66451896922352
2019-01-11,65.78599648013147
2019-01-12,88.37335289849572
2019-01-13,79.99786008245609
2019-01-14,57.65442048734283
2019-01-15,50.267455719821605
2019-01-16,58.30656834215631
2019-01-17,60.63964301150096
2019-01-18,69.47634637163739
2019-01-19,77.10177916931029
2019-01-20,76.80733336157726
2019-01-21,65.56985626053452
2019-01-22,60.16086797940077
2019-01-23,65.51893613574427
2019-01-24,60.94026420394523
2019-01-25,66.93255093330764
2019-01-26,83.43387071001449
2019-01-27,78.61445859903475
2019-01-28,58.9156482300953
2019-01-29,56.8329048806568
2019-01-30,61.36411135328885
2019-01-31,50.572119343835226
2019-02-01,67.19076210260052
2019-02-02,85.88599569256823
2019-02-03,63.58855647236844
2019-02-04,56.803262887855766
2019-02-05,52.91793181709444
2019-02-06,58.171568740535
2019-02-07,62.614791879952016
2019-02-08,72.16665772105411
2019-02-09,75.8456909389874
2019-02-10,55.25998455564538
2019-02-11,55.55091580575011
2019-02-12,52.9958145519477
2019-02-13,55.35086378510198
2019-02-14,51.263034512145225
2019-02-15,43.61702818751169
2019-02-16,67.16343448269426
2019-02-17,62.59815828433553
2019-02-18,57.78416812062767
2019-02-19,61.1072240487311
2019-02-20,59.015937817480186
2019-02-21,54.12666656721701
2019-02-22,59.71729375451314
2019-02-23,66.79828460055168
2019-02-24,59.83147078343126
2019-02-25,44.140240922729404
2019-02-26,52.4213185417428
2019-02-27,50.18729781865283
2019-02-28,53.21372859590398
2019-03-01,56.51043858108283
2019-03-02,55.75688625359007
2019-03-03,60.747639362560065
2019-03-04,45.68858031750683
2019-03-05,52.5085093996368
2019-03-06,40.41908969640342
2019-03-07,48.799850429800856
2019-03-08,63.49562862477538
2019-03-09,61.00565425591246
2019-03-10,58.67941981656874
2019-03-11,49.573622048850496
2019-03-12,47.131279378882155
2019-03-13,53.117271767866725
2019-03-14,55.52319081699721
2019-03-15,56.965393663563326
2019-03-16,64.75626307480853
2019-03-17,66.35070200869772
2019-03-18,57.091237033407
2019-03-19,45.22945604305225
2019-03-20,50.153236288092984
2019-03-21,49.12039649361729
2019-03-22,62.122588632457585
2019-03-23,66.75306184149177
2019-03-24,52.360610728215406
2019-03-25,55.49983305315078
2019-03-26,47.56109573507705
2019-03-27,57.11790858132315
2019-03-28,56.43791802752031
2019-03-29,58.2674793576955
2019-03-30,69.58354493992003
2019-03-31,56.17221374447802
2019-04-01,51.80530975923119
2019-04-02,48.32351602182686
2019-04-03,55.5214002796612
2019-04-04,58.57293875079628
2019-04-05,57.74647575597738
2019-04-06,64.51373105600963
2019-04-07,60.7614629254059
2019-04-08,44.03271426662393
2019-04-09,42.87003207600279
2019-04-10,41.53915025411535
2019-04-11,60.14525106682692
2019-04-12,53.89547464210015
2019-04-13,71.12276171399063
2019-04-14,55.676062940457996
2019-04-15,40.217579135197944
2019-04-16,42.726379857382085
2019-04-17,44.61962082526071
2019-04-18,39.658296555060076
2019-04-19,36.22816710393941
2019-04-20,39.56194674265697
2019-04-21,36.77910803058911
2019-04-22,34.34019179607897
2019-04-23,34.546766643048
2019-04-24,39.5971918240433
2019-04-25,39.70206006190041
2019-04-26,58.48083213992452
2019-04-27,62.72589823875085
2019-04-28,44.37144730225553
2019-04-29,43.1058359393183
2019-04-30,35.98562464082568
2019-05-01,47.76557708961563
2019-05-02,33.213866562009535
2019-05-03,53.64717058658912
2019-05-04,64.18490134261582
2019-05-05,52.080703548309955
2019-05-06,39.982766370246864
2019-05-07,40.637445094379025
2019-05-08,42.253070962741695
2019-05-09,47.35311269666843
2019-05-10,50.890632855706
2019-05-11,61.56618003201829
2019-05-12,56.34858675898201
2019-05-13,48.618718590047926
2019-05-14,45.688958294939106
2019-05-15,46.21758426735124
2019-05-16,51.74757635395076
2019-05-17,49.19714886930261
2019-05-18,47.75709483395485
2019-05-19,42.26178605464592
2019-05-20,46.539515206739466
2019-05-21,43.214987456932604
2019-05-22,45.63833281304552
2019-05-23,38.24042014201736
2019-05-24,28.591655602367407
2019-05-25,43.118794420668785
2019-05-26,39.55244544645991
2019-05-27,30.28764223163952
2019-05-28,39.944976297731635
2019-05-29,42.09253195384146
2019-05-30,30.826734114578578
2019-05-31,25.401287869917194
2019-06-01,35.07407232409344
2019-06-02,35.636134598291775
2019-06-03,31.797592650838862
2019-06-04,33.95678894535954
2019-06-05,36.00889016629751
2019-06-06,37.14886334569458
2019-06-07,32.06658719343728
2019-06-08,33.53421933410543
2019-06-09,44.142314565455806
2019-06-10,37.243248256130066
2019-06-11,41.85949090266753
2019-06-12,51.02441107193283
2019-06-13,35.15304728964806
2019-06-14,37.58300752590383
2019-06-15,43.28700975507532
2019-06-16,44.55015473017869
2019-06-17,42.55917283633549
2019-06-18,30.001681305829784
2019-06-19,33.712112319700125
2019-06-20,41.68205747670459
2019-06-21,39.353837317338964
2019-06-22,45.955354594984755
2019-06-23,50.53609679084632
2019-06-24,32.37466226388894
2019-06-25,30.995073334310113
2019-06-26,31.266838624428182
2019-06-27,33.94854689410642
2019-06-28,31.325298887049644
2019-06-29,38.357290547724915
2019-06-30,29.283466982574314
2019-07-01,25.076958149130213
2019-07-02,26.73271241751498
2019-07-03,32.43940561377066
2019-07-04,34.482138489387076
2019-07-05,30.647070383494185
2019-07-06,34.48558955430889
2019-07-07,34.660148397676245
2019-07-08,31.57623949272881
2019-07-09,37.68091098977602
2019-07-10,29.25665322313386
2019-07-11,37.756516984430455
2019-07-12,37.01693089747248
2019-07-13,33.343986527248205
2019-07-14,38.88026443247997
2019-07-15,27.398763215178327
2019-07-16,28.551530436418766
2019-07-17,36.636249253111515
2019-07-18,26.629811663625034
2019-07-19,28.7209538657336
2019-07-20,39.62245792036665
2019-07-21,36.18962607056624
2019-07-22,27.191753376799667
2019-07-23,24.32762017379187
2019-07-24,26.41031888508082
2019-07-25,26.83445082185061
2019-07-26,43.03207596396505
2019-07-27,38.508366546335125
2019-07-28,33.05371630282658
2019-07-29,29.722877967532582
2019-07-30,31.937241644048193
2019-07-31,31.78064983882404
2019-08-01,31.265684965255105
2019-08-02,38.98508901383477
2019-08-03,30.04992613794766
2019-08-04,22.84178237846681
2019-08-05,28.422858385339836
2019-08-06,36.70443974977999
2019-08-07,40.193527333539684
2019-08-08,25.431621305290445
2019-08-09,28.1652816091879
2019-08-10,42.34644007124592
2019-08-11,36.84715535421826
2019-08-12,37.87522480943242
2019-08-13,32.483034911063974
2019-08-14,39.0521716950216
2019-08-15,40.00608208768694
2019-08-16,38.766156192640636
2019-08-17,53.177291409674254
2019-08-18,43.18909770795862
2019-08-19,43.343986908608954
2019-08-20,41.63355061418361
2019-08-21,38.51707045429666
2019-08-22,39.2685444427853
2019-08-23,42.95392791981164
2019-08-24,43.44258523078557
2019-08-25,38.77869910123157
2019-08-26,39.970097507356954
2019-08-27,37.22221270136035
2019-08-28,40.93338715317079
2019-08-29,42.24825824309918
2019-08-30,48.27795049883588
2019-08-31,53.588491403335
2019-09-01,52.611736280920255
2019-09-02,49.22786523491494
2019-09-03,31.965158506032484
2019-09-04,41.746125170236006
2019-09-05,45.60569738611251
2019-09-06,46.41825568006141
2019-09-07,48.85402334350241
2019-09-08,50.06442219193797
2019-09-09,46.71055207629091
2019-09-10,34.834334255330774
2019-09-11,47.87043912719241
2019-09-12,40.2003319870602
2019-09-13,49.526390047465384
2019-09-14,46.80034047403253
2019-09-15,51.47714659990844
2019-09-16,43.01506115124349
2019-09-17,47.71182766669606
2019-09-18,45.64288025489264
2019-09-19,43.449740877013625
2019-09-20,46.76764029326086
2019-09-21,50.73541790435712
2019-09-22,51.06472502690058
2019-09-23,39.06281414937903
2019-09-24,48.54106980917676
2019-09-25,47.76777596106613
2019-09-26,45.30414856095352
2019-09-27,46.1868041125688
2019-09-28,60.27739644030027
2019-09-29,46.586330387927944
2019-09-30,48.50110809416597
2019-10-01,45.35921677942729
2019-10-02,45.87015973788872
2019-10-03,44.33162013249482
2019-10-04,59.52770048662243
2019-10-05,64.29369868813514
2019-10-06,57.767816628205
2019-10-07,47.482013816784985
2019-10-08,49.9704288531854
2019-10-09,52.027424823574144
2019-10-10,52.39384760409126
2019-10-11,55.32708306831915
2019-10-12,53.514748447569765
2019-10-13,56.61723932554407
2019-10-14,51.496338381291274
2019-10-15,51.703433861045646
2019-10-16,59.72071074542437
2019-10-17,58.77664892091159
2019-10-18,67.38700659081452
2019-10-19,78.77608963075582
2019-10-20,60.21621171750534
2019-10-21,64.6194165080293
2019-10-22,61.14158839678391
2019-10-23,67.49345262633578
2019-10-24,61.804946967525424
2019-10-25,75.06984058908655
2019-10-26,71.48996886803107
2019-10-27,75.8200954934502
2019-10-28,62.307917225685216
2019-10-29,68.52163911630302
2019-10-30,65.14464401026378
2019-10-31,73.37613332675747
2019-11-01,80.2684935405373
2019-11-02,87.84396987817536
2019-11-03,80.94110815395443
2019-11-04,71.1269580080893
2019-11-05,69.41395756120717
2019-11-06,70.97190902826878
2019-11-07,73.8191928028739
2019-11-08,77.02692468638585
2019-11-09,87.29855226193138
2019-11-10,91.35619206933873
2019-11-11,70.38678782367758
2019-11-12,69.74052990712003
2019-11-13,73.31675901354143
2019-11-14,65.88693488328755
2019-11-15,76.90184682976928
2019-11-16,90.39500770786839
2019-11-17,85.23430217520175
2019-11-18,66.66718481204357
2019-11-19,68.2263749038741
2019-11-20,73.6512386447512
2019-11-21,68.7350083809725
2019-11-22,67.03939330096046
2019-11-23,83.79809413706
2019-11-24,71.28194487599411
2019-11-25,65.09047411963606
2019-11-26,59.06724386776243
2019-11-27,64.61688779617975
2019-11-28,64.36411106922569
2019-11-29,60.0531517804952
2019-11-30,68.58970219992021
2019-12-01,74.20853342433594
2019-12-02,69.240655169023
2019-12-03,65.56030367411262
2019-12-04,69.3858425536058
2019-12-05,65.5403362170355
2019-12-06,68.82916657825848
2019-12-07,71.8212601057528
2019-12-08,75.25972415584398
2019-12-09,66.55381732225806
2019-12-10,67.04723412247905
2019-12-11,67.34792329529856
2019-12-12,66.51667971009302
2019-12-13,70.79250885279745
2019-12-14,78.56534479275265
2019-12-15,78.63181209295378
2019-12-16,69.61538967953699
2019-12-17,65.93958484191782
2019-12-18,65.52472909760284
2019-12-19,67.66899882792241
2019-12-20,65.88568609994458
2019-12-21,72.00774341502523
2019-12-22,73.52619700032075
2019-12-23,61.4198976825822
2019-12-24,58.51359421366019
2019-12-25,63.73906977631491
2019-12-26,77.36466869137783
2019-12-27,71.41549541550248
2019-12-28,74.5373062950533
2019-12-29,68.01308488607089
2019-12-30,62.48027941286854
2019-12-31,64.37915359684177
2020-01-01,70.35540341437857
2020-01-02,68.35884771581495
2020-01-03,62.39400945387965
2020-01-04,75.11018148348387
2020-01-05,68.0825211135992
2020-01-06,58.85353831561427
2020-01-07,64.26699975046452
2020-01-08,62.674743309901324
2020-01-09,63.03534095960926
2020-01-10,71.40718181828355
2020-01-11,75.64768532036098
2020-01-12,74.01261337684946
2020-01-13,65.61859724213281
2020-01-14,59.25391345958208
2020-01-15,57.19948876116396
2020-01-16,64.62095134451936
2020-01-17,76.62101733223633
2020-01-18,90.53172491476772
2020-01-19,82.77489704427768
2020-01-20,72.28193653588205
2020-01-21,63.82111556535151
2020-01-22,73.67887027967252
2020-01-23,68.3121604551824
2020-01-24,74.98373709335664
2020-01-25,80.46216094246601
2020-01-26,74.14783128904793
2020-01-27,59.60880445226107
2020-01-28,56.0316994376791
2020-01-29,60.66598694727602
2020-01-30,61.70451682327392
2020-01-31,64.58126158143622
2020-02-01,73.65681645132221
2020-02-02,68.27541644758
2020-02-03,58.15635080237564
2020-02-04,58.739738954747615
2020-02-05,64.51420136741407
2020-02-06,61.1749215027999
2020-02-07,63.47567659567904
2020-02-08,74.59531476446548
2020-02-09,62.36348019957701
2020-02-10,56.2474895313991
2020-02-11,56.180256679397985
2020-02-12,53.44059118673864
2020-02-13,63.45829155487398
2020-02-14,70.8706453627008
2020-02-15,64.47427717333288
2020-02-16,71.30487741159033
2020-02-17,54.98036274372737
2020-02-18,59.43695539776189
2020-02-19,60.926182895602274
2020-02-20,62.85395393613086
2020-02-21,58.160748670149474
2020-02-22,66.38409790931449
2020-02-23,65.82939532950037
2020-02-24,65.93135337266972
2020-02-25,66.82414419717547
2020-02-26,65.01929161908078
2020-02-27,67.09123152648633
2020-02-28,103.69830267883488
2020-02-29,94.33720854272478
2020-03-01,76.57615416699133
2020-03-02,79.28897748349473
2020-03-03,77.03457259801273
2020-03-04,97.16341846602278
2020-03-05,105.6680327631276
2020-03-06,102.94577150950718
2020-03-07,100.55608241048188
2020-03-08,85.16431685901193
2020-03-09,79.74953211808224
2020-03-10,86.25722451503027
2020-03-11,88.65382082660007
2020-03-12,91.70243276156812
2020-03-13,114.05299068491219
2020-03-14,70.17074202787457
2020-03-15,41.16275804907214
2020-03-16,28.110230263973893
2020-03-17,17.461770417826692
2020-03-18,13.81019479271658
2020-03-19,12.051800803958795
2020-03-20,10.504275973226255
2020-03-21,8.971522525929814
2020-03-22,13.831878570563976
2020-03-23,11.733998632978116
2020-03-24,14.35086071224731
2020-03-25,12.894188268229296
2020-03-26,13.200470297154428
2020-03-27,12.653349666608705
2020-03-28,17.55891793369856
2020-03-29,13.493667806685925
2020-03-30,11.13547143358138
2020-03-31,17.192936862688757
2020-04-01,14.15659709227032
2020-04-02,15.434981186603153
2020-04-03,15.485746810282587
2020-04-04,16.718832386565882
2020-04-05,14.180188900222033
2020-04-06,15.471751643135551
2020-04-07,15.90781592276601
2020-04-08,12.165040522545391
2020-04-09,15.580973035778534
2020-04-10,16.02561531565331
2020-04-11,15.243205455515682
2020-04-12,17.728510843180022
2020-04-13,21.532602099037764
2020-04-14,17.867202683016693
2020-04-15,12.166285112047873
2020-04-16,18.71918452105108
2020-04-17,19.546831349239127
2020-04-18,20.950156692277496
2020-04-19,18.609849064745163
2020-04-20,17.9307180470377
2020-04-21,21.374306749253474
2020-04-22,15.73497825762459
2020-04-23,15.580732961788794
2020-04-24,18.563558051457683
2020-04-25,18.10901763836233
2020-04-26,15.693005494231137
2020-04-27,15.571010262358495
2020-04-28,15.46210520823001
2020-04-29,17.177614504371643
2020-04-30,17.16197588725705
2020-05-01,18.501149056393544
2020-05-02,15.335675646342196
2020-05-03,9.941321921098972
2020-05-04,17.733504686107125
2020-05-05,18.47802998489062
2020-05-06,16.385839477978124
2020-05-07,15.033137301219401
2020-05-08,16.700850194348302
2020-05-09,9.783086237719324
2020-05-10,13.667722677775874
2020-05-11,14.740515987396938
2020-05-12,15.215306822439295
2020-05-13,18.043882717900694
2020-05-14,15.779688748624404
2020-05-15,24.657556381016914
2020-05-16,14.153319011632288
2020-05-17,21.928070110982855
2020-05-18,15.795227789302244
2020-05-19,15.411013613824096
2020-05-20,17.183742052329286
2020-05-21,14.115818862614779
2020-05-22,17.1319542283674
2020-05-23,14.223739742513485
2020-05-24,16.19203436258521
2020-05-25,17.54397317661967
2020-05-26,23.780614789462554
2020-05-27,21.88725958923986
2020-05-28,21.32304492047275
2020-05-29,18.532408520518935
2020-05-30,15.863363202473373
2020-05-31,22.506701988300826
2020-06-01,18.337659059141117
2020-06-02,14.53175215826601
2020-06-03,23.732127215073195
2020-06-04,21.72586965650344
2020-06-05,23.72087787618681
2020-06-06,25.753912656786547
2020-06-07,21.952361727278106
2020-06-08,19.45716849794561
2020-06-09,25.446543584301814
2020-06-10,30.79678004022877
2020-06-11,26.249998769666917
2020-06-12,20.66156238284649
2020-06-13,26.576567932058214
2020-06-14,26.418462336063122
2020-06-15,26.544729869800427
2020-06-16,21.712335328429123
2020-06-17,24.404450138275326
2020-06-18,19.666038829193894
2020-06-19,24.588570510328346
2020-06-20,27.349413623086377
2020-06-21,25.358013363655317
2020-06-22,24.514093614868326
2020-06-23,30.117454728348285
2020-06-24,21.841014329996725
2020-06-25,25.579999470867374
2020-06-26,18.59222888104069
2020-06-27,24.290744634697045
2020-06-28,21.275087071463616
2020-06-29,21.633788682926873
2020-06-30,15.438109562684527
2020-07-01,19.24799064428002
2020-07-02,19.81946554873511
2020-07-03,24.495879846582095
2020-07-04,10.695026770572277
2020-07-05,16.10380212515524
2020-07-06,15.766926184037192
2020-07-07,19.81439709413683
2020-07-08,10.870920024015808
2020-07-09,18.11893996344336
2020-07-10,27.202035697769894
2020-07-11,21.482859276080735
2020-07-12,23.971936293662793
2020-07-13,17.458143901882757
2020-07-14,13.882804421741625
2020-07-15,17.60651308214196
2020-07-16,17.431054919302714
2020-07-17,19.801854121097463
2020-07-18,17.762600191196338
2020-07-19,10.967541791317114
2020-07-20,13.499685584167768
2020-07-21,18.18082095997022
2020-07-22,22.193332537877396
2020-07-23,15.943910818384804
2020-07-24,17.94831400172801
2020-07-25,18.07654394074456
2020-07-26,20.487937623733735
2020-07-27,17.439080660223212
2020-07-28,26.573612211964758
2020-07-29,11.665048833047244
2020-07-30,9.34239044974986
2020-07-31,15.890100297910848
2020-08-01,12.116398902029701
2020-08-02,18.82817061293555
2020-08-03,27.72112652692722
2020-08-04,27.4267562435845
2020-08-05,13.130343370965583
2020-08-06,16.96612044986164
2020-08-07,16.191906202641082
2020-08-08,17.11379219563115
2020-08-09,15.30409711405645
2020-08-10,15.219113588359221
2020-08-11,28.397647446988234
2020-08-12,22.23586359826113
2020-08-13,27.526272962251465
2020-08-14,29.04033528316574
2020-08-15,22.28844363588493
2020-08-16,23.23708516594251
2020-08-17,22.693260206086407
2020-08-18,28.97048226242383
2020-08-19,24.254816741298498
2020-08-20,25.235216274270517
2020-08-21,21.11082190843966
2020-08-22,27.579776462993834
2020-08-23,26.394666063127605
2020-08-24,27.455022986326846
2020-08-25,31.43170803317904
2020-08-26,19.003930039000366
2020-08-27,35.25353505869864
2020-08-28,37.849206336221584
2020-08-29,27.394718594371916
2020-08-30,27.03476958555973
2020-08-31,30.733703763641223
2020-09-01,26.441828986267435
2020-09-02,29.71052075385468
2020-09-03,29.578945611864476
2020-09-04,37.06470215665759
2020-09-05,28.434799316910624
2020-09-06,32.159537537908335
2020-09-07,36.83229319035764
2020-09-08,33.66478973169453
2020-09-09,26.41384766758479
2020-09-10,21.85516112836592
2020-09-11,33.60720443578478
2020-09-12,32.890049088360115
2020-09-13,27.55276649118038
2020-09-14,25.639017020503687
2020-09-15,25.636783632985313
2020-09-16,38.95586047211071
2020-09-17,26.08770662162552
2020-09-18,26.726639834894982
2020-09-19,32.192753399119105
2020-09-20,37.511356421964095
2020-09-21,18.234410749816945
2020-09-22,25.615681844385577
2020-09-23,30.539810793012503
2020-09-24,34.683949603984374
2020-09-25,42.94538215083254
2020-09-26,31.038947313478484
2020-09-27,35.325300691743905
2020-09-28,29.38999396577134
2020-09-29,26.696687433409657
2020-09-30,31.21894124371424
2020-10-01,35.721779644900074
2020-10-02,26.64134324038542
2020-10-03,36.504060113609285
2020-10-04,32.69577422693296
2020-10-05,30.518513029735974
2020-10-06,19.10433148405943
2020-10-07,25.153489610770244
2020-10-08,36.99300941433816
2020-10-09,33.69203379058333
2020-10-10,29.674070037724547
2020-10-11,30.77560715684251
2020-10-12,23.90967873914515
2020-10-13,35.57528655984664
2020-10-14,38.06071892964732
2020-10-15,30.658991769889546
2020-10-16,32.37610771486657
2020-10-17,42.53088502921494
2020-10-18,40.068615384814386
2020-10-19,18.4053640891037
2020-10-20,31.292562984143693
2020-10-21,20.767838565676485
2020-10-22,25.472773170239776
2020-10-23,37.289951061417526
2020-10-24,41.39334846411673
2020-10-25,30.33641044381308
2020-10-26,17.381957980783184
2020-10-27,23.125417771823923
2020-10-28,49.04268358680599
2020-10-29,66.15256866860393
2020-10-30,38.09441742291226
2020-10-31,23.289884975671377
2020-11-01,27.00264841256567
2020-11-02,20.15784679883195
2020-11-03,18.732288215782788
2020-11-04,21.11590673142568
2020-11-05,25.698636419503167
2020-11-06,19.53286374904652
2020-11-07,20.53057220249136
2020-11-08,18.02507498791865
2020-11-09,24.50625285938469
2020-11-10,26.48980363984229
2020-11-11,20.55433723485516
2020-11-12,25.819386568215783
2020-11-13,24.388449562580572
2020-11-14,12.360212617219702
2020-11-15,23.236432216573302
2020-11-16,23.614899087781076
2020-11-17,25.818810161741606
2020-11-18,15.249202239731726
2020-11-19,17.718734892248207
2020-11-20,27.055488716492782
2020-11-21,32.324432600052674
2020-11-22,23.730998798208212
2020-11-23,16.99329030473669
2020-11-24,23.784285113159573
2020-11-25,21.16054371452929
2020-11-26,18.514117367842204
2020-11-27,29.664738648283127
2020-11-28,24.722978481870655
2020-11-29,24.74870565979962
2020-11-30,26.984282469637535
2020-12-01,20.77850351769425
2020-12-02,24.721384865103023
2020-12-03,22.536811299547416
2020-12-04,14.16285720640931
2020-12-05,11.138328426701072
2020-12-06,23.928653508534246
2020-12-07,18.751239328769156
2020-12-08,22.641776310826476
2020-12-09,22.652650927894015
2020-12-10,16.301678206319266
2020-12-11,21.165411216557906
2020-12-12,18.45974744088353
2020-12-13,10.795883541637096
2020-12-14,21.90374077838444
2020-12-15,13.451364878250558
2020-12-16,13.181430339464786
2020-12-17,14.142787132540139
2020-12-18,13.61070829907629
2020-12-19,18.381529834207363
2020-12-20,14.36717484424562
2020-12-21,19.809265269419317
2020-12-22,13.57568576602177
2020-12-23,9.75451322299385
2020-12-24,-6.346103968383799
2020-12-25,13.17329562587279
2020-12-26,22.02331649957236
2020-12-27,14.166211409479214
2020-12-28,12.925110572868444
2020-12-29,14.274849163300093
2020-12-30,11.71323784371058
2020-12-31,14.46719290912354
2021-01-01,12.814393165059613
2021-01-02,13.997535758625961
2021-01-03,15.085475027325273
2021-01-04,12.465335047150901
2021-01-05,10.497711044564845
2021-01-06,13.54319824564747
2021-01-07,16.704512785454053
2021-01-08,12.132583248734996
2021-01-09,13.512970047515363
2021-01-10,15.747131065806236
2021-01-11,10.42740134711325
2021-01-12,17.90666561099843
2021-01-13,10.875728643914748
2021-01-14,17.73780481248575
2021-01-15,10.997922074291022
2021-01-16,13.073152228747642
2021-01-17,11.206819056761582
2021-01-18,12.889913602092143
2021-01-19,13.029054214245981
2021-01-20,7.129473504383856
2021-01-21,12.499380227946006
2021-01-22,13.574803723994247
2021-01-23,23.30335751448121
2021-01-24,15.454384149223639
2021-01-25,11.546016350798443
2021-01-26,14.865472065996752
2021-01-27,-0.08511974389387511
2021-01-28,17.932524978943114
2021-01-29,15.688181633565755
2021-01-30,17.270913568546916
2021-01-31,23.29997691167881
2021-02-01,14.620197073478241
2021-02-02,16.603353739856406
2021-02-03,12.932047957030292
2021-02-04,4.277140527752955
2021-02-05,11.569488557870487
2021-02-06,7.974659863015922
2021-02-07,15.16145842822138
2021-02-08,17.16720518862811
2021-02-09,8.423755468280334
2021-02-10,12.07580702254429
2021-02-11,9.65920632281679
2021-02-12,12.80048715951618
2021-02-13,8.376580102522919
2021-02-14,4.685517255653543
2021-02-15,10.351081015750957
2021-02-16,-0.6354859606876957
2021-02-17,18.051335109126036
2021-02-18,11.849918951419216
2021-02-19,33.22158047664951
2021-02-20,18.30037109357754
2021-02-21,6.331647872989743
2021-02-22,13.08753925257837
2021-02-23,10.123547125771495
2021-02-24,15.619999294733962
2021-02-25,10.121932428543971
2021-02-26,8.775319304389765
2021-02-27,21.147667088091364
2021-02-28,20.141359749844703
2021-03-01,9.277603514428229
2021-03-02,14.563826249644576
2021-03-03,14.181570406825276
2021-03-04,6.71686782981398
2021-03-05,17.941094343794937
2021-03-06,12.566971635517572
2021-03-07,13.269594893040647
2021-03-08,16.944553547565334
2021-03-09,14.468140655251087
2021-03-10,10.670554009791687
2021-03-11,8.101064667060427
2021-03-12,12.461989466119602
2021-03-13,13.685255873921466
2021-03-14,14.882625925260301
2021-03-15,19.037189320544726
2021-03-16,10.88944299410883
2021-03-17,10.62197622323188
2021-03-18,14.880484984233153
2021-03-19,16.688016912098355
2021-03-20,9.335963962916981
2021-03-21,16.908229015770278
2021-03-22,7.838385524896831
2021-03-23,19.157949897366414
2021-03-24,5.85216215497059
2021-03-25,9.782736494911617
2021-03-26,17.599542907044157
2021-03-27,13.067749926853024
2021-03-28,11.555230442244897
2021-03-29,10.051194451777079
2021-03-30,12.431153221845065
2021-03-31,14.226141701394628
2021-04-01,24.884976292903822
2021-04-02,10.530012790832357
2021-04-03,0.41078227329725436
2021-04-04,10.359599722502674
2021-04-05,15.220702958838665
2021-04-06,10.566410668557321
2021-04-07,11.625263121035772
2021-04-08,15.646731010946562
2021-04-09,6.865585437267271
2021-04-10,7.822749428539374
2021-04-11,10.534979409854696
2021-04-12,7.268384525971626
2021-04-13,6.202306124482783
2021-04-14,13.049381979050592
2021-04-15,28.888149842484026
2021-04-16,39.57892814547126
2021-04-17,21.233911780729784
2021-04-18,13.903490773614315
2021-04-19,19.25068832731671
2021-04-20,20.839414731306622
2021-04-21,30.20847582172226
2021-04-22,23.005624399831973
2021-04-23,18.95416811205685
2021-04-24,9.131658265590005
2021-04-25,13.663918985800478
2021-04-26,18.10116176417435
2021-04-27,18.779454510958264
2021-04-28,20.983116175620736
2021-04-29,29.021137314911947
2021-04-30,22.757372857373763
2021-05-01,21.889328116064057
2021-05-02,30.449189507325983
2021-05-03,19.356042982142952
2021-05-04,22.689617400047
2021-05-05,10.261176566261533
2021-05-06,23.060315629865364
2021-05-07,39.68657493066656
2021-05-08,20.69333916736628
2021-05-09,14.315500176894115
2021-05-10,24.866422903656265
2021-05-11,33.62909090537589
2021-05-12,27.253374172380916
2021-05-13,28.96653794244912
2021-05-14,12.893997031741115
2021-05-15,30.939735838577498
2021-05-16,26.400534982279222
2021-05-17,14.568560848067065
2021-05-18,33.07910457184923
2021-05-19,12.63224505236569
2021-05-20,15.953467502409993
2021-05-21,28.820522873882993
2021-05-22,22.252224407750816
2021-05-23,22.814659963432405
2021-05-24,11.54113937339153
2021-05-25,14.326889686304572
2021-05-26,32.111116029295054
2021-05-27,35.293375525611566
2021-05-28,18.47581893008968
2021-05-29,24.510970245570636
2021-05-30,15.211368294615585
2021-05-31,20.540608044557676
2021-06-01,30.637035670732367
2021-06-02,23.76938893235443
2021-06-03,31.13269524366492
2021-06-04,23.745767845414736
2021-06-05,31.5289986230575
2021-06-06,21.476035991677453
2021-06-07,27.102524767188477
2021-06-08,22.311979659510392
2021-06-09,17.368570970283482
2021-06-10,20.59097268064211
2021-06-11,24.047545893383557
2021-06-12,29.565096182151173
2021-06-13,23.1329536703452
2021-06-14,4.83699204708153
2021-06-15,17.870326183759506
2021-06-16,19.736504349754245
2021-06-17,21.10221333798418
2021-06-18,17.40559967805158
2021-06-19,31.388844641553696
2021-06-20,22.397783477995684
2021-06-21,21.657727354965452
2021-06-22,9.780799027034032
2021-06-23,14.741894039579597
2021-06-24,19.769492280530585
2021-06-25,23.38769998023178
2021-06-26,18.696971786922397
2021-06-27,32.70719578165453
2021-06-28,18.728783141747947
2021-06-29,10.459588120879163
2021-06-30,16.39890106611363
2021-07-01,18.103210318037956
2021-07-02,11.745872027286815
2021-07-03,22.14873596209135
2021-07-04,24.020349791091952
2021-07-05,12.56404696137918
2021-07-06,20.920351216660734
2021-07-07,17.089202180684758
2021-07-08,29.38092580619266
2021-07-09,20.831091762715467
2021-07-10,24.982740277320772
2021-07-11,13.618433817123503
2021-07-12,19.58990732918821
2021-07-13,21.403812738317207
2021-07-14,24.63861564714351
2021-07-15,22.528942873857304
2021-07-16,21.045455573300135
2021-07-17,22.06656400094799
2021-07-18,21.969619812235663
2021-07-19,14.06719337649972
2021-07-20,9.495574053358034
2021-07-21,17.982243504190215
2021-07-22,14.772438044685092
2021-07-23,16.23516130428507
2021-07-24,37.73312570364488
2021-07-25,19.224289244381666
2021-07-26,18.94534253827316
2021-07-27,19.98027237048708
2021-07-28,17.168611021008722
2021-07-29,22.276224902193437
2021-07-30,18.42838454917533
2021-07-31,22.664954415756732
2021-08-01,24.185075491811592
2021-08-02,20.596418236706928
2021-08-03,18.070902033723478
2021-08-04,23.04879060459954
2021-08-05,17.349756149451956
2021-08-06,30.0220715009164
2021-08-07,31.078258698579695
2021-08-08,16.761497238184997
2021-08-09,24.135042161940326
2021-08-10,24.878246585743245
2021-08-11,24.069010747979043
2021-08-12,28.271449599044566
2021-08-13,30.36411768031921
2021-08-14,28.251865090046213
2021-08-15,26.094028816468636
2021-08-16,20.07671022316088
2021-08-17,24.422158360359056
2021-08-18,17.864085725059606
2021-08-19,35.22016807518152
2021-08-20,28.590943964608755
2021-08-21,28.903096486220974
2021-08-22,27.100004774960425
2021-08-23,35.82117605579596
2021-08-24,41.44813599345312
2021-08-25,40.853641151843235
2021-08-26,27.654192948350985
2021-08-27,39.361231291711505
2021-08-28,27.378631597177115
2021-08-29,39.33751098108637
2021-08-30,38.95974902409849
2021-08-31,35.838655228573124
2021-09-01,34.46899698316922
2021-09-02,26.793639296874353
2021-09-03,32.53588982120489
2021-09-04,33.85085115429224
2021-09-05,47.57712949250152
2021-09-06,30.449572671687335
2021-09-07,24.732411372132546
2021-09-08,26.601739010879058
2021-09-09,31.614392875949008
2021-09-10,35.058865929635786
2021-09-11,41.502172115096506
2021-09-12,40.29310603843594
2021-09-13,34.60296881409013
2021-09-14,33.01877873897035
2021-09-15,28.93513712302328
2021-09-16,38.53527075503252
2021-09-17,35.45435001976976
2021-09-18,44.782569009480774
2021-09-19,47.199136547100224
2021-09-20,25.682420301822567
2021-09-21,35.98095312214805
2021-09-22,26.03593658134883
2021-09-23,30.732132509903597
2021-09-24,31.120303421090597
2021-09-25,43.35271329353334
2021-09-26,34.072098743300415
2021-09-27,26.721655068375036
2021-09-28,35.17271951802995
2021-09-29,34.14932116468012
2021-09-30,40.11335206138958
2021-10-01,39.606312370890564
2021-10-02,39.075517694887374
2021-10-03,49.99268779059104
2021-10-04,39.972046552093346
2021-10-05,24.242134238887484
2021-10-06,24.00215227434696
2021-10-07,36.837001761680995
2021-10-08,29.471986796930732
2021-10-09,32.89055561785018
2021-10-10,27.261030744497525
2021-10-11,35.42541402852221
2021-10-12,37.257881338323614
2021-10-13,30.65296183907672
2021-10-14,37.785185353499294
2021-10-15,30.70029820404578
2021-10-16,33.2809450337529
2021-10-17,42.03864965602116
2021-10-18,31.50425258787882
2021-10-19,26.969206155623834
2021-10-20,27.963907798124065
2021-10-21,40.79444907502051
2021-10-22,42.18196007376642
2021-10-23,40.9147173329232
2021-10-24,47.61296342962788
2021-10-25,29.6952947647873
2021-10-26,41.310499189633155
2021-10-27,39.6060527098231
2021-10-28,42.09658278260226
2021-10-29,41.12395530558
2021-10-30,61.55130378231496
2021-10-31,52.5273792359636
2021-11-01,53.04865706196569
2021-11-02,46.748958519184235
2021-11-03,43.82536783189265
2021-11-04,35.22126413701565
2021-11-05,49.98492027365967
2021-11-06,60.946473657890614
2021-11-07,65.75791147577918
2021-11-08,33.55902164270583
2021-11-09,30.094162999135605
2021-11-10,48.22124821234595
2021-11-11,35.055804017450306
2021-11-12,40.38602304112444
2021-11-13,52.19833641450465
2021-11-14,57.782512131216244
2021-11-15,29.703272848740973
2021-11-16,42.82868434739946
2021-11-17,47.24670277273804
2021-11-18,48.4583867222216
2021-11-19,41.83479664773516
2021-11-20,38.84765230113
2021-11-21,50.63324303964658
2021-11-22,36.64499197858211
2021-11-23,29.858287895126786
2021-11-24,37.399736713971
2021-11-25,40.412989365262696
2021-11-26,35.43021153718316
2021-11-27,56.57241583827444
2021-11-28,40.799328518138694
2021-11-29,30.38665617969433
2021-11-30,29.194428686037973
2021-12-01,37.222646035756696
2021-12-02,37.29115992708169
2021-12-03,34.43142639797594
2021-12-04,49.507216466659294
2021-12-05,54.40946242309152
2021-12-06,33.884533249561855
2021-12-07,41.33294898241287
2021-12-08,41.31261727200161
2021-12-09,43.52521744887388
2021-12-10,37.25761850788214
2021-12-11,49.75709004774279
2021-12-12,49.57058127303588
2021-12-13,31.86897441282491
2021-12-14,42.29144603859411
2021-12-15,41.12303652772286
2021-12-16,43.32394181851523
2021-12-17,44.53356668238243
2021-12-18,45.422771925646764
2021-12-19,48.07122603985965
2021-12-20,35.059152937391296
2021-12-21,34.831050731103765
2021-12-22,32.76215388382691
2021-12-23,28.67184602353655
2021-12-24,28.990069935581186
2021-12-25,26.16706134088365
2021-12-26,38.09932231138317
2021-12-27,35.33313195919447
2021-12-28,43.56761956169669
2021-12-29,38.96658468854617
2021-12-30,37.42942840823177
2021-12-31,27.484430960214645
2022-01-01,36.83814357544999
2022-01-02,34.493806237962616
2022-01-03,27.11831145397656
2022-01-04,36.24629104676676
2022-01-05,43.965761537607676
2022-01-06,34.37732186207795
2022-01-07,33.721950406382085
2022-01-08,55.00402584454176
2022-01-09,49.673867802682985
2022-01-10,34.49850696639361
2022-01-11,33.19545300700747
2022-01-12,39.2728375224201
2022-01-13,36.25844753198986
2022-01-14,51.17249204892629
2022-01-15,39.939416224536764
2022-01-16,53.343382955031
2022-01-17,37.67805380224886
2022-01-18,29.706600851050407
2022-01-19,32.984586368672275
2022-01-20,39.595852856099114
2022-01-21,37.59907800101189
2022-01-22,54.53567805605838
2022-01-23,46.846144943410685
2022-01-24,31.081879961784367
2022-01-25,43.90284584000628
2022-01-26,38.059800076921135
2022-01-27,36.27944253860987
2022-01-28,42.77271489107733
2022-01-29,53.266749854250165
2022-01-30,46.15982952450755
2022-01-31,26.566726410246275
2022-02-01,37.02001551407806
2022-02-02,36.1385682561205
2022-02-03,30.42973443526451
2022-02-04,42.367351005177824
2022-02-05,42.63480080708225
2022-02-06,35.69072795936752
2022-02-07,33.89304643137978
2022-02-08,37.65459363634126
2022-02-09,33.35173478080379
2022-02-10,42.101103800478356
2022-02-11,36.11358198751037
2022-02-12,51.615652784276094
2022-02-13,37.20905762997227
2022-02-14,25.33038632242127
2022-02-15,34.69665530639024
2022-02-16,31.228135714608477
2022-02-17,47.39449048372398
2022-02-18,55.01956582353773
2022-02-19,58.19561264598916
2022-02-20,49.8115064184295
2022-02-21,36.55798017629967
2022-02-22,35.34072618980358
2022-02-23,30.136492169184802
2022-02-24,32.834995754321504
2022-02-25,36.19094026120615
2022-02-26,42.62974551707254
2022-02-27,40.72613597546692
2022-02-28,27.611895855789058
2022-03-01,34.146622165523375
2022-03-02,37.37691536916359
2022-03-03,39.85204652379151
2022-03-04,38.35188377212636
2022-03-05,46.69615968496035
2022-03-06,38.721302884985114
2022-03-07,41.2672481349372
2022-03-08,32.58778443386656
2022-03-09,41.35447047244648
2022-03-10,36.826400002870955
2022-03-11,39.862183575787476
2022-03-12,46.10638643049723
2022-03-13,42.47722287630192
2022-03-14,30.792371183354057
2022-03-15,38.758382572746946
2022-03-16,36.92446772778538
2022-03-17,56.35148189738673
2022-03-18,45.71857353541268
2022-03-19,55.80990554863936
2022-03-20,41.81197619166891
2022-03-21,34.648285763106394
2022-03-22,42.97293864660496
2022-03-23,40.72557281843557
2022-03-24,30.150991742175314
2022-03-25,48.30651416167906
2022-03-26,51.565545916289864
2022-03-27,47.637825787537416
2022-03-28,38.32864009280549
2022-03-29,42.55626351526483
2022-03-30,44.22003675283962
2022-03-31,36.87969607599498
2022-04-01,53.541593067137406
2022-04-02,63.617982664205414
2022-04-03,60.66860113729347
2022-04-04,43.82931205184572
2022-04-05,47.31401643303033
2022-04-06,40.73271984239408
2022-04-07,41.192372790816684
2022-04-08,49.69926648562206
2022-04-09,73.69995585927084
2022-04-10,51.81067729680561
2022-04-11,35.76492161304242
2022-04-12,36.22937559685913
2022-04-13,29.254308525832496
2022-04-14,27.72024785186138
2022-04-15,34.04229246848715
2022-04-16,24.069453412086197
2022-04-17,21.952719646859002
2022-04-18,25.361637393565132
2022-04-19,34.69872313292409
2022-04-20,32.789940272415656
2022-04-21,37.07766972939281
2022-04-22,30.996810098635724
2022-04-23,47.66724325044251
2022-04-24,40.89246209356796
2022-04-25,34.11208922873814
2022-04-26,36.305338495445824
2022-04-27,37.01194181581734
2022-04-28,32.810509082918685
2022-04-29,33.160177640480526
2022-04-30,46.51379362733356
2022-05-01,49.79374536889549
2022-05-02,39.390827865943734
2022-05-03,37.6447059119663
2022-05-04,37.846771457480344
2022-05-05,37.11232304360664
2022-05-06,47.71811339518048
2022-05-07,55.65347263300096
2022-05-08,39.87917383669601
2022-05-09,35.969247285261844
2022-05-10,35.2283048633693
2022-05-11,37.06289278409501
2022-05-12,34.496058675583456
2022-05-13,43.02468712756534
2022-05-14,46.34686058606755
2022-05-15,31.514965525247234
2022-05-16,31.815338075894616
2022-05-17,31.281491090623426
2022-05-18,40.1775948754086
2022-05-19,41.06126851615355
2022-05-20,42.78787463195478
2022-05-21,41.46642055351227
2022-05-22,41.44202011389356
2022-05-23,32.92088759857729
2022-05-24,28.97964822968428
2022-05-25,36.16693555060528
2022-05-26,35.667684233470226
2022-05-27,39.75864699779392
2022-05-28,36.901018004744444
2022-05-29,40.84744374896975
2022-05-30,33.50917238359094
2022-05-31,36.018319243617285
2022-06-01,29.25535140544683
2022-06-02,30.25652103824587
2022-06-03,44.58997282509384
2022-06-04,32.07114457169821
2022-06-05,38.31857098925269
2022-06-06,36.41916332593011
2022-06-07,31.693363815793255
2022-06-08,40.54113888975063
2022-06-09,30.255444096784377
2022-06-10,37.41883515391061
2022-06-11,42.92726053392565
2022-06-12,36.3152916862125
2022-06-13,30.36212023311916
2022-06-14,28.690394510643223
2022-06-15,34.922762871753186
2022-06-16,38.05710811757904
2022-06-17,35.40998703146032
2022-06-18,33.42166333478046
2022-06-19,32.42756743251023
2022-06-20,28.415532463089317
2022-06-21,27.185924153994563
2022-06-22,33.92501256498881
2022-06-23,36.510859012560005
2022-06-24,37.936534772510726
2022-06-25,39.89983373094519
2022-06-26,45.28545734612643
2022-06-27,34.06274827709955
2022-06-28,29.17514603748675
2022-06-29,31.360597510150185
2022-06-30,30.6232767157122
2022-07-01,33.873049931631336
2022-07-02,36.06963710245361
2022-07-03,25.472974151275547
2022-07-04,31.387249785444588
2022-07-05,30.131077601659186
2022-07-06,38.75464297194135
2022-07-07,33.168882550898225
2022-07-08,32.51397113158088
2022-07-09,40.54672922203687
2022-07-10,27.455134763601265
2022-07-11,27.847458572698265
2022-07-12,25.35469702124042
2022-07-13,34.199099165111775
2022-07-14,27.613318900795548
2022-07-15,29.480000868963213
2022-07-16,29.60206084664484
2022-07-17,31.73631933418273
2022-07-18,22.083642250396643
2022-07-19,23.45329694979069
2022-07-20,30.142966589384997
2022-07-21,27.455639089776135
2022-07-22,27.76611605274929
2022-07-23,32.488365644881085
2022-07-24,25.23790282375728
2022-07-25,26.597032556684496
2022-07-26,26.50284277094758
2022-07-27,33.67652392972665
2022-07-28,18.46602847453953
2022-07-29,41.04757056358411
2022-07-30,31.51745437620599
2022-07-31,21.875740278059958
2022-08-01,19.57605870957569
2022-08-02,32.88144978102686
2022-08-03,28.584303673138415
2022-08-04,27.615477485359946
2022-08-05,36.590690842617114
2022-08-06,36.06014088556805
2022-08-07,34.88435069877058
2022-08-08,27.417543905271938
2022-08-09,29.96679851728142
2022-08-10,28.779468051188523
2022-08-11,28.752836373521095
2022-08-12,35.924650727582126
2022-08-13,34.12716572329078
2022-08-14,36.24090880651051
2022-08-15,26.62119789327101
2022-08-16,31.565776515259987
2022-08-17,32.76014470935425
2022-08-18,37.047082682294935
2022-08-19,46.43917285195897
2022-08-20,41.58466123673737
2022-08-21,39.72467051767612
2022-08-22,31.88585838608401
2022-08-23,36.33628059958836
2022-08-24,26.334393398228713
2022-08-25,34.2827736388236
2022-08-26,36.56712100001088
2022-08-27,47.87928710260351
2022-08-28,38.76848262976887
2022-08-29,41.463864797685176
2022-08-30,36.51047027387795
2022-08-31,37.39260123208803
2022-09-01,39.883834602397016
2022-09-02,41.3001789023775
2022-09-03,44.1238191101331
2022-09-04,35.551634796133015
2022-09-05,28.06906272289579
2022-09-06,38.29796944193686
2022-09-07,31.931565501324783
2022-09-08,34.607054569195135
2022-09-09,42.159939188316
2022-09-10,44.21251876314866
2022-09-11,33.86008747383189
2022-09-12,26.759229718328562
2022-09-13,38.47391615915876
2022-09-14,35.19276225068006
2022-09-15,43.414769771327094
2022-09-16,43.081200664655455
2022-09-17,51.90278016956722
2022-09-18,44.11845339690606
2022-09-19,38.44276278666917
2022-09-20,32.72379330175316
2022-09-21,40.79159844263714
2022-09-22,44.44004807474605
2022-09-23,44.90765445176378
2022-09-24,54.228628312671624
2022-09-25,55.34246334961612
2022-09-26,47.01412093021542
2022-09-27,42.79498930040876
2022-09-28,49.997451232238475
2022-09-29,49.90449027721073
2022-09-30,51.97524378047634
2022-10-01,55.67302309937944
2022-10-02,56.43719252214699
2022-10-03,40.69897700231685
2022-10-04,40.55648580644659
2022-10-05,37.179172196752106
2022-10-06,47.30759347815062
2022-10-07,49.20585958413446
2022-10-08,64.59437918339819
2022-10-09,46.311637712969635
2022-10-10,40.79949768695358
2022-10-11,35.31160381706676
2022-10-12,38.77040480522052
2022-10-13,43.528087478538744
2022-10-14,38.98505113068802
2022-10-15,61.63612351969476
2022-10-16,55.86694395541686
2022-10-17,51.52079948875282
2022-10-18,48.061001468766314
2022-10-19,48.37225135736063
2022-10-20,48.656444909213704
2022-10-21,60.4214251539058
2022-10-22,67.8761608478018
2022-10-23,67.60442235545577
2022-10-24,55.17050020276762
2022-10-25,54.08548535256075
2022-10-26,58.714147050305144
2022-10-27,52.75456774238359
2022-10-28,66.26131147192739
2022-10-29,59.251074292705006
2022-10-30,56.00901732719254
2022-10-31,46.635390168699125
2022-11-01,57.42793635439325
2022-11-02,55.63503892343341
2022-11-03,53.10513177984086
2022-11-04,61.97047454328198
2022-11-05,84.31073571035785
2022-11-06,64.95019434624552
2022-11-07,60.98408242720028
2022-11-08,60.563966046919504
2022-11-09,60.26329463575034
2022-11-10,61.341222318420364
2022-11-11,67.01788096261366
2022-11-12,87.7586991097051
2022-11-13,64.25958164831401
2022-11-14,66.32934791570658
2022-11-15,58.278203116620105
2022-11-16,54.32839629897681
2022-11-17,52.802775460104726
2022-11-18,65.02856725296785
2022-11-19,79.38955882884781
2022-11-20,69.84086956746346
2022-11-21,52.0880341215846
2022-11-22,54.183355048758415
2022-11-23,43.879069523019965
2022-11-24,52.41664916912424
2022-11-25,52.46109643188257
2022-11-26,56.28916403382993
2022-11-27,58.66813770383611
2022-11-28,47.155928714733605
2022-11-29,50.53246558337884
2022-11-30,47.061858241822975
2022-12-01,56.86993082261189
2022-12-02,55.82491484159604
2022-12-03,66.25099367785678
2022-12-04,72.99187362240924
2022-12-05,56.63138411116682
2022-12-06,49.49469498093535
2022-12-07,57.660837216626476
2022-12-08,56.27699824409263
2022-12-09,55.2873993762793
2022-12-10,61.870251218928324
2022-12-11,63.07794024442376
2022-12-12,51.11133572740953
2022-12-13,48.91387718415818
2022-12-14,54.472982201654595
2022-12-15,62.2875921791652
2022-12-16,59.54426575099336
2022-12-17,66.97260177771015
2022-12-18,65.43242546166208
2022-12-19,64.11110652522257
2022-12-20,52.212946480168746
2022-12-21,56.79943808758886
2022-12-22,52.30046376286381
2022-12-23,48.551874989710036
2022-12-24,49.02666655163807
2022-12-25,49.56550145873819
2022-12-26,53.46839082707298
2022-12-27,60.3999042523689
2022-12-28,53.3872633833908
2022-12-29,61.67999929333986
2022-12-30,60.858778700433994
2022-12-31,54.34499170567247
2023-01-01,62.33154852782335
2023-01-02,58.09326359813062
2023-01-03,58.762889769498
2023-01-04,56.39846721157293
2023-01-05,58.431069448693705
2023-01-06,63.80796106671558
2023-01-07,88.01054524584207
2023-01-08,71.34253132248745
2023-01-09,53.87306981299107
2023-01-10,61.36321561208878
2023-01-11,60.806617140289205
2023-01-12,69.10896666771178
2023-01-13,63.72934116577588
2023-01-14,73.64892738942004
2023-01-15,77.13183526848537
2023-01-16,66.03469947467178
2023-01-17,58.81135259755119
2023-01-18,65.36989267245204
2023-01-19,54.0044059870766
2023-01-20,65.89542499801314
2023-01-21,88.96745522767291
2023-01-22,79.75387701139987
2023-01-23,60.93259250255052
2023-01-24,57.46478409290171
2023-01-25,58.68376498875867
2023-01-26,62.77821102485203
2023-01-27,74.84666430928951
2023-01-28,75.56833367662055
2023-01-29,70.7797081237209
2023-01-30,62.54805034811137
2023-01-31,58.11865703652201
2023-02-01,54.82356637472728
2023-02-02,53.33291299901476
2023-02-03,65.46932846833204
2023-02-04,69.93040200980386
2023-02-05,66.90191045983444
2023-02-06,44.74728960040867
2023-02-07,37.06118433224506
2023-02-08,44.390604234422916
2023-02-09,38.08979295675194
2023-02-10,52.43973760629218
2023-02-11,44.035744133357966
2023-02-12,52.391513924353546
2023-02-13,39.945492563029006
2023-02-14,42.588733090979865
2023-02-15,41.402960822002576
2023-02-16,36.63587820500831
2023-02-17,39.852093416009815
2023-02-18,47.841795530076105
2023-02-19,51.19229141515167
2023-02-20,60.971602070567556
2023-02-21,46.68652370135978
2023-02-22,44.754477056350076
2023-02-23,48.32752145992728
2023-02-24,50.09327414551206
2023-02-25,62.127229592780594
2023-02-26,47.86747395653708
2023-02-27,38.42337061797343
2023-02-28,40.704785866126734
2023-03-01,47.26516477110116
2023-03-02,46.858835615151136
2023-03-03,52.72755859246037
2023-03-04,65.10355474130064
2023-03-05,57.24011984321284
2023-03-06,47.79880098417192
2023-03-07,53.174404134471175
2023-03-08,49.75262897953371
2023-03-09,55.780889398164064
2023-03-10,59.25077698834251
2023-03-11,66.06586683426718
2023-03-12,63.74814796749022
2023-03-13,56.7366497233378
2023-03-14,51.60580798578751
2023-03-15,48.556880994278636
2023-03-16,52.62132478087918
2023-03-17,57.42596170751664
2023-03-18,65.9380607156595
2023-03-19,63.97149602180153
2023-03-20,44.60829628162773
2023-03-21,45.71597367187805
2023-03-22,49.29997723225566
2023-03-23,48.78587107625286
2023-03-24,62.89067164894944
2023-03-25,76.25166652872424
2023-03-26,65.05329715461515
2023-03-27,42.228905857362264
2023-03-28,40.51649989369348
2023-03-29,45.15714156619864
2023-03-30,47.563812575778236
2023-03-31,60.88538469147627
2023-04-01,73.85139639788162
2023-04-02,49.64071150920147
2023-04-03,43.24118676260909
2023-04-04,35.037884328753215
2023-04-05,35.01114879385974
2023-04-06,34.22821051982634
2023-04-07,38.65973066708114
2023-04-08,36.02895651437895
2023-04-09,32.77615178558127
2023-04-10,39.330177189158206
2023-04-11,38.44991004795452
2023-04-12,39.997004194215165
2023-04-13,43.43477097904684
2023-04-14,49.098640805627866
2023-04-15,68.25907519053303
2023-04-16,49.66230866788314
2023-04-17,38.7676285007972
2023-04-18,37.154137811337975
2023-04-19,42.11775150610763
2023-04-20,41.9184055139225
2023-04-21,44.53418293648439
2023-04-22,53.995409067247735
2023-04-23,45.14480374244343
2023-04-24,34.49378020857857
2023-04-25,31.501475812393736
2023-04-26,35.76537406965924
2023-04-27,38.56428452123677
2023-04-28,40.56906797231303
2023-04-29,50.702173123493495
2023-04-30,53.131284988676384
2023-05-01,30.821668237432636
2023-05-02,33.856833335718314
2023-05-03,26.959822908391423
2023-05-04,40.38129876221531
2023-05-05,41.357451306473436
2023-05-06,41.59738181206964
2023-05-07,41.16817635479252
2023-05-08,30.718040793472092
2023-05-09,39.56359228035036
2023-05-10,38.857816222808765
2023-05-11,41.14580966508896
2023-05-12,45.220023160708465
2023-05-13,51.21462886807004
2023-05-14,49.0667147186429
2023-05-15,35.14894321454461
2023-05-16,38.50958718350952
2023-05-17,36.42194676026001
2023-05-18,40.01715082732338
2023-05-19,44.65593890234553
2023-05-20,38.7737028071657
2023-05-21,42.25372469704862
2023-05-22,32.714947919222794
2023-05-23,22.501211281327134
2023-05-24,35.56224550231114
2023-05-25,35.67156713798131
2023-05-26,35.57553147630883
2023-05-27,34.267847309158114
2023-05-28,33.425666645582666
2023-05-29,20.274278394132914
2023-05-30,28.55798101622201
2023-05-31,35.668765406536984
2023-06-01,38.50002998684201
2023-06-02,39.578739933515045
2023-06-03,47.44546932763911
2023-06-04,34.76006015835078
2023-06-05,32.32305731360395
2023-06-06,29.4471321355564
2023-06-07,32.840892665465994
2023-06-08,35.79573086012394
2023-06-09,38.311646717019656
2023-06-10,27.575198874392342
2023-06-11,42.831744395442236
2023-06-12,26.816009582098395
2023-06-13,35.74612985921824
2023-06-14,41.51303751329501
2023-06-15,40.561170282846255
2023-06-16,42.53544234908889
2023-06-17,28.29567891046293
2023-06-18,39.73971744472997
2023-06-19,35.90902879718325
2023-06-20,29.2609820569496
2023-06-21,26.555789952218724
2023-06-22,35.508351728192544
2023-06-23,36.12701541609454
2023-06-24,36.73045498913322
2023-06-25,37.05032612432177
2023-06-26,30.87109859084559
2023-06-27,35.97058370844382
2023-06-28,33.765937191757175
2023-06-29,30.697422763834616
2023-06-30,37.83424369564315
2023-07-01,36.57807430494198
2023-07-02,34.133172991422114
2023-07-03,31.997956733895297
2023-07-04,29.738946235776623
2023-07-05,35.354866478926176
2023-07-06,38.84989147400277
2023-07-07,28.349784985766203
2023-07-08,31.4940121513536
2023-07-09,30.10224517594653
2023-07-10,27.06758960421792
2023-07-11,25.878521617148564
2023-07-12,36.46378112334452
2023-07-13,29.037148403031495
2023-07-14,30.097625234841086
2023-07-15,27.972233618859704
2023-07-16,34.64357961656782
2023-07-17,30.95279809138414
2023-07-18,30.9724845337399
2023-07-19,27.152874661908072
2023-07-20,34.27354804250241
2023-07-21,32.81245526840816
2023-07-22,30.618667749105462
2023-07-23,29.3693374942726
2023-07-24,34.046910647712366
2023-07-25,25.53185427389763
2023-07-26,29.585223270133362
2023-07-27,34.66821179583786
2023-07-28,35.145589098234026
2023-07-29,34.505831353856856
2023-07-30,36.10324259170277
2023-07-31,23.04309633710302
2023-08-01,26.82488758999144
2023-08-02,30.558116669971255
2023-08-03,23.823799236443044
2023-08-04,43.13740492647253
2023-08-05,34.964241535911924
2023-08-06,34.79284562322981
2023-08-07,28.005161657177254
2023-08-08,25.737478980868467
2023-08-09,25.172182217041243
2023-08-10,27.85225121977729
2023-08-11,25.928614578060234
2023-08-12,36.37405063870786
2023-08-13,32.15286898457163
2023-08-14,24.741834658159913
2023-08-15,31.12920741055136
2023-08-16,33.07789429929791
2023-08-17,40.124439679085754
2023-08-18,35.4508792317953
2023-08-19,45.16401918698597
2023-08-20,34.2449255494703
2023-08-21,34.427056430222656
2023-08-22,35.64749975925914
2023-08-23,27.038310507112783
2023-08-24,42.4779592967853
2023-08-25,41.312281380166155
2023-08-26,48.29604043871316
2023-08-27,46.38937204286542
2023-08-28,40.14414921266713
2023-08-29,36.00063567572895
2023-08-30,43.665671222872994
2023-08-31,40.45383972791761
2023-09-01,40.78864848697738
2023-09-02,42.0395506737428
2023-09-03,39.5621253297863
2023-09-04,40.15965739217762
2023-09-05,38.914221117222866
2023-09-06,37.41524056661453
2023-09-07,42.90801242432372
2023-09-08,43.6524726182312
2023-09-09,45.552196220902914
2023-09-10,43.44155504492573
2023-09-11,36.77158276793135
2023-09-12,45.936447845989704
2023-09-13,39.472778553211164
2023-09-14,43.58026953327559
2023-09-15,46.96781740202892
2023-09-16,37.049041375245416
2023-09-17,38.65611215444443
2023-09-18,40.753129845137025
2023-09-19,33.421675483402595
2023-09-20,38.38731819406643
2023-09-21,41.21106927865903
2023-09-22,37.46524742712009
2023-09-23,49.48951743026444
2023-09-24,38.709383031035564
2023-09-25,32.2213325511684
2023-09-26,33.983444740491585
2023-09-27,34.40241009615845
2023-09-28,37.23504912170736
2023-09-29,35.37539775787738
2023-09-30,40.09391751689776
2023-10-01,33.30316901991283
2023-10-02,28.673088437521038
2023-10-03,27.29253445664141
2023-10-04,34.20844451731161
2023-10-05,30.120669324690706
2023-10-06,34.95377476429023
2023-10-07,37.303127164612945
2023-10-08,33.88150858152235
2023-10-09,22.38036508464878
2023-10-10,28.560751563431104
2023-10-11,22.233931819599917
2023-10-12,25.80665671988726
2023-10-13,31.295682690441403
2023-10-14,43.87179839827965
2023-10-15,52.3677516766678
2023-10-16,42.64115204154985
2023-10-17,47.32679739381685
2023-10-18,61.92992034590349
2023-10-19,54.18727666863584
2023-10-20,64.68594503058434
2023-10-21,61.96255370860249
2023-10-22,57.08630597027098
2023-10-23,54.94069387635435
2023-10-24,62.90518627087509
2023-10-25,65.88541505901242
2023-10-26,62.27131430161007
2023-10-27,65.54718617749086
2023-10-28,73.56627610805798
2023-10-29,74.8878271436558
2023-10-30,54.348888290290716
2023-10-31,56.93325672350778
2023-11-01,68.52189273608249
2023-11-02,63.90222132734686
2023-11-03,70.65694248643491
2023-11-04,74.08388366690806
2023-11-05,76.721994985261
2023-11-06,53.25227529798916
2023-11-07,53.4525962922501
2023-11-08,54.91620710122387
2023-11-09,59.11900149437094
2023-11-10,68.07356188464709
2023-11-11,76.61426007895925
2023-11-12,70.92136350334084
2023-11-13,53.72378244563275
2023-11-14,51.649530379202005
2023-11-15,50.801467712794384
2023-11-16,52.78966037817374
2023-11-17,64.24014893703195
2023-11-18,75.57510528874668
2023-11-19,71.43697747606727
2023-11-20,54.12893825823414
2023-11-21,51.022108453677575
2023-11-22,53.529469768233156
2023-11-23,61.382677878158205
2023-11-24,64.6529928813927
2023-11-25,74.61087628682455
2023-11-26,78.10745633176873
2023-11-27,48.612847172836965
2023-11-28,49.64208559286767
2023-11-29,56.75519643711685
2023-11-30,53.603817947973994
2023-12-01,60.3756998727784
2023-12-02,70.14836011104596
2023-12-03,65.7529225353851
2023-12-04,53.20534139488451
2023-12-05,53.704818110397234
2023-12-06,50.34566040792427
2023-12-07,55.60587925073578
2023-12-08,64.3198464434439
2023-12-09,63.00325982123997
2023-12-10,64.13413034286528
2023-12-11,59.30057386717321
2023-12-12,54.339079401167865
2023-12-13,55.504133823072024
2023-12-14,53.5223766281803
2023-12-15,58.59605251650708
2023-12-16,67.5669552348186
2023-12-17,71.21848942588512
2023-12-18,49.534506302882974
2023-12-19,45.91453944389934
2023-12-20,49.7589881425962
2023-12-21,55.43262164124006
2023-12-22,46.16391982661748
2023-12-23,54.2883734737418
2023-12-24,53.64241120986506
2023-12-25,53.774204840518486
2023-12-26,64.07580562496076
2023-12-27,62.67715133998881
2023-12-28,55.47149612917765
2023-12-29,57.76478727138809
2023-12-30,61.651188206441795
2023-12-31,61.928947469389826
2024-01-01,63.808328229024355
2024-01-02,58.44473250804998
2024-01-03,48.77446644378255
2024-01-04,52.864327542886905
2024-01-05,65.88411801797645
2024-01-06,73.67867489346268
2024-01-07,65.71548353796457
2024-01-08,57.931061740605564
2024-01-09,50.459581663808486
2024-01-10,53.09561105299557
2024-01-11,56.78252904715105
2024-01-12,56.48887961025308
2024-01-13,75.46256985608012
2024-01-14,65.08167285921976
2024-01-15,63.544432468791754
2024-01-16,58.403800528694575
2024-01-17,61.98297397045071
2024-01-18,58.86247522490459
2024-01-19,66.75302953151495
2024-01-20,95.31503247632321
2024-01-21,70.28419299843108
2024-01-22,62.64472266258646
2024-01-23,58.107286332588174
2024-01-24,55.26307631687668
2024-01-25,66.18758709604458
2024-01-26,62.7046648859518
2024-01-27,76.64407462041376
2024-01-28,74.87561349614036
2024-01-29,54.23596825511244
2024-01-30,49.09385395943109
2024-01-31,55.4241057821646
2024-02-01,56.08364993083927
2024-02-02,70.52605067855626
2024-02-03,75.06992162296248
2024-02-04,70.58738181507235
2024-02-05,51.37150582380523
2024-02-06,52.64248589043706
2024-02-07,42.467347716925254
2024-02-08,50.7664831862315
2024-02-09,62.445524198582945
2024-02-10,62.2088444079571
2024-02-11,59.68587659410531
2024-02-12,51.43268505759579
2024-02-13,45.60280880669235
2024-02-14,48.57458595022766
2024-02-15,46.53860485349861
2024-02-16,48.732102744379084
2024-02-17,67.51956030168765
2024-02-18,62.63900831289205
2024-02-19,48.06581031306898
2024-02-20,51.23817320357091
2024-02-21,40.5585530928299
2024-02-22,44.67270633238496
2024-02-23,50.96844979658087
2024-02-24,54.011810970642465
2024-02-25,53.33318729323783
2024-02-26,48.446626656328235
2024-02-27,52.11912622582818
2024-02-28,54.184564574674035
2024-02-29,49.99852074919656
2024-03-01,60.73955429705448
2024-03-02,71.68109903919739
2024-03-03,48.86727732995371
2024-03-04,49.97156776550726
2024-03-05,45.40900887182488
2024-03-06,47.523439443773746
2024-03-07,52.42386682430878
2024-03-08,62.39121774324226
2024-03-09,71.25357279998936
2024-03-10,59.153452185066726
2024-03-11,39.45663084296122
2024-03-12,46.82081002805868
2024-03-13,45.65424383253013
2024-03-14,49.92631838806996
2024-03-15,59.19323347478221
2024-03-16,75.97845780774541
2024-03-17,63.43109134831373
2024-03-18,47.07004448727941
2024-03-19,48.228690802203104
2024-03-20,46.98246440026059
2024-03-21,49.97288724881368
2024-03-22,51.16221210557436
2024-03-23,76.91526858634819
2024-03-24,52.363990911556456
2024-03-25,36.46610129738711
2024-03-26,40.02245869386767
2024-03-27,44.775328286690005
2024-03-28,36.05350032718263
2024-03-29,37.30614016377
2024-03-30,26.198743476726754
2024-03-31,31.831187778574062
2024-04-01,34.662238331940394
2024-04-02,33.29583889806838
2024-04-03,36.98986857666649
2024-04-04,42.79253982925858
2024-04-05,33.865246466927225
2024-04-06,42.677651419123436
2024-04-07,44.27373276331859
2024-04-08,39.49581315196483
2024-04-09,40.68773138284008
2024-04-10,31.88300031274128
2024-04-11,39.05425400992742
2024-04-12,43.92827625276819
2024-04-13,54.11675693929829
2024-04-14,45.03522781599647
2024-04-15,41.89948997743575
2024-04-16,37.61390029488873
2024-04-17,41.96270558078433
2024-04-18,45.95637105229203
2024-04-19,51.67456520678215
2024-04-20,64.41708839754412
2024-04-21,50.70798647985591
2024-04-22,40.34980863189549
2024-04-23,40.45367937637849
2024-04-24,40.21873976201613
2024-04-25,45.213134471085986
2024-04-26,40.47666755591469
2024-04-27,49.62363934182342
2024-04-28,46.289220206098946
2024-04-29,35.933685974545625
2024-04-30,30.04095387005347
2024-05-01,36.60646493518432
2024-05-02,40.853797819107314
2024-05-03,49.076846610461644
2024-05-04,49.053747200396266
2024-05-05,39.90628180922228
2024-05-06,32.47581326396126
2024-05-07,36.86184603935106
2024-05-08,31.76759895693344
2024-05-09,31.97640465397427
2024-05-10,31.779847561729888
2024-05-11,25.542696919874174
2024-05-12,37.34275687702851
2024-05-13,30.218247695675263
2024-05-14,29.732625269314997
2024-05-15,32.899949142681855
2024-05-16,32.89207607522453
2024-05-17,39.20839505742117
2024-05-18,39.04888193971491
2024-05-19,29.112901565284627
2024-05-20,34.47322903515155
2024-05-21,32.991457797585916
2024-05-22,40.12422079274589
2024-05-23,32.68656861430416
2024-05-24,44.570389105475456
2024-05-25,37.2146032245281
2024-05-26,46.04066145237665
2024-05-27,42.8303154791787
2024-05-28,45.05278065410117
2024-05-29,47.93152805216801
2024-05-30,51.699122752424366
2024-05-31,49.477005307202205
2024-06-01,47.168750791803404
2024-06-02,43.531959455960575
2024-06-03,30.002788789444978
2024-06-04,31.98450125720342
2024-06-05,29.887961366192066
2024-06-06,32.65797984505862
2024-06-07,39.04228318949821
2024-06-08,45.46294711035257
2024-06-09,46.55308517330446
2024-06-10,34.097683820979185
2024-06-11,35.19951955601727
2024-06-12,39.8404043660823
2024-06-13,40.41724913254632
2024-06-14,41.547812391735164
2024-06-15,44.1824802846847
2024-06-16,36.87189508222802
2024-06-17,22.640512846473165
2024-06-18,34.59531427838949
2024-06-19,27.85571155847314
2024-06-20,29.69219638802008
2024-06-21,35.375200096540716
2024-06-22,36.451876546708135
2024-06-23,37.953681771498815
2024-06-24,22.629580977624318
2024-06-25,29.423043862500364
2024-06-26,33.378048500396154
2024-06-27,27.953702047900308
2024-06-28,24.722353380293796
2024-06-29,42.63102836416418
2024-06-30,30.430753399990245
2024-07-01,37.64785214849305
2024-07-02,25.743036407349773
2024-07-03,41.40821817119902
2024-07-04,37.49146660622125
2024-07-05,30.55345985845625
2024-07-06,42.560097415842826
2024-07-07,41.37395216169729
2024-07-08,30.087773489145324
2024-07-09,26.32283852367452
2024-07-10,33.52289939566564
2024-07-11,28.56562038005293
2024-07-12,41.29007689350685
2024-07-13,43.4835227423468
2024-07-14,21.69684076110584
2024-07-15,23.119297770470634
2024-07-16,30.153216288065753
2024-07-17,27.87457568853022
2024-07-18,18.396792232049727
2024-07-19,38.27163822121873
2024-07-20,28.45383203238091
2024-07-21,32.93462769543344
2024-07-22,22.104820081661874
2024-07-23,23.550892083114476
2024-07-24,30.86252071849883
2024-07-25,31.328230550787534
2024-07-26,26.48149058338644
2024-07-27,26.92351276413504
2024-07-28,31.553591626434095
2024-07-29,24.97703940591505
2024-07-30,19.042413953581693
2024-07-31,27.640743424275605
2024-08-01,28.383338295232623
2024-08-02,32.636968485041194
2024-08-03,27.663896481794662
2024-08-04,30.02524687986413
2024-08-05,24.816043015307358
2024-08-06,23.803023319080406
2024-08-07,35.95001946159041
2024-08-08,26.259486360240462
2024-08-09,22.523500035591326
2024-08-10,31.520317618841457
2024-08-11,23.95286678207797
2024-08-12,29.158968031232238
2024-08-13,30.135641194878726
2024-08-14,41.54338130898588
2024-08-15,37.22854299787588
2024-08-16,35.3402409969757
2024-08-17,40.15138199800126
2024-08-18,37.691478739869936
2024-08-19,30.59836166255065
2024-08-20,35.35927307628191
2024-08-21,35.1555810786261
2024-08-22,27.012837677553424
2024-08-23,40.3485870587284
2024-08-24,43.66996842266428
2024-08-25,53.73457744526412
2024-08-26,37.46140396147153
2024-08-27,39.52162839289843
2024-08-28,41.90271117705223
2024-08-29,38.10818428667587
2024-08-30,47.27091338788146
2024-08-31,42.81559820005043
2024-09-01,47.21601671900045
2024-09-02,26.8445728549962
2024-09-03,31.82289780459601
2024-09-04,35.3597513881015
2024-09-05,33.0595811336782
2024-09-06,25.2482824332169
2024-09-07,45.11121453565751
2024-09-08,42.35562510981523
2024-09-09,39.71107369468158
2024-09-10,37.82269412698485
2024-09-11,40.80790633405253
2024-09-12,47.781803203833306
2024-09-13,51.66690582473616
2024-09-14,56.6929881479834
2024-09-15,45.80712413086
2024-09-16,44.065754086600904
2024-09-17,38.53617250436457
2024-09-18,41.19697174880665
2024-09-19,45.91350246522965
2024-09-20,43.95712018529776
2024-09-21,48.25512797293687
2024-09-22,48.47978481344001
2024-09-23,38.0817351193126
2024-09-24,40.14892953723513
2024-09-25,43.96869494431199
2024-09-26,43.85106704023208
2024-09-27,39.239290497753686
2024-09-28,54.73456047286931
2024-09-29,41.49687155206041
2024-09-30,43.9831377921052
2024-10-01,37.87853258040456
2024-10-02,40.591122479931514
2024-10-03,35.26687616544505
2024-10-04,41.55531046032785
2024-10-05,49.73018460585548
2024-10-06,49.00064524693451
2024-10-07,48.78304140445893
2024-10-08,37.982033601586636
2024-10-09,37.145000711190036
2024-10-10,46.1067322923699
2024-10-11,49.25554136112895
2024-10-12,49.564149926161406
2024-10-13,52.80534991136416
2024-10-14,45.160427502440854
2024-10-15,46.477620593858184
2024-10-16,48.853648766247254
2024-10-17,45.91676174219441
2024-10-18,44.4897566410251
2024-10-19,64.96680191848944
2024-10-20,67.26182346176577
2024-10-21,49.94866162033982
2024-10-22,55.23392237933638
2024-10-23,56.38283110268188
2024-10-24,54.73820933782234
2024-10-25,62.479645913696466
2024-10-26,68.13940863471129
2024-10-27,61.069796512640345
2024-10-28,51.35096244212906
2024-10-29,47.098831356762965
2024-10-30,51.020699304192576
2024-10-31,50.50438315966561
2024-11-01,67.34540505749737
2024-11-02,74.93465511342886
2024-11-03,69.8539517744191
2024-11-04,46.90086412020696
2024-11-05,54.76295562100731
2024-11-06,45.3119964779787
2024-11-07,56.30924521297695
2024-11-08,66.16939346559217
2024-11-09,79.90217875280555
2024-11-10,84.93982025041703
2024-11-11,61.612190668607454
2024-11-12,63.480841814210706
2024-11-13,65.90636282607629
2024-11-14,65.32489261675258
2024-11-15,56.733312689463816
2024-11-16,78.56498517773717
2024-11-17,83.3845369896279
2024-11-18,59.20831409712019
2024-11-19,58.64551459140323
2024-11-20,57.39342639782734
2024-11-21,50.36604913848944
2024-11-22,58.66769119410026
2024-11-23,72.37358033011343
2024-11-24,68.67793519215962
2024-11-25,49.67917220681154
2024-11-26,51.92043015291914
2024-11-27,49.94083306809725
2024-11-28,54.79242129714658
2024-11-29,53.89637235938769
2024-11-30,61.205799546703176
2024-12-01,73.40839165029477
2024-12-02,50.55016245934861
2024-12-03,51.88399633861948
2024-12-04,46.6404272001849
2024-12-05,50.36703826999166
2024-12-06,51.39392419163764
2024-12-07,68.24756277464446
2024-12-08,64.32977312332909
2024-12-09,52.9889763041289
2024-12-10,47.03740482092931
2024-12-11,51.42337944580989
2024-12-12,47.552687283931256
2024-12-13,49.107397123619855
2024-12-14,74.04425147309568
2024-12-15,60.71054100457405
2024-12-16,51.736096673361715
2024-12-17,46.976289167692954
2024-12-18,44.596671581502555
2024-12-19,47.44835784182516
2024-12-20,46.081276179197864
2024-12-21,52.85067072259873
2024-12-22,57.15203281973143
2024-12-23,49.14423060957566
2024-12-24,41.51053180072666
2024-12-25,46.346725526233016
2024-12-26,52.52953283327216
2024-12-27,49.20367774290063
2024-12-28,50.07330199255234
2024-12-29,46.05125740897587
2024-12-30,47.41851179365598
2024-12-31,39.010872761916914
2025-01-01,42.70114074338061
2025-01-02,43.24578530331229
2025-01-03,54.62609324572716
2025-01-04,57.789617725155026
2025-01-05,56.03863682595296
2025-01-06,50.66116158153669
2025-01-07,52.93544546078687
2025-01-08,50.978607934378886
2025-01-09,55.109005164885374
2025-01-10,59.34808636003829
2025-01-11,75.22451414850943
2025-01-12,71.08353830800459
2025-01-13,48.74631808035684
2025-01-14,50.90150629319752
2025-01-15,57.43423163868064
2025-01-16,55.49048602206034
2025-01-17,59.752443950900094
2025-01-18,74.4940684036118
2025-01-19,59.618291130191935
2025-01-20,53.91262167710334
2025-01-21,48.071838286651406
2025-01-22,54.29129363848207
2025-01-23,51.8418673226869
2025-01-24,68.09475517445962
2025-01-25,69.10235970751256
2025-01-26,68.07779307706431
2025-01-27,54.448096886873955
2025-01-28,53.478120368605055
2025-01-29,56.43161064454683
2025-01-30,51.27734168121572
2025-01-31,61.441050484051246
2025-02-01,72.75326712826002
2025-02-02,63.51849251755111
2025-02-03,47.26440529092716
2025-02-04,42.79223633630193
2025-02-05,49.017189457387474
2025-02-06,47.389127387880464
2025-02-07,51.648465615880056
2025-02-08,61.872555403862535
2025-02-09,89.57997545152064
2025-02-10,65.49526785467575
2025-02-11,52.29761527952939
2025-02-12,57.301079122282836
2025-02-13,55.3718439614308
2025-02-14,52.750676360773845
2025-02-15,69.0793065724542
2025-02-16,65.75206282711002
2025-02-17,44.58884804519657
2025-02-18,42.999998503541676
2025-02-19,43.3550086322513
2025-02-20,41.63845152687671
2025-02-21,46.11637349897282
2025-02-22,50.65826565139179
2025-02-23,46.89125566027001
2025-02-24,41.82012199787074
2025-02-25,42.357557828320054
2025-02-26,47.56440457844902
2025-02-27,44.604034949660765
2025-02-28,41.3164388018654
2025-03-01,59.80754774233435
2025-03-02,49.8949109485937
2025-03-03,33.986428697435095
2025-03-04,33.83671275182349
2025-03-05,40.01626845292546
2025-03-06,37.71745243841388
2025-03-07,37.99726777079336
2025-03-08,47.916810879881275
2025-03-09,44.30591026572593
2025-03-10,37.09416044512004
2025-03-11,33.54000084937772
2025-03-12,35.47845482898099
2025-03-13,38.48965282635184
2025-03-14,40.65047812896379
2025-03-15,54.060124392173165
2025-03-16,54.26405265788755
2025-03-17,39.4306317633704
2025-03-18,37.31798150781498
2025-03-19,40.09232611984787
2025-03-20,44.2931556965401
2025-03-21,50.55758391079376
2025-03-22,63.69236779280525
2025-03-23,55.11539675443437
2025-03-24,39.19081157058464
2025-03-25,43.908989187615404
2025-03-26,48.6722334637578
2025-03-27,49.83930011358021
2025-03-28,60.2120455237258
2025-03-29,70.84475821258188
2025-03-30,62.60958879561201
2025-03-31,44.31410508730353
2025-04-01,29.969872582037787
2025-04-02,36.31895809638569
2025-04-03,34.51989134132034
2025-04-04,39.70862270060325
2025-04-05,51.91176483364134
2025-04-06,50.83051131429322
2025-04-07,31.761404006717747
2025-04-08,37.836911623027035
2025-04-09,37.77769276416729
2025-04-10,41.73730416335141
2025-04-11,40.8316129709509
2025-04-12,47.23643517401873
2025-04-13,50.892078835008284
2025-04-14,40.08032208857581
2025-04-15,34.61141614399059
2025-04-16,36.39167906275263
2025-04-17,34.70725039361958
2025-04-18,34.03746032821581
2025-04-19,27.49011104926654
2025-04-20,31.045423861681975
2025-04-21,41.90411807293385
2025-04-22,29.83625500386362
2025-04-23,40.125590044671114
2025-04-24,34.987972516350915
2025-04-25,43.78011962871594
2025-04-26,51.97190535005676
2025-04-27,47.944296238175895
2025-04-28,30.09879841505945
2025-04-29,32.9648024403595
2025-04-30,30.029844480949635
2025-05-01,35.49545438872405
2025-05-02,35.79620074639156
2025-05-03,42.81685046267013
2025-05-04,53.768564023030535
2025-05-05,40.058726971755185
2025-05-06,36.58788609976826
2025-05-07,46.611127736534364
2025-05-08,36.58844526719907
2025-05-09,34.408105641017826
2025-05-10,33.51556499989836
2025-05-11,31.754021833467636
2025-05-12,32.96652363331368
2025-05-13,25.615980963802503
2025-05-14,25.10737028698792
2025-05-15,31.324167556326426
2025-05-16,34.48090464365325
2025-05-17,34.297776918795364
2025-05-18,35.30843541465654
2025-05-19,30.233483076546555
2025-05-20,36.61784034063839
2025-05-21,37.634191263332816
2025-05-22,32.41901220467026
2025-05-23,35.37565433131208
2025-05-24,46.300756700071354
2025-05-25,34.66838815565514
2025-05-26,26.12249060433438
2025-05-27,40.14849942484142
2025-05-28,37.626770181802215
2025-05-29,31.4663594207239
2025-05-30,23.892916837043543
2025-05-31,36.543173065869745
2025-06-01,38.959565873734
2025-06-02,30.735162665044065
2025-06-03,36.576666730994226
2025-06-04,35.56764928348203
2025-06-05,33.04492257229576
2025-06-06,40.780833885647176
2025-06-07,48.85987155595801
2025-06-08,43.3994283735014
2025-06-09,36.59917609490709
2025-06-10,34.87303850537164
2025-06-11,40.79726816702002
2025-06-12,37.36211216297119
2025-06-13,28.2198156458944
2025-06-14,32.36525158592892
2025-06-15,49.16395614483728
2025-06-16,28.363025440717042
2025-06-17,28.34528155911852
2025-06-18,29.63746496858022
2025-06-19,32.885572399927554
2025-06-20,30.76376282024324
2025-06-21,40.872030621320334
2025-06-22,23.62640912129737
2025-06-23,16.723020240079876
2025-06-24,26.698190147516836
2025-06-25,25.880856694209395
2025-06-26,26.830920400129646
2025-06-27,32.29121388957748
2025-06-28,27.072869102919746
2025-06-29,33.74350981028566
2025-06-30,28.884230462741616
2025-07-01,24.22163600049664
2025-07-02,34.819060202558404
2025-07-03,24.645866344949578
2025-07-04,34.97830044881584
2025-07-05,33.31858190228427
2025-07-06,37.14012638598486
2025-07-07,27.618438543014282
2025-07-08,33.251314802116006
2025-07-09,23.39521908667259
2025-07-10,28.209295473436967
2025-07-11,31.832004387305428
2025-07-12,25.554871535973493
2025-07-13,33.513390219653985
2025-07-14,28.261743693080494
2025-07-15,30.5223484158069
2025-07-16,24.769196281601147
2025-07-17,31.77576590735375
2025-07-18,26.288179237468114
2025-07-19,28.502880062922422
2025-07-20,35.20763204441741
2025-07-21,26.43106124001011
2025-07-22,23.40214908482259
2025-07-23,29.275102958522844
2025-07-24,32.34248209384868
2025-07-25,35.93788076046926
2025-07-26,38.75341142437539
2025-07-27,30.014638307618227
2025-07-28,32.78814078040686
2025-07-29,30.279761476467428
2025-07-30,28.25485522053406
2025-07-31,25.76363119215522
2025-08-01,26.485778896206046
2025-08-02,45.216677232314844
2025-08-03,39.01512749360542
2025-08-04,32.80847815767294
2025-08-05,30.92588180171862
2025-08-06,28.210610735325936
2025-08-07,29.942732290924205
2025-08-08,24.752050453145735
2025-08-09,25.80912110188452
2025-08-10,23.99014348919102
2025-08-11,24.40898297099966
2025-08-12,21.59364014110559
2025-08-13,28.15462985794923
2025-08-14,33.40698865466643
2025-08-15,40.80968975359445
2025-08-16,51.4361323736564
2025-08-17,46.71692307100424
2025-08-18,39.24758618606893
2025-08-19,42.136262650741394
2025-08-20,44.15641636174046
2025-08-21,38.38332625611052
2025-08-22,41.55880289485686
2025-08-23,43.90840435996465
2025-08-24,41.467343295799935
2025-08-25,35.952900764894935
2025-08-26,30.58520862933262
2025-08-27,34.756318151192914
2025-08-28,38.5374894228408
2025-08-29,36.02514736941799
2025-08-30,41.97822968454854
2025-08-31,40.83276570619607
2025-09-01,42.202779377940935
2025-09-02,40.72947252419592
2025-09-03,32.92436896053378
2025-09-04,41.32839172067639
2025-09-05,36.96035404788649
2025-09-06,40.48276872382223
2025-09-07,37.13669804716835
2025-09-08,36.520628328797066
2025-09-09,37.56118228220047
2025-09-10,41.600081516569276
2025-09-11,47.563948742631325
2025-09-12,44.9873554154383
2025-09-13,46.75082897556045
2025-09-14,45.34072841594258
2025-09-15,37.54143374420269
2025-09-16,38.111882658251815
2025-09-17,38.73340118435007
2025-09-18,36.72254610448984
2025-09-19,43.08143461163968
2025-09-20,46.53960518707437
2025-09-21,44.413614618026486
2025-09-22,43.875230616934445
2025-09-23,49.21796233346315
2025-09-24,38.97426402201058
2025-09-25,51.249029378530125
2025-09-26,52.76756250151859
2025-09-27,55.337013547056436
2025-09-28,53.05380743970336
2025-09-29,35.057975837918335
2025-09-30,41.332822690803745
2025-10-01,42.360472600861016
2025-10-02,44.83800454103969
2025-10-03,46.88700825671881
2025-10-04,42.603908668486234
2025-10-05,45.942610511680364
2025-10-06,41.16385203876995
2025-10-07,35.512929935943234
2025-10-08,36.77182953958882
2025-10-09,34.475122293097414
2025-10-10,36.404793534373184
2025-10-11,45.51263080247655
2025-10-12,31.207381412123407
2025-10-13,37.602119924419576
2025-10-14,40.27751306046913
2025-10-15,41.380315391843006
2025-10-16,37.42205074019698
2025-10-17,46.11344433690149
2025-10-18,53.23224713103431
2025-10-19,62.80362394861685
2025-10-20,54.04416301557799
2025-10-21,50.83650896726202
2025-10-22,53.71735044844227
2025-10-23,49.80616001178211
2025-10-24,50.10505485527174
2025-10-25,66.15284081421635
2025-10-26,72.72515163744312
2025-10-27,50.56352906635236
2025-10-28,49.31167262860683
2025-10-29,53.4056116596261
2025-10-30,56.673426760130276
2025-10-31,60.72518386230278
2025-11-01,72.26949100523437
2025-11-02,71.99826446109259
2025-11-03,51.098214158054994
2025-11-04,53.5778088698852
2025-11-05,54.48102666453907
2025-11-06,51.92945729781615
2025-11-07,67.92733515091896
2025-11-08,87.17903388482944
2025-11-09,77.2148905613093
2025-11-10,62.308503500932375
2025-11-11,57.487154726913296
2025-11-12,59.79905669641461
2025-11-13,59.04712518166206
2025-11-14,60.90013398045427
2025-11-15,75.52162428493489
2025-11-16,67.95974817719171
2025-11-17,52.33696918954435
2025-11-18,48.57785321888825
2025-11-19,65.10170335340773
2025-11-20,51.157899744386185
2025-11-21,49.379646508642985
2025-11-22,66.47555169683967
2025-11-23,73.06191206925456
2025-11-24,54.48526226471559
2025-11-25,49.25301246632273
2025-11-26,44.41754914514758
2025-11-27,49.90761220437048
2025-11-28,45.06068887023578
2025-11-29,52.86866970876943
2025-11-30,74.15894971675736
2025-12-01,58.104077385849294
2025-12-02,49.58892348519079
2025-12-03,51.71435573026193
2025-12-04,55.47593132579152
2025-12-05,57.564070299550195
2025-12-06,68.11622481312253
2025-12-07,76.9651266726328
2025-12-08,53.8601533171949
2025-12-09,42.60106127518352
2025-12-10,54.756472419390974
2025-12-11,49.80639415832766
2025-12-12,62.486508144710456
2025-12-13,65.06790113031636
2025-12-14,67.6880252667402
2025-12-15,53.78943986920786
2025-12-16,57.5413219068877
2025-12-17,53.60004099260972
2025-12-18,54.041091607686965
2025-12-19,58.178704925507304
2025-12-20,62.28587647932042
2025-12-21,53.21373450125002
2025-12-22,43.77377297370033
2025-12-23,44.04381198366531
2025-12-24,40.874979765397214
2025-12-25,45.17994540048174
2025-12-26,63.13062829223895
2025-12-27,57.81477617633631
2025-12-28,73.92662665032685
2025-12-29,46.42609046560374
2025-12-30,57.39671405908792
2025-12-31,51.35085488721569
2026-01-01,47.84783240547844
2026-01-02,54.50884471412197
2026-01-03,47.779223566388126
2026-01-04,66.8074239087438
2026-01-05,45.13605960038457
2026-01-06,43.589843585961006
2026-01-07,40.134725442811416
2026-01-08,42.99993103921864
2026-01-09,49.32312093905617
2026-01-10,59.014847040474855
2026-01-11,60.029430894666874
2026-01-12,46.313658064980444
2026-01-13,44.016191912198465
2026-01-14,49.88708453441408
2026-01-15,53.639803600619366
2026-01-16,60.492155366000645
2026-01-17,73.51519151061127
2026-01-18,67.51436182756785
2026-01-19,55.2159818397977
2026-01-20,54.03261643429124
2026-01-21,56.33136045164959
2026-01-22,56.59624728123529
2026-01-23,55.81120610170261
2026-01-24,72.43236304511325
2026-01-25,74.70564003315008
2026-01-26,51.253211423718305
2026-01-27,56.519158503579575
2026-01-28,53.56141297435019
2026-01-29,52.48761095455306
2026-01-30,56.27935602350597
2026-01-31,82.58774134363463
2026-02-01,73.86781791215125
2026-02-02,48.26594711805038
2026-02-03,47.61402712760801
2026-02-04,47.50763267127251
2026-02-05,53.91742491432341
2026-02-06,52.68824087781857
2026-02-07,58.10941570084482
2026-02-08,50.18929740714735
2026-02-09,40.57735542068281
2026-02-10,43.89835527950796
2026-02-11,47.1375973757501
2026-02-12,42.98269894208181
2026-02-13,52.09617275419925
2026-02-14,56.56603533596573
2026-02-15,46.3964606962023
2026-02-16,34.99906329838737
2026-02-17,46.32357386014168
2026-02-18,43.58765284424082
2026-02-19,45.48914924608058
2026-02-20,41.44762980319901
2026-02-21,66.61620067541884
2026-02-22,53.06541354120074
2026-02-23,45.88100011240812
2026-02-24,48.12975264118333
2026-02-25,47.77451154274435
2026-02-26,46.233668238835605
2026-02-27,48.80440933724889
2026-02-28,55.254982925967596
2026-03-01,59.185202679552816
2026-03-02,34.103822524668885
2026-03-03,45.2089289275119
2026-03-04,29.93498575474708
2026-03-05,40.43256706061491
2026-03-06,52.61992046753704
2026-03-07,60.880724880391796
2026-03-08,56.11334699247705
2026-03-09,41.44336436766087
2026-03-10,44.23990925703047
2026-03-11,46.07921333656668
2026-03-12,51.99233787036465
2026-03-13,58.68602789713289
2026-03-14,71.15930597802381
2026-03-15,71.03875637663465
2026-03-16,50.3282242001465
2026-03-17,46.37288912319277
2026-03-18,50.69643803634072
2026-03-19,40.80548318648461
2026-03-20,51.204742109746846
2026-03-21,56.93530674316173
2026-03-22,58.4750862615627
2026-03-23,44.84331519126508
2026-03-24,42.5546577452307
2026-03-25,41.79679605307917
2026-03-26,49.12294423593883
2026-03-27,47.21410878408202
2026-03-28,67.79907262067655
2026-03-29,48.8531112041985
2026-03-30,32.9826459863277
2026-03-31,24.203458013161526
2026-04-01,23.459107754827695
2026-04-02,22.786547935145276
2026-04-03,26.934365021258323
2026-04-04,28.77093461057597
2026-04-05,19.2138374501255
2026-04-06,25.6771828101742
2026-04-07,20.843552683811815
2026-04-08,26.732890908279522
2026-04-09,35.023158871682455
2026-04-10,41.33698038606474
2026-04-11,49.80914440730844
2026-04-12,52.87167246031467
2026-04-13,44.051381976999224
2026-04-14,34.93472310193225
2026-04-15,34.76229451015021
2026-04-16,35.38166195819428
2026-04-17,41.5128456812974
2026-04-18,46.08566845054048
2026-04-19,52.92921608908177
2026-04-20,25.811015941390018
2026-04-21,22.265195823562156
2026-04-22,29.393991375616476
2026-04-23,24.028999151272387
2026-04-24,40.21057377776158
2026-04-25,48.42908960285518
2026-04-26,41.87840339654341
2026-04-27,26.967098720274503
2026-04-28,31.36196254647847
2026-04-29,32.48881883831109
2026-04-30,29.266791895643998
2026-05-01,35.045556367141884
2026-05-02,42.663989915648756
2026-05-03,34.79621200148444
2026-05-04,31.92104320224787
2026-05-05,27.54649829363952
2026-05-06,35.75499806102968
2026-05-07,41.20948084931308
2026-05-08,35.578610736623865
2026-05-09,53.72474236953195
2026-05-10,42.63634079210579
2026-05-11,44.95025174861834
2026-05-12,34.63658132934234
2026-05-13,38.31971310163292
2026-05-14,41.36993355640601
2026-05-15,33.595494326309506
2026-05-16,46.20137107673904
2026-05-17,32.10969728523267
2026-05-18,18.60516775063802
2026-05-19,22.724295140961367
2026-05-20,24.635839136065307
2026-05-21,17.05223811267811
2026-05-22,21.15951711839683
2026-05-23,26.765763272461374
2026-05-24,22.075699108960087
2026-05-25,11.259334022130936
2026-05-26,13.835562590705543
2026-05-27,20.01017428681568
2026-05-28,23.96165853234476
2026-05-29,34.197703238086085
2026-05-30,30.700035647259394
2026-05-31,40.96883183375553
2026-06-01,30.85625453249709
2026-06-02,30.758707692455218
2026-06-03,24.831911928600256
2026-06-04,38.82666693509861
2026-06-05,28.44052162532235
2026-06-06,27.489988138893505
2026-06-07,32.05245362522628
2026-06-08,15.833354688609077
2026-06-09,29.554895745987853
2026-06-10,29.23697415818247
2026-06-11,17.398550691991485
2026-06-12,31.73466635045619
2026-06-13,27.89509622697776
2026-06-14,19.326487725450455
2026-06-15,21.63198153210011
2026-06-16,19.204325643843628
2026-06-17,19.153778958536122
2026-06-18,18.317340989022707
2026-06-19,25.732155987067255
2026-06-20,30.834113947165132
2026-06-21,21.843764769644732
2026-06-22,13.196050666176259
2026-06-23,13.969665977658167
2026-06-24,15.69878017165194
2026-06-25,13.186290969248518
2026-06-26,20.83122276218182
2026-06-27,9.699463459538368
2026-06-28,13.945946708823975
2026-06-29,7.446128117874693
2026-06-30,16.583985179649087
2026-07-01,26.398249673611467
2026-07-02,13.617364152929746
2026-07-03,17.090498074161335
2026-07-04,27.658502793596703
2026-07-05,14.811135232312061
2026-07-06,14.264277123774132
2026-07-07,6.059186643999979
2026-07-08,15.70882677121945
2026-07-09,16.01928518926091
2026-07-10,8.251273908201608
2026-07-11,15.654550009149155
2026-07-12,12.677440235678795
2026-07-13,13.501198217348708
2026-07-14,8.341682621931476
2026-07-15,12.320958283306378
2026-07-16,13.38465428204561
2026-07-17,17.375206755403028
2026-07-18,20.06143780084472
2026-07-19,17.9610332512717
2026-07-20,12.321858124102764
2026-07-21,18.304607741793795
2026-07-22,14.763335604784967
2026-07-23,15.000104023326593
2026-07-24,16.7984055711752
2026-07-25,24.1353810424506
2026-07-26,27.220923666320473
2026-07-27,17.21435668222281
2026-07-28,9.135995953685786
2026-07-29,14.917448121369038
2026-07-30,6.7946882215725495
2026-07-31,16.59241454477228
2026-08-01,8.85455457082158
2026-08-02,21.00536855303607
2026-08-03,13.999450943962835
2026-08-04,19.75353131201273
2026-08-05,19.563181511935717
2026-08-06,27.592839095420764
2026-08-07,26.239676405479937
2026-08-08,21.813577441888107
2026-08-09,16.761310018678728
2026-08-10,18.433422423453855
2026-08-11,18.08858104060606
2026-08-12,14.65578594528952
2026-08-13,27.330218004079498
2026-08-14,27.971611964790178
2026-08-15,36.13188651892058
2026-08-16,33.29580785279321
2026-08-17,29.271867185770567
2026-08-18,30.070189990373862
2026-08-19,33.06873860204328
2026-08-20,32.950615596850554
2026-08-21,36.215829966475056
2026-08-22,48.992651465378984
2026-08-23,45.250904191406036
2026-08-24,32.31040735112103
2026-08-25,34.86970682083376
2026-08-26,40.796541175208375
2026-08-27,28.78094841112369
2026-08-28,35.73328070069526
2026-08-29,37.312298810138735
2026-08-30,33.159421906904406
2026-08-31,25.89336685438193
2026-09-01,29.073976721320136
2026-09-02,23.893881371403168
2026-09-03,24.94453942160748
2026-09-04,24.196010152895138
2026-09-05,30.976315176147008
2026-09-06,37.594311269738455
2026-09-07,25.09389034712553
2026-09-08,30.328180830824415
2026-09-09,30.32123301619923
2026-09-10,37.87058237981739
2026-09-11,42.35910672559264
2026-09-12,40.96833357702394
2026-09-13,39.22815349103576
2026-09-14,28.575926879688286
2026-09-15,30.83567476532064
2026-09-16,39.09972119629512
2026-09-17,37.10372131692715
2026-09-18,36.839500269890095
2026-09-19,71.0221287697095
2026-09-20,57.47046884857083
2026-09-21,45.74177108731543
2026-09-22,38.84055033747252
2026-09-23,39.01026482171271
2026-09-24,38.94201069303347
2026-09-25,38.07219910402647
2026-09-26,44.301569027038575
2026-09-27,38.5471899925898
2026-09-28,29.680614498000384
2026-09-29,30.75869713876945
2026-09-30,30.35531793015084
2026-10-01,34.77534868494884
2026-10-02,32.34398178667426
2026-10-03,37.60643784821244
2026-10-04,34.284758636201914
2026-10-05,27.89153057015799
2026-10-06,27.52937639806486
2026-10-07,28.140005654076365
2026-10-08,29.844173277868506
2026-10-09,26.00035731076011
