time,value
2006-01-01,22.579262401476058
2006-01-02,22.129719203533373
2006-01-03,21.230615055828576
2006-01-04,19.88194996128862
2006-01-05,18.083723917368594
2006-01-06,15.835936924128752
2006-01-07,13.138588981643224
2006-01-08,9.991680089308492
2006-01-09,7.437428637031013
2006-01-10,33.37122724499297
2006-01-11,44.09029413957592
2006-01-12,29.366318692607248
2006-01-13,42.66547009651467
2006-01-14,3.5560329585656056
2006-01-15,4.5577261395027175
2006-01-16,48.715580767873625
2006-01-17,31.886797727577765
2006-01-18,50.310481559605364
2006-01-19,42.15184528636176
2006-01-20,8.34073532997942
2006-01-21,8.852245826717391
2006-01-22,9.282059209320348
2006-01-23,9.606768290921138
2006-01-24,9.82637307287891
2006-01-25,9.94087355368587
2006-01-26,35.521046303203754
2006-01-27,37.28503102524518
2006-01-28,9.65374919371729
2006-01-29,9.34783247191103
2006-01-30,8.991099012757156
2006-01-31,8.583548810846164
2006-02-01,46.713808329065984
2006-02-02,31.791798396187566
2006-02-03,7.055377575101264
2006-02-04,6.443940221005505
2006-02-05,5.781479395226905
2006-02-06,38.81082931725166
2006-02-07,5.108576549741477
2006-02-08,39.96737530586046
2006-02-09,5.3050321097722986
2006-02-10,31.764969072332192
2006-02-11,6.370846076663613
2006-02-12,7.229762461070383
2006-02-13,32.18372349155491
2006-02-14,8.704708349034355
2006-02-15,9.320737851963438
2006-02-16,47.04966188717772
2006-02-17,10.309909972254742
2006-02-18,10.683052591557548
2006-02-19,10.97523291591922
2006-02-20,11.121054300786238
2006-02-21,11.120516743904421
2006-02-22,10.973620249166336
2006-02-23,40.43545027674976
2006-02-24,10.240750437331007
2006-02-25,9.654777121588353
2006-02-26,8.92244486642218
2006-02-27,8.074563126142268
2006-02-28,7.111131902368792
2006-03-01,35.787236656455974
2006-03-02,51.3415213375399
2006-03-03,3.5622792276094746
2006-03-04,2.1713879682468775
2006-03-05,31.36145840926804
2006-03-06,22.648033129166002
2006-03-07,25.777895634697085
2006-03-08,-2.4868126363829948
2006-03-09,39.672091382811935
2006-03-10,-3.4946677741817
2006-03-11,-3.6682840533576844
2006-03-12,-3.621692805047868
2006-03-13,22.60640801893655
2006-03-14,34.567699116828365
2006-03-15,24.358485912411716
2006-03-16,38.00616623039633
2006-03-17,-1.2015896349925512
2006-03-18,-0.2801396161946972
2006-03-19,0.7871201986717438
2006-03-20,40.46027297087208
2006-03-21,27.846831076530076
2006-03-22,2.697728999812661
2006-03-23,45.05724612481471
2006-03-24,2.895492664943127
2006-03-25,2.671581837838259
2006-03-26,2.2324759030469803
2006-03-27,30.765756736422922
2006-03-28,26.59161176507147
2006-03-29,31.16569391095598
2006-03-30,28.138203611578614
2006-03-31,1.0818541001127073
2006-04-01,1.0607113140800664
2006-04-02,1.0863358921616832
2006-04-03,26.126378850677018
2006-04-04,32.212388011924695
2006-04-05,3.802644629350354
2006-04-06,31.092251510840867
2006-04-07,7.813046292667897
2006-04-08,10.478105877265095
2006-04-09,13.583071295976826
2006-04-10,15.998717724678599
2006-04-11,17.72504516314827
2006-04-12,18.762053610861017
2006-04-13,19.10974306968115
2006-04-14,18.768113538334653
2006-04-15,17.737165016438603
2006-04-16,16.016897504748382
2006-04-17,14.285953128979527
2006-04-18,12.544331889888586
2006-04-19,10.792033785906035
2006-04-20,9.02905881761043
2006-04-21,7.255406984422297
2006-04-22,5.471078286008549
2006-04-23,3.676072724355775
2006-04-24,31.369001606262227
2006-04-25,35.25804194652578
2006-04-26,30.45319808078834
2006-04-27,-0.945073587973619
2006-04-28,40.96360176165034
2006-04-29,-1.720321183480264
2006-04-30,-1.7241135902838067
2006-05-01,-1.5061873842914846
2006-05-02,39.45572147968985
2006-05-03,31.379775268534978
2006-05-04,26.027424736443272
2006-05-05,30.06256923139758
2006-05-06,3.24352199055952
2006-05-07,4.925479534822312
2006-05-08,36.31677877371113
2006-05-09,31.501640105331532
2006-05-10,7.52724790936715
2006-05-11,34.855297619036065
2006-05-12,7.2250066064069305
2006-05-13,6.462859890393167
2006-05-14,5.293362464013235
2006-05-15,29.318646735653353
2006-05-16,3.686075835483539
2006-05-17,33.096356738974144
2006-05-18,43.223765548024524
2006-05-19,3.104416454750252
2006-05-20,3.3983354770310754
2006-05-21,3.9361572397907647
2006-05-22,4.458878304589318
2006-05-23,27.09684348155109
2006-05-24,5.459018332859422
2006-05-25,5.936437297680147
2006-05-26,37.40913369372526
2006-05-27,6.845973129240177
2006-05-28,7.278089996455529
2006-05-29,7.478570487596917
2006-05-30,7.447414603559906
2006-05-31,39.13752661888378
2006-06-01,30.147682957887312
2006-06-02,5.953267658178275
2006-06-03,4.973844193196976
2006-06-04,3.7519233121532327
2006-06-05,3.270875429811346
2006-06-06,30.073589281536286
2006-06-07,4.531398655787976
2006-06-08,35.85899224282816
2006-06-09,8.755413872417385
2006-06-10,11.978730977773681
2006-06-11,15.942921081528223
2006-06-12,18.779543366986804
2006-06-13,20.48859783554617
2006-06-14,21.070084486830048
2006-06-15,20.524003322372003
2006-06-16,18.850354339809492
2006-06-17,16.049137539486868
2006-06-18,12.12035292149261
2006-06-19,48.28090380900002
2006-06-20,6.324063964878716
2006-06-21,28.40010495885539
2006-06-22,29.815515300695395
2006-06-23,2.7828312213398068
2006-06-24,2.9766071585371208
2006-06-25,3.8574765193373484
2006-06-26,4.814308900096135
2006-06-27,5.847104300009908
2006-06-28,29.93081803071718
2006-06-29,39.0967212481646
2006-06-30,9.401268617087801
2006-07-01,10.737916096081033
2006-07-02,12.148296096141475
2006-07-03,12.942392220016504
2006-07-04,13.120204467088938
2006-07-05,12.681732838057796
2006-07-06,11.626977332007057
2006-07-07,9.955937951075523
2006-07-08,7.668614691597082
2006-07-09,4.765007555861125
2006-07-10,2.7039752622146906
2006-07-11,24.925396335168784
2006-07-12,23.929616114456707
2006-07-13,29.239258457189894
2006-07-14,2.8855945201977917
2006-07-15,5.037436440756993
2006-07-16,8.031853206816965
2006-07-17,10.177513679770307
2006-07-18,11.474417859333554
2006-07-19,11.922565748569827
2006-07-20,11.521957345677757
2006-07-21,10.272592651026338
2006-07-22,8.174471664590277
2006-07-23,5.227594385612337
2006-07-24,3.0597526287073205
2006-07-25,23.754798885104286
2006-07-26,1.0611756793086133
2006-07-27,30.326884734756703
2006-07-28,2.178740814603378
2006-07-29,3.9060766640323568
2006-07-30,6.412448035078251
2006-07-31,8.282245675103658
2006-08-01,9.515469584864375
2006-08-02,10.120828910544624
2006-08-03,10.098323654056026
2006-08-04,9.44795381335069
2006-08-05,8.169719387679631
2006-08-06,6.263620379729227
2006-08-07,4.896684461207135
2006-08-08,4.068911631186783
2006-08-09,3.7803018915472997
2006-08-10,4.03085524280776
2006-08-11,4.82057168113082
2006-08-12,6.14945120981354
2006-08-13,8.017493828933942
2006-08-14,9.529780595643935
2006-08-15,10.686311511553637
2006-08-16,11.487086575960019
2006-08-17,11.932105789565567
2006-08-18,12.021369152178439
2006-08-19,11.754876663332192
2006-08-20,11.132628322837974
2006-08-21,10.412552076464522
2006-08-22,9.59464792409588
2006-08-23,29.63920392973148
2006-08-24,7.665355896984039
2006-08-25,6.553968023543947
2006-08-26,5.3447522436992845
2006-08-27,4.0377085567485125
2006-08-28,30.15332429005724
2006-08-29,23.37675373134322
2006-08-30,2.394333604204837
2006-08-31,23.813445048598915
2006-09-01,3.196880395647611
2006-09-02,4.1577863314251235
2006-09-03,5.488511797241117
2006-09-04,27.826756245755462
2006-09-05,41.30120340938747
2006-09-06,8.369304053631245
2006-09-07,8.959106757722562
2006-09-08,9.363678771553841
2006-09-09,9.583020095662679
2006-09-10,9.617130729265266
2006-09-11,9.54875738617657
2006-09-12,9.377900068294256
2006-09-13,29.310836763104476
2006-09-14,8.728733505817607
2006-09-15,8.250424260526515
2006-09-16,7.66963103985529
2006-09-17,6.9863538442734345
2006-09-18,28.89248360217499
2006-09-19,38.9837027477967
2006-09-20,25.404469416494344
2006-09-21,3.497249551095976
2006-09-22,2.4359746009660928
2006-09-23,1.2991000992760675
2006-09-24,0.08662604716583822
2006-09-25,26.510375151903062
2006-09-26,44.42256781171143
2006-09-27,23.13827214007625
2006-09-28,29.767365387108434
2006-09-29,0.5974860709098326
2006-09-30,2.014304133891379
2006-10-01,3.8693375489720427
2006-10-02,5.505193096983257
2006-10-03,6.9218707791826475
2006-10-04,8.119370595790997
2006-10-05,9.097692545333254
2006-10-06,36.82238282962547
2006-10-07,10.396802846808983
2006-10-08,10.71759119937385
2006-10-09,30.604166078384004
2006-10-10,10.546356558205384
2006-10-11,10.054333565202208
2006-10-12,9.291373455712442
2006-10-13,8.257476232141565
2006-10-14,6.952641892598622
2006-10-15,5.376870437842991
2006-10-16,4.22211259553379
2006-10-17,30.686376170374412
2006-10-18,3.1756377473392146
2006-10-19,31.411774968442376
2006-10-20,26.284505847845114
2006-10-21,4.7635275675920035
2006-10-22,6.134851397779597
2006-10-23,7.180664219704887
2006-10-24,32.0382293701777
2006-10-25,35.95868785103207
2006-10-26,8.365036628639684
2006-10-27,8.108805413918313
2006-10-28,7.527063188963105
2006-10-29,6.619809954577569
2006-10-30,30.287218981715593
2006-10-31,28.13876693258891
2006-11-01,30.966675662989395
2006-11-02,3.7592281782263584
2006-11-03,3.237056141439602
2006-11-04,2.792246589291617
2006-11-05,2.4247995229676746
2006-11-06,21.645565850546614
2006-11-07,30.69946010966025
2006-11-08,21.91524932720438
2006-11-09,32.021867123490836
2006-11-10,1.5091425709453041
2006-11-11,1.5103268561522505
2006-11-12,25.89200993322362
2006-11-13,28.51077747691386
2006-11-14,19.523413470456816
2006-11-15,25.144434307828394
2006-11-16,28.67236774426454
2006-11-17,-1.6148544983733402
2006-11-18,-2.9525990210987114
2006-11-19,-4.5237381052634404
2006-11-20,26.397103574814693
2006-11-21,24.72067657070295
2006-11-22,16.327706256242124
2006-11-23,29.074841655381164
2006-11-24,16.663479732698903
2006-11-25,27.251916365849354
2006-11-26,2.5310322522540076
2006-11-27,28.87501717503757
2006-11-28,34.70357839994532
2006-11-29,24.379841439784652
2006-11-30,35.88445624903024
2006-12-01,6.166682839087496
2006-12-02,4.665097908151072
2006-12-03,33.25131540647948
2006-12-04,33.41108686188655
2006-12-05,19.86698060144466
2006-12-06,27.953160612340668
2006-12-07,18.151154011799672
2006-12-08,17.736455811178956
2006-12-09,0.518391824736737
2006-12-10,30.036467467791617
2006-12-11,22.669787167171314
2006-12-12,36.605278865189746
2006-12-13,35.292825561823314
2006-12-14,30.09324314245256
2006-12-15,5.592539018048944
2006-12-16,5.350441664612687
2006-12-17,28.624862113367325
2006-12-18,4.571562641726095
2006-12-19,4.67248684458899
2006-12-20,5.100320189761639
2006-12-21,29.682377208534525
2006-12-22,6.936714308591755
2006-12-23,8.345275081736865
2006-12-24,10.080744997793554
2006-12-25,11.237480054514661
2006-12-26,11.815480252389234
2006-12-27,11.814745592564066
2006-12-28,11.235276072973955
2006-12-29,10.077071695921319
2006-12-30,8.340132459488531
2006-12-31,6.024458364621868
2007-01-01,4.102982982248825
2007-01-02,2.594657368049573
2007-01-03,20.871281948990678
2007-01-04,20.654179076031937
2007-01-05,16.665917074599477
2007-01-06,25.721218720428965
2007-01-07,1.2502757755124918
2007-01-08,25.802765726294353
2007-01-09,17.24225474367281
2007-01-10,28.802450413121655
2007-01-11,20.86355043571605
2007-01-12,19.508939023790074
2007-01-13,2.4223020833351256
2007-01-14,2.2555543038457966
2007-01-15,28.42812955522952
2007-01-16,30.641893083393512
2007-01-17,25.83673929661072
2007-01-18,23.308152124975805
2007-01-19,24.877080809386257
2007-01-20,-1.3812017618905035
2007-01-21,15.395350391208106
2007-01-22,19.426017298854553
2007-01-23,19.1569039554207
2007-01-24,15.052933567093541
2007-01-25,24.471239321709163
2007-01-26,15.513916601167157
2007-01-27,-0.5476270205856171
2007-01-28,1.1242368863089123
2007-01-29,25.261390700272443
2007-01-30,26.873572986770128
2007-01-31,23.162942530153927
2007-02-01,27.969905670643143
2007-02-02,2.0493180287361668
2007-02-03,0.7270416371351374
2007-02-04,-1.1027768616786418
2007-02-05,15.111801017994068
2007-02-06,19.615689815317836
2007-02-07,13.33873594788292
2007-02-08,11.158482149701369
2007-02-09,10.750312367320326
2007-02-10,42.334235276116985
2007-02-11,16.644994485256504
2007-02-12,15.208726871680117
2007-02-13,25.937428967278287
2007-02-14,19.07601530772128
2007-02-15,23.44972493532978
2007-02-16,19.06685980796269
2007-02-17,3.1378806595554174
2007-02-18,4.488026534628132
2007-02-19,5.644191872067605
2007-02-20,6.6063766719374755
2007-02-21,29.2259718212523
2007-02-22,24.686040232852143
2007-02-23,23.671513790234116
2007-02-24,8.515310499616657
2007-02-25,8.50759261333926
2007-02-26,28.82779000612663
2007-02-27,37.074331245681876
2007-02-28,6.639303371611069
2007-03-01,28.82647223316355
2007-03-02,3.8604744612036868
2007-03-03,2.0162414687173538
2007-03-04,-0.13120388288383467
2007-03-05,24.485154180103372
2007-03-06,27.513301782196905
2007-03-07,28.286295753678672
2007-03-08,15.452261042636557
2007-03-09,13.923333002557847
2007-03-10,18.469125515691793
2007-03-11,-1.2853444907802327
2007-03-12,23.782234082189476
2007-03-13,22.383635648753433
2007-03-14,28.207911298745362
2007-03-15,23.301872445405316
2007-03-16,20.170761337716645
2007-03-17,-1.6420432799053657
2007-03-18,20.085681577335023
2007-03-19,17.252094362072413
2007-03-20,13.878227607281106
2007-03-21,18.100237495636375
2007-03-22,13.800786067288161
2007-03-23,-3.2819227740466106
2007-03-24,17.916176911235446
2007-03-25,18.349837409119495
2007-03-26,17.616671912095693
2007-03-27,24.204509287815128
2007-03-28,22.532461435453776
2007-03-29,20.54296653295278
2007-03-30,5.495340449486433
2007-03-31,5.901893142649197
2007-04-01,26.17939511201243
2007-04-02,6.210712568003437
2007-04-03,6.319632054935532
2007-04-04,22.670537087154898
2007-04-05,6.44649057629694
2007-04-06,6.464429610902121
2007-04-07,6.452041827817688
2007-04-08,6.409327226531952
2007-04-09,6.413101814950952
2007-04-10,20.759754309840574
2007-04-11,26.194183361743356
2007-04-12,6.703360708026704
2007-04-13,6.893092049088024
2007-04-14,7.129312578051122
2007-04-15,7.412022294903581
2007-04-16,31.67297987511322
2007-04-17,27.065913739316645
2007-04-18,8.003443409918626
2007-04-19,36.01040705815617
2007-04-20,8.183800790697045
2007-04-21,8.209802471549574
2007-04-22,8.193019481046433
2007-04-23,8.098028875932307
2007-04-24,31.9458631942843
2007-04-25,30.299687733920372
2007-04-26,33.73714440705478
2007-04-27,6.935990334963954
2007-04-28,6.44996166658739
2007-04-29,5.885725388380486
2007-04-30,5.32265306800109
2007-05-01,29.362931255025863
2007-05-02,28.340450802397278
2007-05-03,24.49403860519111
2007-05-04,3.1011263368139197
2007-05-05,2.556622449026028
2007-05-06,23.32545015601968
2007-05-07,29.623999238010327
2007-05-08,27.031348221897996
2007-05-09,31.238655454545842
2007-05-10,17.992426796725535
2007-05-11,1.3565893630013797
2007-05-12,1.632790003714213
2007-05-13,23.896440433191255
2007-05-14,21.73248396126463
2007-05-15,19.394414729813278
2007-05-16,21.144028833444438
2007-05-17,2.727832131179925
2007-05-18,2.656963881968963
2007-05-19,2.4894700727392607
2007-05-20,21.13222792732295
2007-05-21,23.409991226376548
2007-05-22,1.883988607473169
2007-05-23,16.29685259731646
2007-05-24,16.746825286947328
2007-05-25,26.09263118474319
2007-05-26,1.948770946121611
2007-05-27,2.120697059757786
2007-05-28,2.2825012704957306
2007-05-29,25.137933682541046
2007-05-30,26.829238120841843
2007-05-31,27.07690742277671
2007-06-01,18.403426624939794
2007-06-02,2.934572304828503
2007-06-03,3.025402160292405
2007-06-04,20.92336190966406
2007-06-05,22.844031597765944
2007-06-06,16.342413393266128
2007-06-07,0.9148404861960806
2007-06-08,27.0829683991236
2007-06-09,-1.624769014183915
2007-06-10,-3.26565593031028
2007-06-11,16.96886754567568
2007-06-12,16.23433941431577
2007-06-13,14.236351128678436
2007-06-14,20.72636899994648
2007-06-15,12.085697883463496
2007-06-16,42.98155860025464
2007-06-17,21.397899099356323
2007-06-18,20.90623960673153
2007-06-19,4.157748889437876
2007-06-20,22.758903298043933
2007-06-21,22.778610431724168
2007-06-22,5.6116399219505
2007-06-23,5.197386121380987
2007-06-24,4.333690251483221
2007-06-25,20.426350552559
2007-06-26,3.2636603081427857
2007-06-27,20.1164317233004
2007-06-28,3.070112764055432
2007-06-29,3.302019891888328
2007-06-30,38.62228839569552
2007-07-01,4.423195945656982
2007-07-02,21.002523724196152
2007-07-03,22.651124670706857
2007-07-04,3.789920257597739
2007-07-05,19.5123109139123
2007-07-06,16.429614648803774
2007-07-07,-0.8089364329244173
2007-07-08,16.187415145899944
2007-07-09,13.371706091262821
2007-07-10,17.915121713832015
2007-07-11,10.317709672443272
2007-07-12,15.882021608665497
2007-07-13,12.855015776445818
2007-07-14,-0.9180480876248129
2007-07-15,2.264504631415587
2007-07-16,4.951762270776086
2007-07-17,24.500858016847854
2007-07-18,8.840392309473042
2007-07-19,10.041764709511298
2007-07-20,10.747842030041111
2007-07-21,10.958624270247805
2007-07-22,10.67411143267248
2007-07-23,10.138715368224346
2007-07-24,27.17449247509944
2007-07-25,8.315273562163135
2007-07-26,7.027227819796387
2007-07-27,5.48829885128092
2007-07-28,3.6984866569279777
2007-07-29,1.6577912354653108
2007-07-30,16.379780020806677
2007-07-31,14.50621266829649
2007-08-01,15.25391520841071
2007-08-02,15.90649819058128
2007-08-03,15.146679186729186
2007-08-04,-1.1282125170268777
2007-08-05,-0.0248597875524883
2007-08-06,15.06736596284731
2007-08-07,1.9566833982384715
2007-08-08,22.749084698579395
2007-08-09,3.6380102230718716
2007-08-10,21.782831226815297
2007-08-11,5.01912068702288
2007-08-12,5.5970947842540415
2007-08-13,36.617666603030706
2007-08-14,6.258502100193647
2007-08-15,6.34193532062581
2007-08-16,20.983089908629736
2007-08-17,6.014260883633058
2007-08-18,5.603153225529228
2007-08-19,5.027198610358431
2007-08-20,4.554352091996499
2007-08-21,29.52292863571038
2007-08-22,26.466759050605425
2007-08-23,3.7544611230204676
2007-08-24,3.694046994938059
2007-08-25,26.69679489228331
2007-08-26,3.8825430337442484
2007-08-27,16.776199006391465
2007-08-28,24.053242077404875
2007-08-29,20.599516929957886
2007-08-30,4.090407514994611
2007-08-31,4.04853768849657
2007-09-01,3.969133483680201
2007-09-02,3.856266532770844
2007-09-03,15.974970033135174
2007-09-04,24.401624030694826
2007-09-05,17.280686658472607
2007-09-06,19.718011279527516
2007-09-07,3.7019744657906806
2007-09-08,3.7531245893105325
2007-09-09,3.8316108921262
2007-09-10,19.9800734200588
2007-09-11,25.411782591921195
2007-09-12,25.133603748913593
2007-09-13,23.55634683734163
2007-09-14,22.995687077919584
2007-09-15,0.8044996267794353
2007-09-16,-0.28302376458469247
2007-09-17,21.91145608454675
2007-09-18,19.61707931079817
2007-09-19,20.380546126960102
2007-09-20,15.407059137408163
2007-09-21,17.52075022781022
2007-09-22,18.507976015208833
2007-09-23,25.151846928479685
2007-09-24,17.610772636467733
2007-09-25,13.933310587854503
2007-09-26,1.1373742172204757
2007-09-27,21.96013555294056
2007-09-28,15.466851268903582
2007-09-29,1.3809944804800498
2007-09-30,1.1784411745982055
2007-10-01,17.950662846130854
2007-10-02,14.924914895507055
2007-10-03,23.018590813080976
2007-10-04,19.915376499995826
2007-10-05,19.911660677163383
2007-10-06,0.8073600475493219
2007-10-07,19.671798684568117
2007-10-08,25.80557259217093
2007-10-09,23.58074811614633
2007-10-10,13.73345367251708
2007-10-11,25.017401654751314
2007-10-12,12.585383926626237
2007-10-13,-1.0317054717795777
2007-10-14,23.130274817613312
2007-10-15,18.232571352605852
2007-10-16,23.79365701145398
2007-10-17,22.72760381383039
2007-10-18,25.378953188838704
2007-10-19,10.942391475605092
2007-10-20,-1.1715372958082675
2007-10-21,17.397482708294746
2007-10-22,46.5636187229433
2007-10-23,34.952856006120555
2007-10-24,29.754900407670956
2007-10-25,27.482827849513882
2007-10-26,17.908327704543296
2007-10-27,-1.758139288321722
2007-10-28,20.16739042019509
2007-10-29,27.880718701997477
2007-10-30,29.246796534264455
2007-10-31,13.84359528478428
2007-11-01,17.121509740155034
2007-11-02,17.24121960863301
2007-11-03,14.551417297670056
2007-11-04,23.309747925820588
2007-11-05,22.176872060724996
2007-11-06,23.58948558343893
2007-11-07,29.91094814429076
2007-11-08,27.116076230168808
2007-11-09,18.530858962575834
2007-11-10,-2.103285335673643
2007-11-11,17.213516246288805
2007-11-12,26.14024718575071
2007-11-13,27.073050180982463
2007-11-14,20.298031825737176
2007-11-15,31.889635497724832
2007-11-16,16.634078992337997
2007-11-17,-3.965939213035769
2007-11-18,28.786136190121145
2007-11-19,28.25515953843795
2007-11-20,28.264294386955584
2007-11-21,22.26587218979039
2007-11-22,25.957011849585847
2007-11-23,19.202962026057378
2007-11-24,-0.39241998007058676
2007-11-25,26.144586898367898
2007-11-26,32.11876421600782
2007-11-27,33.897793198076684
2007-11-28,46.72877092325685
2007-11-29,36.60077638815097
2007-11-30,25.48143128163027
2007-12-01,1.2052449335279327
2007-12-02,17.79638781887813
2007-12-03,36.00719889382197
2007-12-04,28.949619160240402
2007-12-05,33.62378743892258
2007-12-06,27.94585124170421
2007-12-07,16.740879011481322
2007-12-08,24.298128214462785
2007-12-09,23.026194481112675
2007-12-10,23.213205420600154
2007-12-11,36.98888837934842
2007-12-12,19.219928629278282
2007-12-13,32.46532045592822
2007-12-14,26.16466473315831
2007-12-15,16.164094216489005
2007-12-16,37.95274729306488
2007-12-17,38.22319101956766
2007-12-18,33.40271216082643
2007-12-19,23.80125952463
2007-12-20,9.108884304538279
2007-12-21,6.566488883323229
2007-12-22,6.759378251568251
2007-12-23,6.781782345521693
2007-12-24,6.732959157974575
2007-12-25,6.612908686753915
2007-12-26,6.421630933073057
2007-12-27,6.159125897535866
2007-12-28,30.853759737381893
2007-12-29,19.368130289381114
2007-12-30,4.944247096757552
2007-12-31,9.030358919247723
2008-01-01,3.9635347443488094
2008-01-02,21.770240625239733
2008-01-03,28.20113340109219
2008-01-04,26.471931940031517
2008-01-05,25.76486965106576
2008-01-06,1.710221588402339
2008-01-07,20.54905399902487
2008-01-08,19.98761725019607
2008-01-09,19.5884494999394
2008-01-10,30.152074558656267
2008-01-11,25.127204727161732
2008-01-12,19.70431181972561
2008-01-13,24.6123930001787
2008-01-14,26.77700836549706
2008-01-15,26.353132319423523
2008-01-16,36.04866594604231
2008-01-17,27.735755017997292
2008-01-18,15.865762656923884
2008-01-19,16.51728322171863
2008-01-20,21.980340139151735
2008-01-21,25.55451035719892
2008-01-22,40.09074825187512
2008-01-23,43.05219922915022
2008-01-24,23.101889623525636
2008-01-25,15.323640152000154
2008-01-26,2.998096905347724
2008-01-27,11.922537503257804
2008-01-28,25.884603067356302
2008-01-29,21.095722668888712
2008-01-30,24.94762211933234
2008-01-31,21.55542506044017
2008-02-01,20.178852102774826
2008-02-02,10.034938088628055
2008-02-03,15.454664357323272
2008-02-04,13.268570812500657
2008-02-05,13.111892960817368
2008-02-06,13.476610644071023
2008-02-07,12.655025149547178
2008-02-08,19.05151758628211
2008-02-09,22.65235726903692
2008-02-10,24.88807715453099
2008-02-11,32.74747305762975
2008-02-12,24.495384893400214
2008-02-13,19.38738229197361
2008-02-14,25.52087783178787
2008-02-15,19.494736595640127
2008-02-16,0.30162495626921704
2008-02-17,9.784631849499846
2008-02-18,24.221314337212903
2008-02-19,26.951924048839338
2008-02-20,25.84439223689026
2008-02-21,17.620414213018442
2008-02-22,18.859270868294725
2008-02-23,0.6641965150423932
2008-02-24,20.041929404961913
2008-02-25,25.943288480832887
2008-02-26,27.866416506881365
2008-02-27,28.97338736859179
2008-02-28,24.033814949607994
2008-02-29,21.6487786418029
2008-03-01,6.940735714310408
2008-03-02,21.172137742662485
2008-03-03,27.443255507108752
2008-03-04,27.92373065743809
2008-03-05,32.26071980878269
2008-03-06,29.713304690091572
2008-03-07,22.07561204857152
2008-03-08,0.2607773455252236
2008-03-09,23.16205416776829
2008-03-10,21.324080242308185
2008-03-11,28.027608711058374
2008-03-12,24.71445475967289
2008-03-13,22.968955045922577
2008-03-14,19.032980288438605
2008-03-15,5.274041114516148
2008-03-16,19.62212276987529
2008-03-17,18.565093689302252
2008-03-18,20.932343890764642
2008-03-19,23.0044876932929
2008-03-20,3.6275190244150917
2008-03-21,8.769230170309779
2008-03-22,20.387024235831205
2008-03-23,0.989016694974886
2008-03-24,16.656002604589343
2008-03-25,17.575632365482562
2008-03-26,16.72701226522826
2008-03-27,19.96042603644323
2008-03-28,28.28320729792396
2008-03-29,26.972787723852313
2008-03-30,18.934937379061573
2008-03-31,27.62792324411218
2008-04-01,23.141685454380998
2008-04-02,27.950115607831606
2008-04-03,22.60392607193774
2008-04-04,19.19112031595401
2008-04-05,12.204146464772688
2008-04-06,20.123702127077184
2008-04-07,22.313991317130466
2008-04-08,27.60855503179414
2008-04-09,31.42670753728947
2008-04-10,31.66437327995419
2008-04-11,18.82042921692041
2008-04-12,3.045698774529601
2008-04-13,28.507886936677178
2008-04-14,27.875983541398618
2008-04-15,26.836995963063785
2008-04-16,28.9553354806419
2008-04-17,26.288563915275837
2008-04-18,25.5393242185665
2008-04-19,15.8981517484317
2008-04-20,27.042644766674105
2008-04-21,33.27030978105208
2008-04-22,30.787254184725416
2008-04-23,32.146404657189805
2008-04-24,20.46151177722588
2008-04-25,22.182533824140126
2008-04-26,18.074763110399573
2008-04-27,26.812615249203887
2008-04-28,27.911230887794197
2008-04-29,20.78945601118035
2008-04-30,-0.1317879043099044
2008-05-01,29.11318416714089
2008-05-02,24.487958366084598
2008-05-03,21.249211481140954
2008-05-04,22.53517517961297
2008-05-05,11.895727648574795
2008-05-06,27.120781113585863
2008-05-07,21.04149166232315
2008-05-08,21.773792415024648
2008-05-09,19.429124318561378
2008-05-10,22.495316240130087
2008-05-11,3.2319499627009467
2008-05-12,23.953673807880914
2008-05-13,31.85295980023214
2008-05-14,33.82616889444837
2008-05-15,25.84396659889463
2008-05-16,18.870791959224253
2008-05-17,4.615514390086144
2008-05-18,29.647942128805518
2008-05-19,25.064186822169482
2008-05-20,25.286447697634273
2008-05-21,16.867714978393398
2008-05-22,2.34420438429545
2008-05-23,2.88780364623897
2008-05-24,18.874027667088285
2008-05-25,23.686022651237792
2008-05-26,26.04039757666805
2008-05-27,31.167538558414606
2008-05-28,34.06952108613726
2008-05-29,29.632189843629863
2008-05-30,5.535079759778249
2008-05-31,4.55112618565375
2008-06-01,19.125326950808358
2008-06-02,21.759888747170624
2008-06-03,31.981586405987134
2008-06-04,26.597904395631183
2008-06-05,22.730534023048595
2008-06-06,22.274931450054282
2008-06-07,18.364538494302042
2008-06-08,32.159321782336626
2008-06-09,23.058228782147914
2008-06-10,25.35232653657462
2008-06-11,26.101252357110585
2008-06-12,24.375159821930005
2008-06-13,20.406510538143195
2008-06-14,2.6497114473321535
2008-06-15,20.929033258986948
2008-06-16,25.591540909339958
2008-06-17,15.319951967515706
2008-06-18,22.42642955423599
2008-06-19,25.99538975713805
2008-06-20,18.33175739025379
2008-06-21,21.131948934818215
2008-06-22,26.098873254296734
2008-06-23,23.87101813933336
2008-06-24,32.9290812037433
2008-06-25,29.922592233716315
2008-06-26,24.343733440446908
2008-06-27,32.65853519070507
2008-06-28,5.313931981833701
2008-06-29,19.719638339175326
2008-06-30,46.00828024071036
2008-07-01,21.647685897632236
2008-07-02,29.237044310893168
2008-07-03,41.57834767595237
2008-07-04,32.957766128563165
2008-07-05,17.951834421849078
2008-07-06,26.55704045527959
2008-07-07,26.74318002182414
2008-07-08,28.240857489277694
2008-07-09,24.666319547185125
2008-07-10,25.666722809456395
2008-07-11,17.139396562931054
2008-07-12,4.663419332293806
2008-07-13,22.48813427915701
2008-07-14,28.40542172246102
2008-07-15,25.28230812548461
2008-07-16,49.925214308770116
2008-07-17,36.624993208070755
2008-07-18,25.171322909402402
2008-07-19,7.2224081202577874
2008-07-20,20.38636417038445
2008-07-21,24.45427636452341
2008-07-22,26.057261005127494
2008-07-23,22.393857721551505
2008-07-24,21.400544137604317
2008-07-25,21.605063419122523
2008-07-26,6.386410797728352
2008-07-27,5.189722926326169
2008-07-28,21.716849244987937
2008-07-29,27.684961121854776
2008-07-30,9.611285458359935
2008-07-31,26.192377559245045
2008-08-01,20.630118561915232
2008-08-02,8.272693616963972
2008-08-03,14.21999553029061
2008-08-04,21.046954081567307
2008-08-05,20.92140133986654
2008-08-06,22.924241292837532
2008-08-07,17.926885522919903
2008-08-08,4.641854370394466
2008-08-09,2.750897073752805
2008-08-10,3.304241831493835
2008-08-11,15.916237924923697
2008-08-12,21.447546527767216
2008-08-13,18.968321219059384
2008-08-14,24.5184127542266
2008-08-15,14.96789142093609
2008-08-16,4.380684330263563
2008-08-17,4.186153737676111
2008-08-18,18.423567123941165
2008-08-19,24.383213826811026
2008-08-20,22.637307030202834
2008-08-21,19.02122908140842
2008-08-22,11.833241814938456
2008-08-23,3.4247837784743282
2008-08-24,11.38544976285052
2008-08-25,17.54992365609526
2008-08-26,21.801974655546324
2008-08-27,25.303910787513892
2008-08-28,23.832679555626715
2008-08-29,10.724381614841445
2008-08-30,3.5298681553567253
2008-08-31,17.82406672252931
2008-09-01,22.0467070984784
2008-09-02,16.521622083724477
2008-09-03,19.62221931945445
2008-09-04,18.42303750163934
2008-09-05,19.07536833750813
2008-09-06,3.447206619883252
2008-09-07,13.837623664409842
2008-09-08,21.71798915065377
2008-09-09,18.09978767888693
2008-09-10,24.020794517418437
2008-09-11,19.140619213744436
2008-09-12,16.399624454790132
2008-09-13,18.819811109772555
2008-09-14,19.853510631696075
2008-09-15,22.48602938388612
2008-09-16,24.547725719103127
2008-09-17,29.15298908969075
2008-09-18,26.01092305327866
2008-09-19,15.33312727512394
2008-09-20,17.14706312337281
2008-09-21,27.161131735519223
2008-09-22,23.18328561500249
2008-09-23,25.348276105735973
2008-09-24,22.792993580414137
2008-09-25,26.90805669112136
2008-09-26,24.946820755387645
2008-09-27,4.433846295032923
2008-09-28,21.314892954930155
2008-09-29,23.836930650188958
2008-09-30,27.497399723192068
2008-10-01,23.617733581747924
2008-10-02,23.459910639470742
2008-10-03,19.969615267113824
2008-10-04,18.556050196774322
2008-10-05,26.264590232663036
2008-10-06,36.68359318084619
2008-10-07,48.582204644780326
2008-10-08,54.45906744337704
2008-10-09,43.62094773874219
2008-10-10,43.847007346455996
2008-10-11,35.41675343041126
2008-10-12,29.87577904702505
2008-10-13,30.092073574567465
2008-10-14,32.53996933454093
2008-10-15,36.13464550371687
2008-10-16,33.24361271173318
2008-10-17,28.98996710439868
2008-10-18,13.24076691413733
2008-10-19,24.310453121600585
2008-10-20,23.514764154969182
2008-10-21,28.71748028900221
2008-10-22,30.083687457186812
2008-10-23,20.731926093023397
2008-10-24,31.463358882158197
2008-10-25,12.221253509111209
2008-10-26,18.0990104007358
2008-10-27,29.056777295700112
2008-10-28,21.15100886035855
2008-10-29,24.872918973698862
2008-10-30,22.55542564273528
2008-10-31,19.583889386253258
2008-11-01,16.18481125710973
2008-11-02,25.94812915637525
2008-11-03,28.62561411528146
2008-11-04,19.961430594436983
2008-11-05,22.48647263166985
2008-11-06,28.326848422572162
2008-11-07,21.102955631532122
2008-11-08,19.73061231356188
2008-11-09,26.728152520470598
2008-11-10,17.95090458377102
2008-11-11,25.78851882221044
2008-11-12,28.31211714874413
2008-11-13,30.287162468196996
2008-11-14,18.812035694867824
2008-11-15,23.448104285562923
2008-11-16,29.31186495682477
2008-11-17,28.25360807929861
2008-11-18,34.01837112962602
2008-11-19,32.90880106418021
2008-11-20,32.47095922033944
2008-11-21,22.232152256193498
2008-11-22,17.201055093106334
2008-11-23,16.590874602356784
2008-11-24,26.41334397347739
2008-11-25,26.599277960156382
2008-11-26,24.27749911836618
2008-11-27,19.951674261842534
2008-11-28,18.30977909307895
2008-11-29,11.758067845080298
2008-11-30,22.109187803007288
2008-12-01,22.313442665120874
2008-12-02,25.16504548262461
2008-12-03,29.915946731893165
2008-12-04,25.264936068596867
2008-12-05,29.260570941670668
2008-12-06,21.189926272938727
2008-12-07,29.925925535688577
2008-12-08,23.452070654886022
2008-12-09,22.457444490884363
2008-12-10,28.414303873679536
2008-12-11,35.43362147440627
2008-12-12,15.426286666199074
2008-12-13,5.8186178840663025
2008-12-14,20.90700384570978
2008-12-15,22.799881453500028
2008-12-16,23.343851739063012
2008-12-17,27.709695281506555
2008-12-18,25.198217688706016
2008-12-19,11.839690010180938
2008-12-20,12.358490148740403
2008-12-21,9.504774891259984
2008-12-22,20.11636095749564
2008-12-23,11.68736722460317
2008-12-24,4.945620151898197
2008-12-25,5.276480261626439
2008-12-26,13.06738355991137
2008-12-27,22.15809751320485
2008-12-28,18.52343860576938
2008-12-29,14.531827585231218
2008-12-30,17.312087009030687
2008-12-31,6.368852020300897
2009-01-01,5.9556167601878265
2009-01-02,7.797006797982293
2009-01-03,15.683934458896772
2009-01-04,16.562786534200065
2009-01-05,15.006278976874949
2009-01-06,20.444008182419253
2009-01-07,22.114193940465647
2009-01-08,18.157143411055813
2009-01-09,16.554038370759137
2009-01-10,19.203315262895984
2009-01-11,22.81176801393218
2009-01-12,25.580348702784665
2009-01-13,29.872416985337175
2009-01-14,28.79161190659743
2009-01-15,27.389502963132614
2009-01-16,21.26720131854051
2009-01-17,20.74838646409114
2009-01-18,20.54008646838151
2009-01-19,25.71616561146021
2009-01-20,18.740674086732938
2009-01-21,23.643585261583034
2009-01-22,20.451082753025254
2009-01-23,19.662682393261143
2009-01-24,17.79146010443263
2009-01-25,25.143213719223105
2009-01-26,17.993770202604892
2009-01-27,25.28459940093617
2009-01-28,25.590490036745393
2009-01-29,22.437109788516757
2009-01-30,19.600469602215174
2009-01-31,25.169041226222014
2009-02-01,21.597934025822685
2009-02-02,22.66383407707305
2009-02-03,27.75876487502827
2009-02-04,35.90221529025681
2009-02-05,29.27212892692868
2009-02-06,16.46362461963708
2009-02-07,16.577297596806456
2009-02-08,26.66863419169143
2009-02-09,24.88716251957169
2009-02-10,30.25599060360649
2009-02-11,26.890242091476416
2009-02-12,23.15853476756828
2009-02-13,19.33207383974259
2009-02-14,16.486739300094037
2009-02-15,19.4475995950486
2009-02-16,27.800415392627396
2009-02-17,24.235737937863853
2009-02-18,28.852555247313816
2009-02-19,20.905159199305494
2009-02-20,29.23070994046673
2009-02-21,20.652764027800735
2009-02-22,41.85736049821876
2009-02-23,46.21955531514461
2009-02-24,43.037812685665635
2009-02-25,34.55926145971283
2009-02-26,33.68552072340486
2009-02-27,31.311844275063265
2009-02-28,26.19843688746475
2009-03-01,31.541965068949843
2009-03-02,41.973611576111054
2009-03-03,39.03354073577038
2009-03-04,35.49521972303428
2009-03-05,39.619976355025
2009-03-06,24.326033628297203
2009-03-07,25.916145551656587
2009-03-08,27.963025358535276
2009-03-09,40.59463605528619
2009-03-10,39.015073089286446
2009-03-11,28.02854297014678
2009-03-12,27.665487342516283
2009-03-13,21.731081044557904
2009-03-14,20.414891104066747
2009-03-15,26.62268758603475
2009-03-16,21.796455793457355
2009-03-17,23.454263871063432
2009-03-18,26.99158387030488
2009-03-19,39.58790305789512
2009-03-20,29.983096091735526
2009-03-21,37.075738238851315
2009-03-22,35.99243774397341
2009-03-23,42.32246877961921
2009-03-24,31.192439591110734
2009-03-25,40.91977143221518
2009-03-26,25.477066478063506
2009-03-27,26.62992645754254
2009-03-28,22.953140095090014
2009-03-29,35.445739056844545
2009-03-30,43.87272165418095
2009-03-31,41.35560859440061
2009-04-01,39.22541299131672
2009-04-02,34.51923020005209
2009-04-03,36.562346922679254
2009-04-04,25.965081062712173
2009-04-05,31.92222601222711
2009-04-06,27.405657581025988
2009-04-07,23.341071213332548
2009-04-08,23.215390987432198
2009-04-09,17.9626143001188
2009-04-10,15.602666531126031
2009-04-11,39.03301579018803
2009-04-12,33.586441259293146
2009-04-13,39.713406314865914
2009-04-14,31.7269035869194
2009-04-15,31.603495592894355
2009-04-16,22.102279949881236
2009-04-17,28.2635439239457
2009-04-18,16.29392673162389
2009-04-19,20.845108927892213
2009-04-20,28.79182881263938
2009-04-21,29.750801354442743
2009-04-22,39.41318490260097
2009-04-23,36.04381937256473
2009-04-24,30.219707799183347
2009-04-25,2.220357344195257
2009-04-26,31.005226566687277
2009-04-27,26.617794475464464
2009-04-28,21.68017299486389
2009-04-29,23.66987709318146
2009-04-30,18.37694608376409
2009-05-01,17.874482052547783
2009-05-02,20.904284690362893
2009-05-03,32.95602421286736
2009-05-04,36.36684953268071
2009-05-05,37.14201878084502
2009-05-06,38.18730202596491
2009-05-07,33.88487714130022
2009-05-08,27.179257791840506
2009-05-09,20.97621404331064
2009-05-10,30.695699039284854
2009-05-11,34.07343027933616
2009-05-12,32.1167413882517
2009-05-13,31.567018913974607
2009-05-14,27.000158738251553
2009-05-15,24.177036280042145
2009-05-16,6.175638794159655
2009-05-17,38.82730469834355
2009-05-18,19.44268751195127
2009-05-19,22.82375939395496
2009-05-20,22.8573333605558
2009-05-21,14.390510498118216
2009-05-22,18.577296877469763
2009-05-23,14.806096839554518
2009-05-24,24.540865262575345
2009-05-25,20.24044693993193
2009-05-26,25.228489588393128
2009-05-27,28.114374557421513
2009-05-28,27.580819413999155
2009-05-29,12.779615921206034
2009-05-30,24.11437922143601
2009-05-31,21.407995221615103
2009-06-01,6.0576822755362105
2009-06-02,23.6903509847724
2009-06-03,24.97645661932874
2009-06-04,23.020277103521877
2009-06-05,25.376814604771432
2009-06-06,5.158010123984607
2009-06-07,19.588162135988377
2009-06-08,18.148089101654747
2009-06-09,19.589693837455656
2009-06-10,25.540207579888325
2009-06-11,25.22890929050756
2009-06-12,20.20554300117299
2009-06-13,-1.501663953324293
2009-06-14,17.742865125744768
2009-06-15,17.868063202536263
2009-06-16,24.659286789104705
2009-06-17,20.36302585911985
2009-06-18,20.533346020989036
2009-06-19,9.499950863957027
2009-06-20,18.490182683194185
2009-06-21,9.884005041566454
2009-06-22,20.07086972499105
2009-06-23,14.723946368411644
2009-06-24,28.480014143266352
2009-06-25,25.694960256175527
2009-06-26,19.54160900061828
2009-06-27,14.126782066967326
2009-06-28,22.19712414065308
2009-06-29,14.046344435290193
2009-06-30,17.4238020017156
2009-07-01,15.189923870859598
2009-07-02,24.08270939021784
2009-07-03,7.03347336394406
2009-07-04,11.467363525347903
2009-07-05,14.641886168049512
2009-07-06,22.20283640612965
2009-07-07,43.29370404314741
2009-07-08,12.515290824405042
2009-07-09,19.79149435157975
2009-07-10,18.397531983238927
2009-07-11,10.967968579599589
2009-07-12,1.5708822296921205
2009-07-13,20.921862367752702
2009-07-14,14.46693870268172
2009-07-15,22.883911861489533
2009-07-16,12.99633839764721
2009-07-17,11.736981465413905
2009-07-18,11.56276000574222
2009-07-19,3.4851586167585253
2009-07-20,20.3956837491196
2009-07-21,10.687859052518618
2009-07-22,15.739850249840096
2009-07-23,12.266753222680977
2009-07-24,15.766008316041251
2009-07-25,6.284661083545215
2009-07-26,3.6981787711101894
2009-07-27,19.974805784596132
2009-07-28,21.79504538250475
2009-07-29,4.742127066487194
2009-07-30,16.71506261111116
2009-07-31,12.65802448924082
2009-08-01,2.2539326412953056
2009-08-02,10.12879020827306
2009-08-03,11.338752743180368
2009-08-04,7.433564281801935
2009-08-05,11.50856191533721
2009-08-06,13.29669141450993
2009-08-07,1.3298469247766516
2009-08-08,11.290884839952167
2009-08-09,0.13566460287155557
2009-08-10,1.062365752391221
2009-08-11,18.17780997862109
2009-08-12,20.022193382285217
2009-08-13,15.822453523928377
2009-08-14,17.07053847211774
2009-08-15,3.280024204709992
2009-08-16,3.2403864369119635
2009-08-17,16.81105975661043
2009-08-18,22.644320087013718
2009-08-19,26.86165636644435
2009-08-20,16.445218703038
2009-08-21,1.4683433214524957
2009-08-22,0.7991638420666511
2009-08-23,12.345525819288001
2009-08-24,12.274389543449276
2009-08-25,14.882143735654537
2009-08-26,12.45881182260465
2009-08-27,11.280857143595572
2009-08-28,11.419806346612853
2009-08-29,8.569159183584642
2009-08-30,15.278862054765083
2009-08-31,10.786367670538041
2009-09-01,18.80275975860595
2009-09-02,10.805301282174431
2009-09-03,15.77122541379675
2009-09-04,15.878475752975591
2009-09-05,-1.348387176485101
2009-09-06,9.34316243363216
2009-09-07,18.838388921408956
2009-09-08,21.6744445674301
2009-09-09,21.99689466291771
2009-09-10,12.754403851002474
2009-09-11,-0.7064109507027521
2009-09-12,22.000183745016116
2009-09-13,13.79113317851478
2009-09-14,14.33153260414004
2009-09-15,15.431580850991473
2009-09-16,28.82164815324935
2009-09-17,15.764094197922581
2009-09-18,18.301686478540326
2009-09-19,3.177514068143868
2009-09-20,17.58128281869886
2009-09-21,23.18597297708049
2009-09-22,20.5339949549658
2009-09-23,25.393994304137536
2009-09-24,16.030810940763473
2009-09-25,13.211014926867147
2009-09-26,6.628808433866615
2009-09-27,11.504466045560829
2009-09-28,16.4450282341936
2009-09-29,20.08850841495142
2009-09-30,18.715520904726205
2009-10-01,8.427863402583476
2009-10-02,18.280032284937562
2009-10-03,4.640772426260801
2009-10-04,13.373566416500212
2009-10-05,16.406468922017414
2009-10-06,18.659917253282565
2009-10-07,20.211398611353943
2009-10-08,18.42634813659661
2009-10-09,20.239870384701632
2009-10-10,4.730420889398468
2009-10-11,15.988217432810115
2009-10-12,19.65588643079579
2009-10-13,19.44983329014977
2009-10-14,15.492249365554116
2009-10-15,14.506639549694183
2009-10-16,18.80271850474833
2009-10-17,4.8273571854452335
2009-10-18,11.184083436186706
2009-10-19,12.918433602244766
2009-10-20,14.989588595171433
2009-10-21,11.198572276602446
2009-10-22,16.112978571063522
2009-10-23,16.908675592364503
2009-10-24,17.4987670286979
2009-10-25,13.156533574293896
2009-10-26,26.343010619283348
2009-10-27,21.634625867586525
2009-10-28,17.920374877323276
2009-10-29,16.019833821408767
2009-10-30,17.077429062638572
2009-10-31,1.5932082602191269
2009-11-01,22.89922814005927
2009-11-02,12.392069918096698
2009-11-03,16.75777263420785
2009-11-04,14.183689003911518
2009-11-05,21.98820861214743
2009-11-06,23.279121481542862
2009-11-07,10.656399849444941
2009-11-08,14.456283190274824
2009-11-09,18.317695812097902
2009-11-10,26.57992101337915
2009-11-11,16.998171342677132
2009-11-12,14.776649301193114
2009-11-13,20.09417150919871
2009-11-14,10.849003808794404
2009-11-15,13.541769195792465
2009-11-16,33.57075161879908
2009-11-17,9.569067588305893
2009-11-18,21.488607902105688
2009-11-19,24.115590352617538
2009-11-20,17.914938150444
2009-11-21,14.548475153727173
2009-11-22,17.038202231771535
2009-11-23,28.352785013618103
2009-11-24,13.080572312610652
2009-11-25,20.2709628195392
2009-11-26,20.076482485919506
2009-11-27,12.756415409801875
2009-11-28,10.464331153274497
2009-11-29,22.069534037742105
2009-11-30,28.573360617960965
2009-12-01,24.813971146204242
2009-12-02,17.819277507710197
2009-12-03,17.924880304020082
2009-12-04,12.074186042609584
2009-12-05,11.541582574584737
2009-12-06,32.28943345650184
2009-12-07,24.008781651055866
2009-12-08,28.503972487022946
2009-12-09,27.759231563763397
2009-12-10,20.14732764669493
2009-12-11,14.647835303335723
2009-12-12,-3.861170910167127
2009-12-13,13.377640553706854
2009-12-14,18.30261346974857
2009-12-15,19.324089504784077
2009-12-16,29.236397772118863
2009-12-17,13.77231344960898
2009-12-18,11.559206595686948
2009-12-19,0.16453231012862446
2009-12-20,18.60309666268683
2009-12-21,12.663902973018473
2009-12-22,22.67903973506082
2009-12-23,5.526879190182244
2009-12-24,6.072511138344121
2009-12-25,9.128444040198504
2009-12-26,6.209829308358559
2009-12-27,15.815246215941157
2009-12-28,5.274733963445293
2009-12-29,19.507027338517076
2009-12-30,16.186232536459926
2009-12-31,2.98358252574711
2010-01-01,1.9829298019171446
2010-01-02,15.660621368962866
2010-01-03,25.18726720831109
2010-01-04,15.219605581557422
2010-01-05,29.111725854047844
2010-01-06,14.947202869261487
2010-01-07,19.33458846584605
2010-01-08,12.79000238727898
2010-01-09,8.021345715430655
2010-01-10,16.815613944215443
2010-01-11,17.22003516926656
2010-01-12,27.754050604176882
2010-01-13,21.16600745504794
2010-01-14,26.352671412129723
2010-01-15,19.900986447596395
2010-01-16,16.3129803917163
2010-01-17,21.969426278413657
2010-01-18,17.87842807231
2010-01-19,21.86204217134189
2010-01-20,21.406085494761566
2010-01-21,21.121046547604664
2010-01-22,17.907437260086958
2010-01-23,26.41033875671522
2010-01-24,24.623385749764545
2010-01-25,26.14680930741482
2010-01-26,26.402903973343967
2010-01-27,28.67891526791415
2010-01-28,20.028519947664666
2010-01-29,15.114680802086133
2010-01-30,13.907595059265816
2010-01-31,12.845831718879332
2010-02-01,18.53244826929979
2010-02-02,13.849029170588901
2010-02-03,22.661632554266284
2010-02-04,20.213097469542753
2010-02-05,18.862632591377498
2010-02-06,15.433262649952079
2010-02-07,18.44857983268742
2010-02-08,18.893071641106136
2010-02-09,21.964341143536984
2010-02-10,18.378825518339504
2010-02-11,17.539298665949488
2010-02-12,14.903818456133967
2010-02-13,5.894679432665914
2010-02-14,16.350883094473208
2010-02-15,21.33669141435219
2010-02-16,21.686581950843763
2010-02-17,19.53145275014898
2010-02-18,25.215845244105424
2010-02-19,12.316623643046782
2010-02-20,15.625541520920986
2010-02-21,15.654567646226532
2010-02-22,22.4199270891084
2010-02-23,21.509000329331812
2010-02-24,24.09484579909951
2010-02-25,22.997976231343042
2010-02-26,18.06937777798785
2010-02-27,16.104081972780627
2010-02-28,20.07044469905778
2010-03-01,20.016730173174324
2010-03-02,20.639235008629136
2010-03-03,21.49687820919766
2010-03-04,26.580250665330347
2010-03-05,13.96047428701596
2010-03-06,15.252327380065385
2010-03-07,20.9248841307723
2010-03-08,19.52414098706089
2010-03-09,22.983127015251988
2010-03-10,21.654685598611906
2010-03-11,25.49294188397399
2010-03-12,15.933750503320143
2010-03-13,13.198290829789057
2010-03-14,18.09719820415588
2010-03-15,19.764664963616895
2010-03-16,22.966154011879198
2010-03-17,27.04302413697883
2010-03-18,22.503093127551345
2010-03-19,21.31813364839644
2010-03-20,18.180272381019208
2010-03-21,19.792152277621113
2010-03-22,21.985843616973913
2010-03-23,18.097447052357147
2010-03-24,19.207632429302166
2010-03-25,22.25565528037341
2010-03-26,19.775921747598808
2010-03-27,9.235196388297137
2010-03-28,15.828740873574747
2010-03-29,17.178145300901445
2010-03-30,14.1149069510079
2010-03-31,18.959490899423535
2010-04-01,16.214456801276178
2010-04-02,9.56079513271327
2010-04-03,6.24355925667858
2010-04-04,15.522469780496483
2010-04-05,13.878387477414016
2010-04-06,15.878906274414833
2010-04-07,13.07792117957666
2010-04-08,17.05976885516004
2010-04-09,16.1626254378846
2010-04-10,16.698717593862497
2010-04-11,17.928936628988353
2010-04-12,24.328364046755052
2010-04-13,20.813818001910803
2010-04-14,25.934542478492798
2010-04-15,16.632134409254896
2010-04-16,17.353805937972698
2010-04-17,12.524629517731489
2010-04-18,19.424251132904885
2010-04-19,20.705278273494073
2010-04-20,20.978199438511577
2010-04-21,21.444066257483925
2010-04-22,19.623288273407077
2010-04-23,23.342072860572703
2010-04-24,11.911337161454517
2010-04-25,24.74226408029007
2010-04-26,25.69181712537204
2010-04-27,25.381703490494132
2010-04-28,33.64385696073648
2010-04-29,36.861391972388105
2010-04-30,31.556325278217336
2010-05-01,29.390480737693963
2010-05-02,29.620330616481027
2010-05-03,35.349556798912154
2010-05-04,35.110053427202814
2010-05-05,35.372001846108304
2010-05-06,41.830711383275755
2010-05-07,39.56989570590012
2010-05-08,38.546660236803035
2010-05-09,52.011316471420464
2010-05-10,63.857093728670954
2010-05-11,80.66444360411144
2010-05-12,70.63083034120869
2010-05-13,57.491179884095395
2010-05-14,57.94398420660528
2010-05-15,54.399648515357335
2010-05-16,52.43725133437777
2010-05-17,54.67170566135148
2010-05-18,46.574161173212474
2010-05-19,51.739470795837306
2010-05-20,42.039780300803784
2010-05-21,36.304479708713984
2010-05-22,27.21102845653234
2010-05-23,35.216047798347844
2010-05-24,27.867272610184262
2010-05-25,30.255654863388408
2010-05-26,38.36378117814664
2010-05-27,32.0986240906864
2010-05-28,23.271021310108424
2010-05-29,25.12532377647794
2010-05-30,22.51278355537054
2010-05-31,22.474519831248983
2010-06-01,24.584352995018865
2010-06-02,21.148426569099804
2010-06-03,21.348973956035135
2010-06-04,14.76396652567123
2010-06-05,22.624897549324153
2010-06-06,20.32958047899944
2010-06-07,24.46706332385331
2010-06-08,23.065573416865448
2010-06-09,21.072370558450928
2010-06-10,23.047278545183783
2010-06-11,16.35392294053097
2010-06-12,17.39574829501548
2010-06-13,12.901581173501256
2010-06-14,24.125042473923735
2010-06-15,20.69114912008485
2010-06-16,17.128751435409413
2010-06-17,18.242055924805015
2010-06-18,12.834161940868755
2010-06-19,14.310355381968712
2010-06-20,15.967993298115978
2010-06-21,17.043481808521644
2010-06-22,15.987076876567661
2010-06-23,18.920267437871836
2010-06-24,11.621171701667972
2010-06-25,12.019136035347366
2010-06-26,10.70542598219118
2010-06-27,7.358171628206508
2010-06-28,16.046117807390267
2010-06-29,21.233080574926593
2010-06-30,15.790237370665116
2010-07-01,18.624465416462503
2010-07-02,16.007380888801073
2010-07-03,5.769342139246616
2010-07-04,11.117766085160099
2010-07-05,15.600104646496812
2010-07-06,15.264510536144575
2010-07-07,14.140318241758694
2010-07-08,13.234861387062285
2010-07-09,8.873458445705017
2010-07-10,4.1377158209349965
2010-07-11,14.465468321441792
2010-07-12,13.425364089344823
2010-07-13,12.52425258151463
2010-07-14,13.118159829579733
2010-07-15,13.192418586293295
2010-07-16,15.381593710772874
2010-07-17,2.8709624307543358
2010-07-18,11.382124739418082
2010-07-19,9.207681445404164
2010-07-20,13.782252937183687
2010-07-21,11.468091710262247
2010-07-22,10.827533555219398
2010-07-23,9.652193224730214
2010-07-24,2.1305305869905364
2010-07-25,8.611876927765453
2010-07-26,10.757376720947837
2010-07-27,12.080776539324926
2010-07-28,13.774187177205842
2010-07-29,11.885761346477691
2010-07-30,12.033321172022692
2010-07-31,3.717350820512543
2010-08-01,9.215420790195461
2010-08-02,9.871165954228312
2010-08-03,8.164176766309946
2010-08-04,13.509148238106967
2010-08-05,9.168844796502823
2010-08-06,2.4270634048083135
2010-08-07,1.2262422382749296
2010-08-08,13.291259252935518
2010-08-09,9.278873432088997
2010-08-10,11.776604078377082
2010-08-11,10.508456132430812
2010-08-12,16.42396725298491
2010-08-13,9.957619005315763
2010-08-14,11.759750649098027
2010-08-15,12.803103181139628
2010-08-16,10.890661103596713
2010-08-17,10.671656519356318
2010-08-18,16.136680315368725
2010-08-19,12.679394968522534
2010-08-20,9.90821349236607
2010-08-21,0.22939011614646
2010-08-22,12.894343493252308
2010-08-23,13.986553162191576
2010-08-24,15.173803536342788
2010-08-25,2.925637082337186
2010-08-26,11.729819123824395
2010-08-27,12.740248679565779
2010-08-28,1.423924447606213
2010-08-29,13.502446424849246
2010-08-30,11.78807383861109
2010-08-31,9.802323388272688
2010-09-01,13.782914813726029
2010-09-02,14.160234069515498
2010-09-03,13.336384410751503
2010-09-04,2.942748049675565
2010-09-05,9.78989678335836
2010-09-06,22.43890956177795
2010-09-07,14.797461344511008
2010-09-08,15.896430282006959
2010-09-09,14.4316257575004
2010-09-10,17.806055811255206
2010-09-11,1.6648968840265503
2010-09-12,9.833122106090027
2010-09-13,13.163914885439674
2010-09-14,13.162315101288456
2010-09-15,16.957145312755202
2010-09-16,15.443659318024077
2010-09-17,9.706677938672863
2010-09-18,9.393357791719284
2010-09-19,13.961288463225827
2010-09-20,13.538489344648411
2010-09-21,12.464243728689265
2010-09-22,20.00423277737937
2010-09-23,18.64336862503594
2010-09-24,11.490080170363663
2010-09-25,15.531946252473166
2010-09-26,15.247684311538121
2010-09-27,22.46445498388927
2010-09-28,23.887242622552325
2010-09-29,14.530043819717829
2010-09-30,17.135352285547484
2010-10-01,11.246546762913294
2010-10-02,10.848746414581148
2010-10-03,7.108410244673404
2010-10-04,15.402361832541
2010-10-05,13.995441095574357
2010-10-06,12.806009852788856
2010-10-07,18.006221751739837
2010-10-08,11.788921778703598
2010-10-09,13.436502056842336
2010-10-10,8.21447314879169
2010-10-11,13.99921729495876
2010-10-12,20.2047906308551
2010-10-13,15.667075549895719
2010-10-14,16.387179212009094
2010-10-15,11.981816584699725
2010-10-16,11.090810660975357
2010-10-17,11.660750594916868
2010-10-18,16.19616851380996
2010-10-19,21.3263711436248
2010-10-20,19.30263831262247
2010-10-21,14.50299691667964
2010-10-22,12.169754180533186
2010-10-23,6.798338505678673
2010-10-24,15.099162970291493
2010-10-25,16.286853198796983
2010-10-26,19.808887247745993
2010-10-27,15.442915042863405
2010-10-28,11.763193483343287
2010-10-29,17.56451996563812
2010-10-30,10.18188798351454
2010-10-31,15.147330506023158
2010-11-01,16.148807292589797
2010-11-02,17.3712698108843
2010-11-03,16.063922402514976
2010-11-04,22.842511702789178
2010-11-05,16.979211251179283
2010-11-06,4.8488335260632756
2010-11-07,19.693388069428732
2010-11-08,20.807660948380857
2010-11-09,19.81473242276843
2010-11-10,23.79574062045861
2010-11-11,20.537510437584444
2010-11-12,19.96138397176546
2010-11-13,3.6790521986636993
2010-11-14,11.712654809687196
2010-11-15,17.01123939298413
2010-11-16,23.56539683491112
2010-11-17,22.657816944502656
2010-11-18,22.26968149705499
2010-11-19,16.58945036473456
2010-11-20,3.2150202938921435
2010-11-21,28.272138249556686
2010-11-22,20.856549018471853
2010-11-23,26.98968987326638
2010-11-24,25.285093138263193
2010-11-25,23.574926738440702
2010-11-26,19.26634969523942
2010-11-27,10.782795482932443
2010-11-28,15.83903052394288
2010-11-29,23.879649199191263
2010-11-30,15.881543487718842
2010-12-01,20.24377281926094
2010-12-02,12.05523703300095
2010-12-03,11.656326579773491
2010-12-04,12.421885713619954
2010-12-05,26.091225494902197
2010-12-06,17.82608774469395
2010-12-07,21.72978205399386
2010-12-08,14.368390456813652
2010-12-09,25.353945114071415
2010-12-10,22.57694174748901
2010-12-11,25.95159119851577
2010-12-12,19.27412747516223
2010-12-13,21.796690336605497
2010-12-14,26.351713624779237
2010-12-15,14.419756125889597
2010-12-16,18.080519354771987
2010-12-17,10.639662317139573
2010-12-18,14.60721711372203
2010-12-19,13.090973768896596
2010-12-20,19.34135776387381
2010-12-21,15.619760456404919
2010-12-22,10.253075755929933
2010-12-23,9.452200907809093
2010-12-24,6.314814405122926
2010-12-25,-0.5896167079135779
2010-12-26,0.11164456287869662
2010-12-27,4.217192222734798
2010-12-28,6.496640156692299
2010-12-29,23.028582723249237
2010-12-30,21.152164394594635
2010-12-31,8.926054149828113
2011-01-01,5.373360012941983
2011-01-02,12.660101989117289
2011-01-03,15.274194509169943
2011-01-04,23.288973798887667
2011-01-05,18.411499694613234
2011-01-06,23.348502581543066
2011-01-07,15.008796343735334
2011-01-08,15.100718573265487
2011-01-09,22.05068301889819
2011-01-10,22.110833039778825
2011-01-11,26.016126350233236
2011-01-12,31.14093892410534
2011-01-13,25.16480568712901
2011-01-14,20.834371321057414
2011-01-15,18.227123030173964
2011-01-16,22.41847252600786
2011-01-17,20.394510080341078
2011-01-18,32.41813894585847
2011-01-19,33.4609929636887
2011-01-20,35.93890607300948
2011-01-21,26.47341486688769
2011-01-22,17.390944975628802
2011-01-23,23.89090904210591
2011-01-24,29.93557792550013
2011-01-25,25.66917562200824
2011-01-26,41.44582326699574
2011-01-27,27.75119895928958
2011-01-28,21.507954319073278
2011-01-29,18.76424206050129
2011-01-30,23.51065307189764
2011-01-31,31.144182551120423
2011-02-01,22.91292768124782
2011-02-02,28.770371606885377
2011-02-03,26.632661835315773
2011-02-04,23.414040984510898
2011-02-05,19.999651319086745
2011-02-06,25.7594836918031
2011-02-07,32.678607501258796
2011-02-08,42.50942561787241
2011-02-09,26.453521492293987
2011-02-10,25.290025169265036
2011-02-11,24.332131645898635
2011-02-12,12.382940273882223
2011-02-13,22.606973389544116
2011-02-14,26.457514565634156
2011-02-15,26.18169265407312
2011-02-16,24.995226523489478
2011-02-17,17.86144806367335
2011-02-18,16.63589913778364
2011-02-19,17.536608246007575
2011-02-20,18.456519558077837
2011-02-21,28.897304263549856
2011-02-22,26.542648265739622
2011-02-23,35.35397856026234
2011-02-24,25.80569101053705
2011-02-25,19.349819388844317
2011-02-26,12.320622998948599
2011-02-27,22.65638903748764
2011-02-28,29.980650294064212
2011-03-01,28.133174232227546
2011-03-02,36.05886823822813
2011-03-03,25.784852488726358
2011-03-04,19.356235879111633
2011-03-05,7.900733812122208
2011-03-06,24.460677238073103
2011-03-07,22.298174443138446
2011-03-08,21.08305357405573
2011-03-09,18.14200614740483
2011-03-10,16.240729212177477
2011-03-11,22.159352917971866
2011-03-12,15.983666424343573
2011-03-13,13.172366475181063
2011-03-14,17.41689630382366
2011-03-15,26.896306671677316
2011-03-16,24.60215679883871
2011-03-17,22.699937354577962
2011-03-18,8.365516455482338
2011-03-19,13.019954400624696
2011-03-20,21.591990453337402
2011-03-21,28.593796808592984
2011-03-22,25.626952907121424
2011-03-23,26.597431182222074
2011-03-24,26.1407330544222
2011-03-25,19.223170687062257
2011-03-26,16.770439523765013
2011-03-27,22.037002037070494
2011-03-28,23.23480820126955
2011-03-29,21.64239684314851
2011-03-30,25.62838575168618
2011-03-31,23.10477145564731
2011-04-01,20.11555569011363
2011-04-02,8.982990604332421
2011-04-03,9.698774245352917
2011-04-04,27.85009220981814
2011-04-05,27.879259739764866
2011-04-06,26.085411688508053
2011-04-07,40.35915082400413
2011-04-08,18.94796722483162
2011-04-09,20.831542512324503
2011-04-10,32.01449594244916
2011-04-11,29.207410698114394
2011-04-12,38.40724295551743
2011-04-13,27.80549641009261
2011-04-14,23.980281250355713
2011-04-15,16.819517652545592
2011-04-16,14.03318218779866
2011-04-17,18.06212171018315
2011-04-18,25.57062039885013
2011-04-19,23.347110357728443
2011-04-20,20.63641080832915
2011-04-21,17.489186460044973
2011-04-22,18.843756282348075
2011-04-23,10.117624970028725
2011-04-24,12.622753270884036
2011-04-25,13.543196005906387
2011-04-26,18.225570095049175
2011-04-27,28.72328638309805
2011-04-28,24.4634928118153
2011-04-29,24.31432300162887
2011-04-30,18.551133136751716
2011-05-01,21.199106727895455
2011-05-02,22.18401889582544
2011-05-03,24.450383304334146
2011-05-04,23.000275442437484
2011-05-05,24.330699147511396
2011-05-06,16.56823089259082
2011-05-07,19.13235554310353
2011-05-08,14.749387664962189
2011-05-09,20.345565270355273
2011-05-10,31.814066666526482
2011-05-11,18.392472769285483
2011-05-12,30.447464701498753
2011-05-13,21.099285416565053
2011-05-14,20.18050758033712
2011-05-15,21.337180651726484
2011-05-16,31.173539372277872
2011-05-17,32.09998895254549
2011-05-18,26.44114544178408
2011-05-19,33.64629647497148
2011-05-20,16.193754753592348
2011-05-21,17.625367095419385
2011-05-22,21.987710773778314
2011-05-23,30.680844207505565
2011-05-24,26.097290942979065
2011-05-25,35.0088791767177
2011-05-26,21.61652170925705
2011-05-27,20.24704890617994
2011-05-28,18.541252093939
2011-05-29,17.467721293442914
2011-05-30,27.111271739027273
2011-05-31,24.148255711568538
2011-06-01,18.342060628277608
2011-06-02,15.142125533342492
2011-06-03,15.439553244804157
2011-06-04,14.397354210517335
2011-06-05,20.75966111398265
2011-06-06,17.442873766018153
2011-06-07,21.410728788857
2011-06-08,20.70337462561242
2011-06-09,19.692877616295224
2011-06-10,18.45672496712932
2011-06-11,12.616889777603339
2011-06-12,12.711631483868166
2011-06-13,21.71429156098095
2011-06-14,24.82481448034082
2011-06-15,23.980380284676123
2011-06-16,22.20298984128995
2011-06-17,17.94289911556121
2011-06-18,19.762443899272128
2011-06-19,20.61624938703099
2011-06-20,20.209784738166107
2011-06-21,20.268630327871623
2011-06-22,25.906941471499444
2011-06-23,17.922793524164028
2011-06-24,19.005035208132227
2011-06-25,19.700227912257922
2011-06-26,14.777985520328937
2011-06-27,22.107306156823885
2011-06-28,17.938362495769233
2011-06-29,23.812596615866127
2011-06-30,16.483847998061584
2011-07-01,18.307174341501636
2011-07-02,14.297382789713836
2011-07-03,12.551885921328962
2011-07-04,18.10444900547065
2011-07-05,28.27580302575726
2011-07-06,23.69712782923552
2011-07-07,26.699638898016975
2011-07-08,22.5011623646368
2011-07-09,14.394904301660073
2011-07-10,23.147434772859974
2011-07-11,24.505225699445532
2011-07-12,39.42856515126444
2011-07-13,25.725671787561893
2011-07-14,30.5475078592796
2011-07-15,23.67406469154045
2011-07-16,15.256165711053889
2011-07-17,16.529455168159913
2011-07-18,22.297948894723504
2011-07-19,24.03507442129378
2011-07-20,23.570721820227618
2011-07-21,20.469770651484275
2011-07-22,14.231534380360621
2011-07-23,14.270708016672684
2011-07-24,20.12236835079429
2011-07-25,20.09099706011927
2011-07-26,14.137850544843015
2011-07-27,24.501755699905775
2011-07-28,20.07160103415545
2011-07-29,13.439056824420962
2011-07-30,1.3109170004478496
2011-07-31,16.30929348722944
2011-08-01,11.42358700697881
2011-08-02,14.897227287109267
2011-08-03,14.525980056091704
2011-08-04,20.824262533256373
2011-08-05,28.362010043367917
2011-08-06,22.383871211498825
2011-08-07,29.453054846369096
2011-08-08,35.9418730585176
2011-08-09,47.23568636896185
2011-08-10,35.71030736179441
2011-08-11,29.842282672586204
2011-08-12,23.62635416721741
2011-08-13,16.752573038411377
2011-08-14,21.463917157827616
2011-08-15,14.802007134401798
2011-08-16,17.843361833701163
2011-08-17,12.223514450378204
2011-08-18,23.030436679709794
2011-08-19,21.215368705450686
2011-08-20,17.164575837566495
2011-08-21,13.008956121629648
2011-08-22,27.933224357587797
2011-08-23,21.179112439323262
2011-08-24,19.634679361911154
2011-08-25,26.050720790771845
2011-08-26,16.134998983632748
2011-08-27,12.591264044589865
2011-08-28,18.98392725577348
2011-08-29,18.928118323141938
2011-08-30,14.554735295377307
2011-08-31,13.6512419480258
2011-09-01,14.43543263683744
2011-09-02,15.147991292064027
2011-09-03,9.059452468538236
2011-09-04,13.655101263863443
2011-09-05,18.17485802629876
2011-09-06,24.657232217057775
2011-09-07,22.128843960236416
2011-09-08,25.336103800109342
2011-09-09,19.246494602066782
2011-09-10,14.979429814197879
2011-09-11,23.189399672972108
2011-09-12,27.099711260552258
2011-09-13,23.339671306721574
2011-09-14,28.142848569677973
2011-09-15,24.19085346491985
2011-09-16,12.684737618696067
2011-09-17,15.380523053101347
2011-09-18,22.54760539891678
2011-09-19,25.208960576768185
2011-09-20,24.18714503632397
2011-09-21,27.52890664905695
2011-09-22,27.485525241936887
2011-09-23,19.96508051001146
2011-09-24,12.3735607702839
2011-09-25,21.641919600217392
2011-09-26,21.032331262552837
2011-09-27,24.608722870259335
2011-09-28,31.015068394704144
2011-09-29,23.32041425668234
2011-09-30,21.942638112163465
2011-10-01,10.493196796821588
2011-10-02,19.065875491169457
2011-10-03,20.97081743876381
2011-10-04,21.56060011008762
2011-10-05,24.51884586404229
2011-10-06,22.841903776092465
2011-10-07,22.764513308086922
2011-10-08,13.980876630643873
2011-10-09,25.00628397897565
2011-10-10,27.95891864074452
2011-10-11,21.75395978932987
2011-10-12,20.649052543974218
2011-10-13,25.419068922165316
2011-10-14,24.05349265590806
2011-10-15,11.205706825243219
2011-10-16,27.324030733445905
2011-10-17,20.762233100507636
2011-10-18,29.137370089687074
2011-10-19,26.30645194866562
2011-10-20,34.69308274678417
2011-10-21,18.62334691899014
2011-10-22,24.59552605662009
2011-10-23,20.59846501430668
2011-10-24,30.304254226023836
2011-10-25,33.256272436161055
2011-10-26,28.098493614908808
2011-10-27,34.93884660999161
2011-10-28,17.319603009242215
2011-10-29,9.335131571828764
2011-10-30,31.287079149945296
2011-10-31,17.927021751713887
2011-11-01,22.297929231820728
2011-11-02,24.595037652417492
2011-11-03,34.036343742503256
2011-11-04,26.052443998504963
2011-11-05,20.92114305897751
2011-11-06,30.31916616780643
2011-11-07,38.290754967256916
2011-11-08,27.54434236500131
2011-11-09,34.537656773223105
2011-11-10,36.9543840926688
2011-11-11,22.474059252124018
2011-11-12,15.040227583394
2011-11-13,31.467611861347248
2011-11-14,27.127814854934115
2011-11-15,33.48064046598712
2011-11-16,33.80971505958347
2011-11-17,32.293386977507765
2011-11-18,27.158391407217785
2011-11-19,14.327709428656586
2011-11-20,26.560545710042938
2011-11-21,32.83761791555177
2011-11-22,37.241905520552635
2011-11-23,31.026295561204904
2011-11-24,24.18663705915065
2011-11-25,29.275856695875703
2011-11-26,12.354560114288095
2011-11-27,22.937069216631187
2011-11-28,25.940370432431866
2011-11-29,39.03154575687703
2011-11-30,39.894281092104904
2011-12-01,39.653950440115715
2011-12-02,25.678573006142003
2011-12-03,21.485514516681782
2011-12-04,24.392525680412902
2011-12-05,30.344170153207603
2011-12-06,32.98649739244094
2011-12-07,37.73169041318867
2011-12-08,42.022671557737134
2011-12-09,36.7934382228332
2011-12-10,16.309937482430332
2011-12-11,29.62156802764617
2011-12-12,31.837545113720175
2011-12-13,37.21551385888182
2011-12-14,29.71562350623431
2011-12-15,27.934802467228213
2011-12-16,22.96202254675468
2011-12-17,19.076961500009457
2011-12-18,26.281428903734597
2011-12-19,32.35826625954667
2011-12-20,33.32880378638425
2011-12-21,28.35260337364498
2011-12-22,19.92415686203341
2011-12-23,10.25184949950956
2011-12-24,-1.1292419241988263
2011-12-25,16.000891264496605
2011-12-26,14.626023293672375
2011-12-27,14.621621405549373
2011-12-28,18.77722486256883
2011-12-29,23.37344797927664
2011-12-30,19.2280573554248
2011-12-31,17.8300207814587
2012-01-01,12.026673484935426
2012-01-02,14.741321858844962
2012-01-03,19.679620902282483
2012-01-04,20.261119020959896
2012-01-05,20.854902281491665
2012-01-06,17.568728937922828
2012-01-07,15.641925936557811
2012-01-08,23.365623859891617
2012-01-09,24.56363599142869
2012-01-10,27.21714410813337
2012-01-11,34.193174671770194
2012-01-12,32.55136499653973
2012-01-13,19.734637426581298
2012-01-14,16.12212601163352
2012-01-15,25.49878253297083
2012-01-16,27.62778361513877
2012-01-17,28.96440921704936
2012-01-18,26.71912007847308
2012-01-19,31.04870017938662
2012-01-20,16.132029683290828
2012-01-21,10.779446242470033
2012-01-22,21.50881563872859
2012-01-23,26.22074676244131
2012-01-24,18.522545469201244
2012-01-25,24.953578351819385
2012-01-26,16.45614476181865
2012-01-27,17.671174850256048
2012-01-28,16.93684475626168
2012-01-29,14.136923675896849
2012-01-30,24.236468218860793
2012-01-31,27.12754954093889
2012-02-01,23.61186214997978
2012-02-02,23.91702788948469
2012-02-03,13.415847297402898
2012-02-04,14.406752806106073
2012-02-05,19.594026347242124
2012-02-06,29.28722141887084
2012-02-07,22.564793553101
2012-02-08,16.861363139308878
2012-02-09,30.076473776897483
2012-02-10,22.924114189158736
2012-02-11,17.95306007909279
2012-02-12,16.5580810783302
2012-02-13,23.931896686298863
2012-02-14,20.172217169569993
2012-02-15,19.99565030093818
2012-02-16,22.29353304092443
2012-02-17,15.943471663232557
2012-02-18,11.853279950749354
2012-02-19,11.334279778284746
2012-02-20,13.718844631156728
2012-02-21,25.140384552939743
2012-02-22,21.074200198953665
2012-02-23,17.94757833322141
2012-02-24,18.16262220964076
2012-02-25,16.605176516136897
2012-02-26,16.800908929111277
2012-02-27,26.037505457852298
2012-02-28,28.27511534612329
2012-02-29,26.63408860142945
2012-03-01,25.68318984969118
2012-03-02,19.62735418042337
2012-03-03,11.95946622912492
2012-03-04,19.857842562006077
2012-03-05,22.080906537445696
2012-03-06,32.731328867965104
2012-03-07,27.168179407927322
2012-03-08,23.52346335859787
2012-03-09,18.697692653067687
2012-03-10,14.240611324702702
2012-03-11,12.476835424701239
2012-03-12,24.825068102700104
2012-03-13,26.33443040494655
2012-03-14,30.95261864018141
2012-03-15,27.342659140116663
2012-03-16,16.756268242267883
2012-03-17,19.805041605068176
2012-03-18,20.344818775383878
2012-03-19,21.381259848679736
2012-03-20,29.02691293157501
2012-03-21,27.203183664313688
2012-03-22,24.70486944452754
2012-03-23,15.952891747343205
2012-03-24,13.848869658626597
2012-03-25,18.315315978149393
2012-03-26,19.185651109726162
2012-03-27,23.433723206743537
2012-03-28,24.744325329396226
2012-03-29,21.373995437840023
2012-03-30,18.320658045103585
2012-03-31,12.186797382604354
2012-04-01,11.248642649290904
2012-04-02,12.392466144418115
2012-04-03,11.875039968161914
2012-04-04,15.251600430085546
2012-04-05,12.591864602166488
2012-04-06,7.0728077523878845
2012-04-07,10.472484544064915
2012-04-08,9.618070684690494
2012-04-09,13.770250896613991
2012-04-10,13.863022579745756
2012-04-11,15.243002651843593
2012-04-12,18.37511432156012
2012-04-13,17.757766268044072
2012-04-14,12.890271958668869
2012-04-15,18.989925698902
2012-04-16,23.102398123139434
2012-04-17,21.04338033854589
2012-04-18,25.02604744854426
2012-04-19,27.674213902623688
2012-04-20,20.702709669847764
2012-04-21,14.843512191455801
2012-04-22,23.50190736314477
2012-04-23,26.519759847629334
2012-04-24,24.86565966731209
2012-04-25,24.893557360828137
2012-04-26,23.93014446985018
2012-04-27,17.481163295098856
2012-04-28,14.806334443371806
2012-04-29,16.039770376710944
2012-04-30,18.442824637356868
2012-05-01,25.755744845585248
2012-05-02,26.869390531716178
2012-05-03,26.432993799639803
2012-05-04,17.889945271850355
2012-05-05,19.992147765898217
2012-05-06,21.27149542769124
2012-05-07,23.477419923276777
2012-05-08,29.089511708483304
2012-05-09,27.724485751840813
2012-05-10,30.230550294916178
2012-05-11,45.28627192991104
2012-05-12,24.229687975743687
2012-05-13,21.76676284935561
2012-05-14,33.12684018717454
2012-05-15,24.64471111831518
2012-05-16,20.699041414465448
2012-05-17,16.759810053179592
2012-05-18,12.03128307869585
2012-05-19,18.139521025678594
2012-05-20,20.129493961830903
2012-05-21,24.77815192204844
2012-05-22,26.700134386703848
2012-05-23,20.510080835735717
2012-05-24,21.511713611825662
2012-05-25,15.79608000318014
2012-05-26,10.414515366542034
2012-05-27,12.147149854637401
2012-05-28,12.241631261146477
2012-05-29,19.504678090847026
2012-05-30,18.397126120469796
2012-05-31,16.366687546547816
2012-06-01,14.307445465524118
2012-06-02,13.58390038995627
2012-06-03,21.026847179449494
2012-06-04,17.525111004872787
2012-06-05,26.09239078019962
2012-06-06,22.320217957874476
2012-06-07,19.691365643189652
2012-06-08,17.043525807890312
2012-06-09,16.468852897819637
2012-06-10,18.897193334922672
2012-06-11,20.390642165378832
2012-06-12,20.94919939333465
2012-06-13,26.974499988696994
2012-06-14,24.948007529341943
2012-06-15,19.965995666132375
2012-06-16,17.71483289546182
2012-06-17,16.343767206416157
2012-06-18,20.527212564733013
2012-06-19,24.098975877611803
2012-06-20,25.121877103944733
2012-06-21,19.21788934560068
2012-06-22,16.34411802416148
2012-06-23,14.369665092184182
2012-06-24,15.425428595669306
2012-06-25,15.726451306105456
2012-06-26,23.292658600018513
2012-06-27,21.425558504440556
2012-06-28,16.884419232606653
2012-06-29,18.8157108668271
2012-06-30,14.699289770907559
2012-07-01,15.299916433233115
2012-07-02,15.573721489130278
2012-07-03,18.83477295241799
2012-07-04,15.534263349012917
2012-07-05,23.494249075115047
2012-07-06,17.45390236734481
2012-07-07,16.63004925710861
2012-07-08,16.06350882978863
2012-07-09,19.15777138211585
2012-07-10,21.883502423474578
2012-07-11,18.816597832364927
2012-07-12,18.635624203100324
2012-07-13,16.953613805933383
2012-07-14,9.395520021435445
2012-07-15,17.693522657050522
2012-07-16,14.516653292301356
2012-07-17,17.102834036302582
2012-07-18,16.51123391930967
2012-07-19,17.856008256824026
2012-07-20,11.25753882666175
2012-07-21,8.571367495614691
2012-07-22,12.005879510767546
2012-07-23,15.044827933961443
2012-07-24,15.944750728090199
2012-07-25,16.332879128828665
2012-07-26,23.531753697006597
2012-07-27,19.641830838885568
2012-07-28,9.294460991062905
2012-07-29,16.111319574865824
2012-07-30,21.812924509152683
2012-07-31,31.519391662553904
2012-08-01,25.972171128421135
2012-08-02,30.141641267159528
2012-08-03,17.527179086036988
2012-08-04,19.821050091990994
2012-08-05,20.131044308919922
2012-08-06,15.191211469659564
2012-08-07,13.757605368662592
2012-08-08,16.682585227396345
2012-08-09,15.442558852633947
2012-08-10,12.362142298530731
2012-08-11,6.511489144169328
2012-08-12,6.950641436928088
2012-08-13,15.508477150572237
2012-08-14,12.61649757483746
2012-08-15,12.016759905905555
2012-08-16,14.803025800739238
2012-08-17,12.89576434008989
2012-08-18,14.237413701262728
2012-08-19,13.67507496755486
2012-08-20,15.983287538408618
2012-08-21,14.071972453172297
2012-08-22,15.418644678779799
2012-08-23,14.909148902272474
2012-08-24,13.93825475477492
2012-08-25,13.435808655595249
2012-08-26,16.656273078175886
2012-08-27,16.19955861276745
2012-08-28,15.308206624277862
2012-08-29,24.377423249880152
2012-08-30,19.696124764381665
2012-08-31,19.002919806583705
2012-09-01,11.389994595989787
2012-09-02,15.475923378585147
2012-09-03,18.55614229313286
2012-09-04,18.30603528715971
2012-09-05,25.418836202083202
2012-09-06,28.27146477455954
2012-09-07,28.258690637869794
2012-09-08,19.80143526877486
2012-09-09,20.101857447387633
2012-09-10,17.204888418738047
2012-09-11,25.523147701579312
2012-09-12,26.924630092163824
2012-09-13,21.87425880018403
2012-09-14,18.740651613326968
2012-09-15,48.208740415194335
2012-09-16,36.82065796750531
2012-09-17,29.575917706318773
2012-09-18,25.544673211215954
2012-09-19,21.007538798677967
2012-09-20,36.88605893550978
2012-09-21,21.57375727035057
2012-09-22,16.448799525906303
2012-09-23,29.41488027966174
2012-09-24,26.030732038494037
2012-09-25,23.49851358578166
2012-09-26,30.151079385031192
2012-09-27,21.991239114095027
2012-09-28,20.54851374867029
2012-09-29,14.664746236908108
2012-09-30,16.535230020771177
2012-10-01,18.626852293223152
2012-10-02,16.899679803956392
2012-10-03,19.790876711957335
2012-10-04,19.822928051710537
2012-10-05,15.60106418930678
2012-10-06,12.0844660365128
2012-10-07,20.08259823473336
2012-10-08,21.925449964696327
2012-10-09,22.80466374254292
2012-10-10,22.022854752624283
2012-10-11,28.669867811834184
2012-10-12,22.52154327093814
2012-10-13,17.26331306482829
2012-10-14,18.188149126165936
2012-10-15,23.180046605983243
2012-10-16,24.585654193498122
2012-10-17,20.914833394779425
2012-10-18,25.5728701084217
2012-10-19,12.524064553516816
2012-10-20,11.446014992158982
2012-10-21,20.324054178952093
2012-10-22,23.470128104129547
2012-10-23,25.920904878628452
2012-10-24,29.303615739481696
2012-10-25,24.47477088283765
2012-10-26,15.904785792769538
2012-10-27,14.459750372010518
2012-10-28,15.585801383224247
2012-10-29,21.535170047837568
2012-10-30,20.57748613824611
2012-10-31,17.147401812785862
2012-11-01,16.609415652104843
2012-11-02,10.488704204065488
2012-11-03,14.592656619440007
2012-11-04,22.993501968018577
2012-11-05,17.75703459661491
2012-11-06,24.918954285236307
2012-11-07,20.18702329389505
2012-11-08,26.69117133542767
2012-11-09,18.27946782862877
2012-11-10,15.918161394755586
2012-11-11,22.1732705223969
2012-11-12,25.655725401105666
2012-11-13,25.61449622968882
2012-11-14,27.70018818029266
2012-11-15,25.082006392501306
2012-11-16,14.290908452210193
2012-11-17,14.63908925091133
2012-11-18,19.152700631032037
2012-11-19,21.351942224560446
2012-11-20,25.886046135189932
2012-11-21,23.301573749872247
2012-11-22,24.446733311802216
2012-11-23,15.3738285107606
2012-11-24,12.355171709546301
2012-11-25,16.666321456363857
2012-11-26,20.965874743623395
2012-11-27,26.231362421247784
2012-11-28,23.879586761532302
2012-11-29,20.276419412596255
2012-11-30,21.424138230599354
2012-12-01,11.348458554407678
2012-12-02,23.534649575309807
2012-12-03,23.65471020895876
2012-12-04,27.942209217085228
2012-12-05,27.757323608138485
2012-12-06,22.36392496474741
2012-12-07,15.326424565432788
2012-12-08,13.386208962867599
2012-12-09,20.766330649484978
2012-12-10,25.638563961110272
2012-12-11,24.57559035943367
2012-12-12,24.429066645296725
2012-12-13,21.801477048165562
2012-12-14,18.445224438348006
2012-12-15,10.927029725050343
2012-12-16,14.589358848640853
2012-12-17,23.305427548462298
2012-12-18,20.80292346084617
2012-12-19,20.564619685871634
2012-12-20,12.827128807580124
2012-12-21,8.748607872533672
2012-12-22,9.956288118169162
2012-12-23,4.594627680060686
2012-12-24,3.048149570839591
2012-12-25,10.967458963523665
2012-12-26,7.234313109302384
2012-12-27,19.225536433965704
2012-12-28,9.49692884109183
2012-12-29,7.988352968955073
2012-12-30,9.651219595991943
2012-12-31,9.998905911179747
2013-01-01,10.116232741240331
2013-01-02,17.96452794177932
2013-01-03,20.71965962893529
2013-01-04,16.90937096906984
2013-01-05,7.54099558463809
2013-01-06,20.664900501696252
2013-01-07,28.077661743175252
2013-01-08,28.65571488350065
2013-01-09,32.859832157442504
2013-01-10,25.11210573952837
2013-01-11,20.275176976838694
2013-01-12,18.992785699211606
2013-01-13,18.654209263583255
2013-01-14,32.625268063551474
2013-01-15,28.28981072976219
2013-01-16,20.084298996009057
2013-01-17,20.87160835095376
2013-01-18,13.75952881618414
2013-01-19,23.079041736347033
2013-01-20,19.075061646139332
2013-01-21,16.184558618965784
2013-01-22,27.27040814081746
2013-01-23,20.872806310520055
2013-01-24,22.836715181189387
2013-01-25,23.947118302202902
2013-01-26,13.522702942548094
2013-01-27,16.31168922223133
2013-01-28,24.266597208542255
2013-01-29,25.022257670416227
2013-01-30,13.917517396866309
2013-01-31,19.208382525189833
2013-02-01,11.720921605579072
2013-02-02,12.43395366917649
2013-02-03,8.252141622658272
2013-02-04,21.30074666695753
2013-02-05,20.197452103406775
2013-02-06,24.972699578323965
2013-02-07,22.763613603812455
2013-02-08,19.620156469494162
2013-02-09,5.8057632508383
2013-02-10,7.993913002466648
2013-02-11,19.303460357444152
2013-02-12,17.95454107723955
2013-02-13,16.166290814739483
2013-02-14,22.49806508763123
2013-02-15,10.574412537698965
2013-02-16,12.475034679688179
2013-02-17,20.373724139622254
2013-02-18,20.020144576571404
2013-02-19,19.240503365969175
2013-02-20,21.909160593115388
2013-02-21,21.749652919528728
2013-02-22,17.909621124309275
2013-02-23,15.240956148859347
2013-02-24,9.690481285992053
2013-02-25,26.051909002883434
2013-02-26,22.01722715709212
2013-02-27,27.80644442332689
2013-02-28,18.22727940790377
2013-03-01,19.518090726898873
2013-03-02,16.811720956496185
2013-03-03,22.506122374331753
2013-03-04,19.943944736482084
2013-03-05,22.87916635184437
2013-03-06,27.08873472387962
2013-03-07,24.746442480323235
2013-03-08,16.27846922858615
2013-03-09,13.540356835204673
2013-03-10,17.888131328621597
2013-03-11,26.7078646178362
2013-03-12,32.60548949264144
2013-03-13,25.269247570191933
2013-03-14,22.49735302831054
2013-03-15,15.921188085824124
2013-03-16,9.105164017541984
2013-03-17,13.672361083234751
2013-03-18,15.00952921463917
2013-03-19,25.669595088974738
2013-03-20,23.801167818951676
2013-03-21,25.05666215648562
2013-03-22,18.277921050687688
2013-03-23,5.944534956867038
2013-03-24,11.922562006330491
2013-03-25,13.899109187823765
2013-03-26,21.422983976701563
2013-03-27,10.496996051566907
2013-03-28,11.12359386809388
2013-03-29,6.276454983731416
2013-03-30,8.392275275184652
2013-03-31,13.248002249352322
2013-04-01,17.30684717932155
2013-04-02,16.846141797890482
2013-04-03,17.987375039521094
2013-04-04,15.19021198280781
2013-04-05,16.8620140139434
2013-04-06,6.226801961722025
2013-04-07,20.05225304075909
2013-04-08,25.359120661495254
2013-04-09,25.127681813066786
2013-04-10,23.458797633497333
2013-04-11,22.009502128340696
2013-04-12,13.317181714885308
2013-04-13,4.081499067377326
2013-04-14,18.639396080423925
2013-04-15,26.114099591468882
2013-04-16,23.018685524043285
2013-04-17,24.77310701903451
2013-04-18,19.599309414855572
2013-04-19,19.275347374764124
2013-04-20,15.975013523585137
2013-04-21,12.642821526789671
2013-04-22,24.880103816507567
2013-04-23,24.404031758090547
2013-04-24,15.70290250103615
2013-04-25,25.77802556758485
2013-04-26,13.966501717203283
2013-04-27,3.887026087306495
2013-04-28,17.796307238447323
2013-04-29,27.819531021878394
2013-04-30,20.435180735599936
2013-05-01,15.944903235062434
2013-05-02,29.069534587610256
2013-05-03,16.997395840925133
2013-05-04,15.140138182973072
2013-05-05,24.388864434551625
2013-05-06,23.033007758532296
2013-05-07,26.18257249457462
2013-05-08,18.456349097807045
2013-05-09,12.1748026448547
2013-05-10,9.665529461381873
2013-05-11,12.081896744734845
2013-05-12,21.176307363636656
2013-05-13,16.631056012132024
2013-05-14,22.622149627283463
2013-05-15,29.308713591356266
2013-05-16,21.38702556183979
2013-05-17,13.07598705640076
2013-05-18,6.235290918206438
2013-05-19,5.707887251273444
2013-05-20,9.958538836560521
2013-05-21,17.4762452399585
2013-05-22,21.752081515160068
2013-05-23,21.546252435861874
2013-05-24,14.28081840579112
2013-05-25,7.114404752980324
2013-05-26,19.49331883606141
2013-05-27,11.327151431459693
2013-05-28,24.762979724964673
2013-05-29,17.260329966957446
2013-05-30,10.283157039173766
2013-05-31,9.991693475990612
2013-06-01,10.923091556203588
2013-06-02,12.57901370952504
2013-06-03,16.203479830703767
2013-06-04,13.427872133839017
2013-06-05,21.64806740455492
2013-06-06,19.9425211790038
2013-06-07,14.820158401230124
2013-06-08,4.737195590367708
2013-06-09,16.843956121580533
2013-06-10,15.757486537959565
2013-06-11,22.10428388497604
2013-06-12,25.498082853331432
2013-06-13,21.89464756857606
2013-06-14,17.454210569501765
2013-06-15,11.866823045196046
2013-06-16,11.563922743987774
2013-06-17,19.96707807939675
2013-06-18,21.385130702199714
2013-06-19,19.65369710001989
2013-06-20,12.796853628013913
2013-06-21,9.066987269425425
2013-06-22,4.434763534962158
2013-06-23,9.438441857213885
2013-06-24,24.79006788194555
2013-06-25,15.125674853199683
2013-06-26,21.632690763377102
2013-06-27,20.290083076899005
2013-06-28,26.407534690244855
2013-06-29,5.115804825322947
2013-06-30,23.402579375509735
2013-07-01,17.15236228704058
2013-07-02,13.090234769680109
2013-07-03,9.898914393016952
2013-07-04,15.830788141261493
2013-07-05,13.218774022128695
2013-07-06,7.022052944725363
2013-07-07,16.418707336823598
2013-07-08,12.655532423161588
2013-07-09,21.786109646931568
2013-07-10,20.07551306394436
2013-07-11,22.54433870048218
2013-07-12,13.575935131579936
2013-07-13,12.658333590832274
2013-07-14,12.159044710073939
2013-07-15,12.677061219052948
2013-07-16,12.507664678337576
2013-07-17,20.213190880847797
2013-07-18,13.903505337899517
2013-07-19,12.601716073219443
2013-07-20,3.289973197248706
2013-07-21,10.957899267402958
2013-07-22,9.14199270723347
2013-07-23,8.517605696360228
2013-07-24,15.119799136234718
2013-07-25,6.650140593437431
2013-07-26,11.376557310455343
2013-07-27,8.285116236616862
2013-07-28,10.161205657712031
2013-07-29,11.053120745097331
2013-07-30,15.610093603873164
2013-07-31,10.891761546447192
2013-08-01,20.37674669486912
2013-08-02,5.053592564975915
2013-08-03,7.733978109763623
2013-08-04,8.813641293143409
2013-08-05,10.894389348493817
2013-08-06,13.588786266930967
2013-08-07,11.445905435082999
2013-08-08,14.247015931278302
2013-08-09,8.345429420932561
2013-08-10,9.271369297916014
2013-08-11,10.152316822554873
2013-08-12,12.257751099856907
2013-08-13,21.476699459997644
2013-08-14,33.276160601332364
2013-08-15,14.72407379275747
2013-08-16,15.102299329309083
2013-08-17,14.729087972136494
2013-08-18,13.604439724251979
2013-08-19,14.129144122179223
2013-08-20,22.385946500344406
2013-08-21,12.416634281638363
2013-08-22,21.313734876213136
2013-08-23,17.298554746347314
2013-08-24,8.94833106879419
2013-08-25,7.474865874646969
2013-08-26,12.628935890207995
2013-08-27,14.685897297305424
2013-08-28,14.149416906806955
2013-08-29,16.90852205351365
2013-08-30,14.555851345998551
2013-08-31,9.377277236226941
2013-09-01,7.68800666570953
2013-09-02,8.404019294288315
2013-09-03,17.026906445214262
2013-09-04,17.129381351677395
2013-09-05,17.699959414074293
2013-09-06,15.677896163457959
2013-09-07,1.2789422469272047
2013-09-08,11.136662414612719
2013-09-09,14.74740348940319
2013-09-10,18.333983826030064
2013-09-11,12.520452014545828
2013-09-12,16.928951754049457
2013-09-13,13.218858450744857
2013-09-14,6.233122212738881
2013-09-15,12.166568202322548
2013-09-16,13.157848761344642
2013-09-17,22.922198596588228
2013-09-18,16.779943957351794
2013-09-19,21.580400242290402
2013-09-20,15.820868972727258
2013-09-21,10.698250798791879
2013-09-22,5.541983394808856
2013-09-23,26.86681753319553
2013-09-24,20.777424135565337
2013-09-25,14.203586080999333
2013-09-26,20.610194804586147
2013-09-27,15.770578660592587
2013-09-28,-2.64583895815613
2013-09-29,14.991494655864571
2013-09-30,19.21962090487499
2013-10-01,23.443825688649355
2013-10-02,18.97823678421415
2013-10-03,16.39985722599109
2013-10-04,12.06678853688797
2013-10-05,7.218825941579546
2013-10-06,13.529714408745097
2013-10-07,18.772979856586858
2013-10-08,25.103362550784087
2013-10-09,24.08071805423707
2013-10-10,18.718106407390366
2013-10-11,17.905693866084498
2013-10-12,10.014439619697153
2013-10-13,18.639196592800143
2013-10-14,20.306382225323627
2013-10-15,20.905023845984122
2013-10-16,29.811072868151907
2013-10-17,21.182547512730416
2013-10-18,16.638377062729894
2013-10-19,11.49058581329782
2013-10-20,10.892072679382647
2013-10-21,13.38635451383362
2013-10-22,13.4450175004953
2013-10-23,12.263152714944194
2013-10-24,10.806369897306332
2013-10-25,9.22964345437758
2013-10-26,4.0877731855202555
2013-10-27,6.705811651209096
2013-10-28,8.909978691095915
2013-10-29,13.567300768113206
2013-10-30,23.93224035954693
2013-10-31,19.858125011728518
2013-11-01,9.94603412028733
2013-11-02,5.37412987289008
2013-11-03,13.658670837649463
2013-11-04,18.749556570404586
2013-11-05,23.69859070916907
2013-11-06,22.53329816509363
2013-11-07,37.33157087691768
2013-11-08,23.746887240943675
2013-11-09,9.531586584558756
2013-11-10,22.831404794983023
2013-11-11,25.286583365455545
2013-11-12,33.84595753364564
2013-11-13,27.74295724101294
2013-11-14,16.508508297114762
2013-11-15,14.942666231020269
2013-11-16,8.322862716139827
2013-11-17,20.398925082316136
2013-11-18,27.087866306609286
2013-11-19,19.86609420353326
2013-11-20,23.905028223924116
2013-11-21,22.94427711366953
2013-11-22,15.693380936827293
2013-11-23,11.415040576236365
2013-11-24,15.15188469745651
2013-11-25,25.500165631602616
2013-11-26,29.290039362562656
2013-11-27,26.056582679811864
2013-11-28,27.11292703494808
2013-11-29,20.487299762612565
2013-11-30,4.629956827068579
2013-12-01,19.059371108446587
2013-12-02,18.538311336241247
2013-12-03,30.109810912941608
2013-12-04,25.646015611217248
2013-12-05,19.27045808437896
2013-12-06,16.004905059766962
2013-12-07,7.957583069816554
2013-12-08,24.81205092963909
2013-12-09,26.068942757386512
2013-12-10,28.274756401574628
2013-12-11,31.307300503878967
2013-12-12,27.844034502463625
2013-12-13,21.449369676908198
2013-12-14,7.861509930899487
2013-12-15,19.5475927862454
2013-12-16,21.91403432965951
2013-12-17,24.685478376045992
2013-12-18,21.546717986226426
2013-12-19,23.190986996001058
2013-12-20,10.285228576099954
2013-12-21,4.370884805207918
2013-12-22,7.766611181983329
2013-12-23,9.944719608654033
2013-12-24,6.735802572972254
2013-12-25,3.9633213119473076
2013-12-26,7.42391457232673
2013-12-27,6.501835718387024
2013-12-28,4.8777268302834855
2013-12-29,9.564179663945268
2013-12-30,7.852163775282822
2013-12-31,7.529142936947302
2014-01-01,1.9699614032455344
2014-01-02,10.072704438695698
2014-01-03,15.138880071385593
2014-01-04,11.672857534427163
2014-01-05,18.39673687443988
2014-01-06,28.476763342816337
2014-01-07,21.52784233177992
2014-01-08,25.5884197567987
2014-01-09,30.81166044660361
2014-01-10,25.66091217476786
2014-01-11,14.93144061598738
2014-01-12,21.79191908730103
2014-01-13,21.66797754897006
2014-01-14,21.301002549547402
2014-01-15,29.98945829683223
2014-01-16,26.30813351381766
2014-01-17,16.572235139971767
2014-01-18,12.327356235000398
2014-01-19,17.92470120086367
2014-01-20,26.419801117878507
2014-01-21,19.99059958625232
2014-01-22,23.027683490249423
2014-01-23,19.473320409479637
2014-01-24,12.47766312303969
2014-01-25,8.367839678521747
2014-01-26,13.509721724697936
2014-01-27,19.858120540073646
2014-01-28,20.86536757781837
2014-01-29,21.80059255636353
2014-01-30,20.9203334370978
2014-01-31,19.813077855346386
2014-02-01,8.289258783451949
2014-02-02,13.674352379734398
2014-02-03,19.528358299544916
2014-02-04,21.392782167022474
2014-02-05,29.895291727186873
2014-02-06,23.220259417308995
2014-02-07,17.926104190166846
2014-02-08,14.135017401988488
2014-02-09,12.648693564026487
2014-02-10,21.821083268964724
2014-02-11,18.832205608028875
2014-02-12,21.814065785357798
2014-02-13,20.267147967930647
2014-02-14,13.842759745414657
2014-02-15,4.516824765610654
2014-02-16,15.148067533978931
2014-02-17,19.72756205835784
2014-02-18,18.79473847656644
2014-02-19,17.216389110115525
2014-02-20,20.92922572201738
2014-02-21,14.94841560855162
2014-02-22,9.180399484990204
2014-02-23,16.318177047753217
2014-02-24,17.936518057276558
2014-02-25,24.117699569868012
2014-02-26,22.5800001099212
2014-02-27,25.411423149794395
2014-02-28,21.725016842344225
2014-03-01,16.170013295739054
2014-03-02,12.103199248073206
2014-03-03,12.386908003841398
2014-03-04,15.548882729101244
2014-03-05,20.826172515216566
2014-03-06,22.413197786675727
2014-03-07,15.14513852111617
2014-03-08,8.58868385470748
2014-03-09,23.85611597996671
2014-03-10,21.988019377230252
2014-03-11,23.828451311732426
2014-03-12,18.877895948837764
2014-03-13,23.563640054443145
2014-03-14,14.213343501829169
2014-03-15,12.44593557301155
2014-03-16,16.982877437683797
2014-03-17,26.26771303231483
2014-03-18,32.590465783230385
2014-03-19,18.981438513073062
2014-03-20,24.187212362429538
2014-03-21,13.940562504351753
2014-03-22,12.182053996234902
2014-03-23,17.603345241188425
2014-03-24,19.596120442578272
2014-03-25,17.579225587857362
2014-03-26,18.21656002333461
2014-03-27,17.633763666623242
2014-03-28,20.79001742595593
2014-03-29,14.938676618328724
2014-03-30,27.3164926486008
2014-03-31,26.522304299652
2014-04-01,24.062961025501018
2014-04-02,26.58149393342281
2014-04-03,27.917670484027127
2014-04-04,24.215012253118733
2014-04-05,13.899932992674074
2014-04-06,15.751158009949144
2014-04-07,22.595749529318873
2014-04-08,22.929838371283747
2014-04-09,24.6720204969958
2014-04-10,17.09031846673054
2014-04-11,21.803661562494273
2014-04-12,9.715605535725114
2014-04-13,10.813697454807858
2014-04-14,11.441292452335546
2014-04-15,16.59631504226711
2014-04-16,13.95830014776083
2014-04-17,7.24663345232576
2014-04-18,8.665549228947025
2014-04-19,7.214845107391021
2014-04-20,9.534578221857359
2014-04-21,13.363782154017617
2014-04-22,18.160046490180527
2014-04-23,17.45915044229647
2014-04-24,20.097615282741955
2014-04-25,15.07225836643908
2014-04-26,14.858519172265222
2014-04-27,14.109780780316608
2014-04-28,23.234825045846982
2014-04-29,24.411595571017134
2014-04-30,23.68409409164893
2014-05-01,15.39575487983975
2014-05-02,18.35127588721237
2014-05-03,12.055292254889924
2014-05-04,21.354373245777435
2014-05-05,24.224666601990894
2014-05-06,25.497201322756826
2014-05-07,23.929201903896242
2014-05-08,26.104100214666182
2014-05-09,17.221840727008548
2014-05-10,10.261529729114983
2014-05-11,15.180272641684635
2014-05-12,20.240817594617724
2014-05-13,24.009651357203907
2014-05-14,23.581003865592024
2014-05-15,21.938132383525815
2014-05-16,18.88731890846952
2014-05-17,13.150024611728458
2014-05-18,16.698022160315556
2014-05-19,27.142556422739744
2014-05-20,27.379817758660945
2014-05-21,19.153268206150255
2014-05-22,24.099718708547783
2014-05-23,20.01014514040153
2014-05-24,12.463626026608416
2014-05-25,15.872780886947808
2014-05-26,17.74265560876017
2014-05-27,17.608326978852457
2014-05-28,14.53994858024831
2014-05-29,15.046445354145849
2014-05-30,14.478585198163081
2014-05-31,19.810216268500653
2014-06-01,18.02348867665697
2014-06-02,27.40466766016131
2014-06-03,37.26051938579557
2014-06-04,32.713501120971486
2014-06-05,48.63285364071739
2014-06-06,34.3419470178989
2014-06-07,17.271250663572324
2014-06-08,13.693076938343768
2014-06-09,16.50979600719295
2014-06-10,16.42294366028162
2014-06-11,8.783287794762334
2014-06-12,13.117603245879657
2014-06-13,15.013270492988369
2014-06-14,8.426287801512807
2014-06-15,17.06773889846786
2014-06-16,15.319883161133273
2014-06-17,15.270724064973884
2014-06-18,14.02343237306788
2014-06-19,16.47758345340397
2014-06-20,16.37459563206716
2014-06-21,12.379304816886162
2014-06-22,14.392191166299018
2014-06-23,21.21351462443464
2014-06-24,19.670450899826992
2014-06-25,16.310668537534685
2014-06-26,14.001194001726908
2014-06-27,11.42474486204851
2014-06-28,10.789706368420426
2014-06-29,13.607078955246543
2014-06-30,20.12447013895742
2014-07-01,15.65805519350976
2014-07-02,17.246682630976743
2014-07-03,18.587066621708175
2014-07-04,11.271845775363143
2014-07-05,10.688190190673264
2014-07-06,13.289570250464855
2014-07-07,17.016496803212043
2014-07-08,11.020761610322353
2014-07-09,13.201908269166662
2014-07-10,8.837368451049908
2014-07-11,20.863353868510707
2014-07-12,9.218981230123607
2014-07-13,4.356720810670097
2014-07-14,13.657035180615907
2014-07-15,12.788942999423394
2014-07-16,12.98808851700166
2014-07-17,12.782214900557904
2014-07-18,10.299708199158477
2014-07-19,12.18062554772391
2014-07-20,12.562762105827549
2014-07-21,18.26363700502862
2014-07-22,16.05380068632504
2014-07-23,17.5950770115255
2014-07-24,9.637154485304244
2014-07-25,13.372782779600023
2014-07-26,6.175698988858645
2014-07-27,9.316139989768335
2014-07-28,11.416395825509717
2014-07-29,9.299491227058763
2014-07-30,17.14558410968441
2014-07-31,14.691771222675175
2014-08-01,13.367414820357574
2014-08-02,12.580588505431091
2014-08-03,10.540145807711003
2014-08-04,12.798221249644882
2014-08-05,13.522412762553053
2014-08-06,17.281484971807778
2014-08-07,11.871203603917888
2014-08-08,11.161777770401898
2014-08-09,6.280922871213505
2014-08-10,9.70407838512817
2014-08-11,11.080866961603071
2014-08-12,12.8133918538261
2014-08-13,14.591704253943306
2014-08-14,10.952956441611839
2014-08-15,9.645868588414025
2014-08-16,9.353158264616994
2014-08-17,8.066118779291841
2014-08-18,16.100408501069563
2014-08-19,14.677302115458932
2014-08-20,9.5695961540039
2014-08-21,11.494366668465894
2014-08-22,12.547919083805436
2014-08-23,9.979457741515109
2014-08-24,11.072779599361446
2014-08-25,11.060514114614197
2014-08-26,16.722791437547915
2014-08-27,15.429197687562901
2014-08-28,17.64050509736826
2014-08-29,19.056173971750667
2014-08-30,5.883482402482205
2014-08-31,10.938260319830015
2014-09-01,12.645600767485835
2014-09-02,19.905035412416947
2014-09-03,16.518758820243274
2014-09-04,32.849832958366065
2014-09-05,26.339902417978973
2014-09-06,10.200535092361303
2014-09-07,14.288145862686576
2014-09-08,16.407485933184905
2014-09-09,13.923990443598761
2014-09-10,11.951814707864902
2014-09-11,15.83757564693915
2014-09-12,11.323628140665768
2014-09-13,7.863410801393524
2014-09-14,10.144899333479625
2014-09-15,11.50382115300928
2014-09-16,15.045624882146502
2014-09-17,16.761837971964564
2014-09-18,17.418391605854946
2014-09-19,17.837842235903732
2014-09-20,10.760235115268333
2014-09-21,17.718071491063423
2014-09-22,14.594798376180915
2014-09-23,18.72370673862193
2014-09-24,19.52779354542605
2014-09-25,15.147365953360723
2014-09-26,15.810734591305845
2014-09-27,12.296922451940972
2014-09-28,14.098111748484147
2014-09-29,14.049797700133801
2014-09-30,18.041007639704983
2014-10-01,18.117382278401266
2014-10-02,16.233366251469413
2014-10-03,10.568010319743376
2014-10-04,7.34413283540561
2014-10-05,13.663733863543857
2014-10-06,14.178268592246791
2014-10-07,16.767589378947715
2014-10-08,20.850542210765465
2014-10-09,23.482613423671506
2014-10-10,19.355929699418123
2014-10-11,10.097722272812433
2014-10-12,15.970894395407868
2014-10-13,20.33475787673185
2014-10-14,19.702388640108587
2014-10-15,19.61412160660665
2014-10-16,25.842753305523143
2014-10-17,16.38191844899365
2014-10-18,13.226061215324634
2014-10-19,15.6956784539614
2014-10-20,19.320007486098646
2014-10-21,27.85419731761533
2014-10-22,25.741202066580744
2014-10-23,19.063767064810484
2014-10-24,15.183176477524317
2014-10-25,10.612506229396406
2014-10-26,17.904682997312836
2014-10-27,14.613751603422362
2014-10-28,19.414127664319295
2014-10-29,17.970678859992624
2014-10-30,21.441562239879726
2014-10-31,14.496232968089316
2014-11-01,14.357711768729533
2014-11-02,16.89610771199047
2014-11-03,22.566040192484333
2014-11-04,19.780192277569583
2014-11-05,22.462418060628437
2014-11-06,21.826860975393622
2014-11-07,10.795363174216675
2014-11-08,7.926109469838874
2014-11-09,18.836921985517524
2014-11-10,22.277379009549918
2014-11-11,19.061096157565526
2014-11-12,22.709590130396045
2014-11-13,21.483549867264077
2014-11-14,19.52854066156422
2014-11-15,15.73589947013257
2014-11-16,16.918539495899903
2014-11-17,18.413276924728315
2014-11-18,17.215992555987473
2014-11-19,23.161600453364237
2014-11-20,23.655450058730906
2014-11-21,35.6284949491509
2014-11-22,16.56112331699032
2014-11-23,22.205376804204597
2014-11-24,31.285868678876902
2014-11-25,30.93972345449506
2014-11-26,24.188941997778485
2014-11-27,28.584375500591534
2014-11-28,19.678811817661874
2014-11-29,22.113181099462665
2014-11-30,20.348319120934587
2014-12-01,25.771507384233452
2014-12-02,34.72487009583763
2014-12-03,30.363881711560204
2014-12-04,24.907677888149852
2014-12-05,23.449552000767518
2014-12-06,19.85609400419863
2014-12-07,24.355614527155407
2014-12-08,28.765521078874485
2014-12-09,27.739196740065918
2014-12-10,32.31856775711583
2014-12-11,28.284732613059937
2014-12-12,24.664950308829727
2014-12-13,15.066526701482559
2014-12-14,22.813109511313744
2014-12-15,22.027894888317437
2014-12-16,29.31698622048998
2014-12-17,32.219845411702664
2014-12-18,22.0102214369021
2014-12-19,14.62067508271036
2014-12-20,8.099124922562176
2014-12-21,5.327498802260106
2014-12-22,11.412519855388691
2014-12-23,11.24418374407784
2014-12-24,3.815156848228039
2014-12-25,2.414494262181268
2014-12-26,8.010786007161979
2014-12-27,2.7819756863648735
2014-12-28,5.6349405218602016
2014-12-29,3.3766309970449946
2014-12-30,6.473779901799116
2014-12-31,4.17652813353514
2015-01-01,5.306495581567496
2015-01-02,9.682035689035619
2015-01-03,6.896021210666685
2015-01-04,12.189588669727002
2015-01-05,36.90802521240701
2015-01-06,23.83299291996164
2015-01-07,31.157380287381656
2015-01-08,27.615101418677447
2015-01-09,18.94020924152497
2015-01-10,10.440577072141323
2015-01-11,17.61364525871292
2015-01-12,17.66462230296233
2015-01-13,24.26999930930654
2015-01-14,20.540546580209842
2015-01-15,21.344866014217914
2015-01-16,16.663266372238496
2015-01-17,17.332034791140146
2015-01-18,19.596022262342288
2015-01-19,26.950148362189438
2015-01-20,34.03587506429755
2015-01-21,36.92817757439161
2015-01-22,52.01559905692108
2015-01-23,42.76292389730964
2015-01-24,33.88856944847027
2015-01-25,31.901460653233094
2015-01-26,27.94679799546237
2015-01-27,24.310453926467673
2015-01-28,24.09191651346258
2015-01-29,22.20385293688699
2015-01-30,16.935584205394278
2015-01-31,14.879483016609928
2015-02-01,18.682035339658942
2015-02-02,20.34929775872985
2015-02-03,19.690532544356262
2015-02-04,20.487711200313484
2015-02-05,18.228694360641835
2015-02-06,13.572123242480831
2015-02-07,12.639486780764106
2015-02-08,17.871631830529196
2015-02-09,20.18683707927594
2015-02-10,25.629104262500185
2015-02-11,20.831891080771825
2015-02-12,21.990022697116885
2015-02-13,21.533595556317728
2015-02-14,11.001603286727253
2015-02-15,13.893529949270519
2015-02-16,16.03297575848715
2015-02-17,17.884863926307133
2015-02-18,21.07940596425133
2015-02-19,17.06320691255868
2015-02-20,16.63381030496599
2015-02-21,10.957675143378498
2015-02-22,19.17414025596671
2015-02-23,22.009891066314683
2015-02-24,26.283801324801686
2015-02-25,26.533023311811206
2015-02-26,25.430865485142295
2015-02-27,21.272609408515766
2015-02-28,19.12770623906484
2015-03-01,20.221049820187087
2015-03-02,24.5815393037491
2015-03-03,17.975371788008157
2015-03-04,25.19249126850318
2015-03-05,30.69671380110963
2015-03-06,19.184317045025093
2015-03-07,16.18733396749459
2015-03-08,18.102609690673997
2015-03-09,29.440651530649443
2015-03-10,22.654759273835488
2015-03-11,24.826709924184836
2015-03-12,25.573218449433227
2015-03-13,20.05133474231603
2015-03-14,12.716572902672823
2015-03-15,15.928141605083603
2015-03-16,21.28566205553207
2015-03-17,22.77791556846082
2015-03-18,25.563761610949545
2015-03-19,22.383245437506773
2015-03-20,12.112802622889859
2015-03-21,10.32736071403161
2015-03-22,17.801791728120914
2015-03-23,26.945886496677925
2015-03-24,17.884177778201593
2015-03-25,23.548726303165637
2015-03-26,14.029472209452258
2015-03-27,9.395600741549476
2015-03-28,5.811495413706133
2015-03-29,8.120106335225561
2015-03-30,13.974003826457594
2015-03-31,14.941984285143864
2015-04-01,13.509598719683858
2015-04-02,7.3444699503644735
2015-04-03,5.8374507696261695
2015-04-04,3.5703976104536466
2015-04-05,6.199876201982068
2015-04-06,7.159209918752154
2015-04-07,12.143708088224258
2015-04-08,17.279010625821336
2015-04-09,14.119012544145722
2015-04-10,12.737050064041568
2015-04-11,6.8566598475706755
2015-04-12,16.082103931116652
2015-04-13,20.35690709252107
2015-04-14,16.486212397080823
2015-04-15,21.955304942575445
2015-04-16,20.924012528608607
2015-04-17,16.85243674204875
2015-04-18,20.201349814758412
2015-04-19,15.461390294314967
2015-04-20,19.994321853668197
2015-04-21,30.19698961449921
2015-04-22,20.65359141072555
2015-04-23,26.03965001299003
2015-04-24,16.01892594801468
2015-04-25,13.566374524261402
2015-04-26,24.222330667959202
2015-04-27,24.63509043836376
2015-04-28,24.25809244817964
2015-04-29,26.566339663608414
2015-04-30,18.965181529868122
2015-05-01,9.987151066644913
2015-05-02,14.340015975988955
2015-05-03,23.401834928477577
2015-05-04,22.114909307186963
2015-05-05,22.102319371946386
2015-05-06,21.233167073223303
2015-05-07,20.592273237037894
2015-05-08,15.181713350645445
2015-05-09,9.80569392294429
2015-05-10,15.777346404765716
2015-05-11,18.326148180775384
2015-05-12,13.112815956745482
2015-05-13,14.162533243621667
2015-05-14,10.099582772675308
2015-05-15,12.123845471343905
2015-05-16,5.801839877978011
2015-05-17,18.033546101254558
2015-05-18,22.342538672871633
2015-05-19,24.462870519505714
2015-05-20,25.673080470806184
2015-05-21,20.08414119522713
2015-05-22,14.359952041138083
2015-05-23,4.974845328870831
2015-05-24,6.806363791942065
2015-05-25,7.145809591881147
2015-05-26,17.07385257609616
2015-05-27,16.405076693987382
2015-05-28,8.510175221667527
2015-05-29,10.880393809155816
2015-05-30,4.099227872289273
2015-05-31,10.199865191988547
2015-06-01,17.830131592980436
2015-06-02,27.11803408105878
2015-06-03,24.232107148414617
2015-06-04,20.601713048695707
2015-06-05,12.003799289279836
2015-06-06,11.107523349779772
2015-06-07,11.597678292519582
2015-06-08,16.07741718336245
2015-06-09,15.596968223401781
2015-06-10,20.927052453742583
2015-06-11,13.935664670177715
2015-06-12,13.723400097086571
2015-06-13,5.975988355280279
2015-06-14,15.787361694254411
2015-06-15,27.25706249545798
2015-06-16,18.93901754227428
2015-06-17,18.829948873939852
2015-06-18,22.152472475862215
2015-06-19,13.564122406047211
2015-06-20,15.18749475867816
2015-06-21,15.283278471050497
2015-06-22,14.259185078452088
2015-06-23,19.01157553462973
2015-06-24,16.987523159980213
2015-06-25,11.67395203160746
2015-06-26,9.773505099437862
2015-06-27,6.675693859218519
2015-06-28,15.73215922631637
2015-06-29,17.23490177795353
2015-06-30,13.97346077503789
2015-07-01,18.178892984120107
2015-07-02,17.815468745638803
2015-07-03,11.88479526773012
2015-07-04,3.3313862170563127
2015-07-05,10.171015992878893
2015-07-06,20.56962923464016
2015-07-07,26.158608155339383
2015-07-08,10.936845598847775
2015-07-09,16.437481690002716
2015-07-10,15.423765021167462
2015-07-11,12.11874808803319
2015-07-12,11.28789379526727
2015-07-13,11.530473595042228
2015-07-14,19.17361553714832
2015-07-15,16.207505771163685
2015-07-16,14.687364722058689
2015-07-17,11.3289271463217
2015-07-18,6.015962241137515
2015-07-19,9.402960245425376
2015-07-20,9.841669678082827
2015-07-21,11.400168629012672
2015-07-22,7.7245065573961575
2015-07-23,13.808456997201898
2015-07-24,12.604835569217247
2015-07-25,2.9900778476008902
2015-07-26,11.348576019828716
2015-07-27,16.850482192323142
2015-07-28,9.163176042557563
2015-07-29,17.603642315010024
2015-07-30,14.473186670137814
2015-07-31,10.17595607795943
2015-08-01,-6.741253932536619
2015-08-02,2.770813542470364
2015-08-03,9.95553646484477
2015-08-04,13.534376008715132
2015-08-05,18.38902587961074
2015-08-06,8.867071330960211
2015-08-07,10.384314527988657
2015-08-08,4.53754506233679
2015-08-09,2.2524583757646788
2015-08-10,4.185750137633978
2015-08-11,11.887164382374639
2015-08-12,16.007572195536916
2015-08-13,11.239100257804772
2015-08-14,7.881585844248697
2015-08-15,2.701428421959857
2015-08-16,11.42554966476629
2015-08-17,12.836752559890883
2015-08-18,11.119346002816883
2015-08-19,16.036717409646258
2015-08-20,20.46004422128814
2015-08-21,8.930629694566814
2015-08-22,1.8663514841410453
2015-08-23,7.093416963804476
2015-08-24,22.882535132719944
2015-08-25,12.698490379648671
2015-08-26,15.401114366594758
2015-08-27,13.07298183478878
2015-08-28,16.26129304997823
2015-08-29,6.914510285838386
2015-08-30,7.697640049195492
2015-08-31,13.99325294719154
2015-09-01,15.999217962779618
2015-09-02,17.025389095786544
2015-09-03,16.723073936310946
2015-09-04,16.099606109927784
2015-09-05,11.62931793658182
2015-09-06,5.520594665607334
2015-09-07,13.171015357612013
2015-09-08,18.075806046317975
2015-09-09,19.653812719311755
2015-09-10,16.549009346029134
2015-09-11,17.42506113372417
2015-09-12,2.153177296419482
2015-09-13,6.302963702390969
2015-09-14,19.164185278222057
2015-09-15,19.457664317825383
2015-09-16,15.537117224322404
2015-09-17,20.02103676898254
2015-09-18,12.595854992631335
2015-09-19,12.245936319429106
2015-09-20,11.261304175471377
2015-09-21,12.09419310528736
2015-09-22,13.078628269848469
2015-09-23,17.314097738019413
2015-09-24,10.426725591511548
2015-09-25,9.463696208383084
2015-09-26,6.336537840230346
2015-09-27,8.111487228210247
2015-09-28,13.420382266143225
2015-09-29,32.59882355334022
2015-09-30,22.552005822646354
2015-10-01,11.583619641356073
2015-10-02,7.224287660828217
2015-10-03,6.413265412838168
2015-10-04,9.30552730043474
2015-10-05,18.934937404293407
2015-10-06,19.80405538055151
2015-10-07,27.294090771525145
2015-10-08,13.470907354037397
2015-10-09,15.722079961666903
2015-10-10,7.585729203695326
2015-10-11,15.201864556560938
2015-10-12,11.056571697587597
2015-10-13,18.702979673141108
2015-10-14,26.053085015253217
2015-10-15,17.379966050573753
2015-10-16,15.581090888162795
2015-10-17,12.338506450831968
2015-10-18,8.2333667538518
2015-10-19,17.397096550777913
2015-10-20,20.457895413259603
2015-10-21,20.670225813064736
2015-10-22,17.026754126126548
2015-10-23,15.377764084069643
2015-10-24,1.930533781030757
2015-10-25,12.987817222323322
2015-10-26,16.133359204389237
2015-10-27,20.430182051977944
2015-10-28,18.072940329335147
2015-10-29,22.3298271943869
2015-10-30,23.82489123627438
2015-10-31,2.658822998397806
2015-11-01,10.461941045149917
2015-11-02,17.237496970838357
2015-11-03,19.924746307267597
2015-11-04,20.770817905672804
2015-11-05,19.891942566660664
2015-11-06,11.631554565312385
2015-11-07,9.937350212767043
2015-11-08,12.368482654522435
2015-11-09,25.44512681240069
2015-11-10,25.456198959300824
2015-11-11,25.765261115282268
2015-11-12,18.620612830655865
2015-11-13,17.04010399631557
2015-11-14,9.364891028701244
2015-11-15,16.814546091870014
2015-11-16,20.112673888653564
2015-11-17,19.110260569302714
2015-11-18,24.539283573091478
2015-11-19,21.987123378454246
2015-11-20,10.523933564292285
2015-11-21,8.630411742772239
2015-11-22,14.679326677430712
2015-11-23,13.932889787346262
2015-11-24,24.833055083583428
2015-11-25,26.19005316945367
2015-11-26,21.93188911932421
2015-11-27,12.967547413744956
2015-11-28,7.308012600594985
2015-11-29,11.14033970957713
2015-11-30,24.47092974942951
2015-12-01,32.73516907289374
2015-12-02,27.941857382881665
2015-12-03,33.95705280818621
2015-12-04,12.967000910508673
2015-12-05,13.633664370096973
2015-12-06,24.605168136335784
2015-12-07,21.844550080032477
2015-12-08,21.585378963558462
2015-12-09,26.345988843060667
2015-12-10,29.78435028376628
2015-12-11,12.26937875825364
2015-12-12,3.67835108357464
2015-12-13,15.312477603737467
2015-12-14,23.008252971720957
2015-12-15,24.4142386382286
2015-12-16,26.19135367923533
2015-12-17,22.64428876363317
2015-12-18,13.656813091526999
2015-12-19,10.309596509559931
2015-12-20,12.253946609395769
2015-12-21,18.26395933052493
2015-12-22,12.028578710117102
2015-12-23,2.7687817533879375
2015-12-24,3.773623555086921
2015-12-25,2.0967808750231853
2015-12-26,10.493839227501997
2015-12-27,7.721384230824022
2015-12-28,13.840909596506535
2015-12-29,8.857737003080995
2015-12-30,8.54945283262774
2015-12-31,4.809703674258966
2016-01-01,5.193491694965122
2016-01-02,3.6292647517419248
2016-01-03,5.967306573481011
2016-01-04,18.065944322618094
2016-01-05,17.686351102509168
2016-01-06,14.979350340096019
2016-01-07,13.935532923160117
2016-01-08,12.307770002405526
2016-01-09,6.3498534022935935
2016-01-10,9.99755832472125
2016-01-11,23.41905376528617
2016-01-12,23.61852247464601
2016-01-13,30.4446092008066
2016-01-14,17.76326502458355
2016-01-15,18.0028838663387
2016-01-16,12.131416873433245
2016-01-17,16.14997120110236
2016-01-18,18.612748634258523
2016-01-19,24.207724875972158
2016-01-20,25.806077368043326
2016-01-21,22.787908496481343
2016-01-22,16.044321082481716
2016-01-23,11.30936805153668
2016-01-24,15.908570246082068
2016-01-25,17.664649800681705
2016-01-26,16.44647452736318
2016-01-27,20.622662214451353
2016-01-28,19.17810910706029
2016-01-29,13.105247442934935
2016-01-30,3.8942157175180903
2016-01-31,16.022028843896862
2016-02-01,14.480163640451948
2016-02-02,20.765100942713424
2016-02-03,13.877809084214743
2016-02-04,17.800576998762637
2016-02-05,10.604526598640831
2016-02-06,10.46040668810307
2016-02-07,8.534676270482692
2016-02-08,18.239453492595175
2016-02-09,15.467277789364271
2016-02-10,14.663551725052987
2016-02-11,13.861292487895728
2016-02-12,21.178774599103622
2016-02-13,13.76323410058902
2016-02-14,10.083447498217634
2016-02-15,17.31901985869068
2016-02-16,24.195563330659372
2016-02-17,18.043920433369507
2016-02-18,19.86312283377835
2016-02-19,10.552575305644517
2016-02-20,9.290360277134479
2016-02-21,17.936170589184844
2016-02-22,20.37524362575108
2016-02-23,24.898709971550357
2016-02-24,25.39998207537796
2016-02-25,15.566833273148681
2016-02-26,5.556047546022043
2016-02-27,10.602800862018
2016-02-28,18.84559080482396
2016-02-29,22.482905004650664
2016-03-01,19.383845413911782
2016-03-02,26.020158884583534
2016-03-03,19.765582513551184
2016-03-04,12.901837774355759
2016-03-05,11.046746791911616
2016-03-06,13.464181149062682
2016-03-07,20.548148636904465
2016-03-08,18.93210695686894
2016-03-09,21.875308435749677
2016-03-10,36.8671891475533
2016-03-11,36.81405098124215
2016-03-12,24.147799960679798
2016-03-13,17.46536449962183
2016-03-14,26.15291189600864
2016-03-15,23.709819163803736
2016-03-16,17.109934454133633
2016-03-17,18.906184448989368
2016-03-18,10.50164073321536
2016-03-19,6.773846038623166
2016-03-20,13.766802099375912
2016-03-21,16.067560205927304
2016-03-22,13.211197150373618
2016-03-23,10.776791453436815
2016-03-24,8.585526498767276
2016-03-25,6.029425779013415
2016-03-26,5.361578697986758
2016-03-27,9.32682036376238
2016-03-28,7.732764366490702
2016-03-29,10.90905075326333
2016-03-30,12.77293418715007
2016-03-31,10.922311414869615
2016-04-01,8.689132111045414
2016-04-02,10.33125380541436
2016-04-03,10.153367172429515
2016-04-04,19.379331243516685
2016-04-05,9.610086588072804
2016-04-06,19.240541661426285
2016-04-07,16.927123364506187
2016-04-08,7.775046180883894
2016-04-09,5.833335839380215
2016-04-10,18.29042043557252
2016-04-11,22.530936622160084
2016-04-12,29.170631033416026
2016-04-13,23.373684815020066
2016-04-14,24.988742718958626
2016-04-15,20.53303164341967
2016-04-16,10.7039364041269
2016-04-17,16.732950274231982
2016-04-18,23.21077840530495
2016-04-19,9.680799540054796
2016-04-20,20.620667471708604
2016-04-21,24.493091096341917
2016-04-22,12.077093409426862
2016-04-23,3.656439599748076
2016-04-24,12.743705539124836
2016-04-25,19.2112745403299
2016-04-26,20.0907907236813
2016-04-27,16.318061062218952
2016-04-28,21.05994929706937
2016-04-29,14.52443593981764
2016-04-30,15.192218602384834
2016-05-01,15.275833513030172
2016-05-02,26.74079697335144
2016-05-03,18.78594630011407
2016-05-04,13.262672380321963
2016-05-05,10.868360027481994
2016-05-06,9.588341998580546
2016-05-07,9.887541502406766
2016-05-08,11.625885521236928
2016-05-09,27.168802774720543
2016-05-10,16.938214840918615
2016-05-11,23.510358805703397
2016-05-12,9.83145084049438
2016-05-13,11.053858019593132
2016-05-14,9.084318769797033
2016-05-15,10.083065625850715
2016-05-16,13.699168396965703
2016-05-17,18.69283182906411
2016-05-18,17.3153357773985
2016-05-19,14.990784349626342
2016-05-20,9.045869089568964
2016-05-21,14.319389127674942
2016-05-22,13.686672881669658
2016-05-23,17.49719875012535
2016-05-24,18.95891547594634
2016-05-25,19.260953576140572
2016-05-26,6.136492962356346
2016-05-27,16.341289746923486
2016-05-28,10.589332652259262
2016-05-29,15.923655083607478
2016-05-30,20.21407568283975
2016-05-31,24.157979266390956
2016-06-01,15.589875162817112
2016-06-02,17.796605826073822
2016-06-03,11.018934815230605
2016-06-04,10.79304607537555
2016-06-05,17.467632017985856
2016-06-06,21.314400789761645
2016-06-07,11.455341379546528
2016-06-08,18.599227887847174
2016-06-09,23.347437390590642
2016-06-10,12.503303376955952
2016-06-11,9.211656948887637
2016-06-12,8.95439818807295
2016-06-13,16.313847731747956
2016-06-14,15.405129224359495
2016-06-15,14.984296460379564
2016-06-16,17.80214510247395
2016-06-17,15.838749771706922
2016-06-18,3.5537755438041074
2016-06-19,15.42902718915487
2016-06-20,16.08190367813745
2016-06-21,16.864280066364504
2016-06-22,18.9474052111099
2016-06-23,10.69627774378435
2016-06-24,17.55650260077069
2016-06-25,9.59417770167164
2016-06-26,6.911271337474332
2016-06-27,11.232184474911175
2016-06-28,16.197006016801446
2016-06-29,15.606759826259651
2016-06-30,19.805987332588167
2016-07-01,12.444888973309013
2016-07-02,7.893315070363446
2016-07-03,13.706267790844052
2016-07-04,10.544837238650231
2016-07-05,12.124258117447646
2016-07-06,18.212068824457194
2016-07-07,12.267732066653686
2016-07-08,12.166949225527276
2016-07-09,10.900108823417504
2016-07-10,8.261571749805121
2016-07-11,19.7520346437899
2016-07-12,13.652409506170617
2016-07-13,17.586883754197206
2016-07-14,13.074759776618933
2016-07-15,10.189373796497211
2016-07-16,7.109776572248958
2016-07-17,3.48727569869574
2016-07-18,9.921123572248906
2016-07-19,12.928547091706807
2016-07-20,9.913725002096303
2016-07-21,13.15837877456837
2016-07-22,2.2148279860078013
2016-07-23,5.756317550403587
2016-07-24,10.097415534244746
2016-07-25,12.899819511874732
2016-07-26,11.427635209974792
2016-07-27,15.778041064998376
2016-07-28,17.194983285906407
2016-07-29,10.331844950414606
2016-07-30,6.4242703108871275
2016-07-31,6.440849388560149
2016-08-01,8.918695022204854
2016-08-02,11.993942566979246
2016-08-03,8.111589856723537
2016-08-04,15.093693286382212
2016-08-05,3.340141797919795
2016-08-06,6.563828695358001
2016-08-07,9.705414351897943
2016-08-08,6.89883078371118
2016-08-09,8.119065073242886
2016-08-10,10.999777292381832
2016-08-11,14.098513377564572
2016-08-12,9.511578753491062
2016-08-13,2.1594107277068666
2016-08-14,6.299654418866073
2016-08-15,6.725620146314828
2016-08-16,12.348336104942344
2016-08-17,5.57820750559614
2016-08-18,8.809035646220373
2016-08-19,4.916148945235921
2016-08-20,4.244088833014526
2016-08-21,3.142015998673177
2016-08-22,17.558441026883106
2016-08-23,11.765803371055032
2016-08-24,10.780548078458065
2016-08-25,12.388329347538232
2016-08-26,8.25927299195132
2016-08-27,4.243662741944085
2016-08-28,7.431577554521208
2016-08-29,12.644129827584774
2016-08-30,16.665600690459353
2016-08-31,15.350424848817724
2016-09-01,14.820091239642764
2016-09-02,6.058414629874193
2016-09-03,5.066502174995232
2016-09-04,7.001403768135866
2016-09-05,9.121066320364523
2016-09-06,10.599953107219505
2016-09-07,12.904360404842265
2016-09-08,14.85409852761045
2016-09-09,6.6142534095841015
2016-09-10,8.751716554955141
2016-09-11,10.796774899577951
2016-09-12,20.264698531683294
2016-09-13,18.287353829253995
2016-09-14,22.29936118166955
2016-09-15,12.812689354766388
2016-09-16,5.867189106358364
2016-09-17,7.158169762260684
2016-09-18,8.626962344666332
2016-09-19,13.43538547019335
2016-09-20,13.795975365656531
2016-09-21,12.888687579453894
2016-09-22,20.792818889729034
2016-09-23,9.684503323522385
2016-09-24,11.571915744900203
2016-09-25,20.169651986895783
2016-09-26,14.230453066397995
2016-09-27,18.34160414826236
2016-09-28,11.968996774627126
2016-09-29,24.596511203162635
2016-09-30,13.799904487041779
2016-10-01,11.348929336553873
2016-10-02,8.9021220011774
2016-10-03,11.910727232214384
2016-10-04,17.778923774698654
2016-10-05,19.741482861409395
2016-10-06,17.348382665590243
2016-10-07,11.13309277117591
2016-10-08,3.420229226830493
2016-10-09,23.413526253513886
2016-10-10,14.75759549779287
2016-10-11,19.858798239631238
2016-10-12,20.313924069917846
2016-10-13,21.004666698984575
2016-10-14,6.278611377041997
2016-10-15,5.58089475981026
2016-10-16,15.812028778403871
2016-10-17,22.54233634491728
2016-10-18,14.923609215379773
2016-10-19,14.226084265113272
2016-10-20,17.162515975214255
2016-10-21,7.478473643973398
2016-10-22,6.476977193078955
2016-10-23,11.583067303041378
2016-10-24,17.493696770836298
2016-10-25,10.648605297162934
2016-10-26,14.589000820542928
2016-10-27,20.752547550162223
2016-10-28,14.687882362756852
2016-10-29,15.883036496393135
2016-10-30,13.838494112596326
2016-10-31,11.488115480830764
2016-11-01,20.33875005691302
2016-11-02,22.39228694735896
2016-11-03,16.951341334797377
2016-11-04,12.307043805505227
2016-11-05,9.153798896160769
2016-11-06,17.028492973957746
2016-11-07,18.940880815518327
2016-11-08,22.07939051708811
2016-11-09,16.17696785108107
2016-11-10,20.259701117224296
2016-11-11,20.12060990877065
2016-11-12,15.759694222989612
2016-11-13,17.637726294892676
2016-11-14,26.63198342628142
2016-11-15,23.87433199865778
2016-11-16,19.51559543855123
2016-11-17,21.92439153014444
2016-11-18,15.409561924170369
2016-11-19,11.993543998354763
2016-11-20,16.254043207207676
2016-11-21,24.34896691411118
2016-11-22,20.256346024051116
2016-11-23,14.419071108727284
2016-11-24,17.34559883089462
2016-11-25,10.349592470365153
2016-11-26,8.89570932146665
2016-11-27,11.356718150768337
2016-11-28,14.945190367034858
2016-11-29,30.0444110029822
2016-11-30,21.01026726449156
2016-12-01,17.79156261641155
2016-12-02,17.689225496734142
2016-12-03,13.070766533767138
2016-12-04,18.885255107481267
2016-12-05,21.168791378626608
2016-12-06,22.54997965135593
2016-12-07,22.456606744753312
2016-12-08,23.44277003850761
2016-12-09,14.532109381795628
2016-12-10,13.15924516099092
2016-12-11,21.37758822296287
2016-12-12,32.59456936340088
2016-12-13,24.455130884120365
2016-12-14,24.660947402342032
2016-12-15,21.43396425761596
2016-12-16,15.432822660724753
2016-12-17,12.933985954612666
2016-12-18,19.32281465725689
2016-12-19,15.480328510584194
2016-12-20,16.224464702846927
2016-12-21,8.400280604662662
2016-12-22,7.028372241021206
2016-12-23,6.684635494464974
2016-12-24,4.740466056218164
2016-12-25,4.545695265430922
2016-12-26,2.46568477118878
2016-12-27,4.157000300831676
2016-12-28,5.590307364364929
2016-12-29,8.00540118961036
2016-12-30,3.8085360063559506
2016-12-31,5.630125696851689
2017-01-01,7.968578939530623
2017-01-02,7.249015724674976
2017-01-03,31.986726289602146
2017-01-04,39.15843201413397
2017-01-05,22.362497923674226
2017-01-06,20.616710365856267
2017-01-07,13.178341493651281
2017-01-08,21.15967349858508
2017-01-09,20.11139665971237
2017-01-10,18.873012526326796
2017-01-11,18.103162312754247
2017-01-12,25.78302779781504
2017-01-13,12.699933931098357
2017-01-14,14.575480706844512
2017-01-15,21.762511510827732
2017-01-16,18.91970749599297
2017-01-17,25.26389469056793
2017-01-18,20.210299929860607
2017-01-19,34.47663814072483
2017-01-20,18.095585321849423
2017-01-21,6.186725514445261
2017-01-22,16.309850740470836
2017-01-23,20.260319512669142
2017-01-24,22.282046261156115
2017-01-25,11.282440032245937
2017-01-26,14.846944640959322
2017-01-27,14.92104208360713
2017-01-28,5.383243426494467
2017-01-29,11.726838034432696
2017-01-30,35.0061921465812
2017-01-31,31.286062384934
2017-02-01,21.72045481935801
2017-02-02,22.61120028749949
2017-02-03,13.209610389734767
2017-02-04,10.252920698865541
2017-02-05,17.92544010620033
2017-02-06,12.476107485867587
2017-02-07,24.971330171085157
2017-02-08,17.165213559353447
2017-02-09,18.425407104565778
2017-02-10,28.906885209759107
2017-02-11,15.638843541645667
2017-02-12,14.497856495948774
2017-02-13,20.545584646381386
2017-02-14,26.76943623765097
2017-02-15,22.786126237414923
2017-02-16,21.729735337788338
2017-02-17,20.04777336926842
2017-02-18,11.687297763751843
2017-02-19,13.316997725154852
2017-02-20,25.179676999640854
2017-02-21,18.521623192151697
2017-02-22,18.35332080004948
2017-02-23,13.260308953377148
2017-02-24,8.982601131119978
2017-02-25,9.162095819525568
2017-02-26,11.47417696180019
2017-02-27,11.5442866160708
2017-02-28,12.54940005383807
2017-03-01,37.96813939564588
2017-03-02,29.172262959451754
2017-03-03,17.234138638550597
2017-03-04,11.90523273930651
2017-03-05,11.826538955380673
2017-03-06,21.869580998970562
2017-03-07,21.279709913659
2017-03-08,22.338647175060572
2017-03-09,23.845341154129347
2017-03-10,15.261532417152516
2017-03-11,10.922353283221856
2017-03-12,20.784909175271434
2017-03-13,24.03121542036514
2017-03-14,23.876990891904608
2017-03-15,25.43639090329675
2017-03-16,17.163822396754362
2017-03-17,13.820597300920856
2017-03-18,11.80356073720094
2017-03-19,17.82727676030232
2017-03-20,12.85928349471083
2017-03-21,15.442864366632055
2017-03-22,23.40837772921731
2017-03-23,17.354220381167544
2017-03-24,19.05429600710874
2017-03-25,9.91167619126324
2017-03-26,15.807086313480625
2017-03-27,24.98939253996851
2017-03-28,21.6512057197254
2017-03-29,23.304633442395584
2017-03-30,34.52142060955738
2017-03-31,18.34017199902662
2017-04-01,5.910742703818606
2017-04-02,14.329985775557724
2017-04-03,23.758902374202926
2017-04-04,26.335521803375315
2017-04-05,16.695345480189193
2017-04-06,20.51643994655842
2017-04-07,9.84380704092531
2017-04-08,2.249159894352765
2017-04-09,9.665527570670296
2017-04-10,9.835635662939602
2017-04-11,15.27366724852795
2017-04-12,13.581670053771724
2017-04-13,8.479029759473523
2017-04-14,15.114494303505829
2017-04-15,11.520441996328383
2017-04-16,7.57649105701439
2017-04-17,9.399557490121904
2017-04-18,15.898859917654722
2017-04-19,16.253012588950806
2017-04-20,20.106191841161262
2017-04-21,17.48639087093969
2017-04-22,13.740226595877726
2017-04-23,19.054285763872564
2017-04-24,17.672985585958997
2017-04-25,20.67699590539018
2017-04-26,17.14062128185321
2017-04-27,28.915252599511916
2017-04-28,21.054161882380647
2017-04-29,9.984635894146173
2017-04-30,8.956986130833286
2017-05-01,16.25806086727804
2017-05-02,20.906353841307375
2017-05-03,26.180169737595225
2017-05-04,21.153813116640503
2017-05-05,19.74815779265212
2017-05-06,11.770656463713657
2017-05-07,23.960354278042352
2017-05-08,17.350304595327735
2017-05-09,23.98146532754795
2017-05-10,22.42862520185239
2017-05-11,22.416428029724155
2017-05-12,10.345869911825705
2017-05-13,7.215982513959599
2017-05-14,11.050842192210435
2017-05-15,22.587051026412215
2017-05-16,18.61719209956652
2017-05-17,23.549733955565863
2017-05-18,14.943190864551305
2017-05-19,9.603344767582382
2017-05-20,4.627405878663765
2017-05-21,15.530696206304789
2017-05-22,12.484809387574664
2017-05-23,14.861545854772004
2017-05-24,9.100645304222898
2017-05-25,7.832521619523675
2017-05-26,13.769226859813983
2017-05-27,11.645782285127673
2017-05-28,14.402550584335298
2017-05-29,10.950557799607992
2017-05-30,20.35165555530973
2017-05-31,20.444504158536684
2017-06-01,15.80084851131981
2017-06-02,11.759729919498149
2017-06-03,13.667765303052896
2017-06-04,10.444284816270883
2017-06-05,13.387877693698279
2017-06-06,8.833973940882494
2017-06-07,12.670430187278061
2017-06-08,12.654268559704146
2017-06-09,9.327899472048696
2017-06-10,2.4976049198216863
2017-06-11,12.54251895570049
2017-06-12,7.8528106651785805
2017-06-13,12.798204991331545
2017-06-14,14.709544452302431
2017-06-15,15.29154748730128
2017-06-16,13.614367671211454
2017-06-17,10.214454867099352
2017-06-18,14.390273280221077
2017-06-19,13.387947586713484
2017-06-20,10.455979706182188
2017-06-21,17.69727449142595
2017-06-22,15.301930793980965
2017-06-23,17.101414122393717
2017-06-24,7.830745736788295
2017-06-25,14.959138648856474
2017-06-26,13.661632729751954
2017-06-27,10.447152921497299
2017-06-28,11.088495754894652
2017-06-29,14.384609603091942
2017-06-30,9.642260627032098
2017-07-01,11.932709563203527
2017-07-02,10.45426681320351
2017-07-03,7.779779633410602
2017-07-04,13.875294279420334
2017-07-05,17.108789660536228
2017-07-06,14.926168397182341
2017-07-07,11.666713784636457
2017-07-08,7.679118231695803
2017-07-09,6.256587812108613
2017-07-10,6.998680337931553
2017-07-11,15.988141144830237
2017-07-12,8.97147609304906
2017-07-13,18.648284310894073
2017-07-14,11.931530660935628
2017-07-15,4.279911888049934
2017-07-16,12.081971156739328
2017-07-17,14.757317340062095
2017-07-18,7.9517657565557975
2017-07-19,8.75124438561327
2017-07-20,7.9109340069739105
2017-07-21,16.01975876329853
2017-07-22,9.637840132916562
2017-07-23,6.199798504552287
2017-07-24,9.097459126293298
2017-07-25,16.354898353487396
2017-07-26,15.225471502636719
2017-07-27,14.039052758989655
2017-07-28,12.64066771971315
2017-07-29,4.17269903244528
2017-07-30,14.2446668658818
2017-07-31,11.396409963172271
2017-08-01,13.51555081539722
2017-08-02,9.73159112373163
2017-08-03,17.982818086453335
2017-08-04,5.816995565263113
2017-08-05,9.97497828886948
2017-08-06,6.629451725612327
2017-08-07,8.461547533781332
2017-08-08,14.61890649727733
2017-08-09,7.55067742384303
2017-08-10,11.74281605922927
2017-08-11,11.775369260384949
2017-08-12,10.941543100167255
2017-08-13,7.9240551483762545
2017-08-14,7.880210258790434
2017-08-15,20.03098543526985
2017-08-16,10.228366933365777
2017-08-17,11.753107893050096
2017-08-18,7.608688644173469
2017-08-19,13.28956925480373
2017-08-20,6.020472972522018
2017-08-21,11.074374176077708
2017-08-22,11.13288328005202
2017-08-23,18.516465359442687
2017-08-24,13.543371176121571
2017-08-25,2.4900640687713533
2017-08-26,8.641448155885566
2017-08-27,6.814182877422745
2017-08-28,14.944690978953645
2017-08-29,12.305145996941615
2017-08-30,14.121783072589086
2017-08-31,15.533770432720154
2017-09-01,8.363228020168325
2017-09-02,5.66318884406358
2017-09-03,11.474908495937704
2017-09-04,14.08163685221238
2017-09-05,16.32059760630712
2017-09-06,17.211279629984553
2017-09-07,14.274092466493975
2017-09-08,8.012702928003861
2017-09-09,11.638678906862879
2017-09-10,9.577092858494932
2017-09-11,11.922123795797859
2017-09-12,15.031873235818175
2017-09-13,30.76188304499657
2017-09-14,18.50885951751248
2017-09-15,8.70143071665997
2017-09-16,9.076395706500453
2017-09-17,11.437992766154306
2017-09-18,11.817285980484986
2017-09-19,15.972170494605876
2017-09-20,19.700455753540098
2017-09-21,19.059235299782276
2017-09-22,11.419904827564142
2017-09-23,9.60659622480577
2017-09-24,5.8318457151684555
2017-09-25,10.407512502110265
2017-09-26,17.793261659531865
2017-09-27,15.397422909415575
2017-09-28,17.3614105653176
2017-09-29,11.674708358937444
2017-09-30,4.911807331104189
2017-10-01,3.7693898763841744
2017-10-02,15.288559010185832
2017-10-03,15.972810949504716
2017-10-04,13.475497001795674
2017-10-05,15.581100665197848
2017-10-06,8.592268894219398
2017-10-07,8.781314053677413
2017-10-08,12.002670849584039
2017-10-09,18.096070530190037
2017-10-10,9.510661907985426
2017-10-11,16.04027404311197
2017-10-12,16.76336247110509
2017-10-13,20.281006583136396
2017-10-14,3.8894562739390004
2017-10-15,14.963194568408692
2017-10-16,18.73249862637677
2017-10-17,23.84315199196952
2017-10-18,20.88940048960902
2017-10-19,16.16856939558406
2017-10-20,9.67469815820294
2017-10-21,9.785345393740599
2017-10-22,8.790534529708886
2017-10-23,18.43636654849352
2017-10-24,6.178216725115103
2017-10-25,18.740867698349128
2017-10-26,12.227819692773071
2017-10-27,18.447569018141866
2017-10-28,5.746593766252936
2017-10-29,8.296749899434037
2017-10-30,18.380631359897734
2017-10-31,10.734430108440002
2017-11-01,14.898651663909607
2017-11-02,18.401517713053252
2017-11-03,17.201772657249116
2017-11-04,7.383332533443394
2017-11-05,10.78566712008918
2017-11-06,18.016084286610177
2017-11-07,19.272453015043748
2017-11-08,17.111850962663535
2017-11-09,19.476716305770797
2017-11-10,5.987914991692598
2017-11-11,3.9209420266806596
2017-11-12,16.53025988418278
2017-11-13,17.755667523062876
2017-11-14,20.72826535564783
2017-11-15,18.8527004073743
2017-11-16,15.991411656841251
2017-11-17,12.966955551923295
2017-11-18,8.313035813319015
2017-11-19,12.92852539258837
2017-11-20,20.269493681263114
2017-11-21,13.732817571195067
2017-11-22,20.86519727672815
2017-11-23,26.67285926310502
2017-11-24,16.31700439901832
2017-11-25,7.580945482130485
2017-11-26,16.27207166343287
2017-11-27,17.5719925659884
2017-11-28,24.22735287235601
2017-11-29,20.740712237792405
2017-11-30,18.91694781859863
2017-12-01,11.10568858159974
2017-12-02,12.70942354324518
2017-12-03,13.201814376495413
2017-12-04,25.149028756786905
2017-12-05,22.49152468989618
2017-12-06,17.472280046542316
2017-12-07,15.980322159127926
2017-12-08,16.930830201509565
2017-12-09,2.811696587271342
2017-12-10,14.071240613363393
2017-12-11,19.555792244654153
2017-12-12,30.113559720532226
2017-12-13,23.893152159150986
2017-12-14,24.450678881689015
2017-12-15,5.97694115815024
2017-12-16,9.325575962357306
2017-12-17,15.255915049038546
2017-12-18,23.65410441531054
2017-12-19,18.036232032154025
2017-12-20,10.883697930076583
2017-12-21,7.078195819243248
2017-12-22,14.019753464434782
2017-12-23,5.014029871239931
2017-12-24,-0.1797385212971534
2017-12-25,10.999201381115725
2017-12-26,7.9046612941166146
2017-12-27,13.007929720693834
2017-12-28,14.066028786467434
2017-12-29,16.848774741783537
2017-12-30,13.899514563501299
2017-12-31,9.68270317751163
2018-01-01,13.433770815670854
2018-01-02,14.469589500675458
2018-01-03,19.734204619157477
2018-01-04,17.28266599787319
2018-01-05,13.135133154576419
2018-01-06,12.173299797882848
2018-01-07,14.087217122728578
2018-01-08,17.955382807690956
2018-01-09,20.678308784178057
2018-01-10,24.73558550811399
2018-01-11,23.92823683968602
2018-01-12,15.00180030966763
2018-01-13,3.940672109230018
2018-01-14,16.27390493244532
2018-01-15,18.166534108180187
2018-01-16,26.570375154058194
2018-01-17,19.74132715404432
2018-01-18,16.544543452132356
2018-01-19,15.311068932349961
2018-01-20,11.951963565974282
2018-01-21,19.678795248317122
2018-01-22,17.385890624742867
2018-01-23,15.805227133303525
2018-01-24,15.556702386843313
2018-01-25,20.747138078424335
2018-01-26,14.523067834255507
2018-01-27,3.9745706094010025
2018-01-28,12.323964707356577
2018-01-29,21.51029503389764
2018-01-30,17.630569435479742
2018-01-31,23.93094842897726
2018-02-01,14.26844226290127
2018-02-02,12.0638348092448
2018-02-03,12.954000555882626
2018-02-04,13.362607114759225
2018-02-05,18.00619054469324
2018-02-06,33.85859899939662
2018-02-07,19.38669235369596
2018-02-08,18.913149995971775
2018-02-09,17.405454790241205
2018-02-10,2.310680057195576
2018-02-11,7.5682201527894435
2018-02-12,13.43346586957906
2018-02-13,16.66387584125682
2018-02-14,33.841711238322254
2018-02-15,17.04411807017585
2018-02-16,9.508954898457159
2018-02-17,11.933606539961914
2018-02-18,18.5273948045391
2018-02-19,17.57102669964604
2018-02-20,15.379709164079692
2018-02-21,25.513702502993098
2018-02-22,17.32681843099404
2018-02-23,18.288269962668345
2018-02-24,7.321538226481557
2018-02-25,13.484323870375775
2018-02-26,17.1783493419442
2018-02-27,21.544826591974104
2018-02-28,17.142238115729374
2018-03-01,18.433868140456145
2018-03-02,16.656143645301963
2018-03-03,10.628874940283403
2018-03-04,17.16678480020379
2018-03-05,19.785937403122208
2018-03-06,17.395551371503007
2018-03-07,20.45639893669026
2018-03-08,17.655348648880878
2018-03-09,14.648966231281236
2018-03-10,9.190122835964644
2018-03-11,15.304001975423432
2018-03-12,22.10767776739314
2018-03-13,20.922583618395535
2018-03-14,27.579950899069907
2018-03-15,23.97161661775572
2018-03-16,11.355257667756687
2018-03-17,6.536655989425835
2018-03-18,14.728316040450157
2018-03-19,21.060240568595574
2018-03-20,14.103067320473556
2018-03-21,17.45164922096747
2018-03-22,17.58446957139946
2018-03-23,10.743399084986411
2018-03-24,11.03110847752636
2018-03-25,10.15646716296605
2018-03-26,18.36964081504125
2018-03-27,13.470546136085538
2018-03-28,14.792239958725343
2018-03-29,15.462203544203115
2018-03-30,8.941709179183738
2018-03-31,8.853602980613969
2018-04-01,8.712802219719432
2018-04-02,12.65400169752813
2018-04-03,13.393404449066377
2018-04-04,16.2001401944841
2018-04-05,12.085693531768943
2018-04-06,10.038579861482098
2018-04-07,8.354080745400566
2018-04-08,14.47096755010469
2018-04-09,18.16008745122004
2018-04-10,23.450774937650706
2018-04-11,23.524156259619925
2018-04-12,24.889156359839593
2018-04-13,12.096019327375231
2018-04-14,7.8544558193074
2018-04-15,14.036079785499648
2018-04-16,18.14012881098865
2018-04-17,26.893088058384798
2018-04-18,33.935046432729415
2018-04-19,15.55492020682713
2018-04-20,11.154951456905804
2018-04-21,9.422008731932117
2018-04-22,17.484914590507422
2018-04-23,16.4118991069843
2018-04-24,21.77788982905804
2018-04-25,16.41947157603076
2018-04-26,22.30426603307233
2018-04-27,16.534805094100545
2018-04-28,7.360495464251308
2018-04-29,7.077960001256351
2018-04-30,15.206210017673758
2018-05-01,18.384663766066783
2018-05-02,23.215717923542474
2018-05-03,25.45843833273742
2018-05-04,9.964077056226635
2018-05-05,10.943233655642736
2018-05-06,8.094261279357355
2018-05-07,21.97634173407512
2018-05-08,19.657414283731704
2018-05-09,13.341713201138742
2018-05-10,12.792625904158541
2018-05-11,10.106457815628563
2018-05-12,7.065414578179997
2018-05-13,21.46174981614541
2018-05-14,18.525645375029814
2018-05-15,15.59039222575576
2018-05-16,23.8946148953411
2018-05-17,13.265989143916595
2018-05-18,16.055421690094587
2018-05-19,2.469083471304689
2018-05-20,11.67675495987476
2018-05-21,15.470599125264396
2018-05-22,19.04225847893567
2018-05-23,15.534115673584456
2018-05-24,17.266635780018266
2018-05-25,12.384276936422395
2018-05-26,15.49337666574837
2018-05-27,13.653572282176606
2018-05-28,11.366170021526916
2018-05-29,19.270758737152665
2018-05-30,17.7571158369716
2018-05-31,19.18146972088664
2018-06-01,11.271039745736482
2018-06-02,8.971368788351723
2018-06-03,8.718045571195198
2018-06-04,26.444422840085572
2018-06-05,21.23725808493733
2018-06-06,16.96260943688601
2018-06-07,16.177554552298943
2018-06-08,12.993066100932321
2018-06-09,6.866733671389371
2018-06-10,11.048868756779353
2018-06-11,18.455044754135997
2018-06-12,18.123802897788213
2018-06-13,19.550305674841205
2018-06-14,21.667613925395667
2018-06-15,12.28639475880863
2018-06-16,10.319485951710712
2018-06-17,11.344156452672358
2018-06-18,12.895552379821133
2018-06-19,14.392519720919555
2018-06-20,14.130340036526274
2018-06-21,18.540451071298456
2018-06-22,11.35054046212054
2018-06-23,5.617201699225976
2018-06-24,9.747796169509192
2018-06-25,15.381868805773056
2018-06-26,13.763365810871976
2018-06-27,10.530971248845558
2018-06-28,16.827940783499862
2018-06-29,11.75359188728705
2018-06-30,10.274875602981922
2018-07-01,6.061683603420583
2018-07-02,12.66190156505248
2018-07-03,23.256655735568
2018-07-04,23.355839392420272
2018-07-05,18.46104385780676
2018-07-06,8.417294729834811
2018-07-07,5.0801338706818235
2018-07-08,15.26843503241221
2018-07-09,15.019620356534684
2018-07-10,11.385025201169183
2018-07-11,14.902908999964296
2018-07-12,16.042345940437507
2018-07-13,13.122459800901328
2018-07-14,3.243441070350878
2018-07-15,4.260129192916002
2018-07-16,12.512953639525911
2018-07-17,13.085628073813034
2018-07-18,10.007486990102821
2018-07-19,11.065994159698214
2018-07-20,12.11558429065758
2018-07-21,8.545768879429739
2018-07-22,11.55344857710882
2018-07-23,9.553276200952926
2018-07-24,19.243743722892788
2018-07-25,14.279202558391765
2018-07-26,19.106864848922687
2018-07-27,8.355632585528765
2018-07-28,5.417699856892156
2018-07-29,7.417099368818878
2018-07-30,17.512057583244292
2018-07-31,13.338575971345334
2018-08-01,15.430762988298135
2018-08-02,14.801199324733227
2018-08-03,13.30957782164503
2018-08-04,7.778923207167551
2018-08-05,11.459546977185193
2018-08-06,11.224997741277596
2018-08-07,9.3224043493525
2018-08-08,6.759100422602259
2018-08-09,12.136165355085463
2018-08-10,29.79288244196777
2018-08-11,17.85635997995376
2018-08-12,9.920280196676957
2018-08-13,23.949108397524164
2018-08-14,22.48076282738584
2018-08-15,17.844649388999265
2018-08-16,10.8156401007236
2018-08-17,10.653455569570172
2018-08-18,10.2680168359677
2018-08-19,15.315889627221674
2018-08-20,18.169669664169362
2018-08-21,30.646155210056634
2018-08-22,26.32221047696339
2018-08-23,20.30783980133168
2018-08-24,13.804094808616233
2018-08-25,11.886387213201616
2018-08-26,4.433696359136004
2018-08-27,16.090184905766378
2018-08-28,10.329578072518421
2018-08-29,19.475960086551805
2018-08-30,24.789349236269345
2018-08-31,15.499024484335843
2018-09-01,10.511863050976263
2018-09-02,10.75249261059536
2018-09-03,20.46659346884229
2018-09-04,17.647800337522373
2018-09-05,17.793553562232987
2018-09-06,10.908004118958367
2018-09-07,15.975516432082733
2018-09-08,10.21485319166079
2018-09-09,11.370583595423852
2018-09-10,16.90286747666282
2018-09-11,17.787426109788097
2018-09-12,16.581337153003698
2018-09-13,24.26394103480918
2018-09-14,14.29885144207245
2018-09-15,12.1793577419162
2018-09-16,10.970355378696555
2018-09-17,16.839036907291945
2018-09-18,21.416784541771666
2018-09-19,20.015622575248216
2018-09-20,16.12247508700068
2018-09-21,14.89024099171337
2018-09-22,9.96496974868368
2018-09-23,14.945665258650747
2018-09-24,15.509419379393842
2018-09-25,22.194491546632374
2018-09-26,20.11737847510264
2018-09-27,25.508668648047554
2018-09-28,12.690295525109931
2018-09-29,8.377462039651723
2018-09-30,17.18363697036515
2018-10-01,16.44386612454048
2018-10-02,9.679927730180854
2018-10-03,37.340141090676745
2018-10-04,19.22525241733475
2018-10-05,17.634971902605344
2018-10-06,11.415293469951344
2018-10-07,13.11914380199175
2018-10-08,15.477654039151153
2018-10-09,26.08456995153294
2018-10-10,23.773964358258524
2018-10-11,22.910772350465475
2018-10-12,13.594513768306589
2018-10-13,9.057618445360795
2018-10-14,15.287462853013338
2018-10-15,13.023066775186287
2018-10-16,15.070680434289569
2018-10-17,16.703584526356238
2018-10-18,15.287214191100011
2018-10-19,13.998544700532525
2018-10-20,9.854318788567317
2018-10-21,9.208486994833473
2018-10-22,16.684060641787646
2018-10-23,12.676777693216506
2018-10-24,15.434874152661557
2018-10-25,16.89074021281745
2018-10-26,10.109271318497658
2018-10-27,10.289880114113522
2018-10-28,13.176731061227908
2018-10-29,13.23399293492549
2018-10-30,19.69754412667553
2018-10-31,17.311346727307846
2018-11-01,19.364455833362243
2018-11-02,12.955654466295
2018-11-03,8.158278853126248
2018-11-04,12.023664350154657
2018-11-05,20.58607370191429
2018-11-06,23.965888686275758
2018-11-07,21.620698894014247
2018-11-08,20.48560887882674
2018-11-09,16.641554398023587
2018-11-10,8.473225325581987
2018-11-11,12.863890806026143
2018-11-12,17.075702247747586
2018-11-13,31.122390337607072
2018-11-14,27.376787383380403
2018-11-15,19.750826370339016
2018-11-16,20.171575808689582
2018-11-17,9.69341488016415
2018-11-18,10.865119285612531
2018-11-19,18.272579157106467
2018-11-20,17.503174973638057
2018-11-21,20.761141007449883
2018-11-22,16.42339699834172
2018-11-23,11.463791104707255
2018-11-24,10.173922189022091
2018-11-25,16.684454157352047
2018-11-26,18.538748885076792
2018-11-27,24.606110693861083
2018-11-28,24.050252446250454
2018-11-29,21.237279936586667
2018-11-30,7.399218257114683
2018-12-01,5.245778070176714
2018-12-02,14.96488962477641
2018-12-03,17.150378286037245
2018-12-04,24.587632338168696
2018-12-05,18.059825753438965
2018-12-06,19.22463141399217
2018-12-07,10.06627492039158
2018-12-08,8.949223078279738
2018-12-09,15.813870350304482
2018-12-10,25.44711920101956
2018-12-11,26.246751310663264
2018-12-12,18.606163241764158
2018-12-13,18.2075725124153
2018-12-14,13.535188835182858
2018-12-15,13.184131049177175
2018-12-16,7.274780932678869
2018-12-17,22.287524246370438
2018-12-18,20.79604255482127
2018-12-19,17.212955380545225
2018-12-20,12.46810914412195
2018-12-21,14.503942022742065
2018-12-22,6.660705644052044
2018-12-23,8.58140564719672
2018-12-24,11.1446923991793
2018-12-25,6.7717215165102225
2018-12-26,9.490656788147845
2018-12-27,9.001660941713123
2018-12-28,19.928953159144
2018-12-29,15.619916327919062
2018-12-30,10.078872019748342
2018-12-31,10.00446140573432
2019-01-01,8.539067132577056
2019-01-02,17.739200193414206
2019-01-03,13.661315250817154
2019-01-04,14.824853520635974
2019-01-05,12.357530403070324
2019-01-06,14.356758477849963
2019-01-07,18.617598700633444
2019-01-08,26.931197538456004
2019-01-09,17.25840665473967
2019-01-10,13.623238862043685
2019-01-11,15.632297598501754
2019-01-12,9.266359903358806
2019-01-13,12.252113313467717
2019-01-14,15.803611320385576
2019-01-15,24.951561485004085
2019-01-16,21.21526619460531
2019-01-17,15.714138898321295
2019-01-18,15.073335340709741
2019-01-19,9.18077570117021
2019-01-20,11.751694680084471
2019-01-21,15.3907090714023
2019-01-22,16.300945989857315
2019-01-23,20.496604398862004
2019-01-24,19.924975873644435
2019-01-25,18.60943435082762
2019-01-26,7.036935677358411
2019-01-27,14.318825490849003
2019-01-28,21.561305244308087
2019-01-29,21.99616589590545
2019-01-30,22.409498151273855
2019-01-31,19.85678834419518
2019-02-01,17.63124254968213
2019-02-02,8.945381452371487
2019-02-03,12.822313076536297
2019-02-04,13.614374479402892
2019-02-05,24.10695394474331
2019-02-06,21.053890955986205
2019-02-07,19.845335884872576
2019-02-08,20.09087244701238
2019-02-09,7.0709125919931886
2019-02-10,18.408473033447134
2019-02-11,15.18180561966934
2019-02-12,25.30120435756718
2019-02-13,18.99966267501688
2019-02-14,18.065985642873443
2019-02-15,16.68863313096451
2019-02-16,10.838270650983677
2019-02-17,13.958927700807152
2019-02-18,15.63820815088101
2019-02-19,23.70231937393684
2019-02-20,27.264309529181872
2019-02-21,21.519972107847046
2019-02-22,18.482803656699318
2019-02-23,3.159030639784051
2019-02-24,14.962816243809748
2019-02-25,18.23850285916794
2019-02-26,20.138755261543576
2019-02-27,19.969168911463584
2019-02-28,16.606179383001272
2019-03-01,18.135278150974187
2019-03-02,7.399194906647059
2019-03-03,18.802247216863837
2019-03-04,21.818215564743618
2019-03-05,16.563330750165875
2019-03-06,15.629263055187787
2019-03-07,20.720730918156363
2019-03-08,11.264882280367159
2019-03-09,9.053502487801515
2019-03-10,14.038907109813687
2019-03-11,22.600879784009916
2019-03-12,11.648234396514065
2019-03-13,25.381458977380746
2019-03-14,15.603514053181215
2019-03-15,11.02340786246017
2019-03-16,7.185626308380494
2019-03-17,16.72058327062129
2019-03-18,18.221496558200407
2019-03-19,21.80044599604163
2019-03-20,17.965249373957974
2019-03-21,24.034296275738576
2019-03-22,13.042040501871575
2019-03-23,-1.7224628520540541
2019-03-24,12.303292600617453
2019-03-25,14.949604080433275
2019-03-26,24.8581041544824
2019-03-27,23.616641585007624
2019-03-28,27.881984462503134
2019-03-29,16.92630632718778
2019-03-30,10.392612817364055
2019-03-31,10.295571176035164
2019-04-01,21.46701886275635
2019-04-02,19.30025750807913
2019-04-03,21.036189498161946
2019-04-04,15.090478171066684
2019-04-05,11.536459755457452
2019-04-06,6.151081753975987
2019-04-07,13.07575848291208
2019-04-08,17.663491017752083
2019-04-09,20.617624728465614
2019-04-10,25.049568791580242
2019-04-11,17.002686065313384
2019-04-12,14.966614990808445
2019-04-13,3.0952228182165626
2019-04-14,7.462952925634216
2019-04-15,18.468765445174796
2019-04-16,11.587961028080834
2019-04-17,19.365164400771324
2019-04-18,12.084033701323284
2019-04-19,7.024214915295792
2019-04-20,9.958504570972263
2019-04-21,12.866977288094699
2019-04-22,8.061691645740092
2019-04-23,11.11757519087557
2019-04-24,14.986272842118822
2019-04-25,20.195293627900515
2019-04-26,13.559892145185906
2019-04-27,12.57131404677251
2019-04-28,9.021876502283405
2019-04-29,16.093290430959904
2019-04-30,17.745705076400235
2019-05-01,16.032531282809245
2019-05-02,20.44951013990616
2019-05-03,21.930639043595598
2019-05-04,10.286350968931165
2019-05-05,18.913629859301277
2019-05-06,18.858781962356893
2019-05-07,17.09565543322823
2019-05-08,19.468573450401607
2019-05-09,13.889532541687586
2019-05-10,14.303248743461243
2019-05-11,4.932135671918147
2019-05-12,13.65072400961801
2019-05-13,13.209518709076834
2019-05-14,15.967728446863768
2019-05-15,18.322198343089575
2019-05-16,22.52005724615378
2019-05-17,10.8942231644908
2019-05-18,8.046882644204551
2019-05-19,12.467035252570936
2019-05-20,13.795620307573813
2019-05-21,13.156202233441613
2019-05-22,22.28809209403042
2019-05-23,15.063201519091503
2019-05-24,9.443659927154703
2019-05-25,6.570913404278887
2019-05-26,16.238152136751594
2019-05-27,17.04699045460641
2019-05-28,16.04876371236778
2019-05-29,18.086422020476903
2019-05-30,7.313832624806034
2019-05-31,6.89966884122491
2019-06-01,3.9423115820400643
2019-06-02,10.06327683912279
2019-06-03,19.143571414310436
2019-06-04,11.73390767469181
2019-06-05,22.626039195712515
2019-06-06,17.648110015244534
2019-06-07,11.528649016495837
2019-06-08,9.304324309793927
2019-06-09,2.4306817681666892
2019-06-10,8.392405361699584
2019-06-11,13.81103168689631
2019-06-12,21.57742942134266
2019-06-13,22.470621561877117
2019-06-14,12.500017217448272
2019-06-15,5.225876690952042
2019-06-16,12.038818637496092
2019-06-17,16.538244223671143
2019-06-18,21.97861592392895
2019-06-19,12.242595778767265
2019-06-20,8.135497452228426
2019-06-21,12.640578209275079
2019-06-22,16.635210187032705
2019-06-23,8.028409638167801
2019-06-24,14.202360941100405
2019-06-25,15.859770587511248
2019-06-26,13.179455199245023
2019-06-27,18.00205525433558
2019-06-28,12.0793347461714
2019-06-29,7.1893483371341915
2019-06-30,13.986586265177916
2019-07-01,15.853197359115585
2019-07-02,15.461794823455774
2019-07-03,16.764225948511523
2019-07-04,13.290309387890597
2019-07-05,10.580380065306835
2019-07-06,6.929719543264552
2019-07-07,12.593460942558025
2019-07-08,13.783575719469864
2019-07-09,17.217608207147713
2019-07-10,17.781403091570056
2019-07-11,13.335121496358823
2019-07-12,10.852611576100228
2019-07-13,7.893026474165424
2019-07-14,9.338059902582131
2019-07-15,16.06903284081272
2019-07-16,14.022018179252045
2019-07-17,11.21694129611174
2019-07-18,11.876854682106083
2019-07-19,12.321116259185368
2019-07-20,9.566468758885463
2019-07-21,13.57001760313713
2019-07-22,15.046110876347031
2019-07-23,11.580724216754266
2019-07-24,12.20409690216702
2019-07-25,14.496244016650545
2019-07-26,9.677269550561183
2019-07-27,5.224688469636803
2019-07-28,7.531194915959457
2019-07-29,8.297584205672983
2019-07-30,14.032781282317549
2019-07-31,15.322091137800406
2019-08-01,15.574950645768702
2019-08-02,10.996612270564892
2019-08-03,2.749384035347962
2019-08-04,4.664731449668016
2019-08-05,9.643916727528843
2019-08-06,15.323580215648196
2019-08-07,10.989626135350594
2019-08-08,12.899465468088417
2019-08-09,11.110894172941105
2019-08-10,9.867826685302749
2019-08-11,8.201672982310528
2019-08-12,8.334960350188885
2019-08-13,21.735794644802148
2019-08-14,20.12134723527612
2019-08-15,12.867569531824781
2019-08-16,10.590208170628172
2019-08-17,10.3834930863604
2019-08-18,8.799243801610826
2019-08-19,13.30175442619451
2019-08-20,16.568484395763306
2019-08-21,14.763817224516185
2019-08-22,16.12821878990244
2019-08-23,6.9822177101576255
2019-08-24,11.272339594082892
2019-08-25,12.1957827761071
2019-08-26,13.834457494568792
2019-08-27,11.57787524645657
2019-08-28,15.150679849997168
2019-08-29,14.78948388483687
2019-08-30,13.748749826681419
2019-08-31,4.3572447037657565
2019-09-01,4.824460920620684
2019-09-02,18.82984805896387
2019-09-03,13.208883781975647
2019-09-04,21.00985962369227
2019-09-05,16.790150926224108
2019-09-06,8.954138800840889
2019-09-07,4.004787637400488
2019-09-08,8.98747223740285
2019-09-09,10.90263936030138
2019-09-10,15.192274787583973
2019-09-11,13.5294846088856
2019-09-12,29.830991667456903
2019-09-13,17.217038915896147
2019-09-14,13.888816808214521
2019-09-15,10.470373932749272
2019-09-16,17.70931333314946
2019-09-17,19.333322643779887
2019-09-18,16.50470989280751
2019-09-19,21.931376161558973
2019-09-20,10.665422772578538
2019-09-21,6.602710626430353
2019-09-22,11.763867523556115
2019-09-23,18.326483507918788
2019-09-24,15.954957980769107
2019-09-25,22.24484628775097
2019-09-26,17.38922755771205
2019-09-27,10.445163561185625
2019-09-28,7.534143235318357
2019-09-29,10.554603020149921
2019-09-30,11.267355702216667
2019-10-01,12.306966140651095
2019-10-02,16.46752946220921
2019-10-03,17.240120722332648
2019-10-04,13.849867904451294
2019-10-05,2.747261113430497
2019-10-06,10.665384944350427
2019-10-07,16.984119476259607
2019-10-08,14.336219989930068
2019-10-09,14.452056715185451
2019-10-10,19.54001490277947
2019-10-11,11.965795604789609
2019-10-12,7.459300773682976
2019-10-13,6.75665882380234
2019-10-14,13.959485461078618
2019-10-15,22.868804547224837
2019-10-16,16.514918905419563
2019-10-17,13.61098775210099
2019-10-18,11.832395034986849
2019-10-19,3.1592153753125167
2019-10-20,12.280063354797813
2019-10-21,17.655608058189785
2019-10-22,22.143935120537513
2019-10-23,18.84272303350155
2019-10-24,16.940165756529197
2019-10-25,12.913575887631708
2019-10-26,7.537825443236061
2019-10-27,14.334431123815904
2019-10-28,19.153874654561413
2019-10-29,24.204541282287515
2019-10-30,19.374351183455605
2019-10-31,12.993178542164395
2019-11-01,13.390897545634246
2019-11-02,7.157376715252314
2019-11-03,9.480107591540772
2019-11-04,21.4028257278556
2019-11-05,22.230487710483636
2019-11-06,20.880082290868543
2019-11-07,16.09989313399762
2019-11-08,10.178772966175481
2019-11-09,15.416324926095603
2019-11-10,9.841947044047583
2019-11-11,21.79759130696037
2019-11-12,21.063249038278364
2019-11-13,19.765667310153976
2019-11-14,20.384436578278745
2019-11-15,13.46611823107466
2019-11-16,10.285100120049671
2019-11-17,17.040358384096308
2019-11-18,18.07829286620781
2019-11-19,23.162290984256675
2019-11-20,17.241953942625535
2019-11-21,16.02036120011236
2019-11-22,11.701108147741898
2019-11-23,9.89903663652699
2019-11-24,12.840413578354259
2019-11-25,10.135171672627015
2019-11-26,17.22412600131976
2019-11-27,23.414042727263364
2019-11-28,21.34363768654157
2019-11-29,15.584655780673858
2019-11-30,6.330815013978507
2019-12-01,19.036661153035503
2019-12-02,19.292999836955005
2019-12-03,15.27473084834492
2019-12-04,19.385767015501788
2019-12-05,20.7033931727515
2019-12-06,13.147844264133298
2019-12-07,8.842887079752472
2019-12-08,13.394422636674069
2019-12-09,14.250516255664666
2019-12-10,18.417799138807236
2019-12-11,13.924498618321305
2019-12-12,18.205235084427528
2019-12-13,17.46728662781144
2019-12-14,15.35255173124095
2019-12-15,13.643236033989348
2019-12-16,18.311662339658128
2019-12-17,14.712749523711585
2019-12-18,13.462244222353268
2019-12-19,21.54591569718975
2019-12-20,7.685756947164338
2019-12-21,9.200796430701145
2019-12-22,12.393681106643966
2019-12-23,9.861367626712548
2019-12-24,11.328499807194937
2019-12-25,8.992712490885172
2019-12-26,8.665545805200788
2019-12-27,12.516641400653615
2019-12-28,13.339689515376664
2019-12-29,13.536793402564044
2019-12-30,15.132793244970072
2019-12-31,12.54861051761225
2020-01-01,10.472220922921604
2020-01-02,16.06789221319817
2020-01-03,15.867752671678828
2020-01-04,16.12144314428949
2020-01-05,19.526114307619334
2020-01-06,18.620881174825357
2020-01-07,19.914668689667607
2020-01-08,13.495075584957863
2020-01-09,20.519088210093145
2020-01-10,10.784579552056377
2020-01-11,11.8382498260208
2020-01-12,13.955455215617743
2020-01-13,19.623201822007605
2020-01-14,20.317897456455423
2020-01-15,19.3327481932025
2020-01-16,17.365138846598505
2020-01-17,16.352249460109718
2020-01-18,10.098084172391168
2020-01-19,18.448307458047985
2020-01-20,17.399412214240964
2020-01-21,22.579970975233287
2020-01-22,21.937743594295092
2020-01-23,12.736835796072484
2020-01-24,13.177799154825315
2020-01-25,9.676531153409481
2020-01-26,12.345111616025818
2020-01-27,16.074652857113463
2020-01-28,18.1143592136753
2020-01-29,17.418153465427338
2020-01-30,14.489702420160459
2020-01-31,11.84734013736825
2020-02-01,10.88583624456085
2020-02-02,13.018143704287459
2020-02-03,15.67979326014516
2020-02-04,15.383860833711859
2020-02-05,15.420572222538352
2020-02-06,15.003134300913922
2020-02-07,14.015316267229627
2020-02-08,9.798711045256065
2020-02-09,9.619233934210781
2020-02-10,13.929878337327585
2020-02-11,15.834283297426625
2020-02-12,14.208884389496788
2020-02-13,19.824402654465292
2020-02-14,15.982346120614286
2020-02-15,12.911025414765234
2020-02-16,11.617774160909347
2020-02-17,13.732255621559597
2020-02-18,18.619670798148157
2020-02-19,17.023279361523205
2020-02-20,13.663840064982978
2020-02-21,14.335011373721667
2020-02-22,8.653508257192218
2020-02-23,13.168808836872348
2020-02-24,15.4194443789203
2020-02-25,13.778183643673447
2020-02-26,17.07856762924347
2020-02-27,16.68077334321753
2020-02-28,15.878006858310748
2020-02-29,15.173934987076795
2020-03-01,16.854430179325075
2020-03-02,20.345421221076606
2020-03-03,19.278056184350625
2020-03-04,20.572538238920856
2020-03-05,18.321958392779074
2020-03-06,17.273897889223534
2020-03-07,16.257107872577837
2020-03-08,17.903172922931123
2020-03-09,24.693706642406763
2020-03-10,21.71242269649845
2020-03-11,20.38868334125559
2020-03-12,30.17592718722228
2020-03-13,27.71176291347406
2020-03-14,26.207758415421154
2020-03-15,30.15817139137311
2020-03-16,33.47891422312217
2020-03-17,41.05168061843193
2020-03-18,44.70455107213939
2020-03-19,47.40886174318874
2020-03-20,43.376914717910175
2020-03-21,51.56327164919001
2020-03-22,49.40127517250884
2020-03-23,52.751915237596855
2020-03-24,50.92195800779862
2020-03-25,51.81509805629395
2020-03-26,49.85225686092929
2020-03-27,52.007282576587016
2020-03-28,51.30632704802007
2020-03-29,58.44262411339475
2020-03-30,58.608227868342176
2020-03-31,43.434520524147075
2020-04-01,47.79074286066821
2020-04-02,41.800576629588186
2020-04-03,39.62629808635927
2020-04-04,38.44260464395127
2020-04-05,41.64701207118346
2020-04-06,33.357145558433096
2020-04-07,31.16856045403251
2020-04-08,32.321520263217145
2020-04-09,33.01915210273457
2020-04-10,28.805941872932934
2020-04-11,38.97620280351641
2020-04-12,43.84818565606103
2020-04-13,34.87548677551176
2020-04-14,32.59221461888327
2020-04-15,27.46744337534358
2020-04-16,25.273969571444823
2020-04-17,21.925833455536477
2020-04-18,25.615816471953288
2020-04-19,23.85953831125914
2020-04-20,24.175702671708017
2020-04-21,27.73257813501739
2020-04-22,28.080845294089194
2020-04-23,32.53112360407196
2020-04-24,24.501151894892725
2020-04-25,31.53763038328491
2020-04-26,29.464552128249842
2020-04-27,26.877328534288033
2020-04-28,24.279626412487826
2020-04-29,26.20444706233228
2020-04-30,25.019301115989848
2020-05-01,24.28859985230236
2020-05-02,20.63752465842741
2020-05-03,23.409243894820655
2020-05-04,22.66350281655172
2020-05-05,20.95439880138848
2020-05-06,22.496043512639368
2020-05-07,20.68712341980921
2020-05-08,25.407256743106743
2020-05-09,24.839645217778447
2020-05-10,30.839830708850236
2020-05-11,27.687537727138306
2020-05-12,25.029922885757543
2020-05-13,25.966474255663133
2020-05-14,35.37888554368421
2020-05-15,22.543481267167635
2020-05-16,18.687603722938263
2020-05-17,22.458207153599965
2020-05-18,23.33842720671211
2020-05-19,23.715465749496378
2020-05-20,23.109498186354664
2020-05-21,18.40911533950691
2020-05-22,20.75459259757414
2020-05-23,18.98777291094304
2020-05-24,24.576762134412448
2020-05-25,22.30956829325454
2020-05-26,21.097219583217928
2020-05-27,23.070614052237367
2020-05-28,27.609854088975773
2020-05-29,20.41855097245858
2020-05-30,15.09570860700623
2020-05-31,14.89578946332198
2020-06-01,21.184292313369415
2020-06-02,24.014712553157533
2020-06-03,18.27885542459098
2020-06-04,22.645175987118527
2020-06-05,16.916337085126774
2020-06-06,15.573504609133044
2020-06-07,17.966978176491363
2020-06-08,20.65054726408382
2020-06-09,19.711108186963983
2020-06-10,20.26281625690077
2020-06-11,17.966388179465355
2020-06-12,17.277338051620383
2020-06-13,19.319230299305186
2020-06-14,19.32660201607335
2020-06-15,19.680780359711363
2020-06-16,25.6747372602132
2020-06-17,20.630842688639603
2020-06-18,19.739568457825424
2020-06-19,17.24301942437048
2020-06-20,14.06210117964924
2020-06-21,13.552605610870451
2020-06-22,17.80967231957241
2020-06-23,19.6657351464589
2020-06-24,17.95848606402108
2020-06-25,13.656515094504286
2020-06-26,12.455131565725516
2020-06-27,11.990975824340833
2020-06-28,12.341535071124609
2020-06-29,14.542352858719635
2020-06-30,19.639506407921917
2020-07-01,18.69812530630488
2020-07-02,15.299787367748468
2020-07-03,16.865382297314113
2020-07-04,10.35023771075926
2020-07-05,14.804284125120676
2020-07-06,14.189959776982125
2020-07-07,15.558600022127383
2020-07-08,15.229562778514662
2020-07-09,12.079283621397156
2020-07-10,17.885817212656335
2020-07-11,11.611388285201304
2020-07-12,10.76810442593307
2020-07-13,17.11498764104047
2020-07-14,14.883392377485794
2020-07-15,17.246142928018237
2020-07-16,16.004497295645173
2020-07-17,14.320529366093805
2020-07-18,12.01244224390997
2020-07-19,11.929380729113388
2020-07-20,15.970386500843782
2020-07-21,18.461012172084462
2020-07-22,14.17087162622763
2020-07-23,13.52199349399644
2020-07-24,14.46096693093866
2020-07-25,12.99720104898237
2020-07-26,16.220774803193194
2020-07-27,18.283400648146973
2020-07-28,15.930616110202898
2020-07-29,14.935217719167223
2020-07-30,18.822873152260172
2020-07-31,13.455148371107523
2020-08-01,11.691938585776494
2020-08-02,18.00702907093753
2020-08-03,15.838282633905548
2020-08-04,15.87595283795145
2020-08-05,19.06180720796818
2020-08-06,12.145534252565819
2020-08-07,12.755472361403816
2020-08-08,10.58582370828769
2020-08-09,13.88897527502576
2020-08-10,10.513749122664109
2020-08-11,12.548148722606053
2020-08-12,16.27278839053039
2020-08-13,15.062512378944685
2020-08-14,16.51106645687517
2020-08-15,12.491235274081962
2020-08-16,21.45689394998907
2020-08-17,15.745663127050733
2020-08-18,16.9526298688808
2020-08-19,12.849717688703455
2020-08-20,16.281920411202414
2020-08-21,12.023002896825618
2020-08-22,9.448916556212335
2020-08-23,9.760713012168928
2020-08-24,14.228800999845037
2020-08-25,14.058383120103242
2020-08-26,15.022255904180895
2020-08-27,28.162345595645906
2020-08-28,21.863873892120825
2020-08-29,13.290255975458614
2020-08-30,19.78074336867722
2020-08-31,22.752782280359597
2020-09-01,23.151120514710954
2020-09-02,15.46910866092929
2020-09-03,13.511389732142383
2020-09-04,10.837585156002806
2020-09-05,10.943559838738906
2020-09-06,11.90703512574751
2020-09-07,15.65648881925379
2020-09-08,20.06102287591689
2020-09-09,17.75935312827329
2020-09-10,19.715918620838394
2020-09-11,16.980947556821338
2020-09-12,12.731415206538038
2020-09-13,19.791453453790375
2020-09-14,17.53006757016295
2020-09-15,18.223018477392472
2020-09-16,20.54110263607418
2020-09-17,17.581998540961873
2020-09-18,13.208145167777886
2020-09-19,8.346408660310807
2020-09-20,20.0588747854145
2020-09-21,18.373418659595455
2020-09-22,17.857634208916327
2020-09-23,21.959701908092143
2020-09-24,18.320413083690823
2020-09-25,13.952359490348
2020-09-26,8.739310328218908
2020-09-27,15.040474269614922
2020-09-28,22.296430457028187
2020-09-29,19.903353364291114
2020-09-30,26.732356889072992
2020-10-01,17.34379664612912
2020-10-02,13.44383568732627
2020-10-03,12.141605332492059
2020-10-04,18.688353638183575
2020-10-05,16.524427875522495
2020-10-06,19.442549954186028
2020-10-07,16.013357617333405
2020-10-08,17.704956722628683
2020-10-09,15.102652258598662
2020-10-10,11.887086308110975
2020-10-11,19.061441514909646
2020-10-12,12.84483896925791
2020-10-13,21.597594503425704
2020-10-14,14.756967590496007
2020-10-15,16.64499874021682
2020-10-16,15.364422211581486
2020-10-17,12.596114226660227
2020-10-18,16.953075284198334
2020-10-19,17.915663502104163
2020-10-20,19.88872826880798
2020-10-21,17.79685787248686
2020-10-22,21.674644937171074
2020-10-23,12.537725038657651
2020-10-24,8.59559058358149
2020-10-25,26.043066731332505
2020-10-26,18.48904377534069
2020-10-27,23.51481455370552
2020-10-28,23.18209186435021
2020-10-29,20.661890426195573
2020-10-30,19.93586029638324
2020-10-31,16.032899455916503
2020-11-01,16.42754259404243
2020-11-02,20.835736237355984
2020-11-03,20.817335951023352
2020-11-04,14.432181414181517
2020-11-05,13.45832728891639
2020-11-06,9.643386593278812
2020-11-07,12.59577234014376
2020-11-08,20.14584288132434
2020-11-09,21.07031982421008
2020-11-10,23.11792334254207
2020-11-11,17.61008684164256
2020-11-12,20.974097090150345
2020-11-13,23.416763897547675
2020-11-14,14.244853427609623
2020-11-15,19.353992440630524
2020-11-16,20.953528719384213
2020-11-17,23.192007831317028
2020-11-18,18.571052873914816
2020-11-19,16.59178688591744
2020-11-20,18.643018947631226
2020-11-21,14.07025881921864
2020-11-22,16.27879240173021
2020-11-23,21.514335249046567
2020-11-24,22.183141593471884
2020-11-25,23.67057195418622
2020-11-26,19.738906593589093
2020-11-27,16.5871216472701
2020-11-28,12.549242279227386
2020-11-29,20.4136370527236
2020-11-30,23.655191750509477
2020-12-01,25.242262255032298
2020-12-02,19.218089183971376
2020-12-03,20.877454046301366
2020-12-04,23.610102479474
2020-12-05,12.654722555632459
2020-12-06,21.64075982234499
2020-12-07,26.726979509999694
2020-12-08,25.82122717122344
2020-12-09,19.465913218959315
2020-12-10,27.071581684590047
2020-12-11,27.910406107896087
2020-12-12,26.59287499030371
2020-12-13,23.55410877260423
2020-12-14,26.760014142530732
2020-12-15,17.065291719425034
2020-12-16,27.658306058862976
2020-12-17,31.743386747910087
2020-12-18,22.65663443890329
2020-12-19,17.174028304263533
2020-12-20,16.457876371534212
2020-12-21,16.498295504195916
2020-12-22,20.394773770733728
2020-12-23,17.5703081361981
2020-12-24,14.301361941457836
2020-12-25,14.113602863447372
2020-12-26,21.69500660696106
2020-12-27,19.610952784201693
2020-12-28,19.026107315593542
2020-12-29,17.943684618758326
2020-12-30,19.299257529738743
2020-12-31,17.22764093026214
2021-01-01,18.023179823651112
2021-01-02,18.825585080088107
2021-01-03,21.333614582493585
2021-01-04,22.23345836092623
2021-01-05,19.316731164131
2021-01-06,22.889230822964763
2021-01-07,31.71116211081255
2021-01-08,29.82016147021978
2021-01-09,21.632999399864516
2021-01-10,19.431397374606142
2021-01-11,25.41942771892876
2021-01-12,29.738334151500855
2021-01-13,27.113026400993093
2021-01-14,31.628293520384062
2021-01-15,28.335066129967352
2021-01-16,26.496045112585108
2021-01-17,24.656855299728043
2021-01-18,29.543655957820224
2021-01-19,32.27224138393172
2021-01-20,28.85202068827116
2021-01-21,28.465227276670777
2021-01-22,24.48670539915609
2021-01-23,18.698660698206336
2021-01-24,27.838328743848994
2021-01-25,29.63980940853519
2021-01-26,29.5659504144345
2021-01-27,29.369154630315027
2021-01-28,29.037500947598808
2021-01-29,25.376132434066996
2021-01-30,23.99989094044778
2021-01-31,21.1536274565371
2021-02-01,25.56055024131689
2021-02-02,26.84955026211251
2021-02-03,32.131568417501484
2021-02-04,29.977242451949387
2021-02-05,27.36042052072175
2021-02-06,24.939743839433376
2021-02-07,22.753956007780538
2021-02-08,25.89977524638209
2021-02-09,29.34053344677631
2021-02-10,28.581972905967433
2021-02-11,25.611938375895864
2021-02-12,23.93821587331769
2021-02-13,20.830871676659918
2021-02-14,24.658523572529205
2021-02-15,26.07833588565577
2021-02-16,27.462609097485853
2021-02-17,37.86244442761494
2021-02-18,37.83451479713613
2021-02-19,36.5997972099055
2021-02-20,32.18236802327715
2021-02-21,30.974921376520303
2021-02-22,37.69154341755044
2021-02-23,42.41387232250917
2021-02-24,37.935598330921444
2021-02-25,33.71016005589499
2021-02-26,40.69007543002064
2021-02-27,32.64890694764262
2021-02-28,33.139783658847456
2021-03-01,49.21347589688617
2021-03-02,43.026620613400944
2021-03-03,41.15136744540477
2021-03-04,34.0508300283468
2021-03-05,34.17660562361113
2021-03-06,27.2710491135091
2021-03-07,34.25570496268783
2021-03-08,34.43814119283201
2021-03-09,35.41210357201404
2021-03-10,32.21841119147666
2021-03-11,36.7900931153807
2021-03-12,31.30509294726164
2021-03-13,30.634992864348995
2021-03-14,27.484074796305464
2021-03-15,30.575404702859945
2021-03-16,33.82027669343334
2021-03-17,31.20449180343568
2021-03-18,31.56159103083296
2021-03-19,27.68526461345093
2021-03-20,23.64359064221047
2021-03-21,26.371673672506724
2021-03-22,30.084964749473247
2021-03-23,28.700718535935373
2021-03-24,29.58021919824662
2021-03-25,25.245951770168077
2021-03-26,23.020456812101155
2021-03-27,17.67334820833023
2021-03-28,24.84809987758727
2021-03-29,24.545645788817215
2021-03-30,25.64125081590801
2021-03-31,23.968487727089045
2021-04-01,21.035376680174018
2021-04-02,18.1834334787265
2021-04-03,17.504812570864384
2021-04-04,25.198490094752977
2021-04-05,20.99596246495569
2021-04-06,20.08472122084565
2021-04-07,21.45743274051342
2021-04-08,21.472198541749094
2021-04-09,19.896557020547068
2021-04-10,19.287585832301357
2021-04-11,21.50497781858363
2021-04-12,24.082613658331887
2021-04-13,28.546395171532318
2021-04-14,24.632248404248113
2021-04-15,27.307124399092842
2021-04-16,25.085035636519915
2021-04-17,21.53337367600499
2021-04-18,23.1223198604555
2021-04-19,24.638639819337378
2021-04-20,24.416358715179413
2021-04-21,25.283759413530383
2021-04-22,27.240841911981633
2021-04-23,21.725270420209394
2021-04-24,21.212484416681086
2021-04-25,22.370534226425143
2021-04-26,23.519087313437424
2021-04-27,28.17785079894665
2021-04-28,25.373444811202653
2021-04-29,28.216107824297247
2021-04-30,26.4298447793163
2021-05-01,23.656554157824374
2021-05-02,25.647486870380053
2021-05-03,28.422579326375505
2021-05-04,34.53890918622244
2021-05-05,31.288575363021316
2021-05-06,35.40881343219171
2021-05-07,25.280694111754944
2021-05-08,30.271866855317523
2021-05-09,29.848223205493515
2021-05-10,36.94848530606417
2021-05-11,48.55065228794868
2021-05-12,50.97525277188392
2021-05-13,42.72618770782958
2021-05-14,37.3368949049829
2021-05-15,33.7046718776962
2021-05-16,33.528276509153145
2021-05-17,36.42888429223681
2021-05-18,38.33841713823976
2021-05-19,39.450593048070786
2021-05-20,35.464872328836535
2021-05-21,30.759281877194432
2021-05-22,31.145361820820096
2021-05-23,32.748752076056206
2021-05-24,36.99547814020456
2021-05-25,34.66456300496301
2021-05-26,32.84608563159701
2021-05-27,32.05265365993542
2021-05-28,33.23795572801288
2021-05-29,27.559510007385594
2021-05-30,30.192886929432632
2021-05-31,45.69080036239014
2021-06-01,42.59344640927399
2021-06-02,46.333643507991056
2021-06-03,36.14482160020424
2021-06-04,35.815551613872955
2021-06-05,28.298649169164232
2021-06-06,31.72611947029181
2021-06-07,31.7001423405047
2021-06-08,32.01759066240924
2021-06-09,32.6009772374963
2021-06-10,44.45348470924543
2021-06-11,33.117150526877296
2021-06-12,28.716614496188814
2021-06-13,31.79428703294706
2021-06-14,32.275520731857924
2021-06-15,37.38748729115192
2021-06-16,35.14649293657101
2021-06-17,37.91174634351491
2021-06-18,29.21721714493733
2021-06-19,25.645166509793512
2021-06-20,24.948465589484442
2021-06-21,26.524183987342298
2021-06-22,25.87806400278285
2021-06-23,23.048849238747906
2021-06-24,25.59154186150799
2021-06-25,24.05270326164916
2021-06-26,23.135210526076264
2021-06-27,22.135718288689905
2021-06-28,24.101340200345664
2021-06-29,25.783574346168095
2021-06-30,26.580404770458703
2021-07-01,23.308895652409134
2021-07-02,22.088430165457456
2021-07-03,21.214289874357544
2021-07-04,25.18073247892727
2021-07-05,26.18674374516199
2021-07-06,25.549606100877998
2021-07-07,23.811729959710082
2021-07-08,34.765837228381216
2021-07-09,24.782482358053215
2021-07-10,23.694238012769862
2021-07-11,23.86563454601928
2021-07-12,28.90813277261582
2021-07-13,33.40358912348209
2021-07-14,31.102362754916186
2021-07-15,26.28413142205763
2021-07-16,23.288178421488944
2021-07-17,22.57942696284569
2021-07-18,22.646876614086633
2021-07-19,23.84000206477994
2021-07-20,23.717956456661668
2021-07-21,23.520535027508288
2021-07-22,27.470790265078946
2021-07-23,23.170769914309577
2021-07-24,23.444605817845595
2021-07-25,26.820041182909378
2021-07-26,27.676896282898944
2021-07-27,26.87647118014002
2021-07-28,27.443747019503114
2021-07-29,59.288783664412016
2021-07-30,51.71047009341611
2021-07-31,33.843994157474725
2021-08-01,27.77320834775092
2021-08-02,29.096350655086813
2021-08-03,27.0039564358544
2021-08-04,26.80389900928616
2021-08-05,24.505587488269438
2021-08-06,20.49645787934158
2021-08-07,21.98281994235375
2021-08-08,22.45574873522303
2021-08-09,22.329989430766176
2021-08-10,25.369631865460356
2021-08-11,31.303470834653098
2021-08-12,27.155380326191416
2021-08-13,23.0851245977757
2021-08-14,21.593156041002267
2021-08-15,21.439679430660295
2021-08-16,23.41902399880548
2021-08-17,21.874624017351135
2021-08-18,21.45571159175817
2021-08-19,24.2931847682614
2021-08-20,23.02575938409585
2021-08-21,19.62935908192197
2021-08-22,21.658986030620618
2021-08-23,23.478270396179724
2021-08-24,24.5448017651319
2021-08-25,26.01492761088896
2021-08-26,28.735046596777742
2021-08-27,26.98600718244879
2021-08-28,26.087603793255653
2021-08-29,26.91603786287294
2021-08-30,46.425551344977954
2021-08-31,45.6788253722058
2021-09-01,38.507325453168356
2021-09-02,34.38409735249122
2021-09-03,33.23165386764359
2021-09-04,28.6960444569119
2021-09-05,28.95216890508609
2021-09-06,32.45286862559006
2021-09-07,28.892345790342997
2021-09-08,29.506244649480298
2021-09-09,30.813601678214074
2021-09-10,38.17295490473509
2021-09-11,30.123329728677582
2021-09-12,29.26714683634157
2021-09-13,35.202946538660946
2021-09-14,36.33149079378502
2021-09-15,35.80889293423484
2021-09-16,32.62185878009058
2021-09-17,32.15574885499862
2021-09-18,26.855560988764402
2021-09-19,28.809298650957913
2021-09-20,31.389839615437914
2021-09-21,31.76890101776406
2021-09-22,34.90566377037897
2021-09-23,32.19904847857592
2021-09-24,33.039907939417105
2021-09-25,32.042881631369895
2021-09-26,32.00942992613541
2021-09-27,36.78509705610306
2021-09-28,42.43591739645379
2021-09-29,41.621468722630354
2021-09-30,67.80430107205115
2021-10-01,60.368560755275006
2021-10-02,46.119922252580864
2021-10-03,42.26054434531544
2021-10-04,45.22088535178632
2021-10-05,46.67107108607294
2021-10-06,47.773409574311536
2021-10-07,48.0629776064326
2021-10-08,46.64867236047665
2021-10-09,45.4110486205045
2021-10-10,45.17266283349666
2021-10-11,52.11633090633528
2021-10-12,60.30534107559013
2021-10-13,71.68879449208461
2021-10-14,67.58035443210625
2021-10-15,61.48067565912963
2021-10-16,52.49865535507051
2021-10-17,56.209221061469265
2021-10-18,54.43020974464594
2021-10-19,56.38259840937391
2021-10-20,58.61820658108808
2021-10-21,56.52654575354259
2021-10-22,51.541129159982404
2021-10-23,52.572985000094484
2021-10-24,54.388746878425195
2021-10-25,58.218069094320185
2021-10-26,57.99012741828554
2021-10-27,56.42293446477984
2021-10-28,75.09369563861631
2021-10-29,62.76250865950924
2021-10-30,52.18857819551079
2021-10-31,48.87349556958502
2021-11-01,52.80769780834603
2021-11-02,48.448291768285124
2021-11-03,55.43828308751823
2021-11-04,48.01317718979427
2021-11-05,45.19608210184232
2021-11-06,41.640380902600555
2021-11-07,43.77751133555719
2021-11-08,47.651853883192814
2021-11-09,49.13572491506757
2021-11-10,54.499627218075474
2021-11-11,51.01181749065452
2021-11-12,45.860723834855364
2021-11-13,44.51813480076358
2021-11-14,47.88409403880884
2021-11-15,47.992450342
2021-11-16,49.80238461891827
2021-11-17,50.253152402476324
2021-11-18,48.066214862335045
2021-11-19,44.5201108298135
2021-11-20,41.35830234074822
2021-11-21,43.19127789888575
2021-11-22,48.29786189961307
2021-11-23,50.89929725924263
2021-11-24,48.53089490521499
2021-11-25,47.09956383611265
2021-11-26,45.4966410079082
2021-11-27,41.96972355176729
2021-11-28,47.608422144094575
2021-11-29,77.28702289674729
2021-11-30,63.69895027531875
2021-12-01,59.34178345231567
2021-12-02,52.673637383838766
2021-12-03,52.411822262551055
2021-12-04,48.28928386288814
2021-12-05,47.9772551522335
2021-12-06,51.12254000865883
2021-12-07,51.02249548046694
2021-12-08,47.793352372182625
2021-12-09,49.1987322419256
2021-12-10,58.47521589567968
2021-12-11,48.406913869599855
2021-12-12,50.58178197543408
2021-12-13,56.315539289391396
2021-12-14,57.066711962167744
2021-12-15,57.2520704887965
2021-12-16,62.140744588779896
2021-12-17,61.426936433303496
2021-12-18,50.965080728702794
2021-12-19,52.64531196310052
2021-12-20,56.97378404217408
2021-12-21,52.55987831261497
2021-12-22,52.26647026237193
2021-12-23,45.406286603712836
2021-12-24,44.99419695191585
2021-12-25,50.61296252782088
2021-12-26,47.49233057172218
2021-12-27,51.69473857830595
2021-12-28,48.71815871642976
2021-12-29,48.73129607436953
2021-12-30,49.913201409125065
2021-12-31,46.80102700220821
2022-01-01,53.071263958268695
2022-01-02,57.18751389303
2022-01-03,64.83445888111349
2022-01-04,65.00891627773012
2022-01-05,63.32870820709235
2022-01-06,79.74678911325503
2022-01-07,71.35313090399752
2022-01-08,64.34734859434161
2022-01-09,67.09805996748975
2022-01-10,72.27214616814317
2022-01-11,76.11445818950806
2022-01-12,77.24214750661064
2022-01-13,72.32326444730596
2022-01-14,65.3305182381535
2022-01-15,61.64926939811975
2022-01-16,62.403082352369786
2022-01-17,61.35472243549052
2022-01-18,57.92303563477248
2022-01-19,62.80125578824652
2022-01-20,61.073096561370875
2022-01-21,58.70507248983615
2022-01-22,56.466095036292174
2022-01-23,59.592510870995014
2022-01-24,61.29736036055551
2022-01-25,62.152856685922586
2022-01-26,61.51526001997932
2022-01-27,59.76902609331081
2022-01-28,57.47444698027636
2022-01-29,54.49741021544597
2022-01-30,55.952071112604926
2022-01-31,67.67418074052678
2022-02-01,60.877243656377594
2022-02-02,63.7754380519464
2022-02-03,66.1404532979558
2022-02-04,61.77331325839581
2022-02-05,57.182942878636496
2022-02-06,58.237507548431964
2022-02-07,61.51705565490717
2022-02-08,64.39000261835812
2022-02-09,60.168606874662416
2022-02-10,74.92433152304908
2022-02-11,63.163248324652535
2022-02-12,59.694992512921644
2022-02-13,57.43246540845031
2022-02-14,60.32353252398285
2022-02-15,57.55872921495572
2022-02-16,57.77787847653516
2022-02-17,57.37782542810404
2022-02-18,53.72400520892765
2022-02-19,50.49705990397806
2022-02-20,55.56194048743622
2022-02-21,57.52841405911656
2022-02-22,59.24562542304411
2022-02-23,60.03109114800903
2022-02-24,63.60419691613056
2022-02-25,60.48766190270831
2022-02-26,57.37220794713975
2022-02-27,59.38093119578145
2022-02-28,65.96857604207176
2022-03-01,70.74244834220036
2022-03-02,71.72061952224341
2022-03-03,71.11147482999263
2022-03-04,73.02183595687566
2022-03-05,73.6548300211856
2022-03-06,75.68376547994507
2022-03-07,82.93707907362656
2022-03-08,86.07458271718806
2022-03-09,85.12011862668089
2022-03-10,93.34784051242075
2022-03-11,83.14250179294197
2022-03-12,76.03064315941447
2022-03-13,76.50652231428947
2022-03-14,75.83043960825351
2022-03-15,74.69977985712599
2022-03-16,75.12921030519183
2022-03-17,73.08939646333268
2022-03-18,68.03792791904527
2022-03-19,64.15911356657895
2022-03-20,63.93254385851913
2022-03-21,68.40681747998673
2022-03-22,69.56200905446946
2022-03-23,73.43914003562293
2022-03-24,71.62786876228303
2022-03-25,73.14353312695152
2022-03-26,74.85386201356226
2022-03-27,79.28911058869963
2022-03-28,85.5216793881306
2022-03-29,88.59238750430039
2022-03-30,124.41655293784999
2022-03-31,105.8598173458518
2022-04-01,106.30256076413889
2022-04-02,99.0166781659293
2022-04-03,97.63991705593702
2022-04-04,100.1618291754641
2022-04-05,93.29335942946918
2022-04-06,92.10576855260162
2022-04-07,88.71026335493033
2022-04-08,83.98602554715478
2022-04-09,80.68683106768839
2022-04-10,79.46238030116453
2022-04-11,80.11985950125317
2022-04-12,89.0340811495836
2022-04-13,86.83324481398628
2022-04-14,80.49119865033242
2022-04-15,74.50220035862249
2022-04-16,77.19612412424442
2022-04-17,75.9812996651617
2022-04-18,77.05491087676059
2022-04-19,77.12375168259146
2022-04-20,79.0548485482923
2022-04-21,78.27645657162131
2022-04-22,78.1115845947541
2022-04-23,76.00315496185615
2022-04-24,76.6272222692788
2022-04-25,80.97527369109658
2022-04-26,80.4313284496761
2022-04-27,81.72485198864545
2022-04-28,94.61923172338669
2022-04-29,86.02743251971998
2022-04-30,79.27310209506021
2022-05-01,80.5939601894152
2022-05-02,81.6289933102823
2022-05-03,81.79704744437986
2022-05-04,83.34525144158422
2022-05-05,86.42857970725233
2022-05-06,82.13600403860006
2022-05-07,77.75728195585582
2022-05-08,77.11014828142153
2022-05-09,78.0193931400049
2022-05-10,80.40156877727954
2022-05-11,88.09229167474912
2022-05-12,80.51870977824856
2022-05-13,76.31649510227722
2022-05-14,72.77359558483072
2022-05-15,72.563319686445
2022-05-16,78.93298651453041
2022-05-17,77.54746375080788
2022-05-18,79.4874212399739
2022-05-19,75.37690757628275
2022-05-20,71.87982210647668
2022-05-21,68.80244682515506
2022-05-22,68.2905811647845
2022-05-23,70.02458807912137
2022-05-24,71.83482591819794
2022-05-25,71.23276339671354
2022-05-26,70.91555118933114
2022-05-27,73.63398495728403
2022-05-28,78.45821828263156
2022-05-29,84.53589194388795
2022-05-30,113.66871136672299
2022-05-31,110.80201972403097
2022-06-01,104.10241484637443
2022-06-02,101.64858265831872
2022-06-03,99.56616307501153
2022-06-04,94.56195002328394
2022-06-05,88.14694393504838
2022-06-06,86.89188103293955
2022-06-07,87.58402271834387
2022-06-08,89.63625442729234
2022-06-09,94.08273227285198
2022-06-10,100.327400858504
2022-06-11,93.28111778551168
2022-06-12,98.43717242485738
2022-06-13,103.92843665611456
2022-06-14,112.00203933127924
2022-06-15,110.91866938727935
2022-06-16,108.27207259455906
2022-06-17,103.09365893198216
2022-06-18,97.43683924424052
2022-06-19,93.08381917129884
2022-06-20,95.81994095934446
2022-06-21,93.01479072675625
2022-06-22,94.08008320611007
2022-06-23,90.29254764959316
2022-06-24,87.3057695062248
2022-06-25,85.65917891000277
2022-06-26,103.49968245078047
2022-06-27,93.2660394805088
2022-06-28,91.1060296051628
2022-06-29,103.02491095796026
2022-06-30,93.92098115645486
2022-07-01,94.01424887506343
2022-07-02,90.32493090401502
2022-07-03,91.802799039707
2022-07-04,104.0956921824849
2022-07-05,99.81188452055582
2022-07-06,95.84656630873964
2022-07-07,98.5834908577223
2022-07-08,91.44933782844818
2022-07-09,89.7835928870175
2022-07-10,89.98310115272514
2022-07-11,93.1654857802451
2022-07-12,95.30141227881825
2022-07-13,106.03803726611561
2022-07-14,96.12394208829444
2022-07-15,87.52674843538136
2022-07-16,81.37002073195438
2022-07-17,81.4506318625525
2022-07-18,78.92168313360031
2022-07-19,77.54130382817328
2022-07-20,75.87598071400463
2022-07-21,77.43946036257108
2022-07-22,72.13754460921746
2022-07-23,68.8991433160497
2022-07-24,67.56630180023427
2022-07-25,70.56108320107491
2022-07-26,71.68451138055207
2022-07-27,71.091560744336
2022-07-28,76.99587467055949
2022-07-29,72.46649958616662
2022-07-30,67.30556650789703
2022-07-31,65.46492272375008
2022-08-01,66.63748831015194
2022-08-02,65.42314162058095
2022-08-03,69.57060282856159
2022-08-04,67.22433006871036
2022-08-05,65.98104938775879
2022-08-06,65.72751025891402
2022-08-07,68.18035223149775
2022-08-08,71.84417138897797
2022-08-09,72.60022493466656
2022-08-10,85.63600440539378
2022-08-11,75.73357661686639
2022-08-12,71.48571900711033
2022-08-13,69.28927669490275
2022-08-14,71.00394252163805
2022-08-15,102.18450749964194
2022-08-16,73.6044588406902
2022-08-17,76.07879696741618
2022-08-18,73.14979346832955
2022-08-19,73.30229693160183
2022-08-20,70.614496979945
2022-08-21,74.23286369295076
2022-08-22,84.45742043320655
2022-08-23,79.45465797612778
2022-08-24,78.49802761110465
2022-08-25,78.0618616602972
2022-08-26,77.99118572194216
2022-08-27,77.31740977148797
2022-08-28,81.85207394118598
2022-08-29,87.26434334151445
2022-08-30,100.76052773187692
2022-08-31,95.64628611834935
2022-09-01,95.40024062419138
2022-09-02,92.27918885649865
2022-09-03,88.99518287598627
2022-09-04,92.72770994923674
2022-09-05,96.45381617521576
2022-09-06,96.29020063214301
2022-09-07,98.8888415653802
2022-09-08,104.3927922688845
2022-09-09,102.28465524650272
2022-09-10,96.04539402231133
2022-09-11,99.95649592942667
2022-09-12,104.51154682799768
2022-09-13,115.48334324789253
2022-09-14,107.10739061160061
2022-09-15,103.32723425652878
2022-09-16,100.03605248926638
2022-09-17,92.15843359551445
2022-09-18,94.45568950683884
2022-09-19,97.70372135526367
2022-09-20,99.39015564004181
2022-09-21,98.65965286346656
2022-09-22,99.05278209074498
2022-09-23,93.52416851873272
2022-09-24,93.12467922398841
2022-09-25,94.20645517046148
2022-09-26,100.08336184921914
2022-09-27,100.44960142999352
2022-09-28,101.81409885836966
2022-09-29,125.17588580053342
2022-09-30,106.37555922881278
2022-10-01,92.75779939586714
2022-10-02,86.71114040147978
2022-10-03,85.79171447219926
2022-10-04,85.57977083318465
2022-10-05,85.27063469635087
2022-10-06,82.46220280926171
2022-10-07,82.48321042896188
2022-10-08,78.98864784467024
2022-10-09,83.02938213239597
2022-10-10,86.36134402126964
2022-10-11,90.41804674678013
2022-10-12,95.74190071643062
2022-10-13,106.5947020293735
2022-10-14,89.61821034003984
2022-10-15,81.07643605561111
2022-10-16,78.48978872082742
2022-10-17,78.69305676618015
2022-10-18,78.39303411675716
2022-10-19,78.5583107942166
2022-10-20,79.10841931871641
2022-10-21,72.18138899271933
2022-10-22,72.1898393382547
2022-10-23,72.0943561051355
2022-10-24,77.61991569541959
2022-10-25,75.99007065567649
2022-10-26,77.4331316158526
2022-10-27,82.37527818176086
2022-10-28,89.3829971262044
2022-10-29,76.7986155617619
2022-10-30,76.85680940988166
2022-10-31,86.26086829847961
2022-11-01,81.60965730802202
2022-11-02,83.04311814792825
2022-11-03,85.1639691876993
2022-11-04,81.03412560042187
2022-11-05,78.47383420230715
2022-11-06,79.55736778055407
2022-11-07,85.42178925606547
2022-11-08,83.76749549489665
2022-11-09,84.07772787453942
2022-11-10,89.07347928987957
2022-11-11,84.22589941367833
2022-11-12,75.88893879146379
2022-11-13,75.18201086659008
2022-11-14,80.2609741508892
2022-11-15,77.87551715142327
2022-11-16,77.2078732695713
2022-11-17,78.025580901426
2022-11-18,78.01892537958457
2022-11-19,70.41075683043375
2022-11-20,70.89819415651695
2022-11-21,76.3709814250189
2022-11-22,72.73836902937066
2022-11-23,73.62916364216326
2022-11-24,70.74925440097635
2022-11-25,67.17726743732626
2022-11-26,65.08284439900038
2022-11-27,67.91416576288043
2022-11-28,72.5104086603645
2022-11-29,82.16477916447309
2022-11-30,76.34316882052104
2022-12-01,69.61317154912653
2022-12-02,65.04892930672938
2022-12-03,61.52985794461995
2022-12-04,64.1164677915633
2022-12-05,64.86821079859804
2022-12-06,63.713560316746495
2022-12-07,63.79670857112723
2022-12-08,61.56516538897207
2022-12-09,58.67894505512196
2022-12-10,53.2396111255121
2022-12-11,56.327833446869334
2022-12-12,62.47338627822613
2022-12-13,70.70767959607812
2022-12-14,63.20865700551239
2022-12-15,63.53242782940125
2022-12-16,59.823450203704475
2022-12-17,53.205288554016136
2022-12-18,62.23314741699618
2022-12-19,61.07795368236012
2022-12-20,59.70575360294996
2022-12-21,57.9019672345848
2022-12-22,57.69318293106039
2022-12-23,53.26786056277436
2022-12-24,48.41393218282364
2022-12-25,49.05916872353642
2022-12-26,51.145958710008415
2022-12-27,53.666968521740294
2022-12-28,51.0431196336978
2022-12-29,52.57287625119504
2022-12-30,55.892878724992606
2022-12-31,55.075356121386875
2023-01-01,60.50359347021296
2023-01-02,64.40098295385832
2023-01-03,76.99881547561294
2023-01-04,69.203627066467
2023-01-05,64.65497480546068
2023-01-06,62.99522545260393
2023-01-07,59.1847306215954
2023-01-08,60.43278034839062
2023-01-09,66.36766996374512
2023-01-10,65.83124242016041
2023-01-11,65.25493546030336
2023-01-12,72.85239246641912
2023-01-13,65.26122211983748
2023-01-14,56.97153114119373
2023-01-15,61.54357983359658
2023-01-16,66.13282049465938
2023-01-17,68.57259175179897
2023-01-18,65.67995778242062
2023-01-19,65.24238235800324
2023-01-20,61.39468036417345
2023-01-21,55.245514841516595
2023-01-22,57.9590033915925
2023-01-23,63.6447228821377
2023-01-24,63.11745963231873
2023-01-25,59.74790691669256
2023-01-26,59.8900152768734
2023-01-27,56.68616736043648
2023-01-28,52.46097921784017
2023-01-29,55.15688902761384
2023-01-30,61.37394515201133
2023-01-31,61.07755496905485
2023-02-01,66.60010466019776
2023-02-02,65.43964740061449
2023-02-03,57.655788730293466
2023-02-04,50.36543009910666
2023-02-05,52.40211250503734
2023-02-06,57.612817412615755
2023-02-07,58.18623883476258
2023-02-08,57.147357915214016
2023-02-09,67.55276814422395
2023-02-10,54.02956193153153
2023-02-11,46.48779914650294
2023-02-12,51.28143032950125
2023-02-13,58.509002651785636
2023-02-14,63.056360797235165
2023-02-15,58.879503032850494
2023-02-16,53.71522842172185
2023-02-17,50.230884871309144
2023-02-18,46.587641477906224
2023-02-19,48.507630061619885
2023-02-20,51.682266242957844
2023-02-21,55.60490293562823
2023-02-22,63.935320279803406
2023-02-23,58.07957014144703
2023-02-24,56.67332453303405
2023-02-25,49.914452436422394
2023-02-26,52.5642657830752
2023-02-27,60.54174730133193
2023-02-28,59.937944281720476
2023-03-01,70.39586236324949
2023-03-02,62.69125145091031
2023-03-03,57.48339163230666
2023-03-04,52.6682073564699
2023-03-05,55.162921512990906
2023-03-06,61.57267167950815
2023-03-07,59.21339898874099
2023-03-08,59.43697849437779
2023-03-09,58.33030650683732
2023-03-10,56.513280642603526
2023-03-11,50.80892562928568
2023-03-12,53.49896294141351
2023-03-13,57.2892402868908
2023-03-14,64.4656301166225
2023-03-15,58.25215325774274
2023-03-16,58.95045656080661
2023-03-17,55.983536993263264
2023-03-18,46.30853174599634
2023-03-19,49.7204405841329
2023-03-20,57.806022292750356
2023-03-21,56.63546222433015
2023-03-22,64.52256247738259
2023-03-23,61.165676202737195
2023-03-24,55.514575197538555
2023-03-25,47.608003062452426
2023-03-26,52.90465654157702
2023-03-27,57.95468315303583
2023-03-28,57.21774797153444
2023-03-29,56.93157073648891
2023-03-30,73.5621818127925
2023-03-31,57.78897730370185
2023-04-01,43.590095167097495
2023-04-02,43.82621597362403
2023-04-03,44.89334286381052
2023-04-04,44.40427397059302
2023-04-05,45.515122628721215
2023-04-06,42.70939612632014
2023-04-07,39.131286690858985
2023-04-08,36.09807674728987
2023-04-09,40.19617844614076
2023-04-10,41.57842934720896
2023-04-11,45.74642077411666
2023-04-12,50.724229081710625
2023-04-13,50.23539093194913
2023-04-14,41.06418745283715
2023-04-15,39.676649009450934
2023-04-16,39.71882506217985
2023-04-17,48.277921745967234
2023-04-18,47.281539399472365
2023-04-19,46.21589967970101
2023-04-20,44.62800048239712
2023-04-21,43.96029587146774
2023-04-22,37.98996749436836
2023-04-23,45.39143096370753
2023-04-24,50.30934275612087
2023-04-25,49.79918920440231
2023-04-26,50.13743364766126
2023-04-27,46.829818387638475
2023-04-28,48.399935612655234
2023-04-29,36.17336970932256
2023-04-30,37.34812847975684
2023-05-01,38.61402914466384
2023-05-02,51.65780804201023
2023-05-03,49.91327609084989
2023-05-04,55.43746328731731
2023-05-05,46.247846556827696
2023-05-06,39.171069783028145
2023-05-07,42.65323795502343
2023-05-08,50.164902549108234
2023-05-09,49.65680369505012
2023-05-10,59.95833141336726
2023-05-11,50.26832301897892
2023-05-12,41.314604972322904
2023-05-13,40.34223063627265
2023-05-14,43.980506733505194
2023-05-15,50.28186568761884
2023-05-16,46.96458602638663
2023-05-17,44.95138291530556
2023-05-18,40.66592396689926
2023-05-19,43.111625965751955
2023-05-20,38.746110272671636
2023-05-21,42.19657635317996
2023-05-22,48.048345063694214
2023-05-23,53.2019283369865
2023-05-24,53.31804287634431
2023-05-25,54.440690416034016
2023-05-26,51.76566444930394
2023-05-27,40.178809662602184
2023-05-28,42.61633776554769
2023-05-29,48.741419661649545
2023-05-30,54.98964407232844
2023-05-31,63.37567824111467
2023-06-01,60.9174356027811
2023-06-02,50.37959493887564
2023-06-03,40.42880173401586
2023-06-04,42.23215386867025
2023-06-05,45.864060859571005
2023-06-06,45.7663061208981
2023-06-07,46.975557763728396
2023-06-08,42.28550602904943
2023-06-09,42.42812835476681
2023-06-10,36.09029328955289
2023-06-11,38.69195397627065
2023-06-12,44.62241205578485
2023-06-13,57.717284012637194
2023-06-14,48.02776637844989
2023-06-15,49.06707390289689
2023-06-16,45.58214895103758
2023-06-17,34.57781315043589
2023-06-18,39.91118380016949
2023-06-19,44.637861285884185
2023-06-20,46.29613681489631
2023-06-21,47.68747075485027
2023-06-22,49.044324713302984
2023-06-23,43.8577737439862
2023-06-24,38.32679398443351
2023-06-25,39.8126696010984
2023-06-26,46.813207974972464
2023-06-27,46.620508022581575
2023-06-28,49.075444366367265
2023-06-29,55.18535062431618
2023-06-30,48.83288884055536
2023-07-01,40.59208177228314
2023-07-02,39.769336616419835
2023-07-03,42.06464368164876
2023-07-04,45.80606757427929
2023-07-05,42.55048358451241
2023-07-06,44.812074791333515
2023-07-07,40.192888918710075
2023-07-08,34.2332608884321
2023-07-09,34.06201326050486
2023-07-10,40.896732198243804
2023-07-11,42.68815783370884
2023-07-12,50.633190815524195
2023-07-13,43.73279947646732
2023-07-14,36.55457774064229
2023-07-15,33.90273211539931
2023-07-16,36.06336919160871
2023-07-17,37.74056649475295
2023-07-18,39.02075205665567
2023-07-19,38.956197796471514
2023-07-20,39.007239437105504
2023-07-21,35.028311686598045
2023-07-22,33.683313892529114
2023-07-23,35.9020924785422
2023-07-24,38.43908442392876
2023-07-25,40.51941771203835
2023-07-26,40.5546047081748
2023-07-27,48.54049443486389
2023-07-28,47.972312924258844
2023-07-29,36.40921332130878
2023-07-30,33.377970461487124
2023-07-31,43.89375524820808
2023-08-01,41.07446923619118
2023-08-02,37.35233904656534
2023-08-03,38.91143943389267
2023-08-04,36.706629735200664
2023-08-05,31.667756370002948
2023-08-06,33.90689916523453
2023-08-07,34.912150133755496
2023-08-08,43.20710146835626
2023-08-09,42.28697919815232
2023-08-10,46.9518388567535
2023-08-11,37.752392808192596
2023-08-12,33.13059506306188
2023-08-13,33.16393282462193
2023-08-14,36.3501521344254
2023-08-15,39.029472850863456
2023-08-16,37.247067406465774
2023-08-17,39.95270760285751
2023-08-18,36.53362707976794
2023-08-19,29.797246759663423
2023-08-20,32.373980527940624
2023-08-21,38.59404993141758
2023-08-22,43.691992064692016
2023-08-23,41.120138383017554
2023-08-24,40.060722289908675
2023-08-25,38.88651254935975
2023-08-26,35.854047122495984
2023-08-27,37.317276550716905
2023-08-28,41.85384825640165
2023-08-29,45.434427748618305
2023-08-30,60.665586694469226
2023-08-31,53.22049472912422
2023-09-01,40.131434844196384
2023-09-02,32.06137591811008
2023-09-03,33.33768013835048
2023-09-04,40.37573512179003
2023-09-05,43.79064862897991
2023-09-06,43.11153689732392
2023-09-07,43.41381163720249
2023-09-08,40.08698434807798
2023-09-09,31.50382379277371
2023-09-10,33.975385935485534
2023-09-11,39.676313319727115
2023-09-12,38.8819621294786
2023-09-13,46.62484949972751
2023-09-14,55.3112296605784
2023-09-15,40.67866764164762
2023-09-16,31.16794675314361
2023-09-17,30.569979325436652
2023-09-18,42.06049834470825
2023-09-19,41.585688228254526
2023-09-20,43.70718234555845
2023-09-21,43.89793995094221
2023-09-22,44.48257709705965
2023-09-23,35.31027035598089
2023-09-24,42.377975908516
2023-09-25,49.957317849838425
2023-09-26,52.04303804466542
2023-09-27,53.67180460690003
2023-09-28,70.22482707911048
2023-09-29,58.17217975153319
2023-09-30,41.9431931106642
2023-10-01,42.665050730413746
2023-10-02,42.415688600694146
2023-10-03,46.67583610552869
2023-10-04,45.10095181196036
2023-10-05,45.93448187534976
2023-10-06,40.226654495984405
2023-10-07,35.99739504994919
2023-10-08,34.641473170903055
2023-10-09,43.533980764434354
2023-10-10,44.542912626791576
2023-10-11,50.45365704078241
2023-10-12,50.68921097381302
2023-10-13,43.041189174927155
2023-10-14,38.2922337922773
2023-10-15,35.91483579896108
2023-10-16,43.22687993339667
2023-10-17,41.77449107905529
2023-10-18,45.48152333032076
2023-10-19,39.97410076561174
2023-10-20,37.35512824009753
2023-10-21,33.90522007070806
2023-10-22,32.568889922881844
2023-10-23,42.883957443764274
2023-10-24,43.92887816744097
2023-10-25,44.03352627877797
2023-10-26,44.59267141050638
2023-10-27,43.049235903803044
2023-10-28,36.38121889250198
2023-10-29,40.705958334985354
2023-10-30,62.16120848957119
2023-10-31,55.44079856455299
2023-11-01,51.4084770624567
2023-11-02,48.82138340228086
2023-11-03,46.92550750597172
2023-11-04,34.84283836329589
2023-11-05,40.43002499400388
2023-11-06,42.88456774503062
2023-11-07,46.54574991237965
2023-11-08,45.020877353344915
2023-11-09,46.329875447765595
2023-11-10,45.24235807876281
2023-11-11,31.258809410551784
2023-11-12,39.558419029402806
2023-11-13,46.8447782727377
2023-11-14,56.84323337794138
2023-11-15,52.295000297453825
2023-11-16,48.1491484133977
2023-11-17,45.08518087649503
2023-11-18,35.25304809798595
2023-11-19,40.37002849922621
2023-11-20,49.719690357894436
2023-11-21,46.68102890121135
2023-11-22,47.526356492536266
2023-11-23,44.81690176586306
2023-11-24,39.83120355072478
2023-11-25,35.1263395036801
2023-11-26,36.630080557050064
2023-11-27,45.12503382566339
2023-11-28,48.83612492692474
2023-11-29,64.09825203886797
2023-11-30,57.30283155084696
2023-12-01,47.86934832749769
2023-12-02,37.91300450802805
2023-12-03,39.64101464086456
2023-12-04,51.33887810898038
2023-12-05,48.90807517699032
2023-12-06,50.868047055022714
2023-12-07,48.61771435236876
2023-12-08,50.60318205812551
2023-12-09,44.65895950057934
2023-12-10,45.81756381349339
2023-12-11,51.57706418880706
2023-12-12,54.80863806836254
2023-12-13,48.05563242125158
2023-12-14,50.1057133926972
2023-12-15,45.52104617440078
2023-12-16,37.48456659356159
2023-12-17,40.486381371106354
2023-12-18,44.870550865743105
2023-12-19,45.37986646772644
2023-12-20,43.91276461927409
2023-12-21,39.5393989008374
2023-12-22,36.909001414361015
2023-12-23,30.403750035116563
2023-12-24,25.680210488862127
2023-12-25,25.26269806633869
2023-12-26,24.96690387482456
2023-12-27,28.512213598840432
2023-12-28,31.708357788209295
2023-12-29,35.53286729675422
2023-12-30,35.22325949590983
2023-12-31,38.79051893389055
2024-01-01,40.481081487755816
2024-01-02,50.35608898599183
2024-01-03,54.25326517447628
2024-01-04,68.8025556554714
2024-01-05,53.090717917366064
2024-01-06,44.31160878840309
2024-01-07,48.97415321201714
2024-01-08,50.49362876870337
2024-01-09,49.799881878524474
2024-01-10,52.007067855363445
2024-01-11,54.325647438064735
2024-01-12,46.59883664398292
2024-01-13,37.01643664106427
2024-01-14,38.739350616070354
2024-01-15,49.278604828322315
2024-01-16,50.93135395964696
2024-01-17,47.390161202256174
2024-01-18,46.5378591910526
2024-01-19,43.81164385673053
2024-01-20,32.663846653222556
2024-01-21,34.90711486564753
2024-01-22,42.14270361280563
2024-01-23,42.166378625357794
2024-01-24,44.78027091930156
2024-01-25,46.26499481311525
2024-01-26,44.29593425627631
2024-01-27,38.86712869188986
2024-01-28,38.82404022653489
2024-01-29,54.294871886577525
2024-01-30,54.52316513954588
2024-01-31,66.40293954095485
2024-02-01,56.00672184054208
2024-02-02,46.69532919091397
2024-02-03,38.40915605284632
2024-02-04,40.44666663239812
2024-02-05,47.833273958280955
2024-02-06,45.6914353033565
2024-02-07,45.17930771126287
2024-02-08,44.9021215534587
2024-02-09,41.60541435675565
2024-02-10,31.027390027549696
2024-02-11,34.88234670912574
2024-02-12,46.32505231660804
2024-02-13,53.01119955958515
2024-02-14,45.89266749940087
2024-02-15,46.928136992644596
2024-02-16,39.395273852425525
2024-02-17,36.502665696100735
2024-02-18,34.748487060192396
2024-02-19,39.347634960323155
2024-02-20,41.04038878933679
2024-02-21,41.144030976200405
2024-02-22,43.029254796024986
2024-02-23,37.63005764904746
2024-02-24,31.532851680944656
2024-02-25,35.663332333204096
2024-02-26,43.45876100078391
2024-02-27,46.395545494730754
2024-02-28,47.7519905048153
2024-02-29,63.8004083903722
2024-03-01,49.335957776137704
2024-03-02,35.4873743140776
2024-03-03,41.10789024104322
2024-03-04,46.57485514960062
2024-03-05,44.21703607246772
2024-03-06,43.48787161850751
2024-03-07,42.52766894767357
2024-03-08,37.462067971941025
2024-03-09,34.10260882228424
2024-03-10,38.183344426342366
2024-03-11,45.298230142557436
2024-03-12,60.16802472268806
2024-03-13,48.68047774574643
2024-03-14,45.34719674861183
2024-03-15,42.4582051622999
2024-03-16,34.29137116485041
2024-03-17,36.24876623675456
2024-03-18,43.354354112192866
2024-03-19,48.053132623343274
2024-03-20,47.826767711531915
2024-03-21,41.20300254566958
2024-03-22,35.581864889551895
2024-03-23,26.35286624261846
2024-03-24,27.657420915349256
2024-03-25,31.07898148013819
2024-03-26,33.75052146979141
2024-03-27,36.33664265277764
2024-03-28,35.02259048382143
2024-03-29,34.83609224440655
2024-03-30,31.551115163669937
2024-03-31,31.634860308171696
2024-04-01,42.102765119704
2024-04-02,59.315802096601544
2024-04-03,54.37124499638519
2024-04-04,47.49325346743048
2024-04-05,40.46403315138819
2024-04-06,34.9108152841534
2024-04-07,36.10272958078694
2024-04-08,42.74059711754565
2024-04-09,45.52595368838965
2024-04-10,59.878752434472446
2024-04-11,46.6679564843502
2024-04-12,41.537678634013446
2024-04-13,33.717197840927284
2024-04-14,33.434824734458715
2024-04-15,41.94852329731107
2024-04-16,38.68191932799561
2024-04-17,37.66019633617972
2024-04-18,37.150458721939366
2024-04-19,33.7714467717518
2024-04-20,28.622069893423948
2024-04-21,29.732819900272883
2024-04-22,38.59242319771238
2024-04-23,38.2100497365702
2024-04-24,41.054094699526665
2024-04-25,43.024780688999016
2024-04-26,37.31732253641994
2024-04-27,30.356113689928307
2024-04-28,31.186023881534677
2024-04-29,44.19018572674969
2024-04-30,38.26946302817974
2024-05-01,33.67760145904266
2024-05-02,38.34184428848893
2024-05-03,38.128525920438555
2024-05-04,27.55155247652716
2024-05-05,30.69394624785975
2024-05-06,38.97134710316587
2024-05-07,36.669350532494015
2024-05-08,34.574175015544135
2024-05-09,28.594496299207556
2024-05-10,32.120102844856156
2024-05-11,29.529574782360474
2024-05-12,31.981069161706813
2024-05-13,39.93582613582292
2024-05-14,48.80660336198119
2024-05-15,58.1491408848714
2024-05-16,41.15286690624043
2024-05-17,36.148117214273285
2024-05-18,26.19102369735245
2024-05-19,28.225454465861848
2024-05-20,28.973319840489545
2024-05-21,31.17250094841076
2024-05-22,34.977972193999314
2024-05-23,33.05427847987406
2024-05-24,27.674377721299862
2024-05-25,25.70880180902553
2024-05-26,26.485994991545518
2024-05-27,34.62775462322752
2024-05-28,36.083068125427815
2024-05-29,50.46911207013918
2024-05-30,37.1438491508804
2024-05-31,37.64041949150294
2024-06-01,29.991201403399568
2024-06-02,32.21447620346719
2024-06-03,36.17586774796765
2024-06-04,38.155990352914905
2024-06-05,33.38938111415282
2024-06-06,39.89181443243035
2024-06-07,34.30089898674756
2024-06-08,24.171636945534427
2024-06-09,28.682110737129804
2024-06-10,34.668237782603626
2024-06-11,33.296477084921754
2024-06-12,40.722910205286674
2024-06-13,36.60714668880221
2024-06-14,28.520793105847982
2024-06-15,25.71250046170791
2024-06-16,27.318839937871225
2024-06-17,27.94145943918508
2024-06-18,33.82361350640794
2024-06-19,30.353429814541727
2024-06-20,29.286823823175123
2024-06-21,29.760366715787185
2024-06-22,24.26886952486788
2024-06-23,27.291369370246514
2024-06-24,31.00994597798867
2024-06-25,31.348219056570663
2024-06-26,31.117313588626942
2024-06-27,34.67477771230925
2024-06-28,35.99538543562714
2024-06-29,26.3958017241048
2024-06-30,26.180057651102725
2024-07-01,40.70537835203439
2024-07-02,33.89534462466744
2024-07-03,37.1296754112255
2024-07-04,30.977296668538024
2024-07-05,24.62041071074941
2024-07-06,19.985364250152582
2024-07-07,26.252488393740038
2024-07-08,34.48174813256442
2024-07-09,34.79201112964595
2024-07-10,32.013021819750335
2024-07-11,40.3591221276924
2024-07-12,29.7011008826179
2024-07-13,23.38916392028097
2024-07-14,22.966787924913397
2024-07-15,26.34880930461697
2024-07-16,24.689988016718004
2024-07-17,27.581248474297215
2024-07-18,29.65231977310372
2024-07-19,25.23412947946783
2024-07-20,19.66306175392694
2024-07-21,23.078117863086245
2024-07-22,29.040979266699495
2024-07-23,30.177049621396
2024-07-24,34.88242616427554
2024-07-25,38.43657863186369
2024-07-26,33.281507547127156
2024-07-27,26.32034188420311
2024-07-28,33.63434581545596
2024-07-29,40.56844587711497
2024-07-30,48.6498774974859
2024-07-31,46.5876592105559
2024-08-01,34.08440827494361
2024-08-02,31.280635466541266
2024-08-03,24.896658412004957
2024-08-04,27.122796439150058
2024-08-05,29.140370547193495
2024-08-06,25.092472118753182
2024-08-07,24.66308295050301
2024-08-08,26.28544373421573
2024-08-09,23.825715874530786
2024-08-10,19.831760351034024
2024-08-11,23.243620273977864
2024-08-12,35.469853368199196
2024-08-13,32.70812927420171
2024-08-14,41.1940586768263
2024-08-15,32.6432218089096
2024-08-16,33.247458311899535
2024-08-17,25.05765129163257
2024-08-18,23.205257046880067
2024-08-19,27.211589115078773
2024-08-20,27.303257556086972
2024-08-21,28.429865268376766
2024-08-22,27.580837150141083
2024-08-23,28.924363606951058
2024-08-24,18.888282448849267
2024-08-25,23.276364827576856
2024-08-26,28.45776629732728
2024-08-27,34.231509494623566
2024-08-28,32.887061308952646
2024-08-29,49.573056783934085
2024-08-30,37.691255975804864
2024-08-31,25.010201197778752
2024-09-01,27.70389654003038
2024-09-02,34.05800539804042
2024-09-03,32.55205336202764
2024-09-04,33.97142670980562
2024-09-05,29.907303225123652
2024-09-06,27.142105059355387
2024-09-07,24.58808366711151
2024-09-08,24.092728108276543
2024-09-09,33.648063153611716
2024-09-10,38.21052991519113
2024-09-11,43.908393559189605
2024-09-12,39.68227589376905
2024-09-13,34.2359441797805
2024-09-14,25.173532951473312
2024-09-15,26.945947894028002
2024-09-16,36.86080019103631
2024-09-17,32.28461882437344
2024-09-18,36.87442668649733
2024-09-19,36.77262886203306
2024-09-20,31.979225351673072
2024-09-21,22.337911023641823
2024-09-22,26.263543652524636
2024-09-23,31.88525999889036
2024-09-24,36.02819443645089
2024-09-25,31.77224129644877
2024-09-26,35.8301665082569
2024-09-27,34.84195948790011
2024-09-28,25.894722900247494
2024-09-29,29.135077407598793
2024-09-30,54.39531170372256
2024-10-01,43.40849396714951
2024-10-02,35.88087284622341
2024-10-03,33.3741830967661
2024-10-04,31.70225563014335
2024-10-05,24.090459182048292
2024-10-06,29.064456567167472
2024-10-07,34.9045164398365
2024-10-08,35.11755065303735
2024-10-09,34.84528752388299
2024-10-10,38.64066575222674
2024-10-11,33.828136374550226
2024-10-12,24.4618216022812
2024-10-13,26.861470959491346
2024-10-14,34.395591516813866
2024-10-15,35.92775537959211
2024-10-16,36.905859615321745
2024-10-17,37.25406568528538
2024-10-18,29.9721468144481
2024-10-19,25.601659764511346
2024-10-20,25.844025643836453
2024-10-21,31.838763519549996
2024-10-22,31.77274929251201
2024-10-23,29.835726348416745
2024-10-24,33.86522855415414
2024-10-25,29.45804782201847
2024-10-26,24.706606791981834
2024-10-27,29.88588236627342
2024-10-28,39.72710496999134
2024-10-29,40.68551174538716
2024-10-30,55.82818167290688
2024-10-31,45.901820299040146
2024-11-01,37.2348568311327
2024-11-02,34.12432116474923
2024-11-03,33.87330891997229
2024-11-04,42.96844894375924
2024-11-05,42.72479894957227
2024-11-06,50.24082980882501
2024-11-07,45.16026340621829
2024-11-08,41.37059016876577
2024-11-09,34.4533672132343
2024-11-10,35.21220582819113
2024-11-11,43.19762448241176
2024-11-12,52.495970570244964
2024-11-13,51.758237642772016
2024-11-14,42.46066809092783
2024-11-15,43.44111134340689
2024-11-16,30.889995499080154
2024-11-17,31.226521733266683
2024-11-18,39.78470797965468
2024-11-19,33.7392001279906
2024-11-20,37.337588104506096
2024-11-21,36.36531766073945
2024-11-22,34.62100075934089
2024-11-23,33.70553365369672
2024-11-24,35.061712429796046
2024-11-25,46.503543603194345
2024-11-26,48.81961724380062
2024-11-27,55.1655514976708
2024-11-28,62.68186575986226
2024-11-29,50.63684905832304
2024-11-30,60.503012217114026
2024-12-01,48.46400443655514
2024-12-02,47.065595056723396
2024-12-03,42.22167551345271
2024-12-04,41.01611395829023
2024-12-05,41.51823690736834
2024-12-06,39.91993287391511
2024-12-07,33.22453787744828
2024-12-08,34.44241375659459
2024-12-09,41.802845309249854
2024-12-10,42.278972169981785
2024-12-11,45.252829089879256
2024-12-12,47.438864723706345
2024-12-13,40.15639762415251
2024-12-14,34.157558688858316
2024-12-15,33.406025155722865
2024-12-16,40.478303590283936
2024-12-17,37.73953058072691
2024-12-18,39.813067176712465
2024-12-19,36.838524966276566
2024-12-20,33.20393128896418
2024-12-21,26.012342949427392
2024-12-22,25.83803014636321
2024-12-23,25.761927723802877
2024-12-24,25.235980506573974
2024-12-25,24.690627334833394
2024-12-26,23.53757433332749
2024-12-27,24.278211700005233
2024-12-28,24.37307483987326
2024-12-29,25.314273207535983
2024-12-30,26.76573209416051
2024-12-31,28.098065658503586
2025-01-01,28.153709989131816
2025-01-02,33.275521934683724
2025-01-03,32.24525232928856
2025-01-04,34.1842517790634
2025-01-05,35.23081116813185
2025-01-06,48.674952876353224
2025-01-07,50.053773094566274
2025-01-08,45.34268704023239
2025-01-09,43.05259776686624
2025-01-10,42.80165126269192
2025-01-11,36.89428195334874
2025-01-12,39.71887591112725
2025-01-13,47.62173590869422
2025-01-14,47.610314000030264
2025-01-15,61.50753638482526
2025-01-16,47.11428892755589
2025-01-17,42.23283755844507
2025-01-18,35.53270384344107
2025-01-19,34.92858503215494
2025-01-20,39.57945907169473
2025-01-21,36.4142329318067
2025-01-22,36.53937051682494
2025-01-23,35.66828457685969
2025-01-24,36.341502526479644
2025-01-25,30.660710339170127
2025-01-26,35.53136804192113
2025-01-27,39.53329224516851
2025-01-28,39.59126529488691
2025-01-29,41.64351712234345
2025-01-30,42.45745954368789
2025-01-31,41.94677558335236
2025-02-01,34.853696899562664
2025-02-02,33.9250989507547
2025-02-03,36.49918414031181
2025-02-04,35.278966197823976
2025-02-05,37.82851493969558
2025-02-06,36.82187471486516
2025-02-07,38.31934957573744
2025-02-08,38.85842900996538
2025-02-09,45.97611678551989
2025-02-10,48.61283291254742
2025-02-11,52.75066533191031
2025-02-12,83.99189194557067
2025-02-13,56.803911101601656
2025-02-14,49.160853463538906
2025-02-15,42.02309722858282
2025-02-16,42.412845841133894
2025-02-17,42.38005915210418
2025-02-18,40.498590860026916
2025-02-19,37.592744628591305
2025-02-20,36.84308116080307
2025-02-21,33.714358829538
2025-02-22,31.00029101708145
2025-02-23,29.073763190319227
2025-02-24,33.66157315475006
2025-02-25,34.47949614276584
2025-02-26,33.17159440822593
2025-02-27,35.44618336431337
2025-02-28,37.08903541254239
2025-03-01,30.40395634365403
2025-03-02,31.78721136686242
2025-03-03,36.767187898705814
2025-03-04,41.30734334075426
2025-03-05,43.738999810997356
2025-03-06,44.023470023069464
2025-03-07,41.41553229138124
2025-03-08,35.56547563860481
2025-03-09,38.9408088487233
2025-03-10,44.20342075897834
2025-03-11,45.30949253226014
2025-03-12,51.89325608647994
2025-03-13,43.25770304429745
2025-03-14,41.082118570063216
2025-03-15,36.98983742572142
2025-03-16,36.36372054445604
2025-03-17,43.16493670726712
2025-03-18,42.691067050757844
2025-03-19,43.08264576140351
2025-03-20,38.362239211339926
2025-03-21,37.0334582624556
2025-03-22,29.22986863237978
2025-03-23,31.013176442019184
2025-03-24,35.05488648866923
2025-03-25,34.25001842918
2025-03-26,32.90629968353263
2025-03-27,35.50595673483056
2025-03-28,34.68155941193359
2025-03-29,29.027037079371773
2025-03-30,28.739961643887522
2025-03-31,40.86820664938004
2025-04-01,40.0676936235038
2025-04-02,36.18726158879362
2025-04-03,45.383952692649935
2025-04-04,39.53183387676092
2025-04-05,31.07624628629678
2025-04-06,38.652541741680025
2025-04-07,43.55392043528676
2025-04-08,37.75757523535036
2025-04-09,41.34045416548631
2025-04-10,36.18379666407522
2025-04-11,33.11240205865414
2025-04-12,23.170685118051296
2025-04-13,21.6490403871114
2025-04-14,27.37915076739358
2025-04-15,25.673162196867377
2025-04-16,27.52557875266507
2025-04-17,24.794577315652216
2025-04-18,19.363309216617505
2025-04-19,18.461820923789755
2025-04-20,20.08764790165987
2025-04-21,16.820146923845996
2025-04-22,29.372196131200255
2025-04-23,27.732396417983427
2025-04-24,27.75131476892707
2025-04-25,21.863629252052306
2025-04-26,17.02517435974309
2025-04-27,20.004861658611002
2025-04-28,27.12075453356104
2025-04-29,27.72472614973871
2025-04-30,30.097666094256983
2025-05-01,22.29001276910392
2025-05-02,20.484556440582708
2025-05-03,17.853114614983788
2025-05-04,18.4161302175018
2025-05-05,25.979092727933658
2025-05-06,32.481054129921986
2025-05-07,21.80044278265574
2025-05-08,24.913515984280746
2025-05-09,21.366298031075022
2025-05-10,14.364020809670656
2025-05-11,18.19326249514419
2025-05-12,30.679588424061453
2025-05-13,38.818070969374446
2025-05-14,29.119639073035327
2025-05-15,23.75619988215217
2025-05-16,19.83809014585117
2025-05-17,15.49682019174449
2025-05-18,18.139783580862925
2025-05-19,27.154907358358397
2025-05-20,27.917677862825848
2025-05-21,28.518046323022624
2025-05-22,24.72592399105778
2025-05-23,20.709443877774092
2025-05-24,14.115994557690382
2025-05-25,19.782971542794105
2025-05-26,24.41496096247857
2025-05-27,27.198111225959643
2025-05-28,25.70535566710108
2025-05-29,22.599830949711503
2025-05-30,25.957877531769547
2025-05-31,15.671109638157262
2025-06-01,18.771733124728815
2025-06-02,25.498066671835883
2025-06-03,28.28484848968332
2025-06-04,22.450727156346275
2025-06-05,35.99862877709221
2025-06-06,27.475537907001147
2025-06-07,16.395132952582706
2025-06-08,15.792148838933027
2025-06-09,21.354905780374537
2025-06-10,27.273888639689602
2025-06-11,39.96679583495361
2025-06-12,27.088418231507152
2025-06-13,24.21221852964142
2025-06-14,16.306666041410445
2025-06-15,16.774708875811307
2025-06-16,23.03396748567136
2025-06-17,22.541923921845417
2025-06-18,21.071374709964992
2025-06-19,22.056682682106135
2025-06-20,22.225402099593495
2025-06-21,16.882340411988856
2025-06-22,18.91768486775064
2025-06-23,23.891254145053416
2025-06-24,25.051970865917113
2025-06-25,26.416195000493445
2025-06-26,22.113093578757073
2025-06-27,28.074202598610057
2025-06-28,21.8380987409505
2025-06-29,19.166399472936266
2025-06-30,33.309358566990646
2025-07-01,31.610023180466243
2025-07-02,23.971183841827425
2025-07-03,25.032373852960298
2025-07-04,22.83907506374463
2025-07-05,15.063985951571933
2025-07-06,16.862631095239742
2025-07-07,25.34929627107238
2025-07-08,24.57093682316524
2025-07-09,27.20083069659086
2025-07-10,25.519407793197395
2025-07-11,20.22528015731981
2025-07-12,17.906204047671487
2025-07-13,17.85493029855023
2025-07-14,24.301632061736136
2025-07-15,30.467030693401654
2025-07-16,27.830514279006238
2025-07-17,24.831019035760683
2025-07-18,22.747728174239917
2025-07-19,15.952467996448723
2025-07-20,17.613330499459796
2025-07-21,21.319510974829946
2025-07-22,23.117155399669784
2025-07-23,22.816529070055
2025-07-24,24.100205566372658
2025-07-25,21.748012600389934
2025-07-26,17.066766354104224
2025-07-27,18.100249099704495
2025-07-28,21.177612098622856
2025-07-29,23.160010593832528
2025-07-30,26.72003778078581
2025-07-31,29.941572511493806
2025-08-01,22.588420676579236
2025-08-02,17.69886444107407
2025-08-03,18.471952644863258
2025-08-04,25.025467671001817
2025-08-05,26.00880826291714
2025-08-06,24.027962234318384
2025-08-07,24.818146018648324
2025-08-08,22.298068667152688
2025-08-09,19.396005716150018
2025-08-10,19.876882859007065
2025-08-11,25.226200073901982
2025-08-12,34.24780189960965
2025-08-13,27.09403056648666
2025-08-14,27.09647216392838
2025-08-15,21.851421577941263
2025-08-16,15.628188817952768
2025-08-17,17.895709930355444
2025-08-18,20.6926993062352
2025-08-19,22.47679264187935
2025-08-20,22.610380964824795
2025-08-21,23.42140120673529
2025-08-22,21.198216406231296
2025-08-23,13.40699506501323
2025-08-24,17.598588373837778
2025-08-25,21.648160019876862
2025-08-26,22.53370913494864
2025-08-27,23.974621401268276
2025-08-28,26.435820028792886
2025-08-29,31.312074650421792
2025-08-30,23.028457718543606
2025-08-31,23.668821724828593
2025-09-01,26.045396195107966
2025-09-02,27.362131848469772
2025-09-03,24.132104604565313
2025-09-04,24.026547435852777
2025-09-05,22.628689843406846
2025-09-06,22.49560948505112
2025-09-07,20.37284388696639
2025-09-08,25.166655423102867
2025-09-09,27.57857988601719
2025-09-10,26.44630924871326
2025-09-11,28.04630685502268
2025-09-12,24.00995491416382
2025-09-13,21.311101582979255
2025-09-14,22.0419013090004
2025-09-15,22.337457483869144
2025-09-16,24.289924555684557
2025-09-17,26.969456104658533
2025-09-18,24.099588787728056
2025-09-19,22.42170915844894
2025-09-20,20.54104758462202
2025-09-21,20.549758512733767
2025-09-22,22.65042013096721
2025-09-23,25.913186020815353
2025-09-24,24.061592842284277
2025-09-25,25.696719987924066
2025-09-26,24.54210411637291
2025-09-27,20.365283621589235
2025-09-28,21.76733789655825
2025-09-29,24.741828499271275
2025-09-30,28.405401331586578
2025-10-01,26.388608408616218
2025-10-02,22.826392106787253
2025-10-03,20.601276329159813
2025-10-04,19.294830187358237
2025-10-05,20.44130027440497
2025-10-06,22.88037213658742
2025-10-07,24.426906685850593
2025-10-08,21.03607199286627
2025-10-09,23.866025104650216
2025-10-10,21.665624332393083
2025-10-11,20.33939444435991
2025-10-12,19.840843123940797
2025-10-13,23.37437772392857
2025-10-14,26.430243105539436
2025-10-15,26.141412804770354
2025-10-16,27.09512916359954
2025-10-17,23.38686741048364
2025-10-18,21.448065289553664
2025-10-19,22.750979630641226
2025-10-20,25.663944766559403
2025-10-21,28.172293452029834
2025-10-22,29.578640869759923
2025-10-23,29.030627801675035
2025-10-24,33.57958960510323
2025-10-25,27.805573136950066
2025-10-26,30.84791722251495
2025-10-27,36.38255027485424
2025-10-28,36.118341707021074
2025-10-29,42.99565421031594
2025-10-30,55.80790135490244
2025-10-31,50.68902501040349
2025-11-01,50.26528808345695
2025-11-02,54.59581070094808
2025-11-03,60.17284748731782
2025-11-04,57.83076943784152
2025-11-05,60.354964836789705
2025-11-06,60.8380031304168
2025-11-07,60.70786275140635
2025-11-08,58.63619167002699
2025-11-09,59.70393639946249
2025-11-10,62.53460827912979
2025-11-11,67.72596572225021
2025-11-12,73.75040389586292
2025-11-13,75.26130587816985
2025-11-14,67.79623907417454
2025-11-15,63.29791844666497
2025-11-16,64.80494926397003
2025-11-17,70.24691262583573
2025-11-18,68.66905538918792
2025-11-19,71.34576540420679
2025-11-20,67.2351164249609
2025-11-21,66.27484207411614
2025-11-22,63.757594845116714
2025-11-23,63.66427972922796
2025-11-24,69.2528161042749
2025-11-25,72.32893238997744
2025-11-26,76.64107196802992
2025-11-27,78.52796455748586
2025-11-28,75.14195549401461
2025-11-29,70.07974239197513
2025-11-30,75.92976690066075
2025-12-01,78.00672800437188
2025-12-02,78.36636945159944
2025-12-03,78.66175154692075
2025-12-04,76.5940873070117
2025-12-05,77.74245525417402
2025-12-06,73.06668185437496
2025-12-07,72.82090680240076
2025-12-08,79.85126743325961
2025-12-09,79.35770821829814
2025-12-10,78.36573544704736
2025-12-11,76.53957124310578
2025-12-12,71.32213795204893
2025-12-13,63.565794792722
2025-12-14,65.1002545595707
2025-12-15,68.7324365461728
2025-12-16,66.17121016874798
2025-12-17,67.36076631330268
2025-12-18,78.88751712827603
2025-12-19,59.08917715158308
2025-12-20,55.62037544439221
2025-12-21,54.559244763245985
2025-12-22,55.427401813674784
2025-12-23,52.61993900227292
2025-12-24,51.84508018883684
2025-12-25,53.77438112400093
2025-12-26,52.20886566741089
2025-12-27,53.812433169795455
2025-12-28,52.541081895657044
2025-12-29,54.51925268392101
2025-12-30,56.87991907196019
2025-12-31,52.08099342592563
2026-01-01,53.29530003614468
2026-01-02,58.585664827144015
2026-01-03,60.616632698286644
2026-01-04,54.37736460640723
2026-01-05,60.03655418023243
2026-01-06,63.31072723666867
2026-01-07,61.539489848563576
2026-01-08,57.56403941288601
2026-01-09,53.68316291383372
2026-01-10,53.332126294542135
2026-01-11,54.263800705834576
2026-01-12,57.502159251123885
2026-01-13,61.54911603132713
2026-01-14,62.34950748901589
2026-01-15,59.28343601025206
2026-01-16,59.94464736415384
2026-01-17,55.16382267918999
2026-01-18,56.84816195588222
2026-01-19,62.81154004895392
2026-01-20,62.95479166785404
2026-01-21,67.24793676615295
2026-01-22,63.938749750831455
2026-01-23,57.650633657831506
2026-01-24,52.697042715803285
2026-01-25,54.63122638285046
2026-01-26,58.42189202758806
2026-01-27,60.711260910842114
2026-01-28,60.05290526525499
2026-01-29,59.339680622811585
2026-01-30,62.26514359863652
2026-01-31,51.472161005965845
2026-02-01,52.81562915451327
2026-02-02,56.018841393009055
2026-02-03,55.728723533658304
2026-02-04,56.14249900508093
2026-02-05,52.262243295331864
2026-02-06,49.72515032948226
2026-02-07,47.39796978356634
2026-02-08,50.10427996287786
2026-02-09,55.13233465290838
2026-02-10,57.54232474450254
2026-02-11,53.17899904139219
2026-02-12,53.83978400978618
2026-02-13,57.22912129792627
2026-02-14,52.04356535332805
2026-02-15,51.242850664753306
2026-02-16,52.02358230964026
2026-02-17,53.96649918031396
2026-02-18,49.65358541016958
2026-02-19,51.57550117843712
2026-02-20,51.894969509062584
2026-02-21,48.91834156401664
2026-02-22,50.61572952375686
2026-02-23,55.18472722639475
2026-02-24,55.45223371209031
2026-02-25,57.79433872227586
2026-02-26,58.591282977547365
2026-02-27,57.12797030152301
2026-02-28,51.949464531554455
2026-03-01,52.118395980177205
2026-03-02,57.422003066790666
2026-03-03,64.053732036942165
2026-03-04,60.129087817594396
2026-03-05,59.724482103155864
2026-03-06,62.999441202215635
2026-03-07,55.64501502970728
2026-03-08,58.52468637679263
2026-03-09,66.61218560029451
2026-03-10,63.79689821592473
2026-03-11,65.296716497566
2026-03-12,64.68251202559675
2026-03-13,65.25029455903108
2026-03-14,60.93581909059664
2026-03-15,60.59730864902535
2026-03-16,63.213121835376725
2026-03-17,64.99246665159451
2026-03-18,66.98183416706354
2026-03-19,71.74822291971094
2026-03-20,69.1638530977335
2026-03-21,65.74747945466194
2026-03-22,65.61845214399723
2026-03-23,70.7092195048417
2026-03-24,67.84347005016242
2026-03-25,67.59085759767068
2026-03-26,67.60422789971214
2026-03-27,68.03721270007061
2026-03-28,67.75214604853527
2026-03-29,70.0351782436457
2026-03-30,79.18059386777003
2026-03-31,75.96000319105806
2026-04-01,72.28482198628362
2026-04-02,68.06440470134626
2026-04-03,66.17370331791247
2026-04-04,62.993268218964694
2026-04-05,61.173281478585
2026-04-06,61.14980347696189
2026-04-07,61.956879517085355
2026-04-08,59.236293998882395
2026-04-09,60.16091011222571
2026-04-10,63.2978900181772
2026-04-11,59.03005918899174
2026-04-12,61.20920293765636
2026-04-13,65.80484940722414
2026-04-14,67.91152780359477
2026-04-15,68.76440599953061
2026-04-16,64.38050111981573
2026-04-17,63.77320797517079
2026-04-18,59.12195975570494
2026-04-19,62.84195145801584
2026-04-20,58.650982452131935
2026-04-21,58.816979914127984
2026-04-22,60.79058244684087
2026-04-23,60.372814445961474
2026-04-24,56.27634001453433
2026-04-25,55.49349613227746
2026-04-26,57.38349486275989
2026-04-27,58.991080186383805
2026-04-28,56.906190455476676
2026-04-29,60.17509664938709
2026-04-30,60.623163659031405
2026-05-01,52.73326784834997
2026-05-02,50.512705684498656
2026-05-03,47.66682313247187
2026-05-04,46.79503502196243
2026-05-05,46.06943037815836
2026-05-06,46.55602573386738
2026-05-07,46.32301461909051
2026-05-08,49.54537364337033
2026-05-09,50.460004097278514
2026-05-10,56.459457194287204
2026-05-11,67.75209612646672
2026-05-12,83.06948713885001
2026-05-13,68.76706942053414
2026-05-14,64.73486735408783
2026-05-15,65.38562771443891
2026-05-16,66.88708059813801
2026-05-17,58.204218305692685
2026-05-18,57.57535387211237
2026-05-19,53.84457021680223
2026-05-20,54.99267388581658
2026-05-21,52.80122344029418
2026-05-22,51.84861598335501
2026-05-23,49.615860452466684
2026-05-24,50.21081761077427
2026-05-25,51.1948474840481
2026-05-26,52.9528854108381
2026-05-27,54.12400129550022
2026-05-28,54.59640079370851
2026-05-29,54.91875687922699
2026-05-30,50.785946189546195
2026-05-31,50.30494262566004
2026-06-01,50.70127762607559
2026-06-02,52.89922966908363
2026-06-03,52.3330857914888
2026-06-04,53.137043401547686
2026-06-05,58.752091051917944
2026-06-06,64.78790597100867
2026-06-07,65.17264671271948
2026-06-08,71.02144391699561
2026-06-09,77.25076595715309
2026-06-10,88.45367915202321
2026-06-11,108.41971642011818
2026-06-12,77.85966176660743
2026-06-13,65.80425766865683
2026-06-14,59.25256053460155
2026-06-15,56.388842079581174
2026-06-16,54.119249665517316
2026-06-17,50.93348728780282
2026-06-18,47.82902656149975
2026-06-19,45.194712353497096
2026-06-20,44.394319413277046
2026-06-21,47.084664999492446
2026-06-22,47.98370087728003
2026-06-23,47.23513058224014
2026-06-24,50.29687083369181
2026-06-25,51.06011241733503
2026-06-26,52.34257176351545
2026-06-27,57.95380147730108
2026-06-28,59.97038296869931
2026-06-29,59.97905352163474
2026-06-30,61.01167601303477
2026-07-01,65.61546609013692
2026-07-02,60.75566756607747
2026-07-03,61.61977197757894
2026-07-04,62.0820638146441
2026-07-05,62.702821935041214
2026-07-06,61.23432593442454
2026-07-07,62.380489460851855
2026-07-08,64.08633144868335
2026-07-09,60.86549805955302
2026-07-10,57.060219379907714
2026-07-11,53.22824252769062
2026-07-12,53.5369698522557
2026-07-13,52.29093531021709
2026-07-14,50.10323137001522
2026-07-15,47.80181466119303
2026-07-16,44.0185238867766
2026-07-17,43.78605412625218
2026-07-18,39.370572904643225
2026-07-19,44.61247206778805
2026-07-20,40.52571113241865
2026-07-21,39.27140931179149
2026-07-22,38.77422968582903
2026-07-23,39.062937512974884
2026-07-24,37.7106731621535
2026-07-25,35.869578899747026
2026-07-26,36.9098291113636
2026-07-27,39.00256960822469
2026-07-28,40.28793583738186
2026-07-29,40.96166244795417
2026-07-30,41.30830694868857
2026-07-31,39.06606873254269
2026-08-01,36.982642034703176
2026-08-02,35.734654068480886
2026-08-03,35.414451157121945
2026-08-04,35.750841289897856
2026-08-05,36.942210886870974
2026-08-06,38.27610008651233
2026-08-07,38.606578839719134
2026-08-08,42.24931809168939
2026-08-09,48.07026641138062
2026-08-10,53.722563527042
2026-08-11,62.00647644892917
2026-08-12,70.80889207482048
2026-08-13,58.32216755062093
2026-08-14,52.62469180339216
2026-08-15,48.533796431396944
2026-08-16,47.91050622803628
2026-08-17,45.824123387530015
2026-08-18,46.34888698726872
2026-08-19,47.55885615176318
2026-08-20,42.76185256699602
2026-08-21,36.63843819122053
2026-08-22,36.121374003607684
2026-08-23,36.20617784262667
2026-08-24,39.781294050504286
2026-08-25,49.490671331587365
2026-08-26,47.49900313629034
2026-08-27,43.35990297247578
2026-08-28,44.944903740529625
2026-08-29,40.80803878508836
2026-08-30,38.662387520000415
2026-08-31,45.99612272529192
2026-09-01,49.73323650100247
2026-09-02,48.730744338795915
2026-09-03,46.689941154959904
2026-09-04,46.42950425842443
2026-09-05,46.493412229258055
2026-09-06,46.0152559714679
2026-09-07,48.059394232213236
2026-09-08,47.42511451779875
2026-09-09,45.090573540205
2026-09-10,53.77298769219098
2026-09-11,44.572961452477465
2026-09-12,41.05472039684002
2026-09-13,36.99803300147633
2026-09-14,40.61177785377944
2026-09-15,40.50560818451366
2026-09-16,41.17867562163127
2026-09-17,40.670859831775466
2026-09-18,39.47485027303477
2026-09-19,40.05058886116235
2026-09-20,42.360460241555515
2026-09-21,44.680636110491996
2026-09-22,42.251227067450685
2026-09-23,39.473560358182006
2026-09-24,38.88240671591206
2026-09-25,36.60868927518643
2026-09-26,32.81568463257883
2026-09-27,31.26244455768086
2026-09-28,35.54826426872511
2026-09-29,33.44898425204112
2026-09-30,39.059526446824066
2026-10-01,37.014178782677995
2026-10-02,51.83764062807874
