time,value
2006-01-01,34.34842492448788
2006-01-02,73.8512934928813
2006-01-03,65.36029014570232
2006-01-04,79.96670083678906
2006-01-05,66.26605726058894
2006-01-06,66.91313098962712
2006-01-07,38.159438363379635
2006-01-08,60.939674152667635
2006-01-09,58.18676014176757
2006-01-10,81.30516463763824
2006-01-11,64.67216213978263
2006-01-12,61.87964514041789
2006-01-13,64.17791690196869
2006-01-14,34.38076631571512
2006-01-15,53.42288815116801
2006-01-16,56.48247110408661
2006-01-17,64.34004490309766
2006-01-18,71.52704908999895
2006-01-19,64.91893857375499
2006-01-20,66.38995518019227
2006-01-21,42.03502406987169
2006-01-22,48.7271740064478
2006-01-23,63.839526937666406
2006-01-24,74.24753776973247
2006-01-25,70.10779766582327
2006-01-26,75.48197265054651
2006-01-27,79.4329418065886
2006-01-28,40.39964565515701
2006-01-29,34.94193059948825
2006-01-30,76.88699053593095
2006-01-31,73.26929767691212
2006-02-01,72.21218404923663
2006-02-02,79.18197035771128
2006-02-03,70.11699058038991
2006-02-04,48.2983809960744
2006-02-05,44.35008016908089
2006-02-06,66.48174290809821
2006-02-07,81.88200646338156
2006-02-08,76.33261365288699
2006-02-09,81.55121512484745
2006-02-10,77.85099323237145
2006-02-11,13.82747967170469
2006-02-12,40.41294308206403
2006-02-13,79.92276493347339
2006-02-14,74.39020436947143
2006-02-15,75.21972969536978
2006-02-16,84.59876509620088
2006-02-17,70.80965991429994
2006-02-18,11.978172317720254
2006-02-19,49.193162120723144
2006-02-20,86.52837506054124
2006-02-21,118.51525067559842
2006-02-22,92.65560857491207
2006-02-23,69.10361379174142
2006-02-24,66.45237188099938
2006-02-25,43.14082336497625
2006-02-26,46.19858818416553
2006-02-27,68.8692626948236
2006-02-28,66.31065114892478
2006-03-01,82.27123720439701
2006-03-02,85.9061064296352
2006-03-03,69.12178934932928
2006-03-04,55.10498230575056
2006-03-05,47.57430640651498
2006-03-06,76.48546238623747
2006-03-07,71.84087637719091
2006-03-08,74.54538060968741
2006-03-09,70.59946030681115
2006-03-10,64.81544867990618
2006-03-11,46.69370963953719
2006-03-12,44.014530318137034
2006-03-13,76.98462168165184
2006-03-14,88.07472771367007
2006-03-15,80.34724226574487
2006-03-16,80.26999795651935
2006-03-17,83.54106056097534
2006-03-18,47.21400195230525
2006-03-19,57.10876424224771
2006-03-20,69.76584304530738
2006-03-21,75.70640023135431
2006-03-22,76.38871859385631
2006-03-23,78.01049998416822
2006-03-24,56.8746490801838
2006-03-25,40.323968174176244
2006-03-26,37.108154001797885
2006-03-27,76.22392024945886
2006-03-28,62.882885643780455
2006-03-29,62.70777569038614
2006-03-30,59.65747970301024
2006-03-31,64.66911859786268
2006-04-01,36.02538831558286
2006-04-02,57.320264998334125
2006-04-03,68.6271035902013
2006-04-04,74.63324163314485
2006-04-05,72.99501035760964
2006-04-06,73.86830775796153
2006-04-07,57.41007159635282
2006-04-08,32.21375402797722
2006-04-09,45.1527304000723
2006-04-10,57.97932927182674
2006-04-11,63.506299757772155
2006-04-12,50.64027635212615
2006-04-13,44.84912633191381
2006-04-14,43.789180935658095
2006-04-15,44.648037630560346
2006-04-16,59.26122370249349
2006-04-17,35.75556255157622
2006-04-18,73.58073221945239
2006-04-19,57.07667901992295
2006-04-20,64.44381750759824
2006-04-21,66.42534922407837
2006-04-22,32.123907585697935
2006-04-23,43.02104341654844
2006-04-24,56.58394595766502
2006-04-25,75.54689542832858
2006-04-26,58.622260377765016
2006-04-27,67.87820200435931
2006-04-28,60.38652070788318
2006-04-29,41.61577695202114
2006-04-30,38.63534500219552
2006-05-01,42.880789521963976
2006-05-02,61.46080161031831
2006-05-03,70.55676238056925
2006-05-04,81.47036345326381
2006-05-05,68.68165602045649
2006-05-06,31.82606938538421
2006-05-07,43.81774298154555
2006-05-08,65.61600768212611
2006-05-09,64.40950073178928
2006-05-10,67.66254799056237
2006-05-11,92.02387795762907
2006-05-12,64.94392189591709
2006-05-13,35.639723926888394
2006-05-14,28.294473627870886
2006-05-15,92.34688756232838
2006-05-16,104.66928893543695
2006-05-17,81.71596854640981
2006-05-18,79.80094675412587
2006-05-19,58.238133751032215
2006-05-20,58.80733143896137
2006-05-21,50.665858827322424
2006-05-22,65.42978030753835
2006-05-23,84.50599032392643
2006-05-24,70.927020175021525
2006-05-25,46.78585411261523
2006-05-26,45.11259730349604
2006-05-27,39.2206747185896
2006-05-28,42.0158890268911
2006-05-29,65.46004263600422
2006-05-30,67.99207606214325
2006-05-31,72.12257271980076
2006-06-01,65.22412936976994
2006-06-02,52.627508644624
2006-06-03,37.11670496534664
2006-06-04,59.15906571627743
2006-06-05,52.41435369436663
2006-06-06,62.917905120850925
2006-06-07,74.06518187642293
2006-06-08,57.817383069286166
2006-06-09,42.71045144901355
2006-06-10,30.33524096775625
2006-06-11,29.739733476937154
2006-06-12,65.36607375387749
2006-06-13,64.43269352940115
2006-06-14,73.86978436117158
2006-06-15,53.62428374920998
2006-06-16,54.37151860604432
2006-06-17,38.726421063647734
2006-06-18,42.59920480594482
2006-06-19,44.28618911800529
2006-06-20,73.3176004699154
2006-06-21,56.77929942972096
2006-06-22,59.747155441619654
2006-06-23,70.55490619702543
2006-06-24,49.64663104546234
2006-06-25,28.739980650499923
2006-06-26,55.98417847459862
2006-06-27,61.56393600274288
2006-06-28,71.3637727374428
2006-06-29,81.73798170708052
2006-06-30,58.15050032634991
2006-07-01,56.73119401206351
2006-07-02,32.903966721520916
2006-07-03,77.83638725210616
2006-07-04,60.09370829904276
2006-07-05,77.56316205168768
2006-07-06,61.43202942168401
2006-07-07,66.93277102957302
2006-07-08,31.45036963371286
2006-07-09,48.31492371578037
2006-07-10,72.88571253652623
2006-07-11,60.411683019730276
2006-07-12,67.12786520259178
2006-07-13,93.67225780751652
2006-07-14,74.05756464544432
2006-07-15,46.16408334254264
2006-07-16,51.447708761633976
2006-07-17,76.06098379979035
2006-07-18,71.92264228139017
2006-07-19,73.6949443293455
2006-07-20,79.00818042154808
2006-07-21,73.64409336922638
2006-07-22,42.65528457981654
2006-07-23,34.52965678643048
2006-07-24,52.364797599992016
2006-07-25,53.8705061522727
2006-07-26,70.58214774499967
2006-07-27,67.13636475477215
2006-07-28,49.1840029874853
2006-07-29,43.521008689830445
2006-07-30,20.631177327332587
2006-07-31,63.933828107158085
2006-08-01,67.29682229023578
2006-08-02,87.49653766236247
2006-08-03,77.83988107825049
2006-08-04,64.0290866968771
2006-08-05,38.77274057396954
2006-08-06,33.2416373142551
2006-08-07,98.24846907389731
2006-08-08,75.20498256684043
2006-08-09,64.8238328983108
2006-08-10,60.45160483937808
2006-08-11,64.18457990166645
2006-08-12,50.86737998332878
2006-08-13,27.335705650012418
2006-08-14,81.60699212139772
2006-08-15,78.34839001446193
2006-08-16,72.79235996073982
2006-08-17,77.86713975200124
2006-08-18,69.97378772428014
2006-08-19,38.35746830657557
2006-08-20,49.005477692840195
2006-08-21,76.60720202131964
2006-08-22,68.48217554369093
2006-08-23,79.49828819250484
2006-08-24,73.56304093714373
2006-08-25,56.14499424177027
2006-08-26,37.81669832412087
2006-08-27,34.61926385574104
2006-08-28,56.69903135286543
2006-08-29,66.08456050486252
2006-08-30,80.92025447187106
2006-08-31,74.39614506274341
2006-09-01,49.036183255284534
2006-09-02,54.206818743022424
2006-09-03,50.13479065915951
2006-09-04,73.9104614067438
2006-09-05,71.52829097830868
2006-09-06,74.88821537732781
2006-09-07,66.21741311518082
2006-09-08,43.41960268580668
2006-09-09,42.951853800626104
2006-09-10,45.765347539234746
2006-09-11,86.99137778531322
2006-09-12,73.20870337751565
2006-09-13,56.98561446766544
2006-09-14,83.55692140761103
2006-09-15,63.71497897813049
2006-09-16,48.2753335895894
2006-09-17,42.45415060633006
2006-09-18,63.874761661842776
2006-09-19,90.91532002259466
2006-09-20,82.94021489740871
2006-09-21,88.0727783202674
2006-09-22,68.03308708418963
2006-09-23,54.53879184569762
2006-09-24,46.496180513471174
2006-09-25,50.62316561741341
2006-09-26,81.1380043465913
2006-09-27,73.51168329766935
2006-09-28,108.67889724818826
2006-09-29,88.20555796185783
2006-09-30,55.84014909028222
2006-10-01,33.45691247149051
2006-10-02,69.99350565574326
2006-10-03,41.86046228936056
2006-10-04,80.30323336995431
2006-10-05,77.0443218175689
2006-10-06,74.73849921310375
2006-10-07,37.293266534756846
2006-10-08,45.64331855780213
2006-10-09,73.79338052699653
2006-10-10,72.52640832345992
2006-10-11,68.091492142226
2006-10-12,71.42575290456202
2006-10-13,60.82321217373052
2006-10-14,42.004825505648625
2006-10-15,41.3038147973116
2006-10-16,70.66356929112827
2006-10-17,71.89299693587559
2006-10-18,61.92360222334018
2006-10-19,73.95936249644424
2006-10-20,73.63948954610679
2006-10-21,46.29001281621548
2006-10-22,26.727433881071473
2006-10-23,71.10614484316667
2006-10-24,66.50037225457244
2006-10-25,72.15285440107763
2006-10-26,71.38448189383291
2006-10-27,67.47639099702758
2006-10-28,39.88642512835791
2006-10-29,30.561247383222224
2006-10-30,55.19545317300965
2006-10-31,69.11511013785616
2006-11-01,55.40974670922399
2006-11-02,81.56305558656702
2006-11-03,56.68475756516477
2006-11-04,27.972735980026883
2006-11-05,37.89947705538978
2006-11-06,67.73157939316896
2006-11-07,63.33029445390632
2006-11-08,70.99610078302592
2006-11-09,82.5261576913758
2006-11-10,61.0988247652196
2006-11-11,40.25460614878126
2006-11-12,22.7838698673632
2006-11-13,60.68983123750704
2006-11-14,77.5388413984413
2006-11-15,54.31713630222928
2006-11-16,65.81779666995119
2006-11-17,92.37503777696143
2006-11-18,35.40754090921169
2006-11-19,36.59308777103392
2006-11-20,77.63141638848367
2006-11-21,68.29127920884662
2006-11-22,79.39053415331327
2006-11-23,72.10240197756127
2006-11-24,57.63743161040628
2006-11-25,41.19075550132208
2006-11-26,40.53519512715324
2006-11-27,71.92211938457476
2006-11-28,69.37124305714681
2006-11-29,68.07064939900012
2006-11-30,70.37602598836895
2006-12-01,55.92750158998638
2006-12-02,41.605663441662735
2006-12-03,19.586263512405203
2006-12-04,65.78465619083751
2006-12-05,72.56134312930268
2006-12-06,74.18596986703832
2006-12-07,55.25542444456075
2006-12-08,60.97647331481522
2006-12-09,30.830380743879083
2006-12-10,31.807012343614872
2006-12-11,67.31859411405088
2006-12-12,72.07892735699365
2006-12-13,56.82181471431391
2006-12-14,62.6526022976106
2006-12-15,45.73867474445993
2006-12-16,34.57964520436073
2006-12-17,24.83572019536019
2006-12-18,52.12430158899526
2006-12-19,59.29893260973451
2006-12-20,59.30187299738611
2006-12-21,49.48998520449412
2006-12-22,56.476930124021955
2006-12-23,29.496238173539105
2006-12-24,25.876651487589875
2006-12-25,41.330367512085836
2006-12-26,42.316882112575655
2006-12-27,44.36550479018284
2006-12-28,66.5390764278662
2006-12-29,50.77270251654254
2006-12-30,26.93313632865331
2006-12-31,35.403593558489874
2007-01-01,35.885233435397154
2007-01-02,74.84678700881945
2007-01-03,73.54098369202941
2007-01-04,62.318334017679064
2007-01-05,63.59993586783658
2007-01-06,35.82472976060612
2007-01-07,38.05316864245277
2007-01-08,55.82227773352664
2007-01-09,64.52353497130885
2007-01-10,68.53178872039805
2007-01-11,60.885140863390404
2007-01-12,58.788523913349586
2007-01-13,33.70025886851149
2007-01-14,39.717028414062355
2007-01-15,57.73375823819366
2007-01-16,74.22627767941378
2007-01-17,60.23224923107971
2007-01-18,44.9453725716599
2007-01-19,45.8650411616427
2007-01-20,27.08104132763542
2007-01-21,32.61528476113159
2007-01-22,67.46235770397277
2007-01-23,87.78263381311122
2007-01-24,68.05616428545238
2007-01-25,69.8953969506139
2007-01-26,53.98278431007323
2007-01-27,42.28371087025097
2007-01-28,33.01037801990489
2007-01-29,60.9160232291431
2007-01-30,63.911452379923126
2007-01-31,61.02445148426672
2007-02-01,62.932735372730974
2007-02-02,74.87583864287072
2007-02-03,30.501894408323658
2007-02-04,35.35411950949571
2007-02-05,62.264462122081184
2007-02-06,75.59613660625718
2007-02-07,75.07571493425715
2007-02-08,76.74430778031437
2007-02-09,64.56080447404055
2007-02-10,40.341047521934584
2007-02-11,31.02120266888955
2007-02-12,63.32145054136003
2007-02-13,52.857696689475915
2007-02-14,66.93530059261592
2007-02-15,75.85577238371923
2007-02-16,66.53663281046492
2007-02-17,36.243601645997146
2007-02-18,47.318268110629155
2007-02-19,68.927848347691
2007-02-20,57.32385869694942
2007-02-21,53.2470745615908
2007-02-22,57.517780022321325
2007-02-23,48.53516126370435
2007-02-24,28.213214450515142
2007-02-25,36.43036506816023
2007-02-26,45.210073005807004
2007-02-27,70.66355868567126
2007-02-28,75.18395249767279
2007-03-01,67.01616097908
2007-03-02,43.57961764841717
2007-03-03,27.9404300837759
2007-03-04,32.479980037487096
2007-03-05,60.47753435914449
2007-03-06,57.24748847126816
2007-03-07,71.7334584762046
2007-03-08,51.25497862648671
2007-03-09,66.53876417927651
2007-03-10,30.99927454799518
2007-03-11,25.297776489080306
2007-03-12,62.533986822102385
2007-03-13,71.21699403108438
2007-03-14,53.436068643453666
2007-03-15,68.44797090324326
2007-03-16,46.234094019909556
2007-03-17,34.91777003693514
2007-03-18,29.577294531113978
2007-03-19,65.15108445904025
2007-03-20,65.35272143210227
2007-03-21,66.3658471459118
2007-03-22,58.52933812798591
2007-03-23,52.50688726907077
2007-03-24,26.05968204435299
2007-03-25,40.70902759341873
2007-03-26,48.39436590667073
2007-03-27,55.523728076811196
2007-03-28,48.81832755947957
2007-03-29,70.49825547919929
2007-03-30,79.67550594990036
2007-03-31,31.48685028927651
2007-04-01,23.819520695112573
2007-04-02,75.11558880701588
2007-04-03,66.16043664006213
2007-04-04,98.66928871073218
2007-04-05,80.77032932514243
2007-04-06,32.150376131259236
2007-04-07,42.49382064149247
2007-04-08,28.95197191903698
2007-04-09,28.039388085808824
2007-04-10,64.9114472486364
2007-04-11,69.1288841293212
2007-04-12,89.42498557102013
2007-04-13,39.41752926758595
2007-04-14,39.926646464536574
2007-04-15,36.31580940649801
2007-04-16,91.01389514096235
2007-04-17,94.55855183690946
2007-04-18,78.75857281915815
2007-04-19,68.40476550621379
2007-04-20,61.49199105377572
2007-04-21,6.52463848838919
2007-04-22,34.11016008008702
2007-04-23,72.40279182293428
2007-04-24,83.76060923382906
2007-04-25,73.28760207376878
2007-04-26,71.5726540354338
2007-04-27,56.01238188440955
2007-04-28,34.36793489309838
2007-04-29,27.09032697787042
2007-04-30,56.85911122418007
2007-05-01,22.884511810655773
2007-05-02,75.20440407361296
2007-05-03,78.47191668042201
2007-05-04,63.40213086784138
2007-05-05,24.891056879735643
2007-05-06,29.563989617537946
2007-05-07,64.55331309318824
2007-05-08,72.89485585320686
2007-05-09,65.61688149761198
2007-05-10,71.15590440803703
2007-05-11,63.38903192871801
2007-05-12,29.864772562139358
2007-05-13,25.77352107737117
2007-05-14,53.25076963442338
2007-05-15,65.49124949285944
2007-05-16,69.69523192302826
2007-05-17,29.861360573810096
2007-05-18,42.87429822756263
2007-05-19,36.45790416522051
2007-05-20,33.85356033653101
2007-05-21,65.68208271652492
2007-05-22,55.83933827506994
2007-05-23,58.919788913046446
2007-05-24,52.228908732865776
2007-05-25,56.729512821008505
2007-05-26,30.131400300940932
2007-05-27,30.78691565283996
2007-05-28,30.365193542338766
2007-05-29,61.28498211669799
2007-05-30,66.74336237108702
2007-05-31,71.43999903295574
2007-06-01,55.68807445872551
2007-06-02,22.940045094538107
2007-06-03,33.25893330905856
2007-06-04,58.60916282422995
2007-06-05,65.99708554629417
2007-06-06,51.321281132336274
2007-06-07,44.932260121086685
2007-06-08,55.30629122608614
2007-06-09,32.49718892943018
2007-06-10,30.82598711259724
2007-06-11,72.33102956995951
2007-06-12,66.9843870191602
2007-06-13,53.43055335714124
2007-06-14,61.178722138987304
2007-06-15,56.835619693262906
2007-06-16,33.109832077220744
2007-06-17,33.74984295195756
2007-06-18,70.21132736448473
2007-06-19,62.0153039081039
2007-06-20,61.386524960579166
2007-06-21,82.90781840417414
2007-06-22,57.310751772857984
2007-06-23,30.89580360986805
2007-06-24,26.90435586582017
2007-06-25,65.03838906019053
2007-06-26,53.33494482975794
2007-06-27,59.96874354605262
2007-06-28,58.87298036219333
2007-06-29,56.24535712933279
2007-06-30,46.252742696025905
2007-07-01,27.345711593080907
2007-07-02,64.93704309573162
2007-07-03,53.75694839015493
2007-07-04,63.07385994025759
2007-07-05,52.147002335969276
2007-07-06,60.53229622509883
2007-07-07,27.528720522068554
2007-07-08,32.8861152403908
2007-07-09,70.39474493440423
2007-07-10,66.47442755019449
2007-07-11,66.92786240923104
2007-07-12,56.64639849783683
2007-07-13,54.69287669983679
2007-07-14,15.075301366663538
2007-07-15,29.665488194298252
2007-07-16,74.1028908607855
2007-07-17,49.041994385201704
2007-07-18,64.1274359411097
2007-07-19,66.86103513990835
2007-07-20,81.12217264633911
2007-07-21,27.707864492002457
2007-07-22,27.473296799753964
2007-07-23,53.755532965630806
2007-07-24,54.056392592585155
2007-07-25,51.54714787782188
2007-07-26,65.00318972898282
2007-07-27,74.06464690047342
2007-07-28,26.492745070191376
2007-07-29,29.134742418946406
2007-07-30,54.77241231163566
2007-07-31,61.20669655211285
2007-08-01,62.92928035362253
2007-08-02,74.43617993305054
2007-08-03,45.052068378034086
2007-08-04,15.97343447607292
2007-08-05,32.68047269353669
2007-08-06,80.21588959541901
2007-08-07,49.84647473272004
2007-08-08,56.503140396418374
2007-08-09,51.964400917411595
2007-08-10,67.44311674589017
2007-08-11,35.8652905771586
2007-08-12,9.799212558048694
2007-08-13,61.743453724508186
2007-08-14,79.0456686463898
2007-08-15,57.33100895962032
2007-08-16,66.96161921928137
2007-08-17,50.97332798838645
2007-08-18,34.70379872737746
2007-08-19,18.882172825638342
2007-08-20,44.162685961496905
2007-08-21,53.307738674727354
2007-08-22,85.05296754323753
2007-08-23,74.2313604445382
2007-08-24,65.65005825655554
2007-08-25,30.325690555878392
2007-08-26,28.167038251341317
2007-08-27,59.78779576587847
2007-08-28,80.17750395036103
2007-08-29,74.93562026246121
2007-08-30,56.09297770914401
2007-08-31,60.74464472540883
2007-09-01,24.452750596384877
2007-09-02,41.17060267188009
2007-09-03,51.689048837643035
2007-09-04,61.93236292090868
2007-09-05,60.507710640292245
2007-09-06,78.58588660323713
2007-09-07,47.26302903483047
2007-09-08,25.30512994682703
2007-09-09,33.745114160217184
2007-09-10,60.48571154241915
2007-09-11,63.965862609295634
2007-09-12,72.95860854157357
2007-09-13,49.51354195205327
2007-09-14,38.599056149467934
2007-09-15,18.642381221877088
2007-09-16,29.38172316023344
2007-09-17,68.23532676938781
2007-09-18,47.7973673826969
2007-09-19,74.4313459152945
2007-09-20,57.814872135076726
2007-09-21,49.99041306997917
2007-09-22,24.98230654247612
2007-09-23,25.066731476407206
2007-09-24,50.21502896907242
2007-09-25,49.08582950003755
2007-09-26,40.945292212302185
2007-09-27,67.43860829214759
2007-09-28,40.045208065103594
2007-09-29,28.980005618086935
2007-09-30,16.72257456319209
2007-10-01,56.386571743644694
2007-10-02,66.1425362977085
2007-10-03,25.02765313676516
2007-10-04,57.26938733703956
2007-10-05,43.926548932512496
2007-10-06,29.294477631933717
2007-10-07,27.409145275495707
2007-10-08,59.99429832709416
2007-10-09,67.49871559274526
2007-10-10,61.77795570433143
2007-10-11,50.2356082037748
2007-10-12,53.238555316813006
2007-10-13,22.96493693008597
2007-10-14,26.01200405624686
2007-10-15,37.33047749417226
2007-10-16,63.300344452968375
2007-10-17,55.069131499711034
2007-10-18,62.49188147843921
2007-10-19,44.2809629304071
2007-10-20,35.34402011799041
2007-10-21,26.29335758079735
2007-10-22,50.242520405828984
2007-10-23,49.53325063052192
2007-10-24,53.98322469956895
2007-10-25,51.8911254329939
2007-10-26,52.343176363888844
2007-10-27,30.35927374761946
2007-10-28,24.815273671810438
2007-10-29,64.39435071957801
2007-10-30,43.18871736296053
2007-10-31,52.34104789712785
2007-11-01,48.37628668006695
2007-11-02,49.51732681480381
2007-11-03,25.140229734700576
2007-11-04,32.84716559639932
2007-11-05,60.82540461133246
2007-11-06,58.94647591595144
2007-11-07,59.17341428507726
2007-11-08,53.149137583273685
2007-11-09,43.41161874057135
2007-11-10,17.341102860581117
2007-11-11,25.584872947353155
2007-11-12,48.44748566807155
2007-11-13,55.732671935956404
2007-11-14,50.64444730215457
2007-11-15,56.24190835937951
2007-11-16,50.559670600711016
2007-11-17,25.759464042971807
2007-11-18,24.678345599770758
2007-11-19,65.04141169214513
2007-11-20,42.58144292399573
2007-11-21,48.076542897523595
2007-11-22,54.14184346885627
2007-11-23,48.38194093530512
2007-11-24,25.51757116467114
2007-11-25,10.956507359610658
2007-11-26,57.11476861064895
2007-11-27,58.79968683166076
2007-11-28,65.28439394171048
2007-11-29,76.751175284551735
2007-11-30,76.24749344580118
2007-12-01,44.633386824904655
2007-12-02,37.585735833556015
2007-12-03,77.6147182319847
2007-12-04,79.684218879242
2007-12-05,59.7442057939107
2007-12-06,66.46486704563127
2007-12-07,45.819629697331756
2007-12-08,33.718707432085495
2007-12-09,27.539995608173168
2007-12-10,74.92670484775822
2007-12-11,65.94674799890556
2007-12-12,58.8122500316753
2007-12-13,48.622539467704264
2007-12-14,59.712710336244854
2007-12-15,26.186609127477723
2007-12-16,13.302390634458659
2007-12-17,60.39705414111873
2007-12-18,58.46396118200786
2007-12-19,41.863899975177404
2007-12-20,44.046231983186246
2007-12-21,49.69898792495015
2007-12-22,43.839714343817924
2007-12-23,30.674996204589
2007-12-24,17.712005827979276
2007-12-25,30.947438311638436
2007-12-26,28.855289047644682
2007-12-27,42.63439655521277
2007-12-28,34.15206809226335
2007-12-29,26.376257594119224
2007-12-30,38.9937826981563
2007-12-31,32.92609630355711
2008-01-01,30.776581642330797
2008-01-02,46.05738618666372
2008-01-03,54.79798660281409
2008-01-04,52.35010649616442
2008-01-05,23.219491238259916
2008-01-06,32.30673590082623
2008-01-07,57.65688131807459
2008-01-08,47.78132748159913
2008-01-09,68.05040479079301
2008-01-10,67.64856683933274
2008-01-11,51.5676277787418
2008-01-12,31.382707255906908
2008-01-13,35.78972572131394
2008-01-14,63.23615754281895
2008-01-15,68.60637894181205
2008-01-16,65.38950571694986
2008-01-17,58.41609960705967
2008-01-18,47.23044723425225
2008-01-19,13.877441768714807
2008-01-20,19.878388363051368
2008-01-21,70.44529808657902
2008-01-22,72.78090656198994
2008-01-23,64.46403949456503
2008-01-24,74.94079165868793
2008-01-25,60.63094279331277
2008-01-26,36.62912195542689
2008-01-27,27.067104908986245
2008-01-28,68.66407576064238
2008-01-29,59.61366732642762
2008-01-30,66.81460253890191
2008-01-31,69.03063828292103
2008-02-01,43.93181935610126
2008-02-02,38.52720035203105
2008-02-03,30.486826058571175
2008-02-04,43.11197855811557
2008-02-05,58.01988154193513
2008-02-06,66.66415655302472
2008-02-07,61.262621398589516
2008-02-08,52.50000189792665
2008-02-09,21.951455889580156
2008-02-10,20.383452960408157
2008-02-11,64.62057400258313
2008-02-12,63.32383741817777
2008-02-13,62.793721751277246
2008-02-14,60.02251874834925
2008-02-15,67.04106142129513
2008-02-16,39.462867382863834
2008-02-17,29.603831680173375
2008-02-18,60.809812045127785
2008-02-19,64.26808938175047
2008-02-20,62.22448719169499
2008-02-21,72.43079404109399
2008-02-22,58.373852407021396
2008-02-23,32.08449530317836
2008-02-24,33.69354331439311
2008-02-25,70.34219864551883
2008-02-26,63.45145409932979
2008-02-27,63.83685608801084
2008-02-28,58.37385951334609
2008-02-29,83.1549633891959
2008-03-01,37.558655303351756
2008-03-02,37.52562587668089
2008-03-03,88.46543446024265
2008-03-04,73.3508872479499
2008-03-05,78.5852394830733
2008-03-06,80.69574703929652
2008-03-07,70.8485814875171
2008-03-08,40.63057289416243
2008-03-09,25.482199606828203
2008-03-10,60.44661225099569
2008-03-11,68.62743761917142
2008-03-12,49.93353303058644
2008-03-13,70.35219468642279
2008-03-14,58.427565930586184
2008-03-15,32.84389499920793
2008-03-16,32.15453311544141
2008-03-17,60.15026704977157
2008-03-18,60.77835210989729
2008-03-19,54.728175360656095
2008-03-20,64.14740665613226
2008-03-21,26.82065432621365
2008-03-22,17.611108841448846
2008-03-23,29.669047685349277
2008-03-24,20.70671998555201
2008-03-25,61.759323897115415
2008-03-26,60.56242912989042
2008-03-27,58.40366714710309
2008-03-28,51.637330965457586
2008-03-29,30.420011769856956
2008-03-30,38.317907873478475
2008-03-31,65.14649278784782
2008-04-01,70.620704484158
2008-04-02,55.11458735300596
2008-04-03,65.11090528967827
2008-04-04,57.22574532643185
2008-04-05,20.620140201270072
2008-04-06,25.16546621957668
2008-04-07,52.22288188885293
2008-04-08,57.87564014551717
2008-04-09,72.80376735331944
2008-04-10,70.54784406690482
2008-04-11,67.61170530647107
2008-04-12,24.712858455936637
2008-04-13,27.343131998500265
2008-04-14,51.934543028664166
2008-04-15,63.488304612356146
2008-04-16,73.21496569254099
2008-04-17,56.9617175797549
2008-04-18,52.82619812666972
2008-04-19,23.713338895355207
2008-04-20,26.348938177302795
2008-04-21,55.489681967609194
2008-04-22,53.400191590292515
2008-04-23,49.69482521317122
2008-04-24,61.298076366244956
2008-04-25,48.25439882014586
2008-04-26,28.85542621550846
2008-04-27,22.787976202877044
2008-04-28,65.22188099157195
2008-04-29,66.74617710358508
2008-04-30,59.26080054413544
2008-05-01,35.47433736302982
2008-05-02,34.83398050818782
2008-05-03,8.122685859383996
2008-05-04,21.965748326722675
2008-05-05,53.45989419496478
2008-05-06,71.63764713344928
2008-05-07,55.956850541136006
2008-05-08,51.20361238265541
2008-05-09,58.45061181505613
2008-05-10,11.479190484088482
2008-05-11,19.478272188091317
2008-05-12,42.4136071450129
2008-05-13,63.879513979962134
2008-05-14,65.37402980715117
2008-05-15,66.49282960377148
2008-05-16,49.00737851116178
2008-05-17,23.125656047455742
2008-05-18,37.33556494226857
2008-05-19,65.15154609116087
2008-05-20,65.40515461023766
2008-05-21,65.663543984248
2008-05-22,41.21302753778177
2008-05-23,49.43843519269005
2008-05-24,23.79159276639494
2008-05-25,19.953663284533594
2008-05-26,54.75827449165531
2008-05-27,58.754708573600475
2008-05-28,60.28833723712641
2008-05-29,65.10114896446476
2008-05-30,61.253453421383774
2008-05-31,19.853022856591913
2008-06-01,27.485397849274346
2008-06-02,54.586521549291646
2008-06-03,74.36044770905181
2008-06-04,61.65179822036927
2008-06-05,60.5806384227241
2008-06-06,53.49333340106083
2008-06-07,20.534802104568485
2008-06-08,16.657066163735237
2008-06-09,59.382642482264416
2008-06-10,57.337494592458924
2008-06-11,58.55381184310788
2008-06-12,50.72733321152378
2008-06-13,52.36002157078934
2008-06-14,30.549371511933185
2008-06-15,18.19788844738712
2008-06-16,55.457240191003
2008-06-17,55.924171508989645
2008-06-18,59.792601768956295
2008-06-19,53.72064565196392
2008-06-20,45.469452411046944
2008-06-21,9.280700102708892
2008-06-22,24.154054423211917
2008-06-23,53.280581001591244
2008-06-24,59.78956260273322
2008-06-25,79.50007022457002
2008-06-26,76.3196048445021
2008-06-27,65.83356376631123
2008-06-28,27.261417250587648
2008-06-29,30.60073915585741
2008-06-30,77.9155595185051
2008-07-01,60.472667898029194
2008-07-02,66.87369901379755
2008-07-03,76.88497916826107
2008-07-04,63.17772802259466
2008-07-05,20.381538767834677
2008-07-06,31.029608472455518
2008-07-07,65.25459138132467
2008-07-08,51.28513697271453
2008-07-09,56.77715347378742
2008-07-10,53.47641185457628
2008-07-11,39.377773281098804
2008-07-12,17.85351669913236
2008-07-13,23.446715671572946
2008-07-14,57.4062334844151
2008-07-15,57.8461942931456
2008-07-16,78.08506256101361
2008-07-17,56.05467709183109
2008-07-18,65.85403208490021
2008-07-19,38.20067313059897
2008-07-20,19.310947068820035
2008-07-21,65.17058675492966
2008-07-22,65.60913188100065
2008-07-23,63.386518650859806
2008-07-24,57.324903269045834
2008-07-25,45.419146898091846
2008-07-26,16.823271301639053
2008-07-27,27.49887849615394
2008-07-28,57.88562035426992
2008-07-29,56.761313925824126
2008-07-30,55.661324516303814
2008-07-31,80.83474232023609
2008-08-01,57.362289071374825
2008-08-02,34.07517989652793
2008-08-03,29.60157522925445
2008-08-04,50.405598907478506
2008-08-05,76.1764565173998
2008-08-06,80.75620052685623
2008-08-07,67.98684521931703
2008-08-08,64.5451502513855
2008-08-09,22.763496974174963
2008-08-10,35.60741316787618
2008-08-11,65.45875848791422
2008-08-12,73.49075368771052
2008-08-13,51.86512877463487
2008-08-14,53.35349216707403
2008-08-15,50.43075623030704
2008-08-16,26.05324086843266
2008-08-17,20.141437418930106
2008-08-18,69.57840337900289
2008-08-19,63.63280044631751
2008-08-20,73.30477190106816
2008-08-21,48.68318710491546
2008-08-22,61.39216609789018
2008-08-23,18.290906733056758
2008-08-24,20.365492123512684
2008-08-25,57.66479737018532
2008-08-26,70.03465742579658
2008-08-27,65.7690556574816
2008-08-28,68.92965807182964
2008-08-29,56.639653435525446
2008-08-30,25.8001908087758
2008-08-31,11.865770496830908
2008-09-01,71.83269212731012
2008-09-02,68.18115759670953
2008-09-03,67.27004476688504
2008-09-04,69.12739753686014
2008-09-05,49.018496301917224
2008-09-06,34.7068018480464
2008-09-07,34.92798895661227
2008-09-08,67.81255569871382
2008-09-09,57.08109466580876
2008-09-10,69.08547274417045
2008-09-11,67.09519218974008
2008-09-12,51.65710905492169
2008-09-13,17.029234854233394
2008-09-14,30.474863221653074
2008-09-15,69.9122199702775
2008-09-16,69.35400890833358
2008-09-17,62.60014025316391
2008-09-18,61.86373235692247
2008-09-19,45.740278712996854
2008-09-20,28.44803651091828
2008-09-21,30.431008689650604
2008-09-22,67.65582681479775
2008-09-23,69.746324368517
2008-09-24,62.411746487682365
2008-09-25,55.40435931384936
2008-09-26,47.721593436219294
2008-09-27,26.421189100844106
2008-09-28,21.306800801978376
2008-09-29,65.75197596501104
2008-09-30,73.90031540241688
2008-10-01,70.90719721823999
2008-10-02,66.36458384287636
2008-10-03,38.22997005445279
2008-10-04,25.617585064041464
2008-10-05,32.22922365581536
2008-10-06,76.06989564037865
2008-10-07,72.61528707565539
2008-10-08,69.00018251917444
2008-10-09,75.70598951493035
2008-10-10,57.916206485859064
2008-10-11,20.46139516256659
2008-10-12,24.224861986362654
2008-10-13,68.69619387590025
2008-10-14,74.03440814895455
2008-10-15,67.76459244888123
2008-10-16,65.47214407563324
2008-10-17,58.8140028412361
2008-10-18,31.30035567495612
2008-10-19,31.28589678400031
2008-10-20,53.314621980788544
2008-10-21,56.596679028188575
2008-10-22,67.03060937836506
2008-10-23,64.08827838963256
2008-10-24,62.9905126673276
2008-10-25,32.293089587922836
2008-10-26,34.33759836077461
2008-10-27,65.75938368364154
2008-10-28,60.02429333445228
2008-10-29,64.16194723478831
2008-10-30,65.3212283198885
2008-10-31,51.744731599770994
2008-11-01,33.40206344874757
2008-11-02,24.698713660489904
2008-11-03,65.48430702049237
2008-11-04,68.51427129969082
2008-11-05,66.85236435005547
2008-11-06,54.72855378156584
2008-11-07,48.036719813081206
2008-11-08,29.438721384115382
2008-11-09,28.73821300124127
2008-11-10,54.52045210461413
2008-11-11,61.12295887339361
2008-11-12,69.14397770117806
2008-11-13,57.164980120821184
2008-11-14,75.86129304797542
2008-11-15,33.36110078999029
2008-11-16,28.20365621238087
2008-11-17,68.40832296508785
2008-11-18,71.79946370871842
2008-11-19,71.60909968621604
2008-11-20,64.97675311971632
2008-11-21,51.103172867951855
2008-11-22,30.878752748889646
2008-11-23,29.47289281663789
2008-11-24,61.449215253181066
2008-11-25,64.10156014442138
2008-11-26,70.15014756435797
2008-11-27,64.2830082333923
2008-11-28,60.900684682593244
2008-11-29,44.14435159124479
2008-11-30,29.599406262802447
2008-12-01,72.3125578708314
2008-12-02,65.09977321475985
2008-12-03,62.65366784998804
2008-12-04,72.20956792258227
2008-12-05,66.99256010823706
2008-12-06,33.850055411792184
2008-12-07,31.043255634435305
2008-12-08,65.45411138559491
2008-12-09,82.3058754129722
2008-12-10,67.74486122135369
2008-12-11,75.54524665138221
2008-12-12,78.9110854552743
2008-12-13,35.46103408398198
2008-12-14,42.900039386903906
2008-12-15,68.21723960866028
2008-12-16,76.15444174595575
2008-12-17,64.11758506875267
2008-12-18,67.64530157528206
2008-12-19,58.974130482609155
2008-12-20,32.78274180744909
2008-12-21,37.49593950097268
2008-12-22,58.13079123090597
2008-12-23,49.298245200168864
2008-12-24,33.87511265362022
2008-12-25,29.269644385164053
2008-12-26,26.003002265931038
2008-12-27,37.19973139800078
2008-12-28,24.76219391552212
2008-12-29,55.56356959164369
2008-12-30,47.94002224761238
2008-12-31,39.15488372431298
2009-01-01,34.72579129909498
2009-01-02,52.695407685162714
2009-01-03,50.66135640709766
2009-01-04,38.719441387947334
2009-01-05,71.26843406082261
2009-01-06,58.65198682158129
2009-01-07,76.32922300702663
2009-01-08,68.52082595224435
2009-01-09,81.34498885607243
2009-01-10,53.82726260361832
2009-01-11,49.58523386041036
2009-01-12,82.30609473938274
2009-01-13,79.07570579614622
2009-01-14,88.0173990644879
2009-01-15,92.85169071984954
2009-01-16,73.55523631432493
2009-01-17,53.36941779896288
2009-01-18,59.132247259539554
2009-01-19,77.57676622597799
2009-01-20,73.59902314202637
2009-01-21,76.75027740782008
2009-01-22,97.74329873680787
2009-01-23,105.4984351961521
2009-01-24,64.1966157846888
2009-01-25,59.238526321137535
2009-01-26,86.04110578869884
2009-01-27,99.30644506079871
2009-01-28,90.19370473164285
2009-01-29,98.44109079488331
2009-01-30,95.33164987010163
2009-01-31,58.41624018695338
2009-02-01,62.43886563672564
2009-02-02,96.94406271000494
2009-02-03,116.16418695500553
2009-02-04,120.01510667334968
2009-02-05,116.79781620512306
2009-02-06,95.93976532369875
2009-02-07,62.90951449483293
2009-02-08,64.7366836556143
2009-02-09,101.94862332013766
2009-02-10,109.65174939229502
2009-02-11,96.23118790971596
2009-02-12,87.93602906364792
2009-02-13,87.68283843838228
2009-02-14,67.17532115066253
2009-02-15,63.375337111159574
2009-02-16,88.80543728533793
2009-02-17,102.745879186619
2009-02-18,108.47779909245267
2009-02-19,99.86659392409611
2009-02-20,101.5137747648275
2009-02-21,72.94498325283672
2009-02-22,71.03324815213988
2009-02-23,93.10733342339037
2009-02-24,98.9733197100969
2009-02-25,91.09205921147517
2009-02-26,100.45206118947081
2009-02-27,93.42167883438357
2009-02-28,58.06122180688624
2009-03-01,62.90297020340554
2009-03-02,109.68645155837115
2009-03-03,100.97313607190569
2009-03-04,98.64188861537787
2009-03-05,94.61606605088058
2009-03-06,109.12934207093791
2009-03-07,68.90300654358887
2009-03-08,70.73057957218738
2009-03-09,105.31625519947667
2009-03-10,92.81905073638703
2009-03-11,114.17366096849449
2009-03-12,115.78819339739036
2009-03-13,96.56893594191939
2009-03-14,72.37471392571989
2009-03-15,64.53291313159681
2009-03-16,99.63513433570267
2009-03-17,103.22482360810815
2009-03-18,93.47442800873583
2009-03-19,89.07520674665204
2009-03-20,84.67077495998582
2009-03-21,62.39716848648592
2009-03-22,66.36744168788638
2009-03-23,94.04093159393452
2009-03-24,101.94258255946484
2009-03-25,94.72067097845344
2009-03-26,93.79372530779115
2009-03-27,91.41461823144505
2009-03-28,61.33425955247419
2009-03-29,57.600255134132496
2009-03-30,87.39629806581989
2009-03-31,98.83416277151515
2009-04-01,104.4775163654036
2009-04-02,100.77447997847526
2009-04-03,87.72505361880047
2009-04-04,57.504989241304436
2009-04-05,64.82793533125536
2009-04-06,96.85999999155385
2009-04-07,90.16588191811451
2009-04-08,110.7328772940131
2009-04-09,90.38626575017389
2009-04-10,67.04139979256524
2009-04-11,65.12451613860412
2009-04-12,62.396802246348344
2009-04-13,63.77293610485775
2009-04-14,109.72026508885436
2009-04-15,92.2417311361027
2009-04-16,99.25496007134733
2009-04-17,88.4417071158912
2009-04-18,60.66432218912294
2009-04-19,64.97158601590948
2009-04-20,94.4636803592531
2009-04-21,91.72072041566584
2009-04-22,90.37435299230724
2009-04-23,96.43999460108981
2009-04-24,80.3874187657902
2009-04-25,57.802022794340736
2009-04-26,57.940605133218696
2009-04-27,87.24990633976537
2009-04-28,86.12261742484223
2009-04-29,79.71411649847848
2009-04-30,92.25433296681314
2009-05-01,57.32129019420452
2009-05-02,61.33964243067789
2009-05-03,70.44638069730921
2009-05-04,102.47043601438354
2009-05-05,97.43992870124997
2009-05-06,94.54620870908825
2009-05-07,98.71098044693201
2009-05-08,84.04972441289611
2009-05-09,60.588134781378145
2009-05-10,59.67929150755301
2009-05-11,88.95859402267844
2009-05-12,85.17302635072207
2009-05-13,85.5087996142055
2009-05-14,77.0236540593483
2009-05-15,77.7918830982586
2009-05-16,50.038353719834475
2009-05-17,51.32317023432172
2009-05-18,74.8183267165337
2009-05-19,79.55869656638782
2009-05-20,80.4005356911162
2009-05-21,55.46960225595076
2009-05-22,69.29490966586731
2009-05-23,60.99315149442633
2009-05-24,68.29739488874897
2009-05-25,102.23593118340881
2009-05-26,96.00118010585906
2009-05-27,106.19274240353423
2009-05-28,116.40493669939295
2009-05-29,100.38867279648069
2009-05-30,71.7031762392356
2009-05-31,66.39888019958593
2009-06-01,79.4929266638318
2009-06-02,89.02215595533268
2009-06-03,101.71710401662031
2009-06-04,95.95592412053567
2009-06-05,94.70657018385045
2009-06-06,75.00108829318444
2009-06-07,83.86909837907166
2009-06-08,118.72183301243541
2009-06-09,169.71588337253093
2009-06-10,149.35428213512597
2009-06-11,119.97861851233623
2009-06-12,115.49396735050274
2009-06-13,88.87070870725952
2009-06-14,89.99894030387823
2009-06-15,107.9433747600992
2009-06-16,110.90222972060795
2009-06-17,111.34802961989456
2009-06-18,106.70774664322809
2009-06-19,94.8921102637328
2009-06-20,70.43256001862925
2009-06-21,78.99157573461174
2009-06-22,102.90277879999513
2009-06-23,101.97224984895098
2009-06-24,97.61851733906738
2009-06-25,101.78127160431814
2009-06-26,96.96111918332628
2009-06-27,73.86150729112008
2009-06-28,75.13720750586863
2009-06-29,98.66192806969312
2009-06-30,97.9108392385153
2009-07-01,92.27629771461093
2009-07-02,83.66803982843452
2009-07-03,88.39359330518984
2009-07-04,63.405571977853306
2009-07-05,64.84786320706377
2009-07-06,94.71876907978611
2009-07-07,82.83843038032033
2009-07-08,78.97074728085968
2009-07-09,82.20429303789375
2009-07-10,81.05509068685846
2009-07-11,67.50258489025903
2009-07-12,59.77531051411947
2009-07-13,88.45433817011083
2009-07-14,88.3235789248984
2009-07-15,86.02473756444071
2009-07-16,86.59870508090683
2009-07-17,84.17729543991103
2009-07-18,65.8462927928899
2009-07-19,62.22963570089576
2009-07-20,90.1105225610813
2009-07-21,85.50679601268713
2009-07-22,93.80750785850302
2009-07-23,91.49784812429313
2009-07-24,83.49952123154902
2009-07-25,67.35167496438301
2009-07-26,67.6628313886939
2009-07-27,88.73171608688631
2009-07-28,89.27069760341358
2009-07-29,87.68358516848379
2009-07-30,90.76401350509539
2009-07-31,88.38112382158502
2009-08-01,68.50408310291
2009-08-02,68.6553721548011
2009-08-03,93.93352341969693
2009-08-04,100.95462393390879
2009-08-05,96.64551694978252
2009-08-06,90.48504058428735
2009-08-07,80.65034136183964
2009-08-08,65.68313648404188
2009-08-09,68.91595057860275
2009-08-10,92.49711023563482
2009-08-11,96.32383876381257
2009-08-12,93.15611056881727
2009-08-13,96.06238294502339
2009-08-14,90.88048650306297
2009-08-15,65.56556628925412
2009-08-16,60.21338801605796
2009-08-17,91.93490281788834
2009-08-18,87.63368590911983
2009-08-19,83.31109363927816
2009-08-20,79.4228393769026
2009-08-21,76.60692184198977
2009-08-22,61.00965454146943
2009-08-23,58.15098628096538
2009-08-24,85.5724040143314
2009-08-25,80.02089177793887
2009-08-26,83.05750904993641
2009-08-27,81.64885340923448
2009-08-28,80.29597077201404
2009-08-29,62.41790538886757
2009-08-30,57.19433498321084
2009-08-31,84.31997380085953
2009-09-01,90.62358784725797
2009-09-02,84.64700663987003
2009-09-03,86.75010141372431
2009-09-04,77.70877887040112
2009-09-05,56.42932691971214
2009-09-06,60.64481272163948
2009-09-07,85.72660438185086
2009-09-08,75.8953852306359
2009-09-09,85.28990379997059
2009-09-10,82.73936547705911
2009-09-11,78.08717909631804
2009-09-12,52.908502484707725
2009-09-13,58.86019906114124
2009-09-14,76.42515260371626
2009-09-15,80.19558991099849
2009-09-16,81.19276360016767
2009-09-17,77.21522753482054
2009-09-18,77.58056742033831
2009-09-19,54.16075177424911
2009-09-20,56.26396738835051
2009-09-21,81.95125212753015
2009-09-22,78.08642687325293
2009-09-23,78.665709133865093
2009-09-24,82.77767217812183
2009-09-25,79.12062438111629
2009-09-26,49.37488821767391
2009-09-27,52.32047762997723
2009-09-28,72.15215608679824
2009-09-29,91.475694744911
2009-09-30,92.70756844131434
2009-10-01,87.71034678232732
2009-10-02,76.98456706973147
2009-10-03,57.52953202871011
2009-10-04,59.12786322604752
2009-10-05,85.45383584322283
2009-10-06,82.91555739267358
2009-10-07,73.75184040375441
2009-10-08,84.57634577400519
2009-10-09,76.7445795947975
2009-10-10,61.922804180565784
2009-10-11,51.048140447386665
2009-10-12,76.7151742233476
2009-10-13,81.20955975262468
2009-10-14,82.22699779681977
2009-10-15,79.7674883630009
2009-10-16,77.28043111877197
2009-10-17,61.38888587260995
2009-10-18,67.6595285196912
2009-10-19,98.17819396096125
2009-10-20,136.53920082159283
2009-10-21,149.38433030463077
2009-10-22,141.9087148508977
2009-10-23,128.604039672945
2009-10-24,99.90032396399776
2009-10-25,98.72576732649831
2009-10-26,116.04691132383665
2009-10-27,111.18607932554607
2009-10-28,113.16870760775285
2009-10-29,108.40752672067188
2009-10-30,111.03666215831596
2009-10-31,85.0757904994843
2009-11-01,88.59681721729959
2009-11-02,101.50140895941098
2009-11-03,84.50707310515398
2009-11-04,92.48169957816121
2009-11-05,82.7705168071711
2009-11-06,83.35432580645086
2009-11-07,60.2369090556052
2009-11-08,64.36702149216143
2009-11-09,83.06724991199174
2009-11-10,88.17450796453208
2009-11-11,84.98208172928412
2009-11-12,83.05294103021687
2009-11-13,79.91922268639526
2009-11-14,60.10069402639343
2009-11-15,51.781474320142244
2009-11-16,81.14306558217798
2009-11-17,76.78569896230968
2009-11-18,80.94348752805134
2009-11-19,79.76274479421558
2009-11-20,73.97261215350306
2009-11-21,55.64367694042394
2009-11-22,52.7567401664263
2009-11-23,85.42927390258207
2009-11-24,92.59568637717406
2009-11-25,82.9145316482392
2009-11-26,84.3806326708158
2009-11-27,84.73880524164078
2009-11-28,57.487564063959816
2009-11-29,53.358323846116
2009-11-30,78.1691922003867
2009-12-01,77.50799257580792
2009-12-02,82.68547694645561
2009-12-03,74.72994711488158
2009-12-04,65.58109341069812
2009-12-05,46.124648401226096
2009-12-06,54.18482192742094
2009-12-07,70.52688415352675
2009-12-08,79.4742951013076
2009-12-09,72.82421408271001
2009-12-10,70.81031479061178
2009-12-11,59.1652632159439
2009-12-12,49.38705826153805
2009-12-13,41.34950238602052
2009-12-14,62.91585498853287
2009-12-15,64.23808421461061
2009-12-16,65.6480174006606
2009-12-17,65.11247181217676
2009-12-18,45.04091130987351
2009-12-19,46.720967352800244
2009-12-20,36.79442114672514
2009-12-21,58.60333504016583
2009-12-22,63.11295025929913
2009-12-23,52.237262965508734
2009-12-24,29.25740943850507
2009-12-25,39.562441472391214
2009-12-26,40.61677407078364
2009-12-27,41.450542964683244
2009-12-28,64.3401230916398
2009-12-29,54.34751478167523
2009-12-30,66.63506889964614
2009-12-31,48.627484332775346
2010-01-01,46.66029449690709
2010-01-02,40.85202186452158
2010-01-03,47.15263443066411
2010-01-04,69.17255195407903
2010-01-05,71.00156075079394
2010-01-06,70.5036249884331
2010-01-07,73.87644651558415
2010-01-08,68.99804965457429
2010-01-09,46.116168254539346
2010-01-10,46.91805934125755
2010-01-11,77.66679604666271
2010-01-12,75.97171233151607
2010-01-13,79.18728270161725
2010-01-14,82.7703953919472
2010-01-15,69.22866791845084
2010-01-16,51.13277835606828
2010-01-17,46.374734764009816
2010-01-18,82.17695045946363
2010-01-19,78.15158671684995
2010-01-20,79.23198195862055
2010-01-21,81.49900118821823
2010-01-22,73.5598101271818
2010-01-23,43.74814645946221
2010-01-24,49.84846569004579
2010-01-25,84.20730150283718
2010-01-26,76.10494961092895
2010-01-27,78.49530378085201
2010-01-28,78.33795062306481
2010-01-29,70.332593071808
2010-01-30,65.241077663628
2010-01-31,41.637864975247226
2010-02-01,84.24651698975589
2010-02-02,76.49926736554274
2010-02-03,72.26143660004927
2010-02-04,84.56642713155328
2010-02-05,71.76203680189303
2010-02-06,47.97538012814028
2010-02-07,43.37468229771987
2010-02-08,80.59478066869127
2010-02-09,71.15016045105794
2010-02-10,75.8399963717303
2010-02-11,80.00433981340771
2010-02-12,72.53780647566319
2010-02-13,47.97183588716916
2010-02-14,41.410379608188485
2010-02-15,68.32690134931615
2010-02-16,83.56371148493795
2010-02-17,90.31080360877964
2010-02-18,78.6336262238203
2010-02-19,64.11757663959179
2010-02-20,37.37495940153899
2010-02-21,51.26852560129229
2010-02-22,74.91976156083167
2010-02-23,90.19127508433262
2010-02-24,83.65003818256
2010-02-25,90.66641946011198
2010-02-26,76.97778435117955
2010-02-27,44.4350302397153
2010-02-28,39.899513673293825
2010-03-01,80.25318745726597
2010-03-02,75.120281173758
2010-03-03,85.33502443045859
2010-03-04,80.911477374104
2010-03-05,83.723881850608
2010-03-06,44.46405105367214
2010-03-07,48.25924278162409
2010-03-08,92.75541292954125
2010-03-09,87.44788591460548
2010-03-10,83.74113004981359
2010-03-11,87.70664963280191
2010-03-12,71.98060944701757
2010-03-13,40.29985914190472
2010-03-14,51.10788586886616
2010-03-15,84.00599699199519
2010-03-16,81.1185943410021
2010-03-17,80.90788646246942
2010-03-18,64.50733977776243
2010-03-19,64.45488901601904
2010-03-20,37.64004923519112
2010-03-21,34.92043268343457
2010-03-22,89.9295499488963
2010-03-23,92.56705048125949
2010-03-24,83.5737096940464
2010-03-25,77.62349814463356
2010-03-26,84.1181332386489
2010-03-27,39.12453443590593
2010-03-28,35.28572468410063
2010-03-29,93.49739651379616
2010-03-30,79.68867603353232
2010-03-31,71.23969372401885
2010-04-01,61.13246365763253
2010-04-02,40.71676434202712
2010-04-03,36.60625666987435
2010-04-04,36.40553693496151
2010-04-05,31.376599073281835
2010-04-06,75.29362092762412
2010-04-07,77.28735621687048
2010-04-08,73.45030396067195
2010-04-09,63.417893471481044
2010-04-10,33.07703217792417
2010-04-11,40.81511942679471
2010-04-12,71.95590952861397
2010-04-13,80.79485680785115
2010-04-14,80.77200023485648
2010-04-15,71.99250443625569
2010-04-16,61.74778335363149
2010-04-17,27.252168411111114
2010-04-18,21.368410707588843
2010-04-19,72.91645419116878
2010-04-20,74.43908585824889
2010-04-21,75.24449251468803
2010-04-22,80.3455212393645
2010-04-23,56.11052521756893
2010-04-24,29.244308025223248
2010-04-25,41.19575353083427
2010-04-26,72.94132468410494
2010-04-27,79.02185993100558
2010-04-28,70.6899740590271
2010-04-29,68.34059318638072
2010-04-30,66.96788120473653
2010-05-01,34.48961675956969
2010-05-02,38.80051126485691
2010-05-03,80.13612570369699
2010-05-04,75.83005448997103
2010-05-05,71.18020675319842
2010-05-06,66.73343853061557
2010-05-07,69.50773574837186
2010-05-08,23.814924413813635
2010-05-09,35.5627920596202
2010-05-10,67.74661406981042
2010-05-11,83.24327811043403
2010-05-12,66.89505634750562
2010-05-13,28.76269782677226
2010-05-14,59.77854760173939
2010-05-15,37.72027943297563
2010-05-16,34.04374997525707
2010-05-17,73.46760405258271
2010-05-18,72.3228666606917
2010-05-19,85.56857040148716
2010-05-20,82.58077670657805
2010-05-21,71.10661289477119
2010-05-22,23.165277957198406
2010-05-23,16.683758420833414
2010-05-24,30.851717536176466
2010-05-25,71.88789008657675
2010-05-26,81.69232669200717
2010-05-27,76.7618513981828
2010-05-28,82.11162281833882
2010-05-29,33.73845066374183
2010-05-30,38.73497723683396
2010-05-31,86.45048457970461
2010-06-01,82.18773409673737
2010-06-02,62.9514099940297
2010-06-03,48.79290061491857
2010-06-04,50.28475617718869
2010-06-05,30.9699069628682
2010-06-06,32.50055512625348
2010-06-07,83.92975863404732
2010-06-08,87.73485599243537
2010-06-09,73.12356881850232
2010-06-10,68.98812487275252
2010-06-11,57.815108736957114
2010-06-12,27.103952079444834
2010-06-13,33.860892193571246
2010-06-14,73.53606618036504
2010-06-15,81.23588994596766
2010-06-16,75.7357543951727
2010-06-17,70.79820334306775
2010-06-18,56.670970639734
2010-06-19,26.882926417017437
2010-06-20,43.59337453790205
2010-06-21,69.51172737196686
2010-06-22,75.74575716037172
2010-06-23,61.566322511262314
2010-06-24,74.31152626295254
2010-06-25,59.00831386052974
2010-06-26,17.781010713416897
2010-06-27,27.841483898075342
2010-06-28,67.18798594318167
2010-06-29,61.79864336305478
2010-06-30,71.64533584681642
2010-07-01,61.63813379068247
2010-07-02,62.77396425178942
2010-07-03,26.382639146028918
2010-07-04,27.29229407983686
2010-07-05,61.654806743403064
2010-07-06,65.03230641311077
2010-07-07,72.87929339027136
2010-07-08,63.412668512631356
2010-07-09,62.21547936268542
2010-07-10,23.709377818799577
2010-07-11,29.929781719477752
2010-07-12,52.076440472575975
2010-07-13,65.44968934085912
2010-07-14,72.96609390500414
2010-07-15,67.789953593258
2010-07-16,53.84040340107004
2010-07-17,27.38059367808847
2010-07-18,23.500454026949967
2010-07-19,63.88697762018273
2010-07-20,63.77747735291905
2010-07-21,69.83700246511255
2010-07-22,59.644455082475865
2010-07-23,57.62607191914577
2010-07-24,24.32408597140064
2010-07-25,27.27521890303941
2010-07-26,58.87499169540441
2010-07-27,69.50673465310108
2010-07-28,60.78998299326942
2010-07-29,76.74664839597365
2010-07-30,59.68341803759039
2010-07-31,21.539982250796555
2010-08-01,35.321623139734285
2010-08-02,78.47754714215893
2010-08-03,75.1770492337181
2010-08-04,82.38430085789217
2010-08-05,75.76420797208462
2010-08-06,63.4284685932347
2010-08-07,25.781407743113917
2010-08-08,28.649069187838826
2010-08-09,72.0015234807373
2010-08-10,67.46543141940481
2010-08-11,75.38425436750362
2010-08-12,64.33480262428981
2010-08-13,46.16562383965298
2010-08-14,23.519855567810268
2010-08-15,44.52082983881424
2010-08-16,61.89125180459676
2010-08-17,71.8942718093899
2010-08-18,60.85848871514682
2010-08-19,62.415549330345165
2010-08-20,58.51920415165175
2010-08-21,26.930640645856446
2010-08-22,28.988878619459864
2010-08-23,73.22199740902573
2010-08-24,80.44804597656167
2010-08-25,65.54431316131058
2010-08-26,65.73907591533919
2010-08-27,64.28311510486355
2010-08-28,34.28934180427194
2010-08-29,32.539642107134625
2010-08-30,66.6478343323086
2010-08-31,55.588081031461996
2010-09-01,78.56336616721501
2010-09-02,64.76263223991646
2010-09-03,53.55951455161102
2010-09-04,26.90776358543529
2010-09-05,21.44673440625796
2010-09-06,60.00075911663881
2010-09-07,67.83284478731369
2010-09-08,65.64640043405724
2010-09-09,74.90202037089956
2010-09-10,60.769181064436545
2010-09-11,27.117940678722988
2010-09-12,37.25740298698052
2010-09-13,60.9440878719703
2010-09-14,61.14602567716551
2010-09-15,65.57058938342632
2010-09-16,56.90067087352682
2010-09-17,51.99766489983946
2010-09-18,17.321067312327152
2010-09-19,19.95188640327596
2010-09-20,57.41527989423509
2010-09-21,63.45052357388143
2010-09-22,66.59228547279548
2010-09-23,66.4619729385773
2010-09-24,51.04277492400002
2010-09-25,18.904452530199947
2010-09-26,28.939195311005484
2010-09-27,65.61410351616587
2010-09-28,60.046348312882714
2010-09-29,63.12859682908672
2010-09-30,60.82487722383208
2010-10-01,49.580625191497184
2010-10-02,20.192200091320323
2010-10-03,36.45947392241606
2010-10-04,49.23366098820708
2010-10-05,53.59305686983817
2010-10-06,60.01906911601596
2010-10-07,63.51988356390374
2010-10-08,46.02821777522254
2010-10-09,23.22061173674361
2010-10-10,27.235374593152926
2010-10-11,49.42498690541684
2010-10-12,52.14051321716572
2010-10-13,66.86824200208275
2010-10-14,54.234537973124134
2010-10-15,50.24075746941875
2010-10-16,24.354104606321
2010-10-17,30.257614546872333
2010-10-18,55.732507635241184
2010-10-19,55.57201742978633
2010-10-20,72.6132008470332
2010-10-21,83.88810395726775
2010-10-22,55.38648730834355
2010-10-23,26.60818373069617
2010-10-24,35.89621522519292
2010-10-25,89.70117612049445
2010-10-26,93.12250955710674
2010-10-27,64.58505768540704
2010-10-28,73.74986758101313
2010-10-29,61.55648628294381
2010-10-30,29.09862590230663
2010-10-31,25.593330543026635
2010-11-01,52.319632711149744
2010-11-02,77.5471397688949
2010-11-03,72.83933733792897
2010-11-04,63.35160352341725
2010-11-05,70.95818015295006
2010-11-06,31.214185522913994
2010-11-07,35.739040232347335
2010-11-08,66.80743233917565
2010-11-09,66.20022589134155
2010-11-10,65.71920324680497
2010-11-11,52.2468302781271
2010-11-12,66.14528975317188
2010-11-13,25.57547111898441
2010-11-14,33.25516832083835
2010-11-15,68.30840249548191
2010-11-16,80.24213208250441
2010-11-17,66.8689329034868
2010-11-18,69.93214977817516
2010-11-19,51.151859509368094
2010-11-20,31.035163809702965
2010-11-21,27.523147565232648
2010-11-22,67.77233676568622
2010-11-23,67.56690034506903
2010-11-24,66.6170004072775
2010-11-25,58.36036439890945
2010-11-26,58.69788349753935
2010-11-27,32.04184888188849
2010-11-28,25.25361708682055
2010-11-29,57.739146705110535
2010-11-30,65.69856572887207
2010-12-01,60.06899506941069
2010-12-02,55.46598183742561
2010-12-03,54.07695021370227
2010-12-04,24.913390927377492
2010-12-05,23.754620666400193
2010-12-06,55.80765893070751
2010-12-07,49.798934428369535
2010-12-08,54.945491278483736
2010-12-09,60.56260365885248
2010-12-10,50.581116998907724
2010-12-11,18.102231950643954
2010-12-12,35.058551459214044
2010-12-13,62.84398053647252
2010-12-14,62.35831191099667
2010-12-15,56.02264345801233
2010-12-16,49.305535637607925
2010-12-17,42.75384449537773
2010-12-18,20.78217272562758
2010-12-19,27.139003987919345
2010-12-20,44.85079235051389
2010-12-21,42.97810537355366
2010-12-22,48.25379052150462
2010-12-23,42.316104416014646
2010-12-24,18.518642805155437
2010-12-25,26.386932713903285
2010-12-26,17.713510404879706
2010-12-27,49.99807887311404
2010-12-28,51.60249611281517
2010-12-29,46.952998845416815
2010-12-30,50.08555890652264
2010-12-31,35.389084815773636
2011-01-01,32.12037503230464
2011-01-02,44.513096779174724
2011-01-03,79.1371403735841
2011-01-04,87.68688843570297
2011-01-05,77.95153413484266
2011-01-06,64.24047733163096
2011-01-07,73.8404325215085
2011-01-08,33.893348059377395
2011-01-09,37.7012785322429
2011-01-10,76.99591133385722
2011-01-11,93.62120928470442
2011-01-12,80.21564869644196
2011-01-13,89.45969531509598
2011-01-14,78.60743489014197
2011-01-15,49.664006257788365
2011-01-16,47.198177149586755
2011-01-17,90.16339320809836
2011-01-18,91.33611513323362
2011-01-19,86.35312857709128
2011-01-20,80.549785469434255
2011-01-21,77.72603423232117
2011-01-22,45.918840088615724
2011-01-23,46.796738662377905
2011-01-24,80.91340851990233
2011-01-25,82.22546566849962
2011-01-26,81.7354413191665
2011-01-27,77.88689903585743
2011-01-28,76.96868334515901
2011-01-29,42.88829522097775
2011-01-30,46.190164577411096
2011-01-31,87.24431564493248
2011-02-01,78.00692505373921
2011-02-02,83.6035830550195
2011-02-03,76.14463131396931
2011-02-04,68.85977955378635
2011-02-05,41.57845285497722
2011-02-06,39.85796641507547
2011-02-07,77.62016129148695
2011-02-08,85.62464891352997
2011-02-09,71.35213955487811
2011-02-10,84.37022607610075
2011-02-11,67.89001142150869
2011-02-12,42.509739979622424
2011-02-13,46.9650483243661
2011-02-14,72.69875205542861
2011-02-15,76.96493692901315
2011-02-16,72.06786396896132
2011-02-17,69.40036746594656
2011-02-18,70.87644358159861
2011-02-19,39.281837298105806
2011-02-20,41.697556902980374
2011-02-21,61.70901711192359
2011-02-22,80.05005876562441
2011-02-23,78.29583971516455
2011-02-24,72.82399743149148
2011-02-25,68.28280830260204
2011-02-26,39.88146491747652
2011-02-27,41.758715812454575
2011-02-28,76.9420701811306
2011-03-01,63.67654917767459
2011-03-02,80.67373642571425
2011-03-03,63.040047824381915
2011-03-04,64.82308922793814
2011-03-05,42.91237569992141
2011-03-06,43.22278215509097
2011-03-07,65.91943475295909
2011-03-08,69.75676788746105
2011-03-09,75.43117959886656
2011-03-10,67.7568981518503
2011-03-11,61.49903678600376
2011-03-12,43.533050405540905
2011-03-13,40.6548852372608
2011-03-14,66.44228294544281
2011-03-15,82.61532031587053
2011-03-16,76.59630830171413
2011-03-17,74.90776511804772
2011-03-18,72.62798635168222
2011-03-19,43.50788180884679
2011-03-20,44.967336295162745
2011-03-21,72.20351317755966
2011-03-22,85.1276577228773
2011-03-23,80.52173242183324
2011-03-24,90.64323300268033
2011-03-25,78.48122273021121
2011-03-26,62.2642364574198
2011-03-27,54.661105917743676
2011-03-28,76.91665470701308
2011-03-29,82.54811893558052
2011-03-30,80.66976602871374
2011-03-31,85.95556655548383
2011-04-01,77.35156274564275
2011-04-02,51.323986322345604
2011-04-03,54.99359989517113
2011-04-04,75.4660318218386
2011-04-05,75.27463199923875
2011-04-06,75.39623745928552
2011-04-07,81.86729762880661
2011-04-08,72.55416460979144
2011-04-09,48.71180291127955
2011-04-10,47.50539072697649
2011-04-11,70.24202401368875
2011-04-12,74.9049299287924
2011-04-13,73.43379879477959
2011-04-14,79.04431838996896
2011-04-15,75.33080734153891
2011-04-16,45.796441598599266
2011-04-17,50.32195817874437
2011-04-18,77.54251823355376
2011-04-19,75.96251078875642
2011-04-20,71.37531267024131
2011-04-21,58.992427991932686
2011-04-22,45.944018265838196
2011-04-23,34.3754418328589
2011-04-24,44.09971389147093
2011-04-25,45.83364618375903
2011-04-26,68.01375309715158
2011-04-27,64.70412678381102
2011-04-28,69.80984207914106
2011-04-29,67.47207366338003
2011-04-30,47.84741270536966
2011-05-01,54.410914846027424
2011-05-02,74.15275729706734
2011-05-03,71.52729707876944
2011-05-04,75.5179046220384
2011-05-05,75.20849193092796
2011-05-06,70.09426881421896
2011-05-07,38.322026364369506
2011-05-08,41.25181730528947
2011-05-09,67.62164580999757
2011-05-10,67.66761171134095
2011-05-11,69.09708799516886
2011-05-12,65.34780211454218
2011-05-13,74.28371822768786
2011-05-14,45.77636547472503
2011-05-15,46.724466788905616
2011-05-16,66.56339441505314
2011-05-17,68.83607863575176
2011-05-18,74.14076383927721
2011-05-19,68.25919283402712
2011-05-20,58.46875762392001
2011-05-21,47.99450667059912
2011-05-22,42.375110191697445
2011-05-23,65.13020020142676
2011-05-24,77.16658040368858
2011-05-25,75.0208291787601
2011-05-26,78.56204951750726
2011-05-27,68.01228110416407
2011-05-28,53.76178880212501
2011-05-29,52.307396663232005
2011-05-30,72.94360306490555
2011-05-31,70.28135621254056
2011-06-01,70.02289024547916
2011-06-02,45.36630835121929
2011-06-03,59.200055790487745
2011-06-04,43.67892801230124
2011-06-05,45.88863274917941
2011-06-06,62.59515566882109
2011-06-07,65.19371898694398
2011-06-08,63.35946812803222
2011-06-09,66.4310217228922
2011-06-10,59.09641049021965
2011-06-11,53.38646743551429
2011-06-12,53.67604092853348
2011-06-13,58.51272659091518
2011-06-14,140.08152247051663
2011-06-15,145.26273574307314
2011-06-16,112.33628961764845
2011-06-17,91.61294030660368
2011-06-18,72.15556689125219
2011-06-19,74.15577721439709
2011-06-20,88.327601197896
2011-06-21,81.94380778527959
2011-06-22,76.079387665913
2011-06-23,65.26578038432869
2011-06-24,69.14773773481195
2011-06-25,55.82532371696069
2011-06-26,60.753038630385234
2011-06-27,88.69158809649485
2011-06-28,76.75252684074377
2011-06-29,78.983460727814645
2011-06-30,76.6089988508489
2011-07-01,74.27741760284302
2011-07-02,51.67376885534266
2011-07-03,52.27310824894431
2011-07-04,74.39128173525934
2011-07-05,77.35061267828183
2011-07-06,72.40371586449152
2011-07-07,68.63681482453212
2011-07-08,63.596068323707286
2011-07-09,44.15693126837238
2011-07-10,50.422180348032086
2011-07-11,65.69342183547839
2011-07-12,62.992424141214585
2011-07-13,67.29228001788728
2011-07-14,64.92158832979804
2011-07-15,55.88034906637862
2011-07-16,38.89256479247213
2011-07-17,43.67074733303032
2011-07-18,66.05070614867226
2011-07-19,71.0897421110588
2011-07-20,72.78176120980508
2011-07-21,62.98702153612898
2011-07-22,58.889422680187685
2011-07-23,42.86337362318732
2011-07-24,50.18108933209631
2011-07-25,75.8482332853865
2011-07-26,72.83518555466286
2011-07-27,106.76467163441795
2011-07-28,72.64033072771527
2011-07-29,64.24797469053826
2011-07-30,49.59652484300013
2011-07-31,72.43446485362956
2011-08-01,68.3454326818332
2011-08-02,70.96155607819739
2011-08-03,66.27490709867166
2011-08-04,60.51123149864973
2011-08-05,51.50413801625222
2011-08-06,41.11153501772811
2011-08-07,39.06465572237569
2011-08-08,61.544939923218216
2011-08-09,63.983619889882114
2011-08-10,65.33837187547492
2011-08-11,60.41406344297711
2011-08-12,60.69467155985601
2011-08-13,42.57424357557324
2011-08-14,44.33270269608442
2011-08-15,66.22985700504181
2011-08-16,70.07692595763558
2011-08-17,84.58385196407208
2011-08-18,67.17298417509437
2011-08-19,61.69797087735816
2011-08-20,43.1366424944361
2011-08-21,46.14424817685245
2011-08-22,65.69662692434976
2011-08-23,63.24042751409223
2011-08-24,64.20445606783481
2011-08-25,61.753012018091646
2011-08-26,58.80266093855592
2011-08-27,39.58572017434442
2011-08-28,43.11125433295299
2011-08-29,67.43878038225638
2011-08-30,64.62725164768307
2011-08-31,65.93860540388897
2011-09-01,69.45884549901206
2011-09-02,62.1823699834337
2011-09-03,39.44688052200867
2011-09-04,51.121441905292436
2011-09-05,65.34771570240856
2011-09-06,63.28020125774844
2011-09-07,66.47764653306703
2011-09-08,66.00105846606743
2011-09-09,66.45664760421512
2011-09-10,46.2436001299438
2011-09-11,46.922975530810845
2011-09-12,72.56382210738215
2011-09-13,74.76937981085041
2011-09-14,69.39847396604435
2011-09-15,67.93508153666073
2011-09-16,64.63721404368977
2011-09-17,45.791404484108384
2011-09-18,52.09636242896357
2011-09-19,68.808086776813
2011-09-20,71.3601213157108
2011-09-21,73.55006474276803
2011-09-22,61.00541841499903
2011-09-23,56.75723503358991
2011-09-24,43.99319667299171
2011-09-25,43.22040505398325
2011-09-26,66.81150559287896
2011-09-27,68.64830509526836
2011-09-28,65.59219830734716
2011-09-29,64.66117114394183
2011-09-30,58.381524319674085
2011-10-01,43.01640818441319
2011-10-02,40.904703766387556
2011-10-03,44.277542137347524
2011-10-04,62.60675043866431
2011-10-05,62.74443913951978
2011-10-06,63.09441745986524
2011-10-07,56.72984215842681
2011-10-08,46.32189469267457
2011-10-09,46.2711175977666
2011-10-10,58.25769107577163
2011-10-11,62.50365481122486
2011-10-12,62.837001115690974
2011-10-13,62.447723595806195
2011-10-14,57.14325923133433
2011-10-15,42.54875965463707
2011-10-16,45.824741809877615
2011-10-17,59.33555802484208
2011-10-18,66.87183422524959
2011-10-19,61.674990569462764
2011-10-20,62.92705449888177
2011-10-21,62.50931703459872
2011-10-22,49.06399876250542
2011-10-23,45.34872435229398
2011-10-24,60.03227539530129
2011-10-25,62.2172853093054
2011-10-26,64.4814431406906
2011-10-27,61.903044476717504
2011-10-28,56.1226574645456
2011-10-29,39.21086943303551
2011-10-30,46.98675137946046
2011-10-31,56.583237685672046
2011-11-01,55.0230137188222
2011-11-02,68.10574569457296
2011-11-03,66.44843760285364
2011-11-04,63.59629304449973
2011-11-05,49.28524470364842
2011-11-06,50.79499607983968
2011-11-07,63.685295765327936
2011-11-08,78.56844829824638
2011-11-09,76.48677742784744
2011-11-10,76.30681673377964
2011-11-11,67.54715867364104
2011-11-12,50.66351661567098
2011-11-13,55.00383168345647
2011-11-14,67.02028359343849
2011-11-15,67.20834005261452
2011-11-16,70.96410203101138
2011-11-17,69.29949965762688
2011-11-18,71.55315155201018
2011-11-19,56.69213288526472
2011-11-20,59.04217698649831
2011-11-21,79.74093042882825
2011-11-22,81.25163335478189
2011-11-23,83.09985098066528
2011-11-24,87.10843680154828
2011-11-25,121.6227625182954
2011-11-26,69.34220631367242
2011-11-27,64.97564079606508
2011-11-28,90.40954422990622
2011-11-29,92.05202412272358
2011-11-30,87.4936166227933
2011-12-01,82.93903454846041
2011-12-02,79.07499191406704
2011-12-03,64.23522641027415
2011-12-04,61.38769195502471
2011-12-05,77.08719377310848
2011-12-06,79.34265318054723
2011-12-07,82.62472247025939
2011-12-08,89.3942538455615
2011-12-09,79.41757361198547
2011-12-10,57.06953013991995
2011-12-11,56.80205430980243
2011-12-12,73.05226010264683
2011-12-13,79.02420127453074
2011-12-14,78.5458701505015
2011-12-15,75.17183101882655
2011-12-16,65.89437563894316
2011-12-17,48.10542132307188
2011-12-18,50.788338497799344
2011-12-19,71.56706557337961
2011-12-20,70.53513314861823
2011-12-21,78.75116023198325
2011-12-22,75.22428783969357
2011-12-23,61.04822806752901
2011-12-24,46.61324577510189
2011-12-25,47.59588094971477
2011-12-26,53.38875970452867
2011-12-27,67.63758901153807
2011-12-28,71.56697796541273
2011-12-29,61.8957902910356
2011-12-30,63.77940409209063
2011-12-31,56.67566278702493
2012-01-01,55.798381995988656
2012-01-02,78.29260537131226
2012-01-03,80.49398095197725
2012-01-04,81.41627278404792
2012-01-05,78.56357379477866
2012-01-06,73.37313384503756
2012-01-07,62.52876177682822
2012-01-08,66.08184595267213
2012-01-09,83.43379168249521
2012-01-10,86.33036993580488
2012-01-11,84.88841756304035
2012-01-12,83.75621095219013
2012-01-13,86.03260102882788
2012-01-14,72.85105421180842
2012-01-15,69.941848553693
2012-01-16,91.66548420797702
2012-01-17,97.22509796195831
2012-01-18,100.16589340512994
2012-01-19,111.76151826129791
2012-01-20,157.8404042243142
2012-01-21,103.87596403002205
2012-01-22,87.8441846223836
2012-01-23,116.83942059596346
2012-01-24,112.11440136806627
2012-01-25,107.57420176932612
2012-01-26,107.59367017247355
2012-01-27,95.76712520204086
2012-01-28,85.21911195386731
2012-01-29,80.32447879495204
2012-01-30,110.22426839601961
2012-01-31,99.62060984219042
2012-02-01,97.30988875413834
2012-02-02,96.55231698717726
2012-02-03,90.7856219914048
2012-02-04,65.80556852957287
2012-02-05,66.76984622638784
2012-02-06,78.30072532399994
2012-02-07,77.61253724784213
2012-02-08,74.3664054730554
2012-02-09,70.74975418224939
2012-02-10,64.75744453883205
2012-02-11,55.11347910906071
2012-02-12,57.31211251905408
2012-02-13,76.4091212799694
2012-02-14,76.36108320707115
2012-02-15,76.65149766293136
2012-02-16,79.36262421423568
2012-02-17,74.65105403478692
2012-02-18,58.478465555047286
2012-02-19,55.69175398346444
2012-02-20,59.63140503006256
2012-02-21,68.88120176694271
2012-02-22,71.04574048401733
2012-02-23,72.14043768354736
2012-02-24,69.97786918484807
2012-02-25,58.54261848552285
2012-02-26,60.07349810909077
2012-02-27,80.54591057885926
2012-02-28,92.25248290559844
2012-02-29,93.10394455517445
2012-03-01,95.00493098768585
2012-03-02,87.58105544286687
2012-03-03,66.75193050131064
2012-03-04,61.62712414038645
2012-03-05,77.73905453701589
2012-03-06,73.5266622133155
2012-03-07,69.22362086009169
2012-03-08,71.3922030268988
2012-03-09,64.72043943070919
2012-03-10,56.31745867083403
2012-03-11,59.307805846817274
2012-03-12,80.83832869803777
2012-03-13,84.81652820082888
2012-03-14,106.24119129376227
2012-03-15,89.03854035110494
2012-03-16,83.56139743882711
2012-03-17,61.49944572554856
2012-03-18,63.99308619415537
2012-03-19,82.06974650996753
2012-03-20,79.32844475780522
2012-03-21,83.4765539218004
2012-03-22,84.67066518416955
2012-03-23,77.44221807733327
2012-03-24,62.155783304776506
2012-03-25,65.78959245507141
2012-03-26,86.62620204008283
2012-03-27,85.65654746050865
2012-03-28,88.40057751437105
2012-03-29,91.57715593211182
2012-03-30,88.11921996519683
2012-03-31,66.89334140101712
2012-04-01,66.31966294511959
2012-04-02,89.10662602839936
2012-04-03,87.77590831551373
2012-04-04,75.30482443536135
2012-04-05,73.10489186902144
2012-04-06,57.29672995458262
2012-04-07,50.666007261707676
2012-04-08,51.66329832795688
2012-04-09,54.00285278511963
2012-04-10,69.07750492184755
2012-04-11,68.63302570050598
2012-04-12,66.70538696183677
2012-04-13,63.02116068546538
2012-04-14,47.148016153724996
2012-04-15,52.57738068468582
2012-04-16,68.9354478178628
2012-04-17,66.69199109257174
2012-04-18,72.85328599428176
2012-04-19,74.46305082763034
2012-04-20,67.86155666406681
2012-04-21,52.50194746355776
2012-04-22,51.89903319096061
2012-04-23,70.19286066096394
2012-04-24,75.11892316758934
2012-04-25,80.34862186032727
2012-04-26,74.39797977437254
2012-04-27,64.37612550312369
2012-04-28,50.829915095031154
2012-04-29,51.8897297645297
2012-04-30,57.58770794706008
2012-05-01,53.284933958087024
2012-05-02,65.26621148235162
2012-05-03,68.67062336451312
2012-05-04,66.47082297418433
2012-05-05,49.552542889705805
2012-05-06,51.7297152723435
2012-05-07,71.38608932755649
2012-05-08,76.43944370669665
2012-05-09,76.91547257941646
2012-05-10,80.47016058524324
2012-05-11,68.96611554091423
2012-05-12,55.07216917670509
2012-05-13,54.73828948806346
2012-05-14,72.35159463939023
2012-05-15,74.87637068361302
2012-05-16,75.59140416147581
2012-05-17,57.02534551277514
2012-05-18,68.98416075876217
2012-05-19,54.45460163219413
2012-05-20,52.81030342737691
2012-05-21,75.49753288473936
2012-05-22,75.85124076189878
2012-05-23,77.20395167841146
2012-05-24,76.27452935839152
2012-05-25,74.52125658976212
2012-05-26,52.257315729856856
2012-05-27,53.96033183373365
2012-05-28,53.773701780005965
2012-05-29,76.96497928511876
2012-05-30,84.30074854660371
2012-05-31,80.63260422999006
2012-06-01,86.74107606602237
2012-06-02,61.63073443211343
2012-06-03,60.029249753165544
2012-06-04,76.00027895728772
2012-06-05,78.6464554501242
2012-06-06,74.25662375923578
2012-06-07,65.291636093433425
2012-06-08,69.25088591834802
2012-06-09,56.604146757667834
2012-06-10,54.42079288086345
2012-06-11,73.80308125055073
2012-06-12,68.2682479786078
2012-06-13,74.53977982705449
2012-06-14,73.3094518025592
2012-06-15,71.20263522352288
2012-06-16,53.74867780179617
2012-06-17,51.45934249958467
2012-06-18,69.88501990461681
2012-06-19,75.44314001914307
2012-06-20,77.06568492993118
2012-06-21,72.38294510070683
2012-06-22,71.2383293605412
2012-06-23,58.684439120342915
2012-06-24,59.14751109266403
2012-06-25,78.87279642450277
2012-06-26,82.13236678346519
2012-06-27,86.0610449443784
2012-06-28,82.49805606735518
2012-06-29,80.48755783447952
2012-06-30,64.52127366419599
2012-07-01,63.28811303670476
2012-07-02,83.81645323837911
2012-07-03,85.42160666109615
2012-07-04,86.94206298052164
2012-07-05,87.19296743231303
2012-07-06,75.32834177478567
2012-07-07,57.81931588706642
2012-07-08,55.35527683130012
2012-07-09,76.49543243232034
2012-07-10,81.13700600139009
2012-07-11,88.78452983874148
2012-07-12,84.12603466020317
2012-07-13,86.87638201412102
2012-07-14,71.90823769513736
2012-07-15,71.97687665005618
2012-07-16,97.35489833930285
2012-07-17,100.76028772809798
2012-07-18,151.265169979942
2012-07-19,161.37257777481048
2012-07-20,121.23910228427545
2012-07-21,105.23716573768228
2012-07-22,84.93025375207245
2012-07-23,103.15267772705215
2012-07-24,104.12512098803074
2012-07-25,100.97212863734441
2012-07-26,96.97483694578995
2012-07-27,91.0395338283431
2012-07-28,71.47191306876724
2012-07-29,71.58812761130798
2012-07-30,93.42588604024311
2012-07-31,89.55594284641985
2012-08-01,91.32436701067444
2012-08-02,83.12375555790511
2012-08-03,78.44322429963731
2012-08-04,59.145381038612655
2012-08-05,63.054435613973006
2012-08-06,83.85140800509046
2012-08-07,83.71208837565023
2012-08-08,82.32329437634239
2012-08-09,84.15101705147767
2012-08-10,75.25042722784676
2012-08-11,59.44951722877115
2012-08-12,60.50848114499891
2012-08-13,83.00039965540785
2012-08-14,78.70378708133664
2012-08-15,76.04113585504727
2012-08-16,77.99912130071685
2012-08-17,68.14401814916697
2012-08-18,56.31923522028044
2012-08-19,55.28474691743634
2012-08-20,79.29316967614601
2012-08-21,85.14287588670265
2012-08-22,80.48985018139541
2012-08-23,81.37520323810362
2012-08-24,71.57553903620912
2012-08-25,52.184569665832846
2012-08-26,53.826233684778735
2012-08-27,75.1013428665198
2012-08-28,72.45772083763416
2012-08-29,78.01965480669732
2012-08-30,75.69695726759784
2012-08-31,65.53169407571573
2012-09-01,50.21607960746397
2012-09-02,52.40409974098257
2012-09-03,69.80605498050564
2012-09-04,73.43857489838042
2012-09-05,72.59821227272516
2012-09-06,75.4878077898409
2012-09-07,67.61567624382712
2012-09-08,49.52867366863747
2012-09-09,56.499015025957604
2012-09-10,73.55555182612778
2012-09-11,78.84507515725653
2012-09-12,87.88988355650258
2012-09-13,77.53272677354127
2012-09-14,78.0610165750103
2012-09-15,54.13943923438625
2012-09-16,55.12525836986832
2012-09-17,76.19458387697931
2012-09-18,69.19603981918839
2012-09-19,74.23240289424535
2012-09-20,71.61685544956683
2012-09-21,75.20308398046652
2012-09-22,50.721442949041744
2012-09-23,55.77410250989916
2012-09-24,79.81280206422412
2012-09-25,92.21360304796784
2012-09-26,107.58737724963557
2012-09-27,112.86566736304216
2012-09-28,98.03680117145342
2012-09-29,68.73760252778575
2012-09-30,72.58661326795743
2012-10-01,91.33678286631407
2012-10-02,87.47424681953305
2012-10-03,71.41731390250203
2012-10-04,85.1827569608555
2012-10-05,83.19923885456807
2012-10-06,60.180484465985955
2012-10-07,54.67984502687075
2012-10-08,78.55616043620675
2012-10-09,74.93640193260194
2012-10-10,82.64734876585166
2012-10-11,86.83274502726037
2012-10-12,78.3643013375671
2012-10-13,49.55097818096488
2012-10-14,53.05921934528436
2012-10-15,80.52768847377686
2012-10-16,80.20136851591889
2012-10-17,76.52752909827592
2012-10-18,75.97730010313555
2012-10-19,67.79584596115775
2012-10-20,51.70973865295309
2012-10-21,57.06691929811943
2012-10-22,82.34954834257806
2012-10-23,91.73855478678968
2012-10-24,89.06193094953707
2012-10-25,89.17593274461959
2012-10-26,78.44421389749245
2012-10-27,56.71253296438207
2012-10-28,57.5424270090861
2012-10-29,75.61073324296997
2012-10-30,76.84411344064716
2012-10-31,75.76229669974722
2012-11-01,69.7291564492993
2012-11-02,73.46574772788541
2012-11-03,54.43413580932268
2012-11-04,56.47394703426485
2012-11-05,78.60318112821113
2012-11-06,86.46104987405076
2012-11-07,83.32868954927841
2012-11-08,77.86465421603445
2012-11-09,76.35778840074317
2012-11-10,62.12898270143197
2012-11-11,62.12141383668575
2012-11-12,89.9853735756432
2012-11-13,110.63794328251245
2012-11-14,104.81296380740636
2012-11-15,104.94320525245084
2012-11-16,109.76669212265321
2012-11-17,71.7279813610314
2012-11-18,71.67062507295964
2012-11-19,98.99753810049094
2012-11-20,94.37483947724613
2012-11-21,90.15817857553333
2012-11-22,84.7069872631683
2012-11-23,85.40382215497273
2012-11-24,51.78133586004582
2012-11-25,51.92310608327654
2012-11-26,80.52361757695732
2012-11-27,80.35228185719193
2012-11-28,82.53782768012427
2012-11-29,78.75121681367304
2012-11-30,75.78608397751151
2012-12-01,50.55528867488644
2012-12-02,48.23590468782796
2012-12-03,82.22652684507216
2012-12-04,79.52187303972383
2012-12-05,80.6804333325839
2012-12-06,70.02566774425247
2012-12-07,75.90294798240252
2012-12-08,50.73579806275205
2012-12-09,48.20725315073998
2012-12-10,76.11332749958491
2012-12-11,79.2355824433371
2012-12-12,77.33795635132726
2012-12-13,75.72074628283694
2012-12-14,77.62302266557455
2012-12-15,54.804578413059566
2012-12-16,54.610527337606094
2012-12-17,83.90984321137708
2012-12-18,82.27493297058399
2012-12-19,81.60573262643013
2012-12-20,79.7148179888139
2012-12-21,61.74593314672248
2012-12-22,52.85445621344334
2012-12-23,45.47554521658496
2012-12-24,33.27885722800476
2012-12-25,40.75372774237314
2012-12-26,42.66765791785921
2012-12-27,56.499008306240334
2012-12-28,56.84000569243404
2012-12-29,41.66447832601828
2012-12-30,44.3096120640047
2012-12-31,47.175162905567014
2013-01-01,47.34456526277065
2013-01-02,71.41397051117636
2013-01-03,73.26518545958655
2013-01-04,75.59273600340936
2013-01-05,55.33752554466136
2013-01-06,57.979748562139065
2013-01-07,86.22339045184702
2013-01-08,84.8359905919978
2013-01-09,83.9086534520089
2013-01-10,85.83212148194417
2013-01-11,78.57556168252277
2013-01-12,53.557540714235685
2013-01-13,53.68522524667024
2013-01-14,84.36702301308118
2013-01-15,82.80563141722476
2013-01-16,83.73342034472053
2013-01-17,80.04126120024677
2013-01-18,79.02056792756184
2013-01-19,55.78939044146398
2013-01-20,52.273358921956266
2013-01-21,81.66929612552009
2013-01-22,84.36989306661793
2013-01-23,85.25709982207711
2013-01-24,85.71207846121331
2013-01-25,86.21157528185695
2013-01-26,62.60278159029906
2013-01-27,63.42968791295036
2013-01-28,94.047145140157
2013-01-29,93.29140784913808
2013-01-30,93.93177292758016
2013-01-31,94.44685882284399
2013-02-01,85.81354076822568
2013-02-02,56.71548773094197
2013-02-03,57.7368839416236
2013-02-04,81.21317856400668
2013-02-05,81.93760514458033
2013-02-06,82.96926027621932
2013-02-07,77.92815676759228
2013-02-08,74.92599262291287
2013-02-09,53.77115999759344
2013-02-10,48.326667882902306
2013-02-11,72.57554993421282
2013-02-12,75.702259750349
2013-02-13,84.07507409025055
2013-02-14,79.60567760514174
2013-02-15,77.30456764625858
2013-02-16,56.57349982772035
2013-02-17,62.61924059731254
2013-02-18,91.0798282051471
2013-02-19,89.5482249199367
2013-02-20,88.37494129236535
2013-02-21,89.6562588271299
2013-02-22,91.29589601421033
2013-02-23,62.81013379185496
2013-02-24,60.994880195689234
2013-02-25,83.63009027101705
2013-02-26,83.5178806816337
2013-02-27,82.0277030588177
2013-02-28,79.41195250986794
2013-03-01,84.93212692710716
2013-03-02,53.24109606956853
2013-03-03,52.78700832407581
2013-03-04,86.32120978206873
2013-03-05,85.76012273944528
2013-03-06,87.74310226641961
2013-03-07,79.69245931326614
2013-03-08,71.81617339731451
2013-03-09,60.37739487408567
2013-03-10,52.541340134559185
2013-03-11,74.33096803623528
2013-03-12,72.14737512737194
2013-03-13,71.53855410266421
2013-03-14,73.75245850485526
2013-03-15,69.12796485835179
2013-03-16,53.10793944761953
2013-03-17,52.48832851678059
2013-03-18,75.60543647820185
2013-03-19,75.0650726950442
2013-03-20,79.39489422608396
2013-03-21,86.77204758809873
2013-03-22,81.24656476763029
2013-03-23,54.70674776549241
2013-03-24,52.997361745454604
2013-03-25,85.83896883119911
2013-03-26,81.90892089547522
2013-03-27,81.61146654704517
2013-03-28,65.48413934834755
2013-03-29,50.69681692945347
2013-03-30,50.46518707339818
2013-03-31,52.94070211489104
2013-04-01,54.046756147569056
2013-04-02,81.90340364876951
2013-04-03,82.82760945184475
2013-04-04,84.16217584718825
2013-04-05,79.16254493953419
2013-04-06,59.17016267086317
2013-04-07,59.092673292231886
2013-04-08,80.415387586821
2013-04-09,85.73475421063755
2013-04-10,80.92597017273675
2013-04-11,88.0455626501168
2013-04-12,138.1801945580934
2013-04-13,86.49714545941644
2013-04-14,71.43512663599074
2013-04-15,98.38337359310745
2013-04-16,99.53173665049252
2013-04-17,98.39502578076932
2013-04-18,92.23896075299916
2013-04-19,85.98524597892967
2013-04-20,63.77505613015273
2013-04-21,62.79460231760983
2013-04-22,89.8040847390753
2013-04-23,85.1961943999669
2013-04-24,83.38079633568938
2013-04-25,85.03094413893469
2013-04-26,77.94754140493787
2013-04-27,61.66085280997531
2013-04-28,65.84833530629503
2013-04-29,87.56058008851443
2013-04-30,75.39311885785438
2013-05-01,57.96475134066057
2013-05-02,79.06896753367153
2013-05-03,80.55674123161133
2013-05-04,55.86579989150745
2013-05-05,53.301760883026994
2013-05-06,69.19213612746893
2013-05-07,67.44442660476255
2013-05-08,70.57087286991747
2013-05-09,47.76525100263666
2013-05-10,67.47570940288936
2013-05-11,49.86126538619378
2013-05-12,56.169796085382636
2013-05-13,85.72605227104413
2013-05-14,87.49013634104364
2013-05-15,84.79457291130603
2013-05-16,92.58676056853545
2013-05-17,90.08616957534485
2013-05-18,58.33512367372385
2013-05-19,58.58149999406009
2013-05-20,49.81015516947442
2013-05-21,67.38444682398723
2013-05-22,69.74331547814707
2013-05-23,67.82388204517196
2013-05-24,61.26157583321168
2013-05-25,44.58783637986501
2013-05-26,47.332890160917586
2013-05-27,69.64303709197863
2013-05-28,80.07405454564314
2013-05-29,76.98537437695124
2013-05-30,65.02527297979913
2013-05-31,69.07570043785536
2013-06-01,53.59101377382742
2013-06-02,55.730854423335714
2013-06-03,90.33770646251101
2013-06-04,105.18681752524981
2013-06-05,105.74674806374063
2013-06-06,90.65035796611134
2013-06-07,84.50616929307483
2013-06-08,66.26022427867392
2013-06-09,67.63017358520847
2013-06-10,91.05387067338074
2013-06-11,85.64565939019334
2013-06-12,93.35921381396088
2013-06-13,91.15647026485848
2013-06-14,83.22999176939717
2013-06-15,57.91351600900277
2013-06-16,58.955526658188646
2013-06-17,79.57221653183258
2013-06-18,77.29109940766867
2013-06-19,97.8657977863667
2013-06-20,88.25127522416012
2013-06-21,77.43090215145138
2013-06-22,61.0298302027695
2013-06-23,61.28687189764217
2013-06-24,85.78076558259822
2013-06-25,87.14536451997594
2013-06-26,86.25234112634217
2013-06-27,87.63078521525128
2013-06-28,90.10986397350909
2013-06-29,61.97192673854325
2013-06-30,63.27999587914688
2013-07-01,96.56430837297052
2013-07-02,92.63774024363988
2013-07-03,94.24620573981609
2013-07-04,91.54629603250632
2013-07-05,94.29027727631613
2013-07-06,72.12763892782611
2013-07-07,67.34858186254617
2013-07-08,96.22918385564228
2013-07-09,95.32713263571388
2013-07-10,104.85738048309607
2013-07-11,144.75914014701468
2013-07-12,108.85820704470062
2013-07-13,71.52700340178384
2013-07-14,65.57689197087385
2013-07-15,89.45573197628067
2013-07-16,93.94647930570166
2013-07-17,83.42398232094574
2013-07-18,78.66877076066956
2013-07-19,84.05569299488936
2013-07-20,59.1174016304429
2013-07-21,58.53950125325454
2013-07-22,81.91997521247092
2013-07-23,82.9863888677884
2013-07-24,85.37974974144784
2013-07-25,96.66489979244233
2013-07-26,123.36905669874753
2013-07-27,72.1340780814044
2013-07-28,64.17972075606237
2013-07-29,90.4823774800675
2013-07-30,90.88788321744357
2013-07-31,89.09333329211253
2013-08-01,89.10900536637217
2013-08-02,79.11779827544082
2013-08-03,56.65885981604724
2013-08-04,58.553830404784804
2013-08-05,69.46406260814757
2013-08-06,61.682183447543146
2013-08-07,63.87606947057502
2013-08-08,63.09644995695913
2013-08-09,61.62189176116111
2013-08-10,43.50943785266542
2013-08-11,39.88080602455447
2013-08-12,61.70305705980535
2013-08-13,60.306002885893236
2013-08-14,55.01189045456574
2013-08-15,59.218692885997285
2013-08-16,59.71072241231902
2013-08-17,39.17087090547537
2013-08-18,35.05877751673358
2013-08-19,59.10393138326993
2013-08-20,53.97759037275356
2013-08-21,50.12140769944908
2013-08-22,52.926823100402075
2013-08-23,54.33121538799188
2013-08-24,38.97353845181846
2013-08-25,39.19541972094852
2013-08-26,64.36208235370933
2013-08-27,61.97534595869122
2013-08-28,57.91973003291317
2013-08-29,57.8460803800773
2013-08-30,48.538709237459514
2013-08-31,38.0181719367971
2013-09-01,34.57845183467579
2013-09-02,43.84456242460766
2013-09-03,46.858827447042565
2013-09-04,55.19636654240341
2013-09-05,52.451498329869764
2013-09-06,43.79131135634795
2013-09-07,34.28474049960662
2013-09-08,29.877092512670707
2013-09-09,54.44358910881301
2013-09-10,60.9546103472232
2013-09-11,55.32040811407461
2013-09-12,55.42597948473527
2013-09-13,48.56042689135117
2013-09-14,34.54146498083322
2013-09-15,34.14962349714871
2013-09-16,51.70753532738044
2013-09-17,48.20613587364421
2013-09-18,49.52994463840789
2013-09-19,50.48382918571762
2013-09-20,42.04466475956012
2013-09-21,25.15893297593678
2013-09-22,23.635904755169705
2013-09-23,55.38856515365964
2013-09-24,52.60676449830111
2013-09-25,48.606655729671445
2013-09-26,51.87151852848296
2013-09-27,47.6152067366916
2013-09-28,37.28899217090228
2013-09-29,35.56684539127938
2013-09-30,55.756706404091
2013-10-01,69.60434617801226
2013-10-02,49.316927358350846
2013-10-03,30.075522224048044
2013-10-04,37.946935624336895
2013-10-05,29.364969247048844
2013-10-06,29.898648718306724
2013-10-07,46.13365899863868
2013-10-08,48.918366266800255
2013-10-09,47.17073064972804
2013-10-10,57.80122372379536
2013-10-11,54.112052889759866
2013-10-12,36.117240096221344
2013-10-13,29.336734148719273
2013-10-14,53.31191018441101
2013-10-15,52.26345152299383
2013-10-16,57.6355808061758
2013-10-17,59.1291758358729
2013-10-18,50.546534757048626
2013-10-19,30.2470894314661
2013-10-20,27.396495637120285
2013-10-21,49.232393284052115
2013-10-22,47.91890030779875
2013-10-23,52.951188311779816
2013-10-24,51.45710729235661
2013-10-25,40.856618468286534
2013-10-26,26.59724937527522
2013-10-27,24.411627793087995
2013-10-28,46.13122675330622
2013-10-29,47.460706553394495
2013-10-30,47.26660077147375
2013-10-31,44.910910687555365
2013-11-01,32.28193828501565
2013-11-02,27.981323410504853
2013-11-03,27.72536037312393
2013-11-04,47.23962885601899
2013-11-05,45.36269495898024
2013-11-06,42.58062746991077
2013-11-07,45.25238066806196
2013-11-08,42.27257023867049
2013-11-09,24.9756311408483
2013-11-10,25.17035671603758
2013-11-11,45.017454486931264
2013-11-12,51.207782479957366
2013-11-13,44.743910126573724
2013-11-14,61.44490841309321
2013-11-15,52.36716124623761
2013-11-16,44.12432952362686
2013-11-17,29.8807126691947
2013-11-18,54.25200712757215
2013-11-19,57.81318925915829
2013-11-20,52.19546649693688
2013-11-21,50.20087909414361
2013-11-22,45.30922034961709
2013-11-23,29.78037392633463
2013-11-24,26.41403034171089
2013-11-25,42.079275411089355
2013-11-26,51.49453347353594
2013-11-27,50.284956167391115
2013-11-28,50.29909114809253
2013-11-29,40.87324552852595
2013-11-30,27.567122433918257
2013-12-01,26.05726184550417
2013-12-02,49.524271875140805
2013-12-03,51.667673971826396
2013-12-04,54.72628067050848
2013-12-05,42.736102016723265
2013-12-06,35.972877557296044
2013-12-07,29.122288279173755
2013-12-08,22.184334184932172
2013-12-09,45.49848867384595
2013-12-10,47.27467982381358
2013-12-11,45.257685228096946
2013-12-12,55.12404485346524
2013-12-13,40.143260969314085
2013-12-14,31.121557484376325
2013-12-15,25.05122614356072
2013-12-16,47.89949410899591
2013-12-17,51.7253147010673
2013-12-18,51.56722917586588
2013-12-19,47.42523753441311
2013-12-20,34.461767064690264
2013-12-21,31.24889039597356
2013-12-22,18.632623981721487
2013-12-23,34.37538109801923
2013-12-24,15.385398206515053
2013-12-25,15.990720165923612
2013-12-26,18.698964485299975
2013-12-27,29.616690339576998
2013-12-28,17.937673819840615
2013-12-29,20.66584069458439
2013-12-30,22.544834627039936
2013-12-31,20.384662024837095
2014-01-01,19.47159799538908
2014-01-02,36.22470393435785
2014-01-03,34.55148082213879
2014-01-04,34.30700970275753
2014-01-05,24.715422086547257
2014-01-06,43.84284735024995
2014-01-07,51.1378064016397
2014-01-08,55.09760088181151
2014-01-09,53.177246879328166
2014-01-10,82.29653847197456
2014-01-11,103.63570736335697
2014-01-12,64.87885852492045
2014-01-13,91.51707674801776
2014-01-14,74.8171515924223
2014-01-15,75.48010414143954
2014-01-16,67.89484291923492
2014-01-17,59.53506722051926
2014-01-18,32.35452752959754
2014-01-19,33.43893158585994
2014-01-20,61.16317374715248
2014-01-21,55.10667192957651
2014-01-22,67.0945529329335
2014-01-23,95.02352426958275
2014-01-24,65.14514048687833
2014-01-25,35.09662661949251
2014-01-26,34.45728595545269
2014-01-27,60.30399876483353
2014-01-28,67.42999859643467
2014-01-29,59.2075643982436
2014-01-30,61.06550229333037
2014-01-31,52.9524239436807
2014-02-01,30.58462365137234
2014-02-02,32.6049197193491
2014-02-03,57.937498002572895
2014-02-04,58.18559845681951
2014-02-05,67.31038371881222
2014-02-06,55.024442021210035
2014-02-07,50.773868132591105
2014-02-08,35.45375532776844
2014-02-09,30.342412571924147
2014-02-10,58.292321896487145
2014-02-11,57.417607443484165
2014-02-12,51.506507216112375
2014-02-13,51.4049994525396
2014-02-14,45.264536487394054
2014-02-15,25.246848336113082
2014-02-16,34.644705295705336
2014-02-17,45.625252384380765
2014-02-18,53.35091689594858
2014-02-19,52.6616212656424
2014-02-20,45.282065336475334
2014-02-21,48.627510865904625
2014-02-22,21.22103007874621
2014-02-23,19.05927986794821
2014-02-24,43.374736332643764
2014-02-25,52.66242779458792
2014-02-26,57.312619124957244
2014-02-27,52.312463233753704
2014-02-28,48.14336766844757
2014-03-01,20.196810365294258
2014-03-02,22.061453585882045
2014-03-03,38.442742302232645
2014-03-04,42.0890169000397
2014-03-05,63.72938056291307
2014-03-06,61.164775093521186
2014-03-07,43.060765527470494
2014-03-08,29.672058475183388
2014-03-09,20.592017396009105
2014-03-10,55.257129779314504
2014-03-11,46.62614166710154
2014-03-12,54.03293402863292
2014-03-13,42.66100528167168
2014-03-14,51.337134676146455
2014-03-15,26.74285774708089
2014-03-16,23.92834977635988
2014-03-17,45.385137315509695
2014-03-18,52.833297173279114
2014-03-19,43.629691780863375
2014-03-20,46.30898917904012
2014-03-21,47.35402966816316
2014-03-22,24.568066565182693
2014-03-23,22.491823707717568
2014-03-24,58.62447763411756
2014-03-25,49.20591066096023
2014-03-26,55.84857062249504
2014-03-27,46.10566545662061
2014-03-28,45.223715951550275
2014-03-29,22.305355518246866
2014-03-30,20.916782470643213
2014-03-31,42.25498771916078
2014-04-01,63.7165880327273
2014-04-02,65.0710534237427
2014-04-03,47.503238656109104
2014-04-04,47.16173055663951
2014-04-05,18.405082217056886
2014-04-06,21.485612330021624
2014-04-07,50.36414167028563
2014-04-08,53.75538850491701
2014-04-09,46.47354289992225
2014-04-10,50.5751320337084
2014-04-11,28.691659444394524
2014-04-12,18.00933624556465
2014-04-13,21.900441382555954
2014-04-14,47.181779948129176
2014-04-15,46.91487467776414
2014-04-16,50.90338006676685
2014-04-17,42.55932939114379
2014-04-18,17.143303590644045
2014-04-19,15.459176848724947
2014-04-20,17.89024126696524
2014-04-21,16.198890202042033
2014-04-22,54.61736458436084
2014-04-23,51.909497717246694
2014-04-24,48.46551626465626
2014-04-25,46.01713103394238
2014-04-26,17.859538463216552
2014-04-27,14.48578010929428
2014-04-28,54.28515930619875
2014-04-29,50.58099280597672
2014-04-30,42.29120252277092
2014-05-01,25.4966534614119
2014-05-02,46.313274221182894
2014-05-03,19.340378976839602
2014-05-04,19.819750845596573
2014-05-05,51.31025952072689
2014-05-06,50.762207305394014
2014-05-07,48.96779616788776
2014-05-08,48.34581245962437
2014-05-09,38.96170468860594
2014-05-10,14.162057623720829
2014-05-11,21.432204579034057
2014-05-12,50.43937382526727
2014-05-13,55.703370881500085
2014-05-14,52.718450388600765
2014-05-15,53.78887336586156
2014-05-16,40.41267693958377
2014-05-17,14.959570635704512
2014-05-18,12.337198713278815
2014-05-19,46.059287814255256
2014-05-20,54.289038920223774
2014-05-21,42.032288136340384
2014-05-22,58.25368449261082
2014-05-23,40.2681009880805
2014-05-24,16.694337360596922
2014-05-25,5.031787071115649
2014-05-26,58.33799307369596
2014-05-27,53.296917045159965
2014-05-28,45.77901832753607
2014-05-29,26.032030774053368
2014-05-30,32.153592239605864
2014-05-31,21.48893114988415
2014-06-01,16.003432013366197
2014-06-02,46.71113007115455
2014-06-03,58.730113439925645
2014-06-04,48.28847760338568
2014-06-05,52.27797272453257
2014-06-06,41.12630648123977
2014-06-07,16.193608018773563
2014-06-08,11.3218533926879
2014-06-09,21.303958581068333
2014-06-10,45.775352891807195
2014-06-11,61.40351169871471
2014-06-12,54.243605837407856
2014-06-13,44.164738306850495
2014-06-14,18.133506676519527
2014-06-15,21.44782007746001
2014-06-16,48.19660304382603
2014-06-17,55.4516559789599
2014-06-18,48.03652965416313
2014-06-19,26.329816704674833
2014-06-20,34.58479099769335
2014-06-21,10.845466932998146
2014-06-22,15.055680299427992
2014-06-23,49.86079973264655
2014-06-24,45.992392772010994
2014-06-25,54.21692899639772
2014-06-26,48.46760355870036
2014-06-27,46.24380992282386
2014-06-28,13.822758601447134
2014-06-29,4.522914054662067
2014-06-30,46.92321997021685
2014-07-01,60.271266921608714
2014-07-02,57.71129549701285
2014-07-03,59.02126601546052
2014-07-04,40.055380769545145
2014-07-05,17.198288197462638
2014-07-06,4.598135752159708
2014-07-07,61.34247335835872
2014-07-08,47.70958131398055
2014-07-09,32.14760802087899
2014-07-10,63.32674155909712
2014-07-11,42.995179019434744
2014-07-12,14.172262686411957
2014-07-13,14.499917040525782
2014-07-14,55.91019172713876
2014-07-15,45.16413094886642
2014-07-16,57.910154365875904
2014-07-17,46.11607262507647
2014-07-18,37.916928189174904
2014-07-19,6.51677480807054
2014-07-20,14.516607778491688
2014-07-21,57.775785121405804
2014-07-22,65.56058061304955
2014-07-23,59.56295073483637
2014-07-24,42.51717571459711
2014-07-25,45.138336793487824
2014-07-26,5.540558116232671
2014-07-27,15.413370030384135
2014-07-28,53.76007197671164
2014-07-29,55.869365197124914
2014-07-30,54.279184421117115
2014-07-31,66.30663775840692
2014-08-01,38.450975401027456
2014-08-02,6.852877120523694
2014-08-03,19.081807919882706
2014-08-04,46.31617558174687
2014-08-05,60.02131207385116
2014-08-06,59.26475772958902
2014-08-07,56.07734555423533
2014-08-08,43.07651892979683
2014-08-09,9.234014267834237
2014-08-10,14.79513927740523
2014-08-11,48.65884911987643
2014-08-12,38.27557505316938
2014-08-13,55.830315121032555
2014-08-14,56.298588217606344
2014-08-15,43.32610131964936
2014-08-16,9.074584434210355
2014-08-17,4.91345099279014
2014-08-18,49.806525186284254
2014-08-19,28.689686200171433
2014-08-20,45.255253485077816
2014-08-21,50.03378782618047
2014-08-22,41.56700642845587
2014-08-23,18.578911858727626
2014-08-24,8.04773570333791
2014-08-25,43.110871806954556
2014-08-26,49.85161131062655
2014-08-27,54.61018708776507
2014-08-28,46.99633426699454
2014-08-29,47.790582590927684
2014-08-30,11.421594906175596
2014-08-31,20.920347500729658
2014-09-01,59.18957151847556
2014-09-02,58.99251754928153
2014-09-03,45.4214649315695
2014-09-04,41.69676268984791
2014-09-05,38.98458239105737
2014-09-06,4.711934431004057
2014-09-07,12.122474075891756
2014-09-08,49.811749016635886
2014-09-09,42.95162365952464
2014-09-10,53.336831177524026
2014-09-11,56.90570555286183
2014-09-12,32.968859724666025
2014-09-13,11.056520161155728
2014-09-14,1.7412370827260686
2014-09-15,49.894801149651364
2014-09-16,46.87514459058698
2014-09-17,52.471861755176384
2014-09-18,52.55783811462053
2014-09-19,38.04685014912054
2014-09-20,-2.250618156853726
2014-09-21,11.366196378130399
2014-09-22,40.851075789251325
2014-09-23,49.18607235572016
2014-09-24,42.93345862734565
2014-09-25,46.15490061839318
2014-09-26,37.34072720014471
2014-09-27,6.282958845933322
2014-09-28,6.208917346621009
2014-09-29,57.511491571838334
2014-09-30,73.05828490001765
2014-10-01,64.54360352934285
2014-10-02,51.235186953819166
2014-10-03,11.062486031831087
2014-10-04,-2.298475038461995
2014-10-05,4.0151312401278005
2014-10-06,54.66950829056136
2014-10-07,53.24972864807553
2014-10-08,45.14484412054776
2014-10-09,49.859386999384384
2014-10-10,43.969689995826656
2014-10-11,9.429503593705968
2014-10-12,1.2890030742738139
2014-10-13,59.26826829412499
2014-10-14,56.95240999289161
2014-10-15,64.88585808889577
2014-10-16,58.36193686506396
2014-10-17,29.88591410569496
2014-10-18,8.700566312126849
2014-10-19,12.473550343156719
2014-10-20,52.94571641368977
2014-10-21,51.005223233634815
2014-10-22,59.584931642295444
2014-10-23,52.61803679025468
2014-10-24,46.3279347053442
2014-10-25,9.179260076587362
2014-10-26,0.9616072435781193
2014-10-27,41.322809858171574
2014-10-28,47.86989035389986
2014-10-29,68.1793247111508
2014-10-30,51.393500671783386
2014-10-31,43.15386513455393
2014-11-01,5.11038515047924
2014-11-02,10.140461164886052
2014-11-03,45.143712086803376
2014-11-04,50.72315816944629
2014-11-05,47.659329156570266
2014-11-06,62.03305184243141
2014-11-07,41.430277538150705
2014-11-08,23.857501415299673
2014-11-09,17.882134867247082
2014-11-10,45.68674236358008
2014-11-11,54.864286187247366
2014-11-12,57.17217132095838
2014-11-13,57.71438752156823
2014-11-14,44.642387135248654
2014-11-15,6.29691882620997
2014-11-16,1.9066989345110246
2014-11-17,50.25452032903234
2014-11-18,51.139529076766074
2014-11-19,62.864992834574686
2014-11-20,67.67912303269352
2014-11-21,42.02504385700083
2014-11-22,2.420612273908261
2014-11-23,4.280574266419558
2014-11-24,43.21809024727199
2014-11-25,59.80813658071693
2014-11-26,59.883844417331154
2014-11-27,67.87145047172741
2014-11-28,41.480753869458084
2014-11-29,9.87741038116789
2014-11-30,8.649128840532956
2014-12-01,55.67316343775257
2014-12-02,55.15731912878859
2014-12-03,47.82133840202895
2014-12-04,49.13844296066531
2014-12-05,54.41127959526588
2014-12-06,14.675199275783914
2014-12-07,9.588899345199675
2014-12-08,44.97942493610011
2014-12-09,54.312623813664324
2014-12-10,63.47301547815855
2014-12-11,58.78919878372915
2014-12-12,51.56286534333158
2014-12-13,10.714363217178418
2014-12-14,21.370950207652886
2014-12-15,54.916238446092635
2014-12-16,63.3320605253995
2014-12-17,55.72567291294561
2014-12-18,56.83179520187172
2014-12-19,24.928115495619384
2014-12-20,4.976016124820788
2014-12-21,14.131352778787807
2014-12-22,36.44550228042863
2014-12-23,49.588509422014546
2014-12-24,17.650160526361034
2014-12-25,12.542025623960464
2014-12-26,17.31156729171115
2014-12-27,13.456822645820974
2014-12-28,18.386042478591047
2014-12-29,35.67980290628354
2014-12-30,31.79759978657299
2014-12-31,11.577005834468377
2015-01-01,15.534445257847517
2015-01-02,36.68216798090165
2015-01-03,14.44535046185936
2015-01-04,18.092425176122944
2015-01-05,33.86490480898266
2015-01-06,40.93318279298522
2015-01-07,45.1303902911374
2015-01-08,43.9956750872097
2015-01-09,39.07846265029706
2015-01-10,11.238791376229129
2015-01-11,5.501142370911472
2015-01-12,42.112989335306935
2015-01-13,52.5350411998703
2015-01-14,47.94279203069454
2015-01-15,49.09573864112785
2015-01-16,48.77958781112509
2015-01-17,14.51950359126926
2015-01-18,7.81575820915482
2015-01-19,50.1429598281117
2015-01-20,49.31379887426904
2015-01-21,47.81478353150631
2015-01-22,52.208186343304575
2015-01-23,38.4323412977005
2015-01-24,15.41923047421462
2015-01-25,9.964800117947895
2015-01-26,41.076520562022694
2015-01-27,64.0033387325139
2015-01-28,47.5744600111908
2015-01-29,61.177503446648124
2015-01-30,39.484204487904414
2015-01-31,9.907475174281574
2015-02-01,16.02753576930607
2015-02-02,51.78100509106441
2015-02-03,57.04176200121844
2015-02-04,52.611369169808604
2015-02-05,55.95416517459849
2015-02-06,36.99306751162539
2015-02-07,14.868037774722595
2015-02-08,10.997604425029751
2015-02-09,58.62672000323971
2015-02-10,62.51128986753369
2015-02-11,55.736104791373755
2015-02-12,52.51942195944649
2015-02-13,36.73599900081531
2015-02-14,8.056320090736673
2015-02-15,9.590870174163786
2015-02-16,33.04553681539273
2015-02-17,54.779312495978765
2015-02-18,48.0873936510815
2015-02-19,51.01834130729382
2015-02-20,38.052206666951264
2015-02-21,13.563838089514993
2015-02-22,14.830589368728866
2015-02-23,51.6576083867884
2015-02-24,54.32074929765133
2015-02-25,57.81879903981848
2015-02-26,42.3737972889997
2015-02-27,49.63794619766526
2015-02-28,6.514820978183192
2015-03-01,16.95614715437246
2015-03-02,48.908074172490046
2015-03-03,58.58706348125202
2015-03-04,53.87345093015345
2015-03-05,50.53491916717005
2015-03-06,48.298040174095924
2015-03-07,12.802025736397704
2015-03-08,5.112467637693717
2015-03-09,63.71916470475464
2015-03-10,54.00438700592388
2015-03-11,55.99140256733078
2015-03-12,50.63139246301346
2015-03-13,41.114350296529324
2015-03-14,11.399165388710706
2015-03-15,15.238982648887635
2015-03-16,56.03651802014009
2015-03-17,54.013887587384204
2015-03-18,48.89527539261926
2015-03-19,55.761288548378126
2015-03-20,46.813411388657705
2015-03-21,8.835956150065142
2015-03-22,14.196206215590317
2015-03-23,48.00252233206839
2015-03-24,47.1841738886118
2015-03-25,32.703975966427066
2015-03-26,50.315551070123966
2015-03-27,42.325586364892345
2015-03-28,16.663494514424215
2015-03-29,11.518056051134618
2015-03-30,54.35485966830511
2015-03-31,53.56850672550283
2015-04-01,50.92337496907943
2015-04-02,51.02629814626653
2015-04-03,14.42652023691534
2015-04-04,11.465152873215441
2015-04-05,12.06511353485504
2015-04-06,14.436785515760693
2015-04-07,43.097548212309604
2015-04-08,55.93948608128995
2015-04-09,46.582611933007875
2015-04-10,35.442884808204745
2015-04-11,7.6640487954522865
2015-04-12,13.28343208713223
2015-04-13,45.619698660980234
2015-04-14,48.19944533179559
2015-04-15,59.358683104423925
2015-04-16,48.67679168004888
2015-04-17,39.46526276219414
2015-04-18,9.611481371407086
2015-04-19,4.834015122724823
2015-04-20,43.01929929637342
2015-04-21,55.0811867730001
2015-04-22,55.602505436619815
2015-04-23,54.79123481246828
2015-04-24,40.34311386993194
2015-04-25,9.979575744808544
2015-04-26,19.57107979181615
2015-04-27,47.237725214030455
2015-04-28,48.50188695299002
2015-04-29,50.29271978020933
2015-04-30,55.21830637488909
2015-05-01,12.042441828619438
2015-05-02,9.259142062170007
2015-05-03,11.357818978770418
2015-05-04,56.74482042837662
2015-05-05,42.97578050357066
2015-05-06,55.72481303951251
2015-05-07,56.073996118214225
2015-05-08,46.75760996101639
2015-05-09,9.364834367439574
2015-05-10,12.708388426409154
2015-05-11,49.48886222002983
2015-05-12,48.888397825427404
2015-05-13,49.00463309178189
2015-05-14,14.109639700896356
2015-05-15,34.35754447699306
2015-05-16,15.920469719829523
2015-05-17,8.330953425013742
2015-05-18,55.46215552670494
2015-05-19,51.862001860665664
2015-05-20,57.41122944075588
2015-05-21,46.589889467044536
2015-05-22,47.196497593430976
2015-05-23,14.753428772810015
2015-05-24,3.7640022247242904
2015-05-25,20.17931218675325
2015-05-26,50.60138553637297
2015-05-27,52.831164075397595
2015-05-28,48.469461606112986
2015-05-29,52.821236444119215
2015-05-30,9.53227196666687
2015-05-31,17.253996643277887
2015-06-01,43.78046754046953
2015-06-02,49.170207574332125
2015-06-03,79.35912457993136
2015-06-04,28.986287079694964
2015-06-05,34.76570651875527
2015-06-06,5.9192792929443945
2015-06-07,14.63200344661481
2015-06-08,37.28587848528529
2015-06-09,52.006662576100794
2015-06-10,48.95094689370728
2015-06-11,42.33698862814705
2015-06-12,42.00819661132708
2015-06-13,10.778359720958171
2015-06-14,10.989067177236597
2015-06-15,50.696267786507626
2015-06-16,54.43382722075025
2015-06-17,39.97456697636214
2015-06-18,49.42640257929296
2015-06-19,47.790547093526854
2015-06-20,10.458478463519501
2015-06-21,19.185175530418046
2015-06-22,54.30443565327602
2015-06-23,45.81868498002726
2015-06-24,49.50724017235679
2015-06-25,43.49585940467085
2015-06-26,42.00279986718665
2015-06-27,12.216698808697657
2015-06-28,16.479145454583847
2015-06-29,44.78029717600105
2015-06-30,44.958500373030255
2015-07-01,39.6451821783886
2015-07-02,43.88140347208679
2015-07-03,30.32436196501798
2015-07-04,2.255193936462881
2015-07-05,12.17207977805684
2015-07-06,46.39930786259522
2015-07-07,41.50157687719546
2015-07-08,46.695930943178595
2015-07-09,56.51380959972831
2015-07-10,58.92437984984002
2015-07-11,11.272870112032518
2015-07-12,9.805944445288425
2015-07-13,60.66810357993413
2015-07-14,73.08124391316578
2015-07-15,50.326501722224094
2015-07-16,44.90205739834531
2015-07-17,41.4959416620159
2015-07-18,7.296791765552817
2015-07-19,15.58331784539276
2015-07-20,51.37626502822972
2015-07-21,54.24804025622522
2015-07-22,45.25260128846646
2015-07-23,57.20131087488345
2015-07-24,35.13513641790575
2015-07-25,18.701141229060028
2015-07-26,20.932727737370225
2015-07-27,46.01673771064355
2015-07-28,55.67324793839367
2015-07-29,45.52741005418314
2015-07-30,57.14028353846365
2015-07-31,46.76338473163667
2015-08-01,13.303001537510378
2015-08-02,7.084541798534601
2015-08-03,50.34732842784587
2015-08-04,43.563561092748245
2015-08-05,45.79369274167946
2015-08-06,61.41257173545881
2015-08-07,77.2956529810632
2015-08-08,22.35165052334986
2015-08-09,19.07631861828315
2015-08-10,60.373169922560066
2015-08-11,53.27667665749591
2015-08-12,45.91017084925022
2015-08-13,43.65808125615136
2015-08-14,39.02567566054128
2015-08-15,13.076310736724848
2015-08-16,21.126578804370645
2015-08-17,62.73409178154486
2015-08-18,56.7818695367886
2015-08-19,50.02610399031719
2015-08-20,42.19336711571062
2015-08-21,34.55965635553922
2015-08-22,9.443292894334633
2015-08-23,7.76733748960971
2015-08-24,51.503557025024456
2015-08-25,56.25383509476378
2015-08-26,56.37895990665628
2015-08-27,48.254257420280794
2015-08-28,37.62872708825609
2015-08-29,10.228023919878293
2015-08-30,9.534214532269
2015-08-31,51.395497473380765
2015-09-01,54.421464599906294
2015-09-02,42.75551361168384
2015-09-03,38.089600996403945
2015-09-04,35.77545036354936
2015-09-05,18.587096266381888
2015-09-06,8.307637864310891
2015-09-07,40.16739371655953
2015-09-08,49.36392238692922
2015-09-09,51.75604920992659
2015-09-10,42.8777831466135
2015-09-11,35.250725442490925
2015-09-12,10.891725369369484
2015-09-13,9.027187744901347
2015-09-14,41.81829606079042
2015-09-15,47.76477809079067
2015-09-16,58.66841619009661
2015-09-17,41.745891508364025
2015-09-18,35.753873547157696
2015-09-19,2.412439104437262
2015-09-20,17.46115052078053
2015-09-21,48.21052559561585
2015-09-22,42.253526596079126
2015-09-23,42.33606777533561
2015-09-24,36.518458797233684
2015-09-25,39.83924092377323
2015-09-26,3.4459407331114393
2015-09-27,7.880638399954767
2015-09-28,42.03635047930089
2015-09-29,53.49902828325804
2015-09-30,49.756393045059696
2015-10-01,44.031143519642335
2015-10-02,33.116032381163556
2015-10-03,1.355552572492725
2015-10-04,2.34159658653918
2015-10-05,47.48907370874719
2015-10-06,40.0044638335097
2015-10-07,38.94821990708198
2015-10-08,48.69519029059995
2015-10-09,39.16829247346001
2015-10-10,12.008094585337213
2015-10-11,5.683816160717811
2015-10-12,37.164402256593476
2015-10-13,47.90120108699704
2015-10-14,43.2786414230955
2015-10-15,47.70893802140061
2015-10-16,30.62424011415637
2015-10-17,10.29514841606602
2015-10-18,6.22619522427166
2015-10-19,42.479703724686765
2015-10-20,44.956679709606945
2015-10-21,42.549350928494704
2015-10-22,45.73912493061722
2015-10-23,25.451488615819773
2015-10-24,5.018966600675919
2015-10-25,2.5789510745850905
2015-10-26,46.987419324103584
2015-10-27,52.598301416947834
2015-10-28,44.51789863093652
2015-10-29,45.125242996460614
2015-10-30,38.42830066144318
2015-10-31,10.475231477576562
2015-11-01,3.121555881945009
2015-11-02,37.60935008887013
2015-11-03,36.923054316952026
2015-11-04,49.27714327415129
2015-11-05,46.05281722786918
2015-11-06,46.57232313249775
2015-11-07,6.175750575707982
2015-11-08,8.076361198855304
2015-11-09,50.77471153078923
2015-11-10,44.85983808347567
2015-11-11,48.93648043746667
2015-11-12,47.60152663377232
2015-11-13,34.04030901925033
2015-11-14,4.214506027047419
2015-11-15,4.109102331349001
2015-11-16,41.638616636704526
2015-11-17,50.780697869634224
2015-11-18,39.191330678305675
2015-11-19,44.87701023729841
2015-11-20,45.59892402333975
2015-11-21,2.530292784802366
2015-11-22,0.433803618196964
2015-11-23,42.98820583369059
2015-11-24,54.362794419026656
2015-11-25,50.7599324732342
2015-11-26,43.22891651291219
2015-11-27,44.515698984791314
2015-11-28,8.011318451582863
2015-11-29,5.984904656114345
2015-11-30,39.81214151378998
2015-12-01,47.68427390504668
2015-12-02,48.68229668739302
2015-12-03,55.29275624043622
2015-12-04,36.80057132828131
2015-12-05,10.067136690949685
2015-12-06,10.27352460959899
2015-12-07,43.93349123736828
2015-12-08,47.52059258043839
2015-12-09,56.03361558036256
2015-12-10,39.38145575719169
2015-12-11,31.251847732514637
2015-12-12,4.252912392340445
2015-12-13,7.769957253256029
2015-12-14,37.50290545458934
2015-12-15,39.383118211069686
2015-12-16,52.384605245571194
2015-12-17,47.70628148445557
2015-12-18,31.819276801280825
2015-12-19,13.56443060433313
2015-12-20,9.711994961862734
2015-12-21,40.59067354875209
2015-12-22,29.640619963977464
2015-12-23,43.30484376806706
2015-12-24,16.234047484589038
2015-12-25,6.93481704383961
2015-12-26,7.106158105761429
2015-12-27,13.621175842577625
2015-12-28,31.232632864010416
2015-12-29,24.044337432018278
2015-12-30,56.32589688902731
2015-12-31,17.57733510626252
2016-01-01,25.646129946517878
2016-01-02,8.97939518363922
2016-01-03,7.862192860191653
2016-01-04,42.09779211351208
2016-01-05,45.15204070227129
2016-01-06,45.73488102728519
2016-01-07,45.76030925516846
2016-01-08,38.02805410851867
2016-01-09,11.734203205358803
2016-01-10,16.670700602278032
2016-01-11,50.8957456948215
2016-01-12,54.17104174296982
2016-01-13,48.20256717716596
2016-01-14,47.31374381940578
2016-01-15,45.81166000114059
2016-01-16,8.410078833391887
2016-01-17,4.924288817876636
2016-01-18,40.90310459599328
2016-01-19,46.531237653472374
2016-01-20,51.7034851633424
2016-01-21,50.95128666097148
2016-01-22,47.82920645336715
2016-01-23,9.981595160405623
2016-01-24,8.051036333890119
2016-01-25,50.01657696465833
2016-01-26,38.3625665281888
2016-01-27,51.247353721658314
2016-01-28,41.64131860772076
2016-01-29,22.928412358654615
2016-01-30,13.210972284007026
2016-01-31,2.834885884413428
2016-02-01,38.077240046269544
2016-02-02,53.05060111032176
2016-02-03,51.94753209080329
2016-02-04,43.062016353803884
2016-02-05,26.667481913198383
2016-02-06,6.409635748239002
2016-02-07,-2.21726751379626
2016-02-08,27.394518472277458
2016-02-09,48.72717494093563
2016-02-10,57.78444617161148
2016-02-11,54.0615419681886
2016-02-12,49.67342704062569
2016-02-13,19.352547682696944
2016-02-14,8.950680035852955
2016-02-15,40.51693596888114
2016-02-16,47.517163240846585
2016-02-17,54.74216926274941
2016-02-18,42.50513638325803
2016-02-19,36.690584104360006
2016-02-20,13.236846414556158
2016-02-21,5.8667128030257665
2016-02-22,44.8593693653442
2016-02-23,51.369391861397816
2016-02-24,42.95226155230873
2016-02-25,42.09918606825054
2016-02-26,38.20957129164
2016-02-27,10.082228984051126
2016-02-28,-0.8690118460810896
2016-02-29,38.88923372864471
2016-03-01,53.610392403192684
2016-03-02,42.00942225181687
2016-03-03,41.637105093950765
2016-03-04,37.91061303193336
2016-03-05,15.062263418282496
2016-03-06,10.278267368640785
2016-03-07,35.61564607446099
2016-03-08,48.875341336960616
2016-03-09,55.182375843388094
2016-03-10,41.11774354519673
2016-03-11,30.799198260985893
2016-03-12,5.01666862751927
2016-03-13,6.649277426943167
2016-03-14,39.83741177233656
2016-03-15,50.624608468184576
2016-03-16,43.02114519443702
2016-03-17,43.640682841176485
2016-03-18,26.234131211389666
2016-03-19,11.21744935023238
2016-03-20,8.798616771907438
2016-03-21,37.22763366974231
2016-03-22,34.16291081762485
2016-03-23,52.467199310341485
2016-03-24,65.33053095022055
2016-03-25,19.41340835265563
2016-03-26,12.000119871203918
2016-03-27,8.526559013560824
2016-03-28,16.597798134296816
2016-03-29,45.25799490733797
2016-03-30,39.73040208463445
2016-03-31,48.047209018618545
2016-04-01,53.89387701077895
2016-04-02,18.633847841401312
2016-04-03,13.084979444910587
2016-04-04,48.65770462943736
2016-04-05,52.80245465992087
2016-04-06,51.58603438065758
2016-04-07,44.826158448371665
2016-04-08,40.627513900164224
2016-04-09,5.197201492316216
2016-04-10,12.374809356934112
2016-04-11,40.91403728827951
2016-04-12,49.632418449461156
2016-04-13,50.981444348342286
2016-04-14,43.867402898742384
2016-04-15,39.22741500635927
2016-04-16,7.5312542015616915
2016-04-17,11.667365752586285
2016-04-18,50.464304444350475
2016-04-19,51.19021618546143
2016-04-20,48.29703186325825
2016-04-21,46.70645588671709
2016-04-22,31.65337502293233
2016-04-23,12.855000544416743
2016-04-24,17.82239814238826
2016-04-25,49.163878690167536
2016-04-26,51.01599382987651
2016-04-27,46.10131335164754
2016-04-28,51.13400152918045
2016-04-29,37.2498745165725
2016-04-30,23.40660856031254
2016-05-01,17.533616326515883
2016-05-02,53.059839876524585
2016-05-03,55.521714310935515
2016-05-04,46.24662541574565
2016-05-05,10.46945995230534
2016-05-06,26.481775145259377
2016-05-07,10.067739940794901
2016-05-08,18.14244895289324
2016-05-09,39.9404775764371
2016-05-10,47.831573547631066
2016-05-11,45.657751145125346
2016-05-12,40.65433650208827
2016-05-13,29.68041285114001
2016-05-14,19.66282343546695
2016-05-15,8.778714768439867
2016-05-16,9.435873317892439
2016-05-17,39.86283393670811
2016-05-18,50.113411115435035
2016-05-19,48.208160188508785
2016-05-20,34.14708115521581
2016-05-21,9.388456803798274
2016-05-22,16.951629416688363
2016-05-23,47.14077125939508
2016-05-24,44.68135585991702
2016-05-25,41.20690218107957
2016-05-26,21.195111690230878
2016-05-27,37.62792205172726
2016-05-28,10.390922557108382
2016-05-29,16.043959627597932
2016-05-30,43.73378271557835
2016-05-31,37.681075160564625
2016-06-01,55.305721764536145
2016-06-02,46.83719727905264
2016-06-03,37.977735849869475
2016-06-04,15.055936333476504
2016-06-05,16.078293914929002
2016-06-06,39.58476344626945
2016-06-07,47.484718040693544
2016-06-08,46.23526562214643
2016-06-09,43.450324987840155
2016-06-10,33.40894057887465
2016-06-11,11.596044528740967
2016-06-12,15.155782103471228
2016-06-13,39.119561123787186
2016-06-14,42.837748850173654
2016-06-15,39.43489038288965
2016-06-16,38.2075384984414
2016-06-17,38.426551806576754
2016-06-18,13.113698714307734
2016-06-19,14.402588915762145
2016-06-20,44.320408176417146
2016-06-21,35.96843355518292
2016-06-22,40.54080411281548
2016-06-23,38.07026319814451
2016-06-24,28.711052264103756
2016-06-25,13.052093203089225
2016-06-26,11.039609738296205
2016-06-27,32.918972489447484
2016-06-28,41.13939964228638
2016-06-29,41.16945165082275
2016-06-30,41.30311188101877
2016-07-01,32.334970232439645
2016-07-02,13.009033891787372
2016-07-03,13.311242706795959
2016-07-04,42.13075970332896
2016-07-05,51.34425284817641
2016-07-06,53.89398189712941
2016-07-07,47.01061174633966
2016-07-08,35.72802240221091
2016-07-09,11.89946098103395
2016-07-10,20.787781732518884
2016-07-11,37.223045389218825
2016-07-12,44.79957057128187
2016-07-13,42.42364519319417
2016-07-14,32.282693432414824
2016-07-15,26.40754830342364
2016-07-16,9.486240518078905
2016-07-17,15.423844917291362
2016-07-18,82.75579842211744
2016-07-19,92.26748304706241
2016-07-20,81.14510991135798
2016-07-21,77.82519338969797
2016-07-22,50.25355603082251
2016-07-23,39.23407202340755
2016-07-24,32.9883034591792
2016-07-25,47.95629181039748
2016-07-26,50.5484561115091
2016-07-27,53.097101298567544
2016-07-28,58.88336364096247
2016-07-29,41.11129689508036
2016-07-30,18.82971999036682
2016-07-31,28.951416019376452
2016-08-01,51.522092544109114
2016-08-02,58.264839375887156
2016-08-03,50.36451127644402
2016-08-04,48.054781947537826
2016-08-05,39.94281709509594
2016-08-06,18.03610529003637
2016-08-07,21.18245869524126
2016-08-08,47.487348931840536
2016-08-09,40.75080082241555
2016-08-10,46.41795397884698
2016-08-11,39.61386928452148
2016-08-12,36.379657415843624
2016-08-13,13.565079103532167
2016-08-14,14.007191269752484
2016-08-15,43.47574776037609
2016-08-16,44.55086376371229
2016-08-17,36.55478623480323
2016-08-18,43.36689583960816
2016-08-19,37.46210494054629
2016-08-20,20.663267022598607
2016-08-21,12.741331432836118
2016-08-22,46.558846165606354
2016-08-23,52.216391011478066
2016-08-24,48.62256539625503
2016-08-25,36.765916790281736
2016-08-26,36.774954257425755
2016-08-27,9.549470534194525
2016-08-28,12.235922395530803
2016-08-29,42.08099025836064
2016-08-30,41.93821733739973
2016-08-31,48.993814745684844
2016-09-01,59.14636213963833
2016-09-02,54.64238881930188
2016-09-03,16.615361203677196
2016-09-04,9.86772072347509
2016-09-05,49.81239552668862
2016-09-06,67.73482016748409
2016-09-07,54.10707969796351
2016-09-08,53.771369868945776
2016-09-09,40.983390680198205
2016-09-10,15.04204463722905
2016-09-11,7.048016601315423
2016-09-12,57.94471409123676
2016-09-13,54.350650283854485
2016-09-14,47.67029347598446
2016-09-15,37.539072976102396
2016-09-16,37.810675278671496
2016-09-17,10.20517717026062
2016-09-18,14.8767437012458
2016-09-19,37.793345157286225
2016-09-20,47.34950648089258
2016-09-21,39.562993908956734
2016-09-22,50.301955261179124
2016-09-23,37.33227746689889
2016-09-24,14.703954315202397
2016-09-25,9.486360067021891
2016-09-26,40.80167319806656
2016-09-27,36.941641967118244
2016-09-28,43.29531816019366
2016-09-29,57.31070690394856
2016-09-30,34.965896518994725
2016-10-01,19.827085307658844
2016-10-02,11.514071279496534
2016-10-03,22.616795535226256
2016-10-04,42.380422497768144
2016-10-05,47.844009229785534
2016-10-06,48.33916337661078
2016-10-07,41.76259245837965
2016-10-08,14.400829477817666
2016-10-09,21.290027763901723
2016-10-10,45.694525947487456
2016-10-11,44.46878421511442
2016-10-12,53.15844554051395
2016-10-13,41.13957135966433
2016-10-14,39.03610023581756
2016-10-15,16.770949653742
2016-10-16,21.738310242214247
2016-10-17,43.399423249515024
2016-10-18,46.208645682925756
2016-10-19,48.94136845927371
2016-10-20,48.34449919901299
2016-10-21,36.32737281520143
2016-10-22,17.250815726566813
2016-10-23,15.09236224690802
2016-10-24,43.145177971678336
2016-10-25,42.42593069113494
2016-10-26,44.189546703960566
2016-10-27,47.16002857225641
2016-10-28,48.51195339646938
2016-10-29,19.444236094185673
2016-10-30,14.915909272325916
2016-10-31,33.977101420406655
2016-11-01,32.97047155029796
2016-11-02,47.90903949014873
2016-11-03,47.89543864247901
2016-11-04,41.70039866764754
2016-11-05,13.023402820074057
2016-11-06,9.314729529868796
2016-11-07,42.36458178387878
2016-11-08,40.072093227463974
2016-11-09,36.67886550319511
2016-11-10,37.56932737158075
2016-11-11,31.32961161253756
2016-11-12,14.678581959902676
2016-11-13,12.407045818633636
2016-11-14,38.89388167051113
2016-11-15,42.005479824940046
2016-11-16,37.05380955491695
2016-11-17,34.61142108428349
2016-11-18,35.407455806968365
2016-11-19,17.93224258635683
2016-11-20,6.89245713572055
2016-11-21,39.89703187630551
2016-11-22,50.06126582459222
2016-11-23,46.976172708275165
2016-11-24,46.59873149671621
2016-11-25,35.43982640146983
2016-11-26,6.011736179098028
2016-11-27,15.825488311604541
2016-11-28,50.83427619398335
2016-11-29,50.792792121488816
2016-11-30,39.671559432308534
2016-12-01,51.102224942426794
2016-12-02,31.20758394706397
2016-12-03,12.252143146770905
2016-12-04,13.656303143004584
2016-12-05,42.377991416491646
2016-12-06,45.652610514327115
2016-12-07,54.01996730413099
2016-12-08,56.374677478815
2016-12-09,44.12128574747012
2016-12-10,9.96136719184759
2016-12-11,12.226233367445683
2016-12-12,37.381985977315196
2016-12-13,47.51327251493947
2016-12-14,44.26066111863515
2016-12-15,38.28784467982604
2016-12-16,31.417676686363148
2016-12-17,13.168749593220294
2016-12-18,12.068720454758253
2016-12-19,36.585311317597736
2016-12-20,27.21637780921004
2016-12-21,34.18153347415812
2016-12-22,29.80144922104849
2016-12-23,25.637222740667887
2016-12-24,5.241106805944417
2016-12-25,11.022488863057362
2016-12-26,9.842246439343253
2016-12-27,25.488617521858945
2016-12-28,33.62650807860962
2016-12-29,30.24564043554315
2016-12-30,25.280566092840765
2016-12-31,12.169012500662362
2017-01-01,14.881502997374776
2017-01-02,33.74891057714842
2017-01-03,39.08676731017248
2017-01-04,41.194195396826515
2017-01-05,33.30560401024805
2017-01-06,31.65841112980508
2017-01-07,14.883165120358228
2017-01-08,19.738407615289955
2017-01-09,45.325985200663006
2017-01-10,38.48868582530796
2017-01-11,44.34213326962011
2017-01-12,34.449813154592064
2017-01-13,32.053107430256794
2017-01-14,9.626928446778532
2017-01-15,5.724627442329168
2017-01-16,39.39081320867842
2017-01-17,46.00532967362302
2017-01-18,43.97899704656831
2017-01-19,46.25407507165917
2017-01-20,40.13368812638923
2017-01-21,6.940598955998705
2017-01-22,10.699030761574692
2017-01-23,40.56059879442692
2017-01-24,42.330466724162264
2017-01-25,43.274316117693324
2017-01-26,43.027576269658084
2017-01-27,38.309110912968684
2017-01-28,19.640081916473616
2017-01-29,13.634150175678545
2017-01-30,73.10612281082777
2017-01-31,63.34712719880488
2017-02-01,57.63587348284189
2017-02-02,48.15463286288906
2017-02-03,32.02189463705958
2017-02-04,5.500809162429002
2017-02-05,14.443152579519776
2017-02-06,41.27076995330981
2017-02-07,39.05920596996758
2017-02-08,44.32862912279396
2017-02-09,55.031834728347505
2017-02-10,61.14312861640138
2017-02-11,4.331199230589066
2017-02-12,12.286933264619503
2017-02-13,49.643197301031464
2017-02-14,53.967259439574896
2017-02-15,47.31564686758458
2017-02-16,44.088902115458254
2017-02-17,40.61327431549731
2017-02-18,14.166193667832346
2017-02-19,14.616724967954527
2017-02-20,51.970541083835826
2017-02-21,43.35791816450197
2017-02-22,42.2796060173676
2017-02-23,45.706863468057875
2017-02-24,29.06622332738866
2017-02-25,19.609345214448624
2017-02-26,17.79194249575141
2017-02-27,43.67020765809172
2017-02-28,46.75109913165121
2017-03-01,40.43259003632517
2017-03-02,42.57008799527709
2017-03-03,33.750203386573155
2017-03-04,11.035337701571981
2017-03-05,15.159255380730325
2017-03-06,47.56773520185293
2017-03-07,48.73759987548037
2017-03-08,48.08690027097952
2017-03-09,40.9673600018409
2017-03-10,35.855247774237085
2017-03-11,8.871182928712106
2017-03-12,20.07818782268404
2017-03-13,35.6230398119287
2017-03-14,43.38376321583617
2017-03-15,35.52208804106862
2017-03-16,34.003398799835416
2017-03-17,32.53885095826039
2017-03-18,20.829322326693383
2017-03-19,20.994438856123814
2017-03-20,34.52612892021902
2017-03-21,39.893688459260304
2017-03-22,40.069770854824945
2017-03-23,38.17425995397687
2017-03-24,38.035148076411886
2017-03-25,13.221059675953947
2017-03-26,15.774461782565455
2017-03-27,46.22798933233013
2017-03-28,36.13349392729517
2017-03-29,54.30369467133417
2017-03-30,49.334123249434825
2017-03-31,37.90388906098165
2017-04-01,22.473844320075962
2017-04-02,23.373695878811212
2017-04-03,41.46290021794106
2017-04-04,39.611334026359295
2017-04-05,36.80471746024622
2017-04-06,45.15801522252304
2017-04-07,33.00265348543381
2017-04-08,17.178994062994313
2017-04-09,20.108134842644912
2017-04-10,40.927219974716884
2017-04-11,47.37174276411947
2017-04-12,33.60857205179016
2017-04-13,28.438792914514824
2017-04-14,19.649287000847288
2017-04-15,17.539176500851518
2017-04-16,16.457615614953276
2017-04-17,17.823646398705367
2017-04-18,39.71857323013614
2017-04-19,45.425920325845155
2017-04-20,33.971162162582544
2017-04-21,29.170580634344645
2017-04-22,14.611483393686733
2017-04-23,13.71052675923572
2017-04-24,39.74284046598636
2017-04-25,43.94709377051736
2017-04-26,50.56723803406308
2017-04-27,48.483866992425625
2017-04-28,34.506987042698434
2017-04-29,21.214287239968186
2017-04-30,15.07689746259319
2017-05-01,16.310466429685377
2017-05-02,38.67851620179862
2017-05-03,41.35613967398547
2017-05-04,48.62234308345776
2017-05-05,36.268229939201646
2017-05-06,18.217596483117443
2017-05-07,13.554316525773146
2017-05-08,41.38597306465565
2017-05-09,35.63412723559633
2017-05-10,51.62238233794054
2017-05-11,55.8102342328596
2017-05-12,41.999981064337256
2017-05-13,21.493314445948844
2017-05-14,23.273604805549372
2017-05-15,40.15895679358504
2017-05-16,47.54084834587196
2017-05-17,40.86214574431927
2017-05-18,48.27892437861018
2017-05-19,36.93775565001125
2017-05-20,21.40744549366763
2017-05-21,19.82538609680427
2017-05-22,40.74846950639516
2017-05-23,36.87364775741217
2017-05-24,37.54886197263832
2017-05-25,22.540438469772504
2017-05-26,23.383742543878025
2017-05-27,14.74111073878632
2017-05-28,21.950206521028072
2017-05-29,36.6357436472211
2017-05-30,41.20718598138764
2017-05-31,65.46818801694742
2017-06-01,73.87310678722724
2017-06-02,43.75568035945589
2017-06-03,21.318233634185937
2017-06-04,19.74139951137081
2017-06-05,22.450387552296228
2017-06-06,32.894597439432026
2017-06-07,40.753874042890835
2017-06-08,41.65336900447645
2017-06-09,34.86394092636243
2017-06-10,19.29187771079091
2017-06-11,21.186269567629388
2017-06-12,33.11256633392485
2017-06-13,39.39422803710798
2017-06-14,39.66668397680954
2017-06-15,26.273949515451022
2017-06-16,32.75652878647579
2017-06-17,20.750366893019574
2017-06-18,24.973811764992377
2017-06-19,42.52982816143253
2017-06-20,43.509596963397996
2017-06-21,43.898141043231284
2017-06-22,38.87892061735509
2017-06-23,34.46735219233633
2017-06-24,20.820026937845896
2017-06-25,24.732891100396028
2017-06-26,40.5392600706515
2017-06-27,40.62290353959823
2017-06-28,38.65522264877788
2017-06-29,34.362789377391344
2017-06-30,30.20645593396812
2017-07-01,24.81908219601846
2017-07-02,25.177939414311737
2017-07-03,39.81566970198595
2017-07-04,36.65005169943544
2017-07-05,34.021795869347166
2017-07-06,36.796518824679865
2017-07-07,26.745685706602732
2017-07-08,25.378967642512105
2017-07-09,21.39467302663304
2017-07-10,39.813882045182496
2017-07-11,41.44524474382106
2017-07-12,43.788154594903105
2017-07-13,38.63977091085465
2017-07-14,33.10922228144551
2017-07-15,23.915372437567115
2017-07-16,22.359912989833482
2017-07-17,32.50939518629585
2017-07-18,33.751552684987516
2017-07-19,36.518716204847
2017-07-20,33.112835256641986
2017-07-21,29.563348296035507
2017-07-22,21.13083625686913
2017-07-23,18.93470540247333
2017-07-24,32.44549568832315
2017-07-25,36.23440098572296
2017-07-26,36.590265824208814
2017-07-27,34.333374266790656
2017-07-28,31.19543712723754
2017-07-29,20.614181857273856
2017-07-30,22.185283430170323
2017-07-31,34.43553465301266
2017-08-01,34.109531623624775
2017-08-02,32.55405536836488
2017-08-03,32.93806655898513
2017-08-04,27.689712256007752
2017-08-05,16.724860763358862
2017-08-06,17.54290553916063
2017-08-07,29.14848090064246
2017-08-08,28.573632925094888
2017-08-09,31.130330894263892
2017-08-10,30.256302259540128
2017-08-11,33.607531661284746
2017-08-12,31.340610278583554
2017-08-13,35.48637111265887
2017-08-14,51.327623643162845
2017-08-15,135.73739663669636
2017-08-16,86.21068974435843
2017-08-17,67.98216049914116
2017-08-18,54.557334577195476
2017-08-19,40.46765152223013
2017-08-20,34.701181214411946
2017-08-21,43.79098195058344
2017-08-22,44.22224376232029
2017-08-23,40.55210036028012
2017-08-24,36.79082941723705
2017-08-25,34.8524270908658
2017-08-26,22.068061655037432
2017-08-27,24.231109936464343
2017-08-28,39.13516399722271
2017-08-29,37.158854693180565
2017-08-30,37.3510009499509
2017-08-31,42.61414639586387
2017-09-01,38.344430220645634
2017-09-02,21.912042909629214
2017-09-03,23.436132837001864
2017-09-04,33.003988967395884
2017-09-05,39.22277702122004
2017-09-06,31.232496802121837
2017-09-07,34.67228369224648
2017-09-08,29.490749343584625
2017-09-09,17.966460610462704
2017-09-10,20.879947237677403
2017-09-11,33.27818690517211
2017-09-12,37.570643475393446
2017-09-13,40.13730414595434
2017-09-14,33.96018300162016
2017-09-15,36.019861348697155
2017-09-16,27.379695874133215
2017-09-17,23.113282703463103
2017-09-18,38.7685150159326
2017-09-19,53.312467975380585
2017-09-20,48.28524455202226
2017-09-21,46.248162111677665
2017-09-22,34.35010359138336
2017-09-23,24.07504594448211
2017-09-24,21.711833697261312
2017-09-25,33.822710262030434
2017-09-26,43.272852874434385
2017-09-27,45.6874131643332
2017-09-28,37.05611346806626
2017-09-29,31.779496310301212
2017-09-30,28.89705813679494
2017-10-01,25.478211421299815
2017-10-02,47.14738999520183
2017-10-03,27.01989287927109
2017-10-04,50.13884616650193
2017-10-05,39.9444034497118
2017-10-06,40.05885084501834
2017-10-07,32.16251080964502
2017-10-08,26.098792171496576
2017-10-09,44.66717026244818
2017-10-10,44.5748747830481
2017-10-11,43.7770125706118
2017-10-12,46.64843199553671
2017-10-13,35.1428835455963
2017-10-14,20.015202787489656
2017-10-15,21.576184140042585
2017-10-16,40.344562446710775
2017-10-17,43.17244816883281
2017-10-18,39.398459934032054
2017-10-19,38.473391968596296
2017-10-20,38.23085300958092
2017-10-21,19.52387048160529
2017-10-22,20.632367596280595
2017-10-23,41.77061044049369
2017-10-24,43.656106384825335
2017-10-25,39.96025657942221
2017-10-26,40.70875519566074
2017-10-27,36.787334806620805
2017-10-28,15.891734379368607
2017-10-29,15.208165029448514
2017-10-30,26.454561651159427
2017-10-31,17.801097985941716
2017-11-01,29.182287334490162
2017-11-02,35.61788420012378
2017-11-03,35.93004478679855
2017-11-04,20.17019565564327
2017-11-05,19.726471631245122
2017-11-06,35.119498135872696
2017-11-07,46.29788681832584
2017-11-08,38.76995247033008
2017-11-09,37.599930519426124
2017-11-10,29.025277145320977
2017-11-11,21.43111839008891
2017-11-12,16.45802238644456
2017-11-13,31.252284270438253
2017-11-14,37.019829940595955
2017-11-15,36.256566477325975
2017-11-16,35.48270058089369
2017-11-17,30.912305778437005
2017-11-18,14.132212139556383
2017-11-19,22.181400297600526
2017-11-20,36.458450401125894
2017-11-21,36.975072885197385
2017-11-22,36.40009946832578
2017-11-23,34.91581550042661
2017-11-24,32.88679168463294
2017-11-25,17.826481635918263
2017-11-26,17.533401019095113
2017-11-27,32.221282717724385
2017-11-28,44.390733270832946
2017-11-29,38.309124888550556
2017-11-30,39.832933189085274
2017-12-01,27.158026072828115
2017-12-02,13.73320515527074
2017-12-03,13.285959373701417
2017-12-04,39.12675985227773
2017-12-05,33.56229375213268
2017-12-06,35.14591230913348
2017-12-07,40.049623199985646
2017-12-08,31.04746098069543
2017-12-09,17.80054912646759
2017-12-10,10.6991525120628
2017-12-11,31.058666238843525
2017-12-12,36.40660409114894
2017-12-13,66.11660136549504
2017-12-14,71.89706263123193
2017-12-15,72.43223611509534
2017-12-16,27.815652430485148
2017-12-17,24.366435112881586
2017-12-18,41.09119396444967
2017-12-19,40.27088378621553
2017-12-20,46.59815832677629
2017-12-21,58.34130678257448
2017-12-22,39.134402103406856
2017-12-23,17.505101347989633
2017-12-24,7.762804379934498
2017-12-25,13.944396703595626
2017-12-26,18.550484852074753
2017-12-27,34.067615206899
2017-12-28,28.686994437780573
2017-12-29,28.924129790549134
2017-12-30,25.755896505380704
2017-12-31,10.951410001574803
2018-01-01,13.447139087063633
2018-01-02,42.93057245929964
2018-01-03,34.459049193204734
2018-01-04,46.71442958939903
2018-01-05,33.52944362187926
2018-01-06,15.137764995311276
2018-01-07,16.23905843433865
2018-01-08,39.8066908250895
2018-01-09,47.10502559287968
2018-01-10,41.779769705037744
2018-01-11,38.596036405622925
2018-01-12,32.81440662075168
2018-01-13,12.97894729630341
2018-01-14,10.008057939192575
2018-01-15,38.76234126836978
2018-01-16,42.537031921125504
2018-01-17,38.6632599531716
2018-01-18,28.75354960768161
2018-01-19,30.51762360171602
2018-01-20,18.077973407071987
2018-01-21,14.584838298264412
2018-01-22,41.10921833630165
2018-01-23,42.60093824854211
2018-01-24,37.19739022287244
2018-01-25,46.22596004275986
2018-01-26,32.591579270109634
2018-01-27,12.97335730073318
2018-01-28,14.889370791373262
2018-01-29,34.76195623932708
2018-01-30,42.79447011540197
2018-01-31,39.57583431379057
2018-02-01,45.63418347898303
2018-02-02,36.143999039403305
2018-02-03,15.129580615274016
2018-02-04,10.810102362236794
2018-02-05,73.00608290289239
2018-02-06,43.40269698434749
2018-02-07,33.74086329298995
2018-02-08,37.822879980824965
2018-02-09,27.029947319679945
2018-02-10,12.663756914542919
2018-02-11,4.385432245738747
2018-02-12,30.85208901315986
2018-02-13,29.645017266276557
2018-02-14,36.37295876012878
2018-02-15,39.509870681154965
2018-02-16,31.988690285753826
2018-02-17,15.884666156373706
2018-02-18,11.529625640162333
2018-02-19,30.838488212561916
2018-02-20,40.63532043147876
2018-02-21,47.11782414297271
2018-02-22,37.16145425907462
2018-02-23,27.901033542220656
2018-02-24,9.857723863044155
2018-02-25,10.738898210835686
2018-02-26,36.508265907856995
2018-02-27,45.46454797914227
2018-02-28,43.356743870977766
2018-03-01,41.766984204925365
2018-03-02,33.54566767518259
2018-03-03,13.14010212867459
2018-03-04,9.344361662410996
2018-03-05,36.97126379865317
2018-03-06,36.42752148482949
2018-03-07,40.70678282234734
2018-03-08,34.952791899642456
2018-03-09,37.758654272841824
2018-03-10,11.026732085892933
2018-03-11,11.265483405599863
2018-03-12,46.43272079034577
2018-03-13,42.520592712239115
2018-03-14,48.17124334252214
2018-03-15,43.38937213665825
2018-03-16,29.086405836382593
2018-03-17,16.87251896269179
2018-03-18,11.879745159254597
2018-03-19,52.94712634890928
2018-03-20,76.09250517620552
2018-03-21,51.238799120527304
2018-03-22,45.10244577104909
2018-03-23,33.07492305986737
2018-03-24,23.359071679252477
2018-03-25,13.767467447070329
2018-03-26,39.57565416423964
2018-03-27,40.62946680547976
2018-03-28,47.00598788317029
2018-03-29,32.91885154512645
2018-03-30,12.207722333815571
2018-03-31,5.470844650334964
2018-04-01,10.89938694231784
2018-04-02,11.279005335551815
2018-04-03,40.87934535348944
2018-04-04,57.95706217566364
2018-04-05,48.658469305475045
2018-04-06,30.75638823293051
2018-04-07,2.063394772835644
2018-04-08,13.437101184580081
2018-04-09,42.352265277069996
2018-04-10,52.07838930935121
2018-04-11,37.693768864304886
2018-04-12,45.22545446947956
2018-04-13,30.73566613508196
2018-04-14,15.453635998000246
2018-04-15,10.561869095170538
2018-04-16,37.79900601626291
2018-04-17,37.585781663854
2018-04-18,44.1918415813427
2018-04-19,39.115222884511375
2018-04-20,29.920767534585995
2018-04-21,12.507055194549388
2018-04-22,18.3183084939527
2018-04-23,48.14107853426578
2018-04-24,46.83404736307163
2018-04-25,31.805465774774866
2018-04-26,43.06696778538969
2018-04-27,27.300088934654504
2018-04-28,5.4115564999546315
2018-04-29,1.8696730516085571
2018-04-30,29.818750395949422
2018-05-01,15.909968643242308
2018-05-02,40.77385029759486
2018-05-03,49.35320910009086
2018-05-04,34.174345765775726
2018-05-05,9.820088178724578
2018-05-06,7.552373618657885
2018-05-07,42.74426095864645
2018-05-08,50.22873807624778
2018-05-09,34.01608263582123
2018-05-10,8.962550547339385
2018-05-11,30.027174417437276
2018-05-12,-0.039279233249954526
2018-05-13,-1.0733228710636453
2018-05-14,37.04943493757308
2018-05-15,34.99981268465101
2018-05-16,43.58634580219958
2018-05-17,46.129924892584484
2018-05-18,31.237715666750088
2018-05-19,6.3834174151715555
2018-05-20,8.20638521326918
2018-05-21,9.909593439146079
2018-05-22,35.09899473487128
2018-05-23,43.94524043205496
2018-05-24,41.461177618244434
2018-05-25,31.65708396280142
2018-05-26,4.416122617196076
2018-05-27,7.497054913447391
2018-05-28,35.381858712427814
2018-05-29,37.416240022794376
2018-05-30,42.597591225384015
2018-05-31,17.49758377828827
2018-06-01,23.518336260755312
2018-06-02,12.25654594059634
2018-06-03,6.133310705077891
2018-06-04,32.6191594506592
2018-06-05,29.46364563276668
2018-06-06,42.1469637238811
2018-06-07,39.589461797071266
2018-06-08,28.900268432438686
2018-06-09,8.803386205236535
2018-06-10,7.6441868138576154
2018-06-11,38.253579543161706
2018-06-12,39.94456525534776
2018-06-13,36.245975873682
2018-06-14,29.401323382197926
2018-06-15,30.501970141949993
2018-06-16,6.771608283506242
2018-06-17,8.15642331909686
2018-06-18,35.56460631656128
2018-06-19,39.414542463783505
2018-06-20,44.22361114489365
2018-06-21,41.69782899285327
2018-06-22,23.36092730249293
2018-06-23,-4.315964048816757
2018-06-24,4.785348128200787
2018-06-25,34.2111870853294
2018-06-26,32.64822717876069
2018-06-27,28.582059626143455
2018-06-28,39.90469248530707
2018-06-29,32.05201927359773
2018-06-30,8.164956765120122
2018-07-01,9.24368644416245
2018-07-02,22.802536011445437
2018-07-03,32.43582408698986
2018-07-04,38.781549401256115
2018-07-05,30.62916300745924
2018-07-06,23.92863290591896
2018-07-07,10.932831787560374
2018-07-08,11.419719973858987
2018-07-09,34.8733392435537
2018-07-10,33.35264291467682
2018-07-11,35.56757339190224
2018-07-12,29.879912266529846
2018-07-13,28.951480288062033
2018-07-14,0.09711226153933805
2018-07-15,0.5754405664558297
2018-07-16,34.78314739594531
2018-07-17,39.011503415752685
2018-07-18,41.51473765678169
2018-07-19,49.584264064461614
2018-07-20,25.304730128028613
2018-07-21,1.2140705741178324
2018-07-22,0.09795397397708006
2018-07-23,40.74855218638276
2018-07-24,36.94489532358189
2018-07-25,34.531748556440625
2018-07-26,37.15481885805219
2018-07-27,26.235022620904513
2018-07-28,0.9029989516232617
2018-07-29,11.168032138601129
2018-07-30,36.762625932371
2018-07-31,44.335572506070456
2018-08-01,39.17314697226217
2018-08-02,46.43007772674131
2018-08-03,26.2770160947264
2018-08-04,-0.32322282624714205
2018-08-05,11.471556712658556
2018-08-06,35.35876381609338
2018-08-07,44.451309573587096
2018-08-08,47.40774803248333
2018-08-09,33.837814330810914
2018-08-10,24.88660890300327
2018-08-11,2.556959062729258
2018-08-12,1.448026165040066
2018-08-13,31.429218738095614
2018-08-14,41.38351843229239
2018-08-15,31.381035012697954
2018-08-16,31.77227900997694
2018-08-17,27.427566496467417
2018-08-18,12.331480963404813
2018-08-19,0.7934222837318998
2018-08-20,34.70102294660601
2018-08-21,38.67929130844277
2018-08-22,38.065890827938546
2018-08-23,45.07393986522671
2018-08-24,29.079499842070124
2018-08-25,10.133959114852045
2018-08-26,5.911985521369826
2018-08-27,41.9593826163193
2018-08-28,40.15285657625219
2018-08-29,30.022633874103633
2018-08-30,48.36231102811016
2018-08-31,38.9368579923751
2018-09-01,2.657701515991288
2018-09-02,4.774606783168224
2018-09-03,43.39777725809954
2018-09-04,39.688799665955635
2018-09-05,33.47702267605176
2018-09-06,42.07955440937306
2018-09-07,28.76589711847068
2018-09-08,10.306302878329408
2018-09-09,10.489009677752668
2018-09-10,36.65394576099389
2018-09-11,35.41954789334525
2018-09-12,38.48944477019659
2018-09-13,35.26304228434974
2018-09-14,33.22806167560174
2018-09-15,-2.999887615227598
2018-09-16,9.00021588192633
2018-09-17,37.63783343029753
2018-09-18,35.70105973799092
2018-09-19,58.422355428806284
2018-09-20,43.27784593832626
2018-09-21,25.7220315647598
2018-09-22,10.038618002092278
2018-09-23,9.716721046767182
2018-09-24,34.86040768892215
2018-09-25,35.74083263308852
2018-09-26,38.02517516149025
2018-09-27,36.7286320843956
2018-09-28,27.139828241386734
2018-09-29,9.25876363223862
2018-09-30,15.875768072306355
2018-10-01,46.57429518020381
2018-10-02,35.409468156295986
2018-10-03,11.63808544657461
2018-10-04,37.0548802275478
2018-10-05,29.81373098123548
2018-10-06,16.072585232227677
2018-10-07,10.231985514653047
2018-10-08,37.06787923530828
2018-10-09,33.50953578671449
2018-10-10,39.76489647434159
2018-10-11,48.77390953677347
2018-10-12,38.91472823503826
2018-10-13,17.338547016353857
2018-10-14,5.127367542596836
2018-10-15,37.655676727971546
2018-10-16,36.856268537828726
2018-10-17,34.35565096230531
2018-10-18,38.63009270777301
2018-10-19,31.086488220037648
2018-10-20,14.185689703960666
2018-10-21,7.523372133491489
2018-10-22,34.08879707537485
2018-10-23,33.72779950330714
2018-10-24,42.168307729192776
2018-10-25,35.60105085017336
2018-10-26,28.244286042407218
2018-10-27,13.297367619731572
2018-10-28,15.15848838934661
2018-10-29,31.82074138051547
2018-10-30,35.99741210005397
2018-10-31,33.38141220957051
2018-11-01,22.149888219151553
2018-11-02,26.625979852352305
2018-11-03,7.891765192427686
2018-11-04,18.263139272710713
2018-11-05,33.48425798817467
2018-11-06,39.24572146813684
2018-11-07,41.92751691499288
2018-11-08,33.05337561708425
2018-11-09,29.34447282131386
2018-11-10,8.260524079674914
2018-11-11,11.264435219014398
2018-11-12,41.43607546732602
2018-11-13,35.760802004062576
2018-11-14,35.01444512323805
2018-11-15,35.46716615338795
2018-11-16,24.70252845888826
2018-11-17,14.569079701810583
2018-11-18,10.991093710663831
2018-11-19,29.789163270081936
2018-11-20,44.62305550581068
2018-11-21,30.428534989881715
2018-11-22,33.05036688500622
2018-11-23,24.234322167257936
2018-11-24,17.0909239841334
2018-11-25,11.907622306795318
2018-11-26,31.297659736439755
2018-11-27,34.79368888924846
2018-11-28,36.10917675723629
2018-11-29,45.19269678588183
2018-11-30,32.67527492694405
2018-12-01,16.610171673339824
2018-12-02,15.048812483127262
2018-12-03,34.962645694331975
2018-12-04,41.261741703595035
2018-12-05,40.872943758207896
2018-12-06,36.34824673273908
2018-12-07,31.515642958700397
2018-12-08,17.169722316098976
2018-12-09,13.600246312942877
2018-12-10,39.02681307266595
2018-12-11,30.252494439420193
2018-12-12,39.27068060571606
2018-12-13,37.70795596751454
2018-12-14,33.500744165350845
2018-12-15,14.393860992535107
2018-12-16,18.02923093369312
2018-12-17,30.623105471131005
2018-12-18,34.67609113895949
2018-12-19,33.195896195072166
2018-12-20,36.117072133285866
2018-12-21,37.606487794958355
2018-12-22,16.154472052106794
2018-12-23,17.879218100442248
2018-12-24,12.236013302197103
2018-12-25,15.819835362875338
2018-12-26,15.611303804051264
2018-12-27,27.258914707125847
2018-12-28,19.830246608144307
2018-12-29,12.815809858351397
2018-12-30,15.995914508156941
2018-12-31,9.399068441032401
2019-01-01,11.162663846806987
2019-01-02,24.2010666314663
2019-01-03,29.830028554728067
2019-01-04,22.945559861964494
2019-01-05,17.49248971570053
2019-01-06,23.314226943379595
2019-01-07,33.79950100967058
2019-01-08,36.31453506068401
2019-01-09,36.55224075718409
2019-01-10,33.02629140344362
2019-01-11,33.98159354086827
2019-01-12,23.34899259104219
2019-01-13,21.565480521383424
2019-01-14,37.0399915011233
2019-01-15,43.649632877365036
2019-01-16,40.30069256722212
2019-01-17,34.37572717734596
2019-01-18,31.616725198907503
2019-01-19,21.451136405367663
2019-01-20,18.64407403700759
2019-01-21,35.54372814843528
2019-01-22,33.41446216274343
2019-01-23,32.60212537399828
2019-01-24,38.40701483732201
2019-01-25,54.523914353861436
2019-01-26,31.819911502874906
2019-01-27,28.009352037956187
2019-01-28,47.48133482307881
2019-01-29,61.88347717395552
2019-01-30,70.37446209943327
2019-01-31,83.89141051503783
2019-02-01,63.060687125277234
2019-02-02,41.78960689404792
2019-02-03,40.858699553771636
2019-02-04,51.049002146998866
2019-02-05,120.48384669924707
2019-02-06,66.51331392438829
2019-02-07,62.28044107809127
2019-02-08,61.092135029580135
2019-02-09,43.51397322293603
2019-02-10,42.77797690612422
2019-02-11,55.82043397090445
2019-02-12,53.43362279553293
2019-02-13,50.607007813077274
2019-02-14,70.02109297514795
2019-02-15,57.172559050799286
2019-02-16,38.21935356398712
2019-02-17,42.600560310901415
2019-02-18,51.839827269652034
2019-02-19,50.716327828401134
2019-02-20,60.46630510367387
2019-02-21,45.726401461777684
2019-02-22,44.299793814490876
2019-02-23,29.96543586396012
2019-02-24,28.460616639148554
2019-02-25,37.52881040315835
2019-02-26,40.34367729252424
2019-02-27,42.34573386045749
2019-02-28,38.30479280431388
2019-03-01,34.68497301971769
2019-03-02,26.838516692461997
2019-03-03,23.150549859807214
2019-03-04,35.20922349730744
2019-03-05,39.13515693099881
2019-03-06,38.84748515430682
2019-03-07,35.71334828901306
2019-03-08,34.927878767287865
2019-03-09,24.07463995928028
2019-03-10,21.459287440288662
2019-03-11,35.745953003428866
2019-03-12,35.006656732082085
2019-03-13,35.997628747105125
2019-03-14,36.98715824109363
2019-03-15,27.858408367608213
2019-03-16,22.00935224351552
2019-03-17,19.257704522266685
2019-03-18,32.61195511429673
2019-03-19,41.38271695227266
2019-03-20,37.27600667733267
2019-03-21,34.236653454049744
2019-03-22,28.436664954169203
2019-03-23,22.883749447474894
2019-03-24,20.07381400306719
2019-03-25,36.07634282395589
2019-03-26,35.331670985532675
2019-03-27,36.69932109444904
2019-03-28,39.65347002615004
2019-03-29,32.52785547358112
2019-03-30,20.153039175266816
2019-03-31,22.94498016784567
2019-04-01,39.163075273191644
2019-04-02,53.94736271102637
2019-04-03,41.413322971362916
2019-04-04,37.28888438504123
2019-04-05,41.57404694645401
2019-04-06,26.288009651150322
2019-04-07,20.140714905493553
2019-04-08,41.4784904454148
2019-04-09,44.05694552622071
2019-04-10,41.61759104937761
2019-04-11,39.28544969472177
2019-04-12,33.35872669552589
2019-04-13,20.093561429124613
2019-04-14,18.17420212106566
2019-04-15,34.71965128100537
2019-04-16,34.913407328037884
2019-04-17,40.17399872720958
2019-04-18,33.18431734885349
2019-04-19,12.39493773943419
2019-04-20,16.541496474249186
2019-04-21,15.638053705907788
2019-04-22,19.443520485530104
2019-04-23,38.474359226438956
2019-04-24,37.47938790128416
2019-04-25,40.06455915981085
2019-04-26,31.35258415682569
2019-04-27,23.70381172661927
2019-04-28,18.303096636563687
2019-04-29,35.44185519425663
2019-04-30,34.197026636551655
2019-05-01,18.67003131541467
2019-05-02,30.33627620748951
2019-05-03,35.47297182325519
2019-05-04,16.671867375265684
2019-05-05,17.590303849893594
2019-05-06,35.905257209928884
2019-05-07,36.1622271590885
2019-05-08,35.054345041490535
2019-05-09,34.51663993846811
2019-05-10,32.396742541089246
2019-05-11,21.48737061421204
2019-05-12,14.211971752082421
2019-05-13,33.637030589257314
2019-05-14,34.28235264655414
2019-05-15,38.20446511774369
2019-05-16,43.033658458420796
2019-05-17,34.36939013515648
2019-05-18,15.857367111633186
2019-05-19,16.66324517228678
2019-05-20,34.42028511564456
2019-05-21,40.05397383316522
2019-05-22,42.4962934108259
2019-05-23,35.66171759619788
2019-05-24,27.893306573444924
2019-05-25,18.644204296386935
2019-05-26,17.435314741738207
2019-05-27,27.959952344190366
2019-05-28,31.07815549679806
2019-05-29,31.07362989227331
2019-05-30,17.191539965960864
2019-05-31,21.240679047510056
2019-06-01,14.23767671153368
2019-06-02,16.137167783339414
2019-06-03,30.312084251276307
2019-06-04,34.97932695189243
2019-06-05,33.69346019356946
2019-06-06,30.373618964845544
2019-06-07,27.76109447042706
2019-06-08,15.556764511656713
2019-06-09,14.260719834975752
2019-06-10,14.140954780717795
2019-06-11,28.86185952495209
2019-06-12,33.68871445268272
2019-06-13,35.0926494445728
2019-06-14,25.32653718260629
2019-06-15,17.697208110819915
2019-06-16,18.12893606260285
2019-06-17,26.001744681728667
2019-06-18,34.11536270043862
2019-06-19,30.256671761968207
2019-06-20,23.53993929431987
2019-06-21,28.365707838603473
2019-06-22,18.66016156730284
2019-06-23,18.68127380169936
2019-06-24,29.654358347724077
2019-06-25,32.26417922823683
2019-06-26,32.603273672300006
2019-06-27,32.136935443373574
2019-06-28,25.03203338763999
2019-06-29,18.215410753598956
2019-06-30,18.340482759501864
2019-07-01,34.22206209288462
2019-07-02,36.513701839491404
2019-07-03,32.59795861798502
2019-07-04,32.86509729803889
2019-07-05,30.75284532938303
2019-07-06,18.87864609501609
2019-07-07,19.08168655327887
2019-07-08,35.51195080875733
2019-07-09,41.191207263144484
2019-07-10,46.80418174160746
2019-07-11,38.167671928919006
2019-07-12,30.867075124245535
2019-07-13,24.81124865834795
2019-07-14,19.544479157245593
2019-07-15,33.49883945565834
2019-07-16,31.766685302392005
2019-07-17,31.02712609309468
2019-07-18,24.171033226564255
2019-07-19,21.953242279931604
2019-07-20,17.993766047618532
2019-07-21,17.578879635858957
2019-07-22,20.50291774661442
2019-07-23,24.522368395962484
2019-07-24,19.70969106132985
2019-07-25,23.367971910875042
2019-07-26,21.846842717199323
2019-07-27,19.61229453020328
2019-07-28,18.76060884994393
2019-07-29,39.1696126486156
2019-07-30,46.56966038389788
2019-07-31,37.770758458753
2019-08-01,36.196574162841536
2019-08-02,31.3674708107874
2019-08-03,24.377160489487174
2019-08-04,25.707050743592408
2019-08-05,39.854021519049724
2019-08-06,32.77277848123783
2019-08-07,32.577331159526516
2019-08-08,32.50909971283938
2019-08-09,31.207954997205132
2019-08-10,22.307931762474272
2019-08-11,20.756428588496483
2019-08-12,35.4909867892222
2019-08-13,38.98651872805944
2019-08-14,39.26357973732938
2019-08-15,37.78045261455034
2019-08-16,35.630849438949156
2019-08-17,24.429644184588724
2019-08-18,23.8636544964133
2019-08-19,31.432075309567715
2019-08-20,34.739502924641634
2019-08-21,32.22950089922618
2019-08-22,33.731456107940645
2019-08-23,25.111243057938175
2019-08-24,18.666111811531547
2019-08-25,17.712253507054843
2019-08-26,31.327872690436706
2019-08-27,28.79788811523344
2019-08-28,30.447116154662332
2019-08-29,30.351282973673364
2019-08-30,27.416676489887344
2019-08-31,19.27358716523916
2019-09-01,17.679419985486057
2019-09-02,28.44106447011454
2019-09-03,30.960276241539297
2019-09-04,30.15875969459091
2019-09-05,30.5305497781896
2019-09-06,26.081262917202555
2019-09-07,21.69754864229406
2019-09-08,23.016230813797897
2019-09-09,31.697151741196723
2019-09-10,30.74570815413341
2019-09-11,28.238543196767314
2019-09-12,29.560085622970018
2019-09-13,25.960638700084168
2019-09-14,17.44020242951323
2019-09-15,14.935897726466086
2019-09-16,18.806622622034432
2019-09-17,26.864952935435266
2019-09-18,29.26747984399132
2019-09-19,34.76390007810999
2019-09-20,40.07307736741194
2019-09-21,47.38243588981149
2019-09-22,74.19136911486815
2019-09-23,161.32802887332755
2019-09-24,120.6739354044694
2019-09-25,138.16014428913005
2019-09-26,105.5091584558903
2019-09-27,93.81226385607317
2019-09-28,73.53923401744565
2019-09-29,57.81461404065701
2019-09-30,56.95262893251787
2019-10-01,53.45388523022012
2019-10-02,45.12180033084407
2019-10-03,34.1437984234471
2019-10-04,40.206697150286004
2019-10-05,32.51829455493666
2019-10-06,33.03696416432105
2019-10-07,50.10351064335178
2019-10-08,51.32722974741811
2019-10-09,51.094642060497065
2019-10-10,46.496192984915915
2019-10-11,43.722573395253356
2019-10-12,31.74551970089416
2019-10-13,34.808983267755664
2019-10-14,46.14591416472572
2019-10-15,42.514930456388846
2019-10-16,43.14713641180435
2019-10-17,39.74854866844206
2019-10-18,36.420587572410824
2019-10-19,26.60098057705794
2019-10-20,28.882833234413425
2019-10-21,40.6155861719852
2019-10-22,42.85558507760866
2019-10-23,39.47288812799112
2019-10-24,37.8991287640686
2019-10-25,37.57342899095405
2019-10-26,25.132870557453906
2019-10-27,23.909978085665966
2019-10-28,35.602730071644324
2019-10-29,39.97745281231771
2019-10-30,32.11244190001311
2019-10-31,30.418517543939856
2019-11-01,25.599126964082924
2019-11-02,22.405721127722884
2019-11-03,25.03086305470551
2019-11-04,36.813141274452704
2019-11-05,45.72172277679762
2019-11-06,42.1095060365449
2019-11-07,39.01690445868262
2019-11-08,31.98493797581159
2019-11-09,23.958216056673155
2019-11-10,25.319992605113754
2019-11-11,37.535988415125544
2019-11-12,47.29937303263419
2019-11-13,40.665317293389045
2019-11-14,33.76607454951416
2019-11-15,34.80448548643532
2019-11-16,22.72659233813398
2019-11-17,21.594061125753118
2019-11-18,36.34360040288909
2019-11-19,38.54570676436653
2019-11-20,34.67852105191169
2019-11-21,39.91379305814083
2019-11-22,36.66799762041297
2019-11-23,18.294730483351497
2019-11-24,17.87177144380941
2019-11-25,28.68488850595103
2019-11-26,34.51068564908823
2019-11-27,34.073165430176985
2019-11-28,32.658602956736324
2019-11-29,25.892149865540755
2019-11-30,22.70578823458326
2019-12-01,21.276664581027102
2019-12-02,34.38608103896193
2019-12-03,36.33180345554187
2019-12-04,40.1402232816221
2019-12-05,38.49188267198989
2019-12-06,32.929196118407766
2019-12-07,18.40426165776595
2019-12-08,20.69643416406002
2019-12-09,46.47218540148035
2019-12-10,37.96809279182899
2019-12-11,48.04690742739517
2019-12-12,43.44155318772251
2019-12-13,39.099428658147126
2019-12-14,28.09369059331081
2019-12-15,23.913454790127183
2019-12-16,37.04382451693968
2019-12-17,41.964850964034746
2019-12-18,43.96280925625801
2019-12-19,40.310430125670514
2019-12-20,39.098378665989806
2019-12-21,22.23132854042241
2019-12-22,22.520642494819818
2019-12-23,27.723819484596756
2019-12-24,17.8876248133514
2019-12-25,18.461897535092824
2019-12-26,19.96779951970519
2019-12-27,24.410469610657962
2019-12-28,20.488216185201694
2019-12-29,16.76845063068538
2019-12-30,23.457748429074872
2019-12-31,15.218446124342192
2020-01-01,12.284217403242993
2020-01-02,26.873674501445915
2020-01-03,27.73189109996066
2020-01-04,19.12153997007021
2020-01-05,19.705836417930655
2020-01-06,26.271524613432508
2020-01-07,32.84525390571836
2020-01-08,36.391272141302906
2020-01-09,33.97899179369948
2020-01-10,33.04004630631674
2020-01-11,28.197017896768354
2020-01-12,22.54875748867655
2020-01-13,34.09033450030118
2020-01-14,32.015525028837004
2020-01-15,37.469429500380386
2020-01-16,35.595792010222624
2020-01-17,30.76946091953186
2020-01-18,16.40011978838674
2020-01-19,17.930596682944728
2020-01-20,31.366993854102763
2020-01-21,32.90004037964336
2020-01-22,33.71925227547491
2020-01-23,48.05690868037697
2020-01-24,39.09136918005648
2020-01-25,19.961200822097542
2020-01-26,22.01948356411104
2020-01-27,34.95689186161789
2020-01-28,37.628325270323835
2020-01-29,37.325197740059295
2020-01-30,41.52120856227231
2020-01-31,38.18552472848448
2020-02-01,18.20387881045673
2020-02-02,19.19809754375554
2020-02-03,34.86669826685606
2020-02-04,38.105251833064024
2020-02-05,35.644294192712614
2020-02-06,34.55088808927981
2020-02-07,35.463032245850236
2020-02-08,15.370706889963417
2020-02-09,12.43464864836707
2020-02-10,32.676691319287706
2020-02-11,48.57174725900304
2020-02-12,48.63583951015732
2020-02-13,40.06923933325087
2020-02-14,32.988783586129685
2020-02-15,21.47019843047689
2020-02-16,23.833161409566088
2020-02-17,44.697525776430766
2020-02-18,57.63191598490122
2020-02-19,49.47673206143802
2020-02-20,40.171186752873865
2020-02-21,33.921865027464335
2020-02-22,20.324480063625394
2020-02-23,19.00976171368948
2020-02-24,31.925282587396836
2020-02-25,40.2956517835537
2020-02-26,40.11059162994107
2020-02-27,36.29180654009415
2020-02-28,29.386152555659265
2020-02-29,18.11763225034593
2020-03-01,15.610790702737324
2020-03-02,47.253463737605166
2020-03-03,36.69613418701166
2020-03-04,32.87540717676145
2020-03-05,35.25844860966497
2020-03-06,32.26312787531807
2020-03-07,17.55152362639131
2020-03-08,15.570905488639312
2020-03-09,30.837753867105192
2020-03-10,29.99384996547803
2020-03-11,35.46029165890024
2020-03-12,37.75824082470193
2020-03-13,26.588575261487676
2020-03-14,18.721547040610997
2020-03-15,20.719428718809443
2020-03-16,29.56313913611098
2020-03-17,34.2244147065409
2020-03-18,34.415805449970264
2020-03-19,33.76198542214571
2020-03-20,61.72307134163158
2020-03-21,28.72684729840515
2020-03-22,25.144780348227606
2020-03-23,40.72395904250776
2020-03-24,56.32442178683431
2020-03-25,45.150222330138234
2020-03-26,46.02813992982199
2020-03-27,30.52166019633463
2020-03-28,23.239305196069086
2020-03-29,21.629080051198724
2020-03-30,51.11472959720406
2020-03-31,42.245536026759765
2020-04-01,54.26423762597779
2020-04-02,51.16189304080861
2020-04-03,60.60380941339594
2020-04-04,57.22427937612928
2020-04-05,43.54725391520658
2020-04-06,41.88619733606409
2020-04-07,46.66738456099756
2020-04-08,43.46924011802244
2020-04-09,34.0234748215053
2020-04-10,24.892361221192857
2020-04-11,29.200444420197652
2020-04-12,24.800054558861927
2020-04-13,27.772911350322726
2020-04-14,38.210157469807186
2020-04-15,36.78954596463767
2020-04-16,44.473891926977394
2020-04-17,34.011535738169826
2020-04-18,30.333504302719483
2020-04-19,26.40778976099114
2020-04-20,37.64477547577595
2020-04-21,38.8890833531265
2020-04-22,38.8343223157892
2020-04-23,39.24725805905969
2020-04-24,46.32559242963393
2020-04-25,28.71624547366477
2020-04-26,29.803130151460756
2020-04-27,44.86679131453452
2020-04-28,70.99066338838466
2020-04-29,57.86399015686063
2020-04-30,52.880962253453156
2020-05-01,37.8130448220301
2020-05-02,28.85444962901774
2020-05-03,31.810263924119518
2020-05-04,45.778925510119834
2020-05-05,45.478858733053684
2020-05-06,44.62353058637545
2020-05-07,39.3008170481052
2020-05-08,32.79185439504084
2020-05-09,22.088934375745975
2020-05-10,23.324310336376218
2020-05-11,35.25446477836619
2020-05-12,33.81773168165913
2020-05-13,38.974356716010654
2020-05-14,38.420078853787935
2020-05-15,32.97518216632652
2020-05-16,25.373946877404787
2020-05-17,29.077444889322667
2020-05-18,55.3230312853275
2020-05-19,50.224352634483395
2020-05-20,43.69022805652286
2020-05-21,32.9723553753236
2020-05-22,40.01508616531721
2020-05-23,42.21503720445539
2020-05-24,30.27565571506729
2020-05-25,39.99853952474253
2020-05-26,43.67631565403842
2020-05-27,49.694110132106346
2020-05-28,45.109663211337626
2020-05-29,43.047519988372
2020-05-30,30.565420718910335
2020-05-31,26.074185598996262
2020-06-01,23.02403117885753
2020-06-02,36.86365165786196
2020-06-03,35.77724273589047
2020-06-04,39.788148850617674
2020-06-05,36.500966304347905
2020-06-06,27.500175433117644
2020-06-07,25.91733231281158
2020-06-08,37.54996353956137
2020-06-09,42.89353682088732
2020-06-10,37.20863308928162
2020-06-11,33.802082795597215
2020-06-12,35.95502220780287
2020-06-13,26.259200545504612
2020-06-14,31.783992063650985
2020-06-15,44.93353860391372
2020-06-16,41.32366930744445
2020-06-17,43.18618572249866
2020-06-18,46.47575531026938
2020-06-19,43.03160322992463
2020-06-20,33.106124583849926
2020-06-21,39.414878193059195
2020-06-22,57.2083097431427
2020-06-23,51.48763230363226
2020-06-24,51.78307234798188
2020-06-25,124.81106746063418
2020-06-26,57.29775978753625
2020-06-27,39.549053259149126
2020-06-28,34.37873676248864
2020-06-29,42.534821707981315
2020-06-30,42.14306625060748
2020-07-01,48.68370308462672
2020-07-02,45.088853984912944
2020-07-03,40.44474248640213
2020-07-04,29.899773929379396
2020-07-05,24.45416799766722
2020-07-06,35.52088589268003
2020-07-07,36.57740939762943
2020-07-08,32.54544292547209
2020-07-09,35.091248784386586
2020-07-10,28.902857694390573
2020-07-11,23.914821149823716
2020-07-12,23.04370472784186
2020-07-13,33.44321259121028
2020-07-14,36.0645258082127
2020-07-15,38.65477169481266
2020-07-16,41.12280757410083
2020-07-17,35.188672039123944
2020-07-18,23.832029435951622
2020-07-19,25.099129282336655
2020-07-20,36.714529038590896
2020-07-21,41.802812006018755
2020-07-22,40.090550161919275
2020-07-23,45.15800198081271
2020-07-24,37.865205858894214
2020-07-25,21.12872736875963
2020-07-26,20.55965799468381
2020-07-27,34.528119018027816
2020-07-28,35.87359350593429
2020-07-29,31.249496680011344
2020-07-30,35.05637107471303
2020-07-31,33.06894853201167
2020-08-01,18.072935823966723
2020-08-02,16.746443888053772
2020-08-03,34.958116378754916
2020-08-04,35.05901783130957
2020-08-05,36.93227319689421
2020-08-06,42.03616526307867
2020-08-07,34.23844067968893
2020-08-08,25.843360475502774
2020-08-09,21.590343715182048
2020-08-10,30.30345684518555
2020-08-11,32.29588220942102
2020-08-12,36.40845921924878
2020-08-13,34.347204512946426
2020-08-14,27.934971576817482
2020-08-15,19.296085818559114
2020-08-16,21.43590576317859
2020-08-17,35.55229928605102
2020-08-18,35.241934744035305
2020-08-19,32.13601956847085
2020-08-20,31.787245916731514
2020-08-21,24.716775666159645
2020-08-22,21.58830170547584
2020-08-23,17.75354764441207
2020-08-24,31.400373571693784
2020-08-25,35.82397591403704
2020-08-26,32.847208160737054
2020-08-27,36.9617555257202
2020-08-28,34.13164616129509
2020-08-29,20.711173102933927
2020-08-30,18.44838062947656
2020-08-31,33.2561778361941
2020-09-01,33.557133568050325
2020-09-02,40.053323265019245
2020-09-03,40.20912372231354
2020-09-04,33.81420568817497
2020-09-05,24.465199317295514
2020-09-06,24.10880591045206
2020-09-07,34.91239071948081
2020-09-08,39.10313225661909
2020-09-09,36.043031800387524
2020-09-10,35.393212830158156
2020-09-11,28.76854930153098
2020-09-12,16.351326576191234
2020-09-13,14.729511364806052
2020-09-14,30.921026731841952
2020-09-15,31.3923795103536
2020-09-16,35.83739831633505
2020-09-17,40.63842008815329
2020-09-18,33.007426521969734
2020-09-19,19.717019412922983
2020-09-20,25.431808623252255
2020-09-21,48.68074477670429
2020-09-22,48.085053746909836
2020-09-23,41.23527167221047
2020-09-24,45.53964934127561
2020-09-25,39.670800971880745
2020-09-26,22.89958516631427
2020-09-27,22.021948167570184
2020-09-28,42.177434868833494
2020-09-29,39.77881403139767
2020-09-30,40.83680270227876
2020-10-01,39.69354410138849
2020-10-02,33.23095769336038
2020-10-03,15.573846475505569
2020-10-04,12.073895851065615
2020-10-05,30.882752618932187
2020-10-06,35.269919027142265
2020-10-07,35.89908798126263
2020-10-08,38.96796132162014
2020-10-09,33.630560813240926
2020-10-10,16.788035529304416
2020-10-11,15.509759732439177
2020-10-12,36.00647908219877
2020-10-13,39.998270369098506
2020-10-14,33.788000066053485
2020-10-15,33.38873495613944
2020-10-16,24.98184341407198
2020-10-17,12.689778717174637
2020-10-18,19.27717650733209
2020-10-19,34.633305951187
2020-10-20,33.32234994237939
2020-10-21,29.28913764774056
2020-10-22,32.46822057547761
2020-10-23,27.82105745609534
2020-10-24,12.066512020405508
2020-10-25,11.544817136208286
2020-10-26,32.479466884793226
2020-10-27,38.048820855078695
2020-10-28,36.82029042066967
2020-10-29,30.672816875243583
2020-10-30,26.070519122995158
2020-10-31,13.583635845421451
2020-11-01,17.105569676600215
2020-11-02,33.606725029721936
2020-11-03,38.21917378064015
2020-11-04,27.185033348925177
2020-11-05,20.184110421886427
2020-11-06,20.862111957498385
2020-11-07,6.980225433442145
2020-11-08,12.808096388622943
2020-11-09,33.85873261635433
2020-11-10,32.67249498186057
2020-11-11,35.40733101239107
2020-11-12,25.566416657927483
2020-11-13,29.461940888028593
2020-11-14,9.935736490406937
2020-11-15,11.780922395807762
2020-11-16,32.19082812556245
2020-11-17,32.96966216375907
2020-11-18,29.95521691809239
2020-11-19,32.920791463652876
2020-11-20,25.916417800329715
2020-11-21,5.843244995506959
2020-11-22,13.16862044419507
2020-11-23,28.420999292470277
2020-11-24,28.267856915984908
2020-11-25,32.03144027168025
2020-11-26,29.50376983443545
2020-11-27,23.60141118225637
2020-11-28,9.627011106202502
2020-11-29,6.447103177822207
2020-11-30,35.435265654338856
2020-12-01,54.441517160054616
2020-12-02,29.66194601918154
2020-12-03,33.8985160763708
2020-12-04,34.311820675645016
2020-12-05,11.215042179704158
2020-12-06,12.093513887197954
2020-12-07,29.87932320642591
2020-12-08,33.4928181931801
2020-12-09,29.496271403141872
2020-12-10,27.277378290715355
2020-12-11,21.7321490880276
2020-12-12,11.584586364307398
2020-12-13,11.915297220356054
2020-12-14,17.887790684659272
2020-12-15,25.16227326392888
2020-12-16,24.063599537863052
2020-12-17,31.60740569504557
2020-12-18,34.1222905943591
2020-12-19,20.075200446805244
2020-12-20,14.07465731915319
2020-12-21,27.02830028385763
2020-12-22,27.400764037145414
2020-12-23,24.215173335329883
2020-12-24,8.44840342177553
2020-12-25,15.008098551472877
2020-12-26,14.637460281388709
2020-12-27,9.615055459325236
2020-12-28,24.774312149014673
2020-12-29,21.183286480958813
2020-12-30,18.72510339944075
2020-12-31,9.659646559128106
2021-01-01,13.084811719468027
2021-01-02,31.110572186642678
2021-01-03,15.024674039818667
2021-01-04,29.236632205975013
2021-01-05,35.46652347614183
2021-01-06,33.71434785733699
2021-01-07,26.167529527239996
2021-01-08,19.388341034909605
2021-01-09,6.814509833622868
2021-01-10,17.97626239762422
2021-01-11,84.24351503779383
2021-01-12,40.04508342898124
2021-01-13,34.79886562625233
2021-01-14,32.159967506124474
2021-01-15,20.93887305276374
2021-01-16,14.596654166845257
2021-01-17,12.256938978668707
2021-01-18,40.51830188391904
2021-01-19,47.94121971262622
2021-01-20,37.80682873607476
2021-01-21,34.450222986263896
2021-01-22,33.04084073922174
2021-01-23,14.256435027430054
2021-01-24,15.830073021872053
2021-01-25,39.36383989185682
2021-01-26,33.27098198716
2021-01-27,34.737710413222054
2021-01-28,42.0603582708934
2021-01-29,39.716627021489074
2021-01-30,16.264605551303386
2021-01-31,16.630621322421927
2021-02-01,37.98550327223975
2021-02-02,36.23127935634145
2021-02-03,31.825974463650414
2021-02-04,28.77986626246149
2021-02-05,28.004381501906828
2021-02-06,11.54441334251969
2021-02-07,10.753041738753273
2021-02-08,23.297330258609605
2021-02-09,28.396749172907974
2021-02-10,25.869013116659485
2021-02-11,32.87698877084629
2021-02-12,27.29403919751614
2021-02-13,12.050751928029861
2021-02-14,11.461188072284449
2021-02-15,27.079464920711814
2021-02-16,32.5302947242232
2021-02-17,35.65895844805343
2021-02-18,27.631627654275036
2021-02-19,23.851414309124053
2021-02-20,11.649486678253416
2021-02-21,11.715231830398901
2021-02-22,26.64575993495899
2021-02-23,28.095699289644614
2021-02-24,28.825024293193405
2021-02-25,37.765717026387655
2021-02-26,30.66681515129529
2021-02-27,6.953418727089478
2021-02-28,10.170693138990366
2021-03-01,23.787148555501236
2021-03-02,34.1764986381427
2021-03-03,30.19129321391256
2021-03-04,35.66183613598897
2021-03-05,24.51431157490747
2021-03-06,11.96954613485461
2021-03-07,16.985216075803443
2021-03-08,34.46851635746354
2021-03-09,32.70179632855894
2021-03-10,32.64787107104101
2021-03-11,28.83818013126429
2021-03-12,19.17644199907827
2021-03-13,5.092895563477878
2021-03-14,8.602002158148455
2021-03-15,28.75297208494357
2021-03-16,39.401879769196924
2021-03-17,35.20636230686687
2021-03-18,28.652966072224515
2021-03-19,22.931684669184957
2021-03-20,6.5585411341814375
2021-03-21,12.709468913121357
2021-03-22,27.879839637353015
2021-03-23,24.17999498010588
2021-03-24,19.929612471191135
2021-03-25,21.59982198553037
2021-03-26,16.24836377325476
2021-03-27,8.341228872240197
2021-03-28,10.813666061349698
2021-03-29,21.15914920710702
2021-03-30,33.75487639591166
2021-03-31,19.484268679117626
2021-04-01,16.15751394449454
2021-04-02,6.456010993052919
2021-04-03,15.261709907078222
2021-04-04,12.315242823539405
2021-04-05,15.027388003108422
2021-04-06,27.408423111519138
2021-04-07,27.12839295974667
2021-04-08,19.017859273266613
2021-04-09,18.479934012259193
2021-04-10,4.642944763988861
2021-04-11,10.77396764766076
2021-04-12,25.785323453551563
2021-04-13,33.103067414157664
2021-04-14,25.723235559242635
2021-04-15,25.499036795949486
2021-04-16,20.80627466289922
2021-04-17,7.277111765769794
2021-04-18,11.707494350328215
2021-04-19,28.209577898773958
2021-04-20,21.602290129668802
2021-04-21,23.967852394915525
2021-04-22,24.824857152389363
2021-04-23,12.689327438276484
2021-04-24,2.7820898656704567
2021-04-25,3.7616984830836953
2021-04-26,29.663523758307704
2021-04-27,27.968352362807
2021-04-28,25.96990976089596
2021-04-29,26.29030058462649
2021-04-30,28.950557762913792
2021-05-01,7.7506679170515245
2021-05-02,11.016575547806525
2021-05-03,36.273525212651975
2021-05-04,29.92962442355312
2021-05-05,26.801374763060956
2021-05-06,26.615348207842263
2021-05-07,16.520427682227563
2021-05-08,4.172597828226653
2021-05-09,10.625816406296103
2021-05-10,32.08755811817343
2021-05-11,25.17390999490263
2021-05-12,23.53054080407191
2021-05-13,5.465494062624213
2021-05-14,18.37997137894272
2021-05-15,3.3256954106933314
2021-05-16,12.39421000216657
2021-05-17,23.633409476526275
2021-05-18,22.825036635426798
2021-05-19,23.549349958404466
2021-05-20,28.540629664345808
2021-05-21,15.468920559694912
2021-05-22,7.484461908378851
2021-05-23,3.1289709282923046
2021-05-24,4.24723445599465
2021-05-25,29.250072694089194
2021-05-26,27.91787211591419
2021-05-27,30.70630787927467
2021-05-28,18.973197605707877
2021-05-29,2.078192843882474
2021-05-30,13.709028216735218
2021-05-31,22.135540193024966
2021-06-01,26.53744470774692
2021-06-02,29.651623826543773
2021-06-03,10.697547807550167
2021-06-04,16.704836590538097
2021-06-05,-4.642404868851803
2021-06-06,-0.8459961820781348
2021-06-07,23.712038677119555
2021-06-08,30.204920451962252
2021-06-09,25.832920413689777
2021-06-10,25.99915051943163
2021-06-11,12.944811230092357
2021-06-12,3.3700448646574706
2021-06-13,0.6190864762327366
2021-06-14,21.365452397410532
2021-06-15,29.719961876896008
2021-06-16,23.92286020334634
2021-06-17,26.30410258289922
2021-06-18,17.176871366613216
2021-06-19,-7.013397750117436
2021-06-20,-2.1536503923604675
2021-06-21,20.710343425739893
2021-06-22,20.108666913821995
2021-06-23,17.55099119545189
2021-06-24,23.883294518895113
2021-06-25,20.96818469427521
2021-06-26,3.281013464559118
2021-06-27,-8.411711375110645
2021-06-28,19.069310646845857
2021-06-29,21.251153928094855
2021-06-30,33.770604121966066
2021-07-01,31.19885509332228
2021-07-02,8.33833580272671
2021-07-03,7.388104455850641
2021-07-04,-3.0960615839236723
2021-07-05,24.553437364586763
2021-07-06,30.638149642511152
2021-07-07,17.254356757197055
2021-07-08,24.687120746025865
2021-07-09,21.309933631699174
2021-07-10,-2.6294707401080433
2021-07-11,5.205835609541315
2021-07-12,25.001168475645123
2021-07-13,29.098231705177213
2021-07-14,25.237141627111363
2021-07-15,13.838556750394103
2021-07-16,22.245279356185833
2021-07-17,-8.603143498024151
2021-07-18,31.758209435574706
2021-07-19,55.21564094292291
2021-07-20,33.33263664728242
2021-07-21,21.88851321078544
2021-07-22,24.164406913637915
2021-07-23,12.817515469197064
2021-07-24,-2.3087523070937945
2021-07-25,-4.808715030988487
2021-07-26,19.92041319482021
2021-07-27,22.072666358415713
2021-07-28,25.821886072364762
2021-07-29,35.83037067465404
2021-07-30,20.14209636665722
2021-07-31,-8.209534430536937
2021-08-01,0.3570930959196499
2021-08-02,17.89861808111298
2021-08-03,54.167306667686844
2021-08-04,44.26957475723648
2021-08-05,28.763912414771102
2021-08-06,10.11117184500564
2021-08-07,-5.3086597528372845
2021-08-08,-3.003897161176571
2021-08-09,18.610338324853647
2021-08-10,34.98862343102496
2021-08-11,25.350428411189597
2021-08-12,28.964223935657067
2021-08-13,6.140880838785822
2021-08-14,-2.659264464691005
2021-08-15,2.381502674771096
2021-08-16,19.57156865575275
2021-08-17,22.479557934988485
2021-08-18,30.063146760531414
2021-08-19,21.724090746618423
2021-08-20,14.597212653774212
2021-08-21,-4.624317957613709
2021-08-22,-1.6708555514740233
2021-08-23,16.089112088657018
2021-08-24,12.563085945476544
2021-08-25,32.158581332575096
2021-08-26,25.79877362140256
2021-08-27,17.08961545676516
2021-08-28,1.7894669956136486
2021-08-29,3.3921052828089833
2021-08-30,19.680628753478075
2021-08-31,20.122241525119538
2021-09-01,21.122624964065814
2021-09-02,26.699124188652107
2021-09-03,9.600079583934967
2021-09-04,-6.568556209399437
2021-09-05,0.7966000408252654
2021-09-06,21.984054749222466
2021-09-07,27.007868070461246
2021-09-08,17.599750817351193
2021-09-09,27.987282681847645
2021-09-10,11.820908288180462
2021-09-11,-5.715950354872337
2021-09-12,-5.525397497350706
2021-09-13,25.728560340596253
2021-09-14,20.1796856730508
2021-09-15,23.118876653606453
2021-09-16,26.357314542534066
2021-09-17,21.145302612933733
2021-09-18,-7.646843069820376
2021-09-19,-7.520942113658645
2021-09-20,31.393209252869838
2021-09-21,34.99661682710296
2021-09-22,24.616666389513153
2021-09-23,21.39845838221259
2021-09-24,16.066472954454703
2021-09-25,-6.179458011567355
2021-09-26,-16.594337238786082
2021-09-27,27.21742978910357
2021-09-28,37.84300745054147
2021-09-29,43.760975963028585
2021-09-30,37.11904339843799
2021-10-01,20.307952208955893
2021-10-02,-12.978020020111128
2021-10-03,-4.225276391010473
2021-10-04,18.326329111230802
2021-10-05,32.62026931541726
2021-10-06,27.992851313806185
2021-10-07,33.97430159448785
2021-10-08,22.492676464160578
2021-10-09,3.7980212973530705
2021-10-10,-7.351561646268186
2021-10-11,28.46138367952404
2021-10-12,34.92940596737814
2021-10-13,33.09244102445161
2021-10-14,36.81819729565071
2021-10-15,13.772058330295536
2021-10-16,5.9707969817175925
2021-10-17,-3.0824108001329362
2021-10-18,29.399308603441746
2021-10-19,44.08207422363362
2021-10-20,35.041612232273096
2021-10-21,29.347296892567403
2021-10-22,17.33800473651398
2021-10-23,-5.99911132969606
2021-10-24,-6.576691115950311
2021-10-25,31.028625446851397
2021-10-26,27.249283693350257
2021-10-27,30.29274736261737
2021-10-28,28.878357756006988
2021-10-29,28.45364240957777
2021-10-30,2.138523380918703
2021-10-31,-5.224803572007762
2021-11-01,8.005315133433248
2021-11-02,39.3874361953999
2021-11-03,30.134534688333662
2021-11-04,24.81537834370508
2021-11-05,26.89338878601772
2021-11-06,-13.395334154880144
2021-11-07,2.656725788669137
2021-11-08,20.025542576207407
2021-11-09,19.683330211643206
2021-11-10,21.204730732092195
2021-11-11,22.822978461443466
2021-11-12,33.20363842378238
2021-11-13,1.5662190908752696
2021-11-14,3.43995355934981
2021-11-15,40.75576547735724
2021-11-16,27.474970313514245
2021-11-17,21.655451591994247
2021-11-18,28.31005640168087
2021-11-19,13.26028188135665
2021-11-20,-0.07020467517911233
2021-11-21,-5.665986769723634
2021-11-22,31.70911004800728
2021-11-23,17.028331350669063
2021-11-24,24.99361518335133
2021-11-25,19.568550335164602
2021-11-26,14.971393992587958
2021-11-27,-0.23976495904883222
2021-11-28,-5.908373548462048
2021-11-29,39.7716041034817
2021-11-30,31.249940183770367
2021-12-01,17.834821486789536
2021-12-02,32.14311954266646
2021-12-03,10.010391643470737
2021-12-04,-2.4451690129123156
2021-12-05,-12.150405681702319
2021-12-06,21.880895254202436
2021-12-07,31.929726786599662
2021-12-08,22.1115312075317
2021-12-09,18.00935609360399
2021-12-10,26.676242248798715
2021-12-11,10.925978547186245
2021-12-12,5.890560452188524
2021-12-13,32.526796533317125
2021-12-14,27.41340743054754
2021-12-15,32.749451344326765
2021-12-16,28.848110627098002
2021-12-17,12.063678301945377
2021-12-18,-8.854148889945748
2021-12-19,-4.284001806937504
2021-12-20,22.63636823152677
2021-12-21,35.08532081161573
2021-12-22,23.948588503567997
2021-12-23,35.61078155520589
2021-12-24,-4.847378319755631
2021-12-25,1.49896537919231
2021-12-26,-1.718425915545815
2021-12-27,19.7893670686598
2021-12-28,24.082692217553834
2021-12-29,30.217379422444008
2021-12-30,27.074022425749252
2021-12-31,7.361207279753241
2022-01-01,3.070012668619449
2022-01-02,1.8060259125076619
2022-01-03,36.082234369309475
2022-01-04,33.98706801723205
2022-01-05,27.876176231091012
2022-01-06,26.4081130745921
2022-01-07,26.406906888547365
2022-01-08,-9.01919248995668
2022-01-09,-7.495890691429139
2022-01-10,51.43602776620351
2022-01-11,53.44158346695293
2022-01-12,28.604869900049387
2022-01-13,23.696100928265118
2022-01-14,11.323397439604813
2022-01-15,-1.768682663560977
2022-01-16,-2.546736963047191
2022-01-17,21.355772395361576
2022-01-18,45.056895323615144
2022-01-19,34.92498500941167
2022-01-20,27.872824536849325
2022-01-21,11.8695809066049
2022-01-22,-4.321027205235578
2022-01-23,-9.965197151801942
2022-01-24,29.0783275355026
2022-01-25,24.555394239213467
2022-01-26,28.711788249362616
2022-01-27,29.776082641109333
2022-01-28,28.14790297722568
2022-01-29,1.4762611371619339
2022-01-30,-10.136066191266279
2022-01-31,44.041991908932246
2022-02-01,33.76755386998806
2022-02-02,34.51135055416021
2022-02-03,25.49285222080689
2022-02-04,12.180619330089469
2022-02-05,5.511772794749851
2022-02-06,-6.544520391285656
2022-02-07,25.413762575884412
2022-02-08,33.07168181955853
2022-02-09,26.777436357206973
2022-02-10,34.79927717811692
2022-02-11,26.513265712621262
2022-02-12,-4.642870585646797
2022-02-13,-7.264663412986481
2022-02-14,23.994358932010655
2022-02-15,44.292000696227426
2022-02-16,25.1917474934227
2022-02-17,22.472916005535268
2022-02-18,19.7298248503627
2022-02-19,-2.7243436206733747
2022-02-20,-0.0473936517235336
2022-02-21,18.062157621654237
2022-02-22,27.879170982868963
2022-02-23,31.25454380947563
2022-02-24,30.123305197945836
2022-02-25,16.829470502072148
2022-02-26,-7.259820166532905
2022-02-27,-6.8723518510414285
2022-02-28,22.350648387435367
2022-03-01,29.82499630786851
2022-03-02,27.854233814166427
2022-03-03,42.14059505279206
2022-03-04,12.52991498663691
2022-03-05,-10.120194119679454
2022-03-06,-3.1152063735292486
2022-03-07,33.5327891097792
2022-03-08,18.468439045246907
2022-03-09,23.37195128058572
2022-03-10,23.93627568913281
2022-03-11,16.740056492718864
2022-03-12,-2.647642477527539
2022-03-13,0.8631083833000539
2022-03-14,25.030757474350445
2022-03-15,18.633121849430687
2022-03-16,29.702390842398426
2022-03-17,29.34633672182817
2022-03-18,10.091260182478141
2022-03-19,-9.560875886558117
2022-03-20,-10.105539185780742
2022-03-21,35.093457913653076
2022-03-22,31.612304840052666
2022-03-23,27.49721290511139
2022-03-24,34.912223632246985
2022-03-25,12.268233643997107
2022-03-26,-0.4581779149476364
2022-03-27,-4.991710888422382
2022-03-28,15.915663354846735
2022-03-29,28.90572601444082
2022-03-30,30.697340819379278
2022-03-31,31.13391659222883
2022-04-01,9.07035289659523
2022-04-02,-1.0468447831775496
2022-04-03,-1.0405299364224936
2022-04-04,23.4134725177895
2022-04-05,27.108396131597566
2022-04-06,23.53335670038129
2022-04-07,19.404868219480548
2022-04-08,24.047527372799323
2022-04-09,4.341488510899687
2022-04-10,7.442569119783422
2022-04-11,16.33533722102425
2022-04-12,26.30841765288448
2022-04-13,22.87012519436976
2022-04-14,18.871576924018097
2022-04-15,2.2819398396500326
2022-04-16,3.178296456804703
2022-04-17,5.701821446412084
2022-04-18,8.896127503244047
2022-04-19,27.252899840739673
2022-04-20,15.929942704144043
2022-04-21,25.784868355246495
2022-04-22,21.35616551216376
2022-04-23,0.4774429165582892
2022-04-24,5.193517318817398
2022-04-25,18.142474202303617
2022-04-26,33.45612752986093
2022-04-27,24.654024933984083
2022-04-28,23.909530438073904
2022-04-29,30.584645322074888
2022-04-30,2.0245980184370476
2022-05-01,0.9355484406302774
2022-05-02,21.15909023157398
2022-05-03,47.292111431219766
2022-05-04,37.86469523913245
2022-05-05,27.87562858349307
2022-05-06,16.140056700659873
2022-05-07,9.311394809877457
2022-05-08,12.528687553658987
2022-05-09,31.487463780152865
2022-05-10,30.10924642329384
2022-05-11,28.774939648623583
2022-05-12,23.018552414857567
2022-05-13,16.66807704655793
2022-05-14,-0.4844659788148462
2022-05-15,-5.28883739151941
2022-05-16,19.713933307768627
2022-05-17,33.41850001809426
2022-05-18,29.171447505852882
2022-05-19,26.65959342488537
2022-05-20,16.768670347245035
2022-05-21,4.238097330649942
2022-05-22,7.015970241306341
2022-05-23,23.38291675185985
2022-05-24,26.024178463053104
2022-05-25,25.287954402352977
2022-05-26,12.319383210573362
2022-05-27,12.000414969837795
2022-05-28,1.6365237808855602
2022-05-29,7.203371822147934
2022-05-30,29.104101453724102
2022-05-31,22.496516921328766
2022-06-01,26.207397480543534
2022-06-02,18.907486830979604
2022-06-03,11.533905895125361
2022-06-04,0.25866234808816424
2022-06-05,-0.6999866166450874
2022-06-06,4.190193571308685
2022-06-07,27.338628573269343
2022-06-08,28.740695335751795
2022-06-09,24.072933845844773
2022-06-10,13.447519707081286
2022-06-11,9.273878564095147
2022-06-12,10.731726355704877
2022-06-13,17.769947755501057
2022-06-14,26.56055043870226
2022-06-15,18.419286181196718
2022-06-16,13.397543327941477
2022-06-17,9.216755020795478
2022-06-18,2.686927658683719
2022-06-19,6.841463659784892
2022-06-20,25.11915443690387
2022-06-21,25.711206652552075
2022-06-22,21.629989803248023
2022-06-23,22.866143194696004
2022-06-24,17.529053312186193
2022-06-25,3.0667252786631147
2022-06-26,4.914976194944226
2022-06-27,19.951677416319086
2022-06-28,18.92003048971883
2022-06-29,17.223147366581678
2022-06-30,19.327019097228163
2022-07-01,22.223937424088476
2022-07-02,11.604975556443724
2022-07-03,10.89380078845513
2022-07-04,25.27516482213266
2022-07-05,25.583411882747246
2022-07-06,24.943087063235676
2022-07-07,26.523151046400145
2022-07-08,12.158167742099788
2022-07-09,3.385852188347718
2022-07-10,5.4223697424466355
2022-07-11,18.596438981817386
2022-07-12,21.03381807151851
2022-07-13,17.92963945427624
2022-07-14,18.58045589720301
2022-07-15,15.056854743750803
2022-07-16,6.538551924118851
2022-07-17,8.337516719675833
2022-07-18,17.25515871318
2022-07-19,17.432652574466676
2022-07-20,17.619695032863827
2022-07-21,16.99600202630937
2022-07-22,19.305434167871063
2022-07-23,5.204711592917851
2022-07-24,6.888231240634925
2022-07-25,20.00847900178832
2022-07-26,21.9620716337395
2022-07-27,21.863276576654272
2022-07-28,15.884101510837262
2022-07-29,15.690808738463193
2022-07-30,7.247426423444633
2022-07-31,7.688777334619097
2022-08-01,16.815100289451628
2022-08-02,20.410934752137965
2022-08-03,17.38256862831231
2022-08-04,17.75569609194671
2022-08-05,13.355520351519193
2022-08-06,7.407089892078894
2022-08-07,7.748674697103692
2022-08-08,14.933164522604471
2022-08-09,27.47423268546068
2022-08-10,21.12792781751289
2022-08-11,17.586206405714787
2022-08-12,17.578209844206018
2022-08-13,11.078243956158746
2022-08-14,5.833436062448585
2022-08-15,13.801548076898246
2022-08-16,19.123754672676736
2022-08-17,18.24549154425305
2022-08-18,17.091032530799154
2022-08-19,16.207233675335633
2022-08-20,10.945818588911344
2022-08-21,12.94500567882957
2022-08-22,19.661384534028286
2022-08-23,20.07370253783054
2022-08-24,20.40770544421959
2022-08-25,20.663393251063912
2022-08-26,14.278493408119271
2022-08-27,11.096414743701724
2022-08-28,12.210869346651943
2022-08-29,17.77737336333595
2022-08-30,17.952517976797093
2022-08-31,17.111151539883956
2022-09-01,19.628122429230576
2022-09-02,17.841280983328666
2022-09-03,10.656915112105818
2022-09-04,15.574418279394834
2022-09-05,45.60958121669144
2022-09-06,82.16929836706538
2022-09-07,113.22273672683599
2022-09-08,91.740276359131
2022-09-09,60.37668882634487
2022-09-10,39.91250387737273
2022-09-11,38.00370615148387
2022-09-12,44.7176829864979
2022-09-13,42.555040919429366
2022-09-14,42.45290086399277
2022-09-15,42.223838637466756
2022-09-16,32.02444541609262
2022-09-17,24.97926630509633
2022-09-18,26.556861751469977
2022-09-19,29.75176699793152
2022-09-20,31.535240881304674
2022-09-21,28.962673909937752
2022-09-22,33.223582098952136
2022-09-23,28.669469375978665
2022-09-24,22.0519046100668
2022-09-25,22.25379305607462
2022-09-26,31.155463724593883
2022-09-27,30.072668387223263
2022-09-28,36.6870858532587
2022-09-29,33.22589464139278
2022-09-30,28.621076820254395
2022-10-01,18.497784036030097
2022-10-02,20.450233733670693
2022-10-03,19.152216703388873
2022-10-04,28.127903620487437
2022-10-05,30.340625364795354
2022-10-06,26.778929401013475
2022-10-07,21.060478801806145
2022-10-08,18.864163277599044
2022-10-09,15.56273935922606
2022-10-10,29.013525013479203
2022-10-11,29.139437716261735
2022-10-12,25.601600951052976
2022-10-13,25.509143310237047
2022-10-14,24.122645726570255
2022-10-15,13.968408910804229
2022-10-16,16.009247950934025
2022-10-17,35.04680079370303
2022-10-18,39.3634167737744
2022-10-19,30.767927432807376
2022-10-20,27.516911528198513
2022-10-21,22.96396481212776
2022-10-22,14.92166310342074
2022-10-23,16.493518576012413
2022-10-24,29.249149162938824
2022-10-25,29.44238272445578
2022-10-26,31.838332499848487
2022-10-27,29.87472593399031
2022-10-28,24.371847099274135
2022-10-29,16.423408086283576
2022-10-30,18.060241901413626
2022-10-31,27.411213317402893
2022-11-01,97.24793074427383
2022-11-02,34.80613249573832
2022-11-03,30.47585421112417
2022-11-04,24.46049055938331
2022-11-05,18.31647799462427
2022-11-06,15.745611278950232
2022-11-07,26.378868642253103
2022-11-08,24.46493910584346
2022-11-09,21.613997173928283
2022-11-10,24.11488738257563
2022-11-11,25.405337183284054
2022-11-12,12.634229488366536
2022-11-13,13.144366595048048
2022-11-14,26.44945906826636
2022-11-15,23.930707181949884
2022-11-16,24.36350183302395
2022-11-17,20.183001064218157
2022-11-18,21.015273472167415
2022-11-19,11.976019243842364
2022-11-20,9.772391679980656
2022-11-21,19.524091526414704
2022-11-22,20.61885244829638
2022-11-23,21.974634571460225
2022-11-24,23.465240348698746
2022-11-25,16.02547917276908
2022-11-26,14.329321608588216
2022-11-27,11.723352428752793
2022-11-28,24.686616554853085
2022-11-29,26.696595761848105
2022-11-30,29.2372670132534
2022-12-01,24.28807497158983
2022-12-02,21.141090264026964
2022-12-03,14.713356051838742
2022-12-04,9.533962153545811
2022-12-05,22.933323190395097
2022-12-06,27.400373465475354
2022-12-07,26.195216336637316
2022-12-08,27.541725408941428
2022-12-09,23.30015877640392
2022-12-10,10.736236206327035
2022-12-11,12.544483601959577
2022-12-12,21.57328755058155
2022-12-13,21.416966686779233
2022-12-14,25.746922155159943
2022-12-15,23.07917698841692
2022-12-16,23.803996061305845
2022-12-17,10.968841948967734
2022-12-18,7.688899054923326
2022-12-19,22.930862585781895
2022-12-20,35.93523572616729
2022-12-21,28.277176317437522
2022-12-22,26.20577455648314
2022-12-23,22.96946157180018
2022-12-24,14.011103649850288
2022-12-25,16.192095529882806
2022-12-26,9.151278240538131
2022-12-27,27.522868013058794
2022-12-28,21.542964675334936
2022-12-29,18.55437052315061
2022-12-30,15.002521261133063
2022-12-31,7.697423278142667
2023-01-01,7.393912152378112
2023-01-02,28.389370945037484
2023-01-03,23.233521216977387
2023-01-04,27.612225447806356
2023-01-05,25.540460761313764
2023-01-06,17.438885652293017
2023-01-07,11.622516407165566
2023-01-08,15.431843790894947
2023-01-09,27.154259487988806
2023-01-10,28.105515256732904
2023-01-11,37.24328735818147
2023-01-12,29.503340360455937
2023-01-13,21.564783660944617
2023-01-14,8.32362749473213
2023-01-15,9.102118814023111
2023-01-16,26.673214282333735
2023-01-17,31.029941130664845
2023-01-18,29.274416981624977
2023-01-19,25.094414650051593
2023-01-20,28.501606364542365
2023-01-21,8.872053561181465
2023-01-22,6.336576827307745
2023-01-23,28.306854245414016
2023-01-24,39.59480255779211
2023-01-25,32.54443711432165
2023-01-26,35.318844292043416
2023-01-27,30.418630613306508
2023-01-28,11.82837957488302
2023-01-29,7.984605561897096
2023-01-30,26.982675837345255
2023-01-31,29.17552708335677
2023-02-01,42.705212736834746
2023-02-02,32.29664953887061
2023-02-03,25.986726294546795
2023-02-04,11.32395150489603
2023-02-05,11.27627909048117
2023-02-06,30.683213664206733
2023-02-07,35.113857258535795
2023-02-08,27.814291277956077
2023-02-09,31.479041624143946
2023-02-10,19.950160771050705
2023-02-11,9.99790079127178
2023-02-12,8.27567690752096
2023-02-13,25.811420127984213
2023-02-14,23.049209811113805
2023-02-15,28.79013103417471
2023-02-16,29.664254576069297
2023-02-17,18.24695796726134
2023-02-18,5.839932821827855
2023-02-19,1.8659294653127012
2023-02-20,23.594456550911882
2023-02-21,25.040529414394786
2023-02-22,31.583877354607722
2023-02-23,31.067469814265273
2023-02-24,26.04330167461414
2023-02-25,6.576821445725292
2023-02-26,5.023678489242765
2023-02-27,22.07816105956087
2023-02-28,23.197195592963162
2023-03-01,22.5078966145775
2023-03-02,18.19663364767442
2023-03-03,63.60290409054307
2023-03-04,20.582457597288006
2023-03-05,6.863585461867667
2023-03-06,33.74016169502575
2023-03-07,36.409744865238416
2023-03-08,30.45773227827114
2023-03-09,27.64152891607918
2023-03-10,22.76600234716507
2023-03-11,15.557724546423117
2023-03-12,6.290123539523378
2023-03-13,39.61063383746275
2023-03-14,34.03770462091501
2023-03-15,33.31981955578002
2023-03-16,29.527565972945563
2023-03-17,16.098671327215314
2023-03-18,4.6012442749931
2023-03-19,2.417841435622599
2023-03-20,22.20422151380578
2023-03-21,29.90807919419605
2023-03-22,40.315560638503804
2023-03-23,27.815574370176595
2023-03-24,22.940916276164113
2023-03-25,4.0907725521400495
2023-03-26,3.985363264609407
2023-03-27,20.367435847782506
2023-03-28,40.93272927228428
2023-03-29,42.07529089382002
2023-03-30,42.57051162020567
2023-03-31,24.189856586728304
2023-04-01,6.529000770539759
2023-04-02,6.982816990509077
2023-04-03,31.010064497687075
2023-04-04,30.24202713833529
2023-04-05,36.50152019608388
2023-04-06,30.753746692848335
2023-04-07,9.00946188414725
2023-04-08,7.1788794380598375
2023-04-09,3.7523282287200117
2023-04-10,9.003069181795222
2023-04-11,36.05564738984821
2023-04-12,35.784161420292506
2023-04-13,34.80227215732464
2023-04-14,24.26914020152213
2023-04-15,3.3644814789076514
2023-04-16,2.34766385591614
2023-04-17,25.997546624072104
2023-04-18,30.6147229472255
2023-04-19,24.717527378614193
2023-04-20,40.16383007994539
2023-04-21,21.489808246162443
2023-04-22,1.4717697548276538
2023-04-23,-0.29461042062681964
2023-04-24,50.65931618430407
2023-04-25,38.03549716738096
2023-04-26,38.57606428772995
2023-04-27,36.87790558713815
2023-04-28,21.27475875784548
2023-04-29,2.794887386178989
2023-04-30,-2.1560271512305698
2023-05-01,12.19887769358916
2023-05-02,36.902354780163805
2023-05-03,39.66886448489411
2023-05-04,34.62552131987203
2023-05-05,26.715062628141073
2023-05-06,10.048269454439229
2023-05-07,9.051378505605053
2023-05-08,28.68854663356517
2023-05-09,25.211290171953106
2023-05-10,35.714677562486685
2023-05-11,37.86875360174709
2023-05-12,32.58494503201097
2023-05-13,-4.927555553791316
2023-05-14,4.443093133432108
2023-05-15,32.206818310640145
2023-05-16,41.90655027262436
2023-05-17,23.5165948356343
2023-05-18,19.57954797323101
2023-05-19,21.773382428388686
2023-05-20,1.6896277148615209
2023-05-21,1.1838042644485203
2023-05-22,27.799109381821957
2023-05-23,28.85507732741228
2023-05-24,26.04366457622012
2023-05-25,33.30970030192606
2023-05-26,18.479820475561514
2023-05-27,6.891688551135113
2023-05-28,-1.6369808198367357
2023-05-29,3.9684714797450846
2023-05-30,25.257470919172775
2023-05-31,37.34806740320904
2023-06-01,31.006806938285624
2023-06-02,27.609462056062068
2023-06-03,0.9069425500488033
2023-06-04,-4.5460057926693525
2023-06-05,20.4907628976081
2023-06-06,38.48749973568853
2023-06-07,29.84852974898823
2023-06-08,13.166958490886342
2023-06-09,21.254148708425607
2023-06-10,6.989337790687339
2023-06-11,5.553598023872031
2023-06-12,20.67622927093698
2023-06-13,29.20699227334962
2023-06-14,29.596461561408827
2023-06-15,30.594333866321612
2023-06-16,18.5993177965079
2023-06-17,9.961006920497962
2023-06-18,0.1643333780088292
2023-06-19,14.968968926276926
2023-06-20,51.7317759978343
2023-06-21,58.29811197777377
2023-06-22,33.39197942818574
2023-06-23,32.701552337831366
2023-06-24,15.759483324219154
2023-06-25,6.080582350075696
2023-06-26,29.16695497971022
2023-06-27,43.27525638766816
2023-06-28,46.67377575345505
2023-06-29,36.53709018059011
2023-06-30,26.718886162003873
2023-07-01,4.382068570590032
2023-07-02,7.075932083354081
2023-07-03,29.85808972174656
2023-07-04,39.3212458613272
2023-07-05,50.81943563403137
2023-07-06,37.37442745106732
2023-07-07,27.696163716576603
2023-07-08,3.1915388692989497
2023-07-09,3.6899015814798255
2023-07-10,32.36003858276414
2023-07-11,35.06320133727119
2023-07-12,31.212779475458248
2023-07-13,29.83189774667656
2023-07-14,29.279988014482953
2023-07-15,7.865093797168402
2023-07-16,6.699572186263096
2023-07-17,34.21508716166456
2023-07-18,28.932399429239346
2023-07-19,32.65795258933314
2023-07-20,31.81849914925378
2023-07-21,20.12519457785348
2023-07-22,4.413739449733638
2023-07-23,2.821525950025862
2023-07-24,36.229703083438075
2023-07-25,42.47896696801388
2023-07-26,36.24328816933985
2023-07-27,38.66776712937892
2023-07-28,22.77417225640958
2023-07-29,10.345602694710363
2023-07-30,4.845480085589354
2023-07-31,30.457958019262303
2023-08-01,35.60329382226277
2023-08-02,29.703641675039332
2023-08-03,31.134766910483158
2023-08-04,29.429283939990157
2023-08-05,6.085229871867678
2023-08-06,2.4813788399257986
2023-08-07,30.320783262796663
2023-08-08,39.019258896729134
2023-08-09,33.589652823274726
2023-08-10,29.070506310035288
2023-08-11,37.94836573675283
2023-08-12,7.816193372306715
2023-08-13,3.841001350556696
2023-08-14,45.342358714533965
2023-08-15,46.95463452827038
2023-08-16,37.738319940275886
2023-08-17,26.821704330138555
2023-08-18,29.390559427791498
2023-08-19,3.336969715548545
2023-08-20,1.705971628919097
2023-08-21,37.70490686042569
2023-08-22,37.23478120575883
2023-08-23,44.7732197235446
2023-08-24,36.71426976709018
2023-08-25,33.291605032603584
2023-08-26,2.058433468443577
2023-08-27,-0.294501505709087
2023-08-28,38.645603485023805
2023-08-29,39.675764477423556
2023-08-30,44.56737020168376
2023-08-31,42.17998146579931
2023-09-01,24.156516139010485
2023-09-02,2.748015860144103
2023-09-03,4.9607561255927095
2023-09-04,44.41868714231043
2023-09-05,48.01837314759292
2023-09-06,33.55366855640081
2023-09-07,31.375083910993634
2023-09-08,23.89208306925698
2023-09-09,-1.1995949997742583
2023-09-10,6.957661966060142
2023-09-11,31.609184602678834
2023-09-12,29.279917273141457
2023-09-13,32.507794699799184
2023-09-14,39.21055732772092
2023-09-15,26.714712173697578
2023-09-16,1.5194330209276556
2023-09-17,3.5872770569645303
2023-09-18,29.79783462101624
2023-09-19,37.05464272409051
2023-09-20,50.3798709424837
2023-09-21,40.91634639992623
2023-09-22,28.806600117363637
2023-09-23,5.847791410255291
2023-09-24,10.228700804980791
2023-09-25,33.993887035835854
2023-09-26,38.95456957170397
2023-09-27,40.51386037433594
2023-09-28,41.497182333306306
2023-09-29,72.4443423248881
2023-09-30,24.08929581341958
2023-10-01,20.042542071291763
2023-10-02,33.57369668714338
2023-10-03,17.064217826001478
2023-10-04,49.11414561293483
2023-10-05,33.30855258570312
2023-10-06,38.00444446812395
2023-10-07,12.61763702555948
2023-10-08,8.279170545068338
2023-10-09,34.58669187215827
2023-10-10,35.21402830087631
2023-10-11,37.77741014117416
2023-10-12,28.878864272554978
2023-10-13,23.283503921203206
2023-10-14,4.164989231905425
2023-10-15,6.816568074744868
2023-10-16,45.78844232993365
2023-10-17,37.79022963826566
2023-10-18,32.515720424706316
2023-10-19,40.21496005138398
2023-10-20,42.203700288416854
2023-10-21,13.599991055602722
2023-10-22,15.742852156663318
2023-10-23,42.638978226958294
2023-10-24,36.686199112845614
2023-10-25,37.80500615672328
2023-10-26,50.5525330717292
2023-10-27,37.37799804510752
2023-10-28,21.978496400076807
2023-10-29,9.331820343408562
2023-10-30,37.58603747757542
2023-10-31,32.27758289107956
2023-11-01,24.619317046131123
2023-11-02,34.77613887508685
2023-11-03,32.355471978768094
2023-11-04,5.298439460809941
2023-11-05,2.8290964096387903
2023-11-06,27.878423090135716
2023-11-07,33.781370256840376
2023-11-08,39.039900794644495
2023-11-09,38.36773960155964
2023-11-10,25.931755510153558
2023-11-11,7.929650380372273
2023-11-12,9.152231619553257
2023-11-13,29.262431988851098
2023-11-14,29.398417363532943
2023-11-15,32.86466845943876
2023-11-16,28.724064368204907
2023-11-17,26.820013910384446
2023-11-18,13.144589141422077
2023-11-19,4.776525034038624
2023-11-20,30.50985447072187
2023-11-21,41.67438937624274
2023-11-22,41.824694045403454
2023-11-23,32.05448057755946
2023-11-24,38.88626719013793
2023-11-25,15.29043394201815
2023-11-26,10.757452982048143
2023-11-27,42.67612539959268
2023-11-28,38.25149833757722
2023-11-29,77.13525815171124
2023-11-30,64.19548580030936
2023-12-01,44.27437704272401
2023-12-02,11.414833421373151
2023-12-03,17.301762246196894
2023-12-04,39.86241756881399
2023-12-05,40.999161536547675
2023-12-06,37.846816911258166
2023-12-07,42.253931360520795
2023-12-08,32.16397769261183
2023-12-09,17.784935438378636
2023-12-10,18.80362224621987
2023-12-11,46.20970071554693
2023-12-12,41.67185930436363
2023-12-13,41.03020192979417
2023-12-14,39.222804687381284
2023-12-15,40.49831839304892
2023-12-16,13.728014284015464
2023-12-17,16.226612542445586
2023-12-18,32.58612170495439
2023-12-19,39.25667692052996
2023-12-20,39.61055714857373
2023-12-21,30.366626106175705
2023-12-22,34.76626573727653
2023-12-23,8.696421687753988
2023-12-24,12.584687015637869
2023-12-25,10.481627707988288
2023-12-26,6.124093404165583
2023-12-27,20.83946989949944
2023-12-28,37.794406338618785
2023-12-29,24.920703332737677
2023-12-30,10.809116694304674
2023-12-31,4.9665284636891975
2024-01-01,7.944944264160231
2024-01-02,37.11486989807765
2024-01-03,32.91106223632919
2024-01-04,40.48419992270638
2024-01-05,31.21548322430608
2024-01-06,18.958598642938547
2024-01-07,19.572371502235722
2024-01-08,39.991929514134455
2024-01-09,73.29042942970572
2024-01-10,62.230271796795535
2024-01-11,53.2942204974389
2024-01-12,31.268459903731795
2024-01-13,13.498142031896933
2024-01-14,13.850975326155424
2024-01-15,32.12558418229987
2024-01-16,37.024976446626425
2024-01-17,23.206789203772498
2024-01-18,31.706258819391667
2024-01-19,31.647051621845993
2024-01-20,14.552898910940907
2024-01-21,10.774311224402155
2024-01-22,31.25837700786422
2024-01-23,31.4363285304249
2024-01-24,45.76009667533381
2024-01-25,39.777750559698475
2024-01-26,31.26211167371699
2024-01-27,16.72171448878154
2024-01-28,21.606398059972932
2024-01-29,59.307290542436235
2024-01-30,55.53610140786262
2024-01-31,54.882631310768424
2024-02-01,46.802373934261695
2024-02-02,48.55747272748486
2024-02-03,22.709321479583625
2024-02-04,17.38125222861803
2024-02-05,42.833946352399934
2024-02-06,38.91323883300292
2024-02-07,44.99276495314258
2024-02-08,37.74000010043811
2024-02-09,35.383479134569534
2024-02-10,13.1323946420009
2024-02-11,14.482835189226972
2024-02-12,30.39361189196613
2024-02-13,36.04587344414424
2024-02-14,35.225546314476915
2024-02-15,38.95388312132188
2024-02-16,35.971258095971706
2024-02-17,16.777800187878317
2024-02-18,16.098868312631794
2024-02-19,33.62665899011699
2024-02-20,47.760358416837434
2024-02-21,50.297125910059805
2024-02-22,38.86725193372881
2024-02-23,36.803261108991194
2024-02-24,19.04091800259321
2024-02-25,18.39158536508806
2024-02-26,38.540598195334766
2024-02-27,44.75558662569614
2024-02-28,39.174898004159914
2024-02-29,45.52367155067347
2024-03-01,35.02886608139488
2024-03-02,19.085036803030228
2024-03-03,21.080796121881406
2024-03-04,47.507554964671236
2024-03-05,43.67970875847109
2024-03-06,41.86176419528288
2024-03-07,56.81883451745031
2024-03-08,38.787019554862404
2024-03-09,25.499386468347936
2024-03-10,17.50279130730262
2024-03-11,43.49738392219568
2024-03-12,43.24486758039082
2024-03-13,41.56409359173911
2024-03-14,39.96943254078914
2024-03-15,27.93741103729463
2024-03-16,19.454924100653788
2024-03-17,18.167678694505625
2024-03-18,37.20568661873186
2024-03-19,45.48929593898872
2024-03-20,40.37536909910406
2024-03-21,40.27472631067272
2024-03-22,26.776547360699855
2024-03-23,17.38022571688291
2024-03-24,13.90861486176135
2024-03-25,35.62882972677406
2024-03-26,32.412399439655346
2024-03-27,32.70986034100175
2024-03-28,28.304349783942502
2024-03-29,21.670741929924002
2024-03-30,19.090870332656458
2024-03-31,13.413540547566647
2024-04-01,16.823237347073604
2024-04-02,38.09049969482371
2024-04-03,36.74798019438013
2024-04-04,31.024213708174305
2024-04-05,27.846043481126042
2024-04-06,12.63064162404612
2024-04-07,13.085381127150331
2024-04-08,36.02906613350674
2024-04-09,37.713212981310704
2024-04-10,39.64749280863364
2024-04-11,38.91534003491101
2024-04-12,33.32933047360473
2024-04-13,19.97289855007615
2024-04-14,14.887154944956201
2024-04-15,29.72388441100559
2024-04-16,31.539153039509426
2024-04-17,36.075786393875354
2024-04-18,40.350933314413155
2024-04-19,29.15205288951538
2024-04-20,20.674537189837547
2024-04-21,25.0600801542671
2024-04-22,38.120623701080994
2024-04-23,43.351058097130476
2024-04-24,42.73995077297599
2024-04-25,45.434711950232874
2024-04-26,39.5039369953766
2024-04-27,31.907611940059134
2024-04-28,17.574889825016356
2024-04-29,41.122966744292
2024-04-30,32.13666968315269
2024-05-01,16.50714669663798
2024-05-02,32.86519253260039
2024-05-03,27.181429863100455
2024-05-04,14.330343139246647
2024-05-05,16.842401443413593
2024-05-06,30.96897887168425
2024-05-07,33.085894243291975
2024-05-08,26.69302625476407
2024-05-09,18.790132289116038
2024-05-10,25.564151302953558
2024-05-11,18.578568917512875
2024-05-12,21.457566304576638
2024-05-13,39.767754396711595
2024-05-14,34.645896872354996
2024-05-15,47.77457677138166
2024-05-16,40.533604910541385
2024-05-17,36.74160017209185
2024-05-18,22.42335249268028
2024-05-19,21.762051458488656
2024-05-20,23.474216340461492
2024-05-21,27.438323568694422
2024-05-22,35.1126559311884
2024-05-23,33.858762598218256
2024-05-24,29.874345418137274
2024-05-25,16.718655404292424
2024-05-26,14.807651604393454
2024-05-27,25.608984928612024
2024-05-28,31.86630904072938
2024-05-29,27.624969225885533
2024-05-30,26.374081279274577
2024-05-31,31.030210774057196
2024-06-01,33.93737307520935
2024-06-02,42.81235927007768
2024-06-03,141.14666251899243
2024-06-04,106.91672823566617
2024-06-05,85.58626460045804
2024-06-06,84.81125625369123
2024-06-07,77.24890090654081
2024-06-08,54.14950182128957
2024-06-09,42.85586129244573
2024-06-10,47.16838568722848
2024-06-11,47.400257349560704
2024-06-12,40.27034001532341
2024-06-13,34.52833040665197
2024-06-14,34.549076894660445
2024-06-15,22.833186013450128
2024-06-16,21.254899593238928
2024-06-17,35.2326430129538
2024-06-18,35.236189791656955
2024-06-19,32.20266085125658
2024-06-20,33.78804083367885
2024-06-21,24.680360455716873
2024-06-22,10.348180171436546
2024-06-23,9.247891526852854
2024-06-24,31.791934397722326
2024-06-25,28.154265883037667
2024-06-26,29.776240492621287
2024-06-27,31.9125435686339
2024-06-28,22.384464888862812
2024-06-29,3.12239393149391
2024-06-30,6.611569146884122
2024-07-01,29.15648153626255
2024-07-02,27.451947983393485
2024-07-03,34.418280553295105
2024-07-04,41.287412889916034
2024-07-05,17.46873666807246
2024-07-06,4.221939372684872
2024-07-07,13.899537403037577
2024-07-08,32.48035569150791
2024-07-09,33.10135026637637
2024-07-10,35.56528913332022
2024-07-11,39.00403077391847
2024-07-12,25.22682497120864
2024-07-13,5.973716197463819
2024-07-14,5.250405667345905
2024-07-15,32.35666555698015
2024-07-16,61.9792724226794
2024-07-17,57.8094992893721
2024-07-18,57.96511552316737
2024-07-19,37.17203110070237
2024-07-20,11.987643155094606
2024-07-21,14.694528411991328
2024-07-22,57.361614292005655
2024-07-23,60.48656378488674
2024-07-24,65.92070408090979
2024-07-25,52.75659413633281
2024-07-26,49.64887215687083
2024-07-27,8.064407325939115
2024-07-28,12.3237653575966
2024-07-29,51.39176509096252
2024-07-30,71.16350645110816
2024-07-31,50.27454481870794
2024-08-01,52.566323591916785
2024-08-02,40.987414130023936
2024-08-03,12.003385541876138
2024-08-04,18.835383985509516
2024-08-05,40.630065580702734
2024-08-06,41.636035880495896
2024-08-07,46.14144989324478
2024-08-08,40.88594469731995
2024-08-09,58.386851776314
2024-08-10,9.45258676018414
2024-08-11,11.557834989798764
2024-08-12,48.14806484085597
2024-08-13,41.27447022509191
2024-08-14,50.7037958376526
2024-08-15,50.05301602668584
2024-08-16,28.797201088149137
2024-08-17,8.724235296276987
2024-08-18,18.442904631638324
2024-08-19,41.87929365126799
2024-08-20,42.756755196526356
2024-08-21,38.62064466918763
2024-08-22,38.919921276195915
2024-08-23,27.203274130799873
2024-08-24,3.0837949509710185
2024-08-25,2.483508817633453
2024-08-26,33.97769217834718
2024-08-27,39.61040035594221
2024-08-28,47.73266709486006
2024-08-29,45.90596676508065
2024-08-30,45.27125712819129
2024-08-31,13.106209529400815
2024-09-01,3.917446736454586
2024-09-02,38.987907792021716
2024-09-03,49.29380607161191
2024-09-04,51.07678096359787
2024-09-05,40.03703175418108
2024-09-06,28.634860775847923
2024-09-07,11.299169007227075
2024-09-08,7.185097954257429
2024-09-09,36.96011100214496
2024-09-10,46.07939813300689
2024-09-11,37.099963204273706
2024-09-12,44.47103688486033
2024-09-13,31.5055192952231
2024-09-14,3.403912626478789
2024-09-15,8.77417714634117
2024-09-16,40.99351441752385
2024-09-17,47.66242483865313
2024-09-18,47.7934073226221
2024-09-19,44.14952399534022
2024-09-20,40.89181484709029
2024-09-21,8.901591574776702
2024-09-22,5.511288658089647
2024-09-23,36.67046268173927
2024-09-24,44.03372821595007
2024-09-25,45.65144648009684
2024-09-26,45.9066892267705
2024-09-27,41.415009933374634
2024-09-28,8.191737960131018
2024-09-29,15.14908030498686
2024-09-30,42.20515297967518
2024-10-01,38.968184058298164
2024-10-02,34.15566249189874
2024-10-03,12.737222520589377
2024-10-04,26.3014805531705
2024-10-05,10.170933818488177
2024-10-06,18.592105394251167
2024-10-07,36.961489157228414
2024-10-08,39.31999696202875
2024-10-09,47.3706967387339
2024-10-10,43.59318271290654
2024-10-11,33.281905016627874
2024-10-12,12.445006330369171
2024-10-13,13.893102756827872
2024-10-14,34.73689168087222
2024-10-15,41.47152802582575
2024-10-16,39.797328275329036
2024-10-17,39.61975583724364
2024-10-18,39.7752872151823
2024-10-19,20.336643230234824
2024-10-20,17.65229808572702
2024-10-21,43.60755943406086
2024-10-22,41.594349441963416
2024-10-23,45.925923261384575
2024-10-24,58.19272969621032
2024-10-25,40.745365425283836
2024-10-26,17.681686998130868
2024-10-27,16.522928109760805
2024-10-28,42.15136531562575
2024-10-29,40.65914485410721
2024-10-30,41.6251026215773
2024-10-31,35.076204664158766
2024-11-01,25.427807197943846
2024-11-02,16.869039518957926
2024-11-03,16.439993286086494
2024-11-04,34.46637981885553
2024-11-05,38.57350564390234
2024-11-06,37.00748782749464
2024-11-07,36.747625836149055
2024-11-08,33.52136091316994
2024-11-09,21.655553371941476
2024-11-10,25.20400078883804
2024-11-11,37.03739241466327
2024-11-12,39.72321645822743
2024-11-13,39.08511792173967
2024-11-14,38.57711718652813
2024-11-15,35.76882006368869
2024-11-16,19.275520193313326
2024-11-17,22.925294067046277
2024-11-18,33.555384233624366
2024-11-19,39.97320417320238
2024-11-20,43.8500778399395
2024-11-21,43.460169520382706
2024-11-22,40.72288102021136
2024-11-23,31.408009366512193
2024-11-24,35.348172928150916
2024-11-25,55.0791438227522
2024-11-26,60.84578977502055
2024-11-27,67.08835290039454
2024-11-28,63.7488388263169
2024-11-29,54.611504190938895
2024-11-30,41.50748817936993
2024-12-01,38.32943903528309
2024-12-02,45.874600490555366
2024-12-03,44.59808700318876
2024-12-04,40.661421650466124
2024-12-05,41.753984863494395
2024-12-06,35.594475215986215
2024-12-07,26.495783098623193
2024-12-08,26.382340452399333
2024-12-09,33.58630619311809
2024-12-10,34.24106181478263
2024-12-11,35.30447873304011
2024-12-12,35.8726725617886
2024-12-13,30.896437487302688
2024-12-14,21.97186789983966
2024-12-15,20.457688807445464
2024-12-16,31.18928624729377
2024-12-17,32.35072667423676
2024-12-18,40.015935151108906
2024-12-19,43.440331002989005
2024-12-20,43.79131885039135
2024-12-21,42.65042111689877
2024-12-22,51.40402700071357
2024-12-23,59.963155089196945
2024-12-24,60.21550377884433
2024-12-25,157.61433027482022
2024-12-26,56.64528719390172
2024-12-27,51.53861508138379
2024-12-28,40.40261146336593
2024-12-29,26.830801234282706
2024-12-30,20.389887745668148
2024-12-31,8.476141178585657
2025-01-01,5.196215446283588
2025-01-02,8.866635744974143
2025-01-03,8.795808364898381
2025-01-04,4.760526758570091
2025-01-05,13.53848321581767
2025-01-06,26.436620214828547
2025-01-07,36.58831534201946
2025-01-08,38.60996144867168
2025-01-09,39.36580933845478
2025-01-10,38.19211583489377
2025-01-11,30.063134118754736
2025-01-12,27.89206686954792
2025-01-13,42.45944426118042
2025-01-14,43.51333864865153
2025-01-15,44.1485342575346
2025-01-16,43.30841815927889
2025-01-17,44.14707639057235
2025-01-18,30.379925638905355
2025-01-19,28.323838369298926
2025-01-20,47.704532056603114
2025-01-21,47.635236257864776
2025-01-22,42.33013623964498
2025-01-23,42.68279127593348
2025-01-24,42.796165864593874
2025-01-25,23.975687731524232
2025-01-26,29.21369645287589
2025-01-27,45.12009643133697
2025-01-28,46.380167020510775
2025-01-29,49.16083623298928
2025-01-30,53.358558163917344
2025-01-31,46.905827845651515
2025-02-01,29.441244388499552
2025-02-02,33.3271197799603
2025-02-03,49.76815969687942
2025-02-04,53.236658508171146
2025-02-05,47.37832318648559
2025-02-06,46.49884140472008
2025-02-07,40.69419030362689
2025-02-08,22.629423208549127
2025-02-09,26.581487286569235
2025-02-10,41.57564920731778
2025-02-11,46.033970183603856
2025-02-12,47.891416261705075
2025-02-13,39.543372029625615
2025-02-14,29.059493033197064
2025-02-15,10.180144924657633
2025-02-16,11.692491828114179
2025-02-17,43.36267450993773
2025-02-18,42.689967750884406
2025-02-19,38.01352435939184
2025-02-20,44.41693780464491
2025-02-21,30.806767678440412
2025-02-22,19.783170926796412
2025-02-23,7.831490882672547
2025-02-24,34.94922671644686
2025-02-25,47.938372099994794
2025-02-26,42.102138198127214
2025-02-27,50.220085854251494
2025-02-28,32.571967850227864
2025-03-01,10.99595432056643
2025-03-02,11.295326019442207
2025-03-03,38.06568097249583
2025-03-04,37.97795673178216
2025-03-05,42.33436292294648
2025-03-06,44.09346558134578
2025-03-07,34.320046462559006
2025-03-08,6.005734138466238
2025-03-09,6.9101318860219685
2025-03-10,46.6917608522133
2025-03-11,56.18114757839062
2025-03-12,50.25684959827298
2025-03-13,51.818410048711826
2025-03-14,42.33805065507251
2025-03-15,15.631766066448698
2025-03-16,14.78436925302632
2025-03-17,43.14401639691462
2025-03-18,49.7435053777983
2025-03-19,58.647976225738404
2025-03-20,50.004410477423676
2025-03-21,40.34861636620913
2025-03-22,13.121542490812779
2025-03-23,15.65194372253514
2025-03-24,48.98593543343913
2025-03-25,64.37387183447346
2025-03-26,45.98548209898237
2025-03-27,55.204588459750454
2025-03-28,30.310223838461187
2025-03-29,9.352312123569593
2025-03-30,11.864008931179633
2025-03-31,52.29249229474462
2025-04-01,58.78720505759226
2025-04-02,54.08202106562079
2025-04-03,51.49130321863656
2025-04-04,50.960817860447065
2025-04-05,12.755371973223223
2025-04-06,10.235026186166422
2025-04-07,46.94860322263903
2025-04-08,53.74818985412196
2025-04-09,42.25970384518912
2025-04-10,46.90183304731655
2025-04-11,41.97579398425206
2025-04-12,10.333959454962425
2025-04-13,9.776826067685587
2025-04-14,44.26430916685349
2025-04-15,45.75876695631837
2025-04-16,37.77938425261883
2025-04-17,35.26072216586418
2025-04-18,5.9896353894784795
2025-04-19,-0.7181050500387371
2025-04-20,6.293073143125241
2025-04-21,3.9831025344805937
2025-04-22,40.15667461915803
2025-04-23,41.23646642582855
2025-04-24,40.60623969538969
2025-04-25,35.76473751643735
2025-04-26,10.54465052320792
2025-04-27,8.819633812896225
2025-04-28,40.69605125271145
2025-04-29,50.88957388964257
2025-04-30,39.88678329997269
2025-05-01,21.39462532397538
2025-05-02,28.274378841731508
2025-05-03,-3.72157299959634
2025-05-04,10.938495215316124
2025-05-05,49.77106064297949
2025-05-06,45.038351611169574
2025-05-07,47.60748989661011
2025-05-08,35.4106416026022
2025-05-09,38.474375259639075
2025-05-10,5.243609135431473
2025-05-11,-1.2197782463447808
2025-05-12,46.0447998170497
2025-05-13,60.811152458984196
2025-05-14,49.70274954860723
2025-05-15,46.4743655942683
2025-05-16,42.846078656822954
2025-05-17,2.0698450886320607
2025-05-18,2.031743697970466
2025-05-19,49.64408758009492
2025-05-20,52.151641061238124
2025-05-21,53.224872220315206
2025-05-22,44.487976351810445
2025-05-23,28.611224836421485
2025-05-24,11.895297051931742
2025-05-25,10.877092678354813
2025-05-26,48.57026443409522
2025-05-27,38.65414031384039
2025-05-28,50.569999311939824
2025-05-29,13.249439790778315
2025-05-30,27.035624560918915
2025-05-31,13.919649588823667
2025-06-01,14.024113911053831
2025-06-02,51.922743393634455
2025-06-03,43.42287532009473
2025-06-04,39.17552959072567
2025-06-05,38.40147854734829
2025-06-06,34.6061647967755
2025-06-07,9.789552013172145
2025-06-08,6.041620608316954
2025-06-09,1.9467378073360813
2025-06-10,33.855728355145445
2025-06-11,38.35737698370407
2025-06-12,49.5078082808495
2025-06-13,28.07814296559267
2025-06-14,7.3770274980592525
2025-06-15,11.718172407621513
2025-06-16,43.89279331624853
2025-06-17,47.28335774384485
2025-06-18,45.810674853134614
2025-06-19,19.30034554610473
2025-06-20,22.009767163087545
2025-06-21,9.882099286860583
2025-06-22,-1.2433744365080024
2025-06-23,40.6843386322619
2025-06-24,48.692168834999684
2025-06-25,43.68443097531724
2025-06-26,55.54053020135835
2025-06-27,48.436116314820964
2025-06-28,8.098449392343856
2025-06-29,5.371456384504267
2025-06-30,41.38761087355394
2025-07-01,51.06618998720836
2025-07-02,40.821676337882096
2025-07-03,48.16787184916094
2025-07-04,38.63478160062141
2025-07-05,6.366015670772477
2025-07-06,7.860025577322013
2025-07-07,47.48659825908171
2025-07-08,49.482480852063546
2025-07-09,45.88586981182263
2025-07-10,46.06957622420194
2025-07-11,42.93151811472742
2025-07-12,5.881515400217662
2025-07-13,6.501396405031603
2025-07-14,36.46022104998565
2025-07-15,47.85661329421822
2025-07-16,41.31005757649653
2025-07-17,41.76081424314007
2025-07-18,39.30874009474415
2025-07-19,8.563369680628107
2025-07-20,3.7545548645937004
2025-07-21,46.55564300624265
2025-07-22,50.22465136013475
2025-07-23,45.90275062182705
2025-07-24,47.41005349878893
2025-07-25,36.69982003920574
2025-07-26,12.345757918688964
2025-07-27,5.440619270581955
2025-07-28,48.877751535844965
2025-07-29,51.29167830745461
2025-07-30,42.07421384250526
2025-07-31,42.271378246390555
2025-08-01,34.884507990580204
2025-08-02,10.436932924443182
2025-08-03,14.66374851582766
2025-08-04,44.09888088640247
2025-08-05,50.38485541208235
2025-08-06,60.00106315296429
2025-08-07,45.14932705399228
2025-08-08,34.85901214443938
2025-08-09,8.37139144177605
2025-08-10,5.12719350600581
2025-08-11,43.05175764266668
2025-08-12,56.379935407939186
2025-08-13,53.66721042561834
2025-08-14,44.53977876198472
2025-08-15,33.97016378035263
2025-08-16,9.183476827184583
2025-08-17,12.661318385773853
2025-08-18,45.06493231749274
2025-08-19,51.884489192124505
2025-08-20,44.15476280000493
2025-08-21,46.132724882268974
2025-08-22,33.48328139928183
2025-08-23,3.745580150813657
2025-08-24,14.612933962195228
2025-08-25,44.36141268906039
2025-08-26,52.52366893759093
2025-08-27,53.31795989857534
2025-08-28,52.759702081742034
2025-08-29,39.911774566606034
2025-08-30,9.852472941066722
2025-08-31,10.705129232570158
2025-09-01,40.58602672571071
2025-09-02,48.10258114756538
2025-09-03,51.84789806606558
2025-09-04,44.165992830818325
2025-09-05,38.72826659320238
2025-09-06,8.7387731067321
2025-09-07,11.070541135411965
2025-09-08,37.99260695050573
2025-09-09,34.81936597735739
2025-09-10,42.01816560331661
2025-09-11,40.449044225543965
2025-09-12,29.5651458004497
2025-09-13,15.928742875417923
2025-09-14,9.930100315108257
2025-09-15,33.918793533810124
2025-09-16,39.77149048832685
2025-09-17,43.34701651421201
2025-09-18,38.629955106814336
2025-09-19,40.38541950212607
2025-09-20,9.239774403762738
2025-09-21,20.659154126319883
2025-09-22,34.494770030171125
2025-09-23,46.37177374871788
2025-09-24,48.63418063559636
2025-09-25,58.2345281169019
2025-09-26,38.533461120225915
2025-09-27,3.2023807933111312
2025-09-28,14.036020305552565
2025-09-29,42.02164154743666
2025-09-30,58.722730134128376
2025-10-01,44.99932445898237
2025-10-02,40.77710511930309
2025-10-03,14.338421452977432
2025-10-04,2.322628527724368
2025-10-05,6.3702944828977595
2025-10-06,44.1422519836905
2025-10-07,51.65634366479926
2025-10-08,49.146243235364
2025-10-09,48.64278368497996
2025-10-10,35.927707839078096
2025-10-11,12.641583823308956
2025-10-12,18.704902988653863
2025-10-13,36.570399476463024
2025-10-14,52.56667214157026
2025-10-15,57.761738909434946
2025-10-16,42.31219095152996
2025-10-17,40.66995915172305
2025-10-18,12.185410774866135
2025-10-19,10.723866329397964
2025-10-20,42.79760372269584
2025-10-21,46.61188978555809
2025-10-22,38.20783518689957
2025-10-23,40.097680477511034
2025-10-24,39.52145126309442
2025-10-25,12.873194898534432
2025-10-26,13.653661191228892
2025-10-27,43.56750156450256
2025-10-28,42.2782656249581
2025-10-29,60.916993658818214
2025-10-30,62.909432505955564
2025-10-31,35.61279120296875
2025-11-01,13.374837578407186
2025-11-02,15.797939054917304
2025-11-03,41.42378738486405
2025-11-04,48.45695622303965
2025-11-05,55.256184238455646
2025-11-06,49.00941551037302
2025-11-07,43.62241805377738
2025-11-08,20.970820069266725
2025-11-09,15.975286193308296
2025-11-10,38.32734338022116
2025-11-11,44.59099713821166
2025-11-12,49.84384986907364
2025-11-13,46.42991693334042
2025-11-14,35.45267570587072
2025-11-15,14.41221284263873
2025-11-16,15.201954151648412
2025-11-17,37.021886195199954
2025-11-18,42.75415486348167
2025-11-19,57.07563922283893
2025-11-20,47.58511856091452
2025-11-21,43.949533363366996
2025-11-22,19.031152357350884
2025-11-23,16.236674178524908
2025-11-24,42.50454605170524
2025-11-25,50.80514805103421
2025-11-26,53.98959724143307
2025-11-27,43.3081969013051
2025-11-28,34.68812935642908
2025-11-29,17.184678468602243
2025-11-30,17.548219150474637
2025-12-01,47.704280087277795
2025-12-02,54.48590329796795
2025-12-03,54.54181728413418
2025-12-04,48.297354532984784
2025-12-05,45.23135316199516
2025-12-06,22.80119173424972
2025-12-07,28.158013753642514
2025-12-08,52.229630907136624
2025-12-09,46.892711168229816
2025-12-10,50.48793952221693
2025-12-11,50.07305622432925
2025-12-12,49.050721103402324
2025-12-13,21.90098537229243
2025-12-14,14.316709730426354
2025-12-15,45.10754363418746
2025-12-16,50.10904437511566
2025-12-17,61.950289351651584
2025-12-18,49.399722176483635
2025-12-19,50.37269534789479
2025-12-20,24.523385050530635
2025-12-21,25.869016248724503
2025-12-22,39.5500922274313
2025-12-23,26.253739467637473
2025-12-24,15.510184448853341
2025-12-25,14.0032232791437
2025-12-26,24.284850837446864
2025-12-27,17.675505617719097
2025-12-28,23.097796267066677
2025-12-29,38.9775491833403
2025-12-30,29.28302713595442
2025-12-31,20.324082105665497
2026-01-01,9.791766337531005
2026-01-02,25.340509240268698
2026-01-03,12.953085847679038
2026-01-04,21.17816066932132
2026-01-05,33.71248664540447
2026-01-06,35.91247411382372
2026-01-07,35.06953701703995
2026-01-08,44.794314715868794
2026-01-09,42.66570933206636
2026-01-10,26.92162916217176
2026-01-11,19.618601389573918
2026-01-12,43.70365290999642
2026-01-13,50.931928122884315
2026-01-14,47.9264613725266
2026-01-15,51.0929340242529
2026-01-16,56.60335375751444
2026-01-17,39.36310425003029
2026-01-18,22.400901211234814
2026-01-19,51.39538636173948
2026-01-20,50.39433112500657
2026-01-21,57.37384978757153
2026-01-22,61.03225074298295
2026-01-23,47.33356214080814
2026-01-24,27.822522730136676
2026-01-25,25.892418916260862
2026-01-26,48.82167298589036
2026-01-27,42.47153641707323
2026-01-28,63.83656153105447
2026-01-29,51.851156545671024
2026-01-30,43.09391474934119
2026-01-31,17.574209579907862
2026-02-01,24.752132288945575
2026-02-02,50.24254005718697
2026-02-03,47.714573448537216
2026-02-04,46.31869778922567
2026-02-05,47.285339189377794
2026-02-06,43.0952270088618
2026-02-07,30.60393899596361
2026-02-08,21.022024085379222
2026-02-09,47.21509554366321
2026-02-10,51.76326856412058
2026-02-11,48.7480863274645
2026-02-12,52.25109201124762
2026-02-13,39.03090366692861
2026-02-14,20.434784248664542
2026-02-15,20.66111378086027
2026-02-16,42.85271389055304
2026-02-17,41.444757620288826
2026-02-18,43.48708866201481
2026-02-19,44.17518603923082
2026-02-20,42.884071416553944
2026-02-21,16.02081253460765
2026-02-22,19.520970646956073
2026-02-23,37.27031400376291
2026-02-24,51.69132684411461
2026-02-25,48.253262810626325
2026-02-26,51.09591021048243
2026-02-27,41.214719417301694
2026-02-28,29.14517084841495
2026-03-01,23.322198546316436
2026-03-02,44.455481179195196
2026-03-03,49.78500447651891
2026-03-04,46.82481007381119
2026-03-05,43.216662086199925
2026-03-06,40.293938206264045
2026-03-07,28.662258284364633
2026-03-08,25.907198826906054
2026-03-09,39.74576700565086
2026-03-10,45.788835704363734
2026-03-11,42.479115639377994
2026-03-12,43.04941375840304
2026-03-13,39.717475778979846
2026-03-14,31.312247154673315
2026-03-15,32.81475264125571
2026-03-16,41.84003977451616
2026-03-17,43.78673880791987
2026-03-18,42.60369111262712
2026-03-19,43.80943234357031
2026-03-20,42.57097287872536
2026-03-21,30.566037440166582
2026-03-22,33.06761490823937
2026-03-23,40.957301337797766
2026-03-24,43.23592895639051
2026-03-25,43.35345024359975
2026-03-26,42.1199407025728
2026-03-27,38.1767084920107
2026-03-28,31.459650152690905
2026-03-29,30.433476248783418
2026-03-30,36.70212310180658
2026-03-31,34.34540183965751
2026-04-01,36.493195614372766
2026-04-02,36.872205743501354
2026-04-03,33.87947521707588
2026-04-04,31.76020927356027
2026-04-05,35.035786243193165
2026-04-06,39.88174496957831
2026-04-07,46.25147905521304
2026-04-08,59.2110474302449
2026-04-09,54.6852934670982
2026-04-10,51.32877815728616
2026-04-11,43.0319025718906
2026-04-12,42.62732506049334
2026-04-13,65.05394324331593
2026-04-14,51.3609211035693
2026-04-15,51.186442076099745
2026-04-16,50.39955795555513
2026-04-17,51.37198605584447
2026-04-18,43.314588885320575
2026-04-19,46.7423669455639
2026-04-20,55.46315021745511
2026-04-21,55.02587853791428
2026-04-22,63.39379608556464
2026-04-23,57.00400062209229
2026-04-24,47.26719079353414
2026-04-25,39.209015276227866
2026-04-26,37.12284944534149
2026-04-27,42.390057908382786
2026-04-28,41.84328819080145
2026-04-29,42.018775935485415
2026-04-30,44.067431854883274
2026-05-01,34.024621491748675
2026-05-02,37.87933945948222
2026-05-03,49.309469843770884
2026-05-04,54.04188760822069
2026-05-05,59.92423756670481
2026-05-06,63.73721792452889
2026-05-07,68.38869385450835
2026-05-08,156.77463084543706
2026-05-09,80.0117168989677
2026-05-10,87.58856449926714
2026-05-11,106.69463419806522
2026-05-12,110.39352406092726
2026-05-13,84.54780296441166
2026-05-14,77.96132582724994
2026-05-15,80.3253903333619
2026-05-16,58.73078104277892
2026-05-17,63.240987738591485
2026-05-18,53.06504618986813
2026-05-19,48.901310636187695
2026-05-20,44.39556758167944
2026-05-21,45.26309145877966
2026-05-22,46.87553412903168
2026-05-23,42.47115012887906
2026-05-24,44.41429095029559
2026-05-25,46.32026827908379
2026-05-26,55.77954396749444
2026-05-27,87.49812187143857
2026-05-28,68.4501286935706
2026-05-29,57.380426568703875
2026-05-30,58.58209841180269
2026-05-31,55.724163132840395
2026-06-01,59.930289515487075
2026-06-02,57.247362696794525
2026-06-03,53.05777188350263
2026-06-04,55.44172942890952
2026-06-05,47.7217830792476
2026-06-06,41.15985309653148
2026-06-07,37.658335664982964
2026-06-08,42.57719474309884
2026-06-09,42.81839945817858
2026-06-10,40.15613998229142
2026-06-11,39.746010238903864
2026-06-12,37.08693558722277
2026-06-13,35.31014353583598
2026-06-14,34.053300017128635
2026-06-15,42.95123530068359
2026-06-16,48.69795260256494
2026-06-17,54.78503473632802
2026-06-18,58.35841978180005
2026-06-19,51.95665340975856
2026-06-20,47.02626321624197
2026-06-21,50.669729393255935
2026-06-22,57.70979668628878
2026-06-23,66.83008108169872
2026-06-24,66.17002810386585
2026-06-25,61.42087013650576
2026-06-26,57.19977498495925
2026-06-27,102.19985283836007
2026-06-28,70.28400858322019
2026-06-29,58.21925442051067
2026-06-30,55.31078887982691
2026-07-01,55.16661794440421
2026-07-02,53.71970443229762
2026-07-03,48.23249352626388
2026-07-04,43.230464602364634
2026-07-05,41.7982787074591
2026-07-06,47.118650533295735
2026-07-07,44.25946290411409
2026-07-08,48.59162767199054
2026-07-09,46.250543052378404
2026-07-10,44.41410396652599
2026-07-11,39.991455267242856
2026-07-12,41.10362588947551
2026-07-13,44.8706367055278
2026-07-14,49.96720843962716
2026-07-15,53.824180243041916
2026-07-16,63.38774095541326
2026-07-17,72.64862057814275
2026-07-18,59.52318304833089
2026-07-19,59.73753719933074
2026-07-20,69.84890205868203
2026-07-21,74.97574913548071
2026-07-22,78.44342683155747
2026-07-23,81.60030952274643
2026-07-24,83.62189955200282
2026-07-25,176.38472561242696
2026-07-26,124.02603409784987
2026-07-27,92.65835542019124
2026-07-28,84.84975513985239
2026-07-29,82.00423057612186
2026-07-30,80.87399637456477
2026-07-31,99.09816074639625
2026-08-01,85.12147606325313
2026-08-02,75.01788556932225
2026-08-03,84.17196928378723
2026-08-04,111.90346744908817
2026-08-05,85.49029751568405
2026-08-06,71.94299757862998
2026-08-07,67.4316504004257
2026-08-08,56.788061741336236
2026-08-09,53.429330389009436
2026-08-10,54.14173618455743
2026-08-11,51.329715151607914
2026-08-12,45.46814577077049
2026-08-13,45.51785474819651
2026-08-14,41.862202485013555
2026-08-15,36.292778667804704
2026-08-16,40.077606194825044
2026-08-17,44.85687195280065
2026-08-18,43.04989524579695
2026-08-19,43.13069353181142
2026-08-20,44.572757567361435
2026-08-21,42.313568105304206
2026-08-22,38.81546401887967
2026-08-23,41.03728826222409
2026-08-24,46.355185583108025
2026-08-25,50.35904857936973
2026-08-26,51.057202906474515
2026-08-27,54.4029911515414
2026-08-28,56.99062700625063
2026-08-29,46.119871045430365
2026-08-30,47.79318593103132
2026-08-31,54.03202119461528
2026-09-01,57.0354684607105
2026-09-02,57.462785428416375
2026-09-03,57.298530213094494
2026-09-04,54.19288196233784
2026-09-05,48.328330266642006
2026-09-06,45.652164398491465
2026-09-07,58.28354788031641
2026-09-08,57.141352420721184
2026-09-09,57.15224899385117
2026-09-10,57.5027055873445
2026-09-11,54.739537299620274
2026-09-12,55.13296102522557
2026-09-13,58.85077967599072
2026-09-14,63.572871990043666
2026-09-15,65.29731114476424
2026-09-16,91.89978230803145
2026-09-17,74.60905250254311
2026-09-18,60.76887768720325
2026-09-19,50.264050637274174
2026-09-20,43.64587550978385
2026-09-21,47.67473541993231
2026-09-22,42.73486450142507
2026-09-23,38.5534152901854
2026-09-24,38.191351945051125
2026-09-25,35.11581267188599
2026-09-26,28.523940675775222
2026-09-27,28.46466650358328
2026-09-28,34.66245488867745
2026-09-29,38.69036889022847
2026-09-30,40.528522831170626
2026-10-01,44.11179453251159
2026-10-02,59.217188874717024
2026-10-03,53.28724056117867
2026-10-04,60.68403983174877
2026-10-05,67.52743778361774
2026-10-06,80.96302008925285
2026-10-07,75.94477984044326
2026-10-08,71.6126786444625
